gx,gy,gz,wx,wy,wz
-0.022667,0.999076,-0.035518,0.000000,0.000000,0.000000
-0.022667,0.999076,-0.035518,0.000000,0.000000,0.000000
-0.021483,0.999048,-0.037034,0.000000,0.000000,0.000000
-0.021483,0.999048,-0.037034,0.000000,0.000000,0.000000
-0.021483,0.999048,-0.037034,0.000000,0.000000,0.000000
-0.021483,0.999048,-0.037034,0.000000,0.000000,0.000000
-0.021483,0.999048,-0.037034,0.000000,0.000000,0.000000
-0.021483,0.999048,-0.037034,0.000000,0.000000,0.000000
-0.021483,0.999048,-0.037034,0.000000,0.000000,0.000000
-0.021483,0.999048,-0.037034,0.000000,0.000000,0.000000
-0.021483,0.999048,-0.037034,0.000000,0.000000,0.000000
-0.021483,0.999048,-0.037034,0.000000,0.000000,0.000000
-0.021483,0.999048,-0.037034,0.000000,0.000000,0.000000
-0.021483,0.999048,-0.037034,0.000000,0.000000,0.000000
-0.021483,0.999048,-0.037034,0.000000,0.000000,0.000000
-0.021483,0.999048,-0.037034,0.000000,0.000000,0.000000
-0.021483,0.999048,-0.037034,0.000000,0.000000,0.000000
-0.021483,0.999048,-0.037034,0.000000,0.000000,0.000000
-0.021568,0.999072,-0.037034,0.000000,0.000000,0.000000
-0.021568,0.999072,-0.037034,0.000000,0.000000,0.000000
-0.021568,0.999072,-0.037034,0.000000,0.000000,0.000000
-0.021568,0.999072,-0.037034,0.000000,0.000000,0.000000
-0.021568,0.999072,-0.037034,0.000000,0.000000,0.000000
-0.021568,0.999072,-0.037034,0.000000,0.000000,0.000000
-0.021568,0.999072,-0.037034,0.000000,0.000000,0.000000
-0.021568,0.999072,-0.037034,0.000000,0.000000,0.000000
-0.021568,0.999072,-0.037034,0.000000,0.000000,0.000000
-0.021568,0.999072,-0.037034,0.000000,0.000000,0.000000
-0.021568,0.999072,-0.037034,0.000000,0.000000,0.000000
-0.021568,0.999072,-0.037034,0.000000,0.000000,0.000000
-0.021568,0.999072,-0.037034,0.000000,0.000000,0.000000
-0.021544,0.999156,-0.037034,0.000000,0.000000,0.000000
-0.021544,0.999156,-0.037034,0.000000,0.000000,0.000000
-0.021625,0.999132,-0.036987,0.000000,0.000000,0.000000
-0.021625,0.999132,-0.036987,0.000000,0.000000,0.000000
-0.021625,0.999132,-0.036987,0.000000,0.000000,0.000000
-0.021625,0.999132,-0.036987,0.000000,0.000000,0.000000
-0.021625,0.999132,-0.036987,0.000000,0.000000,0.000000
-0.021600,0.999051,-0.036818,0.000000,0.000000,0.000000
-0.021600,0.999051,-0.036818,0.000000,0.000000,0.000000
-0.021600,0.999051,-0.036818,0.000000,0.000000,0.000000
-0.021600,0.999051,-0.036818,0.000000,0.000000,0.000000
-0.021600,0.999051,-0.036818,0.000000,0.000000,0.000000
-0.021600,0.999051,-0.036818,0.000000,0.000000,0.000000
-0.021600,0.999051,-0.036818,0.000000,0.000000,0.000000
-0.021600,0.999051,-0.036818,0.000000,0.000000,0.000000
-0.021600,0.999051,-0.036818,0.000000,0.000000,0.000000
-0.021600,0.999051,-0.036818,0.000000,0.000000,0.000000
-0.021600,0.999051,-0.036818,0.000000,0.000000,0.000000
-0.021600,0.999051,-0.036818,0.000000,0.000000,0.000000
-0.021600,0.999051,-0.036818,0.000000,0.000000,0.000000
-0.021600,0.999051,-0.036818,0.000000,0.000000,0.000000
-0.021600,0.999051,-0.036818,0.000000,0.000000,0.000000
-0.021600,0.999051,-0.036818,0.000000,0.000000,0.000000
-0.021600,0.999051,-0.036818,0.000000,0.000000,0.000000
-0.021685,0.999074,-0.036818,0.000000,0.000000,0.000000
-0.021685,0.999074,-0.036818,0.000000,0.000000,0.000000
-0.021685,0.999074,-0.036818,0.000000,0.000000,0.000000
-0.021685,0.999074,-0.036818,0.000000,0.000000,0.000000
-0.021661,0.999159,-0.036818,0.000000,0.000000,0.000000
-0.021661,0.999159,-0.036818,0.000000,0.000000,0.000000
-0.021661,0.999159,-0.036818,0.000000,0.000000,0.000000
-0.021661,0.999159,-0.036818,0.000000,0.000000,0.000000
-0.021661,0.999159,-0.036818,0.000000,0.000000,0.000000
-0.021661,0.999159,-0.036818,0.000000,0.000000,0.000000
-0.021661,0.999159,-0.036818,0.000000,0.000000,0.000000
-0.021661,0.999159,-0.036818,0.000000,0.000000,0.000000
-0.021661,0.999159,-0.036818,0.000000,0.000000,0.000000
-0.021661,0.999159,-0.036818,0.000000,0.000000,0.000000
-0.021661,0.999159,-0.036818,0.000000,0.000000,0.000000
-0.021637,0.999078,-0.036648,0.000000,0.000000,0.000000
-0.021637,0.999078,-0.036648,0.000000,0.000000,0.000000
-0.021637,0.999078,-0.036648,0.000000,0.000000,0.000000
-0.021637,0.999078,-0.036648,0.000000,0.000000,0.000000
-0.021637,0.999078,-0.036648,0.000000,0.000000,0.000000
-0.021637,0.999078,-0.036648,0.000000,0.000000,0.000000
-0.021637,0.999078,-0.036648,0.000000,0.000000,0.000000
-0.021637,0.999078,-0.036648,0.000000,0.000000,0.000000
-0.021637,0.999078,-0.036648,0.000000,0.000000,0.000000
-0.021637,0.999078,-0.036648,0.000000,0.000000,0.000000
-0.021637,0.999078,-0.036648,0.000000,0.000000,0.000000
-0.021637,0.999078,-0.036648,0.000000,0.000000,0.000000
-0.021718,0.999053,-0.036601,0.000000,0.000000,0.000000
-0.021718,0.999053,-0.036601,0.000000,0.000000,0.000000
-0.021718,0.999053,-0.036601,0.000000,0.000000,0.000000
-0.021718,0.999053,-0.036601,0.000000,0.000000,0.000000
-0.021718,0.999053,-0.036601,0.000000,0.000000,0.000000
-0.021718,0.999053,-0.036601,0.000000,0.000000,0.000000
-0.021718,0.999053,-0.036601,0.000000,0.000000,0.000000
-0.021718,0.999053,-0.036601,0.000000,0.000000,0.000000
-0.021718,0.999053,-0.036601,0.000000,0.000000,0.000000
-0.021718,0.999053,-0.036601,0.000000,0.000000,0.000000
-0.021718,0.999053,-0.036601,0.000000,0.000000,0.000000
-0.021718,0.999053,-0.036601,0.000000,0.000000,0.000000
-0.021718,0.999053,-0.036601,0.000000,0.000000,0.000000
-0.021718,0.999053,-0.036601,0.000000,0.000000,0.000000
-0.021718,0.999053,-0.036601,0.000000,0.000000,0.000000
-0.021718,0.999053,-0.036601,0.000000,0.000000,0.000000
-0.021718,0.999053,-0.036601,0.000000,0.000000,0.000000
-0.021718,0.999053,-0.036601,0.000000,0.000000,0.000000
-0.021718,0.999053,-0.036601,0.000000,0.000000,0.000000
-0.021694,0.999138,-0.036601,0.000000,0.000000,0.000000
-0.021694,0.999138,-0.036601,0.000000,0.000000,0.000000
-0.021694,0.999138,-0.036601,0.000000,0.000000,0.000000
-0.021694,0.999138,-0.036601,0.000000,0.000000,0.000000
-0.021694,0.999138,-0.036601,0.000000,0.000000,0.000000
-0.021694,0.999138,-0.036601,0.000000,0.000000,0.000000
-0.021694,0.999138,-0.036601,0.000000,0.000000,0.000000
-0.021694,0.999138,-0.036601,0.000000,0.000000,0.000000
-0.021694,0.999138,-0.036601,0.000000,0.000000,0.000000
-0.021694,0.999138,-0.036601,0.000000,0.000000,0.000000
-0.021694,0.999138,-0.036601,0.000000,0.000000,0.000000
-0.021694,0.999138,-0.036601,0.000000,0.000000,0.000000
-0.021694,0.999138,-0.036601,0.000000,0.000000,0.000000
-0.021694,0.999138,-0.036601,0.000000,0.000000,0.000000
-0.021694,0.999138,-0.036601,0.000000,0.000000,0.000000
-0.021694,0.999138,-0.036601,0.000000,0.000000,0.000000
-0.021694,0.999138,-0.036601,0.000000,0.000000,0.000000
-0.021694,0.999138,-0.036601,0.000000,0.000000,0.000000
-0.021694,0.999138,-0.036601,0.000000,0.000000,0.000000
-0.021694,0.999138,-0.036601,0.000000,0.000000,0.000000
-0.021694,0.999138,-0.036601,0.000000,0.000000,0.000000
-0.021694,0.999138,-0.036601,0.000000,0.000000,0.000000
-0.021694,0.999138,-0.036601,0.000000,0.000000,0.000000
-0.021754,0.999081,-0.036432,0.000000,0.000000,0.000000
-0.021754,0.999081,-0.036432,0.000000,0.000000,0.000000
-0.021754,0.999081,-0.036432,0.000000,0.000000,0.000000
-0.021754,0.999081,-0.036432,0.000000,0.000000,0.000000
-0.021754,0.999081,-0.036432,0.000000,0.000000,0.000000
-0.021754,0.999081,-0.036432,0.000000,0.000000,0.000000
-0.021754,0.999081,-0.036432,0.000000,0.000000,0.000000
-0.021754,0.999081,-0.036432,0.000000,0.000000,0.000000
-0.021754,0.999081,-0.036432,0.000000,0.000000,0.000000
-0.021754,0.999081,-0.036432,0.000000,0.000000,0.000000
-0.021754,0.999081,-0.036432,0.000000,0.000000,0.000000
-0.021754,0.999081,-0.036432,0.000000,0.000000,0.000000
-0.021754,0.999081,-0.036432,0.000000,0.000000,0.000000
-0.021754,0.999081,-0.036432,0.001953,-0.001953,0.001953
-0.021754,0.999081,-0.036432,0.003906,0.001953,0.000000
-0.021694,0.999138,-0.036601,0.001953,0.001953,0.001953
-0.021694,0.999138,-0.036601,0.001953,0.000000,0.000000
-0.021694,0.999138,-0.036601,-0.001953,-0.001953,0.001953
-0.021694,0.999138,-0.036601,0.001953,0.000000,0.000000
-0.021694,0.999138,-0.036601,0.000000,0.000000,-0.001953
-0.021694,0.999138,-0.036601,-0.003906,0.000000,-0.001953
-0.021694,0.999138,-0.036601,-0.001953,0.000000,0.000000
-0.021779,0.999162,-0.036601,0.000000,0.000000,-0.003906
-0.021779,0.999162,-0.036601,0.000000,0.000000,0.000000
-0.021779,0.999162,-0.036601,0.000000,0.000000,0.001953
-0.021779,0.999162,-0.036601,0.000000,0.001953,0.000000
-0.021694,0.999138,-0.036601,0.003906,0.001953,0.000000
-0.021718,0.999053,-0.036601,0.001953,-0.001953,0.001953
-0.021718,0.999053,-0.036601,0.001953,0.000000,-0.001953
-0.021718,0.999053,-0.036601,0.000000,-0.001953,0.000000
-0.021718,0.999053,-0.036601,0.000000,0.000000,0.001953
-0.021742,0.999134,-0.036770,0.001953,0.001953,-0.001953
-0.021742,0.999134,-0.036770,0.000000,-0.001953,0.000000
-0.021742,0.999134,-0.036770,0.000000,0.000000,0.000000
-0.021766,0.999050,-0.036770,0.000000,0.000000,0.001953
-0.021766,0.999050,-0.036770,0.003906,0.001953,0.000000
-0.021766,0.999050,-0.036770,0.000000,-0.001953,0.001953
-0.021766,0.999050,-0.036770,0.000000,0.000000,0.000000
-0.021685,0.999074,-0.036818,-0.001953,-0.001953,0.000000
-0.021685,0.999074,-0.036818,0.000000,0.000000,0.000000
-0.021685,0.999074,-0.036818,0.000000,0.000000,-0.001953
-0.021685,0.999074,-0.036818,-0.001953,-0.001953,0.001953
-0.021685,0.999074,-0.036818,0.000000,0.000000,0.001953
-0.021685,0.999074,-0.036818,0.000000,-0.001953,0.000000
-0.021685,0.999074,-0.036818,0.001953,0.000000,0.001953
-0.021710,0.999155,-0.036987,0.001953,0.000000,0.000000
-0.021710,0.999155,-0.036987,-0.001953,0.000000,0.000000
-0.021710,0.999155,-0.036987,-0.001953,0.000000,-0.003906
-0.021685,0.999074,-0.036818,-0.003906,0.000000,0.001953
-0.021685,0.999074,-0.036818,0.001953,0.001953,0.000000
-0.021625,0.999132,-0.036987,0.003906,0.000000,-0.001953
-0.021649,0.999047,-0.036987,0.003906,-0.001953,-0.001953
-0.021649,0.999047,-0.036987,-0.001953,0.001953,0.001953
-0.021649,0.999047,-0.036987,0.000000,0.000000,0.000000
-0.021649,0.999047,-0.036987,0.000000,0.000000,0.000000
-0.021649,0.999047,-0.036987,-0.001953,0.000000,0.000000
-0.021649,0.999047,-0.036987,0.001953,0.000000,0.000000
-0.021649,0.999047,-0.036987,0.001953,0.000000,-0.001953
-0.021649,0.999047,-0.036987,0.000000,-0.001953,0.000000
-0.021733,0.999071,-0.036987,0.000000,0.000000,-0.001953
-0.021733,0.999071,-0.036987,0.001953,0.000000,0.000000
-0.021733,0.999071,-0.036987,0.001953,-0.001953,0.000000
-0.021733,0.999071,-0.036987,0.000000,-0.001953,0.001953
-0.021733,0.999071,-0.036987,0.000000,-0.001953,0.001953
-0.021733,0.999071,-0.036987,0.000000,-0.001953,0.001953
-0.021733,0.999071,-0.036987,0.000000,-0.001953,-0.001953
-0.021733,0.999071,-0.036987,0.001953,0.000000,0.000000
-0.021733,0.999071,-0.036987,0.001953,0.000000,0.001953
-0.021652,0.999095,-0.037034,0.001953,0.000000,0.000000
-0.021733,0.999071,-0.036987,-0.001953,0.001953,0.000000
-0.021568,0.999072,-0.037034,0.001953,0.001953,0.001953
-0.021592,0.999153,-0.037204,0.001953,-0.001953,-0.001953
-0.021616,0.999068,-0.037204,0.005859,0.000000,-0.001953
-0.021616,0.999068,-0.037204,0.001953,0.000000,0.001953
-0.021616,0.999068,-0.037204,0.005859,0.000000,0.001953
-0.021616,0.999068,-0.037204,0.001953,0.000000,0.000000
-0.021616,0.999068,-0.037204,-0.001953,0.000000,0.000000
-0.021616,0.999068,-0.037204,0.000000,0.000000,-0.001953
-0.021616,0.999068,-0.037204,-0.001953,-0.001953,-0.001953
-0.021616,0.999068,-0.037204,0.003906,0.000000,-0.001953
-0.021640,0.999149,-0.037373,0.001953,0.000000,0.000000
-0.021664,0.999064,-0.037373,0.003906,0.000000,0.000000
-0.021664,0.999064,-0.037373,0.001953,0.000000,0.000000
-0.021664,0.999064,-0.037373,0.001953,0.000000,0.001953
-0.021664,0.999064,-0.037373,0.000000,0.000000,0.000000
-0.021664,0.999064,-0.037373,-0.001953,0.001953,-0.001953
-0.021664,0.999064,-0.037373,0.000000,0.001953,-0.003906
-0.021745,0.999040,-0.037326,0.000000,-0.001953,0.001953
-0.021640,0.999149,-0.037373,-0.005859,0.000000,0.001953
-0.021616,0.999068,-0.037204,-0.001953,0.000000,-0.001953
-0.021616,0.999068,-0.037204,-0.001953,-0.001953,0.001953
-0.021616,0.999068,-0.037204,0.000000,0.000000,0.000000
-0.021616,0.999068,-0.037204,0.001953,0.000000,0.000000
-0.021697,0.999044,-0.037156,0.000000,0.001953,0.000000
-0.021697,0.999044,-0.037156,0.000000,0.000000,0.001953
-0.021697,0.999044,-0.037156,0.001953,0.000000,-0.001953
-0.021697,0.999044,-0.037156,0.000000,0.000000,-0.001953
-0.021697,0.999044,-0.037156,0.000000,-0.003906,0.001953
-0.021616,0.999068,-0.037204,0.000000,0.000000,-0.001953
-0.021697,0.999044,-0.037156,-0.001953,-0.001953,-0.001953
-0.021782,0.999067,-0.037156,-0.001953,0.000000,0.000000
-0.021782,0.999067,-0.037156,-0.001953,-0.001953,0.000000
-0.021782,0.999067,-0.037156,-0.001953,0.000000,-0.001953
-0.021782,0.999067,-0.037156,0.000000,0.000000,0.000000
-0.021782,0.999067,-0.037156,0.000000,0.000000,-0.001953
-0.021782,0.999067,-0.037156,-0.003906,0.000000,0.001953
-0.021782,0.999067,-0.037156,0.000000,0.001953,0.003906
-0.021733,0.999071,-0.036987,0.000000,0.000000,0.001953
-0.021652,0.999095,-0.037034,0.000000,-0.001953,0.001953
-0.021652,0.999095,-0.037034,0.000000,0.000000,-0.001953
-0.021652,0.999095,-0.037034,0.001953,0.000000,0.000000
-0.021700,0.999092,-0.037204,0.003906,0.000000,0.000000
-0.021700,0.999092,-0.037204,0.001953,-0.001953,0.000000
-0.021700,0.999092,-0.037204,-0.001953,-0.001953,0.000000
-0.021700,0.999092,-0.037204,0.000000,0.000000,-0.001953
-0.021700,0.999092,-0.037204,-0.001953,-0.003906,0.001953
-0.021676,0.999011,-0.037034,0.000000,0.000000,0.000000
-0.021676,0.999011,-0.037034,0.000000,0.000000,0.000000
-0.021676,0.999011,-0.037034,0.000000,0.000000,0.000000
-0.021676,0.999011,-0.037034,0.000000,0.000000,0.000000
-0.021676,0.999011,-0.037034,0.000000,0.000000,0.000000
-0.021676,0.999011,-0.037034,0.000000,0.000000,0.000000
-0.021676,0.999011,-0.037034,0.000000,0.000000,0.000000
-0.021676,0.999011,-0.037034,0.000000,0.000000,0.000000
-0.021676,0.999011,-0.037034,0.000000,0.000000,0.000000
-0.021676,0.999011,-0.037034,0.000000,0.000000,0.000000
-0.021676,0.999011,-0.037034,0.000000,0.000000,0.000000
-0.021676,0.999011,-0.037034,0.000000,0.000000,0.000000
-0.021676,0.999011,-0.037034,0.000000,0.000000,0.000000
-0.021676,0.999011,-0.037034,0.000000,0.000000,0.000000
-0.021676,0.999011,-0.037034,0.000000,0.000000,0.000000
-0.021700,0.999092,-0.037204,0.000000,0.000000,0.000000
-0.021700,0.999092,-0.037204,0.000000,0.000000,0.000000
-0.021700,0.999092,-0.037204,0.000000,0.000000,0.000000
-0.021700,0.999092,-0.037204,0.000000,0.000000,0.000000
-0.021700,0.999092,-0.037204,0.000000,0.000000,0.000000
-0.021700,0.999092,-0.037204,0.000000,0.000000,0.000000
-0.021700,0.999092,-0.037204,0.000000,0.000000,0.000000
-0.021700,0.999092,-0.037204,0.000000,0.000000,0.000000
-0.021700,0.999092,-0.037204,0.000000,0.000000,0.000000
-0.021700,0.999092,-0.037204,0.000000,0.000000,0.000000
-0.021700,0.999092,-0.037204,0.000000,0.000000,0.000000
-0.021700,0.999092,-0.037204,0.000000,0.000000,0.000000
-0.021700,0.999092,-0.037204,0.000000,0.000000,0.000000
-0.021700,0.999092,-0.037204,0.000000,0.000000,0.000000
-0.021700,0.999092,-0.037204,0.000000,0.000000,0.000000
-0.021700,0.999092,-0.037204,0.000000,0.000000,0.000000
-0.021700,0.999092,-0.037204,0.000000,0.000000,0.000000
-0.021700,0.999092,-0.037204,0.000000,0.000000,0.000000
-0.021700,0.999092,-0.037204,0.000000,0.000000,0.000000
-0.021700,0.999092,-0.037204,0.000000,0.000000,0.000000
-0.021700,0.999092,-0.037204,0.000000,0.000000,0.000000
-0.021785,0.999115,-0.037204,0.000000,0.000000,0.000000
-0.021785,0.999115,-0.037204,0.000000,0.000000,0.000000
-0.021785,0.999115,-0.037204,0.000000,0.000000,0.000000
-0.021785,0.999115,-0.037204,0.000000,0.000000,0.000000
-0.021785,0.999115,-0.037204,0.000000,0.000000,0.000000
-0.021785,0.999115,-0.037204,0.000000,0.000000,0.000000
-0.021785,0.999115,-0.037204,0.000000,0.000000,0.000000
-0.021785,0.999115,-0.037204,0.000000,0.000000,0.000000
-0.021785,0.999115,-0.037204,0.000000,0.000000,0.000000
-0.021785,0.999115,-0.037204,0.000000,0.000000,0.000000
-0.021785,0.999115,-0.037204,0.000000,0.000000,0.000000
-0.021785,0.999115,-0.037204,0.000000,0.000000,0.000000
-0.021785,0.999115,-0.037204,0.000000,0.000000,0.000000
-0.021785,0.999115,-0.037204,0.000000,0.000000,0.000000
-0.021785,0.999115,-0.037204,0.000000,0.000000,0.000000
-0.021785,0.999115,-0.037204,0.003906,-0.001953,0.000000
-0.021785,0.999115,-0.037204,-0.003906,0.000000,-0.001953
-0.021761,0.999034,-0.037034,-0.001953,0.000000,0.000000
-0.021761,0.999034,-0.037034,0.000000,0.001953,0.000000
-0.021866,0.999091,-0.037156,0.000000,0.000000,-0.001953
-0.021866,0.999091,-0.037156,0.000000,0.000000,0.000000
-0.021866,0.999091,-0.037156,0.001953,0.000000,0.000000
-0.021866,0.999091,-0.037156,0.001953,0.000000,0.000000
-0.021785,0.999115,-0.037204,0.001953,0.000000,0.000000
-0.021866,0.999091,-0.037156,-0.001953,0.001953,0.000000
-0.021700,0.999092,-0.037204,0.000000,0.000000,0.007812
-0.021700,0.999092,-0.037204,0.003906,-0.001953,0.007812
-0.021619,0.999116,-0.037251,0.001953,-0.001953,0.005859
-0.021535,0.999093,-0.037251,0.001953,-0.005859,0.007812
-0.021538,0.999141,-0.037298,0.005859,-0.005859,0.001953
-0.021562,0.999056,-0.037298,0.001953,-0.005859,-0.001953
-0.021647,0.999080,-0.037298,0.000000,-0.005859,-0.011719
-0.021812,0.999079,-0.037251,-0.003906,-0.003906,-0.019531
-0.021978,0.999078,-0.037204,-0.005859,-0.003906,-0.027344
-0.022252,0.999016,-0.037156,-0.009766,-0.001953,-0.033203
-0.022749,0.999013,-0.037014,-0.001953,0.000000,-0.048828
-0.023210,0.998983,-0.037042,0.000000,0.003906,-0.056641
-0.023921,0.998975,-0.037022,0.003906,0.001953,-0.066406
-0.024657,0.999048,-0.037172,0.001953,0.003906,-0.082031
-0.025449,0.999015,-0.037106,-0.001953,0.000000,-0.095703
-0.026540,0.999000,-0.037163,-0.001953,0.001953,-0.111328
-0.027687,0.998879,-0.037004,0.000000,0.000000,-0.128906
-0.029024,0.998836,-0.036969,-0.003906,0.000000,-0.148438
-0.030556,0.998920,-0.037104,-0.003906,-0.001953,-0.164062
-0.032248,0.998787,-0.036978,-0.005859,-0.003906,-0.175781
-0.034215,0.998755,-0.036976,-0.005859,-0.003906,-0.189453
-0.035992,0.998642,-0.036853,-0.005859,-0.005859,-0.193359
-0.037959,0.998607,-0.036856,-0.007812,-0.005859,-0.201172
-0.039986,0.998511,-0.036690,-0.003906,0.000000,-0.203125
-0.041949,0.998423,-0.036650,-0.005859,0.005859,-0.199219
-0.043832,0.998359,-0.036658,-0.007812,0.013672,-0.193359
-0.045795,0.998267,-0.036623,0.000000,0.019531,-0.187500
-0.047673,0.998151,-0.036590,0.003906,0.027344,-0.189453
-0.049491,0.998091,-0.036729,0.005859,0.025391,-0.191406
-0.051369,0.997971,-0.036701,0.003906,0.025391,-0.199219
-0.053354,0.997905,-0.036800,0.000000,0.025391,-0.208984
-0.055477,0.997752,-0.036688,-0.003906,0.025391,-0.222656
-0.057819,0.997637,-0.036749,-0.005859,0.025391,-0.240234
-0.060301,0.997552,-0.036725,-0.001953,0.025391,-0.259766
-0.062884,0.997352,-0.036662,-0.001953,0.027344,-0.277344
-0.065686,0.997188,-0.036773,-0.001953,0.025391,-0.292969
-0.068626,0.996935,-0.036676,0.001953,0.021484,-0.310547
-0.071759,0.996753,-0.036711,-0.005859,0.011719,-0.326172
-0.074949,0.996507,-0.036581,-0.007812,0.003906,-0.335938
-0.078439,0.996266,-0.036586,-0.007812,-0.003906,-0.351562
-0.081901,0.995939,-0.036426,-0.003906,-0.009766,-0.363281
-0.085581,0.995643,-0.036443,-0.005859,-0.013672,-0.369141
-0.089234,0.995377,-0.036425,-0.007812,-0.013672,-0.376953
-0.093051,0.994980,-0.036242,-0.003906,-0.013672,-0.378906
-0.096724,0.994615,-0.036238,0.001953,-0.013672,-0.375000
-0.100402,0.994291,-0.036281,-0.005859,-0.015625,-0.373047
-0.104111,0.993938,-0.036120,-0.009766,-0.013672,-0.369141
-0.107674,0.993501,-0.036004,-0.007812,-0.011719,-0.363281
-0.111217,0.993143,-0.035895,-0.005859,-0.009766,-0.355469
-0.114613,0.992701,-0.035832,-0.005859,-0.013672,-0.347656
-0.117988,0.992340,-0.035774,0.001953,-0.015625,-0.339844
-0.121303,0.991915,-0.035760,0.000000,-0.019531,-0.332031
-0.124597,0.991571,-0.035752,-0.001953,-0.015625,-0.328125
-0.127825,0.991116,-0.035748,-0.005859,-0.017578,-0.324219
-0.131003,0.990663,-0.035578,-0.003906,-0.015625,-0.326172
-0.134296,0.990303,-0.035585,-0.001953,-0.013672,-0.330078
-0.137502,0.989918,-0.035597,-0.001953,-0.011719,-0.330078
-0.140727,0.989443,-0.035614,-0.001953,-0.005859,-0.332031
-0.143982,0.988939,-0.035427,-0.003906,-0.003906,-0.337891
-0.147364,0.988393,-0.035381,-0.005859,0.000000,-0.341797
-0.150647,0.987958,-0.035377,-0.001953,0.005859,-0.341797
-0.153941,0.987383,-0.035343,-0.003906,0.009766,-0.345703
-0.157381,0.986877,-0.035280,-0.005859,0.009766,-0.345703
-0.160759,0.986309,-0.035259,-0.007812,0.009766,-0.347656
-0.164197,0.985790,-0.035209,-0.001953,0.009766,-0.347656
-0.167683,0.985259,-0.035338,0.000000,0.009766,-0.347656
-0.171058,0.984673,-0.035336,-0.001953,0.005859,-0.347656
-0.174432,0.984082,-0.035340,-0.001953,0.007812,-0.351562
-0.177767,0.983358,-0.035145,-0.001953,0.009766,-0.349609
-0.181217,0.982723,-0.035128,-0.003906,0.013672,-0.355469
-0.184698,0.982162,-0.035291,-0.001953,0.011719,-0.359375
-0.188233,0.981532,-0.035288,-0.001953,0.009766,-0.369141
-0.191845,0.980865,-0.035260,0.001953,0.013672,-0.378906
-0.195552,0.980072,-0.035206,-0.007812,0.005859,-0.386719
-0.199342,0.979289,-0.035161,-0.003906,0.001953,-0.394531
-0.203218,0.978514,-0.035124,-0.011719,0.000000,-0.388672
-0.206896,0.977670,-0.034953,-0.009766,-0.001953,-0.388672
-0.210674,0.976999,-0.034963,-0.007812,-0.003906,-0.388672
-0.214513,0.976123,-0.034777,0.000000,-0.001953,-0.388672
-0.218233,0.975249,-0.034801,0.003906,0.001953,-0.392578
-0.222030,0.974335,-0.034804,0.000000,0.000000,-0.394531
-0.225896,0.973515,-0.034814,-0.001953,0.005859,-0.398438
-0.229689,0.972587,-0.034833,-0.003906,0.005859,-0.404297
-0.233631,0.971719,-0.034831,-0.005859,0.007812,-0.414062
-0.237749,0.970737,-0.034809,-0.007812,0.005859,-0.425781
-0.241779,0.969733,-0.034797,-0.005859,0.003906,-0.429688
-0.245947,0.968670,-0.034621,-0.001953,0.000000,-0.437500
-0.250237,0.967555,-0.034601,0.000000,-0.001953,-0.443359
-0.254448,0.966465,-0.034618,-0.001953,-0.005859,-0.453125
-0.258911,0.965223,-0.034591,-0.005859,-0.007812,-0.457031
-0.263333,0.964029,-0.034428,-0.007812,-0.011719,-0.460938
-0.267700,0.962888,-0.034449,-0.007812,-0.009766,-0.462891
-0.272194,0.961639,-0.034281,-0.009766,-0.009766,-0.462891
-0.276522,0.960401,-0.034149,-0.005859,-0.009766,-0.464844
-0.281057,0.959121,-0.034177,0.000000,-0.009766,-0.462891
-0.285391,0.957776,-0.034066,0.001953,-0.009766,-0.464844
-0.289844,0.956511,-0.034139,0.000000,-0.015625,-0.466797
-0.294258,0.955158,-0.034048,0.000000,-0.015625,-0.472656
-0.298758,0.953672,-0.033945,-0.005859,-0.017578,-0.482422
-0.307986,0.950742,-0.033749,-0.005859,-0.023438,-0.494141
-0.307986,0.950742,-0.033749,-0.005859,-0.023438,-0.494141
-0.317511,0.947598,-0.033403,-0.007812,-0.031250,-0.505859
-0.317511,0.947598,-0.033403,-0.007812,-0.031250,-0.505859
-0.322330,0.946052,-0.033335,-0.003906,-0.033203,-0.505859
-0.326945,0.944444,-0.033125,-0.007812,-0.042969,-0.505859
-0.331730,0.942845,-0.032925,-0.007812,-0.044922,-0.509766
-0.336510,0.941100,-0.032718,-0.007812,-0.046875,-0.509766
-0.341296,0.939389,-0.032541,-0.009766,-0.044922,-0.507812
-0.346020,0.937631,-0.032181,-0.011719,-0.042969,-0.500000
-0.350701,0.935975,-0.032027,-0.009766,-0.037109,-0.494141
-0.355252,0.934222,-0.031708,-0.005859,-0.025391,-0.492188
-0.364182,0.930702,-0.031593,0.000000,0.007812,-0.476562
-0.364182,0.930702,-0.031593,0.000000,0.007812,-0.476562
-0.368774,0.928973,-0.031624,-0.005859,0.011719,-0.474609
-0.373025,0.927248,-0.031684,-0.007812,0.021484,-0.474609
-0.377265,0.925600,-0.031755,-0.009766,0.027344,-0.472656
-0.381707,0.923708,-0.031633,-0.011719,0.023438,-0.470703
-0.385946,0.921953,-0.031729,-0.005859,0.023438,-0.466797
-0.390256,0.920148,-0.031822,-0.003906,0.015625,-0.468750
-0.398659,0.916532,-0.031752,-0.001953,-0.009766,-0.464844
-0.398659,0.916532,-0.031752,-0.001953,-0.009766,-0.464844
-0.403064,0.914609,-0.031545,-0.007812,-0.019531,-0.462891
-0.407152,0.912788,-0.031389,-0.005859,-0.021484,-0.453125
-0.411149,0.910953,-0.031242,-0.009766,-0.023438,-0.447266
-0.415223,0.909202,-0.031104,-0.009766,-0.021484,-0.443359
-0.419212,0.907349,-0.030976,-0.003906,-0.023438,-0.437500
-0.423122,0.905528,-0.030869,-0.001953,-0.015625,-0.431641
-0.427010,0.903739,-0.030759,0.000000,-0.011719,-0.429688
-0.430899,0.901854,-0.030659,-0.005859,-0.003906,-0.425781
-0.434659,0.900159,-0.030753,-0.005859,-0.001953,-0.425781
-0.442237,0.896427,-0.030598,-0.009766,0.005859,-0.423828
-0.442237,0.896427,-0.030598,-0.009766,0.005859,-0.423828
-0.449695,0.892698,-0.030471,-0.003906,0.013672,-0.419922
-0.449695,0.892698,-0.030471,-0.003906,0.013672,-0.419922
-0.457113,0.888880,-0.030566,0.000000,0.013672,-0.416016
-0.457113,0.888880,-0.030566,0.000000,0.013672,-0.416016
-0.464382,0.885041,-0.030523,-0.003906,0.007812,-0.414062
-0.464382,0.885041,-0.030523,-0.003906,0.007812,-0.414062
-0.471649,0.881219,-0.030525,-0.009766,0.005859,-0.416016
-0.471649,0.881219,-0.030525,-0.009766,0.005859,-0.416016
-0.478857,0.877293,-0.030387,-0.003906,0.005859,-0.417969
-0.478857,0.877293,-0.030387,-0.003906,0.005859,-0.417969
-0.482838,0.875122,-0.030405,0.000000,0.001953,-0.416016
-0.489831,0.871309,-0.030508,-0.005859,-0.001953,-0.421875
-0.489831,0.871309,-0.030508,-0.005859,-0.001953,-0.421875
-0.497132,0.867152,-0.030285,-0.003906,-0.011719,-0.423828
-0.497132,0.867152,-0.030285,-0.003906,-0.011719,-0.423828
-0.504504,0.862880,-0.030098,-0.001953,-0.013672,-0.435547
-0.504504,0.862880,-0.030098,-0.001953,-0.013672,-0.435547
-0.512092,0.858400,-0.029941,-0.007812,-0.009766,-0.451172
-0.512092,0.858400,-0.029941,-0.007812,-0.009766,-0.451172
-0.516074,0.856082,-0.029873,-0.007812,-0.005859,-0.460938
-0.523937,0.851329,-0.029771,-0.009766,0.005859,-0.470703
-0.523937,0.851329,-0.029771,-0.009766,0.005859,-0.470703
-0.527888,0.848849,-0.029735,-0.005859,0.009766,-0.478516
-0.536076,0.843638,-0.029698,-0.007812,0.013672,-0.494141
-0.536076,0.843638,-0.029698,-0.007812,0.013672,-0.494141
-0.544485,0.838253,-0.029713,-0.005859,0.005859,-0.507812
-0.544485,0.838253,-0.029713,-0.005859,0.005859,-0.507812
-0.548835,0.835339,-0.029567,-0.005859,0.001953,-0.513672
-0.552995,0.832666,-0.029607,-0.003906,-0.005859,-0.531250
-0.557330,0.829730,-0.029488,-0.003906,-0.005859,-0.531250
-0.561746,0.826781,-0.029384,-0.007812,-0.011719,-0.541016
-0.570866,0.820574,-0.029225,-0.007812,-0.011719,-0.560547
-0.570866,0.820574,-0.029225,-0.007812,-0.011719,-0.560547
-0.580044,0.814065,-0.028962,-0.009766,-0.003906,-0.576172
-0.580044,0.814065,-0.028962,-0.009766,-0.003906,-0.576172
-0.589370,0.807390,-0.028949,-0.005859,0.001953,-0.583984
-0.589370,0.807390,-0.028949,-0.005859,0.001953,-0.583984
-0.598765,0.800453,-0.028837,-0.007812,0.003906,-0.593750
-0.598765,0.800453,-0.028837,-0.007812,0.003906,-0.593750
-0.608209,0.793293,-0.028636,-0.009766,0.001953,-0.591797
-0.608209,0.793293,-0.028636,-0.009766,0.001953,-0.591797
-0.617537,0.786040,-0.028502,-0.007812,-0.003906,-0.591797
-0.617537,0.786040,-0.028502,-0.007812,-0.003906,-0.591797
-0.626717,0.778669,-0.028247,-0.001953,-0.015625,-0.587891
-0.626717,0.778669,-0.028247,-0.001953,-0.015625,-0.587891
-0.635790,0.771381,-0.028050,-0.007812,-0.021484,-0.582031
-0.635790,0.771381,-0.028050,-0.007812,-0.021484,-0.582031
-0.644564,0.763960,-0.027560,-0.005859,-0.017578,-0.578125
-0.644564,0.763960,-0.027560,-0.005859,-0.017578,-0.578125
-0.653414,0.756506,-0.027323,-0.005859,-0.009766,-0.578125
-0.653414,0.756506,-0.027323,-0.005859,-0.009766,-0.578125
-0.662046,0.749014,-0.027153,-0.005859,-0.003906,-0.576172
-0.662046,0.749014,-0.027153,-0.005859,-0.003906,-0.576172
-0.670542,0.741393,-0.027051,-0.005859,0.005859,-0.576172
-0.670542,0.741393,-0.027051,-0.005859,0.005859,-0.576172
-0.679129,0.733619,-0.027047,-0.003906,0.005859,-0.585938
-0.679129,0.733619,-0.027047,-0.003906,0.005859,-0.585938
-0.687680,0.725459,-0.026941,-0.003906,0.000000,-0.605469
-0.687680,0.725459,-0.026941,-0.003906,0.000000,-0.605469
-0.696592,0.716996,-0.026785,-0.005859,-0.005859,-0.628906
-0.696592,0.716996,-0.026785,-0.005859,-0.005859,-0.628906
-0.705987,0.707694,-0.026454,-0.009766,-0.013672,-0.646484
-0.705987,0.707694,-0.026454,-0.009766,-0.013672,-0.646484
-0.714816,0.698749,-0.026133,-0.005859,-0.009766,-0.667969
-0.714816,0.698749,-0.026133,-0.005859,-0.009766,-0.667969
-0.724288,0.689033,-0.026019,-0.007812,0.001953,-0.689453
-0.724288,0.689033,-0.026019,-0.007812,0.001953,-0.689453
-0.734226,0.678436,-0.025983,-0.009766,0.007812,-0.701172
-0.734226,0.678436,-0.025983,-0.009766,0.007812,-0.701172
-0.743312,0.668503,-0.025917,-0.013672,0.003906,-0.712891
-0.743312,0.668503,-0.025917,-0.013672,0.003906,-0.712891
-0.752817,0.657740,-0.025874,-0.001953,0.001953,-0.718750
-0.752817,0.657740,-0.025874,-0.001953,0.001953,-0.718750
-0.762276,0.646831,-0.025765,-0.001953,-0.013672,-0.734375
-0.762276,0.646831,-0.025765,-0.001953,-0.013672,-0.734375
-0.771919,0.635236,-0.025302,-0.007812,-0.029297,-0.767578
-0.771919,0.635236,-0.025302,-0.007812,-0.029297,-0.767578
-0.781667,0.623255,-0.024636,-0.013672,-0.035156,-0.792969
-0.781667,0.623255,-0.024636,-0.013672,-0.035156,-0.792969
-0.791650,0.610497,-0.023893,-0.011719,-0.027344,-0.818359
-0.791650,0.610497,-0.023893,-0.011719,-0.027344,-0.818359
-0.801594,0.597448,-0.023517,-0.007812,-0.003906,-0.830078
-0.801594,0.597448,-0.023517,-0.007812,-0.003906,-0.830078
-0.811517,0.583921,-0.023582,-0.011719,0.013672,-0.839844
-0.811517,0.583921,-0.023582,-0.011719,0.013672,-0.839844
-0.821202,0.570079,-0.023691,-0.015625,0.025391,-0.851562
-0.821202,0.570079,-0.023691,-0.015625,0.025391,-0.851562
-0.830839,0.555932,-0.023821,-0.015625,0.017578,-0.865234
-0.830839,0.555932,-0.023821,-0.015625,0.017578,-0.865234
-0.840446,0.541519,-0.023937,-0.007812,0.000000,-0.876953
-0.840446,0.541519,-0.023937,-0.007812,0.000000,-0.876953
-0.849734,0.526714,-0.023662,-0.011719,-0.013672,-0.882812
-0.849734,0.526714,-0.023662,-0.011719,-0.013672,-0.882812
-0.858917,0.511462,-0.023076,-0.009766,-0.023438,-0.890625
-0.858917,0.511462,-0.023076,-0.009766,-0.023438,-0.890625
-0.867905,0.496192,-0.022611,-0.011719,-0.027344,-0.900391
-0.867905,0.496192,-0.022611,-0.011719,-0.027344,-0.900391
-0.876792,0.480409,-0.022054,-0.011719,-0.017578,-0.910156
-0.876792,0.480409,-0.022054,-0.011719,-0.017578,-0.910156
-0.885437,0.464295,-0.021754,-0.011719,-0.009766,-0.917969
-0.885437,0.464295,-0.021754,-0.011719,-0.009766,-0.917969
-0.893825,0.447877,-0.021461,-0.011719,0.001953,-0.931641
-0.893825,0.447877,-0.021461,-0.011719,0.001953,-0.931641
-0.902072,0.431007,-0.021534,-0.017578,0.009766,-0.941406
-0.902072,0.431007,-0.021534,-0.017578,0.009766,-0.941406
-0.909957,0.414093,-0.021577,-0.013672,0.009766,-0.939453
-0.909957,0.414093,-0.021577,-0.013672,0.009766,-0.939453
-0.917781,0.396646,-0.021574,-0.007812,0.000000,-0.945312
-0.917781,0.396646,-0.021574,-0.007812,0.000000,-0.945312
-0.925004,0.379302,-0.021221,-0.005859,-0.017578,-0.945312
-0.925004,0.379302,-0.021221,-0.005859,-0.017578,-0.945312
-0.932017,0.361711,-0.020664,-0.013672,-0.031250,-0.951172
-0.932017,0.361711,-0.020664,-0.013672,-0.031250,-0.951172
-0.938811,0.343963,-0.020014,-0.021484,-0.027344,-0.947266
-0.938811,0.343963,-0.020014,-0.021484,-0.027344,-0.947266
-0.945094,0.326100,-0.019387,-0.009766,-0.013672,-0.945312
-0.945094,0.326100,-0.019387,-0.009766,-0.013672,-0.945312
-0.951195,0.307918,-0.019335,-0.005859,0.005859,-0.949219
-0.951195,0.307918,-0.019335,-0.005859,0.005859,-0.949219
-0.956877,0.289767,-0.019472,-0.017578,0.021484,-0.953125
-0.956877,0.289767,-0.019472,-0.017578,0.021484,-0.953125
-0.962237,0.271587,-0.019697,-0.019531,0.021484,-0.957031
-0.962237,0.271587,-0.019697,-0.019531,0.021484,-0.957031
-0.967179,0.253094,-0.019954,-0.011719,0.019531,-0.962891
-0.967179,0.253094,-0.019954,-0.011719,0.019531,-0.962891
-0.971933,0.234308,-0.020082,-0.001953,0.000000,-0.960938
-0.971933,0.234308,-0.020082,-0.001953,0.000000,-0.960938
-0.976283,0.215705,-0.019816,-0.007812,-0.019531,-0.958984
-0.976283,0.215705,-0.019816,-0.007812,-0.019531,-0.958984
-0.980164,0.196948,-0.019257,-0.017578,-0.025391,-0.953125
-0.980164,0.196948,-0.019257,-0.017578,-0.025391,-0.953125
-0.983818,0.178226,-0.018818,-0.013672,-0.013672,-0.947266
-0.983818,0.178226,-0.018818,-0.013672,-0.013672,-0.947266
-0.986908,0.159917,-0.018583,-0.007812,0.000000,-0.933594
-0.986908,0.159917,-0.018583,-0.007812,0.000000,-0.933594
-0.989795,0.141432,-0.018760,-0.007812,0.007812,-0.923828
-0.989795,0.141432,-0.018760,-0.007812,0.007812,-0.923828
-0.992146,0.123209,-0.018812,-0.013672,0.017578,-0.912109
-0.992146,0.123209,-0.018812,-0.013672,0.017578,-0.912109
-0.994251,0.105003,-0.019042,-0.011719,0.011719,-0.900391
-0.994251,0.105003,-0.019042,-0.011719,0.011719,-0.900391
-0.996039,0.087382,-0.019218,-0.001953,0.005859,-0.888672
-0.996039,0.087382,-0.019218,-0.001953,0.005859,-0.888672
-0.997441,0.069652,-0.019166,0.000000,-0.003906,-0.880859
-0.997441,0.069652,-0.019166,0.000000,-0.003906,-0.880859
-0.998454,0.052165,-0.018806,-0.013672,-0.015625,-0.875000
-0.998454,0.052165,-0.018806,-0.013672,-0.015625,-0.875000
-0.999244,0.034393,-0.018379,-0.011719,-0.017578,-0.873047
-0.999244,0.034393,-0.018379,-0.011719,-0.017578,-0.873047
-0.999711,0.017274,-0.018092,0.001953,-0.017578,-0.865234
-0.999711,0.017274,-0.018092,0.001953,-0.017578,-0.865234
-0.999797,0.000451,-0.017550,-0.009766,-0.017578,-0.861328
-0.999797,0.000451,-0.017550,-0.009766,-0.017578,-0.861328
-0.999701,-0.017175,-0.017278,-0.011719,-0.011719,-0.861328
-0.999701,-0.017175,-0.017278,-0.011719,-0.011719,-0.861328
-0.999269,-0.034444,-0.017079,-0.013672,-0.005859,-0.861328
-0.999269,-0.034444,-0.017079,-0.013672,-0.005859,-0.861328
-0.998529,-0.051665,-0.016951,-0.007812,-0.003906,-0.863281
-0.998529,-0.051665,-0.016951,-0.007812,-0.003906,-0.863281
-0.997475,-0.069068,-0.016829,-0.009766,-0.001953,-0.867188
-0.997475,-0.069068,-0.016829,-0.009766,-0.001953,-0.867188
-0.996119,-0.086454,-0.016716,-0.015625,0.000000,-0.873047
-0.996119,-0.086454,-0.016716,-0.015625,0.000000,-0.873047
-0.994414,-0.103894,-0.016614,-0.009766,0.000000,-0.873047
-0.994414,-0.103894,-0.016614,-0.009766,0.000000,-0.873047
-0.993489,-0.112590,-0.016549,-0.007812,-0.009766,-0.880859
-0.993489,-0.112590,-0.016549,-0.007812,-0.009766,-0.880859
-0.991347,-0.130112,-0.016448,-0.009766,-0.005859,-0.886719
-0.991347,-0.130112,-0.016448,-0.009766,-0.005859,-0.886719
-0.988931,-0.147765,-0.016310,-0.013672,-0.003906,-0.886719
-0.988931,-0.147765,-0.016310,-0.013672,-0.003906,-0.886719
-0.986148,-0.165185,-0.016097,-0.011719,-0.003906,-0.888672
-0.986148,-0.165185,-0.016097,-0.011719,-0.003906,-0.888672
-0.983041,-0.182675,-0.016048,-0.009766,-0.009766,-0.880859
-0.983041,-0.182675,-0.016048,-0.009766,-0.009766,-0.880859
-0.977862,-0.208619,-0.015577,-0.007812,-0.019531,-0.878906
-0.977862,-0.208619,-0.015577,-0.007812,-0.019531,-0.878906
-0.976044,-0.216905,-0.015314,-0.009766,-0.021484,-0.871094
-0.976044,-0.216905,-0.015314,-0.009766,-0.021484,-0.871094
-0.972095,-0.234280,-0.014985,-0.011719,-0.013672,-0.863281
-0.972095,-0.234280,-0.014985,-0.011719,-0.013672,-0.863281
-0.967769,-0.251237,-0.014616,-0.005859,-0.001953,-0.851562
-0.967769,-0.251237,-0.014616,-0.005859,-0.001953,-0.851562
-0.963354,-0.267649,-0.014515,-0.009766,0.001953,-0.839844
-0.963354,-0.267649,-0.014515,-0.009766,0.001953,-0.839844
-0.958833,-0.283791,-0.014596,-0.011719,0.003906,-0.822266
-0.958833,-0.283791,-0.014596,-0.011719,0.003906,-0.822266
-0.953982,-0.299670,-0.014577,-0.009766,0.001953,-0.810547
-0.953982,-0.299670,-0.014577,-0.009766,0.001953,-0.810547
-0.949015,-0.314884,-0.014546,-0.003906,-0.001953,-0.798828
-0.949015,-0.314884,-0.014546,-0.003906,-0.001953,-0.798828
-0.943738,-0.330263,-0.014484,-0.007812,-0.009766,-0.791016
-0.943738,-0.330263,-0.014484,-0.007812,-0.009766,-0.791016
-0.938363,-0.345222,-0.014230,-0.005859,-0.011719,-0.787109
-0.938363,-0.345222,-0.014230,-0.005859,-0.011719,-0.787109
-0.932940,-0.359758,-0.014019,-0.007812,-0.013672,-0.787109
-0.932940,-0.359758,-0.014019,-0.007812,-0.013672,-0.787109
-0.927071,-0.374777,-0.013869,-0.007812,-0.009766,-0.792969
-0.927071,-0.374777,-0.013869,-0.007812,-0.009766,-0.792969
-0.920964,-0.389529,-0.013631,-0.005859,-0.003906,-0.802734
-0.920964,-0.389529,-0.013631,-0.005859,-0.003906,-0.802734
-0.914590,-0.404159,-0.013410,-0.005859,0.003906,-0.816406
-0.914590,-0.404159,-0.013410,-0.005859,0.003906,-0.816406
-0.907772,-0.419171,-0.013405,-0.009766,0.005859,-0.833984
-0.907772,-0.419171,-0.013405,-0.009766,0.005859,-0.833984
-0.900713,-0.434297,-0.013527,-0.011719,0.001953,-0.851562
-0.900713,-0.434297,-0.013527,-0.011719,0.001953,-0.851562
-0.893217,-0.449335,-0.013419,-0.007812,-0.009766,-0.875000
-0.893217,-0.449335,-0.013419,-0.007812,-0.009766,-0.875000
-0.885103,-0.465189,-0.013295,-0.009766,-0.013672,-0.886719
-0.885103,-0.465189,-0.013295,-0.009766,-0.013672,-0.886719
-0.876680,-0.480850,-0.013092,-0.013672,-0.013672,-0.894531
-0.876680,-0.480850,-0.013092,-0.013672,-0.013672,-0.894531
-0.868034,-0.496457,-0.012928,-0.013672,-0.011719,-0.904297
-0.868034,-0.496457,-0.012928,-0.013672,-0.011719,-0.904297
-0.858631,-0.512340,-0.012559,-0.007812,-0.009766,-0.914062
-0.858631,-0.512340,-0.012559,-0.007812,-0.009766,-0.914062
-0.849083,-0.527970,-0.012368,-0.011719,-0.003906,-0.925781
-0.849083,-0.527970,-0.012368,-0.011719,-0.003906,-0.925781
-0.839143,-0.543675,-0.012354,-0.011719,0.001953,-0.927734
-0.839143,-0.543675,-0.012354,-0.011719,0.001953,-0.927734
-0.828850,-0.559303,-0.012399,-0.007812,0.001953,-0.941406
-0.828850,-0.559303,-0.012399,-0.007812,0.001953,-0.941406
-0.818124,-0.574825,-0.012380,-0.011719,-0.001953,-0.947266
-0.818124,-0.574825,-0.012380,-0.011719,-0.001953,-0.947266
-0.807035,-0.590421,-0.012434,-0.005859,-0.005859,-0.960938
-0.807035,-0.590421,-0.012434,-0.005859,-0.005859,-0.960938
-0.795554,-0.605794,-0.012314,-0.009766,-0.011719,-0.974609
-0.795554,-0.605794,-0.012314,-0.009766,-0.011719,-0.974609
-0.783558,-0.621301,-0.012169,-0.013672,-0.011719,-0.986328
-0.783558,-0.621301,-0.012169,-0.013672,-0.011719,-0.986328
-0.771267,-0.636391,-0.011964,-0.011719,-0.009766,-1.000000
-0.771267,-0.636391,-0.011964,-0.011719,-0.009766,-1.000000
-0.757977,-0.652117,-0.011806,-0.009766,-0.001953,-1.015625
-0.757977,-0.652117,-0.011806,-0.009766,-0.001953,-1.015625
-0.744486,-0.667476,-0.011849,-0.017578,0.001953,-1.033203
-0.744486,-0.667476,-0.011849,-0.017578,0.001953,-1.033203
-0.730565,-0.682751,-0.011998,-0.015625,0.001953,-1.050781
-0.730565,-0.682751,-0.011998,-0.015625,0.001953,-1.050781
-0.716114,-0.697859,-0.012014,-0.009766,-0.001953,-1.068359
-0.716114,-0.697859,-0.012014,-0.009766,-0.001953,-1.068359
-0.700528,-0.713461,-0.011914,-0.011719,-0.009766,-1.078125
-0.700528,-0.713461,-0.011914,-0.011719,-0.009766,-1.078125
-0.685239,-0.728206,-0.011967,-0.011719,-0.011719,-1.089844
-0.685239,-0.728206,-0.011967,-0.011719,-0.011719,-1.089844
-0.668948,-0.743267,-0.011908,-0.015625,-0.013672,-1.101562
-0.668948,-0.743267,-0.011908,-0.015625,-0.013672,-1.101562
-0.652203,-0.757850,-0.011622,-0.013672,-0.009766,-1.107422
-0.635562,-0.771937,-0.011614,-0.011719,-0.005859,-1.119141
-0.635562,-0.771937,-0.011614,-0.013672,-0.001953,-1.123047
-0.626414,-0.779404,-0.011556,-0.013672,-0.001953,-1.123047
-0.617589,-0.786425,-0.011726,-0.011719,0.000000,-1.126953
-0.617589,-0.786425,-0.011726,-0.011719,0.000000,-1.126953
-0.599542,-0.800238,-0.011638,-0.015625,0.007812,-1.128906
-0.599542,-0.800238,-0.011638,-0.015625,0.007812,-1.128906
-0.580880,-0.813816,-0.011767,-0.013672,0.019531,-1.121094
-0.580880,-0.813816,-0.011767,-0.013672,0.019531,-1.121094
-0.562694,-0.826536,-0.012150,-0.017578,0.025391,-1.115234
-0.562694,-0.826536,-0.012150,-0.017578,0.025391,-1.115234
-0.544159,-0.838943,-0.012539,-0.005859,0.023438,-1.105469
-0.544159,-0.838943,-0.012539,-0.005859,0.017578,-1.097656
-0.525309,-0.850824,-0.012787,-0.005859,0.017578,-1.097656
-0.515845,-0.856548,-0.012690,-0.009766,0.000000,-1.089844
-0.515845,-0.856548,-0.012690,-0.013672,-0.009766,-1.082031
-0.496929,-0.867677,-0.012679,-0.009766,-0.023438,-1.076172
-0.487553,-0.873038,-0.012765,-0.013672,-0.029297,-1.066406
-0.469026,-0.883094,-0.012519,-0.007812,-0.029297,-1.060547
-0.469026,-0.883094,-0.012519,-0.009766,-0.033203,-1.046875
-0.459150,-0.888250,-0.012295,-0.009766,-0.031250,-1.039062
-0.449899,-0.893024,-0.012172,-0.007812,-0.029297,-1.029297
-0.440505,-0.897717,-0.012108,-0.005859,-0.023438,-1.025391
-0.422017,-0.906507,-0.011859,-0.009766,-0.017578,-1.015625
-0.422017,-0.906507,-0.011859,-0.009766,-0.017578,-1.015625
-0.412760,-0.910730,-0.011742,-0.009766,-0.009766,-1.005859
-0.394079,-0.918957,-0.011598,-0.011719,-0.007812,-0.998047
-0.384896,-0.922888,-0.011647,-0.011719,-0.005859,-0.994141
-0.384896,-0.922888,-0.011647,-0.011719,-0.005859,-0.994141
-0.366930,-0.930224,-0.011744,-0.013672,-0.005859,-0.976562
-0.357745,-0.933733,-0.011633,-0.009766,-0.007812,-0.968750
-0.357745,-0.933733,-0.011633,-0.009766,-0.005859,-0.960938
-0.348200,-0.937427,-0.011733,-0.009766,-0.005859,-0.953125
-0.330130,-0.943872,-0.011598,-0.007812,-0.005859,-0.941406
-0.321093,-0.946972,-0.011602,-0.007812,-0.005859,-0.945312
-0.312051,-0.949944,-0.011495,-0.009766,-0.005859,-0.937500
-0.303498,-0.952710,-0.011493,-0.011719,-0.009766,-0.931641
-0.294169,-0.955697,-0.011493,-0.005859,-0.009766,-0.931641
-0.285176,-0.958420,-0.011367,-0.005859,-0.011719,-0.931641
-0.276136,-0.961021,-0.011287,-0.009766,-0.017578,-0.935547
-0.267071,-0.963665,-0.011412,-0.007812,-0.015625,-0.935547
-0.257933,-0.966084,-0.011196,-0.009766,-0.015625,-0.939453
-0.257933,-0.966084,-0.011196,-0.005859,-0.017578,-0.941406
-0.239742,-0.970776,-0.011132,-0.009766,-0.021484,-0.953125
-0.230110,-0.973096,-0.011019,-0.007812,-0.017578,-0.960938
-0.220518,-0.975302,-0.011024,-0.013672,-0.017578,-0.966797
-0.220518,-0.975302,-0.011024,-0.011719,-0.017578,-0.972656
-0.201397,-0.979455,-0.011024,-0.011719,-0.013672,-0.982422
-0.191592,-0.981370,-0.010956,-0.015625,-0.011719,-0.988281
-0.191592,-0.981370,-0.010956,-0.015625,-0.011719,-0.988281
-0.182155,-0.983202,-0.010901,-0.009766,-0.003906,-0.998047
-0.161924,-0.986754,-0.011002,-0.015625,-0.001953,-1.003906
-0.151957,-0.988255,-0.010978,-0.013672,-0.001953,-1.003906
-0.141830,-0.989883,-0.011110,-0.013672,0.001953,-1.001953
-0.131598,-0.991275,-0.011074,-0.013672,0.001953,-1.003906
-0.121794,-0.992528,-0.011099,-0.007812,0.003906,-1.003906
-0.111788,-0.993661,-0.011117,-0.007812,0.001953,-1.001953
-0.101638,-0.994787,-0.011074,-0.005859,0.001953,-1.001953
-0.091641,-0.995734,-0.011030,-0.011719,0.000000,-1.000000
-0.081638,-0.996584,-0.010982,-0.015625,-0.003906,-0.996094
-0.071585,-0.997385,-0.011150,-0.013672,-0.003906,-0.994141
-0.061927,-0.998041,-0.011143,-0.013672,-0.007812,-0.992188
-0.051991,-0.998550,-0.011082,-0.009766,-0.005859,-0.988281
-0.041532,-0.999105,-0.011088,-0.009766,-0.007812,-0.988281
-0.031566,-0.999429,-0.011131,-0.005859,-0.009766,-0.984375
-0.021646,-0.999705,-0.011059,-0.005859,-0.009766,-0.984375
-0.011807,-0.999907,-0.011038,-0.013672,-0.013672,-0.986328
-0.001754,-0.999895,-0.011020,-0.007812,-0.013672,-0.988281
0.008063,-0.999917,-0.010933,-0.011719,-0.015625,-0.992188
0.008063,-0.999917,-0.010933,-0.011719,-0.015625,-0.992188
0.017842,-0.999701,-0.010897,-0.007812,-0.017578,-0.996094
0.038251,-0.999192,-0.010924,-0.007812,-0.023438,-1.000000
0.048737,-0.998811,-0.011040,-0.009766,-0.025391,-1.003906
0.058669,-0.998179,-0.010960,-0.011719,-0.025391,-1.011719
0.068956,-0.997568,-0.011020,-0.013672,-0.029297,-1.019531
0.079234,-0.996739,-0.010968,-0.011719,-0.035156,-1.029297
0.089615,-0.995911,-0.011103,-0.013672,-0.037109,-1.037109
0.100050,-0.994966,-0.011127,-0.013672,-0.037109,-1.044922
0.110680,-0.993743,-0.011136,-0.017578,-0.029297,-1.050781
0.120791,-0.992623,-0.011351,-0.019531,-0.027344,-1.056641
0.131549,-0.991243,-0.011310,-0.015625,-0.017578,-1.058594
0.142346,-0.989800,-0.011500,-0.017578,-0.013672,-1.058594
0.152996,-0.988166,-0.011446,-0.017578,-0.005859,-1.064453
0.163487,-0.986403,-0.011483,-0.015625,-0.001953,-1.062500
0.174204,-0.984671,-0.011546,-0.011719,0.001953,-1.058594
0.184731,-0.982731,-0.011529,-0.017578,0.005859,-1.058594
0.194837,-0.980797,-0.011658,-0.013672,0.007812,-1.054688
0.205523,-0.978643,-0.011723,-0.015625,0.007812,-1.052734
0.215915,-0.976355,-0.011704,-0.013672,0.007812,-1.050781
0.226348,-0.973946,-0.011571,-0.011719,0.001953,-1.046875
0.236550,-0.971567,-0.011691,-0.017578,0.000000,-1.041016
0.236550,-0.971567,-0.011691,-0.017578,0.000000,-1.041016
0.246376,-0.969097,-0.011746,-0.017578,-0.009766,-1.029297
0.267154,-0.963588,-0.011798,-0.011719,-0.007812,-1.027344
0.276906,-0.960883,-0.011842,-0.013672,-0.009766,-1.019531
0.286726,-0.957963,-0.011894,-0.017578,-0.005859,-1.011719
0.296339,-0.954984,-0.011870,-0.013672,-0.003906,-1.005859
0.305599,-0.952094,-0.011937,-0.011719,0.000000,-0.994141
0.315356,-0.948907,-0.011993,-0.013672,-0.003906,-0.986328
0.324966,-0.945670,-0.011930,-0.009766,-0.003906,-0.972656
0.334231,-0.942441,-0.011954,-0.007812,-0.005859,-0.968750
0.343365,-0.939125,-0.011870,-0.011719,-0.005859,-0.968750
0.352684,-0.935681,-0.011975,-0.011719,-0.009766,-0.962891
0.361699,-0.932268,-0.011987,-0.009766,-0.005859,-0.960938
0.370410,-0.928759,-0.011887,-0.011719,-0.009766,-0.966797
0.379809,-0.924985,-0.011953,-0.013672,-0.011719,-0.968750
0.388776,-0.921223,-0.012096,-0.011719,-0.017578,-0.970703
0.397919,-0.917355,-0.012091,-0.009766,-0.021484,-0.972656
0.406972,-0.913394,-0.012149,-0.011719,-0.021484,-0.976562
0.415924,-0.909297,-0.012258,-0.015625,-0.021484,-0.976562
0.424780,-0.905197,-0.012425,-0.013672,-0.017578,-0.968750
0.424780,-0.905197,-0.012425,-0.013672,-0.017578,-0.968750
0.433242,-0.901224,-0.012484,-0.013672,-0.005859,-0.960938
0.450818,-0.892588,-0.012538,-0.013672,-0.001953,-0.955078
0.459599,-0.888083,-0.012551,-0.007812,0.005859,-0.945312
0.467752,-0.883795,-0.012458,-0.009766,0.013672,-0.933594
0.476254,-0.879229,-0.012224,-0.009766,0.019531,-0.933594
0.484616,-0.874737,-0.012213,-0.005859,0.023438,-0.923828
0.492871,-0.869971,-0.011898,-0.009766,0.029297,-0.925781
0.500912,-0.865413,-0.011802,-0.011719,0.029297,-0.921875
0.508639,-0.860874,-0.011574,-0.011719,0.031250,-0.921875
0.516914,-0.855907,-0.011386,-0.011719,0.031250,-0.914062
0.524526,-0.851341,-0.011236,-0.009766,0.027344,-0.917969
0.532668,-0.846298,-0.011131,-0.009766,0.021484,-0.912109
0.540496,-0.841278,-0.010894,-0.009766,0.013672,-0.916016
0.548258,-0.836296,-0.010871,-0.007812,0.003906,-0.916016
0.556023,-0.831073,-0.010721,-0.007812,-0.009766,-0.919922
0.563481,-0.826113,-0.010784,-0.005859,-0.017578,-0.921875
0.571614,-0.820528,-0.010916,-0.011719,-0.025391,-0.921875
0.579004,-0.815281,-0.011072,-0.017578,-0.027344,-0.927734
0.586720,-0.809649,-0.011114,-0.009766,-0.031250,-0.927734
0.586720,-0.809649,-0.011114,-0.009766,-0.031250,-0.927734
0.593993,-0.804468,-0.011350,-0.011719,-0.019531,-0.925781
0.609315,-0.792906,-0.011498,-0.011719,-0.009766,-0.923828
0.616646,-0.787162,-0.011530,-0.013672,-0.001953,-0.921875
0.623924,-0.781443,-0.011421,-0.007812,0.009766,-0.917969
0.631018,-0.775746,-0.011342,-0.011719,0.017578,-0.910156
0.638187,-0.769804,-0.011143,-0.009766,0.021484,-0.910156
0.645258,-0.763879,-0.010973,-0.009766,0.021484,-0.904297
0.652153,-0.758066,-0.010829,-0.011719,0.013672,-0.898438
0.658624,-0.752345,-0.010693,-0.011719,0.005859,-0.892578
0.665727,-0.746094,-0.010690,-0.007812,-0.005859,-0.890625
0.672137,-0.740359,-0.010648,-0.009766,-0.015625,-0.886719
0.678943,-0.734113,-0.010714,-0.007812,-0.023438,-0.884766
0.685479,-0.727905,-0.010805,-0.007812,-0.029297,-0.884766
0.691997,-0.721755,-0.010939,-0.007812,-0.031250,-0.886719
0.698477,-0.715490,-0.011114,-0.011719,-0.031250,-0.884766
0.704785,-0.709345,-0.011312,-0.011719,-0.025391,-0.886719
0.711198,-0.702935,-0.011571,-0.013672,-0.017578,-0.886719
0.717353,-0.696555,-0.011484,-0.009766,-0.007812,-0.892578
0.723391,-0.690366,-0.011585,-0.007812,-0.001953,-0.892578
0.723391,-0.690366,-0.011585,-0.001953,0.009766,-0.898438
0.736001,-0.676876,-0.011164,-0.007812,0.011719,-0.898438
0.742264,-0.670013,-0.011115,-0.005859,0.013672,-0.904297
0.748374,-0.663111,-0.010912,-0.007812,0.013672,-0.912109
0.754400,-0.656321,-0.010723,-0.005859,0.015625,-0.912109
0.760447,-0.649363,-0.010601,-0.007812,0.011719,-0.917969
0.766457,-0.642170,-0.010379,-0.011719,0.005859,-0.923828
0.772475,-0.634928,-0.010371,-0.013672,0.003906,-0.923828
0.778388,-0.627759,-0.010405,-0.013672,-0.001953,-0.931641
0.784260,-0.620355,-0.010344,-0.015625,-0.003906,-0.933594
0.790017,-0.612896,-0.010295,-0.011719,-0.009766,-0.933594
0.795727,-0.605575,-0.010460,-0.015625,-0.007812,-0.933594
0.801478,-0.598004,-0.010531,-0.009766,-0.011719,-0.929688
0.807050,-0.590359,-0.010477,-0.007812,-0.009766,-0.927734
0.812337,-0.583216,-0.010534,-0.003906,-0.007812,-0.927734
0.817717,-0.575516,-0.010362,-0.003906,-0.007812,-0.927734
0.823297,-0.567427,-0.010344,-0.007812,-0.005859,-0.929688
0.828578,-0.559757,-0.010432,-0.005859,-0.005859,-0.931641
0.833910,-0.551921,-0.010433,-0.007812,-0.005859,-0.939453
0.839100,-0.543995,-0.010479,-0.009766,-0.009766,-0.945312
0.839100,-0.543995,-0.010479,-0.009766,-0.011719,-0.953125
0.849228,-0.527985,-0.010499,-0.009766,-0.015625,-0.955078
0.854389,-0.519530,-0.010595,-0.009766,-0.017578,-0.960938
0.859385,-0.511216,-0.010699,-0.011719,-0.023438,-0.970703
0.864256,-0.502899,-0.010850,-0.007812,-0.027344,-0.968750
0.869049,-0.494705,-0.011005,-0.009766,-0.029297,-0.970703
0.874096,-0.485655,-0.011261,-0.009766,-0.029297,-0.974609
0.878878,-0.477000,-0.011481,-0.005859,-0.027344,-0.988281
0.883592,-0.468071,-0.011584,-0.005859,-0.023438,-0.994141
0.888226,-0.459266,-0.011693,-0.009766,-0.015625,-1.000000
0.892753,-0.450379,-0.011685,-0.009766,-0.011719,-1.005859
0.897100,-0.441678,-0.011796,-0.015625,-0.003906,-1.013672
0.901593,-0.432473,-0.011720,-0.015625,0.000000,-1.021484
0.905949,-0.423149,-0.011580,-0.009766,0.003906,-1.025391
0.910650,-0.413054,-0.011533,-0.011719,0.003906,-1.031250
0.914766,-0.403774,-0.011450,-0.009766,-0.001953,-1.031250
0.918836,-0.394473,-0.011420,-0.009766,-0.003906,-1.033203
0.923074,-0.384452,-0.011491,-0.009766,-0.007812,-1.039062
0.926797,-0.375376,-0.011457,-0.009766,-0.009766,-1.039062
0.930629,-0.365646,-0.011474,-0.011719,-0.017578,-1.039062
0.934477,-0.355995,-0.011766,-0.013672,-0.023438,-1.044922
0.938085,-0.346050,-0.011784,-0.011719,-0.025391,-1.052734
0.941963,-0.335600,-0.012092,-0.009766,-0.021484,-1.060547
0.945279,-0.326009,-0.012049,-0.007812,-0.013672,-1.070312
0.948820,-0.315709,-0.012193,-0.011719,-0.011719,-1.082031
0.952318,-0.304763,-0.012195,-0.021484,-0.003906,-1.093750
0.955532,-0.294694,-0.012215,-0.015625,0.001953,-1.111328
0.958770,-0.283918,-0.012116,-0.009766,0.007812,-1.125000
0.961944,-0.273080,-0.012017,-0.011719,0.011719,-1.136719
0.964992,-0.261902,-0.011786,-0.013672,0.009766,-1.152344
0.968199,-0.249797,-0.011563,-0.011719,0.007812,-1.164062
0.970854,-0.239371,-0.011462,-0.011719,0.005859,-1.173828
0.973586,-0.227782,-0.011339,-0.019531,0.000000,-1.181641
0.976335,-0.216077,-0.011515,-0.015625,-0.001953,-1.193359
0.978778,-0.204440,-0.011375,-0.013672,-0.005859,-1.195312
0.981188,-0.192759,-0.011463,-0.019531,-0.011719,-1.203125
0.983492,-0.180630,-0.011447,-0.011719,-0.013672,-1.205078
0.985574,-0.168829,-0.011521,-0.013672,-0.017578,-1.212891
0.987596,-0.156865,-0.011738,-0.021484,-0.015625,-1.212891
0.989431,-0.144409,-0.011705,-0.013672,-0.011719,-1.216797
0.991099,-0.132633,-0.011764,-0.015625,-0.011719,-1.220703
0.992705,-0.120000,-0.011884,-0.015625,-0.009766,-1.224609
0.994117,-0.108080,-0.011932,-0.013672,-0.009766,-1.230469
0.995467,-0.095262,-0.011973,-0.015625,-0.005859,-1.230469
0.996413,-0.083504,-0.011856,-0.017578,-0.005859,-1.230469
0.997396,-0.071125,-0.011817,-0.013672,-0.001953,-1.236328
0.998218,-0.058736,-0.011774,-0.017578,-0.001953,-1.238281
0.998812,-0.046339,-0.011654,-0.013672,-0.001953,-1.234375
0.999414,-0.033361,-0.011704,-0.011719,-0.003906,-1.234375
0.999767,-0.021770,-0.011710,-0.011719,-0.005859,-1.234375
0.999938,-0.009522,-0.011733,-0.011719,-0.009766,-1.230469
0.999916,0.003230,-0.011698,-0.011719,-0.011719,-1.232422
0.999783,0.015478,-0.011722,-0.005859,-0.013672,-1.228516
0.999607,0.027843,-0.011821,-0.007812,-0.013672,-1.228516
0.999093,0.039850,-0.011820,-0.017578,-0.011719,-1.228516
0.998525,0.052441,-0.011770,-0.013672,-0.009766,-1.220703
0.997811,0.064750,-0.011857,-0.019531,-0.013672,-1.226562
0.996953,0.076858,-0.011928,-0.017578,-0.013672,-1.224609
0.995966,0.089270,-0.012016,-0.013672,-0.015625,-1.222656
0.994801,0.101510,-0.012179,-0.009766,-0.015625,-1.220703
0.993554,0.113130,-0.012192,-0.009766,-0.019531,-1.218750
0.992009,0.125847,-0.012305,-0.009766,-0.017578,-1.218750
0.990432,0.137975,-0.012454,-0.013672,-0.017578,-1.212891
0.988546,0.150077,-0.012437,-0.019531,-0.017578,-1.214844
0.986666,0.162024,-0.012444,-0.017578,-0.017578,-1.207031
0.984725,0.173916,-0.012620,-0.019531,-0.015625,-1.203125
0.982464,0.185926,-0.012724,-0.021484,-0.015625,-1.197266
0.980289,0.197517,-0.012844,-0.019531,-0.015625,-1.189453
0.977902,0.208617,-0.012732,-0.009766,-0.015625,-1.177734
0.975279,0.220568,-0.012906,-0.009766,-0.017578,-1.169922
0.972822,0.231484,-0.013067,-0.009766,-0.017578,-1.162109
0.969892,0.242844,-0.012971,-0.011719,-0.015625,-1.158203
0.967000,0.254630,-0.013115,-0.013672,-0.013672,-1.154297
0.964118,0.265159,-0.013157,-0.017578,-0.007812,-1.152344
0.960778,0.276911,-0.013056,-0.013672,0.000000,-1.148438
0.957705,0.287370,-0.012840,-0.017578,0.005859,-1.144531
0.954207,0.298731,-0.012667,-0.013672,0.011719,-1.140625
0.950821,0.309634,-0.012515,-0.011719,0.011719,-1.138672
0.947156,0.320439,-0.012292,-0.013672,0.011719,-1.132812
0.943497,0.331277,-0.012133,-0.013672,0.005859,-1.128906
0.939668,0.341837,-0.011930,-0.009766,0.000000,-1.126953
0.935778,0.352562,-0.012034,-0.011719,-0.009766,-1.125000
0.931750,0.362858,-0.011980,-0.011719,-0.015625,-1.123047
0.927536,0.373577,-0.012078,-0.011719,-0.015625,-1.123047
0.923336,0.383893,-0.012148,-0.013672,-0.013672,-1.123047
0.919130,0.393726,-0.012070,-0.009766,-0.009766,-1.119141
0.914736,0.404022,-0.012128,-0.011719,-0.003906,-1.119141
0.910062,0.414408,-0.011987,-0.013672,0.000000,-1.115234
0.905528,0.424219,-0.011824,-0.019531,0.007812,-1.109375
0.900801,0.434095,-0.011589,-0.019531,0.011719,-1.095703
0.895938,0.443968,-0.011285,-0.011719,0.007812,-1.085938
0.891116,0.453586,-0.011297,-0.013672,0.003906,-1.076172
0.886201,0.463178,-0.011122,-0.007812,0.001953,-1.064453
0.881014,0.472998,-0.011115,-0.001953,0.000000,-1.062500
0.876145,0.481812,-0.010950,0.001953,0.001953,-1.062500
0.870890,0.491308,-0.010941,0.000000,0.005859,-1.070312
0.865685,0.500526,-0.010876,-0.007812,0.007812,-1.082031
0.860103,0.510028,-0.010740,-0.013672,0.009766,-1.091797
0.854551,0.519208,-0.010421,-0.019531,0.007812,-1.103516
0.848659,0.528790,-0.010282,-0.023438,0.005859,-1.115234
0.842315,0.538746,-0.010087,-0.013672,-0.007812,-1.128906
0.836466,0.547893,-0.010193,-0.001953,-0.013672,-1.142578
0.830182,0.557495,-0.010370,-0.001953,-0.023438,-1.158203
0.830182,0.557495,-0.010370,-0.001953,-0.023438,-1.158203
0.823573,0.567136,-0.010493,-0.015625,-0.029297,-1.187500
0.809894,0.586412,-0.010696,-0.017578,-0.029297,-1.199219
0.802888,0.595985,-0.010776,-0.017578,-0.025391,-1.210938
0.795532,0.605912,-0.010830,-0.021484,-0.017578,-1.228516
0.787978,0.615703,-0.010829,-0.017578,-0.009766,-1.242188
0.780201,0.625355,-0.010670,-0.013672,-0.001953,-1.255859
0.772220,0.635235,-0.010605,-0.011719,0.007812,-1.265625
0.764072,0.645035,-0.010391,-0.003906,0.011719,-1.277344
0.755753,0.654859,-0.010392,-0.007812,0.015625,-1.291016
0.747175,0.664484,-0.009989,-0.015625,0.023438,-1.302734
0.738481,0.674193,-0.009804,-0.011719,0.033203,-1.312500
0.729664,0.683796,-0.009350,-0.019531,0.039062,-1.324219
0.720367,0.693543,-0.008902,-0.019531,0.044922,-1.328125
0.711205,0.702940,-0.008384,-0.017578,0.046875,-1.337891
0.701708,0.712451,-0.008013,-0.009766,0.039062,-1.347656
0.691957,0.721937,-0.007738,-0.005859,0.025391,-1.343750
0.682268,0.731064,-0.007630,0.000000,0.007812,-1.347656
0.672294,0.740238,-0.007509,-0.003906,-0.011719,-1.347656
0.662170,0.749250,-0.007583,-0.003906,-0.023438,-1.351562
0.652072,0.758187,-0.007850,-0.009766,-0.037109,-1.355469
0.641779,0.766865,-0.007924,-0.013672,-0.039062,-1.359375
0.631141,0.775551,-0.008024,-0.011719,-0.041016,-1.367188
0.620646,0.784093,-0.008172,-0.017578,-0.033203,-1.367188
0.609800,0.792552,-0.008210,-0.013672,-0.023438,-1.373047
0.598919,0.800816,-0.008339,-0.009766,-0.009766,-1.371094
0.588009,0.808859,-0.008176,-0.009766,-0.003906,-1.365234
0.576756,0.816896,-0.008055,-0.007812,0.000000,-1.361328
0.565714,0.824597,-0.008074,-0.005859,0.007812,-1.359375
0.554290,0.832276,-0.007903,-0.003906,0.011719,-1.363281
0.542840,0.839755,-0.007828,-0.001953,0.009766,-1.371094
0.531351,0.847116,-0.007794,-0.011719,0.003906,-1.378906
0.531351,0.847116,-0.007794,-0.011719,0.003906,-1.378906
0.519727,0.854313,-0.007615,-0.023438,0.009766,-1.367188
0.496203,0.868220,-0.007153,-0.023438,0.015625,-1.359375
0.484337,0.874809,-0.006869,-0.011719,0.013672,-1.359375
0.472500,0.881361,-0.006828,-0.003906,0.019531,-1.343750
0.460621,0.887600,-0.006818,0.000000,0.011719,-1.335938
0.448869,0.893548,-0.006682,-0.007812,0.003906,-1.308594
0.437321,0.899254,-0.006566,-0.009766,0.001953,-1.294922
0.425619,0.904851,-0.006533,-0.015625,-0.003906,-1.273438
0.414140,0.910171,-0.006444,-0.007812,-0.009766,-1.269531
0.402494,0.915421,-0.006505,-0.001953,-0.013672,-1.265625
0.391114,0.920282,-0.006499,0.003906,-0.013672,-1.265625
0.379371,0.925222,-0.006566,0.003906,-0.011719,-1.273438
0.367557,0.930011,-0.006712,-0.007812,-0.005859,-1.283203
0.355682,0.934622,-0.006551,-0.029297,-0.003906,-1.271484
0.343778,0.939025,-0.006239,-0.035156,0.011719,-1.248047
0.332021,0.943239,-0.005927,-0.031250,0.019531,-1.224609
0.320652,0.947203,-0.005685,-0.009766,0.015625,-1.205078
0.309333,0.950954,-0.005673,0.009766,0.013672,-1.179688
0.298300,0.954470,-0.005795,0.021484,0.007812,-1.152344
0.287503,0.957776,-0.005899,0.011719,-0.007812,-1.121094
0.276918,0.960894,-0.006122,-0.007812,-0.017578,-1.097656
0.266553,0.963754,-0.005997,-0.021484,-0.033203,-1.074219
0.256293,0.966650,-0.005997,-0.021484,-0.035156,-1.052734
0.246126,0.969228,-0.005959,-0.005859,-0.037109,-1.041016
0.236111,0.971732,-0.006040,0.011719,-0.027344,-1.023438
0.226110,0.974108,-0.006264,0.011719,-0.015625,-1.015625
0.216570,0.976275,-0.006351,-0.007812,0.007812,-0.962891
0.207354,0.978289,-0.006164,-0.019531,0.021484,-0.925781
0.198555,0.980109,-0.005991,-0.023438,0.019531,-0.890625
0.189816,0.981740,-0.005763,0.000000,0.021484,-0.865234
0.181662,0.983420,-0.005925,0.005859,0.023438,-0.841797
0.173024,0.984918,-0.005938,0.015625,0.033203,-0.820312
0.165432,0.986159,-0.005975,0.013672,0.046875,-0.802734
0.157487,0.987482,-0.006085,0.005859,0.044922,-0.796875
0.149751,0.988758,-0.006130,-0.009766,0.037109,-0.794922
0.141852,0.989812,-0.005884,-0.019531,0.017578,-0.792969
0.134146,0.990953,-0.005788,-0.011719,0.000000,-0.785156
0.126213,0.991912,-0.005666,-0.005859,-0.013672,-0.787109
0.118528,0.992894,-0.005747,0.000000,-0.021484,-0.775391
0.110727,0.993746,-0.005801,0.005859,-0.023438,-0.775391
0.103172,0.994579,-0.005996,0.011719,-0.025391,-0.771484
0.095448,0.995390,-0.006163,0.001953,-0.027344,-0.773438
0.087824,0.996108,-0.006249,-0.005859,-0.039062,-0.767578
0.080218,0.996714,-0.006198,-0.011719,-0.050781,-0.769531
0.072529,0.997365,-0.006227,-0.007812,-0.060547,-0.769531
0.064893,0.997877,-0.006280,0.000000,-0.058594,-0.773438
0.057124,0.998340,-0.006472,0.000000,-0.046875,-0.777344
0.049317,0.998750,-0.006473,0.003906,-0.029297,-0.785156
0.041403,0.999143,-0.006564,-0.001953,-0.013672,-0.792969
0.033427,0.999400,-0.006469,-0.007812,-0.003906,-0.802734
0.025428,0.999707,-0.006571,-0.007812,0.000000,-0.808594
0.008901,0.999932,-0.006510,0.000000,-0.009766,-0.837891
0.008901,0.999932,-0.006510,0.000000,-0.009766,-0.837891
0.000245,0.999916,-0.006566,0.001953,-0.023438,-0.853516
-0.008055,0.999948,-0.006753,0.001953,-0.035156,-0.871094
-0.016853,0.999823,-0.006713,-0.005859,-0.039062,-0.890625
-0.025817,0.999657,-0.006662,-0.005859,-0.039062,-0.908203
-0.034884,0.999343,-0.006602,-0.009766,-0.039062,-0.927734
-0.044307,0.999062,-0.006660,-0.013672,-0.033203,-0.949219
-0.053807,0.998545,-0.006548,-0.007812,-0.023438,-0.966797
-0.063600,0.997950,-0.006561,-0.005859,-0.017578,-0.988281
-0.073721,0.997294,-0.006536,-0.005859,-0.013672,-1.003906
-0.083610,0.996490,-0.006602,-0.001953,-0.017578,-1.019531
-0.093908,0.995593,-0.006595,-0.007812,-0.015625,-1.031250
-0.104175,0.994609,-0.006512,-0.017578,-0.023438,-1.041016
-0.114591,0.993350,-0.006233,-0.019531,-0.017578,-1.044922
-0.124948,0.992147,-0.006216,-0.011719,-0.009766,-1.050781
-0.135375,0.990811,-0.006177,-0.007812,-0.003906,-1.046875
-0.145649,0.989349,-0.006231,-0.001953,0.005859,-1.050781
-0.156098,0.987735,-0.006304,0.000000,0.015625,-1.054688
-0.176992,0.984220,-0.006348,-0.009766,0.019531,-1.066406
-0.176992,0.984220,-0.006348,-0.009766,0.019531,-1.066406
-0.188016,0.982145,-0.006430,-0.015625,0.011719,-1.074219
-0.198066,0.980153,-0.006255,-0.013672,0.005859,-1.078125
-0.208743,0.977935,-0.006182,-0.011719,-0.001953,-1.087891
-0.219264,0.975639,-0.006229,-0.007812,-0.017578,-1.089844
-0.229989,0.973203,-0.006133,-0.009766,-0.023438,-1.089844
-0.240338,0.970668,-0.005981,-0.013672,-0.029297,-1.078125
-0.250674,0.968079,-0.005884,-0.019531,-0.029297,-1.068359
-0.271109,0.962545,-0.005682,-0.011719,-0.007812,-1.037109
-0.271109,0.962545,-0.005682,-0.011719,-0.007812,-1.037109
-0.290718,0.956871,-0.005747,-0.005859,0.013672,-1.007812
-0.290718,0.956871,-0.005747,-0.005859,0.013672,-1.007812
-0.300782,0.953644,-0.005705,-0.001953,0.011719,-0.994141
-0.309657,0.950852,-0.005894,-0.005859,0.005859,-0.978516
-0.328009,0.944724,-0.005808,-0.013672,-0.011719,-0.945312
-0.328009,0.944724,-0.005808,-0.013672,-0.011719,-0.945312
-0.345389,0.938427,-0.005524,-0.009766,-0.033203,-0.908203
-0.345389,0.938427,-0.005524,-0.009766,-0.033203,-0.908203
-0.361951,0.932100,-0.005334,0.003906,-0.035156,-0.867188
-0.361951,0.932100,-0.005334,0.003906,-0.035156,-0.867188
-0.377799,0.925840,-0.005352,0.000000,-0.021484,-0.837891
-0.377799,0.925840,-0.005352,0.000000,-0.021484,-0.837891
-0.385421,0.922709,-0.005334,-0.007812,-0.005859,-0.818359
-0.392945,0.919540,-0.005348,-0.007812,-0.005859,-0.818359
-0.407920,0.912947,-0.005304,-0.005859,-0.003906,-0.814453
-0.407920,0.912947,-0.005304,-0.005859,-0.003906,-0.814453
-0.415318,0.909679,-0.005418,0.000000,-0.009766,-0.810547
-0.430099,0.902783,-0.005410,-0.005859,-0.015625,-0.804688
-0.430099,0.902783,-0.005410,-0.005859,-0.015625,-0.804688
-0.437298,0.899317,-0.005287,-0.007812,-0.017578,-0.804688
-0.451600,0.892216,-0.005152,-0.001953,-0.029297,-0.800781
-0.451600,0.892216,-0.005152,-0.001953,-0.029297,-0.800781
-0.466052,0.884803,-0.004958,-0.003906,-0.037109,-0.810547
-0.466052,0.884803,-0.004958,-0.003906,-0.037109,-0.810547
-0.480373,0.877086,-0.004548,0.000000,-0.060547,-0.820312
-0.480373,0.877086,-0.004548,0.000000,-0.060547,-0.820312
-0.494804,0.868938,-0.003912,-0.009766,-0.076172,-0.837891
-0.494804,0.868938,-0.003912,-0.009766,-0.076172,-0.837891
-0.509543,0.860473,-0.003221,-0.011719,-0.083984,-0.861328
-0.509543,0.860473,-0.003221,-0.011719,-0.083984,-0.861328
-0.524744,0.851338,-0.002300,-0.017578,-0.070312,-0.875000
-0.524744,0.851338,-0.002300,-0.017578,-0.070312,-0.875000
-0.539418,0.842021,-0.001515,-0.017578,-0.023438,-0.869141
-0.539418,0.842021,-0.001515,-0.017578,-0.023438,-0.869141
-0.553954,0.832547,-0.001568,-0.011719,0.023438,-0.863281
-0.553954,0.832547,-0.001568,-0.011719,0.023438,-0.863281
-0.568048,0.822906,-0.001779,-0.013672,0.048828,-0.849609
-0.568048,0.822906,-0.001779,-0.013672,0.048828,-0.849609
-0.581897,0.813295,-0.002494,-0.007812,0.044922,-0.851562
-0.581897,0.813295,-0.002494,-0.007812,0.044922,-0.851562
-0.588976,0.808212,-0.002746,-0.001953,0.029297,-0.853516
-0.602546,0.798106,-0.002989,-0.011719,0.001953,-0.869141
-0.602546,0.798106,-0.002989,-0.011719,0.001953,-0.869141
-0.616328,0.787448,-0.002698,-0.019531,-0.023438,-0.882812
-0.616328,0.787448,-0.002698,-0.019531,-0.023438,-0.882812
-0.630391,0.776237,-0.002234,-0.013672,-0.027344,-0.898438
-0.630391,0.776237,-0.002234,-0.013672,-0.027344,-0.898438
-0.644388,0.764711,-0.002102,-0.005859,-0.017578,-0.916016
-0.644388,0.764711,-0.002102,-0.005859,-0.017578,-0.916016
-0.658560,0.752557,-0.002020,-0.013672,0.000000,-0.933594
-0.658560,0.752557,-0.002020,-0.013672,0.000000,-0.933594
-0.672524,0.740026,-0.001969,-0.013672,0.013672,-0.953125
-0.672524,0.740026,-0.001969,-0.013672,0.013672,-0.953125
-0.686626,0.726980,-0.002165,-0.017578,0.017578,-0.976562
-0.686626,0.726980,-0.002165,-0.017578,0.017578,-0.976562
-0.700896,0.713294,-0.002437,-0.013672,0.013672,-0.988281
-0.700896,0.713294,-0.002437,-0.013672,0.013672,-0.988281
-0.714989,0.699151,-0.002571,-0.015625,0.011719,-0.998047
-0.714989,0.699151,-0.002571,-0.015625,0.011719,-0.998047
-0.728941,0.684661,-0.002761,-0.013672,0.009766,-1.011719
-0.728941,0.684661,-0.002761,-0.013672,0.009766,-1.011719
-0.742679,0.669672,-0.002841,-0.009766,0.009766,-1.023438
-0.742679,0.669672,-0.002841,-0.009766,0.009766,-1.023438
-0.756268,0.654294,-0.002965,-0.011719,-0.001953,-1.039062
-0.756268,0.654294,-0.002965,-0.011719,-0.001953,-1.039062
-0.769802,0.638272,-0.002844,-0.011719,-0.011719,-1.058594
-0.769802,0.638272,-0.002844,-0.011719,-0.011719,-1.058594
-0.783372,0.621522,-0.002692,-0.017578,-0.013672,-1.076172
-0.783372,0.621522,-0.002692,-0.017578,-0.013672,-1.076172
-0.796645,0.604500,-0.002435,-0.013672,-0.007812,-1.093750
-0.796645,0.604500,-0.002435,-0.013672,-0.007812,-1.093750
-0.809782,0.586669,-0.002343,-0.009766,-0.003906,-1.109375
-0.809782,0.586669,-0.002343,-0.009766,-0.003906,-1.109375
-0.822628,0.568461,-0.002329,-0.009766,-0.005859,-1.125000
-0.822628,0.568461,-0.002329,-0.009766,-0.005859,-1.125000
-0.829070,0.559132,-0.002385,-0.013672,-0.009766,-1.136719
-0.835339,0.549764,-0.002300,-0.013672,-0.009766,-1.136719
-0.847803,0.530347,-0.002100,-0.019531,-0.015625,-1.152344
-0.847803,0.530347,-0.002100,-0.019531,-0.015625,-1.152344
-0.859816,0.510601,-0.001833,-0.009766,-0.013672,-1.156250
-0.859816,0.510601,-0.001833,-0.009766,-0.013672,-1.156250
-0.871353,0.490738,-0.001795,-0.015625,0.000000,-1.148438
-0.871353,0.490738,-0.001795,-0.015625,0.000000,-1.148438
-0.882421,0.470455,-0.001945,-0.019531,0.017578,-1.142578
-0.882421,0.470455,-0.001945,-0.019531,0.017578,-1.142578
-0.887785,0.460370,-0.002206,-0.015625,0.025391,-1.138672
-0.897889,0.440166,-0.002676,-0.007812,0.031250,-1.115234
-0.897889,0.440166,-0.002676,-0.007812,0.031250,-1.115234
-0.907435,0.420214,-0.003384,-0.007812,0.023438,-1.099609
-0.907435,0.420214,-0.003384,-0.007812,0.023438,-1.099609
-0.916355,0.400254,-0.003581,-0.011719,0.003906,-1.076172
-0.916355,0.400254,-0.003581,-0.011719,0.003906,-1.076172
-0.924739,0.380554,-0.003600,-0.011719,-0.021484,-1.056641
-0.924739,0.380554,-0.003600,-0.011719,-0.021484,-1.056641
-0.932439,0.361205,-0.003087,-0.009766,-0.039062,-1.027344
-0.932439,0.361205,-0.003087,-0.009766,-0.039062,-1.027344
-0.939761,0.341858,-0.002516,-0.005859,-0.046875,-1.003906
-0.939761,0.341858,-0.002516,-0.005859,-0.046875,-1.003906
-0.946299,0.323349,-0.001756,-0.009766,-0.042969,-0.974609
-0.946299,0.323349,-0.001756,-0.009766,-0.042969,-0.974609
-0.949308,0.314312,-0.001279,-0.009766,-0.035156,-0.958984
-0.955238,0.295910,-0.000962,-0.005859,-0.017578,-0.953125
-0.955238,0.295910,-0.000962,-0.005859,-0.017578,-0.953125
-0.960633,0.277763,-0.000873,-0.011719,-0.013672,-0.953125
-0.960633,0.277763,-0.000873,-0.011719,-0.013672,-0.953125
-0.965931,0.259059,-0.000671,-0.013672,-0.011719,-0.955078
-0.965931,0.259059,-0.000671,-0.013672,-0.011719,-0.955078
-0.970663,0.240543,-0.000693,-0.011719,0.000000,-0.960938
-0.970663,0.240543,-0.000693,-0.011719,0.000000,-0.960938
-0.975132,0.221702,-0.000808,-0.009766,0.001953,-0.958984
-0.975132,0.221702,-0.000808,-0.009766,0.001953,-0.958984
-0.979222,0.202915,-0.000955,-0.013672,0.001953,-0.955078
-0.979222,0.202915,-0.000955,-0.013672,0.001953,-0.955078
-0.982943,0.183954,-0.001066,-0.009766,0.001953,-0.955078
-0.982943,0.183954,-0.001066,-0.009766,0.001953,-0.955078
-0.986191,0.165203,-0.001068,-0.009766,-0.003906,-0.958984
-0.986191,0.165203,-0.001068,-0.009766,-0.003906,-0.958984
-0.989278,0.146077,-0.001328,-0.007812,0.001953,-0.958984
-0.989278,0.146077,-0.001328,-0.007812,0.001953,-0.958984
-0.991888,0.126861,-0.001380,-0.011719,0.005859,-0.966797
-0.991888,0.126861,-0.001380,-0.011719,0.005859,-0.966797
-0.994138,0.107887,-0.001633,-0.013672,0.007812,-0.966797
-0.994138,0.107887,-0.001633,-0.013672,0.007812,-0.966797
-0.996083,0.088265,-0.001840,-0.011719,-0.001953,-0.964844
-0.996083,0.088265,-0.001840,-0.011719,-0.001953,-0.964844
-0.997621,0.069036,-0.001935,-0.005859,-0.009766,-0.964844
-0.997621,0.069036,-0.001935,-0.005859,-0.009766,-0.964844
-0.998786,0.049545,-0.001760,-0.009766,-0.017578,-0.964844
-0.998786,0.049545,-0.001760,-0.009766,-0.017578,-0.964844
-0.999524,0.030190,-0.001463,-0.011719,-0.021484,-0.964844
-0.999524,0.030190,-0.001463,-0.011719,-0.021484,-0.964844
-0.999965,0.010753,-0.001287,-0.009766,-0.015625,-0.968750
-0.999965,0.010753,-0.001287,-0.009766,-0.015625,-0.968750
-0.999983,-0.008840,-0.001155,-0.011719,-0.009766,-0.972656
-0.999983,-0.008840,-0.001155,-0.011719,-0.009766,-0.972656
-0.999585,-0.028153,-0.001132,-0.009766,-0.001953,-0.964844
-0.999585,-0.028153,-0.001132,-0.009766,-0.001953,-0.964844
-0.998879,-0.047644,-0.001389,-0.009766,0.009766,-0.953125
-0.998879,-0.047644,-0.001389,-0.009766,0.009766,-0.953125
-0.997765,-0.066652,-0.001725,-0.007812,0.011719,-0.945312
-0.997765,-0.066652,-0.001725,-0.007812,0.011719,-0.945312
-0.996363,-0.085375,-0.002066,-0.005859,0.003906,-0.939453
-0.996363,-0.085375,-0.002066,-0.005859,0.003906,-0.939453
-0.994539,-0.104324,-0.001908,-0.009766,-0.023438,-0.939453
-0.994539,-0.104324,-0.001908,-0.009766,-0.023438,-0.939453
-0.992398,-0.123028,-0.001457,-0.011719,-0.041016,-0.941406
-0.992398,-0.123028,-0.001457,-0.011719,-0.041016,-0.941406
-0.989903,-0.141597,-0.000659,-0.013672,-0.044922,-0.937500
-0.989903,-0.141597,-0.000659,-0.013672,-0.044922,-0.937500
-0.987055,-0.160390,-0.000140,-0.011719,-0.027344,-0.931641
-0.987055,-0.160390,-0.000140,-0.011719,-0.027344,-0.931641
-0.983865,-0.178813,0.000002,-0.013672,-0.001953,-0.923828
-0.983865,-0.178813,0.000002,-0.013672,-0.001953,-0.923828
-0.980471,-0.196758,-0.000365,-0.013672,0.023438,-0.910156
-0.980471,-0.196758,-0.000365,-0.013672,0.023438,-0.910156
-0.978583,-0.205794,-0.000683,-0.009766,0.017578,-0.898438
-0.978583,-0.205794,-0.000683,-0.009766,0.017578,-0.898438
-0.974636,-0.223573,-0.001108,-0.007812,0.000000,-0.894531
-0.974636,-0.223573,-0.001108,-0.007812,0.000000,-0.894531
-0.968278,-0.249736,-0.001162,-0.011719,-0.017578,-0.890625
-0.968278,-0.249736,-0.001162,-0.011719,-0.017578,-0.890625
-0.965995,-0.258444,-0.001112,-0.015625,-0.027344,-0.892578
-0.965995,-0.258444,-0.001112,-0.015625,-0.027344,-0.892578
-0.961238,-0.275750,-0.000793,-0.009766,-0.023438,-0.894531
-0.961238,-0.275750,-0.000793,-0.009766,-0.023438,-0.894531
-0.956261,-0.292649,-0.000569,-0.013672,-0.013672,-0.886719
-0.956261,-0.292649,-0.000569,-0.013672,-0.013672,-0.886719
-0.947873,-0.318634,-0.000557,-0.013672,0.005859,-0.880859
-0.947873,-0.318634,-0.000557,-0.013672,0.005859,-0.880859
-0.945177,-0.326643,-0.000685,-0.013672,0.019531,-0.873047
-0.945177,-0.326643,-0.000685,-0.013672,0.019531,-0.873047
-0.939186,-0.343467,-0.001191,-0.013672,0.023438,-0.863281
-0.939186,-0.343467,-0.001191,-0.013672,0.023438,-0.863281
-0.933049,-0.359804,-0.001772,-0.009766,0.011719,-0.843750
-0.933049,-0.359804,-0.001772,-0.009766,0.011719,-0.843750
-0.926773,-0.375626,-0.002063,-0.009766,-0.003906,-0.835938
-0.926773,-0.375626,-0.002063,-0.009766,-0.003906,-0.835938
-0.917055,-0.398897,-0.002098,-0.003906,-0.019531,-0.822266
-0.917055,-0.398897,-0.002098,-0.003906,-0.019531,-0.822266
-0.913766,-0.406113,-0.001767,-0.007812,-0.023438,-0.816406
-0.913766,-0.406113,-0.001767,-0.007812,-0.023438,-0.816406
-0.906837,-0.421390,-0.001499,-0.011719,-0.017578,-0.812500
-0.906837,-0.421390,-0.001499,-0.011719,-0.017578,-0.812500
-0.899775,-0.436445,-0.001394,-0.007812,-0.001953,-0.806641
-0.899775,-0.436445,-0.001394,-0.007812,-0.001953,-0.806641
-0.892747,-0.450592,-0.001475,-0.007812,0.003906,-0.802734
-0.892747,-0.450592,-0.001475,-0.007812,0.003906,-0.802734
-0.885191,-0.465211,-0.001667,-0.001953,0.009766,-0.806641
-0.885191,-0.465211,-0.001667,-0.001953,0.009766,-0.806641
-0.877431,-0.479625,-0.001877,-0.009766,0.005859,-0.812500
-0.877431,-0.479625,-0.001877,-0.009766,0.005859,-0.812500
-0.865491,-0.501015,-0.002194,-0.017578,-0.001953,-0.822266
-0.865491,-0.501015,-0.002194,-0.017578,-0.001953,-0.822266
-0.861466,-0.507768,-0.002209,-0.009766,-0.011719,-0.826172
-0.861466,-0.507768,-0.002209,-0.009766,-0.011719,-0.826172
-0.848284,-0.529448,-0.002078,-0.005859,-0.013672,-0.822266
-0.848284,-0.529448,-0.002078,-0.005859,-0.013672,-0.822266
-0.843870,-0.536664,-0.002108,-0.009766,-0.013672,-0.820312
-0.843870,-0.536664,-0.002108,-0.009766,-0.013672,-0.820312
-0.834835,-0.550526,-0.001910,-0.013672,-0.011719,-0.814453
-0.834835,-0.550526,-0.001910,-0.013672,-0.011719,-0.814453
-0.825629,-0.564207,-0.001850,-0.011719,-0.011719,-0.804688
-0.825629,-0.564207,-0.001850,-0.011719,-0.011719,-0.804688
-0.816508,-0.577471,-0.001923,-0.007812,-0.009766,-0.792969
-0.816508,-0.577471,-0.001923,-0.007812,-0.009766,-0.792969
-0.807108,-0.590402,-0.001751,-0.003906,-0.011719,-0.779297
-0.807108,-0.590402,-0.001751,-0.003906,-0.011719,-0.779297
-0.797669,-0.603200,-0.001709,-0.009766,-0.011719,-0.777344
-0.797669,-0.603200,-0.001709,-0.009766,-0.011719,-0.777344
-0.788245,-0.615352,-0.001526,-0.011719,-0.009766,-0.779297
-0.788245,-0.615352,-0.001526,-0.011719,-0.009766,-0.779297
-0.778201,-0.627894,-0.001512,-0.013672,-0.003906,-0.781250
-0.778201,-0.627894,-0.001512,-0.013672,-0.003906,-0.781250
-0.768192,-0.640198,-0.001615,-0.007812,0.013672,-0.791016
-0.768192,-0.640198,-0.001615,-0.007812,0.013672,-0.791016
-0.757943,-0.652227,-0.001941,-0.005859,0.025391,-0.792969
-0.757943,-0.652227,-0.001941,-0.005859,0.025391,-0.792969
-0.747413,-0.664427,-0.002524,-0.009766,0.017578,-0.802734
-0.747413,-0.664427,-0.002524,-0.009766,0.017578,-0.802734
-0.736169,-0.676645,-0.002682,-0.009766,-0.001953,-0.814453
-0.736169,-0.676645,-0.002682,-0.009766,-0.001953,-0.814453
-0.725136,-0.688533,-0.002843,-0.005859,-0.017578,-0.830078
-0.725136,-0.688533,-0.002843,-0.005859,-0.017578,-0.830078
-0.713498,-0.700559,-0.002599,-0.007812,-0.025391,-0.849609
-0.713498,-0.700559,-0.002599,-0.007812,-0.025391,-0.849609
-0.701385,-0.712794,-0.002453,-0.009766,-0.021484,-0.876953
-0.701385,-0.712794,-0.002453,-0.009766,-0.021484,-0.876953
-0.688591,-0.725181,-0.002285,-0.011719,-0.019531,-0.902344
-0.688591,-0.725181,-0.002285,-0.011719,-0.019531,-0.902344
-0.675248,-0.737599,-0.002109,-0.011719,-0.017578,-0.929688
-0.675248,-0.737599,-0.002109,-0.011719,-0.017578,-0.929688
-0.661212,-0.750140,-0.001939,-0.009766,-0.015625,-0.964844
-0.661212,-0.750140,-0.001939,-0.009766,-0.015625,-0.964844
-0.646832,-0.762657,-0.001854,-0.007812,-0.013672,-1.001953
-0.646832,-0.762657,-0.001854,-0.007812,-0.013672,-1.001953
-0.630782,-0.775878,-0.001761,-0.013672,-0.005859,-1.031250
-0.630782,-0.775878,-0.001761,-0.013672,-0.005859,-1.031250
-0.614557,-0.788818,-0.001850,-0.017578,-0.005859,-1.064453
-0.614557,-0.788818,-0.001850,-0.017578,-0.005859,-1.064453
-0.597582,-0.801808,-0.001959,-0.017578,-0.003906,-1.080078
-0.597582,-0.801808,-0.001959,-0.015625,-0.001953,-1.091797
-0.579844,-0.814803,-0.002260,-0.015625,-0.001953,-1.091797
-0.570786,-0.821115,-0.002336,-0.013672,-0.005859,-1.103516
-0.570786,-0.821115,-0.002336,-0.013672,-0.005859,-1.103516
-0.552452,-0.833622,-0.002438,-0.017578,-0.005859,-1.103516
-0.533988,-0.845442,-0.002498,-0.019531,-0.009766,-1.105469
-0.533988,-0.845442,-0.002498,-0.017578,-0.003906,-1.105469
-0.524235,-0.851564,-0.002616,-0.013672,-0.001953,-1.103516
-0.514722,-0.857295,-0.002686,-0.009766,-0.001953,-1.103516
-0.505136,-0.863046,-0.002729,-0.009766,-0.001953,-1.103516
-0.495474,-0.868669,-0.002835,-0.011719,0.001953,-1.109375
-0.495474,-0.868669,-0.002835,-0.011719,-0.001953,-1.107422
-0.476297,-0.879263,-0.002964,-0.015625,0.000000,-1.105469
-0.466102,-0.884774,-0.003089,-0.015625,0.000000,-1.105469
-0.456073,-0.889982,-0.003214,-0.015625,0.000000,-1.113281
-0.436297,-0.899779,-0.003370,-0.015625,0.000000,-1.113281
-0.436297,-0.899779,-0.003370,-0.015625,0.000000,-1.113281
-0.425731,-0.904811,-0.003441,-0.013672,-0.003906,-1.103516
-0.425731,-0.904811,-0.003441,-0.019531,-0.001953,-1.089844
-0.405585,-0.914100,-0.003660,-0.015625,-0.001953,-1.082031
-0.395555,-0.918438,-0.003710,-0.007812,-0.003906,-1.076172
-0.385516,-0.922681,-0.003746,-0.007812,-0.003906,-1.076172
-0.375113,-0.926973,-0.003763,0.001953,-0.011719,-1.068359
-0.375113,-0.926973,-0.003763,0.001953,-0.011719,-1.068359
-0.355340,-0.934648,-0.003517,-0.007812,-0.021484,-1.076172
-0.355340,-0.934648,-0.003517,-0.017578,-0.023438,-1.078125
-0.324517,-0.945854,-0.003534,-0.021484,-0.025391,-1.087891
-0.324517,-0.945854,-0.003534,-0.021484,-0.025391,-1.087891
-0.313997,-0.949394,-0.003544,-0.013672,-0.027344,-1.097656
-0.293037,-0.956111,-0.003672,-0.005859,-0.023438,-1.101562
-0.282106,-0.959360,-0.003579,-0.011719,-0.019531,-1.109375
-0.282106,-0.959360,-0.003579,-0.011719,-0.019531,-1.109375
-0.271418,-0.962450,-0.003532,-0.015625,-0.011719,-1.117188
-0.249878,-0.968298,-0.003790,-0.011719,-0.003906,-1.117188
-0.249878,-0.968298,-0.003790,-0.017578,0.000000,-1.125000
-0.227730,-0.973764,-0.004014,-0.019531,0.003906,-1.130859
-0.216334,-0.976286,-0.004095,-0.015625,0.005859,-1.138672
-0.205054,-0.978752,-0.004148,-0.005859,0.005859,-1.140625
-0.193744,-0.980987,-0.004107,-0.009766,0.000000,-1.152344
-0.193744,-0.980987,-0.004107,-0.009766,-0.003906,-1.158203
-0.170651,-0.985312,-0.004140,-0.013672,-0.005859,-1.166016
-0.159088,-0.987319,-0.004343,-0.017578,-0.009766,-1.177734
-0.147249,-0.989088,-0.004336,-0.013672,-0.013672,-1.189453
-0.135218,-0.990882,-0.004508,-0.009766,-0.007812,-1.197266
-0.123182,-0.992352,-0.004429,-0.011719,-0.009766,-1.205078
-0.111220,-0.993722,-0.004425,-0.015625,-0.009766,-1.214844
-0.099334,-0.995039,-0.004551,-0.017578,-0.003906,-1.216797
-0.086869,-0.996225,-0.004752,-0.017578,-0.001953,-1.224609
-0.074878,-0.997257,-0.004862,-0.013672,0.000000,-1.232422
-0.062060,-0.998135,-0.004950,-0.009766,0.005859,-1.240234
-0.049232,-0.998765,-0.004956,-0.007812,0.007812,-1.253906
-0.036530,-0.999333,-0.004927,-0.011719,0.011719,-1.259766
-0.023717,-0.999716,-0.004930,-0.019531,0.007812,-1.267578
-0.011211,-0.999931,-0.005110,-0.021484,0.007812,-1.271484
0.001925,-1.000044,-0.005348,-0.021484,0.001953,-1.271484
0.014682,-0.999908,-0.005429,-0.013672,-0.005859,-1.279297
0.027686,-0.999617,-0.005458,-0.005859,-0.015625,-1.279297
0.040829,-0.999156,-0.005364,0.000000,-0.023438,-1.291016
0.053801,-0.998567,-0.005360,0.000000,-0.037109,-1.304688
0.066872,-0.997783,-0.005404,-0.007812,-0.046875,-1.314453
0.080121,-0.996777,-0.005459,-0.021484,-0.052734,-1.330078
0.093680,-0.995608,-0.005741,-0.023438,-0.054688,-1.341797
0.107285,-0.994237,-0.005916,-0.023438,-0.048828,-1.355469
0.120870,-0.992608,-0.006022,-0.021484,-0.044922,-1.365234
0.133985,-0.990940,-0.006163,-0.019531,-0.033203,-1.378906
0.148164,-0.988938,-0.006365,-0.013672,-0.017578,-1.378906
0.161513,-0.986888,-0.006528,-0.017578,-0.001953,-1.384766
0.175614,-0.984369,-0.006488,-0.023438,0.011719,-1.382812
0.189727,-0.981830,-0.006720,-0.023438,0.019531,-1.382812
0.203182,-0.979111,-0.006828,-0.019531,0.027344,-1.388672
0.217098,-0.976080,-0.006772,-0.013672,0.031250,-1.392578
0.230370,-0.973046,-0.006750,-0.013672,0.027344,-1.394531
0.244512,-0.969598,-0.006834,-0.017578,0.021484,-1.400391
0.258168,-0.966083,-0.006898,-0.017578,0.013672,-1.410156
0.272020,-0.962251,-0.006841,-0.019531,0.000000,-1.416016
0.285554,-0.958314,-0.007080,-0.023438,-0.009766,-1.414062
0.299267,-0.954143,-0.007206,-0.021484,-0.019531,-1.417969
0.312788,-0.949768,-0.007436,-0.023438,-0.025391,-1.410156
0.326328,-0.945228,-0.007599,-0.019531,-0.023438,-1.400391
0.339585,-0.940611,-0.007882,-0.021484,-0.017578,-1.382812
0.352494,-0.935814,-0.007954,-0.021484,-0.005859,-1.365234
0.365349,-0.930809,-0.007963,-0.013672,0.009766,-1.351562
0.377463,-0.925940,-0.007948,-0.013672,0.021484,-1.332031
0.390134,-0.920726,-0.007979,-0.005859,0.029297,-1.316406
0.401951,-0.915621,-0.007812,-0.007812,0.029297,-1.302734
0.414065,-0.910283,-0.007704,-0.009766,0.023438,-1.291016
0.426219,-0.904607,-0.007663,-0.013672,0.017578,-1.285156
0.437890,-0.898975,-0.007560,-0.019531,0.003906,-1.277344
0.449392,-0.893337,-0.007712,-0.019531,-0.011719,-1.263672
0.460156,-0.887748,-0.007790,-0.015625,-0.021484,-1.251953
0.471816,-0.881666,-0.008089,-0.013672,-0.031250,-1.240234
0.482688,-0.875738,-0.008140,-0.005859,-0.037109,-1.228516
0.493128,-0.869871,-0.008280,-0.003906,-0.041016,-1.220703
0.504164,-0.863551,-0.008488,-0.005859,-0.042969,-1.210938
0.514634,-0.857307,-0.008610,-0.005859,-0.042969,-1.201172
0.524906,-0.851044,-0.008810,-0.011719,-0.044922,-1.199219
0.535298,-0.844586,-0.009090,-0.009766,-0.039062,-1.205078
0.545605,-0.837905,-0.009275,-0.015625,-0.039062,-1.205078
0.555797,-0.831208,-0.009536,-0.017578,-0.031250,-1.207031
0.565790,-0.824497,-0.009869,-0.013672,-0.027344,-1.207031
0.575963,-0.817395,-0.009942,-0.009766,-0.017578,-1.207031
0.585861,-0.810328,-0.010081,-0.017578,-0.009766,-1.208984
0.595061,-0.803555,-0.010079,-0.017578,-0.003906,-1.210938
0.605062,-0.796070,-0.010199,-0.015625,0.007812,-1.208984
0.615077,-0.788327,-0.010060,-0.007812,0.011719,-1.208984
0.624594,-0.780815,-0.009954,-0.011719,0.011719,-1.210938
0.634199,-0.773060,-0.009945,-0.011719,0.009766,-1.212891
0.643231,-0.765639,-0.009957,-0.015625,0.005859,-1.218750
0.653053,-0.757274,-0.009966,-0.019531,0.001953,-1.222656
0.662361,-0.749108,-0.010010,-0.023438,-0.009766,-1.224609
0.671601,-0.740842,-0.010146,-0.019531,-0.013672,-1.224609
0.680635,-0.732579,-0.010343,-0.013672,-0.021484,-1.226562
0.689626,-0.724054,-0.010461,-0.007812,-0.025391,-1.230469
0.698631,-0.715421,-0.010677,-0.003906,-0.025391,-1.240234
0.707454,-0.706761,-0.010801,-0.005859,-0.025391,-1.251953
0.716586,-0.697441,-0.010900,-0.011719,-0.017578,-1.263672
0.725382,-0.688321,-0.011017,-0.019531,-0.009766,-1.279297
0.734334,-0.678688,-0.011090,-0.023438,-0.005859,-1.292969
0.742739,-0.669510,-0.011147,-0.025391,-0.001953,-1.308594
0.751855,-0.659334,-0.011296,-0.021484,0.003906,-1.326172
0.760832,-0.648943,-0.011365,-0.019531,0.005859,-1.333984
0.769395,-0.638653,-0.011299,-0.017578,0.001953,-1.343750
0.778053,-0.628069,-0.011179,-0.017578,0.007812,-1.345703
0.786468,-0.617457,-0.011152,-0.017578,0.007812,-1.355469
0.794887,-0.606566,-0.011077,-0.013672,0.007812,-1.359375
0.802812,-0.596132,-0.011132,-0.013672,0.005859,-1.367188
0.811276,-0.584537,-0.011005,-0.013672,0.003906,-1.373047
0.819289,-0.573259,-0.011042,-0.017578,0.003906,-1.376953
0.827232,-0.561759,-0.011003,-0.017578,0.005859,-1.382812
0.834944,-0.550328,-0.011060,-0.021484,0.005859,-1.382812
0.842503,-0.538531,-0.010873,-0.019531,0.005859,-1.382812
0.849955,-0.526762,-0.010951,-0.021484,0.001953,-1.376953
0.856996,-0.515129,-0.010873,-0.011719,0.001953,-1.373047
0.864163,-0.503139,-0.010803,-0.011719,0.001953,-1.371094
0.870838,-0.491433,-0.010699,-0.007812,0.005859,-1.365234
0.877551,-0.479392,-0.010606,-0.013672,0.007812,-1.353516
0.884251,-0.466847,-0.010534,-0.017578,0.011719,-1.349609
0.890360,-0.455159,-0.010397,-0.021484,0.013672,-1.339844
0.896454,-0.443015,-0.010323,-0.021484,0.013672,-1.328125
0.902009,-0.431594,-0.010209,-0.013672,0.013672,-1.312500
0.907815,-0.419257,-0.009978,-0.011719,0.011719,-1.298828
0.913209,-0.407290,-0.009849,-0.009766,0.007812,-1.285156
0.918516,-0.395167,-0.009694,-0.007812,0.003906,-1.267578
0.923288,-0.383867,-0.009633,-0.007812,0.001953,-1.248047
0.928091,-0.372242,-0.009591,-0.013672,-0.001953,-1.232422
0.932668,-0.360763,-0.009736,-0.011719,-0.011719,-1.214844
0.936916,-0.349362,-0.009680,-0.013672,-0.013672,-1.201172
0.941056,-0.338210,-0.009860,-0.009766,-0.017578,-1.185547
0.944950,-0.326884,-0.009891,-0.011719,-0.021484,-1.164062
0.948716,-0.315960,-0.010095,-0.009766,-0.023438,-1.150391
0.952195,-0.305411,-0.010349,-0.007812,-0.023438,-1.136719
0.955662,-0.294027,-0.010423,-0.009766,-0.023438,-1.126953
0.955662,-0.294027,-0.010423,-0.009766,-0.023438,-1.126953
0.958844,-0.283836,-0.010618,-0.005859,-0.025391,-1.111328
0.965007,-0.261968,-0.011046,-0.005859,-0.025391,-1.103516
0.968018,-0.250872,-0.011262,-0.007812,-0.029297,-1.101562
0.970754,-0.240163,-0.011508,-0.007812,-0.029297,-1.101562
0.973107,-0.229908,-0.011614,-0.005859,-0.029297,-1.103516
0.975666,-0.218658,-0.011796,-0.011719,-0.037109,-1.111328
0.978016,-0.208044,-0.012158,-0.013672,-0.037109,-1.113281
0.980463,-0.196615,-0.012539,-0.009766,-0.037109,-1.119141
0.982636,-0.185312,-0.012919,-0.015625,-0.039062,-1.121094
0.984604,-0.174254,-0.013222,-0.011719,-0.035156,-1.128906
0.986554,-0.163179,-0.013430,-0.009766,-0.027344,-1.136719
0.988344,-0.151817,-0.013617,-0.011719,-0.017578,-1.140625
0.989992,-0.140353,-0.013640,-0.017578,-0.003906,-1.146484
0.991577,-0.128990,-0.013571,-0.013672,0.007812,-1.150391
0.993026,-0.117378,-0.013411,-0.013672,0.017578,-1.154297
0.993026,-0.117378,-0.013411,-0.013672,0.017578,-1.154297
0.994230,-0.106284,-0.013089,-0.019531,0.021484,-1.162109
0.996508,-0.082493,-0.012559,-0.017578,0.019531,-1.158203
0.997445,-0.070991,-0.012355,-0.013672,0.015625,-1.158203
0.998211,-0.059405,-0.012141,-0.011719,0.011719,-1.154297
0.998791,-0.047779,-0.011995,-0.011719,0.003906,-1.150391
0.999218,-0.036727,-0.011822,-0.009766,-0.005859,-1.148438
0.999597,-0.024601,-0.011903,-0.007812,-0.013672,-1.140625
0.999897,-0.013093,-0.012110,-0.015625,-0.025391,-1.138672
0.999971,-0.001624,-0.012299,-0.013672,-0.029297,-1.134766
0.999829,0.009844,-0.012401,-0.009766,-0.031250,-1.130859
0.999746,0.020574,-0.012760,-0.009766,-0.025391,-1.132812
0.999350,0.032626,-0.012713,-0.011719,-0.017578,-1.138672
0.998971,0.044014,-0.012921,-0.017578,-0.003906,-1.140625
0.998391,0.054945,-0.012778,-0.011719,0.009766,-1.140625
0.997671,0.067036,-0.012548,-0.013672,0.019531,-1.140625
0.996855,0.077771,-0.012200,-0.017578,0.025391,-1.136719
0.995899,0.089430,-0.011832,-0.019531,0.033203,-1.130859
0.994952,0.100390,-0.011549,-0.013672,0.031250,-1.126953
0.993688,0.111717,-0.011126,-0.011719,0.031250,-1.123047
0.992255,0.123652,-0.010705,-0.005859,0.023438,-1.113281
0.990874,0.134729,-0.010465,-0.007812,0.013672,-1.101562
0.989322,0.145781,-0.010382,-0.005859,-0.003906,-1.101562
0.987727,0.156044,-0.010409,-0.007812,-0.021484,-1.097656
0.985926,0.166706,-0.010540,-0.009766,-0.037109,-1.091797
0.983948,0.177843,-0.010879,-0.005859,-0.048828,-1.093750
0.982043,0.188317,-0.011413,-0.009766,-0.058594,-1.091797
0.979860,0.199070,-0.011818,-0.013672,-0.056641,-1.089844
0.977639,0.209932,-0.012282,-0.013672,-0.054688,-1.087891
0.975286,0.220731,-0.012805,-0.011719,-0.052734,-1.087891
0.972807,0.231088,-0.013081,-0.013672,-0.050781,-1.085938
0.970108,0.242146,-0.013542,-0.009766,-0.044922,-1.080078
0.967568,0.252135,-0.013828,-0.013672,-0.037109,-1.076172
0.964708,0.263167,-0.014166,-0.013672,-0.025391,-1.076172
0.961838,0.273031,-0.014076,-0.017578,-0.013672,-1.074219
0.958878,0.283382,-0.014110,-0.011719,-0.001953,-1.070312
0.955644,0.294160,-0.014001,-0.017578,0.009766,-1.066406
0.952546,0.303940,-0.013693,-0.013672,0.017578,-1.062500
0.949116,0.314711,-0.013568,-0.009766,0.021484,-1.054688
0.945948,0.323997,-0.013182,-0.013672,0.023438,-1.056641
0.942347,0.334178,-0.012848,-0.005859,0.021484,-1.056641
0.938855,0.344095,-0.012598,-0.009766,0.017578,-1.060547
0.935186,0.353964,-0.012429,-0.011719,0.011719,-1.062500
0.931301,0.364098,-0.012270,-0.015625,0.005859,-1.064453
0.927350,0.374046,-0.012190,-0.009766,-0.003906,-1.066406
0.923253,0.383835,-0.012055,-0.013672,-0.007812,-1.070312
0.919165,0.393889,-0.012202,-0.009766,-0.013672,-1.076172
0.914726,0.403815,-0.012162,-0.011719,-0.021484,-1.080078
0.910202,0.413865,-0.012295,-0.011719,-0.025391,-1.089844
0.905622,0.423889,-0.012487,-0.011719,-0.025391,-1.095703
0.900963,0.433806,-0.012622,-0.013672,-0.021484,-1.101562
0.896109,0.443785,-0.012687,-0.017578,-0.019531,-1.103516
0.891207,0.453386,-0.012576,-0.017578,-0.009766,-1.105469
0.885922,0.463672,-0.012612,-0.013672,-0.001953,-1.111328
0.880653,0.473636,-0.012476,-0.015625,0.001953,-1.111328
0.875605,0.482966,-0.012297,-0.015625,0.011719,-1.113281
0.869839,0.493290,-0.012149,-0.013672,0.015625,-1.111328
0.864643,0.502274,-0.011847,-0.011719,0.017578,-1.113281
0.858658,0.512347,-0.011585,-0.011719,0.019531,-1.115234
0.852844,0.521972,-0.011272,-0.007812,0.019531,-1.113281
0.847122,0.531360,-0.011145,-0.009766,0.013672,-1.115234
0.841249,0.540489,-0.010832,-0.013672,0.013672,-1.123047
0.834898,0.550340,-0.010713,-0.011719,0.011719,-1.125000
0.828716,0.559418,-0.010402,-0.015625,0.007812,-1.126953
0.822176,0.569050,-0.010290,-0.013672,0.005859,-1.128906
0.815715,0.578360,-0.010238,-0.009766,0.000000,-1.134766
0.809121,0.587610,-0.010123,-0.009766,-0.001953,-1.140625
0.802288,0.596794,-0.010081,-0.009766,-0.007812,-1.146484
0.795669,0.605623,-0.010083,-0.009766,-0.011719,-1.154297
0.788528,0.615068,-0.010183,-0.009766,-0.015625,-1.164062
0.781187,0.624173,-0.010093,-0.013672,-0.023438,-1.171875
0.773943,0.633163,-0.010184,-0.013672,-0.025391,-1.177734
0.766040,0.642748,-0.010391,-0.011719,-0.029297,-1.183594
0.758258,0.651822,-0.010408,-0.011719,-0.025391,-1.187500
0.750356,0.660905,-0.010495,-0.011719,-0.013672,-1.195312
0.742660,0.669592,-0.010498,-0.013672,-0.009766,-1.195312
0.734403,0.678575,-0.010369,-0.021484,-0.001953,-1.181641
0.726508,0.687096,-0.010264,-0.025391,0.007812,-1.154297
0.718620,0.695431,-0.010090,-0.019531,0.011719,-1.134766
0.710535,0.703578,-0.009737,-0.009766,0.007812,-1.113281
0.702814,0.711213,-0.009637,-0.001953,-0.001953,-1.091797
0.695070,0.718851,-0.009704,0.009766,-0.005859,-1.078125
0.687368,0.726271,-0.009829,0.003906,-0.011719,-1.066406
0.679651,0.733489,-0.009980,-0.005859,-0.015625,-1.060547
0.672113,0.740341,-0.009981,-0.013672,-0.015625,-1.056641
0.664142,0.747573,-0.009998,-0.019531,-0.015625,-1.052734
0.656595,0.754209,-0.009962,-0.019531,-0.017578,-1.044922
0.648640,0.761059,-0.009910,-0.013672,-0.021484,-1.041016
0.640298,0.768082,-0.009987,-0.007812,-0.023438,-1.041016
0.632547,0.774457,-0.010104,-0.005859,-0.023438,-1.035156
0.624456,0.780990,-0.010210,-0.003906,-0.021484,-1.033203
0.616483,0.787341,-0.010327,-0.009766,-0.019531,-1.031250
0.608306,0.793659,-0.010295,-0.011719,-0.009766,-1.029297
0.600093,0.799849,-0.010174,-0.021484,0.003906,-1.027344
0.591879,0.805937,-0.009863,-0.019531,0.019531,-1.027344
0.583239,0.812260,-0.009603,-0.013672,0.035156,-1.027344
0.575044,0.818048,-0.009305,-0.007812,0.044922,-1.025391
0.566663,0.823844,-0.008966,-0.003906,0.046875,-1.019531
0.558411,0.829549,-0.008776,-0.007812,0.042969,-1.019531
0.549811,0.835308,-0.008453,-0.003906,0.035156,-1.019531
0.541175,0.840877,-0.008281,-0.005859,0.023438,-1.025391
0.532597,0.846314,-0.008109,-0.005859,0.011719,-1.027344
0.523917,0.851754,-0.007990,-0.011719,-0.003906,-1.031250
0.515016,0.857166,-0.007924,-0.019531,-0.013672,-1.027344
0.506129,0.862373,-0.007853,-0.011719,-0.023438,-1.027344
0.497536,0.867448,-0.008011,-0.013672,-0.027344,-1.015625
0.488596,0.872564,-0.008040,-0.015625,-0.021484,-0.998047
0.479902,0.877260,-0.007908,-0.011719,-0.001953,-0.970703
0.471542,0.881773,-0.007760,-0.013672,0.019531,-0.937500
0.463508,0.886064,-0.007507,-0.009766,0.044922,-0.904297
0.455562,0.890157,-0.007299,-0.001953,0.060547,-0.873047
0.447881,0.894124,-0.007069,0.009766,0.058594,-0.855469
0.440260,0.897869,-0.006965,0.013672,0.046875,-0.853516
0.432547,0.901623,-0.006902,0.009766,0.025391,-0.849609
0.424878,0.905234,-0.006894,-0.007812,-0.001953,-0.853516
0.417056,0.908855,-0.006852,-0.013672,-0.029297,-0.857422
0.409187,0.912413,-0.006927,-0.015625,-0.050781,-0.863281
0.401312,0.915983,-0.007117,-0.011719,-0.060547,-0.875000
0.393178,0.919400,-0.007260,0.005859,-0.062500,-0.882812
0.385023,0.922867,-0.007591,0.003906,-0.046875,-0.888672
0.376797,0.926320,-0.007799,-0.005859,-0.027344,-0.896484
0.368393,0.929635,-0.007733,-0.019531,0.000000,-0.898438
0.360081,0.932904,-0.007629,-0.021484,0.027344,-0.900391
0.351211,0.936247,-0.007181,-0.013672,0.046875,-0.906250
0.343095,0.939278,-0.007086,0.000000,0.058594,-0.908203
0.326008,0.945313,-0.006880,0.007812,0.035156,-0.914062
0.326008,0.945313,-0.006880,0.007812,0.035156,-0.914062
0.308628,0.951147,-0.006688,-0.017578,-0.013672,-0.919922
0.308628,0.951147,-0.006688,-0.017578,-0.013672,-0.919922
0.299544,0.954074,-0.006736,-0.021484,-0.029297,-0.914062
0.291057,0.956639,-0.006641,-0.017578,-0.041016,-0.908203
0.282468,0.959288,-0.006741,-0.005859,-0.041016,-0.908203
0.273747,0.961807,-0.006806,0.003906,-0.035156,-0.892578
0.265303,0.964115,-0.006980,0.001953,-0.025391,-0.878906
0.256896,0.966380,-0.007031,-0.001953,-0.015625,-0.849609
0.248770,0.968548,-0.007028,-0.009766,-0.013672,-0.828125
0.240767,0.970583,-0.007127,-0.009766,-0.015625,-0.810547
0.233027,0.972361,-0.007007,0.000000,-0.023438,-0.792969
0.225436,0.974222,-0.007210,0.005859,-0.027344,-0.779297
0.217899,0.975855,-0.007281,0.005859,-0.027344,-0.759766
0.210751,0.977584,-0.007512,-0.009766,-0.015625,-0.707031
0.204053,0.978967,-0.007415,-0.019531,-0.013672,-0.667969
0.197643,0.980274,-0.007245,-0.019531,-0.005859,-0.630859
0.191607,0.981415,-0.007223,0.000000,0.001953,-0.605469
0.185846,0.982570,-0.007283,0.013672,0.023438,-0.576172
0.180191,0.983602,-0.007459,0.023438,0.054688,-0.556641
0.174804,0.984558,-0.007592,0.013672,0.097656,-0.546875
0.169404,0.985512,-0.007460,0.001953,0.132812,-0.546875
0.163945,0.986469,-0.007227,-0.019531,0.150391,-0.550781
0.158612,0.987378,-0.006856,-0.027344,0.132812,-0.542969
0.153269,0.988203,-0.006466,-0.015625,0.099609,-0.535156
0.148035,0.988933,-0.006276,0.000000,0.050781,-0.527344
0.142924,0.989735,-0.006445,0.011719,0.000000,-0.505859
0.137990,0.990403,-0.006539,0.017578,-0.033203,-0.490234
0.133176,0.991098,-0.006924,0.013672,-0.044922,-0.478516
0.123647,0.992246,-0.007130,-0.009766,-0.039062,-0.474609
0.123647,0.992246,-0.007130,-0.009766,-0.039062,-0.474609
0.118757,0.992912,-0.007161,-0.017578,-0.033203,-0.468750
0.109560,0.993902,-0.007097,0.000000,-0.035156,-0.472656
0.109560,0.993902,-0.007097,0.000000,-0.035156,-0.472656
0.104618,0.994535,-0.007322,0.007812,-0.037109,-0.484375
0.099913,0.994954,-0.007449,0.011719,-0.041016,-0.496094
0.094858,0.995509,-0.007695,0.003906,-0.046875,-0.503906
0.089821,0.995967,-0.007788,-0.013672,-0.054688,-0.505859
0.084720,0.996357,-0.007727,-0.015625,-0.058594,-0.513672
0.079647,0.996817,-0.007676,-0.007812,-0.058594,-0.521484
0.074310,0.997272,-0.007910,0.009766,-0.046875,-0.537109
0.068888,0.997644,-0.008049,0.011719,-0.033203,-0.560547
0.063168,0.997987,-0.008259,0.015625,-0.013672,-0.580078
0.057307,0.998353,-0.008379,0.000000,0.001953,-0.599609
0.051113,0.998663,-0.008359,-0.011719,0.009766,-0.619141
0.044857,0.998897,-0.008194,-0.021484,0.011719,-0.638672
0.038438,0.999232,-0.008112,-0.017578,0.013672,-0.652344
0.025249,0.999702,-0.008130,0.000000,0.023438,-0.662109
0.025249,0.999702,-0.008130,0.000000,0.023438,-0.662109
0.012174,0.999871,-0.008240,0.005859,0.013672,-0.652344
0.012174,0.999871,-0.008240,0.005859,0.013672,-0.652344
-0.001093,0.999918,-0.008442,-0.003906,0.007812,-0.666016
-0.001093,0.999918,-0.008442,-0.003906,0.007812,-0.666016
-0.008194,0.999960,-0.008542,-0.003906,0.011719,-0.683594
-0.014666,0.999793,-0.008475,-0.001953,0.017578,-0.707031
-0.021767,0.999739,-0.008579,-0.005859,-0.003906,-0.744141
-0.029164,0.999562,-0.008711,-0.005859,-0.003906,-0.744141
-0.044239,0.999001,-0.008676,-0.009766,-0.029297,-0.771484
-0.044239,0.999001,-0.008676,-0.009766,-0.029297,-0.771484
-0.060102,0.998208,-0.008622,-0.007812,-0.029297,-0.804688
-0.060102,0.998208,-0.008622,-0.007812,-0.029297,-0.804688
-0.076461,0.997080,-0.008729,0.000000,-0.037109,-0.830078
-0.076461,0.997080,-0.008729,0.000000,-0.037109,-0.830078
-0.093133,0.995567,-0.008625,-0.001953,-0.058594,-0.849609
-0.093133,0.995567,-0.008625,-0.001953,-0.058594,-0.849609
-0.110228,0.993832,-0.008567,-0.009766,-0.068359,-0.867188
-0.110228,0.993832,-0.008567,-0.009766,-0.068359,-0.867188
-0.127550,0.991842,-0.008470,-0.005859,-0.068359,-0.884766
-0.127550,0.991842,-0.008470,-0.005859,-0.068359,-0.884766
-0.145318,0.989346,-0.008358,-0.001953,-0.060547,-0.896484
-0.145318,0.989346,-0.008358,-0.001953,-0.060547,-0.896484
-0.163192,0.986549,-0.008147,-0.013672,-0.048828,-0.892578
-0.163192,0.986549,-0.008147,-0.013672,-0.048828,-0.892578
-0.180355,0.983534,-0.007775,-0.023438,-0.013672,-0.867188
-0.180355,0.983534,-0.007775,-0.023438,-0.013672,-0.867188
-0.188750,0.982014,-0.007694,-0.017578,0.009766,-0.830078
-0.196884,0.980411,-0.007651,-0.011719,0.031250,-0.798828
-0.211691,0.977352,-0.007887,0.000000,0.050781,-0.718750
-0.211691,0.977352,-0.007887,0.000000,0.050781,-0.718750
-0.225089,0.974373,-0.008285,0.007812,0.042969,-0.654297
-0.225089,0.974373,-0.008285,0.007812,0.042969,-0.654297
-0.237516,0.971421,-0.008703,0.001953,-0.001953,-0.632812
-0.237516,0.971421,-0.008703,0.001953,-0.001953,-0.632812
-0.249863,0.968257,-0.008801,-0.001953,-0.029297,-0.640625
-0.249863,0.968257,-0.008801,-0.001953,-0.029297,-0.640625
-0.262356,0.964934,-0.008608,-0.009766,-0.021484,-0.667969
-0.262356,0.964934,-0.008608,-0.009766,-0.021484,-0.667969
-0.275578,0.961244,-0.008688,-0.001953,-0.001953,-0.691406
-0.275578,0.961244,-0.008688,-0.001953,-0.001953,-0.691406
-0.289020,0.957269,-0.008790,-0.005859,0.001953,-0.703125
-0.289020,0.957269,-0.008790,-0.005859,0.001953,-0.703125
-0.302485,0.953134,-0.008820,-0.009766,-0.001953,-0.703125
-0.302485,0.953134,-0.008820,-0.009766,-0.001953,-0.703125
-0.315807,0.948730,-0.008777,-0.001953,-0.005859,-0.708984
-0.315807,0.948730,-0.008777,-0.001953,-0.005859,-0.708984
-0.329569,0.944092,-0.008966,0.001953,-0.003906,-0.730469
-0.329569,0.944092,-0.008966,0.001953,-0.003906,-0.730469
-0.343759,0.938971,-0.009013,-0.009766,0.001953,-0.753906
-0.343759,0.938971,-0.009013,-0.009766,0.001953,-0.753906
-0.357566,0.933784,-0.008846,-0.013672,-0.013672,-0.765625
-0.357566,0.933784,-0.008846,-0.013672,-0.013672,-0.765625
-0.372374,0.928104,-0.008742,-0.007812,-0.044922,-0.761719
-0.372374,0.928104,-0.008742,-0.007812,-0.044922,-0.761719
-0.379281,0.925238,-0.008443,-0.007812,-0.050781,-0.755859
-0.392692,0.919563,-0.008121,-0.007812,-0.041016,-0.738281
-0.392692,0.919563,-0.008121,-0.007812,-0.041016,-0.738281
-0.406666,0.913503,-0.008004,-0.001953,-0.011719,-0.732422
-0.406666,0.913503,-0.008004,-0.001953,-0.011719,-0.732422
-0.419782,0.907621,-0.008190,0.000000,0.000000,-0.751953
-0.419782,0.907621,-0.008190,0.000000,0.000000,-0.751953
-0.433673,0.901068,-0.008418,-0.003906,-0.005859,-0.781250
-0.433673,0.901068,-0.008418,-0.003906,-0.005859,-0.781250
-0.448036,0.893946,-0.008209,-0.019531,-0.009766,-0.808594
-0.448036,0.893946,-0.008209,-0.019531,-0.009766,-0.808594
-0.462581,0.886540,-0.008114,-0.017578,0.000000,-0.820312
-0.462581,0.886540,-0.008114,-0.017578,0.000000,-0.820312
-0.477219,0.878754,-0.008141,0.001953,0.007812,-0.822266
-0.477219,0.878754,-0.008141,0.001953,0.007812,-0.822266
-0.484304,0.874833,-0.008210,0.000000,0.001953,-0.837891
-0.491596,0.870787,-0.008486,0.000000,0.001953,-0.837891
-0.506325,0.862308,-0.008437,-0.023438,0.001953,-0.847656
-0.506325,0.862308,-0.008437,-0.023438,0.001953,-0.847656
-0.521010,0.853585,-0.008361,-0.019531,0.011719,-0.857422
-0.521010,0.853585,-0.008361,-0.019531,0.011719,-0.857422
-0.535520,0.844430,-0.008437,0.000000,0.019531,-0.859375
-0.535520,0.844430,-0.008437,0.000000,0.019531,-0.859375
-0.542858,0.839871,-0.008793,0.007812,0.021484,-0.863281
-0.550043,0.835122,-0.009015,0.003906,0.015625,-0.867188
-0.557405,0.830221,-0.009104,-0.011719,0.000000,-0.892578
-0.564746,0.825287,-0.009233,-0.011719,0.000000,-0.892578
-0.572126,0.820042,-0.009060,-0.017578,-0.005859,-0.908203
-0.587261,0.809332,-0.009023,-0.009766,-0.013672,-0.937500
-0.587261,0.809332,-0.009023,-0.009766,-0.013672,-0.937500
-0.602591,0.797972,-0.008827,-0.005859,-0.015625,-0.972656
-0.602591,0.797972,-0.008827,-0.005859,-0.015625,-0.972656
-0.618182,0.786049,-0.008837,-0.013672,-0.009766,-0.986328
-0.618182,0.786049,-0.008837,-0.013672,-0.009766,-0.986328
-0.633587,0.773605,-0.008723,-0.017578,0.001953,-0.994141
-0.633587,0.773605,-0.008723,-0.017578,0.001953,-0.994141
-0.649299,0.760533,-0.008858,-0.001953,0.007812,-1.007812
-0.649299,0.760533,-0.008858,-0.001953,0.007812,-1.007812
-0.664354,0.747322,-0.008994,0.003906,0.003906,-1.019531
-0.664354,0.747322,-0.008994,0.003906,0.003906,-1.019531
-0.679551,0.733523,-0.009021,-0.015625,-0.011719,-1.033203
-0.679551,0.733523,-0.009021,-0.015625,-0.011719,-1.033203
-0.694841,0.719233,-0.008778,-0.021484,-0.025391,-1.039062
-0.694841,0.719233,-0.008778,-0.021484,-0.025391,-1.039062
-0.702620,0.711521,-0.008526,-0.015625,-0.027344,-1.039062
-0.716828,0.697220,-0.008153,-0.007812,-0.025391,-1.025391
-0.716828,0.697220,-0.008153,-0.007812,-0.025391,-1.025391
-0.730796,0.682494,-0.007831,-0.013672,-0.019531,-0.988281
-0.730796,0.682494,-0.007831,-0.013672,-0.019531,-0.988281
-0.743957,0.668165,-0.007618,-0.009766,-0.013672,-0.953125
-0.743957,0.668165,-0.007618,-0.009766,-0.013672,-0.953125
-0.756410,0.654112,-0.007471,0.009766,-0.013672,-0.927734
-0.756410,0.654112,-0.007471,0.009766,-0.013672,-0.927734
-0.768331,0.640011,-0.007445,-0.003906,-0.007812,-0.923828
-0.768331,0.640011,-0.007445,-0.003906,-0.007812,-0.923828
-0.780086,0.625591,-0.007501,-0.023438,0.005859,-0.914062
-0.780086,0.625591,-0.007501,-0.023438,0.005859,-0.914062
-0.791444,0.611258,-0.007535,-0.017578,0.011719,-0.906250
-0.791444,0.611258,-0.007535,-0.017578,0.011719,-0.906250
-0.802380,0.596818,-0.007883,0.001953,0.015625,-0.894531
-0.802380,0.596818,-0.007883,0.001953,0.015625,-0.894531
-0.813027,0.582228,-0.008336,-0.001953,0.011719,-0.886719
-0.813027,0.582228,-0.008336,-0.001953,0.011719,-0.886719
-0.823054,0.567866,-0.008377,-0.015625,-0.005859,-0.873047
-0.823054,0.567866,-0.008377,-0.015625,-0.005859,-0.873047
-0.832820,0.553439,-0.008131,-0.007812,-0.021484,-0.869141
-0.832820,0.553439,-0.008131,-0.007812,-0.021484,-0.869141
-0.842404,0.538823,-0.007832,0.000000,-0.023438,-0.867188
-0.842404,0.538823,-0.007832,0.000000,-0.023438,-0.867188
-0.851528,0.524158,-0.007645,-0.005859,-0.013672,-0.865234
-0.851528,0.524158,-0.007645,-0.005859,-0.013672,-0.865234
-0.860647,0.509127,-0.007518,-0.009766,-0.011719,-0.865234
-0.860647,0.509127,-0.007518,-0.009766,-0.011719,-0.865234
-0.869281,0.494166,-0.007336,-0.005859,-0.011719,-0.876953
-0.869281,0.494166,-0.007336,-0.005859,-0.011719,-0.876953
-0.877805,0.479021,-0.007474,-0.003906,-0.003906,-0.884766
-0.877805,0.479021,-0.007474,-0.003906,-0.003906,-0.884766
-0.886318,0.462994,-0.007440,-0.009766,-0.007812,-0.894531
-0.886318,0.462994,-0.007440,-0.009766,-0.007812,-0.894531
-0.894581,0.446859,-0.007239,-0.009766,-0.017578,-0.902344
-0.894581,0.446859,-0.007239,-0.009766,-0.017578,-0.902344
-0.902553,0.430572,-0.006990,-0.011719,-0.019531,-0.914062
-0.902553,0.430572,-0.006990,-0.011719,-0.019531,-0.914062
-0.910317,0.413969,-0.006840,-0.011719,-0.005859,-0.921875
-0.910317,0.413969,-0.006840,-0.011719,-0.005859,-0.921875
-0.917760,0.396949,-0.006748,-0.003906,0.000000,-0.925781
-0.917760,0.396949,-0.006748,-0.003906,0.000000,-0.925781
-0.924891,0.380035,-0.006944,-0.007812,0.011719,-0.923828
-0.924891,0.380035,-0.006944,-0.007812,0.011719,-0.923828
-0.931855,0.362747,-0.007311,-0.017578,0.019531,-0.923828
-0.931855,0.362747,-0.007311,-0.017578,0.019531,-0.923828
-0.938411,0.345434,-0.007804,-0.007812,0.017578,-0.925781
-0.938411,0.345434,-0.007804,-0.007812,0.017578,-0.925781
-0.944633,0.328098,-0.008142,0.003906,0.003906,-0.933594
-0.944633,0.328098,-0.008142,0.003906,0.003906,-0.933594
-0.950739,0.309958,-0.008174,-0.005859,-0.017578,-0.943359
-0.950739,0.309958,-0.008174,-0.005859,-0.017578,-0.943359
-0.956487,0.291752,-0.007681,-0.021484,-0.039062,-0.953125
-0.956487,0.291752,-0.007681,-0.021484,-0.039062,-0.953125
-0.961904,0.273224,-0.006889,-0.011719,-0.041016,-0.958984
-0.961904,0.273224,-0.006889,-0.011719,-0.041016,-0.958984
-0.966967,0.254705,-0.006321,0.001953,-0.029297,-0.968750
-0.966967,0.254705,-0.006321,0.001953,-0.029297,-0.968750
-0.971736,0.235819,-0.005905,-0.009766,-0.015625,-0.966797
-0.971736,0.235819,-0.005905,-0.009766,-0.015625,-0.966797
-0.976084,0.217029,-0.005745,-0.019531,-0.005859,-0.960938
-0.976084,0.217029,-0.005745,-0.019531,-0.005859,-0.960938
-0.980172,0.198231,-0.005779,-0.011719,-0.003906,-0.957031
-0.980172,0.198231,-0.005779,-0.011719,-0.003906,-0.957031
-0.983799,0.179332,-0.005866,-0.001953,0.001953,-0.949219
-0.983799,0.179332,-0.005866,-0.001953,0.001953,-0.949219
-0.986976,0.160890,-0.006156,-0.013672,0.009766,-0.949219
-0.986976,0.160890,-0.006156,-0.013672,0.009766,-0.949219
-0.989921,0.141716,-0.006445,-0.017578,0.005859,-0.947266
-0.989921,0.141716,-0.006445,-0.017578,0.005859,-0.947266
-0.992433,0.122719,-0.006393,-0.009766,-0.003906,-0.955078
-0.992433,0.122719,-0.006393,-0.009766,-0.003906,-0.955078
-0.994610,0.103579,-0.006531,-0.007812,-0.005859,-0.957031
-0.994610,0.103579,-0.006531,-0.007812,-0.005859,-0.957031
-0.996449,0.084480,-0.006471,-0.013672,-0.005859,-0.962891
-0.996449,0.084480,-0.006471,-0.013672,-0.005859,-0.962891
-0.997802,0.065160,-0.006292,-0.011719,-0.009766,-0.974609
-0.997802,0.065160,-0.006292,-0.011719,-0.009766,-0.974609
-0.998367,0.055591,-0.006235,-0.005859,-0.011719,-0.986328
-0.998367,0.055591,-0.006235,-0.005859,-0.011719,-0.986328
-0.999649,0.025432,-0.006073,-0.009766,-0.005859,-1.003906
-0.999649,0.025432,-0.006073,-0.009766,-0.005859,-1.003906
-0.999832,0.015776,-0.006059,-0.015625,-0.001953,-1.011719
-0.999832,0.015776,-0.006059,-0.015625,-0.001953,-1.011719
-0.999937,-0.004964,-0.006158,-0.017578,-0.001953,-1.013672
-0.999937,-0.004964,-0.006158,-0.017578,-0.001953,-1.013672
-0.999646,-0.025434,-0.006241,-0.009766,0.005859,-1.011719
-0.999646,-0.025434,-0.006241,-0.009766,0.005859,-1.011719
-0.998909,-0.045620,-0.006432,-0.003906,0.005859,-1.000000
-0.998909,-0.045620,-0.006432,-0.003906,0.005859,-1.000000
-0.997111,-0.075785,-0.006589,-0.009766,-0.007812,-0.994141
-0.997111,-0.075785,-0.006589,-0.009766,-0.007812,-0.994141
-0.996335,-0.085612,-0.006634,-0.013672,-0.019531,-0.982422
-0.996335,-0.085612,-0.006634,-0.013672,-0.019531,-0.982422
-0.993361,-0.115184,-0.006303,-0.011719,-0.021484,-0.976562
-0.993361,-0.115184,-0.006303,-0.011719,-0.021484,-0.976562
-0.992075,-0.125101,-0.006021,-0.001953,-0.019531,-0.962891
-0.992075,-0.125101,-0.006021,-0.001953,-0.019531,-0.962891
-0.989529,-0.143993,-0.005719,-0.011719,-0.013672,-0.941406
-0.989529,-0.143993,-0.005719,-0.011719,-0.013672,-0.941406
-0.986625,-0.162687,-0.005507,-0.013672,-0.003906,-0.927734
-0.986625,-0.162687,-0.005507,-0.013672,-0.003906,-0.927734
-0.983456,-0.181101,-0.005622,-0.003906,0.009766,-0.912109
-0.983456,-0.181101,-0.005622,-0.003906,0.009766,-0.912109
-0.980052,-0.198849,-0.005952,-0.001953,0.007812,-0.904297
-0.980052,-0.198849,-0.005952,-0.001953,0.007812,-0.904297
-0.976133,-0.216958,-0.006122,-0.011719,0.005859,-0.894531
-0.976133,-0.216958,-0.006122,-0.011719,0.005859,-0.894531
-0.969937,-0.243218,-0.006417,-0.007812,-0.003906,-0.890625
-0.969937,-0.243218,-0.006417,-0.007812,-0.003906,-0.890625
-0.967831,-0.251639,-0.006406,-0.003906,-0.007812,-0.886719
-0.967831,-0.251639,-0.006406,-0.003906,-0.007812,-0.886719
-0.960633,-0.277687,-0.006330,-0.009766,-0.011719,-0.884766
-0.960633,-0.277687,-0.006330,-0.009766,-0.011719,-0.884766
-0.958061,-0.286379,-0.006169,-0.011719,-0.013672,-0.878906
-0.958061,-0.286379,-0.006169,-0.011719,-0.013672,-0.878906
-0.952870,-0.303265,-0.006036,-0.009766,-0.005859,-0.876953
-0.952870,-0.303265,-0.006036,-0.009766,-0.005859,-0.876953
-0.947462,-0.320050,-0.006065,-0.007812,-0.005859,-0.875000
-0.947462,-0.320050,-0.006065,-0.007812,-0.005859,-0.875000
-0.941607,-0.336695,-0.006011,-0.001953,-0.003906,-0.873047
-0.941607,-0.336695,-0.006011,-0.001953,-0.003906,-0.873047
-0.935632,-0.353097,-0.006032,-0.007812,0.000000,-0.867188
-0.935632,-0.353097,-0.006032,-0.007812,0.000000,-0.867188
-0.929316,-0.369051,-0.005986,-0.011719,0.000000,-0.867188
-0.929316,-0.369051,-0.005986,-0.011719,0.000000,-0.867188
-0.922619,-0.385610,-0.006141,-0.009766,-0.007812,-0.869141
-0.922619,-0.385610,-0.006141,-0.009766,-0.007812,-0.869141
-0.915795,-0.401445,-0.006139,-0.007812,-0.009766,-0.876953
-0.915795,-0.401445,-0.006139,-0.007812,-0.009766,-0.876953
-0.908537,-0.417835,-0.006129,-0.005859,-0.007812,-0.888672
-0.908537,-0.417835,-0.006129,-0.005859,-0.007812,-0.888672
-0.900814,-0.434010,-0.005909,-0.009766,-0.013672,-0.908203
-0.900814,-0.434010,-0.005909,-0.009766,-0.013672,-0.908203
-0.892774,-0.450513,-0.005833,-0.009766,-0.013672,-0.939453
-0.892774,-0.450513,-0.005833,-0.009766,-0.013672,-0.939453
-0.884078,-0.467372,-0.005788,-0.009766,-0.009766,-0.964844
-0.884078,-0.467372,-0.005788,-0.009766,-0.009766,-0.964844
-0.874816,-0.484484,-0.005671,-0.011719,-0.009766,-0.994141
-0.874816,-0.484484,-0.005671,-0.011719,-0.009766,-0.994141
-0.864875,-0.501925,-0.005619,-0.011719,-0.005859,-1.019531
-0.864875,-0.501925,-0.005619,-0.011719,-0.005859,-1.019531
-0.854367,-0.519512,-0.005649,-0.011719,0.005859,-1.041016
-0.854367,-0.519512,-0.005649,-0.011719,0.005859,-1.041016
-0.843619,-0.536930,-0.005896,-0.007812,0.000000,-1.066406
-0.843619,-0.536930,-0.005896,-0.009766,0.000000,-1.082031
-0.831788,-0.554938,-0.005883,-0.009766,0.000000,-1.082031
-0.825571,-0.564310,-0.005975,-0.013672,-0.011719,-1.113281
-0.825571,-0.564310,-0.005975,-0.013672,-0.011719,-1.113281
-0.812458,-0.582950,-0.005881,-0.011719,-0.015625,-1.136719
-0.812458,-0.582950,-0.005881,-0.011719,-0.015625,-1.136719
-0.799171,-0.601091,-0.005800,-0.011719,-0.019531,-1.164062
-0.799171,-0.601091,-0.005800,-0.011719,-0.019531,-1.164062
-0.784480,-0.620059,-0.005577,-0.009766,-0.011719,-1.187500
-0.784480,-0.620059,-0.005577,-0.009766,-0.011719,-1.187500
-0.769707,-0.638324,-0.005489,-0.011719,-0.003906,-1.201172
-0.769707,-0.638324,-0.005489,-0.011719,-0.003906,-1.201172
-0.753910,-0.656927,-0.005633,-0.011719,0.007812,-1.220703
-0.753910,-0.656927,-0.005633,-0.015625,0.011719,-1.232422
-0.737825,-0.674937,-0.005793,-0.015625,0.011719,-1.232422
-0.729526,-0.683957,-0.006129,-0.011719,0.011719,-1.251953
-0.729526,-0.683957,-0.006129,-0.011719,0.011719,-1.251953
-0.711543,-0.702651,-0.006438,-0.009766,0.009766,-1.273438
-0.693892,-0.720062,-0.006582,-0.009766,0.007812,-1.285156
-0.693892,-0.720062,-0.006582,-0.011719,0.005859,-1.300781
-0.684042,-0.729410,-0.006741,-0.015625,0.001953,-1.310547
-0.674337,-0.738407,-0.006820,-0.015625,0.001953,-1.310547
-0.664503,-0.747226,-0.006885,-0.013672,-0.001953,-1.337891
-0.664503,-0.747226,-0.006885,-0.013672,-0.001953,-1.337891
-0.643975,-0.765033,-0.007019,-0.011719,-0.003906,-1.361328
-0.643975,-0.765033,-0.007019,-0.009766,-0.007812,-1.373047
-0.611993,-0.790779,-0.007037,-0.011719,-0.009766,-1.382812
-0.611993,-0.790779,-0.007037,-0.013672,-0.007812,-1.390625
-0.600990,-0.799177,-0.007023,-0.011719,-0.009766,-1.400391
-0.589726,-0.807565,-0.007155,-0.011719,-0.009766,-1.400391
-0.566953,-0.823643,-0.007049,-0.011719,-0.009766,-1.419922
-0.554833,-0.831914,-0.007110,-0.009766,-0.009766,-1.425781
-0.554833,-0.831914,-0.007110,-0.011719,-0.007812,-1.435547
-0.530464,-0.847693,-0.007122,-0.009766,-0.009766,-1.449219
-0.517989,-0.855378,-0.007125,-0.009766,-0.011719,-1.457031
-0.517989,-0.855378,-0.007125,-0.009766,-0.011719,-1.457031
-0.505327,-0.862896,-0.007149,-0.013672,-0.005859,-1.476562
-0.479594,-0.877373,-0.007146,-0.009766,-0.005859,-1.486328
-0.466285,-0.884582,-0.007333,-0.013672,-0.005859,-1.496094
-0.466285,-0.884582,-0.007333,-0.013672,-0.007812,-1.505859
-0.439291,-0.898311,-0.007350,-0.007812,-0.007812,-1.505859
-0.425576,-0.904883,-0.007418,-0.011719,-0.007812,-1.515625
-0.425576,-0.904883,-0.007418,-0.009766,-0.007812,-1.525391
-0.397887,-0.917374,-0.007367,-0.007812,-0.003906,-1.527344
-0.397887,-0.917374,-0.007367,-0.007812,-0.003906,-1.527344
-0.384113,-0.923228,-0.007480,-0.015625,-0.003906,-1.544922
-0.354638,-0.935029,-0.007675,-0.013672,-0.001953,-1.550781
-0.339798,-0.940470,-0.007771,-0.013672,0.000000,-1.548828
-0.325184,-0.945605,-0.007828,-0.019531,0.001953,-1.554688
-0.310573,-0.950512,-0.008007,-0.019531,0.005859,-1.550781
-0.295480,-0.955312,-0.008162,-0.017578,0.017578,-1.537109
-0.280866,-0.959752,-0.008337,-0.011719,0.031250,-1.527344
-0.266002,-0.963905,-0.008469,-0.011719,0.039062,-1.513672
-0.251448,-0.967816,-0.008692,-0.009766,0.046875,-1.494141
-0.237597,-0.971363,-0.008811,-0.007812,0.050781,-1.472656
-0.222981,-0.974811,-0.008925,-0.007812,0.052734,-1.455078
-0.222981,-0.974811,-0.008925,-0.007812,0.052734,-1.455078
-0.208912,-0.977814,-0.009017,-0.005859,0.035156,-1.414062
-0.180590,-0.983480,-0.009210,-0.001953,0.017578,-1.390625
-0.166762,-0.985952,-0.009212,-0.005859,-0.003906,-1.371094
-0.153344,-0.988139,-0.009211,0.000000,-0.025391,-1.347656
-0.140202,-0.990145,-0.009143,-0.003906,-0.042969,-1.326172
-0.126768,-0.991973,-0.009053,-0.003906,-0.056641,-1.304688
-0.113936,-0.993439,-0.008848,-0.001953,-0.064453,-1.281250
-0.101095,-0.994822,-0.008736,-0.001953,-0.072266,-1.257812
-0.088597,-0.996023,-0.008662,-0.007812,-0.074219,-1.240234
-0.076256,-0.997093,-0.008676,-0.005859,-0.076172,-1.224609
-0.063903,-0.997921,-0.008612,0.000000,-0.072266,-1.208984
-0.051862,-0.998605,-0.008407,0.000000,-0.074219,-1.197266
-0.039854,-0.999192,-0.008450,-0.001953,-0.074219,-1.191406
-0.027863,-0.999624,-0.008409,-0.007812,-0.072266,-1.183594
-0.015952,-0.999794,-0.008283,-0.005859,-0.068359,-1.183594
-0.004585,-0.999939,-0.008259,-0.011719,-0.064453,-1.185547
0.007731,-0.999932,-0.008412,-0.011719,-0.058594,-1.185547
0.007731,-0.999932,-0.008412,-0.011719,-0.058594,-1.185547
0.019311,-0.999774,-0.008494,-0.007812,-0.037109,-1.183594
0.043841,-0.998989,-0.008454,-0.009766,-0.021484,-1.181641
0.055685,-0.998434,-0.008596,-0.007812,-0.009766,-1.183594
0.067498,-0.997608,-0.008516,-0.009766,0.005859,-1.185547
0.079122,-0.996848,-0.008586,-0.007812,0.017578,-1.189453
0.091464,-0.995738,-0.008567,-0.019531,0.023438,-1.197266
0.103718,-0.994579,-0.008661,-0.015625,0.027344,-1.201172
0.115790,-0.993188,-0.008695,-0.013672,0.031250,-1.208984
0.127750,-0.991791,-0.008799,-0.013672,0.027344,-1.212891
0.140068,-0.990129,-0.008904,-0.013672,0.025391,-1.218750
0.152135,-0.988326,-0.008777,-0.009766,0.021484,-1.220703
0.164479,-0.986355,-0.008793,-0.005859,0.011719,-1.224609
0.176534,-0.984272,-0.008780,-0.009766,0.000000,-1.222656
0.188832,-0.981937,-0.008748,-0.013672,-0.005859,-1.222656
0.200950,-0.979542,-0.008826,-0.013672,-0.013672,-1.222656
0.212346,-0.977148,-0.008925,-0.011719,-0.023438,-1.222656
0.224602,-0.974411,-0.009071,-0.013672,-0.027344,-1.218750
0.224602,-0.974411,-0.009071,-0.013672,-0.027344,-1.218750
0.236484,-0.971602,-0.009209,-0.011719,-0.029297,-1.205078
0.260412,-0.965502,-0.009472,-0.009766,-0.023438,-1.195312
0.272098,-0.962220,-0.009501,-0.009766,-0.015625,-1.193359
0.283572,-0.958858,-0.009479,-0.005859,-0.005859,-1.187500
0.294686,-0.955563,-0.009572,-0.007812,0.000000,-1.181641
0.306424,-0.951850,-0.009479,-0.007812,0.009766,-1.179688
0.317818,-0.948164,-0.009521,-0.009766,0.011719,-1.177734
0.328981,-0.944314,-0.009459,-0.011719,0.017578,-1.177734
0.340102,-0.940280,-0.009312,-0.011719,0.013672,-1.173828
0.351391,-0.936182,-0.009372,-0.009766,0.017578,-1.169922
0.362377,-0.932008,-0.009362,-0.011719,0.013672,-1.175781
0.373383,-0.927568,-0.009232,-0.003906,0.011719,-1.177734
0.384280,-0.923187,-0.009184,-0.009766,0.005859,-1.175781
0.395393,-0.918452,-0.009168,-0.011719,0.000000,-1.173828
0.406314,-0.913684,-0.009236,-0.007812,-0.001953,-1.171875
0.417243,-0.908735,-0.009192,-0.011719,-0.001953,-1.167969
0.427666,-0.903874,-0.009257,-0.011719,-0.003906,-1.164062
0.427666,-0.903874,-0.009257,-0.011719,-0.003906,-1.164062
0.437767,-0.898997,-0.009222,-0.013672,0.000000,-1.148438
0.458947,-0.888365,-0.009299,-0.009766,0.005859,-1.138672
0.469245,-0.883071,-0.009277,-0.007812,0.005859,-1.130859
0.479266,-0.877670,-0.009326,-0.001953,0.000000,-1.117188
0.488567,-0.872478,-0.009278,-0.007812,-0.003906,-1.111328
0.498721,-0.866719,-0.009275,-0.007812,-0.009766,-1.103516
0.508433,-0.861075,-0.009344,-0.003906,-0.017578,-1.099609
0.517982,-0.855302,-0.009303,0.000000,-0.021484,-1.101562
0.527339,-0.849609,-0.009327,-0.003906,-0.025391,-1.097656
0.536823,-0.843644,-0.009415,-0.007812,-0.029297,-1.101562
0.546027,-0.837675,-0.009566,-0.011719,-0.029297,-1.101562
0.555356,-0.831521,-0.009783,-0.007812,-0.025391,-1.103516
0.564762,-0.825194,-0.009897,-0.009766,-0.023438,-1.111328
0.573928,-0.818791,-0.009898,-0.005859,-0.021484,-1.115234
0.583212,-0.812199,-0.009971,-0.005859,-0.015625,-1.123047
0.583212,-0.812199,-0.009971,-0.005859,-0.015625,-1.123047
0.592075,-0.805793,-0.010088,-0.009766,-0.011719,-1.138672
0.610433,-0.791944,-0.010217,-0.013672,-0.011719,-1.146484
0.619924,-0.784579,-0.010240,-0.011719,-0.007812,-1.148438
0.629057,-0.777268,-0.010314,-0.009766,-0.009766,-1.156250
0.637997,-0.770047,-0.010444,-0.007812,-0.009766,-1.162109
0.647156,-0.762210,-0.010336,-0.009766,-0.011719,-1.171875
0.655735,-0.754923,-0.010401,-0.009766,-0.005859,-1.173828
0.665019,-0.746784,-0.010466,-0.007812,-0.001953,-1.177734
0.673910,-0.738681,-0.010387,-0.007812,0.003906,-1.185547
0.682691,-0.730664,-0.010360,-0.009766,0.011719,-1.191406
0.691509,-0.722292,-0.010250,-0.013672,0.015625,-1.201172
0.700233,-0.713884,-0.010040,-0.009766,0.019531,-1.208984
0.708952,-0.705198,-0.009923,-0.009766,0.019531,-1.216797
0.717409,-0.696663,-0.009836,-0.005859,0.019531,-1.224609
0.726264,-0.687381,-0.009590,-0.009766,0.015625,-1.236328
0.726264,-0.687381,-0.009590,-0.009766,0.015625,-1.236328
0.734376,-0.678613,-0.009477,-0.005859,0.001953,-1.257812
0.751608,-0.659508,-0.009235,-0.005859,-0.001953,-1.269531
0.760231,-0.649650,-0.009365,-0.009766,-0.009766,-1.279297
0.768511,-0.639841,-0.009380,-0.007812,-0.015625,-1.287109
0.776828,-0.629694,-0.009539,-0.009766,-0.023438,-1.292969
0.784871,-0.619501,-0.009585,-0.005859,-0.027344,-1.296875
0.793046,-0.609040,-0.009780,-0.005859,-0.025391,-1.306641
0.800881,-0.598594,-0.009830,-0.001953,-0.025391,-1.314453
0.808638,-0.588262,-0.010137,-0.011719,-0.027344,-1.324219
0.816629,-0.577041,-0.010332,-0.011719,-0.027344,-1.333984
0.824439,-0.565848,-0.010417,-0.013672,-0.027344,-1.343750
0.832045,-0.554616,-0.010765,-0.011719,-0.029297,-1.355469
0.839199,-0.543658,-0.010922,-0.005859,-0.029297,-1.365234
0.847057,-0.531507,-0.011149,-0.009766,-0.025391,-1.384766
0.854332,-0.519603,-0.011318,-0.013672,-0.025391,-1.400391
0.854332,-0.519603,-0.011318,-0.013672,-0.025391,-1.400391
0.861399,-0.507694,-0.011417,-0.011719,-0.015625,-1.429688
0.875645,-0.482773,-0.011585,-0.013672,-0.015625,-1.443359
0.882610,-0.470069,-0.011741,-0.011719,-0.009766,-1.457031
0.889373,-0.457133,-0.011882,-0.017578,-0.011719,-1.472656
0.896090,-0.443753,-0.011845,-0.015625,-0.007812,-1.478516
0.902998,-0.429565,-0.012001,-0.017578,-0.005859,-1.490234
0.909280,-0.416032,-0.011976,-0.017578,-0.005859,-1.498047
0.915370,-0.402358,-0.011947,-0.013672,-0.009766,-1.498047
0.921443,-0.388382,-0.012084,-0.017578,-0.007812,-1.503906
0.927206,-0.374396,-0.012117,-0.013672,-0.005859,-1.503906
0.932824,-0.360163,-0.012155,-0.017578,-0.009766,-1.503906
0.937913,-0.346715,-0.012188,-0.013672,-0.009766,-1.501953
0.943183,-0.332062,-0.012184,-0.013672,-0.007812,-1.503906
0.943183,-0.332062,-0.012184,-0.011719,-0.003906,-1.498047
0.952723,-0.303582,-0.012114,-0.017578,-0.001953,-1.494141
0.957188,-0.289055,-0.012116,-0.015625,0.000000,-1.494141
0.961523,-0.274643,-0.012169,-0.013672,0.001953,-1.488281
0.965266,-0.260912,-0.012012,-0.013672,0.000000,-1.486328
0.969138,-0.246289,-0.011962,-0.011719,0.001953,-1.488281
0.972814,-0.231355,-0.011933,-0.013672,0.000000,-1.484375
0.976176,-0.216447,-0.011793,-0.011719,0.000000,-1.486328
0.979290,-0.202082,-0.011720,-0.009766,-0.001953,-1.488281
0.982278,-0.187111,-0.011649,-0.009766,-0.001953,-1.486328
0.984876,-0.172565,-0.011639,-0.013672,-0.001953,-1.484375
0.987445,-0.157963,-0.011738,-0.013672,-0.007812,-1.482422
0.987445,-0.157963,-0.011738,-0.013672,-0.007812,-1.478516
0.991599,-0.128776,-0.011642,-0.011719,-0.005859,-1.474609
0.993404,-0.113751,-0.011674,-0.009766,-0.009766,-1.472656
0.994964,-0.099822,-0.011668,-0.005859,-0.007812,-1.474609
0.996381,-0.084218,-0.011614,-0.005859,-0.001953,-1.476562
0.997527,-0.069487,-0.011593,-0.005859,0.001953,-1.476562
0.998420,-0.054509,-0.011454,-0.015625,0.003906,-1.476562
0.999193,-0.039481,-0.011346,-0.019531,0.001953,-1.482422
0.999615,-0.025343,-0.011322,-0.013672,-0.003906,-1.474609
0.999898,-0.010656,-0.011263,-0.011719,-0.011719,-1.472656
0.999922,0.004099,-0.011395,-0.007812,-0.021484,-1.472656
0.999718,0.018970,-0.011486,-0.007812,-0.027344,-1.470703
0.999277,0.034834,-0.011762,0.000000,-0.035156,-1.470703
0.998735,0.049346,-0.012053,-0.005859,-0.039062,-1.474609
0.998735,0.049346,-0.012053,-0.005859,-0.039062,-1.474609
0.997882,0.063184,-0.012329,-0.011719,-0.041016,-1.486328
0.995571,0.093345,-0.013001,-0.015625,-0.037109,-1.492188
0.994087,0.108078,-0.013275,-0.017578,-0.033203,-1.498047
0.992291,0.122947,-0.013365,-0.015625,-0.027344,-1.501953
0.990296,0.137989,-0.013516,-0.015625,-0.019531,-1.503906
0.987966,0.153815,-0.013636,-0.013672,-0.015625,-1.505859
0.985756,0.167707,-0.013725,-0.013672,-0.011719,-1.507812
0.983074,0.182637,-0.013734,-0.013672,-0.005859,-1.503906
0.980083,0.197999,-0.013627,-0.011719,-0.003906,-1.503906
0.977113,0.212416,-0.013664,-0.013672,-0.001953,-1.503906
0.973797,0.227139,-0.013529,-0.017578,-0.005859,-1.503906
0.970252,0.241898,-0.013467,-0.013672,-0.001953,-1.498047
0.966594,0.256317,-0.013453,-0.013672,0.001953,-1.498047
0.962568,0.270640,-0.013167,-0.011719,0.005859,-1.498047
0.958349,0.285233,-0.012959,-0.007812,0.007812,-1.501953
0.954004,0.299673,-0.012865,-0.009766,0.009766,-1.494141
0.949358,0.313853,-0.012642,-0.009766,0.013672,-1.492188
0.944484,0.328216,-0.012398,-0.013672,0.013672,-1.484375
0.939486,0.342150,-0.012074,-0.011719,0.011719,-1.474609
0.934194,0.356478,-0.011923,-0.019531,0.001953,-1.464844
0.929036,0.369670,-0.011751,-0.015625,-0.005859,-1.451172
0.923587,0.383213,-0.011771,-0.011719,-0.017578,-1.437500
0.918012,0.396307,-0.011914,-0.007812,-0.021484,-1.419922
0.912318,0.409279,-0.012042,-0.005859,-0.021484,-1.402344
0.906278,0.422473,-0.012126,-0.009766,-0.017578,-1.386719
0.900547,0.434529,-0.012132,-0.009766,-0.015625,-1.373047
0.894329,0.447286,-0.012181,-0.009766,-0.005859,-1.357422
0.888239,0.459103,-0.011995,-0.005859,0.000000,-1.341797
0.882071,0.470879,-0.011897,-0.013672,0.001953,-1.330078
0.875861,0.482304,-0.011775,-0.015625,0.001953,-1.320312
0.869394,0.493917,-0.011731,-0.011719,-0.003906,-1.304688
0.862582,0.505737,-0.011648,-0.011719,-0.011719,-1.291016
0.856269,0.516461,-0.011785,-0.009766,-0.021484,-1.277344
0.849664,0.527204,-0.011753,-0.005859,-0.027344,-1.265625
0.842760,0.538153,-0.011925,0.000000,-0.029297,-1.253906
0.836042,0.548608,-0.012172,-0.007812,-0.033203,-1.236328
0.829034,0.558953,-0.012250,-0.011719,-0.027344,-1.228516
0.822214,0.569096,-0.012398,-0.009766,-0.021484,-1.220703
0.815108,0.579127,-0.012373,-0.013672,-0.005859,-1.210938
0.808043,0.589075,-0.012303,-0.007812,0.009766,-1.210938
0.801082,0.598514,-0.012051,-0.005859,0.021484,-1.210938
0.793522,0.608418,-0.011779,-0.005859,0.029297,-1.208984
0.785950,0.618133,-0.011457,-0.009766,0.029297,-1.207031
0.778589,0.627488,-0.011183,-0.013672,0.021484,-1.203125
0.770899,0.636862,-0.010867,-0.019531,0.005859,-1.195312
0.763601,0.645523,-0.010683,-0.017578,-0.011719,-1.189453
0.755793,0.654705,-0.010734,-0.011719,-0.031250,-1.173828
0.747698,0.663904,-0.010988,-0.007812,-0.052734,-1.158203
0.740061,0.672462,-0.011358,-0.005859,-0.064453,-1.146484
0.732676,0.680509,-0.011719,-0.003906,-0.074219,-1.126953
0.724558,0.689108,-0.012234,0.001953,-0.068359,-1.113281
0.717232,0.696633,-0.012573,-0.001953,-0.052734,-1.099609
0.709256,0.704876,-0.012939,-0.011719,-0.037109,-1.089844
0.701554,0.712508,-0.012929,-0.013672,-0.017578,-1.078125
0.693793,0.720053,-0.012868,-0.021484,-0.001953,-1.064453
0.686020,0.727496,-0.012620,-0.019531,0.011719,-1.046875
0.678893,0.734015,-0.012300,-0.017578,0.015625,-1.027344
0.670959,0.741385,-0.012058,-0.009766,0.021484,-1.007812
0.663836,0.747780,-0.011838,-0.005859,0.023438,-0.982422
0.656229,0.754487,-0.011636,-0.005859,0.021484,-0.962891
0.648922,0.760792,-0.011515,-0.005859,0.021484,-0.941406
0.641712,0.766789,-0.011161,-0.005859,0.019531,-0.921875
0.634802,0.772685,-0.011156,-0.009766,0.009766,-0.910156
0.627911,0.778181,-0.011011,-0.005859,-0.003906,-0.898438
0.621152,0.783592,-0.011005,-0.005859,-0.015625,-0.894531
0.613851,0.789403,-0.011122,-0.001953,-0.021484,-0.898438
0.606922,0.794731,-0.011193,0.001953,-0.017578,-0.910156
0.599574,0.800224,-0.011151,0.000000,-0.009766,-0.919922
0.592128,0.805731,-0.011150,-0.009766,0.007812,-0.927734
0.584606,0.811234,-0.010999,-0.015625,0.017578,-0.937500
0.576946,0.816738,-0.010651,-0.015625,0.029297,-0.947266
0.568499,0.822592,-0.010307,-0.015625,0.033203,-0.953125
0.561198,0.827670,-0.010100,-0.009766,0.039062,-0.958984
0.553194,0.832921,-0.009704,-0.007812,0.037109,-0.960938
0.545126,0.838293,-0.009409,-0.011719,0.037109,-0.958984
0.537144,0.843421,-0.009111,-0.007812,0.035156,-0.949219
0.529151,0.848556,-0.008953,-0.009766,0.027344,-0.941406
0.521115,0.853375,-0.008694,-0.005859,0.015625,-0.931641
0.513189,0.858231,-0.008572,0.000000,0.005859,-0.923828
0.505162,0.862947,-0.008584,0.000000,-0.005859,-0.916016
0.497274,0.867584,-0.008727,0.000000,-0.013672,-0.908203
0.489410,0.871939,-0.008703,-0.003906,-0.023438,-0.904297
0.481449,0.876389,-0.008867,-0.001953,-0.029297,-0.896484
0.473233,0.880887,-0.008984,-0.005859,-0.037109,-0.888672
0.465917,0.884728,-0.009122,-0.001953,-0.037109,-0.876953
0.457618,0.889078,-0.009316,0.000000,-0.035156,-0.880859
0.450192,0.892896,-0.009524,0.001953,-0.037109,-0.886719
0.442176,0.896879,-0.009577,-0.001953,-0.031250,-0.892578
0.434101,0.900750,-0.009668,-0.005859,-0.021484,-0.900391
0.425887,0.904697,-0.009715,-0.013672,-0.013672,-0.900391
0.417856,0.908515,-0.009648,-0.015625,-0.001953,-0.896484
0.409594,0.912210,-0.009456,-0.015625,0.011719,-0.894531
0.401469,0.915785,-0.009306,-0.001953,0.023438,-0.894531
0.393160,0.919444,-0.009271,0.003906,0.033203,-0.890625
0.385080,0.922907,-0.009205,0.005859,0.029297,-0.890625
0.376783,0.926290,-0.009102,0.000000,0.023438,-0.888672
0.368564,0.929557,-0.008965,-0.009766,0.013672,-0.890625
0.360253,0.932827,-0.008869,-0.013672,0.003906,-0.892578
0.351858,0.936013,-0.008658,-0.015625,-0.005859,-0.892578
0.343496,0.939092,-0.008563,-0.011719,-0.013672,-0.888672
0.335169,0.942065,-0.008583,-0.005859,-0.023438,-0.888672
0.326655,0.945114,-0.008722,-0.001953,-0.027344,-0.880859
0.318560,0.947910,-0.008809,-0.001953,-0.035156,-0.875000
0.310078,0.950731,-0.008940,-0.001953,-0.039062,-0.869141
0.301807,0.953336,-0.009096,-0.001953,-0.035156,-0.875000
0.293481,0.955839,-0.008985,-0.015625,-0.017578,-0.861328
0.285253,0.958483,-0.009140,-0.015625,-0.017578,-0.861328
0.276984,0.960879,-0.009100,-0.001953,0.000000,-0.863281
0.268615,0.963180,-0.008957,-0.005859,0.013672,-0.857422
0.260349,0.965489,-0.008852,-0.007812,0.025391,-0.857422
0.252039,0.967683,-0.008787,-0.009766,0.035156,-0.843750
0.243499,0.969881,-0.008556,-0.011719,0.033203,-0.841797
0.235857,0.971754,-0.008520,-0.005859,0.031250,-0.830078
0.227694,0.973692,-0.008409,-0.001953,0.025391,-0.832031
0.219607,0.975610,-0.008403,0.001953,0.017578,-0.828125
0.211580,0.977344,-0.008338,0.000000,0.009766,-0.832031
0.203347,0.978982,-0.008244,-0.007812,0.001953,-0.832031
0.195145,0.980713,-0.008250,-0.005859,-0.003906,-0.828125
0.187003,0.982261,-0.008193,-0.009766,-0.011719,-0.818359
0.179133,0.983810,-0.008232,-0.013672,-0.011719,-0.806641
0.171242,0.985161,-0.008141,-0.009766,-0.005859,-0.792969
0.163345,0.986481,-0.008081,0.000000,-0.003906,-0.785156
0.155673,0.987810,-0.008275,0.011719,0.000000,-0.775391
0.148064,0.988914,-0.008338,0.015625,-0.001953,-0.771484
0.140351,0.990102,-0.008593,0.009766,0.000000,-0.773438
0.132568,0.991158,-0.008658,-0.005859,0.007812,-0.779297
0.124910,0.992152,-0.008590,-0.019531,0.009766,-0.781250
0.117018,0.993024,-0.008274,-0.017578,0.017578,-0.791016
0.109187,0.993967,-0.008212,-0.013672,0.017578,-0.785156
0.101324,0.994798,-0.008183,-0.001953,0.011719,-0.785156
0.093624,0.995589,-0.008241,0.009766,-0.003906,-0.775391
0.085894,0.996316,-0.008385,0.003906,-0.023438,-0.767578
0.078321,0.996888,-0.008502,-0.001953,-0.035156,-0.755859
0.070905,0.997534,-0.008536,-0.007812,-0.044922,-0.744141
0.063480,0.997986,-0.008429,-0.013672,-0.044922,-0.730469
0.056220,0.998406,-0.008400,-0.013672,-0.037109,-0.718750
0.049171,0.998747,-0.008229,-0.009766,-0.015625,-0.685547
0.042514,0.999114,-0.008350,-0.003906,0.005859,-0.654297
0.036043,0.999276,-0.008276,0.005859,0.027344,-0.625000
0.029989,0.999505,-0.008441,0.009766,0.042969,-0.593750
0.024123,0.999630,-0.008510,0.001953,0.054688,-0.568359
0.018448,0.999772,-0.008600,0.001953,0.058594,-0.554688
0.012961,0.999862,-0.008641,-0.001953,0.054688,-0.544922
0.007581,0.999996,-0.008700,-0.007812,0.044922,-0.542969
0.002117,0.999974,-0.008610,-0.003906,0.031250,-0.541016
-0.003265,1.000008,-0.008632,-0.003906,0.009766,-0.537109
-0.008672,0.999991,-0.008717,-0.001953,-0.015625,-0.531250
-0.013889,0.999926,-0.008743,-0.001953,-0.037109,-0.521484
-0.019024,0.999754,-0.008706,-0.005859,-0.050781,-0.507812
-0.024135,0.999652,-0.008680,-0.003906,-0.050781,-0.494141
-0.029080,0.999539,-0.008711,-0.001953,-0.041016,-0.474609
-0.033692,0.999372,-0.008796,0.003906,-0.017578,-0.466797
-0.038386,0.999287,-0.008969,0.005859,0.001953,-0.457031
-0.042910,0.998980,-0.008985,0.011719,0.017578,-0.451172
-0.047518,0.998804,-0.009136,0.005859,0.025391,-0.451172
-0.051960,0.998621,-0.009343,0.001953,0.023438,-0.455078
-0.056542,0.998342,-0.009349,-0.007812,0.017578,-0.460938
-0.061207,0.998074,-0.009367,-0.007812,0.009766,-0.468750
-0.066037,0.997790,-0.009354,-0.009766,0.005859,-0.474609
-0.070805,0.997436,-0.009395,-0.001953,0.009766,-0.478516
-0.075550,0.997108,-0.009407,0.001953,0.015625,-0.468750
-0.080233,0.996711,-0.009472,-0.003906,0.017578,-0.470703
-0.084810,0.996368,-0.009548,0.001953,0.017578,-0.464844
-0.089572,0.995922,-0.009596,0.001953,0.007812,-0.458984
-0.094170,0.995520,-0.009736,-0.001953,-0.005859,-0.457031
-0.103153,0.994672,-0.009867,0.001953,-0.035156,-0.451172
-0.103153,0.994672,-0.009867,0.001953,-0.035156,-0.451172
-0.107828,0.994139,-0.009908,-0.001953,-0.037109,-0.451172
-0.112207,0.993637,-0.009865,0.000000,-0.031250,-0.457031
-0.116695,0.993177,-0.009963,0.000000,-0.017578,-0.455078
-0.121363,0.992566,-0.009994,0.000000,-0.005859,-0.460938
-0.125925,0.992009,-0.010035,0.001953,0.005859,-0.460938
-0.130586,0.991328,-0.010051,-0.005859,0.013672,-0.466797
-0.135252,0.990754,-0.010211,0.000000,0.027344,-0.470703
-0.139917,0.990170,-0.010383,0.000000,0.027344,-0.482422
-0.144814,0.989367,-0.010326,0.000000,0.021484,-0.488281
-0.149744,0.988680,-0.010489,-0.001953,0.011719,-0.505859
-0.154745,0.987833,-0.010495,0.000000,0.000000,-0.513672
-0.160023,0.987058,-0.010650,-0.001953,-0.013672,-0.531250
-0.165190,0.986219,-0.010682,-0.001953,-0.021484,-0.544922
-0.170701,0.985253,-0.010661,-0.005859,-0.015625,-0.554688
-0.176125,0.984255,-0.010654,-0.005859,-0.005859,-0.558594
-0.181774,0.983282,-0.010598,-0.007812,0.003906,-0.566406
-0.187303,0.982302,-0.010761,-0.005859,0.007812,-0.564453
-0.192894,0.981110,-0.010737,0.003906,0.009766,-0.568359
-0.198513,0.979982,-0.010902,0.009766,0.007812,-0.570312
-0.204128,0.978838,-0.011083,0.000000,-0.009766,-0.576172
-0.209799,0.977660,-0.011140,-0.001953,-0.017578,-0.572266
-0.215420,0.976472,-0.011042,-0.005859,-0.035156,-0.572266
-0.220994,0.975177,-0.011017,-0.001953,-0.048828,-0.576172
-0.226714,0.973933,-0.010978,0.000000,-0.056641,-0.583984
-0.232458,0.972501,-0.010954,0.003906,-0.050781,-0.589844
-0.238297,0.971184,-0.011088,0.003906,-0.035156,-0.599609
-0.244106,0.969637,-0.011039,0.000000,-0.015625,-0.605469
-0.250088,0.968169,-0.011124,-0.001953,0.001953,-0.617188
-0.256137,0.966601,-0.011176,-0.011719,0.019531,-0.625000
-0.262260,0.964980,-0.011224,-0.001953,0.025391,-0.628906
-0.268402,0.963167,-0.011294,0.005859,0.027344,-0.638672
-0.274562,0.961500,-0.011557,0.000000,0.021484,-0.652344
-0.280978,0.959715,-0.011819,0.007812,0.013672,-0.667969
-0.287365,0.957745,-0.011932,0.001953,0.001953,-0.683594
-0.293959,0.955662,-0.011874,-0.001953,-0.005859,-0.699219
-0.300918,0.953632,-0.011990,0.000000,-0.021484,-0.724609
-0.307856,0.951327,-0.011959,-0.001953,-0.033203,-0.755859
-0.315295,0.948878,-0.011912,0.001953,-0.046875,-0.787109
-0.331492,0.943328,-0.011746,-0.001953,-0.037109,-0.853516
-0.331492,0.943328,-0.011746,-0.001953,-0.037109,-0.853516
-0.339054,0.940712,-0.011750,-0.011719,-0.023438,-0.876953
-0.355862,0.934433,-0.011591,-0.017578,0.017578,-0.906250
-0.355862,0.934433,-0.011591,-0.017578,0.017578,-0.906250
-0.372926,0.927820,-0.011881,0.000000,0.031250,-0.912109
-0.372926,0.927820,-0.011881,0.000000,0.031250,-0.912109
-0.389589,0.920914,-0.012219,0.003906,-0.001953,-0.904297
-0.389589,0.920914,-0.012219,0.003906,-0.001953,-0.904297
-0.406148,0.913701,-0.012071,0.000000,-0.041016,-0.902344
-0.406148,0.913701,-0.012071,0.000000,-0.041016,-0.902344
-0.422888,0.906066,-0.011919,-0.003906,-0.044922,-0.917969
-0.422888,0.906066,-0.011919,-0.003906,-0.044922,-0.917969
-0.439609,0.898142,-0.011894,0.000000,-0.003906,-0.941406
-0.439609,0.898142,-0.011894,0.000000,-0.003906,-0.941406
-0.456734,0.889530,-0.012146,-0.005859,0.027344,-0.974609
-0.456734,0.889530,-0.012146,-0.005859,0.027344,-0.974609
-0.474477,0.880197,-0.012548,-0.007812,0.031250,-1.003906
-0.474477,0.880197,-0.012548,-0.007812,0.031250,-1.003906
-0.492158,0.870337,-0.012639,-0.011719,0.005859,-1.019531
-0.492158,0.870337,-0.012639,-0.011719,0.005859,-1.019531
-0.509910,0.860191,-0.012782,0.000000,-0.025391,-1.027344
-0.509910,0.860191,-0.012782,0.000000,-0.025391,-1.027344
-0.527524,0.849517,-0.012612,0.000000,-0.037109,-1.031250
-0.527524,0.849517,-0.012612,0.000000,-0.037109,-1.031250
-0.544936,0.838430,-0.012299,-0.009766,-0.031250,-1.025391
-0.544936,0.838430,-0.012299,-0.009766,-0.031250,-1.025391
-0.561997,0.827050,-0.012019,-0.007812,-0.013672,-1.003906
-0.561997,0.827050,-0.012019,-0.007812,-0.013672,-1.003906
-0.578451,0.815599,-0.011937,-0.003906,-0.011719,-0.976562
-0.578451,0.815599,-0.011937,-0.003906,-0.011719,-0.976562
-0.593938,0.804464,-0.012018,-0.005859,-0.011719,-0.933594
-0.593938,0.804464,-0.012018,-0.005859,-0.011719,-0.933594
-0.608443,0.793479,-0.011892,0.000000,-0.009766,-0.892578
-0.608443,0.793479,-0.011892,0.000000,-0.009766,-0.892578
-0.622259,0.782692,-0.012077,0.003906,0.003906,-0.861328
-0.622259,0.782692,-0.012077,0.003906,0.003906,-0.861328
-0.635651,0.771850,-0.012406,-0.003906,0.019531,-0.843750
-0.635651,0.771850,-0.012406,-0.003906,0.019531,-0.843750
-0.648460,0.761147,-0.012875,-0.005859,0.025391,-0.833984
-0.648460,0.761147,-0.012875,-0.005859,0.025391,-0.833984
-0.661087,0.750159,-0.013133,0.001953,0.007812,-0.832031
-0.661087,0.750159,-0.013133,0.001953,0.007812,-0.832031
-0.673592,0.738912,-0.013334,0.009766,-0.013672,-0.843750
-0.673592,0.738912,-0.013334,0.009766,-0.013672,-0.843750
-0.686069,0.727408,-0.013330,-0.009766,-0.023438,-0.851562
-0.686069,0.727408,-0.013330,-0.009766,-0.023438,-0.851562
-0.698367,0.715629,-0.012966,-0.013672,-0.023438,-0.847656
-0.698367,0.715629,-0.012966,-0.013672,-0.023438,-0.847656
-0.710366,0.703700,-0.012537,0.001953,-0.025391,-0.835938
-0.710366,0.703700,-0.012537,0.001953,-0.025391,-0.835938
-0.721961,0.691769,-0.012550,0.000000,-0.021484,-0.814453
-0.721961,0.691769,-0.012550,0.000000,-0.021484,-0.814453
-0.733142,0.679947,-0.012329,-0.007812,-0.015625,-0.792969
-0.733142,0.679947,-0.012329,-0.007812,-0.015625,-0.792969
-0.743699,0.668332,-0.012168,-0.001953,-0.019531,-0.777344
-0.743699,0.668332,-0.012168,-0.001953,-0.019531,-0.777344
-0.754034,0.656747,-0.012081,0.005859,-0.011719,-0.773438
-0.754034,0.656747,-0.012081,0.005859,-0.011719,-0.773438
-0.764145,0.644880,-0.012138,-0.003906,-0.005859,-0.779297
-0.764145,0.644880,-0.012138,-0.003906,-0.005859,-0.779297
-0.774228,0.632799,-0.012227,-0.013672,0.003906,-0.787109
-0.774228,0.632799,-0.012227,-0.013672,0.003906,-0.787109
-0.784059,0.620503,-0.012274,-0.005859,0.009766,-0.785156
-0.784059,0.620503,-0.012274,-0.005859,0.009766,-0.785156
-0.793734,0.608038,-0.012621,-0.001953,0.017578,-0.791016
-0.793734,0.608038,-0.012621,-0.001953,0.017578,-0.791016
-0.803358,0.595354,-0.013130,0.001953,0.011719,-0.785156
-0.803358,0.595354,-0.013130,0.001953,0.011719,-0.785156
-0.812655,0.582670,-0.013362,-0.001953,-0.001953,-0.789062
-0.812655,0.582670,-0.013362,-0.001953,-0.001953,-0.789062
-0.821748,0.569582,-0.013176,0.003906,-0.019531,-0.798828
-0.821748,0.569582,-0.013176,0.003906,-0.019531,-0.798828
-0.831208,0.555794,-0.013090,-0.003906,-0.021484,-0.822266
-0.831208,0.555794,-0.013090,-0.003906,-0.021484,-0.822266
-0.840093,0.542273,-0.012860,-0.007812,-0.019531,-0.843750
-0.840093,0.542273,-0.012860,-0.007812,-0.019531,-0.843750
-0.849412,0.527632,-0.012693,-0.005859,-0.011719,-0.869141
-0.849412,0.527632,-0.012693,-0.005859,-0.011719,-0.869141
-0.858577,0.512432,-0.012628,-0.003906,0.000000,-0.896484
-0.858577,0.512432,-0.012628,-0.003906,0.000000,-0.896484
-0.867828,0.496612,-0.012681,-0.005859,-0.007812,-0.919922
-0.867828,0.496612,-0.012681,-0.005859,-0.007812,-0.919922
-0.877014,0.480399,-0.012611,-0.001953,-0.023438,-0.939453
-0.877014,0.480399,-0.012611,-0.001953,-0.023438,-0.939453
-0.885956,0.463507,-0.012090,-0.009766,-0.035156,-0.957031
-0.885956,0.463507,-0.012090,-0.009766,-0.035156,-0.957031
-0.894790,0.446303,-0.011631,-0.005859,-0.023438,-0.964844
-0.894790,0.446303,-0.011631,-0.005859,-0.023438,-0.964844
-0.903357,0.428766,-0.011453,-0.009766,-0.015625,-0.966797
-0.903357,0.428766,-0.011453,-0.009766,-0.015625,-0.966797
-0.911579,0.411031,-0.011302,-0.007812,-0.011719,-0.958984
-0.911579,0.411031,-0.011302,-0.007812,-0.011719,-0.958984
-0.919156,0.393597,-0.011189,-0.003906,-0.001953,-0.943359
-0.919156,0.393597,-0.011189,-0.003906,-0.001953,-0.943359
-0.926412,0.376266,-0.011373,-0.003906,0.001953,-0.925781
-0.926412,0.376266,-0.011373,-0.003906,0.001953,-0.925781
-0.933274,0.359054,-0.011462,0.000000,-0.003906,-0.923828
-0.933274,0.359054,-0.011462,0.000000,-0.003906,-0.923828
-0.939734,0.341616,-0.011397,-0.001953,-0.009766,-0.925781
-0.939734,0.341616,-0.011397,-0.001953,-0.009766,-0.925781
-0.946017,0.323956,-0.011344,-0.009766,-0.007812,-0.931641
-0.946017,0.323956,-0.011344,-0.009766,-0.007812,-0.931641
-0.951926,0.306092,-0.011365,-0.005859,-0.003906,-0.935547
-0.951926,0.306092,-0.011365,-0.005859,-0.003906,-0.935547
-0.957483,0.288341,-0.011446,-0.001953,-0.007812,-0.933594
-0.957483,0.288341,-0.011446,-0.001953,-0.007812,-0.933594
-0.962789,0.270053,-0.011340,-0.009766,-0.013672,-0.937500
-0.962789,0.270053,-0.011340,-0.009766,-0.013672,-0.937500
-0.967750,0.251802,-0.011130,-0.005859,-0.017578,-0.949219
-0.967750,0.251802,-0.011130,-0.005859,-0.017578,-0.949219
-0.972353,0.233137,-0.010910,-0.009766,-0.013672,-0.960938
-0.972353,0.233137,-0.010910,-0.009766,-0.013672,-0.960938
-0.976723,0.214228,-0.010784,-0.007812,-0.003906,-0.968750
-0.976723,0.214228,-0.010784,-0.007812,-0.003906,-0.968750
-0.980738,0.195032,-0.010761,-0.003906,-0.009766,-0.982422
-0.980738,0.195032,-0.010761,-0.003906,-0.009766,-0.982422
-0.984384,0.175578,-0.010548,-0.003906,-0.023438,-0.998047
-0.984384,0.175578,-0.010548,-0.003906,-0.023438,-0.998047
-0.987839,0.155653,-0.010201,-0.013672,-0.029297,-1.013672
-0.987839,0.155653,-0.010201,-0.013672,-0.029297,-1.013672
-0.990734,0.135281,-0.009663,-0.011719,-0.027344,-1.023438
-0.990734,0.135281,-0.009663,-0.011719,-0.027344,-1.023438
-0.993319,0.115302,-0.009347,-0.005859,-0.017578,-1.039062
-0.993319,0.115302,-0.009347,-0.005859,-0.017578,-1.039062
-0.995536,0.093827,-0.009152,-0.005859,-0.011719,-1.050781
-0.995536,0.093827,-0.009152,-0.005859,-0.011719,-1.050781
-0.997239,0.072739,-0.008804,-0.011719,-0.017578,-1.062500
-0.997239,0.072739,-0.008804,-0.011719,-0.017578,-1.062500
-0.998617,0.051320,-0.008537,-0.021484,-0.023438,-1.068359
-0.998617,0.051320,-0.008537,-0.021484,-0.023438,-1.068359
-0.999532,0.029800,-0.008121,-0.007812,-0.027344,-1.074219
-0.999532,0.029800,-0.008121,-0.007812,-0.027344,-1.074219
-0.999940,0.008192,-0.007708,0.001953,-0.033203,-1.080078
-0.999940,0.008192,-0.007708,0.001953,-0.033203,-1.080078
-0.999912,-0.013621,-0.007147,-0.001953,-0.029297,-1.099609
-0.999912,-0.013621,-0.007147,-0.001953,-0.029297,-1.099609
-0.999311,-0.035804,-0.006718,-0.017578,-0.017578,-1.113281
-0.999311,-0.035804,-0.006718,-0.017578,-0.017578,-1.113281
-0.998291,-0.058387,-0.006722,-0.021484,0.000000,-1.119141
-0.998291,-0.058387,-0.006722,-0.021484,0.000000,-1.119141
-0.997554,-0.069611,-0.006705,-0.007812,0.013672,-1.113281
-0.997554,-0.069611,-0.006705,-0.007812,0.013672,-1.113281
-0.994700,-0.102794,-0.007360,-0.007812,0.019531,-1.105469
-0.994700,-0.102794,-0.007360,-0.007812,0.019531,-1.105469
-0.993400,-0.114008,-0.007601,-0.011719,0.013672,-1.097656
-0.993400,-0.114008,-0.007601,-0.011719,0.013672,-1.097656
-0.989143,-0.146771,-0.008147,-0.013672,0.003906,-1.091797
-0.989143,-0.146771,-0.008147,-0.013672,0.003906,-1.091797
-0.987554,-0.156991,-0.008217,-0.007812,-0.011719,-1.085938
-0.987554,-0.156991,-0.008217,-0.007812,-0.011719,-1.085938
-0.981818,-0.189619,-0.007963,-0.003906,-0.021484,-1.082031
-0.981818,-0.189619,-0.007963,-0.003906,-0.021484,-1.082031
-0.977492,-0.210979,-0.007682,-0.009766,-0.015625,-1.078125
-0.977492,-0.210979,-0.007682,-0.009766,-0.015625,-1.078125
-0.972693,-0.232103,-0.007504,-0.013672,-0.013672,-1.074219
-0.972693,-0.232103,-0.007504,-0.013672,-0.013672,-1.074219
-0.967411,-0.252983,-0.007365,-0.011719,-0.009766,-1.066406
-0.967411,-0.252983,-0.007365,-0.011719,-0.009766,-1.066406
-0.964576,-0.263365,-0.007316,-0.011719,0.000000,-1.046875
-0.964576,-0.263365,-0.007316,-0.011719,0.000000,-1.046875
-0.955941,-0.293501,-0.007689,-0.009766,0.005859,-1.027344
-0.955941,-0.293501,-0.007689,-0.009766,0.005859,-1.027344
-0.949705,-0.313055,-0.007780,-0.007812,0.001953,-1.005859
-0.949705,-0.313055,-0.007780,-0.007812,0.001953,-1.005859
-0.946391,-0.322843,-0.007892,-0.007812,0.000000,-0.986328
-0.946391,-0.322843,-0.007892,-0.007812,0.000000,-0.986328
-0.940013,-0.340957,-0.007947,-0.001953,0.011719,-0.968750
-0.940013,-0.340957,-0.007947,-0.001953,0.011719,-0.968750
-0.933119,-0.359561,-0.008387,-0.005859,0.023438,-0.951172
-0.933119,-0.359561,-0.008387,-0.005859,0.023438,-0.951172
-0.925956,-0.377525,-0.008823,-0.009766,0.035156,-0.939453
-0.925956,-0.377525,-0.008823,-0.009766,0.035156,-0.939453
-0.918704,-0.394796,-0.009504,-0.001953,0.046875,-0.931641
-0.918704,-0.394796,-0.009504,-0.001953,0.046875,-0.931641
-0.911044,-0.412015,-0.010360,-0.005859,0.056641,-0.916016
-0.911044,-0.412015,-0.010360,-0.005859,0.056641,-0.916016
-0.899305,-0.437282,-0.011875,-0.001953,0.021484,-0.902344
-0.899305,-0.437282,-0.011875,-0.001953,0.021484,-0.902344
-0.891362,-0.453249,-0.011584,-0.007812,-0.066406,-0.886719
-0.891362,-0.453249,-0.011584,-0.007812,-0.066406,-0.886719
-0.887278,-0.461160,-0.010814,0.001953,-0.128906,-0.875000
-0.887278,-0.461160,-0.010814,0.001953,-0.128906,-0.875000
-0.878992,-0.476714,-0.008663,-0.009766,-0.140625,-0.867188
-0.878992,-0.476714,-0.008663,-0.009766,-0.140625,-0.867188
-0.866479,-0.499247,-0.005421,-0.009766,-0.109375,-0.863281
-0.866479,-0.499247,-0.005421,-0.009766,-0.109375,-0.863281
-0.862018,-0.506969,-0.004669,-0.007812,-0.070312,-0.865234
-0.862018,-0.506969,-0.004669,-0.007812,-0.070312,-0.865234
-0.852901,-0.522025,-0.003429,-0.009766,-0.029297,-0.875000
-0.852901,-0.522025,-0.003429,-0.009766,-0.029297,-0.875000
-0.843598,-0.537029,-0.003092,-0.011719,0.001953,-0.884766
-0.843598,-0.537029,-0.003092,-0.011719,0.001953,-0.884766
-0.833860,-0.551990,-0.003285,-0.011719,0.027344,-0.900391
-0.833860,-0.551990,-0.003285,-0.011719,0.027344,-0.900391
-0.823654,-0.567147,-0.003892,-0.017578,0.033203,-0.921875
-0.823654,-0.567147,-0.003892,-0.017578,0.033203,-0.921875
-0.813242,-0.581898,-0.004531,-0.009766,0.027344,-0.933594
-0.813242,-0.581898,-0.004531,-0.009766,0.027344,-0.933594
-0.801866,-0.597463,-0.005140,-0.011719,0.019531,-0.953125
