t,pwm,gx,gy,gz
0.0003457239999988815,1498.0,-0.001953125,0.00390625,0.001953125
0.011274945999957708,1496.0,0.0,0.0,0.0
0.01362455000025875,1494.0,0.0,0.0,0.0
0.015177279999988968,1492.0,0.0,0.0,0.0
0.020186694000130956,1490.0,0.0,0.0,0.0
0.02519460900020931,1488.0,0.0,0.0,0.0
0.030231115000333375,1486.0,0.0,0.0,0.0
0.03518851100034226,1484.0,0.0,0.0,0.0
0.04027192500007004,1482.0,0.0,0.0,0.0
0.04521222800030955,1480.0,0.0,0.0,0.0
0.050190604999897914,1478.0,0.0,0.0,0.0
0.05518011200001638,1476.0,0.0,0.0,0.0
0.06019258100013758,1474.0,0.0,0.0,0.0
0.06518962500013004,1472.0,0.0,0.0,0.0
0.07018855800015444,1470.0,0.0,0.0,0.0
0.0751835089999986,1468.0,0.0,0.0,0.0
0.08019327500005602,1466.0,0.0,0.0,0.0
0.08515915199996016,1464.0,0.0,0.0,0.0
0.09014610300027925,1462.0,0.0,0.0,0.0
0.09514603500019803,1460.0,0.0,0.0,0.0
0.10014145000013741,1458.0,0.0,0.0,0.0
0.10515849300008995,1456.0,0.0,0.0,0.0
0.11017881499992654,1454.0,0.0,0.0,0.0
0.11521148900010303,1452.0,0.0,0.0,0.0
0.12024025500022617,1450.0,0.0,0.0,0.0
0.1251657239999986,1448.0,0.0,0.0,0.0
0.13015265600006387,1446.0,0.0,0.0,0.0
0.13515407100021548,1444.0,0.0,0.0,0.0
0.14018081800031723,1442.0,0.0,0.0,0.0
0.14517202800016094,1440.0,0.0,0.0,0.0
0.1501669980002589,1438.0,0.0,0.0,0.0
0.15517450500010455,1436.0,0.0,0.0,0.0
0.1601489190002212,1434.0,0.0,0.0,0.0
0.16515811099998245,1432.0,0.0,0.0,0.0
0.17019589500023358,1430.0,0.0,0.0,0.0
0.17525893900028677,1428.0,0.0,0.0,0.0
0.18016759400006777,1426.0,0.0,0.0,0.0
0.18516450800007078,1424.0,0.0,0.0,0.0
0.19017168100026538,1422.0,0.0,0.0,0.0
0.19516489200032083,1420.0,0.0,0.0,0.0
0.2001567500001329,1418.0,0.0,0.0,0.0
0.20516335000002073,1416.0,0.0,0.0,0.0
0.21016419000034148,1414.0,0.0,0.0,0.0
0.21515684399992097,1412.0,0.0,0.0,0.0
0.2201653330002955,1410.0,0.0,0.0,0.0
0.2251627840000765,1408.0,0.0,0.0,0.0
0.23016501300025993,1406.0,0.0,0.0,0.0
0.23518959400007589,1404.0,0.0,0.0,0.0
0.24016891500014026,1402.0,0.0,0.0,0.0
0.24516260700011117,1400.0,0.0,0.0,0.0
0.25016248400015684,1398.0,0.0,0.0,0.0
0.2551636570001392,1396.0,0.0,0.0,0.0
0.2601584050003112,1394.0,0.0,0.0,0.0
0.2652222450001318,1392.0,0.0,0.0,0.0
0.2701972520003437,1390.0,0.0,0.0,0.0
0.27518057299994325,1388.0,0.0,0.0,0.0
0.2801683940001567,1386.0,0.0,0.0,0.0
0.2851687719999063,1384.0,0.0,0.0,0.0
0.2901442410002346,1382.0,0.0,0.0,0.0
0.29514598900004785,1380.0,0.0,0.0,0.0
0.30014814300011494,1378.0,0.0,0.0,0.0
0.3051446500003294,1376.0,0.0,0.0,0.0
0.31014545300013197,1374.0,0.0,0.0,0.0
0.3151863860002777,1372.0,-0.009765625,-0.01171875,-0.0234375
0.32015470700025617,1370.0,-0.009765625,-0.01171875,-0.0234375
0.32515186199998425,1368.0,-0.009765625,-0.01171875,-0.0234375
0.3301452390001032,1366.0,-0.009765625,-0.01171875,-0.0234375
0.33514111600015895,1364.0,-0.009765625,-0.01171875,-0.0234375
0.3401423820000673,1362.0,-0.009765625,-0.01171875,-0.0234375
0.34514585200031433,1360.0,-0.009765625,-0.01171875,-0.0234375
0.3501411550000739,1358.0,-0.009765625,-0.01171875,-0.0234375
0.355139476000204,1356.0,-0.009765625,-0.01171875,-0.0234375
0.36014161299999614,1354.0,-0.009765625,-0.01171875,-0.0234375
0.3651438599999892,1352.0,0.0,-0.02734375,-0.029296875
0.37018640399992364,1350.0,0.0,-0.02734375,-0.029296875
0.3751441330000489,1348.0,0.0,-0.02734375,-0.029296875
0.3801409360003163,1346.0,0.0,-0.02734375,-0.029296875
0.38517286800015427,1344.0,0.0,-0.02734375,-0.029296875
0.3901686530002735,1342.0,0.0,-0.02734375,-0.029296875
0.395153326000127,1340.0,0.0,-0.02734375,-0.029296875
0.40014112900007603,1338.0,0.0,-0.02734375,-0.029296875
0.405142877000344,1336.0,0.0,-0.02734375,-0.029296875
0.4101401610000721,1334.0,0.0,-0.02734375,-0.029296875
0.4151702980002483,1332.0,0.005859375,-0.08984375,-0.03125
0.42016393399990193,1330.0,0.005859375,-0.08984375,-0.03125
0.4253328300001158,1328.0,0.005859375,-0.08984375,-0.03125
0.43028396599993357,1326.0,0.005859375,-0.08984375,-0.03125
0.4352868250002757,1324.0,0.005859375,-0.08984375,-0.03125
0.44026623900026607,1322.0,0.005859375,-0.08984375,-0.03125
0.4454001540002537,1320.0,0.005859375,-0.08984375,-0.03125
0.4502252709999084,1318.0,0.005859375,-0.08984375,-0.03125
0.4551551100003053,1316.0,0.005859375,-0.08984375,-0.03125
0.46014796899999055,1314.0,0.0,-0.158203125,-0.0078125
0.46518775300000925,1312.0,0.0,-0.158203125,-0.0078125
0.470154334000199,1310.0,0.0,-0.158203125,-0.0078125
0.47514576699995814,1308.0,0.0,-0.158203125,-0.0078125
0.48014460700005657,1306.0,0.0,-0.158203125,-0.0078125
0.4851611879998927,1304.0,0.0,-0.158203125,-0.0078125
0.49016934200017204,1302.0,0.0,-0.158203125,-0.0078125
0.4951631270000689,1300.0,0.0,-0.158203125,-0.0078125
0.5001610409999557,1298.0,0.0,-0.158203125,-0.0078125
0.5051834370001416,1296.0,0.0,-0.158203125,-0.0078125
0.5101695910002491,1294.0,0.005859375,-0.279296875,0.013671875
0.5151708020002843,1292.0,0.005859375,-0.279296875,0.013671875
0.5201642530000754,1290.0,0.005859375,-0.279296875,0.013671875
0.5251627040001949,1288.0,0.005859375,-0.279296875,0.013671875
0.5301576740002929,1286.0,0.005859375,-0.279296875,0.013671875
0.5351624400000219,1284.0,0.005859375,-0.279296875,0.013671875
0.5401678719999836,1282.0,0.005859375,-0.279296875,0.013671875
0.5451643790001981,1280.0,0.005859375,-0.279296875,0.013671875
0.5501590710000528,1278.0,0.005859375,-0.279296875,0.013671875
0.5551569849999396,1276.0,0.005859375,-0.279296875,0.013671875
0.5601635660000284,1274.0,0.00390625,-0.44140625,0.015625
0.5651772210003401,1272.0,0.00390625,-0.44140625,0.015625
0.5701951900000495,1270.0,0.00390625,-0.44140625,0.015625
0.5751892900002531,1268.0,0.00390625,-0.44140625,0.015625
0.5801765000001069,1266.0,0.00390625,-0.44140625,0.015625
0.5851758590001737,1264.0,0.00390625,-0.44140625,0.015625
0.5901551239999208,1262.0,0.00390625,-0.44140625,0.015625
0.595144650000293,1260.0,0.00390625,-0.44140625,0.015625
0.600143582000328,1258.0,0.00390625,-0.44140625,0.015625
0.6051466819999405,1256.0,0.00390625,-0.44140625,0.015625
0.6101460590002716,1254.0,0.0078125,-0.62890625,0.005859375
0.6151520650000748,1252.0,0.0078125,-0.62890625,0.005859375
0.6201458680002361,1250.0,0.0078125,-0.62890625,0.005859375
0.6251459489999434,1248.0,0.0078125,-0.62890625,0.005859375
0.6301460849999785,1246.0,0.0078125,-0.62890625,0.005859375
0.6351475179999397,1244.0,0.0078125,-0.62890625,0.005859375
0.6401675800002522,1242.0,0.0078125,-0.62890625,0.005859375
0.6451875500001734,1240.0,0.0078125,-0.62890625,0.005859375
0.6501517790002254,1238.0,0.0078125,-0.62890625,0.005859375
0.6551521750002394,1236.0,0.0078125,-0.62890625,0.005859375
0.6601478850002422,1234.0,0.00390625,-0.8984375,-0.013671875
0.6651543729999503,1232.0,0.00390625,-0.8984375,-0.013671875
0.6701456760001747,1230.0,0.00390625,-0.8984375,-0.013671875
0.6751434610000615,1228.0,0.00390625,-0.8984375,-0.013671875
0.6801473929999702,1226.0,0.00390625,-0.8984375,-0.013671875
0.6851465670001744,1224.0,0.00390625,-0.8984375,-0.013671875
0.6901438320001034,1222.0,0.00390625,-0.8984375,-0.013671875
0.6951441169999271,1220.0,0.00390625,-0.8984375,-0.013671875
0.7001426609999726,1218.0,0.00390625,-0.8984375,-0.013671875
0.7051483710001776,1216.0,0.00390625,-0.8984375,-0.013671875
0.7101458410002124,1214.0,0.0078125,-1.181640625,-0.015625
0.7151487549999729,1212.0,0.0078125,-1.181640625,-0.015625
0.7201442430000498,1210.0,0.0078125,-1.181640625,-0.015625
0.7251454160000321,1208.0,0.0078125,-1.181640625,-0.015625
0.7301472560002367,1206.0,0.0078125,-1.181640625,-0.015625
0.7351701709999361,1204.0,0.0078125,-1.181640625,-0.015625
0.7401479370000743,1202.0,0.0078125,-1.181640625,-0.015625
0.7451492949999192,1200.0,0.0078125,-1.181640625,-0.015625
0.7501461350002501,1200.0,0.0078125,-1.181640625,-0.015625
0.7551491230001375,1200.0,0.0078125,-1.181640625,-0.015625
0.7601473340000666,1200.0,-0.0390625,-1.3359375,-0.107421875
0.7651487480002288,1200.0,-0.0390625,-1.3359375,-0.107421875
0.7701702920003299,1200.0,-0.0390625,-1.3359375,-0.107421875
0.7751514280002993,1200.0,-0.0390625,-1.3359375,-0.107421875
0.7801520269999855,1200.0,-0.0390625,-1.3359375,-0.107421875
0.785150201000306,1200.0,-0.0390625,-1.3359375,-0.107421875
0.7901440590003403,1200.0,-0.0390625,-1.3359375,-0.107421875
0.7951418070001637,1200.0,-0.0390625,-1.3359375,-0.107421875
0.8001478690002841,1200.0,-0.0390625,-1.3359375,-0.107421875
0.8051839310001014,1200.0,-0.0390625,-1.3359375,-0.107421875
0.8101825860003373,1200.0,-0.099609375,-1.427734375,-0.2265625
0.8151594260002639,1200.0,-0.099609375,-1.427734375,-0.2265625
0.820147451000139,1200.0,-0.099609375,-1.427734375,-0.2265625
0.8251739400002407,1200.0,-0.099609375,-1.427734375,-0.2265625
0.8301492979999239,1200.0,-0.099609375,-1.427734375,-0.2265625
0.8351457680000749,1200.0,-0.099609375,-1.427734375,-0.2265625
0.8401445710001099,1200.0,-0.099609375,-1.427734375,-0.2265625
0.8451446510002825,1200.0,-0.099609375,-1.427734375,-0.2265625
0.8501467320002121,1200.0,-0.099609375,-1.427734375,-0.2265625
0.8551439430002574,1200.0,-0.099609375,-1.427734375,-0.2265625
0.8601444680002714,1200.0,-0.11328125,-1.4609375,-0.185546875
0.8651498449999053,1200.0,-0.11328125,-1.4609375,-0.185546875
0.8701465550002467,1200.0,-0.11328125,-1.4609375,-0.185546875
0.8751463580001655,1200.0,-0.11328125,-1.4609375,-0.185546875
0.8801430500002425,1200.0,-0.11328125,-1.4609375,-0.185546875
0.8851619090000895,1200.0,-0.11328125,-1.4609375,-0.185546875
0.8901781560002746,1200.0,-0.11328125,-1.4609375,-0.185546875
0.8951869780003108,1200.0,-0.11328125,-1.4609375,-0.185546875
0.9001665210003011,1200.0,-0.11328125,-1.4609375,-0.185546875
0.9051646210000399,1200.0,-0.11328125,-1.4609375,-0.185546875
0.9101595160000215,1200.0,-0.041015625,-0.95703125,-0.0703125
0.9151646710001842,1200.0,-0.041015625,-0.95703125,-0.0703125
0.9201637330002086,1200.0,-0.041015625,-0.95703125,-0.0703125
0.9251740370000334,1200.0,-0.041015625,-0.95703125,-0.0703125
0.930162227999972,1200.0,-0.041015625,-0.95703125,-0.0703125
0.935160291000102,1200.0,-0.041015625,-0.95703125,-0.0703125
0.9401584450001792,1200.0,-0.041015625,-0.95703125,-0.0703125
0.9451649890002045,1200.0,-0.041015625,-0.95703125,-0.0703125
0.9501622000002499,1200.0,-0.041015625,-0.95703125,-0.0703125
0.9551586510001471,1200.0,-0.041015625,-0.95703125,-0.0703125
0.9601584720003302,1200.0,0.0859375,-0.587890625,0.08203125
0.965166997000324,1200.0,0.0859375,-0.587890625,0.08203125
0.9701948010001615,1200.0,0.0859375,-0.587890625,0.08203125
0.9751676589999079,1200.0,0.0859375,-0.587890625,0.08203125
0.9801609430001008,1200.0,0.0859375,-0.587890625,0.08203125
0.9851806540000325,1200.0,0.0859375,-0.587890625,0.08203125
0.99025534600014,1200.0,0.0859375,-0.587890625,0.08203125
0.9951613709999947,1200.0,0.0859375,-0.587890625,0.08203125
1.000151248000293,1200.0,0.0859375,-0.587890625,0.08203125
1.0051469949999046,1200.0,0.0859375,-0.587890625,0.08203125
1.010145224000098,1200.0,0.189453125,-0.546875,0.275390625
1.0151602870000715,1200.0,0.189453125,-0.546875,0.275390625
1.0201507380002113,1200.0,0.189453125,-0.546875,0.275390625
1.025144893000288,1200.0,0.189453125,-0.546875,0.275390625
1.0301427330000479,1200.0,0.189453125,-0.546875,0.275390625
1.0352396100001897,1200.0,0.189453125,-0.546875,0.275390625
1.0401678759999413,1200.0,0.189453125,-0.546875,0.275390625
1.045155548999901,1200.0,0.189453125,-0.546875,0.275390625
1.0501442780000616,1200.0,0.189453125,-0.546875,0.275390625
1.0551495439999599,1200.0,0.189453125,-0.546875,0.275390625
1.0601472359999207,1200.0,0.25390625,-0.5546875,0.287109375
1.0651571130001685,1200.0,0.25390625,-0.5546875,0.287109375
1.0701508050001394,1200.0,0.25390625,-0.5546875,0.287109375
1.0751464780000788,1200.0,0.25390625,-0.5546875,0.287109375
1.0801770040002339,1200.0,0.25390625,-0.5546875,0.287109375
1.0851476210000328,1200.0,0.25390625,-0.5546875,0.287109375
1.090153053999984,1200.0,0.25390625,-0.5546875,0.287109375
1.095147857000029,1200.0,0.25390625,-0.5546875,0.287109375
1.1001449190002859,1200.0,0.25390625,-0.5546875,0.287109375
1.1051460369999404,1200.0,0.25390625,-0.5546875,0.287109375
1.1101463210002294,1200.0,0.142578125,-0.587890625,0.15625
1.115161235999949,1200.0,0.142578125,-0.587890625,0.15625
1.1201477610002257,1200.0,0.142578125,-0.587890625,0.15625
1.1251493409999966,1200.0,0.142578125,-0.587890625,0.15625
1.1301467930002218,1200.0,0.142578125,-0.587890625,0.15625
1.1351483359999293,1200.0,0.142578125,-0.587890625,0.15625
1.1401570100001663,1200.0,0.142578125,-0.587890625,0.15625
1.1452069239999219,1200.0,0.142578125,-0.587890625,0.15625
1.1501547820002997,1200.0,0.142578125,-0.587890625,0.15625
1.1551606600000923,1200.0,0.142578125,-0.587890625,0.15625
1.1601486660001683,1200.0,-0.083984375,-0.48828125,-0.078125
1.1651560620002783,1200.0,-0.083984375,-0.48828125,-0.078125
1.1701776059999247,1200.0,-0.083984375,-0.48828125,-0.078125
1.1751467230001253,1200.0,-0.083984375,-0.48828125,-0.078125
1.1801461370000652,1200.0,-0.083984375,-0.48828125,-0.078125
1.1851659960002507,1200.0,-0.083984375,-0.48828125,-0.078125
1.1901768360003189,1200.0,-0.083984375,-0.48828125,-0.078125
1.1951579169999604,1200.0,-0.083984375,-0.48828125,-0.078125
1.2001590720001332,1200.0,-0.083984375,-0.48828125,-0.078125
1.2051581149999038,1200.0,-0.083984375,-0.48828125,-0.078125
1.2101649930000349,1200.0,-0.126953125,-0.455078125,-0.1640625
1.2151929070000733,1200.0,-0.126953125,-0.455078125,-0.1640625
1.2203072289999,1200.0,-0.126953125,-0.455078125,-0.1640625
1.2251904200002173,1200.0,-0.126953125,-0.455078125,-0.1640625
1.2301650930003234,1200.0,-0.126953125,-0.455078125,-0.1640625
1.235189119000097,1200.0,-0.126953125,-0.455078125,-0.1640625
1.2401687360002143,1200.0,-0.126953125,-0.455078125,-0.1640625
1.245167353999932,1200.0,-0.126953125,-0.455078125,-0.1640625
1.250168880000274,1200.0,-0.126953125,-0.455078125,-0.1640625
1.2551585159999377,1200.0,-0.126953125,-0.455078125,-0.1640625
1.26017337400026,1200.0,-0.111328125,-0.533203125,-0.109375
1.2651739000002635,1200.0,-0.111328125,-0.533203125,-0.109375
1.2701609430000644,1200.0,-0.111328125,-0.533203125,-0.109375
1.2751568940002471,1200.0,-0.111328125,-0.533203125,-0.109375
1.2801601230003143,1200.0,-0.111328125,-0.533203125,-0.109375
1.285165963000054,1200.0,-0.111328125,-0.533203125,-0.109375
1.2901621740002156,1200.0,-0.111328125,-0.533203125,-0.109375
1.2951604400000178,1200.0,-0.111328125,-0.533203125,-0.109375
1.3001595020000423,1200.0,-0.111328125,-0.533203125,-0.109375
1.3051620830001411,1200.0,-0.111328125,-0.533203125,-0.109375
1.3101621270002397,1200.0,-0.04296875,-0.478515625,-0.0390625
1.3151631700002326,1200.0,-0.04296875,-0.478515625,-0.0390625
1.3201585100000557,1200.0,-0.04296875,-0.478515625,-0.0390625
1.3251597389999006,1200.0,-0.04296875,-0.478515625,-0.0390625
1.3301714130002438,1200.0,-0.04296875,-0.478515625,-0.0390625
1.3351888639999743,1200.0,-0.04296875,-0.478515625,-0.0390625
1.3401620370000273,1200.0,-0.04296875,-0.478515625,-0.0390625
1.3451605250002103,1200.0,-0.04296875,-0.478515625,-0.0390625
1.3501599950000127,1200.0,-0.04296875,-0.478515625,-0.0390625
1.355159613000069,1200.0,-0.04296875,-0.478515625,-0.0390625
1.360160063999956,1200.0,0.03125,-0.41015625,0.01953125
1.3651618110002346,1200.0,0.03125,-0.41015625,0.01953125
1.3701928180003051,1200.0,0.03125,-0.41015625,0.01953125
1.3751655660003053,1200.0,0.03125,-0.41015625,0.01953125
1.3801864430001842,1200.0,0.03125,-0.41015625,0.01953125
1.3853295980002258,1200.0,0.03125,-0.41015625,0.01953125
1.390323938000165,1200.0,0.03125,-0.41015625,0.01953125
1.3953873899999962,1200.0,0.03125,-0.41015625,0.01953125
1.400349043999995,1200.0,0.03125,-0.41015625,0.01953125
1.405389366000236,1200.0,0.03125,-0.41015625,0.01953125
1.410253539000223,1200.0,0.0703125,-0.419921875,0.064453125
1.415236138000182,1200.0,0.0703125,-0.419921875,0.064453125
1.4202868120000858,1200.0,0.0703125,-0.419921875,0.064453125
1.4254138750002312,1200.0,0.0703125,-0.419921875,0.064453125
1.4303583250002703,1200.0,0.0703125,-0.419921875,0.064453125
1.4357045560000188,1200.0,0.0703125,-0.419921875,0.064453125
1.4403760240002157,1200.0,0.0703125,-0.419921875,0.064453125
1.4453557900001215,1200.0,0.0703125,-0.419921875,0.064453125
1.4503875750001498,1200.0,0.0703125,-0.419921875,0.064453125
1.4553014329999314,1200.0,0.0703125,-0.419921875,0.064453125
1.4603595510002378,1200.0,0.064453125,-0.38671875,0.052734375
1.465336408999974,1200.0,0.064453125,-0.38671875,0.052734375
1.4702171930002805,1200.0,0.064453125,-0.38671875,0.052734375
1.475169421999908,1200.0,0.064453125,-0.38671875,0.052734375
1.4801556689999416,1200.0,0.064453125,-0.38671875,0.052734375
1.4852290100002392,1200.0,0.064453125,-0.38671875,0.052734375
1.4900942560002477,1200.0,0.064453125,-0.38671875,0.052734375
1.49508596700025,1200.0,0.064453125,-0.38671875,0.052734375
1.5000877510001374,1200.0,0.064453125,-0.38671875,0.052734375
1.5050889250001092,1200.0,0.064453125,-0.38671875,0.052734375
1.510088949999954,1200.0,0.06640625,-0.611328125,0.048828125
1.5150901970000632,1200.0,0.06640625,-0.611328125,0.048828125
1.5200848340000448,1200.0,0.06640625,-0.611328125,0.048828125
1.525085637000302,1200.0,0.06640625,-0.611328125,0.048828125
1.5300865879999037,1200.0,0.06640625,-0.611328125,0.048828125
1.5350847059999069,1200.0,0.06640625,-0.611328125,0.048828125
1.5400837490001322,1200.0,0.06640625,-0.611328125,0.048828125
1.5450846260000617,1200.0,0.06640625,-0.611328125,0.048828125
1.5500903180000023,1200.0,0.06640625,-0.611328125,0.048828125
1.5550861209999312,1200.0,0.06640625,-0.611328125,0.048828125
1.5600838690002092,1200.0,0.04296875,-0.935546875,0.02734375
1.5650890420001815,1200.0,0.04296875,-0.935546875,0.02734375
1.5701291969999147,1200.0,0.04296875,-0.935546875,0.02734375
1.5750924070002839,1200.0,0.04296875,-0.935546875,0.02734375
1.5801012659999287,1200.0,0.04296875,-0.935546875,0.02734375
1.5850892729999941,1200.0,0.04296875,-0.935546875,0.02734375
1.5901694829999542,1200.0,0.04296875,-0.935546875,0.02734375
1.595121212000322,1200.0,0.04296875,-0.935546875,0.02734375
1.600088756000332,1200.0,0.04296875,-0.935546875,0.02734375
1.6050870960002612,1200.0,0.04296875,-0.935546875,0.02734375
1.6100843250001162,1200.0,-0.08203125,-0.1484375,-0.060546875
1.6150880160002998,1200.0,-0.08203125,-0.1484375,-0.060546875
1.6200842080002076,1200.0,-0.08203125,-0.1484375,-0.060546875
1.6251407889999427,1200.0,-0.08203125,-0.1484375,-0.060546875
1.6301065550001113,1200.0,-0.08203125,-0.1484375,-0.060546875
1.6350858579999112,1200.0,-0.08203125,-0.1484375,-0.060546875
1.6400876610000523,1200.0,-0.08203125,-0.1484375,-0.060546875
1.645118297999943,1200.0,-0.08203125,-0.1484375,-0.060546875
1.6500919519999115,1200.0,-0.08203125,-0.1484375,-0.060546875
1.655088902999978,1200.0,-0.08203125,-0.1484375,-0.060546875
1.6600852990000021,1200.0,-0.01171875,0.2890625,-0.03515625
1.6650938610000594,1200.0,-0.01171875,0.2890625,-0.03515625
1.6700857939999878,1200.0,-0.01171875,0.2890625,-0.03515625
1.6750847270000122,1200.0,-0.01171875,0.2890625,-0.03515625
1.6800843070000155,1200.0,-0.01171875,0.2890625,-0.03515625
1.68508444400004,1200.0,-0.01171875,0.2890625,-0.03515625
1.6900821730000644,1200.0,-0.01171875,0.2890625,-0.03515625
1.6950814760002686,1200.0,-0.01171875,0.2890625,-0.03515625
1.7000836669999444,1200.0,-0.01171875,0.2890625,-0.03515625
1.70508498900017,1200.0,-0.01171875,0.2890625,-0.03515625
1.7100837360003425,1200.0,0.05859375,-0.080078125,0.00390625
1.7150856319999548,1200.0,0.05859375,-0.080078125,0.00390625
1.7200840089999474,1200.0,0.05859375,-0.080078125,0.00390625
1.7250845530002152,1200.0,0.05859375,-0.080078125,0.00390625
1.7300835410001127,1200.0,0.05859375,-0.080078125,0.00390625
1.735092492000149,1200.0,0.05859375,-0.080078125,0.00390625
1.7400833320002675,1200.0,0.05859375,-0.080078125,0.00390625
1.745085895000102,1200.0,0.05859375,-0.080078125,0.00390625
1.7500834570000734,1200.0,0.05859375,-0.080078125,0.00390625
1.755082666999897,1200.0,0.05859375,-0.080078125,0.00390625
1.76008235900008,1200.0,0.01171875,-0.283203125,0.037109375
1.7650889770002323,1200.0,0.01171875,-0.283203125,0.037109375
1.7701316510001561,1200.0,0.01171875,-0.283203125,0.037109375
1.7750917680000384,1200.0,0.01171875,-0.283203125,0.037109375
1.7800882380001894,1200.0,0.01171875,-0.283203125,0.037109375
1.78508496700033,1200.0,0.01171875,-0.283203125,0.037109375
1.7900829180002802,1200.0,0.01171875,-0.283203125,0.037109375
1.7950851650002733,1200.0,0.01171875,-0.283203125,0.037109375
1.8000848199999382,1200.0,0.01171875,-0.283203125,0.037109375
1.8050844190001953,1200.0,0.01171875,-0.283203125,0.037109375
1.8100813890000609,1200.0,-0.01171875,0.123046875,0.0
1.8150876370000333,1200.0,-0.01171875,0.123046875,0.0
1.8200839770001949,1200.0,-0.01171875,0.123046875,0.0
1.8250837430000502,1200.0,-0.01171875,0.123046875,0.0
1.8300867309999376,1200.0,-0.01171875,0.123046875,0.0
1.8350825340003212,1200.0,-0.01171875,0.123046875,0.0
1.8400833549999334,1200.0,-0.01171875,0.123046875,0.0
1.8451026210000236,1200.0,-0.01171875,0.123046875,0.0
1.8500842580001517,1200.0,-0.01171875,0.123046875,0.0
1.8550829680002607,1200.0,-0.01171875,0.123046875,0.0
1.8600823450001371,1200.0,-0.037109375,0.11328125,-0.025390625
1.8650877039999614,1200.0,-0.037109375,0.11328125,-0.025390625
1.8700945989999127,1200.0,-0.037109375,0.11328125,-0.025390625
1.875082994999957,1200.0,-0.037109375,0.11328125,-0.025390625
1.880083298000045,1200.0,-0.037109375,0.11328125,-0.025390625
1.8850813230001222,1200.0,-0.037109375,0.11328125,-0.025390625
1.8900834040000518,1200.0,-0.037109375,0.11328125,-0.025390625
1.8950818920002348,1200.0,-0.037109375,0.11328125,-0.025390625
1.9000856210000165,1200.0,-0.037109375,0.11328125,-0.025390625
1.9050845720003053,1200.0,-0.037109375,0.11328125,-0.025390625
1.9100878009999178,1200.0,-0.037109375,-0.208984375,0.001953125
1.9151102149999133,1200.0,-0.037109375,-0.208984375,0.001953125
1.9200890550000622,1200.0,-0.037109375,-0.208984375,0.001953125
1.9250853030002872,1200.0,-0.037109375,-0.208984375,0.001953125
1.9300837910000155,1200.0,-0.037109375,-0.208984375,0.001953125
1.9350825199999235,1200.0,-0.037109375,-0.208984375,0.001953125
1.940084582000054,1200.0,-0.037109375,-0.208984375,0.001953125
1.9450841630000468,1200.0,-0.037109375,-0.208984375,0.001953125
1.9500832070002616,1200.0,-0.037109375,-0.208984375,0.001953125
1.9550819539999793,1200.0,-0.037109375,-0.208984375,0.001953125
1.9600942199999736,1200.0,0.068359375,0.09765625,0.01171875
1.9650916900000084,1200.0,0.068359375,0.09765625,0.01171875
1.970120493000195,1200.0,0.068359375,0.09765625,0.01171875
1.9750903879998987,1200.0,0.068359375,0.09765625,0.01171875
1.9800846729999648,1200.0,0.068359375,0.09765625,0.01171875
1.9850855680001587,1200.0,0.068359375,0.09765625,0.01171875
1.990188316000058,1200.0,0.068359375,0.09765625,0.01171875
1.9950971560001562,1200.0,0.068359375,0.09765625,0.01171875
2.000088440000127,1200.0,0.068359375,0.09765625,0.01171875
2.0051237800003037,1200.0,0.068359375,0.09765625,0.01171875
2.0100939349999862,1200.0,-0.025390625,-0.01171875,0.00390625
2.015092590000222,1200.0,-0.025390625,-0.01171875,0.00390625
2.0200863740001296,1200.0,-0.025390625,-0.01171875,0.00390625
2.0250839180002913,1200.0,-0.025390625,-0.01171875,0.00390625
2.03008481400002,1200.0,-0.025390625,-0.01171875,0.00390625
2.0350843760002135,1200.0,-0.025390625,-0.01171875,0.00390625
2.0400841610003226,1200.0,-0.025390625,-0.01171875,0.00390625
2.045082870999977,1200.0,-0.025390625,-0.01171875,0.00390625
2.0500818040000013,1200.0,-0.025390625,-0.01171875,0.00390625
2.0550813840000046,1200.0,-0.025390625,-0.01171875,0.00390625
2.060083113000019,1200.0,0.001953125,-0.0078125,-0.005859375
2.0650886940002238,1200.0,0.001953125,-0.0078125,-0.005859375
2.0700833670002794,1200.0,0.001953125,-0.0078125,-0.005859375
2.0750817260000076,1200.0,0.001953125,-0.0078125,-0.005859375
2.0800821030002226,1200.0,0.001953125,-0.0078125,-0.005859375
2.0850838880000993,1200.0,0.001953125,-0.0078125,-0.005859375
2.0900819870003033,1200.0,0.001953125,-0.0078125,-0.005859375
2.095081938000021,1200.0,0.001953125,-0.0078125,-0.005859375
2.100103499999932,1200.0,0.001953125,-0.0078125,-0.005859375
2.1050870439999017,1200.0,0.001953125,-0.0078125,-0.005859375
2.1100846620001903,1200.0,0.013671875,0.033203125,0.0
2.115086428000268,1200.0,0.013671875,0.033203125,0.0
2.120082972000091,1200.0,0.013671875,0.033203125,0.0
2.125082960000327,1200.0,0.013671875,0.033203125,0.0
2.1300839479999922,1200.0,0.013671875,0.033203125,0.0
2.135083269000006,1200.0,0.013671875,0.033203125,0.0
2.140085702000306,1200.0,0.013671875,0.033203125,0.0
2.145108894000259,1200.0,0.013671875,0.033203125,0.0
2.1500965489999544,1200.0,0.013671875,0.033203125,0.0
2.155110666999917,1200.0,0.013671875,0.033203125,0.0
2.160090414000024,1200.0,-0.02734375,-0.041015625,0.0078125
2.1651180140001998,1200.0,-0.02734375,-0.041015625,0.0078125
2.170127890999993,1200.0,-0.02734375,-0.041015625,0.0078125
2.1750911379999707,1200.0,-0.02734375,-0.041015625,0.0078125
2.1800885150000795,1200.0,-0.02734375,-0.041015625,0.0078125
2.1850866509998923,1200.0,-0.02734375,-0.041015625,0.0078125
2.1900836210002126,1200.0,-0.02734375,-0.041015625,0.0078125
2.19508248000011,1200.0,-0.02734375,-0.041015625,0.0078125
2.2000830970000607,1200.0,-0.02734375,-0.041015625,0.0078125
2.2050852709999162,1200.0,-0.02734375,-0.041015625,0.0078125
2.210082963000332,1200.0,0.033203125,0.0546875,0.001953125
2.215085136000198,1200.0,0.033203125,0.0546875,0.001953125
2.220082346000254,1200.0,0.033203125,0.0546875,0.001953125
2.2250842980001835,1200.0,0.033203125,0.0546875,0.001953125
2.230082878000303,1200.0,0.033203125,0.0546875,0.001953125
2.2350903110000218,1200.0,0.033203125,0.0546875,0.001953125
2.240083965999929,1200.0,0.033203125,0.0546875,0.001953125
2.2450838800000383,1200.0,0.033203125,0.0546875,0.001953125
2.2500848499998938,1200.0,0.033203125,0.0546875,0.001953125
2.2550828190001084,1200.0,0.033203125,0.0546875,0.001953125
2.2600821589999214,1200.0,-0.033203125,-0.04296875,-0.00390625
2.2650892400001794,1200.0,-0.033203125,-0.04296875,-0.00390625
2.2700884320001933,1200.0,-0.033203125,-0.04296875,-0.00390625
2.2750848280002174,1200.0,-0.033203125,-0.04296875,-0.00390625
2.280084352999893,1200.0,-0.033203125,-0.04296875,-0.00390625
2.285083119000319,1200.0,-0.033203125,-0.04296875,-0.00390625
2.2900823479999417,1200.0,-0.033203125,-0.04296875,-0.00390625
2.295081725000273,1200.0,-0.033203125,-0.04296875,-0.00390625
2.300083194000308,1200.0,-0.033203125,-0.04296875,-0.00390625
2.3050836639999943,1200.0,-0.033203125,-0.04296875,-0.00390625
2.3100835780001034,1200.0,0.0078125,0.03515625,0.001953125
2.3150841030001175,1200.0,0.0078125,0.03515625,0.001953125
2.3200816840003426,1200.0,0.0078125,0.03515625,0.001953125
2.3250838389999444,1200.0,0.0078125,0.03515625,0.001953125
2.330082679000043,1200.0,0.0078125,0.03515625,0.001953125
2.3350822600000356,1200.0,0.0078125,0.03515625,0.001953125
2.340081247999933,1200.0,0.0078125,0.03515625,0.001953125
2.3450836440001694,1200.0,0.0078125,0.03515625,0.001953125
2.35008268699994,1200.0,0.0078125,0.03515625,0.001953125
2.3551018420002947,1200.0,0.0078125,0.03515625,0.001953125
2.3600833680002324,1200.0,0.03125,-0.01171875,0.001953125
2.365097485000206,1200.0,0.03125,-0.01171875,0.001953125
2.3701226030002545,1200.0,0.03125,-0.01171875,0.001953125
2.375090554000053,1200.0,0.03125,-0.01171875,0.001953125
2.380085839000003,1200.0,0.03125,-0.01171875,0.001953125
2.385083659999964,1200.0,0.03125,-0.01171875,0.001953125
2.390083888999925,1200.0,0.03125,-0.01171875,0.001953125
2.3950850629998968,1200.0,0.03125,-0.01171875,0.001953125
2.4000837730000057,1200.0,0.03125,-0.01171875,0.001953125
2.405084187000284,1200.0,0.03125,-0.01171875,0.001953125
2.4100815270003295,1200.0,-0.03515625,-0.005859375,0.001953125
2.415127904000201,1200.0,-0.03515625,-0.005859375,0.001953125
2.420102059000328,1200.0,-0.03515625,-0.005859375,0.001953125
2.425234029999956,1200.0,-0.03515625,-0.005859375,0.001953125
2.4301980549998916,1200.0,-0.03515625,-0.005859375,0.001953125
2.435287525000149,1200.0,-0.03515625,-0.005859375,0.001953125
2.440146937999998,1200.0,-0.03515625,-0.005859375,0.001953125
2.445091519000016,1200.0,-0.03515625,-0.005859375,0.001953125
2.450188322000031,1200.0,-0.03515625,-0.005859375,0.001953125
2.455091439000171,1200.0,-0.03515625,-0.005859375,0.001953125
2.460085354000057,1200.0,0.013671875,0.01953125,-0.009765625
2.465124842000023,1200.0,0.013671875,0.01953125,-0.009765625
2.4702685900001597,1200.0,0.013671875,0.01953125,-0.009765625
2.475284318999911,1200.0,0.013671875,0.01953125,-0.009765625
2.480240363000121,1200.0,0.013671875,0.01953125,-0.009765625
2.485118758000226,1200.0,0.013671875,0.01953125,-0.009765625
2.490096986000026,1200.0,0.013671875,0.01953125,-0.009765625
2.495089845000166,1200.0,0.013671875,0.01953125,-0.009765625
2.5000876660001268,1200.0,0.013671875,0.01953125,-0.009765625
2.50510309900028,1200.0,0.013671875,0.01953125,-0.009765625
2.5101080690001254,1200.0,-0.001953125,-0.021484375,0.001953125
2.51510870500033,1200.0,-0.001953125,-0.021484375,0.001953125
2.520090397000331,1200.0,-0.001953125,-0.021484375,0.001953125
2.5250864039999215,1200.0,-0.001953125,-0.021484375,0.001953125
2.5300847250000515,1200.0,-0.001953125,-0.021484375,0.001953125
2.535087047000161,1200.0,-0.001953125,-0.021484375,0.001953125
2.5400835350001216,1200.0,-0.001953125,-0.021484375,0.001953125
2.5450867080003263,1200.0,-0.001953125,-0.021484375,0.001953125
2.5500830850000966,1200.0,-0.001953125,-0.021484375,0.001953125
2.555082703000153,1200.0,-0.001953125,-0.021484375,0.001953125
2.560091191000083,1200.0,-0.0078125,0.03125,0.0078125
2.565098476000003,1200.0,-0.0078125,0.03125,0.0078125
2.5701292419998936,1200.0,-0.0078125,0.03125,0.0078125
2.575089823000326,1200.0,-0.0078125,0.03125,0.0078125
2.5800891260000753,1200.0,-0.0078125,0.03125,0.0078125
2.5850894290001634,1200.0,-0.0078125,0.03125,0.0078125
2.59008480600005,1200.0,-0.0078125,0.03125,0.0078125
2.595083720000275,1200.0,-0.0078125,0.03125,0.0078125
2.6000847079999403,1200.0,-0.0078125,0.03125,0.0078125
2.605083899999954,1200.0,-0.0078125,0.03125,0.0078125
2.6100852210001904,1200.0,0.0234375,-0.03125,0.0
2.6150903759998982,1200.0,0.0234375,-0.03125,0.0
2.620083827000144,1200.0,0.0234375,-0.03125,0.0
2.62508477900019,1200.0,0.0234375,-0.03125,0.0
2.630117618999975,1200.0,0.0234375,-0.03125,0.0
2.635110459000316,1200.0,0.0234375,-0.03125,0.0
2.6400890210002217,1200.0,0.0234375,-0.03125,0.0
2.6451163800002178,1200.0,0.0234375,-0.03125,0.0
2.650089237999964,1200.0,0.0234375,-0.03125,0.0
2.6550865600002,1200.0,0.0234375,-0.03125,0.0
2.6600855480000973,1200.0,-0.02734375,0.021484375,-0.001953125
2.6650957580000068,1200.0,-0.02734375,0.021484375,-0.001953125
2.670086486999935,1200.0,-0.02734375,0.021484375,-0.001953125
2.6750818640002763,1200.0,-0.02734375,0.021484375,-0.001953125
2.680082352000227,1200.0,-0.02734375,0.021484375,-0.001953125
2.6850831370002197,1200.0,-0.02734375,0.021484375,-0.001953125
2.6900834580001174,1200.0,-0.02734375,0.021484375,-0.001953125
2.6950832239999727,1200.0,-0.02734375,0.021484375,-0.001953125
2.700082713000029,1200.0,-0.02734375,0.021484375,-0.001953125
2.7050857009999163,1200.0,-0.02734375,0.021484375,-0.001953125
2.710083467000004,1200.0,0.0078125,-0.015625,0.0
2.715087770000082,1200.0,0.0078125,-0.015625,0.0
2.720083313000032,1200.0,0.0078125,-0.015625,0.0
2.7250825420001092,1200.0,0.0078125,-0.015625,0.0
2.7300836790000176,1200.0,0.0078125,-0.015625,0.0
2.7350983520000227,1200.0,0.0078125,-0.015625,0.0
2.740087637000215,1200.0,0.0078125,-0.015625,0.0
2.745083290999901,1200.0,0.0078125,-0.015625,0.0
2.750082687000031,1202.0,0.0078125,-0.015625,0.0
2.7550838420002037,1204.0,0.0078125,-0.015625,0.0
2.7600827559999743,1206.0,0.017578125,0.00390625,0.00390625
2.765087540999957,1208.0,0.017578125,0.00390625,0.00390625
2.770124232999933,1210.0,0.017578125,0.00390625,0.00390625
2.7750902759999008,1212.0,0.017578125,0.00390625,0.00390625
2.7800878200000625,1214.0,0.017578125,0.00390625,0.00390625
2.785084789999928,1216.0,0.017578125,0.00390625,0.00390625
2.790085148000344,1218.0,0.017578125,0.00390625,0.00390625
2.795082470000125,1220.0,0.017578125,0.00390625,0.00390625
2.800083217000065,1222.0,0.017578125,0.00390625,0.00390625
2.8050848350003434,1224.0,0.017578125,0.00390625,0.00390625
2.810084970999924,1226.0,-0.01171875,0.0078125,0.009765625
2.8150871820002976,1228.0,-0.01171875,0.0078125,0.009765625
2.8200828920003005,1230.0,-0.01171875,0.0078125,0.009765625
2.825084362000325,1232.0,-0.01171875,0.0078125,0.009765625
2.830084220000117,1234.0,-0.01171875,0.0078125,0.009765625
2.8350827829999616,1236.0,-0.01171875,0.0078125,0.009765625
2.840082715000335,1238.0,-0.01171875,0.0078125,0.009765625
2.845081166,1240.0,-0.01171875,0.0078125,0.009765625
2.8500835620002363,1242.0,-0.01171875,0.0078125,0.009765625
2.8551042720000623,1244.0,-0.01171875,0.0078125,0.009765625
2.860084279000148,1246.0,0.025390625,-0.0078125,0.005859375
2.865088675000152,1248.0,0.025390625,-0.0078125,0.005859375
2.870083089000218,1250.0,0.025390625,-0.0078125,0.005859375
2.875084299000264,1252.0,0.025390625,-0.0078125,0.005859375
2.8800828430003094,1254.0,0.025390625,-0.0078125,0.005859375
2.8850820900001963,1256.0,0.025390625,-0.0078125,0.005859375
2.890081060000284,1258.0,0.025390625,-0.0078125,0.005859375
2.8950816410001607,1260.0,0.025390625,-0.0078125,0.005859375
2.9000852030003443,1262.0,0.025390625,-0.0078125,0.005859375
2.9050845430001573,1264.0,0.025390625,-0.0078125,0.005859375
2.910082382999917,1266.0,0.001953125,0.0234375,0.00390625
2.9150835200002803,1268.0,0.001953125,0.0234375,0.00390625
2.920083526000326,1270.0,0.001953125,0.0234375,0.00390625
2.9250821440000436,1272.0,0.001953125,0.0234375,0.00390625
2.9300822800000788,1274.0,0.001953125,0.0234375,0.00390625
2.9350821020002513,1276.0,0.001953125,0.0234375,0.00390625
2.9400823860000855,1278.0,0.001953125,0.0234375,0.00390625
2.945084319000216,1280.0,0.001953125,0.0234375,0.00390625
2.9500834549999126,1282.0,0.001953125,0.0234375,0.00390625
2.955083351000212,1284.0,0.001953125,0.0234375,0.00390625
2.9600831360003212,1286.0,-0.005859375,-0.013671875,-0.001953125
2.9650850870002614,1288.0,-0.005859375,-0.013671875,-0.001953125
2.970156167999903,1290.0,-0.005859375,-0.013671875,-0.001953125
2.975096877999931,1292.0,-0.005859375,-0.013671875,-0.001953125
2.9800872920000074,1294.0,-0.005859375,-0.013671875,-0.001953125
2.985084910000296,1296.0,-0.005859375,-0.013671875,-0.001953125
2.990207954000198,1298.0,-0.005859375,-0.013671875,-0.001953125
2.9951044600002206,1300.0,-0.005859375,-0.013671875,-0.001953125
3.0000894300001164,1302.0,-0.005859375,-0.013671875,-0.001953125
3.0050877890002994,1304.0,-0.005859375,-0.013671875,-0.001953125
3.0100864250002815,1306.0,0.0234375,0.025390625,0.00390625
3.015093932000127,1308.0,0.0234375,0.025390625,0.00390625
3.0200875489999817,1310.0,0.0234375,0.025390625,0.00390625
3.0250861490003444,1312.0,0.0234375,0.025390625,0.00390625
3.0300853220001045,1314.0,0.0234375,0.025390625,0.00390625
3.03508410700033,1316.0,0.0234375,0.025390625,0.00390625
3.0400854100003016,1318.0,0.0234375,0.025390625,0.00390625
3.0450854159998926,1320.0,0.0234375,0.025390625,0.00390625
3.0500831640001707,1322.0,0.0234375,0.025390625,0.00390625
3.0550828929999625,1324.0,0.0234375,0.025390625,0.00390625
3.060083140000188,1326.0,-0.01171875,-0.005859375,0.005859375
3.065089702000023,1328.0,-0.01171875,-0.005859375,0.005859375
3.0700836169999093,1330.0,-0.01171875,-0.005859375,0.005859375
3.07508338200023,1332.0,-0.01171875,-0.005859375,0.005859375
3.0800822410001274,1334.0,-0.01171875,-0.005859375,0.005859375
3.0850833770000463,1336.0,-0.01171875,-0.005859375,0.005859375
3.0900834030003352,1338.0,-0.01171875,-0.005859375,0.005859375
3.0950830199999473,1340.0,-0.01171875,-0.005859375,0.005859375
3.100082398000268,1342.0,-0.01171875,-0.005859375,0.005859375
3.1050838119999753,1344.0,-0.01171875,-0.005859375,0.005859375
3.1100840409999364,1346.0,0.01171875,0.001953125,0.0
3.1150861210003313,1348.0,0.01171875,0.001953125,0.0
3.120106832000147,1350.0,0.01171875,0.001953125,0.0
3.1250843940001687,1352.0,0.01171875,0.001953125,0.0
3.1300832900001296,1354.0,0.01171875,0.001953125,0.0
3.135083184999985,1356.0,0.01171875,0.001953125,0.0
3.1400920989999577,1358.0,0.01171875,0.001953125,0.0
3.145116865000091,1360.0,0.01171875,0.001953125,0.0
3.1500905759999114,1362.0,0.01171875,0.001953125,0.0
3.155101601000297,1364.0,0.01171875,0.001953125,0.0
3.160090923000098,1366.0,0.0078125,0.01953125,0.0
3.165093466000144,1368.0,0.0078125,0.01953125,0.0
3.170127973000035,1370.0,0.0078125,0.01953125,0.0
3.1750909800002773,1372.0,0.0078125,0.01953125,0.0
3.1800872829999207,1374.0,0.0078125,0.01953125,0.0
3.1850862149999557,1376.0,0.0078125,0.01953125,0.0
3.190085222000107,1378.0,0.0078125,0.01953125,0.0
3.195083858000089,1380.0,0.0078125,0.01953125,0.0
3.200082828000177,1382.0,0.0078125,0.01953125,0.0
3.205084779000117,1384.0,0.0078125,0.01953125,0.0
3.210083656000279,1386.0,-0.013671875,0.009765625,0.00390625
3.2150875520001136,1388.0,-0.013671875,0.009765625,0.00390625
3.2200843180003176,1390.0,-0.013671875,0.009765625,0.00390625
3.225083399000141,1392.0,-0.013671875,0.009765625,0.00390625
3.230084683000314,1394.0,-0.013671875,0.009765625,0.00390625
3.2350920419999056,1396.0,-0.013671875,0.009765625,0.00390625
3.2400859370000035,1398.0,-0.013671875,0.009765625,0.00390625
3.2450847400000384,1400.0,-0.013671875,0.009765625,0.00390625
3.2500841910000418,1402.0,-0.013671875,0.009765625,0.00390625
3.2550835689999076,1404.0,-0.013671875,0.009765625,0.00390625
3.2600833530000273,1406.0,0.015625,0.015625,0.0
3.2650892860001477,1408.0,0.015625,0.015625,0.0
3.270084978000341,1410.0,0.015625,0.015625,0.0
3.2750830949999,1412.0,0.015625,0.015625,0.0
3.280083176000062,1414.0,0.015625,0.015625,0.0
3.2850829050003085,1416.0,0.015625,0.015625,0.0
3.2900827819998995,1418.0,0.015625,0.015625,0.0
3.2950820850001037,1420.0,0.015625,0.015625,0.0
3.300082092000139,1422.0,0.015625,0.015625,0.0
3.3050903950002066,1424.0,0.015625,0.015625,0.0
3.3100843830002304,1426.0,-0.01171875,0.0390625,0.005859375
3.315102594000109,1428.0,-0.01171875,0.0390625,0.005859375
3.320085656000174,1430.0,-0.01171875,0.0390625,0.005859375
3.3250860510001985,1432.0,-0.01171875,0.0390625,0.005859375
3.330083410000043,1434.0,-0.01171875,0.0390625,0.005859375
3.335083639000004,1436.0,-0.01171875,0.0390625,0.005859375
3.340083646000039,1438.0,-0.01171875,0.0390625,0.005859375
3.345105615000193,1440.0,-0.01171875,0.0390625,0.005859375
3.350192141000207,1442.0,-0.01171875,0.0390625,0.005859375
3.3550927209998918,1444.0,-0.01171875,0.0390625,0.005859375
3.3600891350001802,1446.0,0.0,0.115234375,0.00390625
3.365093827000237,1448.0,0.0,0.115234375,0.00390625
3.370132279000245,1450.0,0.0,0.115234375,0.00390625
3.3751406000001225,1452.0,0.0,0.115234375,0.00390625
3.380087533000278,1454.0,0.0,0.115234375,0.00390625
3.3850850389999323,1456.0,0.0,0.115234375,0.00390625
3.3900843420001365,1458.0,0.0,0.115234375,0.00390625
3.395083868000256,1460.0,0.0,0.115234375,0.00390625
3.4000924850001866,1462.0,0.0,0.115234375,0.00390625
3.405086529000073,1464.0,0.0,0.115234375,0.00390625
3.4100842210000337,1466.0,0.021484375,0.17578125,0.009765625
3.4150873389999106,1468.0,0.021484375,0.17578125,0.009765625
3.420098383000095,1470.0,0.021484375,0.17578125,0.009765625
3.4252416120002636,1472.0,0.021484375,0.17578125,0.009765625
3.4301989340001455,1474.0,0.021484375,0.17578125,0.009765625
3.435310922000099,1476.0,0.021484375,0.17578125,0.009765625
3.440157632000137,1478.0,0.021484375,0.17578125,0.009765625
3.4450955269999213,1480.0,0.021484375,0.17578125,0.009765625
3.450205257000107,1482.0,0.021484375,0.17578125,0.009765625
3.455100207000214,1484.0,0.021484375,0.17578125,0.009765625
3.4600879180002266,1486.0,-0.01171875,0.255859375,0.001953125
3.4651182020002125,1488.0,-0.01171875,0.255859375,0.001953125
3.4700952270000016,1490.0,-0.01171875,0.255859375,0.001953125
3.4750879930002156,1492.0,-0.01171875,0.255859375,0.001953125
3.4800857780001024,1494.0,-0.01171875,0.255859375,0.001953125
3.4851147660001516,1496.0,-0.01171875,0.255859375,0.001953125
3.490093347000311,1498.0,-0.01171875,0.255859375,0.001953125
3.495085539000229,1500.0,-0.01171875,0.255859375,0.001953125
3.500087564000296,1502.0,-0.01171875,0.255859375,0.001953125
3.5050870150002993,1504.0,-0.01171875,0.255859375,0.001953125
3.51008470700026,1506.0,-0.0078125,0.32421875,-0.013671875
3.5150858060001156,1508.0,-0.0078125,0.32421875,-0.013671875
3.5200838870000553,1510.0,-0.0078125,0.32421875,-0.013671875
3.5250854490000165,1512.0,-0.0078125,0.32421875,-0.013671875
3.530083826000009,1514.0,-0.0078125,0.32421875,-0.013671875
3.535082667000097,1516.0,-0.0078125,0.32421875,-0.013671875
3.540082655000333,1518.0,-0.0078125,0.32421875,-0.013671875
3.545083717000125,1520.0,-0.0078125,0.32421875,-0.013671875
3.5500836870000967,1522.0,-0.0078125,0.32421875,-0.013671875
3.5550826930002586,1524.0,-0.0078125,0.32421875,-0.013671875
3.5600852000002305,1526.0,-0.009765625,0.3828125,-0.009765625
3.5650983549999182,1528.0,-0.009765625,0.3828125,-0.009765625
3.5701318619999256,1530.0,-0.009765625,0.3828125,-0.009765625
3.5750909610001145,1532.0,-0.009765625,0.3828125,-0.009765625
3.5800916339999276,1534.0,-0.009765625,0.3828125,-0.009765625
3.58508769700029,1536.0,-0.009765625,0.3828125,-0.009765625
3.590092370000093,1538.0,-0.009765625,0.3828125,-0.009765625
3.5951291730002595,1540.0,-0.009765625,0.3828125,-0.009765625
3.6000896240002476,1542.0,-0.009765625,0.3828125,-0.009765625
3.6050865380002506,1544.0,-0.009765625,0.3828125,-0.009765625
3.610083730000042,1546.0,0.0,0.43359375,0.01171875
3.6150873480000882,1548.0,0.0,0.43359375,0.01171875
3.6200839840003027,1550.0,0.0,0.43359375,0.01171875
3.625111416999971,1552.0,0.0,0.43359375,0.01171875
3.6300872760002676,1554.0,0.0,0.43359375,0.01171875
3.6351071710000724,1556.0,0.0,0.43359375,0.01171875
3.640085214999999,1558.0,0.0,0.43359375,0.01171875
3.645123574000081,1560.0,0.0,0.43359375,0.01171875
3.650092839000081,1562.0,0.0,0.43359375,0.01171875
3.655089253999904,1564.0,0.0,0.43359375,0.01171875
3.6600866860003407,1566.0,0.017578125,0.46875,0.01171875
3.6650899520000166,1568.0,0.017578125,0.46875,0.01171875
3.6700877000002947,1570.0,0.017578125,0.46875,0.01171875
3.675084280000192,1572.0,0.017578125,0.46875,0.01171875
3.680084509000153,1574.0,0.017578125,0.46875,0.01171875
3.685084626999924,1576.0,0.017578125,0.46875,0.01171875
3.6900845039999695,1578.0,0.017578125,0.46875,0.01171875
3.6950837520003006,1580.0,0.017578125,0.46875,0.01171875
3.7000837030000184,1582.0,0.017578125,0.46875,0.01171875
3.705083487000138,1584.0,0.017578125,0.46875,0.01171875
3.710082476000025,1586.0,-0.015625,0.505859375,0.0078125
3.715085575000103,1588.0,-0.015625,0.505859375,0.0078125
3.7200844700000744,1590.0,-0.015625,0.505859375,0.0078125
3.725083236000046,1592.0,-0.015625,0.505859375,0.0078125
3.730083539000134,1594.0,-0.015625,0.505859375,0.0078125
3.7350894910000534,1596.0,-0.015625,0.505859375,0.0078125
3.740084553000088,1598.0,-0.015625,0.505859375,0.0078125
3.745086060000176,1600.0,-0.015625,0.505859375,0.0078125
3.750083437000285,1602.0,-0.015625,0.505859375,0.0078125
3.755083425000066,1604.0,-0.015625,0.505859375,0.0078125
3.760082450000027,1606.0,-0.021484375,0.533203125,-0.001953125
3.7650894010002958,1608.0,-0.021484375,0.533203125,-0.001953125
3.7701286120000077,1610.0,-0.021484375,0.533203125,-0.001953125
3.775090081000144,1612.0,-0.021484375,0.533203125,-0.001953125
3.780086088000189,1614.0,-0.021484375,0.533203125,-0.001953125
3.7850848540001607,1616.0,-0.021484375,0.533203125,-0.001953125
3.79008476800027,1618.0,-0.021484375,0.533203125,-0.001953125
3.7950824790000297,1620.0,-0.021484375,0.533203125,-0.001953125
3.8000824300002023,1622.0,-0.021484375,0.533203125,-0.001953125
3.805084177000026,1624.0,0.0390625,0.564453125,0.02734375
3.8100872770000933,1626.0,0.0390625,0.564453125,0.02734375
3.8150850609999907,1628.0,0.0390625,0.564453125,0.02734375
3.8200837160002266,1630.0,0.0390625,0.564453125,0.02734375
3.8250838150001982,1632.0,0.0390625,0.564453125,0.02734375
3.8300829150002755,1634.0,0.0390625,0.564453125,0.02734375
3.835098625000228,1636.0,0.0390625,0.564453125,0.02734375
3.840083871999923,1638.0,0.0390625,0.564453125,0.02734375
3.8450837680002223,1640.0,0.0390625,0.564453125,0.02734375
3.8500829970002997,1642.0,0.0390625,0.564453125,0.02734375
3.8550829670002713,1644.0,0.00390625,0.60546875,0.0234375
3.8600850470002115,1646.0,0.00390625,0.60546875,0.0234375
3.865084147000289,1648.0,0.00390625,0.60546875,0.0234375
3.8700840980000066,1650.0,0.00390625,0.60546875,0.0234375
3.8750817160002953,1652.0,0.00390625,0.60546875,0.0234375
3.8800841850002143,1654.0,0.00390625,0.60546875,0.0234375
3.8850958030002403,1656.0,0.00390625,0.60546875,0.0234375
3.8900833470002,1658.0,0.00390625,0.60546875,0.0234375
3.8950820390000445,1660.0,0.00390625,0.60546875,0.0234375
3.9000888969999323,1662.0,0.00390625,0.60546875,0.0234375
3.905085737000263,1664.0,-0.00390625,0.64453125,-0.013671875
3.910087078000288,1666.0,-0.00390625,0.64453125,-0.013671875
3.915082325000185,1668.0,-0.00390625,0.64453125,-0.013671875
3.920082480000019,1670.0,-0.00390625,0.64453125,-0.013671875
3.925082857000234,1672.0,-0.00390625,0.64453125,-0.013671875
3.9300823640001,1674.0,-0.00390625,0.64453125,-0.013671875
3.9350822219998918,1676.0,-0.00390625,0.64453125,-0.013671875
3.94008263600017,1678.0,-0.00390625,0.64453125,-0.013671875
3.9450821989998985,1680.0,-0.00390625,0.64453125,-0.013671875
3.9500825760001135,1682.0,-0.00390625,0.64453125,-0.013671875
3.9550823419999688,1684.0,-0.02734375,0.697265625,-0.025390625
3.9600846080002157,1686.0,-0.02734375,0.697265625,-0.025390625
3.965084132999891,1688.0,-0.02734375,0.697265625,-0.025390625
3.9701188250000996,1690.0,-0.02734375,0.697265625,-0.025390625
3.975089424000089,1692.0,-0.02734375,0.697265625,-0.025390625
3.9800850229999014,1694.0,-0.02734375,0.697265625,-0.025390625
3.985085512000296,1696.0,-0.02734375,0.697265625,-0.025390625
3.990175704000194,1698.0,-0.02734375,0.697265625,-0.025390625
3.995157914000174,1700.0,-0.02734375,0.697265625,-0.025390625
4.000092235000011,1702.0,-0.02734375,0.697265625,-0.025390625
4.005088372000046,1704.0,-0.00390625,0.751953125,0.0
4.010092729999997,1706.0,-0.00390625,0.751953125,0.0
4.015084106999893,1708.0,-0.00390625,0.751953125,0.0
4.020083540000087,1710.0,-0.00390625,0.751953125,0.0
4.025083399000323,1712.0,-0.00390625,0.751953125,0.0
4.030084239000189,1714.0,-0.00390625,0.751953125,0.0
4.0350832270000865,1716.0,-0.00390625,0.751953125,0.0
4.040082862999952,1718.0,-0.00390625,0.751953125,0.0
4.045084000000315,1720.0,-0.00390625,0.751953125,0.0
4.0500831730000755,1722.0,-0.00390625,0.751953125,0.0
4.055083272000047,1724.0,0.015625,0.802734375,0.017578125
4.060087112000019,1726.0,0.015625,0.802734375,0.017578125
4.065083859999959,1728.0,0.015625,0.802734375,0.017578125
4.0700833290002265,1730.0,0.015625,0.802734375,0.017578125
4.075082781000219,1732.0,0.015625,0.802734375,0.017578125
4.080083195000043,1734.0,0.015625,0.802734375,0.017578125
4.085082813000099,1736.0,0.015625,0.802734375,0.017578125
4.090083375000177,1738.0,0.015625,0.802734375,0.017578125
4.095082307000212,1740.0,0.015625,0.802734375,0.017578125
4.100082314000247,1742.0,0.015625,0.802734375,0.017578125
4.105084580000039,1744.0,-0.005859375,0.876953125,0.013671875
4.110086013,1746.0,-0.005859375,0.876953125,0.013671875
4.115083723000225,1748.0,-0.005859375,0.876953125,0.013671875
4.120083211000292,1750.0,-0.005859375,0.876953125,0.013671875
4.125083663000169,1752.0,-0.005859375,0.876953125,0.013671875
4.130083706000278,1754.0,-0.005859375,0.876953125,0.013671875
4.135082269000122,1756.0,-0.005859375,0.876953125,0.013671875
4.140112311999928,1758.0,-0.005859375,0.876953125,0.013671875
4.14509265200013,1760.0,-0.005859375,0.876953125,0.013671875
4.150105604000146,1762.0,-0.005859375,0.876953125,0.013671875
4.155101666000064,1764.0,-0.01171875,0.98046875,-0.009765625
4.1600938950000454,1766.0,-0.01171875,0.98046875,-0.009765625
4.165087272000164,1768.0,-0.01171875,0.98046875,-0.009765625
4.17012505699995,1770.0,-0.01171875,0.98046875,-0.009765625
4.175092063000193,1772.0,-0.01171875,0.98046875,-0.009765625
4.180087884999921,1774.0,-0.01171875,0.98046875,-0.009765625
4.185083853999913,1776.0,-0.01171875,0.98046875,-0.009765625
4.190082731000075,1778.0,-0.01171875,0.98046875,-0.009765625
4.195081719999962,1780.0,-0.01171875,0.98046875,-0.009765625
4.200082874000145,1782.0,-0.01171875,0.98046875,-0.009765625
4.205084659000022,1784.0,-0.009765625,1.064453125,-0.009765625
4.210087017000205,1786.0,-0.009765625,1.064453125,-0.009765625
4.215082765000261,1788.0,-0.009765625,1.064453125,-0.009765625
4.220081827000286,1790.0,-0.009765625,1.064453125,-0.009765625
4.2250848890003,1792.0,-0.009765625,1.064453125,-0.009765625
4.23008272900006,1794.0,-0.009765625,1.064453125,-0.009765625
4.235089570000127,1796.0,-0.009765625,1.064453125,-0.009765625
4.240084891000151,1798.0,-0.009765625,1.064453125,-0.009765625
4.245177565000176,1800.0,-0.009765625,1.064453125,-0.009765625
4.250094330000138,1800.0,-0.009765625,1.064453125,-0.009765625
4.255086985000162,1800.0,-0.015625,1.1640625,0.001953125
4.260092565999912,1800.0,-0.015625,1.1640625,0.001953125
4.265086054000221,1800.0,-0.015625,1.1640625,0.001953125
4.270085024000309,1800.0,-0.015625,1.1640625,0.001953125
4.275083975000143,1800.0,-0.015625,1.1640625,0.001953125
4.280084148000242,1800.0,-0.015625,1.1640625,0.001953125
4.285083600000235,1800.0,-0.015625,1.1640625,0.001953125
4.290082865999921,1800.0,-0.015625,1.1640625,0.001953125
4.295106132000001,1800.0,-0.015625,1.1640625,0.001953125
4.300113101000079,1800.0,-0.015625,1.1640625,0.001953125
4.305107274999955,1800.0,-0.00390625,1.265625,0.0078125
4.310093318000327,1800.0,-0.00390625,1.265625,0.0078125
4.315084935999948,1800.0,-0.00390625,1.265625,0.0078125
4.320085943000322,1800.0,-0.00390625,1.265625,0.0078125
4.3251119680003285,1800.0,-0.00390625,1.265625,0.0078125
4.330087456000001,1800.0,-0.00390625,1.265625,0.0078125
4.335083445000237,1800.0,-0.00390625,1.265625,0.0078125
4.340083451000282,1800.0,-0.00390625,1.265625,0.0078125
4.345085642999948,1800.0,-0.00390625,1.265625,0.0078125
4.350083872000141,1800.0,-0.00390625,1.265625,0.0078125
4.355082601000049,1800.0,-0.013671875,1.3984375,-0.00390625
4.360086737000074,1800.0,-0.013671875,1.3984375,-0.00390625
4.365083503000278,1800.0,-0.013671875,1.3984375,-0.00390625
4.370127344000139,1800.0,-0.013671875,1.3984375,-0.00390625
4.375088961000074,1800.0,-0.013671875,1.3984375,-0.00390625
4.380085115999918,1800.0,-0.013671875,1.3984375,-0.00390625
4.385084197000197,1800.0,-0.013671875,1.3984375,-0.00390625
4.390082963000168,1800.0,-0.013671875,1.3984375,-0.00390625
4.3950985989999936,1800.0,-0.013671875,1.3984375,-0.00390625
4.400089699000091,1800.0,-0.013671875,1.3984375,-0.00390625
4.405086112999925,1800.0,-0.017578125,1.5,-0.017578125
4.410089527000309,1800.0,-0.017578125,1.5,-0.017578125
4.415084515000217,1800.0,-0.017578125,1.5,-0.017578125
4.420096133000243,1800.0,-0.017578125,1.5,-0.017578125
4.425261270000192,1800.0,-0.017578125,1.5,-0.017578125
4.430269666000186,1800.0,-0.017578125,1.5,-0.017578125
4.435233616999994,1800.0,-0.017578125,1.5,-0.017578125
4.4401251230001435,1800.0,-0.017578125,1.5,-0.017578125
4.445212334000189,1800.0,-0.017578125,1.5,-0.017578125
4.450368508000338,1800.0,-0.017578125,1.5,-0.017578125
4.4551307169999745,1800.0,-0.0078125,1.595703125,-0.015625
4.460127334999925,1800.0,-0.0078125,1.595703125,-0.015625
4.465105452999978,1800.0,-0.0078125,1.595703125,-0.015625
4.470120552000026,1800.0,-0.0078125,1.595703125,-0.015625
4.475094762000026,1800.0,-0.0078125,1.595703125,-0.015625
4.480087342999923,1800.0,-0.0078125,1.595703125,-0.015625
4.4851085350001085,1800.0,-0.0078125,1.595703125,-0.015625
4.490090208000311,1800.0,-0.0078125,1.595703125,-0.015625
4.495085808000113,1800.0,-0.0078125,1.595703125,-0.015625
4.50008383300019,1800.0,-0.0078125,1.595703125,-0.015625
4.505087264999929,1800.0,-0.0234375,1.673828125,-0.001953125
4.510091439000007,1800.0,-0.0234375,1.673828125,-0.001953125
4.515086742000221,1800.0,-0.0234375,1.673828125,-0.001953125
4.520084508000309,1800.0,-0.0234375,1.673828125,-0.001953125
4.525083736999932,1800.0,-0.0234375,1.673828125,-0.001953125
4.530083373000252,1800.0,-0.0234375,1.673828125,-0.001953125
4.535085547000108,1800.0,-0.0234375,1.673828125,-0.001953125
4.540083701000185,1800.0,-0.0234375,1.673828125,-0.001953125
4.54508383800021,1800.0,-0.0234375,1.673828125,-0.001953125
4.550083658999938,1800.0,-0.0234375,1.673828125,-0.001953125
4.55508349899992,1800.0,-0.01171875,1.755859375,0.001953125
4.560094690999904,1800.0,-0.01171875,1.755859375,0.001953125
4.565087864999896,1800.0,-0.01171875,1.755859375,0.001953125
4.570129111999904,1800.0,-0.01171875,1.755859375,0.001953125
4.5750974890002,1800.0,-0.01171875,1.755859375,0.001953125
4.580088365999927,1800.0,-0.01171875,1.755859375,0.001953125
4.5850998730002175,1800.0,-0.01171875,1.755859375,0.001953125
4.590088342999934,1800.0,-0.01171875,1.755859375,0.001953125
4.595083496999905,1800.0,-0.01171875,1.755859375,0.001953125
4.600084523000078,1800.0,-0.01171875,1.755859375,0.001953125
4.605083640999965,1800.0,-0.017578125,1.841796875,-0.001953125
4.610116907000247,1800.0,-0.017578125,1.841796875,-0.001953125
4.615088560999993,1800.0,-0.017578125,1.841796875,-0.001953125
4.620086346000335,1800.0,-0.017578125,1.841796875,-0.001953125
4.625085038000179,1800.0,-0.017578125,1.841796875,-0.001953125
4.630084156000066,1800.0,-0.017578125,1.841796875,-0.001953125
4.635083977000249,1800.0,-0.017578125,1.841796875,-0.001953125
4.640082983999946,1800.0,-0.017578125,1.841796875,-0.001953125
4.645088565000151,1800.0,-0.017578125,1.841796875,-0.001953125
4.650104757000008,1800.0,-0.017578125,1.841796875,-0.001953125
4.655109060000086,1800.0,-0.01953125,1.904296875,-0.01953125
4.660105510999983,1800.0,-0.01953125,1.904296875,-0.01953125
4.66508816600026,1800.0,-0.01953125,1.904296875,-0.01953125
4.670085043000199,1800.0,-0.01953125,1.904296875,-0.01953125
4.675083346000065,1800.0,-0.01953125,1.904296875,-0.01953125
4.680085834000238,1800.0,-0.01953125,1.904296875,-0.01953125
4.68508569200003,1800.0,-0.01953125,1.904296875,-0.01953125
4.69008482900017,1800.0,-0.01953125,1.904296875,-0.01953125
4.695083669000269,1800.0,-0.01953125,1.904296875,-0.01953125
4.70008256400024,1800.0,-0.01953125,1.904296875,-0.01953125
4.705085886000234,1800.0,-0.00390625,1.888671875,-0.0390625
4.710088430000269,1800.0,-0.00390625,1.888671875,-0.0390625
4.71508465900024,1800.0,-0.00390625,1.888671875,-0.0390625
4.720083591000275,1800.0,-0.00390625,1.888671875,-0.0390625
4.725115708999965,1800.0,-0.00390625,1.888671875,-0.0390625
4.730090234000272,1800.0,-0.00390625,1.888671875,-0.0390625
4.735089315000096,1800.0,-0.00390625,1.888671875,-0.0390625
4.740086063000035,1800.0,-0.00390625,1.888671875,-0.0390625
4.745085162000123,1800.0,-0.00390625,1.888671875,-0.0390625
4.750087002000328,1800.0,-0.00390625,1.888671875,-0.0390625
4.755084119999992,1800.0,-0.009765625,1.71484375,-0.046875
4.760088127000017,1800.0,-0.009765625,1.71484375,-0.046875
4.765083596000295,1800.0,-0.009765625,1.71484375,-0.046875
4.7701240290002715,1800.0,-0.009765625,1.71484375,-0.046875
4.77509077600007,1800.0,-0.009765625,1.71484375,-0.046875
4.780085691000295,1800.0,-0.009765625,1.71484375,-0.046875
4.785084938000182,1800.0,-0.009765625,1.71484375,-0.046875
4.79008390800027,1800.0,-0.009765625,1.71484375,-0.046875
4.795083970000178,1800.0,-0.009765625,1.71484375,-0.046875
4.800084087999949,1800.0,-0.009765625,1.71484375,-0.046875
4.805084706000343,1800.0,0.01953125,1.439453125,-0.04296875
4.810091694000221,1800.0,0.01953125,1.439453125,-0.04296875
4.815084200000001,1800.0,0.01953125,1.439453125,-0.04296875
4.820083095999962,1800.0,0.01953125,1.439453125,-0.04296875
4.825084214000071,1800.0,0.01953125,1.439453125,-0.04296875
4.830083017000106,1800.0,0.01953125,1.439453125,-0.04296875
4.8350829310002155,1800.0,0.01953125,1.439453125,-0.04296875
4.8400849560002825,1800.0,0.01953125,1.439453125,-0.04296875
4.845084351999958,1800.0,0.01953125,1.439453125,-0.04296875
4.850085451000268,1800.0,0.01953125,1.439453125,-0.04296875
4.855083291000028,1800.0,0.005859375,1.28125,-0.0234375
4.860086650000085,1800.0,0.005859375,1.28125,-0.0234375
4.86508400799994,1800.0,0.005859375,1.28125,-0.0234375
4.870087478000187,1800.0,0.005859375,1.28125,-0.0234375
4.875083226000243,1800.0,0.005859375,1.28125,-0.0234375
4.880083473000013,1800.0,0.005859375,1.28125,-0.0234375
4.885082201999921,1800.0,0.005859375,1.28125,-0.0234375
4.890083079000306,1800.0,0.005859375,1.28125,-0.0234375
4.895083141000214,1800.0,0.005859375,1.28125,-0.0234375
4.900087315000292,1800.0,0.005859375,1.28125,-0.0234375
4.905098377000286,1800.0,-0.046875,1.138671875,0.048828125
4.910087828000087,1800.0,-0.046875,1.138671875,0.048828125
4.915098761000081,1800.0,-0.046875,1.138671875,0.048828125
4.920090655999957,1800.0,-0.046875,1.138671875,0.048828125
4.925085756000044,1800.0,-0.046875,1.138671875,0.048828125
4.930092521999995,1800.0,-0.046875,1.138671875,0.048828125
4.935084047000146,1800.0,-0.046875,1.138671875,0.048828125
4.940084868000213,1800.0,-0.046875,1.138671875,0.048828125
4.945084801000121,1800.0,-0.046875,1.138671875,0.048828125
4.950083845000336,1800.0,-0.046875,1.138671875,0.048828125
4.955083518000265,1800.0,-0.0703125,0.943359375,0.07421875
4.960087006000322,1800.0,-0.0703125,0.943359375,0.07421875
4.965084642999955,1800.0,-0.0703125,0.943359375,0.07421875
4.970124686999952,1800.0,-0.0703125,0.943359375,0.07421875
4.975091064000026,1800.0,-0.0703125,0.943359375,0.07421875
4.980085219000102,1800.0,-0.0703125,0.943359375,0.07421875
4.985101392000161,1800.0,-0.0703125,0.943359375,0.07421875
4.990088343000025,1800.0,-0.0703125,0.943359375,0.07421875
4.995198998999967,1800.0,-0.0703125,0.943359375,0.07421875
5.0000975050002125,1800.0,-0.0703125,0.943359375,0.07421875
5.0050915480001095,1800.0,-0.005859375,0.708984375,0.015625
5.010092796000208,1800.0,-0.005859375,0.708984375,0.015625
5.015089653999894,1800.0,-0.005859375,0.708984375,0.015625
5.020091123999919,1800.0,-0.005859375,0.708984375,0.015625
5.025087557000006,1800.0,-0.005859375,0.708984375,0.015625
5.030084619000263,1800.0,-0.005859375,0.708984375,0.015625
5.035083867000139,1800.0,-0.005859375,0.708984375,0.015625
5.040164670000195,1800.0,-0.005859375,0.708984375,0.015625
5.045110639000086,1800.0,-0.005859375,0.708984375,0.015625
5.050091757000246,1800.0,-0.005859375,0.708984375,0.015625
5.0550844859999415,1800.0,0.0078125,0.603515625,-0.0078125
5.060092974000327,1800.0,0.0078125,0.603515625,-0.0078125
5.065087185000266,1800.0,0.0078125,0.603515625,-0.0078125
5.0700858770001105,1800.0,0.0078125,0.603515625,-0.0078125
5.075087994000114,1800.0,0.0078125,0.603515625,-0.0078125
5.080085723000138,1800.0,0.0078125,0.603515625,-0.0078125
5.085084434000237,1800.0,0.0078125,0.603515625,-0.0078125
5.0900897370001985,1800.0,0.0078125,0.603515625,-0.0078125
5.095083409999916,1800.0,0.0078125,0.603515625,-0.0078125
5.100083139000162,1800.0,0.0078125,0.603515625,-0.0078125
5.105087479000304,1800.0,-0.0234375,0.529296875,-0.005859375
5.110088449000159,1800.0,-0.0234375,0.529296875,-0.005859375
5.115084585000204,1800.0,-0.0234375,0.529296875,-0.005859375
5.120083498999975,1800.0,-0.0234375,0.529296875,-0.005859375
5.125084580000021,1800.0,-0.0234375,0.529296875,-0.005859375
5.1300830130003305,1800.0,-0.0234375,0.529296875,-0.005859375
5.135082816000249,1800.0,-0.0234375,0.529296875,-0.005859375
5.140087581999978,1800.0,-0.0234375,0.529296875,-0.005859375
5.145083643999897,1800.0,-0.0234375,0.529296875,-0.005859375
5.15011881800001,1800.0,-0.0234375,0.529296875,-0.005859375
5.155106935000276,1800.0,0.041015625,0.451171875,-0.048828125
5.160102848999941,1800.0,0.041015625,0.451171875,-0.048828125
5.165091762999964,1800.0,0.041015625,0.451171875,-0.048828125
5.1701280669999505,1800.0,0.041015625,0.451171875,-0.048828125
5.17509479499995,1800.0,0.041015625,0.451171875,-0.048828125
5.180089154000143,1800.0,0.041015625,0.451171875,-0.048828125
5.185088587000337,1800.0,0.041015625,0.451171875,-0.048828125
5.190086519000033,1800.0,0.041015625,0.451171875,-0.048828125
5.195083784999952,1800.0,0.041015625,0.451171875,-0.048828125
5.200083088000156,1800.0,0.041015625,0.451171875,-0.048828125
5.205086298999959,1800.0,0.052734375,0.33203125,-0.044921875
5.210095287000058,1800.0,0.052734375,0.33203125,-0.044921875
5.215084220000335,1800.0,0.052734375,0.33203125,-0.044921875
5.220083523000085,1800.0,0.052734375,0.33203125,-0.044921875
5.225086418000046,1800.0,0.052734375,0.33203125,-0.044921875
5.2300913690000925,1800.0,0.052734375,0.33203125,-0.044921875
5.235102524000013,1800.0,0.052734375,0.33203125,-0.044921875
5.240089438000268,1800.0,0.052734375,0.33203125,-0.044921875
5.2450857600001655,1800.0,0.052734375,0.33203125,-0.044921875
5.250084507000338,1800.0,0.052734375,0.33203125,-0.044921875
5.255083366000235,1800.0,-0.025390625,0.2734375,0.025390625
5.260090206000314,1800.0,-0.025390625,0.2734375,0.025390625
5.265087712999957,1800.0,-0.025390625,0.2734375,0.025390625
5.270105460000195,1800.0,-0.025390625,0.2734375,0.025390625
5.275086522000038,1800.0,-0.025390625,0.2734375,0.025390625
5.280083733000083,1800.0,-0.025390625,0.2734375,0.025390625
5.285089406000225,1800.0,-0.025390625,0.2734375,0.025390625
5.290086931000133,1800.0,-0.025390625,0.2734375,0.025390625
5.29508362300021,1800.0,-0.025390625,0.2734375,0.025390625
5.300083389000065,1800.0,-0.025390625,0.2734375,0.025390625
5.305084989000079,1800.0,-0.068359375,0.224609375,0.060546875
5.310093366000274,1800.0,-0.068359375,0.224609375,0.060546875
5.315085149999959,1800.0,-0.068359375,0.224609375,0.060546875
5.32008524999992,1800.0,-0.068359375,0.224609375,0.060546875
5.325085701000262,1800.0,-0.068359375,0.224609375,0.060546875
5.330088058999991,1800.0,-0.068359375,0.224609375,0.060546875
5.3350835470000675,1800.0,-0.068359375,0.224609375,0.060546875
5.340082591000282,1800.0,-0.068359375,0.224609375,0.060546875
5.345084042000053,1800.0,-0.068359375,0.224609375,0.060546875
5.35008195599994,1800.0,-0.068359375,0.224609375,0.060546875
5.355082574000335,1800.0,-0.029296875,0.2109375,0.021484375
5.3600864509999155,1800.0,-0.029296875,0.2109375,0.021484375
5.365082791000077,1800.0,-0.029296875,0.2109375,0.021484375
5.3701217240000005,1800.0,-0.029296875,0.2109375,0.021484375
5.375088452999989,1800.0,-0.029296875,0.2109375,0.021484375
5.380087330000151,1800.0,-0.029296875,0.2109375,0.021484375
5.385090596000282,1800.0,-0.029296875,0.2109375,0.021484375
5.390086455000073,1800.0,-0.029296875,0.2109375,0.021484375
5.395093053999972,1800.0,-0.029296875,0.2109375,0.021484375
5.400089282999943,1800.0,-0.029296875,0.2109375,0.021484375
5.4050891050001155,1800.0,0.048828125,0.158203125,-0.041015625
5.410092573999918,1800.0,0.048828125,0.158203125,-0.041015625
5.415103470000304,1800.0,0.048828125,0.158203125,-0.041015625
5.420098940000116,1800.0,0.048828125,0.158203125,-0.041015625
5.42523694700003,1800.0,0.048828125,0.158203125,-0.041015625
5.43019152800025,1800.0,0.048828125,0.158203125,-0.041015625
5.435284201000286,1800.0,0.048828125,0.158203125,-0.041015625
5.440142855999966,1800.0,0.048828125,0.158203125,-0.041015625
5.4450919360001535,1800.0,0.048828125,0.158203125,-0.041015625
5.450089369000125,1800.0,0.048828125,0.158203125,-0.041015625
5.4551925430000665,1800.0,0.009765625,0.119140625,-0.01953125
5.460101475000101,1800.0,0.009765625,0.119140625,-0.01953125
5.465089685000294,1800.0,0.009765625,0.119140625,-0.01953125
5.470101710000108,1800.0,0.009765625,0.119140625,-0.01953125
5.475088069000321,1800.0,0.009765625,0.119140625,-0.01953125
5.480086631000177,1800.0,0.009765625,0.119140625,-0.01953125
5.485087619000296,1800.0,0.009765625,0.119140625,-0.01953125
5.490084848000151,1800.0,0.009765625,0.119140625,-0.01953125
5.4950884660001975,1800.0,0.009765625,0.119140625,-0.01953125
5.50009326899999,1800.0,0.009765625,0.119140625,-0.01953125
5.505093424000279,1800.0,-0.00390625,0.12109375,0.001953125
5.510098578999987,1800.0,-0.00390625,0.12109375,0.001953125
5.515088956,1800.0,-0.00390625,0.12109375,0.001953125
5.520085741000003,1800.0,-0.00390625,0.12109375,0.001953125
5.525089358000059,1800.0,-0.00390625,0.12109375,0.001953125
5.530087217000073,1800.0,-0.00390625,0.12109375,0.001953125
5.535084594000182,1800.0,-0.00390625,0.12109375,0.001953125
5.5400828970000475,1800.0,-0.00390625,0.12109375,0.001953125
5.545093441000063,1800.0,-0.00390625,0.12109375,0.001953125
5.55010200300012,1800.0,-0.00390625,0.12109375,0.001953125
5.555095806000281,1800.0,-0.02734375,0.1328125,0.013671875
5.560092165000242,1800.0,-0.02734375,0.1328125,0.013671875
5.565094744999897,1800.0,-0.02734375,0.1328125,0.013671875
5.570123177999903,1800.0,-0.02734375,0.1328125,0.013671875
5.575095702999988,1800.0,-0.02734375,0.1328125,0.013671875
5.580089025000234,1800.0,-0.02734375,0.1328125,0.013671875
5.5851100869999755,1800.0,-0.02734375,0.1328125,0.013671875
5.590087482999934,1800.0,-0.02734375,0.1328125,0.013671875
5.595130359999985,1800.0,-0.02734375,0.1328125,0.013671875
5.6000962370003435,1800.0,-0.02734375,0.1328125,0.013671875
5.605093225000019,1800.0,0.013671875,0.154296875,-0.00390625
5.610095917000308,1800.0,0.013671875,0.154296875,-0.00390625
5.615085461000035,1800.0,0.013671875,0.154296875,-0.00390625
5.620084560000123,1800.0,0.013671875,0.154296875,-0.00390625
5.625087715000063,1800.0,0.013671875,0.154296875,-0.00390625
5.630086259000109,1800.0,0.013671875,0.154296875,-0.00390625
5.635083154000313,1800.0,0.013671875,0.154296875,-0.00390625
5.640086160999999,1800.0,0.013671875,0.154296875,-0.00390625
5.645086279000225,1800.0,0.013671875,0.154296875,-0.00390625
5.650116471000274,1800.0,0.013671875,0.154296875,-0.00390625
5.655088107000211,1800.0,0.0,0.169921875,-0.01953125
5.66009140999995,1800.0,0.0,0.169921875,-0.01953125
5.665088102000027,1800.0,0.0,0.169921875,-0.01953125
5.670104776000244,1800.0,0.0,0.169921875,-0.01953125
5.675119689999974,1800.0,0.0,0.169921875,-0.01953125
5.680086826000206,1800.0,0.0,0.169921875,-0.01953125
5.6850847770001565,1800.0,0.0,0.169921875,-0.01953125
5.690083784000308,1800.0,0.0,0.169921875,-0.01953125
5.695087308999973,1800.0,0.0,0.169921875,-0.01953125
5.7000900200000615,1800.0,0.0,0.169921875,-0.01953125
5.705094859999917,1800.0,0.0078125,0.130859375,-0.0078125
5.710091939999984,1800.0,0.0078125,0.130859375,-0.0078125
5.715082392000113,1800.0,0.0078125,0.130859375,-0.0078125
5.720087158000297,1800.0,0.0078125,0.130859375,-0.0078125
5.725087146000078,1800.0,0.0078125,0.130859375,-0.0078125
5.730082412000229,1800.0,0.0078125,0.130859375,-0.0078125
5.735082567000063,1800.0,0.0078125,0.130859375,-0.0078125
5.740096036000068,1800.0,0.0078125,0.130859375,-0.0078125
5.745088136000049,1800.0,0.0078125,0.130859375,-0.0078125
5.7500860130003275,1800.0,0.0078125,0.130859375,-0.0078125
5.755082649000087,1800.0,0.00390625,0.09375,0.001953125
5.76008732199989,1800.0,0.00390625,0.09375,0.001953125
5.765085459000147,1800.0,0.00390625,0.09375,0.001953125
5.770128872999976,1800.0,0.00390625,0.09375,0.001953125
5.7750911570001335,1800.0,0.00390625,0.09375,0.001953125
5.780085923000115,1800.0,0.00390625,0.09375,0.001953125
5.785084986000129,1800.0,0.00390625,0.09375,0.001953125
5.790088955000101,1800.0,0.00390625,0.09375,0.001953125
5.795087073000104,1800.0,0.00390625,0.09375,0.001953125
5.800103080000099,1800.0,0.00390625,0.09375,0.001953125
5.805086401000153,1800.0,-0.015625,0.109375,0.015625
5.810088575000009,1800.0,-0.015625,0.109375,0.015625
5.815087156000118,1800.0,-0.015625,0.109375,0.015625
5.820088422000026,1800.0,-0.015625,0.109375,0.015625
5.825085336000029,1800.0,-0.015625,0.109375,0.015625
5.830084749999969,1800.0,-0.015625,0.109375,0.015625
5.835081849000289,1800.0,-0.015625,0.109375,0.015625
5.840084374000071,1800.0,-0.015625,0.109375,0.015625
5.845084252000106,1800.0,-0.015625,0.109375,0.015625
5.850084369000342,1800.0,-0.015625,0.109375,0.015625
5.855083042999922,1800.0,-0.00390625,0.09765625,0.0
5.860085753000021,1800.0,-0.00390625,0.09765625,0.0
5.8650884640001095,1800.0,-0.00390625,0.09765625,0.0
5.870085544000176,1800.0,-0.00390625,0.09765625,0.0
5.875083070000073,1800.0,-0.00390625,0.09765625,0.0
5.880083502000161,1800.0,-0.00390625,0.09765625,0.0
5.885083472000133,1800.0,-0.00390625,0.09765625,0.0
5.890085644999999,1800.0,-0.00390625,0.09765625,0.0
5.89508479999995,1800.0,-0.00390625,0.09765625,0.0
5.900083343999995,1800.0,-0.00390625,0.09765625,0.0
5.905090703000042,1800.0,0.001953125,0.13671875,-0.00390625
5.910096117000194,1800.0,0.001953125,0.13671875,-0.00390625
5.9150891419999425,1800.0,0.001953125,0.13671875,-0.00390625
5.920084778000273,1800.0,0.001953125,0.13671875,-0.00390625
5.925099933000183,1800.0,0.001953125,0.13671875,-0.00390625
5.930084070000248,1800.0,0.001953125,0.13671875,-0.00390625
5.935084835999987,1800.0,0.001953125,0.13671875,-0.00390625
5.940085824000107,1800.0,0.001953125,0.13671875,-0.00390625
5.945085368000036,1800.0,0.001953125,0.13671875,-0.00390625
5.950082856000336,1800.0,0.001953125,0.13671875,-0.00390625
5.95508154800018,1800.0,0.01171875,0.150390625,0.0
5.960088240000005,1800.0,0.01171875,0.150390625,0.0
5.965086319999955,1800.0,0.01171875,0.150390625,0.0
5.970110123000268,1800.0,0.01171875,0.150390625,0.0
5.975087149000046,1800.0,0.01171875,0.150390625,0.0
5.98008513700006,1800.0,0.01171875,0.150390625,0.0
5.985089457999948,1800.0,0.01171875,0.150390625,0.0
5.990086280000014,1800.0,0.01171875,0.150390625,0.0
5.995177565000176,1800.0,0.01171875,0.150390625,0.0
6.000091404000159,1800.0,0.01171875,0.150390625,0.0
6.005092059000162,1800.0,-0.015625,0.015625,0.005859375
6.010096622000219,1800.0,-0.015625,0.015625,0.005859375
6.01508633200001,1800.0,-0.015625,0.015625,0.005859375
6.020085005000055,1800.0,-0.015625,0.015625,0.005859375
6.025183104999996,1800.0,-0.015625,0.015625,0.005859375
6.030116871000246,1800.0,-0.015625,0.015625,0.005859375
6.0351478590000625,1800.0,-0.015625,0.015625,0.005859375
6.040099921000092,1800.0,-0.015625,0.015625,0.005859375
6.045087669000168,1800.0,-0.015625,0.015625,0.005859375
6.050086601000203,1800.0,-0.015625,0.015625,0.005859375
6.055086960000153,1800.0,0.001953125,-0.08203125,0.00390625
6.060107041000265,1800.0,0.001953125,-0.08203125,0.00390625
6.065089140000055,1800.0,0.001953125,-0.08203125,0.00390625
6.07008551700028,1800.0,0.001953125,-0.08203125,0.00390625
6.075083931000336,1800.0,0.001953125,-0.08203125,0.00390625
6.080086456000117,1800.0,0.001953125,-0.08203125,0.00390625
6.085087944999941,1800.0,0.001953125,-0.08203125,0.00390625
6.0901013030002105,1800.0,0.001953125,-0.08203125,0.00390625
6.095085477000339,1800.0,0.001953125,-0.08203125,0.00390625
6.100084780000088,1800.0,0.001953125,-0.08203125,0.00390625
6.105091527000241,1800.0,0.00390625,-0.041015625,-0.00390625
6.1100977380001495,1800.0,0.00390625,-0.041015625,-0.00390625
6.115087392000078,1800.0,0.00390625,-0.041015625,-0.00390625
6.120083788000102,1800.0,0.00390625,-0.041015625,-0.00390625
6.125085684000169,1800.0,0.00390625,-0.041015625,-0.00390625
6.1300933200000145,1800.0,0.00390625,-0.041015625,-0.00390625
6.135084696999911,1800.0,0.00390625,-0.041015625,-0.00390625
6.140090500000042,1800.0,0.00390625,-0.041015625,-0.00390625
6.145088413999929,1800.0,0.00390625,-0.041015625,-0.00390625
6.1501133840001785,1800.0,0.00390625,-0.041015625,-0.00390625
6.15510390899999,1800.0,-0.001953125,0.03515625,-0.00390625
6.1600981750002575,1800.0,-0.001953125,0.03515625,-0.00390625
6.165088719000323,1800.0,-0.001953125,0.03515625,-0.00390625
6.170122170000013,1800.0,-0.001953125,0.03515625,-0.00390625
6.1750872880002134,1800.0,-0.001953125,0.03515625,-0.00390625
6.180107165000209,1800.0,-0.001953125,0.03515625,-0.00390625
6.185087930999998,1800.0,-0.001953125,0.03515625,-0.00390625
6.190086549000171,1800.0,-0.001953125,0.03515625,-0.00390625
6.195081741000195,1800.0,-0.001953125,0.03515625,-0.00390625
6.200081970000156,1800.0,-0.001953125,0.03515625,-0.00390625
6.205087662000096,1800.0,0.009765625,0.06640625,0.001953125
6.210090113000206,1800.0,0.009765625,0.06640625,0.001953125
6.215083249000145,1800.0,0.009765625,0.06640625,0.001953125
6.220081830000254,1800.0,0.009765625,0.06640625,0.001953125
6.225084948000131,1800.0,0.009765625,0.06640625,0.001953125
6.230085065999901,1800.0,0.009765625,0.06640625,0.001953125
6.235084183000254,1800.0,0.009765625,0.06640625,0.001953125
6.240092263999941,1800.0,0.009765625,0.06640625,0.001953125
6.2450857890003135,1800.0,0.009765625,0.06640625,0.001953125
6.250093537000339,1798.0,0.009765625,0.06640625,0.001953125
6.255086525000024,1796.0,-0.00390625,-0.013671875,0.001953125
6.260087328000282,1794.0,-0.00390625,-0.013671875,0.001953125
6.265085205000105,1792.0,-0.00390625,-0.013671875,0.001953125
6.270082119000108,1790.0,-0.00390625,-0.013671875,0.001953125
6.275085737000154,1788.0,-0.00390625,-0.013671875,0.001953125
6.2800880590002635,1786.0,-0.00390625,-0.013671875,0.001953125
6.285086546999992,1784.0,-0.00390625,-0.013671875,0.001953125
6.290107183000146,1782.0,-0.00390625,-0.013671875,0.001953125
6.295082968000315,1780.0,-0.00390625,-0.013671875,0.001953125
6.300084549000076,1778.0,-0.00390625,-0.013671875,0.001953125
6.305085055000291,1776.0,0.001953125,-0.04296875,-0.001953125
6.310089394999977,1774.0,0.001953125,-0.04296875,-0.001953125
6.315110161000121,1772.0,0.001953125,-0.04296875,-0.001953125
6.320089520000238,1770.0,0.001953125,-0.04296875,-0.001953125
6.325089064000167,1768.0,0.001953125,-0.04296875,-0.001953125
6.330086070000107,1766.0,0.001953125,-0.04296875,-0.001953125
6.335082688000057,1764.0,0.001953125,-0.04296875,-0.001953125
6.340083084000071,1762.0,0.001953125,-0.04296875,-0.001953125
6.3450866650000535,1760.0,0.001953125,-0.04296875,-0.001953125
6.3500872829999935,1758.0,0.001953125,-0.04296875,-0.001953125
6.355084159999933,1756.0,0.021484375,0.0,-0.009765625
6.3600880920002965,1754.0,0.021484375,0.0,-0.009765625
6.365083784000035,1752.0,0.021484375,0.0,-0.009765625
6.37011069800019,1750.0,0.021484375,0.0,-0.009765625
6.375103131000287,1748.0,0.021484375,0.0,-0.009765625
6.380089285999929,1746.0,0.021484375,0.0,-0.009765625
6.385086884999964,1744.0,0.021484375,0.0,-0.009765625
6.390083873000094,1742.0,0.021484375,0.0,-0.009765625
6.395085454000309,1740.0,0.021484375,0.0,-0.009765625
6.400086202000239,1738.0,0.021484375,0.0,-0.009765625
6.405091931000243,1736.0,0.0,0.01953125,-0.00390625
6.410092030000214,1734.0,0.0,0.01953125,-0.00390625
6.415082870000333,1732.0,0.0,0.01953125,-0.00390625
6.4201006359999155,1730.0,0.0,0.01953125,-0.00390625
6.425235903000157,1728.0,0.0,0.01953125,-0.00390625
6.430188224000176,1726.0,0.0,0.01953125,-0.00390625
6.435341713000071,1724.0,0.0,0.01953125,-0.00390625
6.440152219000083,1722.0,0.0,0.01953125,-0.00390625
6.445094984000207,1720.0,0.0,0.01953125,-0.00390625
6.450092880000284,1718.0,0.0,0.01953125,-0.00390625
6.455204054000205,1716.0,0.001953125,-0.0078125,0.001953125
6.460105931000271,1714.0,0.001953125,-0.0078125,0.001953125
6.465092251999977,1712.0,0.001953125,-0.0078125,0.001953125
6.470111962999908,1710.0,0.001953125,-0.0078125,0.001953125
6.475096395000037,1708.0,0.001953125,-0.0078125,0.001953125
6.480086531000325,1706.0,0.001953125,-0.0078125,0.001953125
6.485097575000054,1704.0,0.001953125,-0.0078125,0.001953125
6.490197712000281,1702.0,0.001953125,-0.0078125,0.001953125
6.495188885000061,1700.0,0.001953125,-0.0078125,0.001953125
6.500188725000044,1698.0,0.001953125,-0.0078125,0.001953125
6.505190473000312,1696.0,-0.001953125,-0.0234375,0.001953125
6.510189498000273,1694.0,-0.001953125,-0.0234375,0.001953125
6.5151776900002005,1692.0,-0.001953125,-0.0234375,0.001953125
6.520197493000069,1690.0,-0.001953125,-0.0234375,0.001953125
6.525190222000219,1688.0,-0.001953125,-0.0234375,0.001953125
6.530178766000063,1686.0,-0.001953125,-0.0234375,0.001953125
6.535177865000151,1684.0,-0.001953125,-0.0234375,0.001953125
6.540177964000122,1682.0,-0.001953125,-0.0234375,0.001953125
6.5451907120000214,1680.0,-0.001953125,-0.0234375,0.001953125
6.550187292999908,1678.0,-0.001953125,-0.0234375,0.001953125
6.555177835999984,1676.0,-0.01171875,-0.015625,0.0
6.560186973000327,1674.0,-0.01171875,-0.015625,0.0
6.56518257200014,1672.0,-0.01171875,-0.015625,0.0
6.5702435610000975,1670.0,-0.01171875,-0.015625,0.0
6.575192919000074,1668.0,-0.01171875,-0.015625,0.0
6.580184333000034,1666.0,-0.01171875,-0.015625,0.0
6.58520526600023,1664.0,-0.01171875,-0.015625,0.0
6.590155902000333,1662.0,-0.01171875,-0.015625,0.0
6.5951486490002935,1660.0,-0.01171875,-0.015625,0.0
6.600196507999954,1658.0,-0.01171875,-0.015625,0.0
6.605159941000238,1656.0,0.01953125,-0.013671875,-0.005859375
6.6101546509999025,1654.0,0.01953125,-0.013671875,-0.005859375
6.615150268999969,1652.0,0.01953125,-0.013671875,-0.005859375
6.62015086800011,1650.0,0.01953125,-0.013671875,-0.005859375
6.625148355999954,1648.0,0.01953125,-0.013671875,-0.005859375
6.630169900000055,1646.0,0.01953125,-0.013671875,-0.005859375
6.635150739999972,1644.0,0.01953125,-0.013671875,-0.005859375
6.64015115400025,1642.0,0.01953125,-0.013671875,-0.005859375
6.645148513000095,1640.0,0.01953125,-0.013671875,-0.005859375
6.650177427000017,1638.0,0.01953125,-0.013671875,-0.005859375
6.655148600000302,1636.0,0.00390625,-0.03515625,-0.00390625
6.660155885000222,1634.0,0.00390625,-0.03515625,-0.00390625
6.66515618800031,1632.0,0.00390625,-0.03515625,-0.00390625
6.670147934999932,1630.0,0.00390625,-0.03515625,-0.00390625
6.675145294000231,1628.0,0.00390625,-0.03515625,-0.00390625
6.680287820000103,1626.0,0.00390625,-0.03515625,-0.00390625
6.685168882000198,1624.0,0.00390625,-0.03515625,-0.00390625
6.690160203000232,1622.0,0.00390625,-0.03515625,-0.00390625
6.695186172999911,1620.0,0.00390625,-0.03515625,-0.00390625
6.700146513000163,1618.0,0.00390625,-0.03515625,-0.00390625
6.705148870999892,1616.0,0.001953125,-0.0390625,-0.001953125
6.710156674000245,1614.0,0.001953125,-0.0390625,-0.001953125
6.715150366000216,1612.0,0.001953125,-0.0390625,-0.001953125
6.720153780000146,1610.0,0.001953125,-0.0390625,-0.001953125
6.7251532499999485,1608.0,0.001953125,-0.0390625,-0.001953125
6.730145016000279,1606.0,0.001953125,-0.0390625,-0.001953125
6.735149338000156,1604.0,0.001953125,-0.0390625,-0.001953125
6.740164104000087,1602.0,0.001953125,-0.0390625,-0.001953125
6.745149740000215,1600.0,0.001953125,-0.0390625,-0.001953125
6.750146950000271,1598.0,0.001953125,-0.0390625,-0.001953125
6.755141401999936,1596.0,0.00390625,-0.05078125,0.0
6.760159296999973,1594.0,0.00390625,-0.05078125,0.0
6.765151396999954,1592.0,0.00390625,-0.05078125,0.0
6.770200348000344,1590.0,0.00390625,-0.05078125,0.0
6.775167392000185,1588.0,0.00390625,-0.05078125,0.0
6.780147139000292,1586.0,0.00390625,-0.05078125,0.0
6.7851541830000315,1584.0,0.00390625,-0.05078125,0.0
6.790149097000267,1582.0,0.00390625,-0.05078125,0.0
6.795143677999931,1580.0,0.00390625,-0.05078125,0.0
6.800145999000051,1578.0,0.00390625,-0.05078125,0.0
6.805147895000118,1576.0,-0.005859375,-0.072265625,0.0
6.810155383000165,1574.0,-0.005859375,-0.072265625,0.0
6.815145149000273,1572.0,-0.005859375,-0.072265625,0.0
6.820146136999938,1570.0,-0.005859375,-0.072265625,0.0
6.825144680999983,1568.0,-0.005859375,-0.072265625,0.0
6.8301460400002725,1566.0,-0.005859375,-0.072265625,0.0
6.835148472000128,1564.0,-0.005859375,-0.072265625,0.0
6.8401484420001,1562.0,-0.005859375,-0.072265625,0.0
6.8451438750003035,1560.0,-0.005859375,-0.072265625,0.0
6.850143474000106,1558.0,-0.005859375,-0.072265625,0.0
6.855146277000131,1556.0,0.00390625,-0.08984375,0.0
6.860153097999955,1554.0,0.00390625,-0.08984375,0.0
6.865145661000042,1552.0,0.00390625,-0.08984375,0.0
6.870146759999898,1550.0,0.00390625,-0.08984375,0.0
6.875143822000155,1548.0,0.00390625,-0.08984375,0.0
6.880249274000107,1546.0,0.00390625,-0.08984375,0.0
6.885169984000186,1544.0,0.00390625,-0.08984375,0.0
6.890150991000155,1542.0,0.00390625,-0.08984375,0.0
6.8951465899999675,1540.0,0.00390625,-0.08984375,0.0
6.9001448560002245,1538.0,0.00390625,-0.08984375,0.0
6.905156215000261,1536.0,0.00390625,-0.08984375,0.0
6.910157850999894,1534.0,0.00390625,-0.08984375,0.0
6.915146801999981,1532.0,0.00390625,-0.08984375,0.0
6.920145531000344,1530.0,0.00390625,-0.08984375,0.0
6.925145001000146,1528.0,0.00390625,-0.08984375,0.0
6.930150099999992,1526.0,0.00390625,-0.08984375,0.0
6.935149570000249,1524.0,0.00390625,-0.08984375,0.0
6.940144502000294,1522.0,0.00390625,-0.08984375,0.0
6.945169360999898,1520.0,0.00390625,-0.08984375,0.0
6.950148331000037,1518.0,0.00390625,-0.08984375,0.0
6.955148578000262,1516.0,0.0,-0.1328125,-0.00390625
6.960148159000255,1514.0,0.0,-0.1328125,-0.00390625
6.965145462000237,1512.0,0.0,-0.1328125,-0.00390625
6.970179876000202,1510.0,0.0,-0.1328125,-0.00390625
6.975170457000331,1508.0,0.0,-0.1328125,-0.00390625
6.980153075000089,1506.0,0.0,-0.1328125,-0.00390625
6.985150156000145,1504.0,0.0,-0.1328125,-0.00390625
6.990147033000085,1502.0,0.0,-0.1328125,-0.00390625
6.9952513920002275,1500.0,0.0,-0.1328125,-0.00390625
7.000165972000104,1500,0.0,-0.1328125,-0.00390625
7.0051496270002644,1500,0.015625,-0.169921875,-0.009765625
7.010153486000036,1500,0.015625,-0.169921875,-0.009765625
7.015144640000017,1500,0.015625,-0.169921875,-0.009765625
7.020143405999988,1500,0.015625,-0.169921875,-0.009765625
7.025150413000119,1500,0.015625,-0.169921875,-0.009765625
7.030151975000081,1500,0.015625,-0.169921875,-0.009765625
7.035152871000264,1500,0.015625,-0.169921875,-0.009765625
7.040147359000002,1500,0.015625,-0.169921875,-0.009765625
7.045149144000334,1500,0.015625,-0.169921875,-0.009765625
7.050149668999893,1500,0.015625,-0.169921875,-0.009765625
7.05514648999997,1500,-0.001953125,-0.1953125,0.001953125
7.06014492300028,1500,-0.001953125,-0.1953125,0.001953125
7.065148559000136,1500,-0.001953125,-0.1953125,0.001953125
7.070145177000086,1500,-0.001953125,-0.1953125,0.001953125
7.0751464990003115,1500,-0.001953125,-0.1953125,0.001953125
7.080145950000315,1500,-0.001953125,-0.1953125,0.001953125
7.085144104999927,1500,-0.001953125,-0.1953125,0.001953125
7.090143630000057,1500,-0.001953125,-0.1953125,0.001953125
7.095146470000145,1500,-0.001953125,-0.1953125,0.001953125
7.100143866000053,1500,-0.01953125,-0.224609375,0.015625
7.105152021000322,1500,-0.01953125,-0.224609375,0.015625
7.110143583000081,1500,-0.01953125,-0.224609375,0.015625
7.115141016000052,1500,-0.01953125,-0.224609375,0.015625
7.120146763000321,1500,-0.01953125,-0.224609375,0.015625
7.125146714000039,1500,-0.01953125,-0.224609375,0.015625
7.130144221000137,1500,-0.01953125,-0.224609375,0.015625
7.135141691000172,1500,-0.01953125,-0.224609375,0.015625
7.140154622999944,1500,-0.01953125,-0.224609375,0.015625
7.145148667000285,1500,-0.01953125,-0.224609375,0.015625
7.150180211000134,1500,0.001953125,-0.24609375,0.01171875
7.1551720140000725,1500,0.001953125,-0.24609375,0.01171875
7.160147909999978,1500,0.001953125,-0.24609375,0.01171875
7.165150324000024,1500,0.001953125,-0.24609375,0.01171875
7.170218127000226,1500,0.001953125,-0.24609375,0.01171875
7.175173652000012,1500,0.001953125,-0.24609375,0.01171875
7.1801508070002455,1500,0.001953125,-0.24609375,0.01171875
7.185270092000337,1500,0.001953125,-0.24609375,0.01171875
7.19017156100017,1500,0.001953125,-0.24609375,0.01171875
7.195153512000161,1500,0.001953125,-0.24609375,0.01171875
7.200181852000242,1500,0.001953125,-0.263671875,-0.0078125
7.205156600000009,1500,0.001953125,-0.263671875,-0.0078125
7.210144977000255,1500,0.001953125,-0.263671875,-0.0078125
7.21514996499991,1500,0.001953125,-0.263671875,-0.0078125
7.220150601000114,1500,0.001953125,-0.263671875,-0.0078125
7.2251506450002125,1500,0.001953125,-0.263671875,-0.0078125
7.230144948000088,1500,0.001953125,-0.263671875,-0.0078125
7.235143529000197,1500,0.001953125,-0.263671875,-0.0078125
7.24015727699998,1500,0.001953125,-0.263671875,-0.0078125
7.2451472830002785,1500,0.001953125,-0.263671875,-0.0078125
7.250144011999964,1500,0.013671875,-0.283203125,-0.0078125
7.255149593000169,1500,0.013671875,-0.283203125,-0.0078125
7.260171210999943,1500,0.013671875,-0.283203125,-0.0078125
7.265151309999965,1500,0.013671875,-0.283203125,-0.0078125
7.270145243000115,1500,0.013671875,-0.283203125,-0.0078125
7.275144861000172,1500,0.013671875,-0.283203125,-0.0078125
7.280145330000323,1500,0.013671875,-0.283203125,-0.0078125
7.285146763000284,1500,0.013671875,-0.283203125,-0.0078125
7.290150733000246,1500,0.013671875,-0.283203125,-0.0078125
7.295146758000101,1500,0.013671875,-0.283203125,-0.0078125
7.300143079000009,1500,-0.00390625,-0.298828125,0.005859375
7.3051562900000135,1500,-0.00390625,-0.298828125,0.005859375
7.310145296999963,1500,-0.00390625,-0.298828125,0.005859375
7.315147396000157,1500,-0.00390625,-0.298828125,0.005859375
7.3201457539998955,1500,-0.00390625,-0.298828125,0.005859375
7.325144168999941,1500,-0.00390625,-0.298828125,0.005859375
7.330142490000071,1500,-0.00390625,-0.298828125,0.005859375
7.335145664000265,1500,-0.00390625,-0.298828125,0.005859375
7.340158837000217,1500,-0.00390625,-0.298828125,0.005859375
7.345155029000125,1500,-0.00390625,-0.298828125,0.005859375
7.350144684000043,1500,-0.0078125,-0.31640625,0.01171875
7.3551477089999935,1500,-0.0078125,-0.31640625,0.01171875
7.360151697000219,1500,-0.0078125,-0.31640625,0.01171875
7.3652717420000045,1500,-0.0078125,-0.31640625,0.01171875
7.370169711000017,1500,-0.0078125,-0.31640625,0.01171875
7.375188273000276,1500,-0.0078125,-0.31640625,0.01171875
7.380147354000201,1500,-0.0078125,-0.31640625,0.01171875
7.38515745299992,1500,-0.0078125,-0.31640625,0.01171875
7.390151866999986,1500,-0.0078125,-0.31640625,0.01171875
7.395146373999978,1500,-0.0078125,-0.31640625,0.01171875
7.400144547000309,1500,0.0078125,-0.333984375,-0.001953125
7.405165701999977,1500,0.0078125,-0.333984375,-0.001953125
7.410151393999968,1500,0.0078125,-0.333984375,-0.001953125
7.415146067000023,1500,0.0078125,-0.333984375,-0.001953125
7.420201704000192,1500,0.0078125,-0.333984375,-0.001953125
7.425321359999998,1500,0.0078125,-0.333984375,-0.001953125
7.430279255000187,1500,0.0078125,-0.333984375,-0.001953125
7.435276077000253,1500,0.0078125,-0.333984375,-0.001953125
7.44024747200001,1500,0.0078125,-0.333984375,-0.001953125
7.445151571000224,1500,0.0078125,-0.333984375,-0.001953125
7.450146226000015,1500,0.009765625,-0.3515625,-0.0078125
7.4552978440001425,1500,0.009765625,-0.3515625,-0.0078125
7.4601754240002265,1500,0.009765625,-0.3515625,-0.0078125
7.465153319999899,1500,0.009765625,-0.3515625,-0.0078125
7.470168049000222,1500,0.009765625,-0.3515625,-0.0078125
7.475152926000192,1500,0.009765625,-0.3515625,-0.0078125
7.48015297000029,1500,0.009765625,-0.3515625,-0.0078125
7.485178329000064,1500,0.009765625,-0.3515625,-0.0078125
7.490183446000174,1500,0.009765625,-0.3515625,-0.0078125
7.495158471000195,1500,0.009765625,-0.3515625,-0.0078125
7.500162830000136,1500,0.0078125,-0.3671875,0.0
7.50517605899995,1500,0.0078125,-0.3671875,0.0
7.510163509999984,1500,0.0078125,-0.3671875,0.0
7.515160739000294,1500,0.0078125,-0.3671875,0.0
7.520158579000054,1500,0.0078125,-0.3671875,0.0
7.525162493000153,1500,0.0078125,-0.3671875,0.0
7.530338445000325,1500,0.0078125,-0.3671875,0.0
7.535239581000042,1500,0.0078125,-0.3671875,0.0
7.540173458000027,1500,0.0078125,-0.3671875,0.0
7.545174650000263,1500,0.0078125,-0.3671875,0.0
7.550173230999917,1500,0.0,-0.3828125,0.0078125
7.555173719000322,1500,0.0,-0.3828125,0.0078125
7.560160374000134,1500,0.0,-0.3828125,0.0078125
7.565161029000137,1500,0.0,-0.3828125,0.0078125
7.570156017000045,1500,0.0,-0.3828125,0.0078125
7.575221154000246,1500,0.0,-0.3828125,0.0078125
7.580177937999906,1500,0.0,-0.3828125,0.0078125
7.585175574000004,1500,0.0,-0.3828125,0.0078125
7.590165859000081,1500,0.0,-0.3828125,0.0078125
7.595196254000257,1500,0.0,-0.3828125,0.0078125
7.6001564460002555,1500,-0.00390625,-0.396484375,0.005859375
7.605157008000333,1500,-0.00390625,-0.396484375,0.005859375
7.610145978000219,1500,-0.00390625,-0.396484375,0.005859375
7.615144800000053,1500,-0.00390625,-0.396484375,0.005859375
7.62014441700012,1500,-0.00390625,-0.396484375,0.005859375
7.625151517000177,1500,-0.00390625,-0.396484375,0.005859375
7.630146986,1500,-0.00390625,-0.396484375,0.005859375
7.6351722899999,1500,-0.00390625,-0.396484375,0.005859375
7.640167722000115,1500,-0.00390625,-0.396484375,0.005859375
7.645157377000032,1500,-0.00390625,-0.396484375,0.005859375
7.650186514000325,1500,0.009765625,-0.41015625,0.0
7.655167094000262,1500,0.009765625,-0.41015625,0.0
7.660156675000053,1500,0.009765625,-0.41015625,0.0
7.665148682000108,1500,0.009765625,-0.41015625,0.0
7.670154281000123,1500,0.009765625,-0.41015625,0.0
7.675149231999967,1500,0.009765625,-0.41015625,0.0
7.680146572000012,1500,0.009765625,-0.41015625,0.0
7.6851449119999415,1500,0.009765625,-0.41015625,0.0
7.690146234000167,1500,0.009765625,-0.41015625,0.0
7.695147315000213,1500,0.009765625,-0.41015625,0.0
7.700149618000069,1500,0.0078125,-0.42578125,-0.001953125
7.7051545869999245,1500,0.0078125,-0.42578125,-0.001953125
7.710145150000244,1500,0.0078125,-0.42578125,-0.001953125
7.715177915999902,1500,0.0078125,-0.42578125,-0.001953125
7.720148922000135,1500,0.0078125,-0.42578125,-0.001953125
7.725147003000075,1500,0.0078125,-0.42578125,-0.001953125
7.730145010000342,1500,0.0078125,-0.42578125,-0.001953125
7.735141701999964,1500,0.0078125,-0.42578125,-0.001953125
7.74016809800014,1500,0.0078125,-0.42578125,-0.001953125
7.745185419000336,1500,0.0078125,-0.42578125,-0.001953125
7.750163852000242,1500,0.00390625,-0.439453125,0.0
7.755180433000078,1500,0.00390625,-0.439453125,0.0
7.760147810000035,1500,0.00390625,-0.439453125,0.0
7.765144835000228,1500,0.00390625,-0.439453125,0.0
7.770149989999936,1500,0.00390625,-0.439453125,0.0
7.775179348000165,1500,0.00390625,-0.439453125,0.0
7.780148522000218,1500,0.00390625,-0.439453125,0.0
7.785150251000232,1500,0.00390625,-0.439453125,0.0
7.79015298000013,1500,0.00390625,-0.439453125,0.0
7.795167486000082,1500,0.00390625,-0.439453125,0.0
7.800163530000191,1500,0.001953125,-0.455078125,0.00390625
7.805170093000015,1500,0.001953125,-0.455078125,0.00390625
7.810157765999975,1500,0.001953125,-0.455078125,0.00390625
7.8151666799999475,1500,0.001953125,-0.455078125,0.00390625
7.820168168000237,1500,0.001953125,-0.455078125,0.00390625
7.825162823000028,1500,0.001953125,-0.455078125,0.00390625
7.830156756000179,1500,0.001953125,-0.455078125,0.00390625
7.835159150999971,1500,0.001953125,-0.455078125,0.00390625
7.840169880000303,1500,0.001953125,-0.455078125,0.00390625
7.845170258000053,1500,0.001953125,-0.455078125,0.00390625
7.850163745999907,1500,0.0,-0.46484375,0.001953125
7.855166660000123,1500,0.0,-0.46484375,0.001953125
7.860160981000263,1500,0.0,-0.46484375,0.001953125
7.8651612660000865,1500,0.0,-0.46484375,0.001953125
7.870160550000037,1500,0.0,-0.46484375,0.001953125
7.87515770500022,1500,0.0,-0.46484375,0.001953125
7.880158416000086,1500,0.0,-0.46484375,0.001953125
7.885158866999973,1500,0.0,-0.46484375,0.001953125
7.890162781000072,1500,0.0,-0.46484375,0.001953125
7.895168732000002,1500,0.0,-0.46484375,0.001953125
7.900158183000258,1500,0.009765625,-0.478515625,0.0
7.905160616000103,1500,0.009765625,-0.478515625,0.0
7.910149012000147,1500,0.009765625,-0.478515625,0.0
7.915146666000055,1500,0.009765625,-0.478515625,0.0
7.920162562000314,1500,0.009765625,-0.478515625,0.0
7.925152532000084,1500,0.009765625,-0.478515625,0.0
7.9301473529999384,1500,0.009765625,-0.478515625,0.0
7.935147045000122,1500,0.009765625,-0.478515625,0.0
7.940144163000241,1500,0.009765625,-0.478515625,0.0
7.945143281000128,1500,0.009765625,-0.478515625,0.0
7.950144788000216,1500,0.0078125,-0.494140625,-0.001953125
7.955147906000093,1500,0.0078125,-0.494140625,-0.001953125
7.960145375000138,1500,0.0078125,-0.494140625,-0.001953125
7.965168066999922,1500,0.0078125,-0.494140625,-0.001953125
7.970145166000293,1500,0.0078125,-0.494140625,-0.001953125
7.975176469999951,1500,0.0078125,-0.494140625,-0.001953125
7.980185328000061,1500,0.0078125,-0.494140625,-0.001953125
7.985159723999914,1500,0.0078125,-0.494140625,-0.001953125
7.990149841999937,1500,0.0078125,-0.494140625,-0.001953125
7.9952729790002195,1500,0.0078125,-0.494140625,-0.001953125
8.000165947999903,1500,0.0,-0.501953125,0.001953125
8.005157362000318,1500,0.0,-0.501953125,0.001953125
8.010149906000152,1500,0.0,-0.501953125,0.001953125
8.015146431000176,1500,0.0,-0.501953125,0.001953125
8.020144678000179,1500,0.0,-0.501953125,0.001953125
8.02514488900033,1500,0.0,-0.501953125,0.001953125
8.030151192000176,1500,0.0,-0.501953125,0.001953125
8.035144123999999,1500,0.0,-0.501953125,0.001953125
8.040148150000277,1500,0.0,-0.501953125,0.001953125
8.045144564000111,1500,0.0,-0.501953125,0.001953125
8.050172015000044,1500,0.0078125,-0.509765625,0.001953125
8.055296910999914,1500,0.0078125,-0.509765625,0.001953125
8.060379381000075,1500,0.0078125,-0.509765625,0.001953125
8.065400387999944,1500,0.0078125,-0.509765625,0.001953125
8.070322024000234,1500,0.0078125,-0.509765625,0.001953125
8.075302104999992,1500,0.0078125,-0.509765625,0.001953125
8.0803406670002,1500,0.0078125,-0.509765625,0.001953125
8.085257803000331,1500,0.0078125,-0.509765625,0.001953125
8.090269532000093,1500,0.0078125,-0.509765625,0.001953125
8.095162704999893,1500,0.0078125,-0.509765625,0.001953125
8.100158026999907,1500,0.001953125,-0.517578125,0.001953125
8.105186199999935,1500,0.001953125,-0.517578125,0.001953125
8.110156355000072,1500,0.001953125,-0.517578125,0.001953125
8.11515534299997,1500,0.001953125,-0.517578125,0.001953125
8.120150554000247,1500,0.001953125,-0.517578125,0.001953125
8.125148208000155,1500,0.001953125,-0.517578125,0.001953125
8.130148678000296,1500,0.001953125,-0.517578125,0.001953125
8.135146832999908,1500,0.001953125,-0.517578125,0.001953125
8.140153914000166,1500,0.001953125,-0.517578125,0.001953125
8.145219069000177,1500,0.001953125,-0.517578125,0.001953125
8.150302390999968,1500,0.001953125,-0.5234375,0.001953125
8.155207990000235,1500,0.001953125,-0.5234375,0.001953125
8.160174034000192,1500,0.001953125,-0.5234375,0.001953125
8.165161448000163,1500,0.001953125,-0.5234375,0.001953125
8.170147047000228,1500,0.001953125,-0.5234375,0.001953125
8.175183257000299,1500,0.001953125,-0.5234375,0.001953125
8.180152207999981,1500,0.001953125,-0.5234375,0.001953125
8.185183955999946,1500,0.001953125,-0.5234375,0.001953125
8.190162295999926,1500,0.001953125,-0.5234375,0.001953125
8.195174895000036,1500,0.001953125,-0.5234375,0.001953125
8.200158957999975,1500,0.0078125,-0.525390625,0.0
8.205174019999959,1500,0.0078125,-0.525390625,0.0
8.210162953000236,1500,0.0078125,-0.525390625,0.0
8.215156867000132,1500,0.0078125,-0.525390625,0.0
8.22019120699997,1500,0.0078125,-0.525390625,0.0
8.225158343000203,1500,0.0078125,-0.525390625,0.0
8.230164554000112,1500,0.0078125,-0.525390625,0.0
8.235157301000072,1500,0.0078125,-0.525390625,0.0
8.240178160000141,1500,0.0078125,-0.525390625,0.0
8.245165369999995,1500,0.0078125,-0.525390625,0.0
8.250157987999955,1500,0.001953125,-0.53515625,0.001953125
8.255166921000182,1500,0.001953125,-0.53515625,0.001953125
8.26016018700011,1500,0.001953125,-0.53515625,0.001953125
8.265160323000146,1500,0.001953125,-0.53515625,0.001953125
8.270158700000138,1500,0.001953125,-0.53515625,0.001953125
8.275155372999961,1500,0.001953125,-0.53515625,0.001953125
8.280157306000092,1500,0.001953125,-0.53515625,0.001953125
8.285155257000042,1500,0.001953125,-0.53515625,0.001953125
8.290161912000258,1500,0.001953125,-0.53515625,0.001953125
8.295160270999986,1500,0.001953125,-0.53515625,0.001953125
8.300157352000042,1500,0.00390625,-0.544921875,0.00390625
8.305299191999893,1500,0.00390625,-0.544921875,0.00390625
8.310266069000136,1500,0.00390625,-0.544921875,0.00390625
8.315169483000318,1500,0.00390625,-0.544921875,0.00390625
8.32014895300017,1500,0.00390625,-0.544921875,0.00390625
8.325151088999974,1500,0.00390625,-0.544921875,0.00390625
8.330147559000125,1500,0.00390625,-0.544921875,0.00390625
8.335146417000033,1500,0.00390625,-0.544921875,0.00390625
8.340145239000321,1500,0.00390625,-0.544921875,0.00390625
8.345151486000304,1500,0.00390625,-0.544921875,0.00390625
8.350146123000286,1500,0.00390625,-0.55859375,0.005859375
8.355149537000216,1500,0.00390625,-0.55859375,0.005859375
8.360146877000261,1500,0.00390625,-0.55859375,0.005859375
8.36514293900018,1500,0.00390625,-0.55859375,0.005859375
8.370141761000014,1500,0.00390625,-0.55859375,0.005859375
8.375180193000233,1500,0.00390625,-0.55859375,0.005859375
8.380148941000243,1500,0.00390625,-0.55859375,0.005859375
8.385147799000151,1500,0.00390625,-0.55859375,0.005859375
8.390146991000165,1500,0.00390625,-0.55859375,0.005859375
8.395150164999905,1500,0.00390625,-0.55859375,0.005859375
8.400152486000025,1500,0.00390625,-0.564453125,0.00390625
8.40516677100004,1500,0.00390625,-0.564453125,0.00390625
8.410151480999957,1500,0.00390625,-0.564453125,0.00390625
8.415147450999939,1500,0.00390625,-0.564453125,0.00390625
8.420161661000293,1500,0.00390625,-0.564453125,0.00390625
8.425295649999953,1500,0.00390625,-0.564453125,0.00390625
8.430274749000091,1500,0.00390625,-0.564453125,0.00390625
8.43529549699997,1500,0.00390625,-0.564453125,0.00390625
8.440291226000227,1500,0.00390625,-0.564453125,0.00390625
8.445162639000046,1500,0.00390625,-0.564453125,0.00390625
8.450146979000237,1500,0.0078125,-0.56640625,0.0
8.455172041999958,1500,0.0078125,-0.56640625,0.0
8.460163919000024,1500,0.0078125,-0.56640625,0.0
8.46515192600009,1500,0.0078125,-0.56640625,0.0
8.470145617000071,1500,0.0078125,-0.56640625,0.0
8.475169791000098,1500,0.0078125,-0.56640625,0.0
8.480148464000195,1500,0.0078125,-0.56640625,0.0
8.485142971000187,1500,0.0078125,-0.56640625,0.0
8.490165532999981,1500,0.0078125,-0.56640625,0.0
8.495140299000013,1500,0.0078125,-0.56640625,0.0
8.500140398999974,1500,0.00390625,-0.5703125,0.0
8.505155998000191,1500,0.00390625,-0.5703125,0.0
8.510147023000172,1500,0.00390625,-0.5703125,0.0
8.515141936999953,1500,0.00390625,-0.5703125,0.0
8.520140555000125,1500,0.00390625,-0.5703125,0.0
8.52514591399995,1500,0.00390625,-0.5703125,0.0
8.530145124000228,1500,0.00390625,-0.5703125,0.0
8.535142631000326,1500,0.00390625,-0.5703125,0.0
8.54014160099996,1500,0.00390625,-0.5703125,0.0
8.545140478000121,1500,0.00390625,-0.5703125,0.0
8.550143670000125,1500,0.00390625,-0.568359375,0.001953125
8.555145120999896,1500,0.00390625,-0.568359375,0.001953125
8.560141924000163,1500,0.00390625,-0.568359375,0.001953125
8.5652907650001,1500,0.00390625,-0.568359375,0.001953125
8.570247382000161,1500,0.00390625,-0.568359375,0.001953125
8.575202722000085,1500,0.00390625,-0.568359375,0.001953125
8.580154914000104,1500,0.00390625,-0.568359375,0.001953125
8.585160717000235,1500,0.00390625,-0.568359375,0.001953125
8.590156019999995,1500,0.00390625,-0.568359375,0.001953125
8.595146655999997,1500,0.00390625,-0.568359375,0.001953125
8.600144496000212,1500,0.005859375,-0.568359375,0.00390625
8.605157929000143,1500,0.005859375,-0.568359375,0.00390625
8.610148362000018,1500,0.005859375,-0.568359375,0.00390625
8.61514362700018,1500,0.005859375,-0.568359375,0.00390625
8.620139412000299,1500,0.005859375,-0.568359375,0.00390625
8.625169715000084,1500,0.005859375,-0.568359375,0.00390625
8.630339963000097,1500,0.005859375,-0.568359375,0.00390625
8.6352468770001,1500,0.005859375,-0.568359375,0.00390625
8.640164123999966,1500,0.005859375,-0.568359375,0.00390625
8.645151483000063,1500,0.005859375,-0.568359375,0.00390625
8.650154415000088,1500,0.0,-0.56640625,0.00390625
8.6551769040002,1500,0.0,-0.56640625,0.00390625
8.660150706999957,1500,0.0,-0.56640625,0.00390625
8.665151380000225,1500,0.0,-0.56640625,0.00390625
8.670145590000175,1500,0.0,-0.56640625,0.00390625
8.675146190000305,1500,0.0,-0.56640625,0.00390625
8.680149604000235,1500,0.0,-0.56640625,0.00390625
8.68514440700028,1500,0.0,-0.56640625,0.00390625
8.690141469000082,1500,0.0,-0.56640625,0.00390625
8.695142438999937,1500,0.0,-0.56640625,0.00390625
8.700143205000131,1500,0.00390625,-0.568359375,0.001953125
8.705152490000273,1500,0.00390625,-0.568359375,0.001953125
8.7101447,1500,0.00390625,-0.568359375,0.001953125
8.715143465999972,1500,0.00390625,-0.568359375,0.001953125
8.720144491000156,1500,0.00390625,-0.568359375,0.001953125
8.725144979000106,1500,0.00390625,-0.568359375,0.001953125
8.73014281900032,1500,0.00390625,-0.568359375,0.001953125
8.735184715000287,1500,0.00390625,-0.568359375,0.001953125
8.740152833000138,1500,0.00390625,-0.568359375,0.001953125
8.745148172999961,1500,0.00390625,-0.568359375,0.001953125
8.750143995000144,1500,0.005859375,-0.55859375,0.001953125
8.755146815999979,1500,0.005859375,-0.55859375,0.001953125
8.760149212000215,1500,0.005859375,-0.55859375,0.001953125
8.765253737999956,1500,0.005859375,-0.55859375,0.001953125
8.77016450300016,1500,0.005859375,-0.55859375,0.001953125
8.775184102999901,1500,0.005859375,-0.55859375,0.001953125
8.780148831000133,1500,0.005859375,-0.55859375,0.001953125
8.785143171000072,1500,0.005859375,-0.55859375,0.001953125
8.79017158600027,1500,0.005859375,-0.55859375,0.001953125
8.795148629000323,1500,0.005859375,-0.55859375,0.001953125
8.800141377000273,1500,0.00390625,-0.552734375,0.0
8.805159086999993,1500,0.00390625,-0.552734375,0.0
8.810147261000111,1500,0.00390625,-0.552734375,0.0
8.815141749000304,1500,0.00390625,-0.552734375,0.0
8.82014381099998,1500,0.00390625,-0.552734375,0.0
8.825149725000301,1500,0.00390625,-0.552734375,0.0
8.830147047000082,1500,0.00390625,-0.552734375,0.0
8.835140479000074,1500,0.00390625,-0.552734375,0.0
8.84014144899993,1500,0.00390625,-0.552734375,0.0
8.845143326000198,1500,0.00390625,-0.552734375,0.0
8.850140722000106,1500,0.0078125,-0.544921875,0.001953125
8.85514872900012,1500,0.0078125,-0.544921875,0.001953125
8.860141198000292,1500,0.0078125,-0.544921875,0.001953125
8.865146409000317,1500,0.0078125,-0.544921875,0.001953125
8.87014080400013,1500,0.0078125,-0.544921875,0.001953125
8.875140589000239,1500,0.0078125,-0.544921875,0.001953125
8.880139022000094,1500,0.0078125,-0.544921875,0.001953125
8.885141788000055,1500,0.0078125,-0.544921875,0.001953125
8.890142091000143,1500,0.0078125,-0.544921875,0.001953125
8.895141522999893,1500,0.0078125,-0.544921875,0.001953125
8.90014123400033,1500,0.001953125,-0.541015625,0.001953125
8.905152574000113,1500,0.001953125,-0.541015625,0.001953125
8.910141765999924,1500,0.001953125,-0.541015625,0.001953125
8.915142420999928,1500,0.001953125,-0.541015625,0.001953125
8.920141779000005,1500,0.001953125,-0.541015625,0.001953125
8.9251449530002,1500,0.001953125,-0.541015625,0.001953125
8.930141551999895,1500,0.001953125,-0.541015625,0.001953125
8.935143873000015,1500,0.001953125,-0.541015625,0.001953125
8.940140399000029,1500,0.001953125,-0.541015625,0.001953125
8.945143035000001,1500,0.001953125,-0.541015625,0.001953125
8.950141282999994,1500,0.009765625,-0.53125,0.001953125
8.955143011000018,1500,0.009765625,-0.53125,0.001953125
8.960143277000043,1500,0.009765625,-0.53125,0.001953125
8.965144747000068,1500,0.009765625,-0.53125,0.001953125
8.970138421000229,1500,0.009765625,-0.53125,0.001953125
8.975168705000215,1500,0.009765625,-0.53125,0.001953125
8.9801461750003,1500,0.009765625,-0.53125,0.001953125
8.98517466300018,1500,0.009765625,-0.53125,0.001953125
8.990141188000052,1500,0.009765625,-0.53125,0.001953125
8.995241733000057,1500,0.009765625,-0.53125,0.001953125
