t,pwm,gx,gy,gz
0.0022684549999212322,1498.0,-0.001953125,0.0,0.001953125
0.014877737000006164,1496.0,-0.001953125,0.0,0.001953125
0.016011464999792224,1494.0,-0.001953125,0.0,0.001953125
0.016904968999824632,1492.0,-0.001953125,0.0,0.001953125
0.020191446999888285,1490.0,-0.001953125,0.0,0.001953125
0.025188952999997127,1488.0,-0.001953125,0.0,0.001953125
0.030420680999668548,1486.0,-0.001953125,0.0,0.001953125
0.0352127589999327,1484.0,-0.001953125,0.0,0.001953125
0.040184338000017306,1482.0,0.001953125,0.0,0.00390625
0.04526369599989266,1480.0,0.001953125,0.0,0.00390625
0.0502589969996734,1478.0,0.001953125,0.0,0.00390625
0.05530239099971368,1476.0,0.001953125,0.0,0.00390625
0.060196043999894755,1474.0,0.001953125,0.0,0.00390625
0.06520506799961368,1472.0,0.001953125,0.0,0.00390625
0.07019360999993296,1470.0,0.001953125,0.0,0.00390625
0.07518185499975516,1468.0,0.001953125,0.0,0.00390625
0.08018550899987531,1466.0,0.001953125,0.0,0.00390625
0.08529127399970093,1464.0,0.001953125,0.0,0.00390625
0.09027700099977665,1462.0,0.0,0.001953125,-0.001953125
0.0952097459999095,1460.0,0.0,0.001953125,-0.001953125
0.10018917699972008,1458.0,0.0,0.001953125,-0.001953125
0.10520879399973637,1456.0,0.0,0.001953125,-0.001953125
0.11024877999989258,1454.0,0.0,0.001953125,-0.001953125
0.11515532199973677,1452.0,0.0,0.001953125,-0.001953125
0.12014180899996063,1450.0,0.0,0.001953125,-0.001953125
0.12513429499995254,1448.0,0.0,0.001953125,-0.001953125
0.13020507800001724,1446.0,0.0,0.001953125,-0.001953125
0.13514130599969576,1444.0,0.0,0.001953125,-0.001953125
0.14018197699988377,1442.0,0.0,0.0,0.001953125
0.14515229699964038,1440.0,0.0,0.0,0.001953125
0.15014046899977984,1438.0,0.0,0.0,0.001953125
0.1551392329997725,1436.0,0.0,0.0,0.001953125
0.16013858999986041,1434.0,0.0,0.0,0.001953125
0.1651367439999376,1432.0,0.0,0.0,0.001953125
0.1701353039998139,1430.0,0.0,0.0,0.001953125
0.17513103199962643,1428.0,0.0,0.0,0.001953125
0.1801409629997579,1426.0,0.0,0.0,0.001953125
0.18520532000002277,1424.0,0.0,0.0,0.001953125
0.19021819499994308,1422.0,0.0,0.0,0.0
0.19515808899996046,1420.0,0.0,0.0,0.0
0.20016814999962662,1418.0,0.0,0.0,0.0
0.2051502099998288,1416.0,0.0,0.0,0.0
0.21015384499969514,1414.0,0.0,0.0,0.0
0.21514696099984576,1412.0,0.0,0.0,0.0
0.220153929999924,1410.0,0.0,0.0,0.0
0.22515206399975796,1408.0,0.0,0.0,0.0
0.23015019900003608,1406.0,0.0,0.0,0.0
0.23514712999985932,1404.0,0.0,0.0,0.0
0.24014737599964064,1402.0,0.001953125,0.0,0.0
0.24515126999995118,1400.0,0.001953125,0.0,0.0
0.2501493679997111,1398.0,0.001953125,0.0,0.0
0.2551518909999686,1396.0,0.001953125,0.0,0.0
0.26018793399998685,1394.0,0.001953125,0.0,0.0
0.2651579939997646,1392.0,0.001953125,0.0,0.0
0.2701514809996297,1390.0,0.001953125,0.0,0.0
0.27514604099997086,1388.0,0.001953125,0.0,0.0
0.2801500649998161,1386.0,0.001953125,0.0,0.0
0.28514706999976625,1384.0,0.001953125,0.0,0.0
0.2901460749999387,1382.0,-0.01171875,0.0,-0.02734375
0.2951531359999535,1380.0,-0.01171875,0.0,-0.02734375
0.3001455119997445,1378.0,-0.01171875,0.0,-0.02734375
0.3052015909997863,1376.0,-0.01171875,0.0,-0.02734375
0.31016970699965896,1374.0,-0.01171875,0.0,-0.02734375
0.31516478599996844,1372.0,-0.01171875,0.0,-0.02734375
0.3201616799997282,1370.0,-0.01171875,0.0,-0.02734375
0.32516042599991124,1368.0,-0.01171875,0.0,-0.02734375
0.33022067199999583,1366.0,-0.01171875,0.0,-0.02734375
0.3351744179999514,1364.0,-0.01171875,0.0,-0.02734375
0.3401687749997109,1362.0,-0.005859375,-0.01171875,-0.021484375
0.3451681129999997,1360.0,-0.005859375,-0.01171875,-0.021484375
0.35016391499993915,1358.0,-0.005859375,-0.01171875,-0.021484375
0.3551626979997309,1356.0,-0.005859375,-0.01171875,-0.021484375
0.36016146199972354,1354.0,-0.005859375,-0.01171875,-0.021484375
0.36516198599974814,1352.0,-0.005859375,-0.01171875,-0.021484375
0.37018691699995543,1350.0,-0.005859375,-0.01171875,-0.021484375
0.3751615699998183,1348.0,-0.005859375,-0.01171875,-0.021484375
0.3801580379999905,1346.0,-0.005859375,-0.01171875,-0.021484375
0.3851606909997827,1344.0,-0.005859375,-0.01171875,-0.021484375
0.3901595849997648,1342.0,-0.0078125,-0.06640625,-0.04296875
0.3951644609996947,1340.0,-0.0078125,-0.06640625,-0.04296875
0.4001610959999198,1338.0,-0.0078125,-0.06640625,-0.04296875
0.40521539699966524,1336.0,-0.0078125,-0.06640625,-0.04296875
0.4101489759996184,1334.0,-0.0078125,-0.06640625,-0.04296875
0.4151655369996661,1332.0,-0.0078125,-0.06640625,-0.04296875
0.4201481899999635,1330.0,-0.0078125,-0.06640625,-0.04296875
0.42514850999987175,1328.0,-0.0078125,-0.06640625,-0.04296875
0.4301473119999173,1326.0,-0.0078125,-0.06640625,-0.04296875
0.4351441310000155,1324.0,-0.0078125,-0.06640625,-0.04296875
0.440143913999691,1322.0,0.001953125,-0.10546875,-0.0234375
0.44514662299980046,1320.0,0.001953125,-0.10546875,-0.0234375
0.45014397999966604,1318.0,0.001953125,-0.10546875,-0.0234375
0.45517359699988447,1316.0,0.001953125,-0.10546875,-0.0234375
0.46015293499976906,1314.0,0.001953125,-0.10546875,-0.0234375
0.46515916199996354,1312.0,0.001953125,-0.10546875,-0.0234375
0.4701490009997542,1310.0,0.001953125,-0.10546875,-0.0234375
0.47514683899999,1308.0,0.001953125,-0.10546875,-0.0234375
0.48014345499996125,1306.0,0.001953125,-0.10546875,-0.0234375
0.48514442399982727,1304.0,0.001953125,-0.10546875,-0.0234375
0.490180983999835,1302.0,0.001953125,-0.2109375,-0.00390625
0.4951539519997823,1300.0,0.001953125,-0.2109375,-0.00390625
0.5001486239998485,1298.0,0.001953125,-0.2109375,-0.00390625
0.5051680550000128,1296.0,0.001953125,-0.2109375,-0.00390625
0.5101811159997851,1294.0,0.001953125,-0.2109375,-0.00390625
0.5151552139996056,1292.0,0.001953125,-0.2109375,-0.00390625
0.5201503109997248,1290.0,0.001953125,-0.2109375,-0.00390625
0.5251472420000027,1288.0,0.001953125,-0.2109375,-0.00390625
0.5301892289999159,1286.0,0.001953125,-0.2109375,-0.00390625
0.5351549929996509,1284.0,0.001953125,-0.2109375,-0.00390625
0.54014753499996,1282.0,0.005859375,-0.35546875,0.015625
0.5451556699999855,1280.0,0.005859375,-0.35546875,0.015625
0.5501513239996711,1278.0,0.005859375,-0.35546875,0.015625
0.5551462179996633,1276.0,0.005859375,-0.35546875,0.015625
0.5601447039998675,1274.0,0.005859375,-0.35546875,0.015625
0.5651444309996805,1272.0,0.005859375,-0.35546875,0.015625
0.5701456399997369,1270.0,0.005859375,-0.35546875,0.015625
0.5751421449999725,1268.0,0.005859375,-0.35546875,0.015625
0.5801426509997327,1266.0,0.005859375,-0.35546875,0.015625
0.5851448039998104,1264.0,0.005859375,-0.35546875,0.015625
0.5901445679996868,1262.0,0.013671875,-0.544921875,0.013671875
0.5951474989997223,1260.0,0.013671875,-0.544921875,0.013671875
0.6001426159996299,1258.0,0.013671875,-0.544921875,0.013671875
0.6051534539997192,1256.0,0.013671875,-0.544921875,0.013671875
0.6101472000000285,1254.0,0.013671875,-0.544921875,0.013671875
0.6151458529998308,1252.0,0.013671875,-0.544921875,0.013671875
0.6201443209997706,1250.0,0.013671875,-0.544921875,0.013671875
0.6251431409996258,1248.0,0.013671875,-0.544921875,0.013671875
0.6301713129996642,1246.0,0.013671875,-0.544921875,0.013671875
0.6351460219998444,1244.0,0.013671875,-0.544921875,0.013671875
0.6401444529997207,1242.0,0.01171875,-0.771484375,0.005859375
0.6451739770000131,1240.0,0.01171875,-0.771484375,0.005859375
0.6501563150000038,1238.0,0.01171875,-0.771484375,0.005859375
0.6551505610000277,1236.0,0.01171875,-0.771484375,0.005859375
0.6601445839996813,1234.0,0.01171875,-0.771484375,0.005859375
0.6651458299998012,1232.0,0.01171875,-0.771484375,0.005859375
0.6701446689999102,1230.0,0.01171875,-0.771484375,0.005859375
0.67514313699985,1228.0,0.01171875,-0.771484375,0.005859375
0.6801539749999392,1226.0,0.01171875,-0.771484375,0.005859375
0.6851451659999839,1224.0,0.01171875,-0.771484375,0.005859375
0.6901458369998181,1222.0,0.005859375,-1.033203125,-0.009765625
0.6951491759996316,1220.0,0.005859375,-1.033203125,-0.009765625
0.7001475879997088,1218.0,0.005859375,-1.033203125,-0.009765625
0.705143612000029,1216.0,0.005859375,-1.033203125,-0.009765625
0.710145988000022,1214.0,0.005859375,-1.033203125,-0.009765625
0.7151464369999303,1212.0,0.005859375,-1.033203125,-0.009765625
0.7201450899997326,1210.0,0.005859375,-1.033203125,-0.009765625
0.7251434099998733,1208.0,0.005859375,-1.033203125,-0.009765625
0.7301887859998715,1206.0,0.005859375,-1.033203125,-0.009765625
0.735197679999601,1204.0,0.005859375,-1.033203125,-0.009765625
0.7401603889998114,1202.0,0.009765625,-1.349609375,-0.013671875
0.7451546899997084,1200.0,0.009765625,-1.349609375,-0.013671875
0.750147805999859,1200.0,0.009765625,-1.349609375,-0.013671875
0.7551475519999258,1200.0,0.009765625,-1.349609375,-0.013671875
0.7601482239997495,1200.0,0.009765625,-1.349609375,-0.013671875
0.7651467289997527,1200.0,0.009765625,-1.349609375,-0.013671875
0.7701435119997768,1200.0,0.009765625,-1.349609375,-0.013671875
0.7751427389998753,1200.0,0.009765625,-1.349609375,-0.013671875
0.7801425409998046,1200.0,0.009765625,-1.349609375,-0.013671875
0.7851447499997448,1200.0,0.009765625,-1.349609375,-0.013671875
0.7901450330000444,1200.0,0.013671875,-1.716796875,0.001953125
0.7951495009997416,1200.0,0.013671875,-1.716796875,0.001953125
0.8001460609998503,1200.0,0.013671875,-1.716796875,0.001953125
0.8051448629998958,1200.0,0.013671875,-1.716796875,0.001953125
0.8101460529996984,1200.0,0.013671875,-1.716796875,0.001953125
0.8151432429999659,1200.0,0.013671875,-1.716796875,0.001953125
0.8201428779998423,1200.0,0.013671875,-1.716796875,0.001953125
0.8251427719997082,1200.0,0.013671875,-1.716796875,0.001953125
0.8301462770000398,1200.0,0.013671875,-1.716796875,0.001953125
0.8351551339997059,1200.0,0.013671875,-1.716796875,0.001953125
0.8401497879999624,1200.0,-0.072265625,-1.791015625,-0.056640625
0.8451492929998494,1200.0,-0.072265625,-1.791015625,-0.056640625
0.850146241999937,1200.0,-0.072265625,-1.791015625,-0.056640625
0.8551455439996971,1200.0,-0.072265625,-1.791015625,-0.056640625
0.8601475669997853,1200.0,-0.072265625,-1.791015625,-0.056640625
0.8651480349999474,1200.0,-0.072265625,-1.791015625,-0.056640625
0.8701498739997078,1200.0,-0.072265625,-1.791015625,-0.056640625
0.875147749000007,1200.0,-0.072265625,-1.791015625,-0.056640625
0.8801686249998966,1200.0,-0.072265625,-1.791015625,-0.056640625
0.8851457779996963,1200.0,-0.072265625,-1.791015625,-0.056640625
0.8901449679997313,1200.0,-0.41796875,-1.04296875,-0.537109375
0.8951608999996097,1200.0,-0.41796875,-1.04296875,-0.537109375
0.9001433309999811,1200.0,-0.41796875,-1.04296875,-0.537109375
0.9051444100000481,1200.0,-0.41796875,-1.04296875,-0.537109375
0.9101454519995968,1200.0,-0.41796875,-1.04296875,-0.537109375
0.9151437719997375,1200.0,-0.41796875,-1.04296875,-0.537109375
0.9201417209997089,1200.0,-0.41796875,-1.04296875,-0.537109375
0.9251452819999031,1200.0,-0.41796875,-1.04296875,-0.537109375
0.9301965279996693,1200.0,-0.41796875,-1.04296875,-0.537109375
0.9351814039996498,1200.0,-0.41796875,-1.04296875,-0.537109375
0.9401554459996078,1200.0,-0.080078125,-0.90234375,-0.03515625
0.9451488400000017,1200.0,-0.080078125,-0.90234375,-0.03515625
0.9501467889999731,1200.0,-0.080078125,-0.90234375,-0.03515625
0.9551854609999282,1200.0,-0.080078125,-0.90234375,-0.03515625
0.9601542809996317,1200.0,-0.080078125,-0.90234375,-0.03515625
0.9651812489996701,1200.0,-0.080078125,-0.90234375,-0.03515625
0.9701577729997553,1200.0,-0.080078125,-0.90234375,-0.03515625
0.9751517779995993,1200.0,-0.080078125,-0.90234375,-0.03515625
0.9801461160000144,1200.0,-0.080078125,-0.90234375,-0.03515625
0.9851442699996369,1200.0,-0.080078125,-0.90234375,-0.03515625
0.9901784049998241,1200.0,0.0546875,-0.68359375,0.02734375
0.9951537609999832,1200.0,0.0546875,-0.68359375,0.02734375
1.0003436379997765,1200.0,0.0546875,-0.68359375,0.02734375
1.0054649579997204,1200.0,0.0546875,-0.68359375,0.02734375
1.0103464809999423,1200.0,0.0546875,-0.68359375,0.02734375
1.0154635429998962,1200.0,0.0546875,-0.68359375,0.02734375
1.0203531949996432,1200.0,0.0546875,-0.68359375,0.02734375
1.0253308489996016,1200.0,0.0546875,-0.68359375,0.02734375
1.0303438169999026,1200.0,0.0546875,-0.68359375,0.02734375
1.0353028770000492,1200.0,0.0546875,-0.68359375,0.02734375
1.0402583079999204,1200.0,-0.005859375,-0.62109375,0.005859375
1.0452606089997971,1200.0,-0.005859375,-0.62109375,0.005859375
1.050279966999824,1200.0,-0.005859375,-0.62109375,0.005859375
1.055360341999858,1200.0,-0.005859375,-0.62109375,0.005859375
1.0603453290000289,1200.0,-0.005859375,-0.62109375,0.005859375
1.0653402779998942,1200.0,-0.005859375,-0.62109375,0.005859375
1.0703238759997475,1200.0,-0.005859375,-0.62109375,0.005859375
1.0753629369996816,1200.0,-0.005859375,-0.62109375,0.005859375
1.0803534789997684,1200.0,-0.005859375,-0.62109375,0.005859375
1.085310816999936,1200.0,-0.005859375,-0.62109375,0.005859375
1.090174876999754,1200.0,0.123046875,-0.466796875,0.076171875
1.095162178999999,1200.0,0.123046875,-0.466796875,0.076171875
1.1001569989998643,1200.0,0.123046875,-0.466796875,0.076171875
1.105151448000015,1200.0,0.123046875,-0.466796875,0.076171875
1.1101116749996436,1200.0,0.123046875,-0.466796875,0.076171875
1.115090513999803,1200.0,0.123046875,-0.466796875,0.076171875
1.1200874819996898,1200.0,0.123046875,-0.466796875,0.076171875
1.1250879129997884,1200.0,0.123046875,-0.466796875,0.076171875
1.1301378809998823,1200.0,0.123046875,-0.466796875,0.076171875
1.1351347569998325,1200.0,0.123046875,-0.466796875,0.076171875
1.1400935579999896,1200.0,-0.033203125,-0.490234375,-0.025390625
1.145091377999961,1200.0,-0.033203125,-0.490234375,-0.025390625
1.1500899569996363,1200.0,-0.033203125,-0.490234375,-0.025390625
1.1550862209996922,1200.0,-0.033203125,-0.490234375,-0.025390625
1.1600867449997168,1200.0,-0.033203125,-0.490234375,-0.025390625
1.165084638999815,1200.0,-0.033203125,-0.490234375,-0.025390625
1.170084217999829,1200.0,-0.033203125,-0.490234375,-0.025390625
1.1750856489998114,1200.0,-0.033203125,-0.490234375,-0.025390625
1.1800928399998156,1200.0,-0.033203125,-0.490234375,-0.025390625
1.1850863079998817,1200.0,-0.033203125,-0.490234375,-0.025390625
1.1900852939998003,1200.0,-0.0546875,-0.521484375,-0.0234375
1.195090854999762,1200.0,-0.0546875,-0.521484375,-0.0234375
1.2000850449999234,1200.0,-0.0546875,-0.521484375,-0.0234375
1.2050838099999055,1200.0,-0.0546875,-0.521484375,-0.0234375
1.2100843519997397,1200.0,-0.0546875,-0.521484375,-0.0234375
1.2150836529999651,1200.0,-0.0546875,-0.521484375,-0.0234375
1.2200844549997782,1200.0,-0.0546875,-0.521484375,-0.0234375
1.225084182000046,1200.0,-0.0546875,-0.521484375,-0.0234375
1.2300846690000071,1200.0,-0.0546875,-0.521484375,-0.0234375
1.235109932999876,1200.0,-0.0546875,-0.521484375,-0.0234375
1.2400907349997397,1200.0,-0.068359375,-0.3984375,-0.060546875
1.2450895729998592,1200.0,-0.068359375,-0.3984375,-0.060546875
1.2500867449998623,1200.0,-0.068359375,-0.3984375,-0.060546875
1.2550843059998442,1200.0,-0.068359375,-0.3984375,-0.060546875
1.2600841439998476,1200.0,-0.068359375,-0.3984375,-0.060546875
1.2650846120000097,1200.0,-0.068359375,-0.3984375,-0.060546875
1.2700847659998544,1200.0,-0.068359375,-0.3984375,-0.060546875
1.2750833259997307,1200.0,-0.068359375,-0.3984375,-0.060546875
1.2800833869996495,1200.0,-0.068359375,-0.3984375,-0.060546875
1.2850831699997798,1200.0,-0.068359375,-0.3984375,-0.060546875
1.2900831379997726,1200.0,0.16015625,0.0703125,0.119140625
1.2950877539997236,1200.0,0.16015625,0.0703125,0.119140625
1.3000827959999697,1200.0,0.16015625,0.0703125,0.119140625
1.3050822639997932,1200.0,0.16015625,0.0703125,0.119140625
1.310083769999892,1200.0,0.16015625,0.0703125,0.119140625
1.3150831269999799,1200.0,0.16015625,0.0703125,0.119140625
1.3200827429996025,1200.0,0.16015625,0.0703125,0.119140625
1.3250833039996905,1200.0,0.16015625,0.0703125,0.119140625
1.3301101789998029,1200.0,0.16015625,0.0703125,0.119140625
1.3350869619998775,1200.0,0.16015625,0.0703125,0.119140625
1.3400867819996165,1200.0,0.28515625,-0.037109375,0.177734375
1.3450895089999904,1200.0,0.28515625,-0.037109375,0.177734375
1.3500848109997605,1200.0,0.28515625,-0.037109375,0.177734375
1.3550832419996368,1200.0,0.28515625,-0.037109375,0.177734375
1.3600823769997987,1200.0,0.28515625,-0.037109375,0.177734375
1.3650835479998022,1200.0,0.28515625,-0.037109375,0.177734375
1.3700834239998585,1200.0,0.28515625,-0.037109375,0.177734375
1.3750836509998408,1200.0,0.28515625,-0.037109375,0.177734375
1.3800823229998969,1200.0,0.28515625,-0.037109375,0.177734375
1.3850846430000274,1200.0,0.28515625,-0.037109375,0.177734375
1.390100684999652,1200.0,0.1484375,0.037109375,0.123046875
1.395088375999876,1200.0,0.1484375,0.037109375,0.123046875
1.40008250999972,1200.0,0.1484375,0.037109375,0.123046875
1.4050825159997657,1200.0,0.1484375,0.037109375,0.123046875
1.4100836869997693,1200.0,0.1484375,0.037109375,0.123046875
1.415085543999794,1200.0,0.1484375,0.037109375,0.123046875
1.4200826789997336,1200.0,0.1484375,0.037109375,0.123046875
1.4250826289999168,1200.0,0.1484375,0.037109375,0.123046875
1.430082930000026,1200.0,0.1484375,0.037109375,0.123046875
1.4350830089997544,1200.0,0.1484375,0.037109375,0.123046875
1.440083976999631,1200.0,0.142578125,0.01171875,0.08203125
1.445085500999994,1200.0,0.142578125,0.01171875,0.08203125
1.4500861729998178,1200.0,0.142578125,0.01171875,0.08203125
1.4550839929997892,1200.0,0.142578125,0.01171875,0.08203125
1.460083127999951,1200.0,0.142578125,0.01171875,0.08203125
1.4650875769998493,1200.0,0.142578125,0.01171875,0.08203125
1.4700845079996725,1200.0,0.142578125,0.01171875,0.08203125
1.4750840130000142,1200.0,0.142578125,0.01171875,0.08203125
1.4800824259996261,1200.0,0.142578125,0.01171875,0.08203125
1.4850837089998095,1200.0,0.142578125,0.01171875,0.08203125
1.4901210660000288,1200.0,0.0390625,-0.021484375,0.0390625
1.4950956449997648,1200.0,0.0390625,-0.021484375,0.0390625
1.500088575999598,1200.0,0.0390625,-0.021484375,0.0390625
1.5050873039999715,1200.0,0.0390625,-0.021484375,0.0390625
1.5100877719996788,1200.0,0.0390625,-0.021484375,0.0390625
1.5150832949998403,1200.0,0.0390625,-0.021484375,0.0390625
1.520083744999738,1200.0,0.0390625,-0.021484375,0.0390625
1.5250833430000057,1200.0,0.0390625,-0.021484375,0.0390625
1.530111680999653,1200.0,0.0390625,-0.021484375,0.0390625
1.5350878719996217,1200.0,0.0390625,-0.021484375,0.0390625
1.5400852660000055,1200.0,-0.04296875,0.044921875,-0.029296875
1.5450889929998084,1200.0,-0.04296875,0.044921875,-0.029296875
1.5500855349996527,1200.0,-0.04296875,0.044921875,-0.029296875
1.5550855589999628,1200.0,-0.04296875,0.044921875,-0.029296875
1.56008239699986,1200.0,-0.04296875,0.044921875,-0.029296875
1.5650836059999165,1200.0,-0.04296875,0.044921875,-0.029296875
1.570083684999645,1200.0,-0.04296875,0.044921875,-0.029296875
1.5750823199996375,1200.0,-0.04296875,0.044921875,-0.029296875
1.5800834179999583,1200.0,-0.04296875,0.044921875,-0.029296875
1.5850836449999406,1200.0,-0.04296875,0.044921875,-0.029296875
1.5900832979996267,1200.0,-0.01953125,-0.0546875,-0.01953125
1.5950868959998843,1200.0,-0.01953125,-0.0546875,-0.01953125
1.600084919999972,1200.0,-0.01953125,-0.0546875,-0.01953125
1.6050837210000282,1200.0,-0.01953125,-0.0546875,-0.01953125
1.6100851889996193,1200.0,-0.01953125,-0.0546875,-0.01953125
1.6150835829998869,1200.0,-0.01953125,-0.0546875,-0.01953125
1.6200825329997315,1200.0,-0.01953125,-0.0546875,-0.01953125
1.6250825009997243,1200.0,-0.01953125,-0.0546875,-0.01953125
1.6300843399999394,1200.0,-0.01953125,-0.0546875,-0.01953125
1.635083733999636,1200.0,-0.01953125,-0.0546875,-0.01953125
1.6400830719999249,1200.0,0.013671875,0.05078125,0.015625
1.6451049849997617,1200.0,0.013671875,0.05078125,0.015625
1.6501092309999876,1200.0,0.013671875,0.05078125,0.015625
1.6550886429999991,1200.0,0.013671875,0.05078125,0.015625
1.6600843889996213,1200.0,0.013671875,0.05078125,0.015625
1.6650855049997517,1200.0,0.013671875,0.05078125,0.015625
1.6700851219998185,1200.0,0.013671875,0.05078125,0.015625
1.6750848120000228,1200.0,0.013671875,0.05078125,0.015625
1.6800830759998462,1200.0,0.013671875,0.05078125,0.015625
1.685088469999755,1200.0,0.013671875,0.05078125,0.015625
1.69008475299961,1200.0,-0.021484375,-0.04296875,-0.009765625
1.6950879619998886,1200.0,-0.021484375,-0.04296875,-0.009765625
1.7000881709996065,1200.0,-0.021484375,-0.04296875,-0.009765625
1.7050852689999374,1200.0,-0.021484375,-0.04296875,-0.009765625
1.7100848289996975,1200.0,-0.021484375,-0.04296875,-0.009765625
1.7150831119997747,1200.0,-0.021484375,-0.04296875,-0.009765625
1.7200830990000213,1200.0,-0.021484375,-0.04296875,-0.009765625
1.725084214999697,1200.0,-0.021484375,-0.04296875,-0.009765625
1.7301142019996405,1200.0,-0.021484375,-0.04296875,-0.009765625
1.7350864289996935,1200.0,-0.021484375,-0.04296875,-0.009765625
1.740082933999929,1200.0,-0.0703125,0.02734375,-0.064453125
1.745088105999912,1200.0,-0.0703125,0.02734375,-0.064453125
1.7500854629997775,1200.0,-0.0703125,0.02734375,-0.064453125
1.7550849679996645,1200.0,-0.0703125,0.02734375,-0.064453125
1.7600821399996676,1200.0,-0.0703125,0.02734375,-0.064453125
1.7650821079996604,1200.0,-0.0703125,0.02734375,-0.064453125
1.7700862980000238,1200.0,-0.0703125,0.02734375,-0.064453125
1.775083192999773,1200.0,-0.0703125,0.02734375,-0.064453125
1.7800832349998927,1200.0,-0.0703125,0.02734375,-0.064453125
1.7850822030000018,1200.0,-0.0703125,0.02734375,-0.064453125
1.7900837629999842,1200.0,-0.048828125,-0.015625,-0.03125
1.7950871019997976,1200.0,-0.048828125,-0.015625,-0.03125
1.8000831809999909,1200.0,-0.048828125,-0.015625,-0.03125
1.805084722999709,1200.0,-0.048828125,-0.015625,-0.03125
1.810083468999892,1200.0,-0.048828125,-0.015625,-0.03125
1.8150826409996625,1200.0,-0.048828125,-0.015625,-0.03125
1.8200835169996026,1200.0,-0.048828125,-0.015625,-0.03125
1.8250836879997223,1200.0,-0.048828125,-0.015625,-0.03125
1.8300839529997575,1200.0,-0.048828125,-0.015625,-0.03125
1.8350828279999405,1200.0,-0.048828125,-0.015625,-0.03125
1.8400823329998275,1200.0,0.06640625,0.00390625,0.048828125
1.8450863939997362,1200.0,0.06640625,0.00390625,0.048828125
1.8500836959997287,1200.0,0.06640625,0.00390625,0.048828125
1.8550832009996157,1200.0,0.06640625,0.00390625,0.048828125
1.8600822979997247,1200.0,0.06640625,0.00390625,0.048828125
1.8651012669997726,1200.0,0.06640625,0.00390625,0.048828125
1.8700878639997427,1200.0,0.06640625,0.00390625,0.048828125
1.8750845179997668,1200.0,0.06640625,0.00390625,0.048828125
1.8800832079996326,1200.0,0.06640625,0.00390625,0.048828125
1.8851007319999553,1200.0,0.06640625,0.00390625,0.048828125
1.8900854589996925,1200.0,0.083984375,0.015625,0.056640625
1.8950894089998656,1200.0,0.083984375,0.015625,0.056640625
1.9000936729999012,1200.0,0.083984375,0.015625,0.056640625
1.9050831409999773,1200.0,0.083984375,0.015625,0.056640625
1.9100834799996846,1200.0,0.083984375,0.015625,0.056640625
1.9150832809996245,1200.0,0.083984375,0.015625,0.056640625
1.9200838970000405,1200.0,0.083984375,0.015625,0.056640625
1.9250832169996102,1200.0,0.083984375,0.015625,0.056640625
1.9301100559996485,1200.0,0.083984375,0.015625,0.056640625
1.9351001159998305,1200.0,0.083984375,0.015625,0.056640625
1.9400884550000228,1200.0,0.029296875,-0.025390625,0.0234375
1.9450902189996668,1200.0,0.029296875,-0.025390625,0.0234375
1.950085057999786,1200.0,0.029296875,-0.025390625,0.0234375
1.9550868960000116,1200.0,0.029296875,-0.025390625,0.0234375
1.960082994000004,1200.0,0.029296875,-0.025390625,0.0234375
1.9650897579999764,1200.0,0.029296875,-0.025390625,0.0234375
1.970085078000011,1200.0,0.029296875,-0.025390625,0.0234375
1.9750843239999085,1200.0,0.029296875,-0.025390625,0.0234375
1.9800823479999963,1200.0,0.029296875,-0.025390625,0.0234375
1.9850833719997354,1200.0,0.029296875,-0.025390625,0.0234375
1.9900964139997086,1200.0,-0.029296875,0.0234375,-0.0234375
1.995108603999597,1200.0,-0.029296875,0.0234375,-0.0234375
2.000252146999628,1200.0,-0.029296875,0.0234375,-0.0234375
2.0052196889996594,1200.0,-0.029296875,0.0234375,-0.0234375
2.010103378999702,1200.0,-0.029296875,0.0234375,-0.0234375
2.0153664039999057,1200.0,-0.029296875,0.0234375,-0.0234375
2.0201180929998372,1200.0,-0.029296875,0.0234375,-0.0234375
2.025094560999605,1200.0,-0.029296875,0.0234375,-0.0234375
2.030093824999767,1200.0,-0.029296875,0.0234375,-0.0234375
2.0351102749996244,1200.0,-0.029296875,0.0234375,-0.0234375
2.0401263169997037,1200.0,-0.04296875,-0.03125,-0.025390625
2.045095210999989,1200.0,-0.04296875,-0.03125,-0.025390625
2.0501324389997535,1200.0,-0.04296875,-0.03125,-0.025390625
2.0550921469998684,1200.0,-0.04296875,-0.03125,-0.025390625
2.0600848750000296,1200.0,-0.04296875,-0.03125,-0.025390625
2.0651042689996757,1200.0,-0.04296875,-0.03125,-0.025390625
2.070111440999881,1200.0,-0.04296875,-0.03125,-0.025390625
2.075087722999797,1200.0,-0.04296875,-0.03125,-0.025390625
2.0800865799997155,1200.0,-0.04296875,-0.03125,-0.025390625
2.0853585129998464,1200.0,-0.04296875,-0.03125,-0.025390625
2.0902977399996416,1200.0,0.005859375,0.03125,0.001953125
2.0952740599996105,1200.0,0.005859375,0.03125,0.001953125
2.1002121019996594,1200.0,0.005859375,0.03125,0.001953125
2.1051083099996504,1200.0,0.005859375,0.03125,0.001953125
2.1100952589999906,1200.0,0.005859375,0.03125,0.001953125
2.115095819999624,1200.0,0.005859375,0.03125,0.001953125
2.1200874359997215,1200.0,0.005859375,0.03125,0.001953125
2.1250863299997036,1200.0,0.005859375,0.03125,0.001953125
2.1301450769997246,1200.0,0.005859375,0.03125,0.001953125
2.1351346929996,1200.0,0.005859375,0.03125,0.001953125
2.1400990499996624,1200.0,0.029296875,-0.025390625,0.0234375
2.145098702999803,1200.0,0.029296875,-0.025390625,0.0234375
2.150104412000019,1200.0,0.029296875,-0.025390625,0.0234375
2.1551185280000027,1200.0,0.029296875,-0.025390625,0.0234375
2.1600876999996217,1200.0,0.029296875,-0.025390625,0.0234375
2.165086204999625,1200.0,0.029296875,-0.025390625,0.0234375
2.170124468999802,1200.0,0.029296875,-0.025390625,0.0234375
2.175090233999981,1200.0,0.029296875,-0.025390625,0.0234375
2.1800847199997406,1200.0,0.029296875,-0.025390625,0.0234375
2.1850924479999776,1200.0,0.029296875,-0.025390625,0.0234375
2.190088693999769,1200.0,0.001953125,0.013671875,0.001953125
2.1951300509999783,1200.0,0.001953125,0.013671875,0.001953125
2.200092648000009,1200.0,0.001953125,0.013671875,0.001953125
2.205086375999599,1200.0,0.001953125,0.013671875,0.001953125
2.2100974359996144,1200.0,0.001953125,0.013671875,0.001953125
2.215190182999777,1200.0,0.001953125,0.013671875,0.001953125
2.2201027249998333,1200.0,0.001953125,0.013671875,0.001953125
2.2250890999998774,1200.0,0.001953125,0.013671875,0.001953125
2.230090902000029,1200.0,0.001953125,0.013671875,0.001953125
2.235088146999715,1200.0,0.001953125,0.013671875,0.001953125
2.2400834489999397,1200.0,-0.013671875,-0.009765625,-0.013671875
2.2450901389997853,1200.0,-0.013671875,-0.009765625,-0.013671875
2.2500864779999574,1200.0,-0.013671875,-0.009765625,-0.013671875
2.2550847049997174,1200.0,-0.013671875,-0.009765625,-0.013671875
2.2600851180000063,1200.0,-0.013671875,-0.009765625,-0.013671875
2.265084733999629,1200.0,-0.013671875,-0.009765625,-0.013671875
2.270087238999622,1200.0,-0.013671875,-0.009765625,-0.013671875
2.2750830410000162,1200.0,-0.013671875,-0.009765625,-0.013671875
2.280084563999935,1200.0,-0.013671875,-0.009765625,-0.013671875
2.2850856989998647,1200.0,-0.013671875,-0.009765625,-0.013671875
2.2900849999996353,1200.0,-0.0078125,-0.005859375,-0.00390625
2.295089319999988,1200.0,-0.0078125,-0.005859375,-0.00390625
2.3000835289999486,1200.0,-0.0078125,-0.005859375,-0.00390625
2.305102089999764,1200.0,-0.0078125,-0.005859375,-0.00390625
2.3101023729996086,1200.0,-0.0078125,-0.005859375,-0.00390625
2.3150899889997163,1200.0,-0.0078125,-0.005859375,-0.00390625
2.320085401999677,1200.0,-0.0078125,-0.005859375,-0.00390625
2.325083813999754,1200.0,-0.0078125,-0.005859375,-0.00390625
2.330129041999953,1200.0,-0.0078125,-0.005859375,-0.00390625
2.335089935999804,1200.0,-0.0078125,-0.005859375,-0.00390625
2.340086162999796,1200.0,0.015625,0.015625,0.009765625
2.3450914649997685,1200.0,0.015625,0.015625,0.009765625
2.350085876999856,1200.0,0.015625,0.015625,0.009765625
2.3550848079999014,1200.0,0.015625,0.015625,0.009765625
2.3600855169997885,1200.0,0.015625,0.015625,0.009765625
2.36508466999976,1200.0,0.015625,0.015625,0.009765625
2.3700846199999432,1200.0,0.015625,0.015625,0.009765625
2.3751307180000367,1200.0,0.015625,0.015625,0.009765625
2.380088703999718,1200.0,0.015625,0.015625,0.009765625
2.3850856909998583,1200.0,0.015625,0.015625,0.009765625
2.3900852699998723,1200.0,0.0078125,-0.01953125,0.005859375
2.3950874049996855,1200.0,0.0078125,-0.01953125,0.005859375
2.400083261999953,1200.0,0.0078125,-0.01953125,0.005859375
2.40508397099984,1200.0,0.0078125,-0.01953125,0.005859375
2.410099123999771,1200.0,0.0078125,-0.01953125,0.005859375
2.415085258999625,1200.0,0.0078125,-0.01953125,0.005859375
2.4200824859999557,1200.0,0.0078125,-0.01953125,0.005859375
2.425083306000033,1200.0,0.0078125,-0.01953125,0.005859375
2.430086014999688,1200.0,0.0078125,-0.01953125,0.005859375
2.435086038999998,1200.0,0.0078125,-0.01953125,0.005859375
2.44008372899998,1200.0,-0.017578125,0.0234375,-0.0078125
2.4450872349998463,1200.0,-0.017578125,0.0234375,-0.0078125
2.4500863319999553,1200.0,-0.017578125,0.0234375,-0.0078125
2.4550839300000007,1200.0,-0.017578125,0.0234375,-0.0078125
2.4600835459996233,1200.0,-0.017578125,0.0234375,-0.0078125
2.4650840879999123,1200.0,-0.017578125,0.0234375,-0.0078125
2.470089037999969,1200.0,-0.017578125,0.0234375,-0.0078125
2.475085005999972,1200.0,-0.017578125,0.0234375,-0.0078125
2.4800830479998694,1200.0,-0.017578125,0.0234375,-0.0078125
2.4850840719996086,1200.0,-0.0078125,-0.025390625,-0.0078125
2.490093391999835,1200.0,-0.0078125,-0.025390625,-0.0078125
2.4951021570000194,1200.0,-0.0078125,-0.025390625,-0.0078125
2.5000861989997247,1200.0,-0.0078125,-0.025390625,-0.0078125
2.505088407999665,1200.0,-0.0078125,-0.025390625,-0.0078125
2.510087375999774,1200.0,-0.0078125,-0.025390625,-0.0078125
2.5150838619997558,1200.0,-0.0078125,-0.025390625,-0.0078125
2.520081404999928,1200.0,-0.0078125,-0.025390625,-0.0078125
2.5250845389996357,1200.0,-0.0078125,-0.025390625,-0.0078125
2.5300899519997984,1200.0,-0.0078125,-0.025390625,-0.0078125
2.5351048089996766,1200.0,0.009765625,0.021484375,0.00390625
2.5400888509998367,1200.0,0.009765625,0.021484375,0.00390625
2.5450858929998503,1200.0,0.009765625,0.021484375,0.00390625
2.5500854539996,1200.0,0.009765625,0.021484375,0.00390625
2.555083810999804,1200.0,0.009765625,0.021484375,0.00390625
2.560083242000019,1200.0,0.009765625,0.021484375,0.00390625
2.565082987999631,1200.0,0.009765625,0.021484375,0.00390625
2.5700849380000363,1200.0,0.009765625,0.021484375,0.00390625
2.575083627999902,1200.0,0.009765625,0.021484375,0.00390625
2.580083206999916,1200.0,0.009765625,0.021484375,0.00390625
2.5850836380000146,1200.0,-0.005859375,-0.01171875,0.001953125
2.5900849029999335,1200.0,-0.005859375,-0.01171875,0.001953125
2.595084611999937,1200.0,-0.005859375,-0.01171875,0.001953125
2.600084171999697,1200.0,-0.005859375,-0.01171875,0.001953125
2.6050958439996066,1200.0,-0.005859375,-0.01171875,0.001953125
2.610086293999757,1200.0,-0.005859375,-0.01171875,0.001953125
2.6150835769999503,1200.0,-0.005859375,-0.01171875,0.001953125
2.6200851369999327,1200.0,-0.005859375,-0.01171875,0.001953125
2.6250834759998725,1200.0,-0.005859375,-0.01171875,0.001953125
2.630084665999675,1200.0,-0.005859375,-0.01171875,0.001953125
2.635081522999826,1200.0,-0.005859375,-0.01171875,0.001953125
2.6400809359997766,1200.0,-0.00390625,0.005859375,-0.001953125
2.645105181999952,1200.0,-0.00390625,0.005859375,-0.001953125
2.6500888539999323,1200.0,-0.00390625,0.005859375,-0.001953125
2.655086432999724,1200.0,-0.00390625,0.005859375,-0.001953125
2.6600827709999066,1200.0,-0.00390625,0.005859375,-0.001953125
2.6650834249999207,1200.0,-0.00390625,0.005859375,-0.001953125
2.6701047079995988,1200.0,-0.00390625,0.005859375,-0.001953125
2.6750843239997266,1200.0,-0.00390625,0.005859375,-0.001953125
2.680083772999751,1200.0,-0.00390625,0.005859375,-0.001953125
2.685105222999937,1200.0,-0.005859375,0.001953125,-0.00390625
2.690100190999601,1200.0,-0.005859375,0.001953125,-0.00390625
2.6950856589996874,1200.0,-0.005859375,0.001953125,-0.00390625
2.7000880349996805,1200.0,-0.005859375,0.001953125,-0.00390625
2.7050848919998316,1200.0,-0.005859375,0.001953125,-0.00390625
2.7100852300000042,1200.0,-0.005859375,0.001953125,-0.00390625
2.7150848100000076,1200.0,-0.005859375,0.001953125,-0.00390625
2.7200832779999473,1200.0,-0.005859375,0.001953125,-0.00390625
2.7250832639997498,1200.0,-0.005859375,0.001953125,-0.00390625
2.73008413999969,1200.0,-0.005859375,0.001953125,-0.00390625
2.7351271079996877,1200.0,0.00390625,-0.013671875,0.005859375
2.740095131999624,1200.0,0.00390625,-0.013671875,0.005859375
2.745088210999711,1200.0,0.00390625,-0.013671875,0.005859375
2.750106383000002,1202.0,0.00390625,-0.013671875,0.005859375
2.7550894989999506,1204.0,0.00390625,-0.013671875,0.005859375
2.7600865039999007,1206.0,0.00390625,-0.013671875,0.005859375
2.765082842999618,1208.0,0.00390625,-0.013671875,0.005859375
2.7700848109998333,1210.0,0.00390625,-0.013671875,0.005859375
2.7750826120000056,1212.0,0.00390625,-0.013671875,0.005859375
2.7800815429995964,1214.0,0.00390625,-0.013671875,0.005859375
2.7850820849998854,1216.0,0.046875,0.021484375,0.0234375
2.790108293999765,1218.0,0.046875,0.021484375,0.0234375
2.7950908179996077,1220.0,0.046875,0.021484375,0.0234375
2.800085785999727,1222.0,0.046875,0.021484375,0.0234375
2.8050847169997724,1224.0,0.046875,0.021484375,0.0234375
2.810085944999628,1226.0,0.046875,0.021484375,0.0234375
2.815085041999737,1228.0,0.046875,0.021484375,0.0234375
2.8201727149998987,1230.0,0.046875,0.021484375,0.0234375
2.82509895999965,1232.0,0.046875,0.021484375,0.0234375
2.8300909099998535,1234.0,0.046875,0.021484375,0.0234375
2.8351172109996696,1236.0,0.01171875,-0.021484375,0.013671875
2.8400973269999668,1238.0,0.01171875,-0.021484375,0.013671875
2.8450896099998317,1240.0,0.01171875,-0.021484375,0.013671875
2.850088429999687,1242.0,0.01171875,-0.021484375,0.013671875
2.855107601999862,1244.0,0.01171875,-0.021484375,0.013671875
2.8600864959998944,1246.0,0.01171875,-0.021484375,0.013671875
2.865085223999813,1248.0,0.01171875,-0.021484375,0.013671875
2.8700849140000173,1250.0,0.01171875,-0.021484375,0.013671875
2.8750846230000207,1252.0,0.01171875,-0.021484375,0.013671875
2.880084072000045,1254.0,0.01171875,-0.021484375,0.013671875
2.885083002999636,1256.0,0.01171875,-0.021484375,0.013671875
2.8900900639996507,1258.0,-0.0234375,0.025390625,-0.015625
2.895089310000003,1260.0,-0.0234375,0.025390625,-0.015625
2.900084371000048,1262.0,-0.0234375,0.025390625,-0.015625
2.905086134999692,1264.0,-0.0234375,0.025390625,-0.015625
2.9100853810000444,1266.0,-0.0234375,0.025390625,-0.015625
2.915083052999762,1268.0,-0.0234375,0.025390625,-0.015625
2.920097446999989,1270.0,-0.0234375,0.025390625,-0.015625
2.9250847109997267,1272.0,-0.0234375,0.025390625,-0.015625
2.930085086999952,1274.0,-0.0234375,0.025390625,-0.015625
2.935111517999758,1276.0,-0.005859375,-0.009765625,-0.0078125
2.9401132269999835,1278.0,-0.005859375,-0.009765625,-0.0078125
2.94510886199987,1280.0,-0.005859375,-0.009765625,-0.0078125
2.9500911999998607,1282.0,-0.005859375,-0.009765625,-0.0078125
2.9550867789998847,1284.0,-0.005859375,-0.009765625,-0.0078125
2.9600843399998666,1286.0,-0.005859375,-0.009765625,-0.0078125
2.96508441900005,1288.0,-0.005859375,-0.009765625,-0.0078125
2.97009303599998,1290.0,-0.005859375,-0.009765625,-0.0078125
2.97508870799993,1292.0,-0.005859375,-0.009765625,-0.0078125
2.9800855459998274,1294.0,-0.005859375,-0.009765625,-0.0078125
2.9850832179999998,1296.0,0.015625,0.015625,0.01953125
2.9900876489996335,1298.0,0.015625,0.015625,0.01953125
2.9951087649997135,1300.0,0.015625,0.015625,0.01953125
3.000278863999938,1302.0,0.015625,0.015625,0.01953125
3.0052163870000186,1304.0,0.015625,0.015625,0.01953125
3.010102059000019,1306.0,0.015625,0.015625,0.01953125
3.015189841999927,1308.0,0.015625,0.015625,0.01953125
3.0202036989999215,1310.0,0.015625,0.015625,0.01953125
3.0251000549997116,1312.0,0.015625,0.015625,0.01953125
3.030090578999989,1314.0,0.015625,0.015625,0.01953125
3.035102066000036,1316.0,0.0234375,0.013671875,0.009765625
3.0400959409998904,1318.0,0.0234375,0.013671875,0.009765625
3.0450886869998612,1320.0,0.0234375,0.013671875,0.009765625
3.0501785629999176,1322.0,0.0234375,0.013671875,0.009765625
3.0551027530000283,1324.0,0.0234375,0.013671875,0.009765625
3.0601017399999364,1326.0,0.0234375,0.013671875,0.009765625
3.065091688999928,1328.0,0.0234375,0.013671875,0.009765625
3.0700904719997197,1330.0,0.0234375,0.013671875,0.009765625
3.075085865999881,1332.0,0.0234375,0.013671875,0.009765625
3.0800853529999586,1334.0,0.0234375,0.013671875,0.009765625
3.085119709999617,1336.0,-0.0078125,0.0078125,0.0
3.0901654189997316,1338.0,-0.0078125,0.0078125,0.0
3.095093942999938,1340.0,-0.0078125,0.0078125,0.0
3.1000886509996235,1342.0,-0.0078125,0.0078125,0.0
3.1050844899996264,1344.0,-0.0078125,0.0078125,0.0
3.1100877359999686,1346.0,-0.0078125,0.0078125,0.0
3.1150847409999187,1348.0,-0.0078125,0.0078125,0.0
3.120088690999637,1350.0,-0.0078125,0.0078125,0.0
3.12509701099998,1352.0,-0.0078125,0.0078125,0.0
3.130096052999761,1354.0,-0.0078125,0.0078125,0.0
3.1351266509996094,1356.0,-0.013671875,0.025390625,-0.001953125
3.140103951999663,1358.0,-0.013671875,0.025390625,-0.001953125
3.145094030999644,1360.0,-0.013671875,0.025390625,-0.001953125
3.1500904619997527,1362.0,-0.013671875,0.025390625,-0.001953125
3.1550929299996824,1364.0,-0.013671875,0.025390625,-0.001953125
3.160090527999728,1366.0,-0.013671875,0.025390625,-0.001953125
3.1650852369998574,1368.0,-0.013671875,0.025390625,-0.001953125
3.170089371999893,1370.0,-0.013671875,0.025390625,-0.001953125
3.1751083399999516,1372.0,-0.013671875,0.025390625,-0.001953125
3.1800857709999946,1374.0,-0.013671875,0.025390625,-0.001953125
3.1850937579997662,1376.0,0.013671875,0.013671875,0.00390625
3.1900928549998753,1378.0,0.013671875,0.013671875,0.00390625
3.1950871569997616,1380.0,0.013671875,0.013671875,0.00390625
3.2000862729996697,1382.0,0.013671875,0.013671875,0.00390625
3.2050850929999797,1384.0,0.013671875,0.013671875,0.00390625
3.2100875060000362,1386.0,0.013671875,0.013671875,0.00390625
3.215086954999606,1388.0,0.013671875,0.013671875,0.00390625
3.2200844419999157,1390.0,0.013671875,0.013671875,0.00390625
3.225084298999718,1392.0,0.013671875,0.013671875,0.00390625
3.2300843039997744,1394.0,0.013671875,0.013671875,0.00390625
3.235083308999947,1396.0,0.001953125,0.025390625,0.005859375
3.240123943999606,1398.0,0.001953125,0.025390625,0.005859375
3.2450927089998913,1400.0,0.001953125,0.025390625,0.005859375
3.2500893429996722,1402.0,0.001953125,0.025390625,0.005859375
3.2550843859999077,1404.0,0.001953125,0.025390625,0.005859375
3.2600855759997103,1406.0,0.001953125,0.025390625,0.005859375
3.2650865259997772,1408.0,0.001953125,0.025390625,0.005859375
3.2700865859997066,1410.0,0.001953125,0.025390625,0.005859375
3.275083554000048,1412.0,0.001953125,0.025390625,0.005859375
3.280083559999639,1414.0,0.001953125,0.025390625,0.005859375
3.285082360999695,1416.0,0.0,0.044921875,0.001953125
3.290091532999668,1418.0,0.0,0.044921875,0.001953125
3.2950863159999244,1420.0,0.0,0.044921875,0.001953125
3.300082172999737,1422.0,0.0,0.044921875,0.001953125
3.305084140999952,1424.0,0.0,0.044921875,0.001953125
3.310084645999723,1426.0,0.0,0.044921875,0.001953125
3.315086465999684,1428.0,0.0,0.044921875,0.001953125
3.3200850449998143,1430.0,0.0,0.044921875,0.001953125
3.325082698999722,1432.0,0.0,0.044921875,0.001953125
3.3300851849999162,1434.0,0.0,0.044921875,0.001953125
3.335128801999872,1436.0,0.005859375,0.138671875,0.00390625
3.3401987150000423,1438.0,0.005859375,0.138671875,0.00390625
3.345119682999666,1440.0,0.005859375,0.138671875,0.00390625
3.350090891000036,1442.0,0.005859375,0.138671875,0.00390625
3.355087655999796,1444.0,0.005859375,0.138671875,0.00390625
3.3600896049997573,1446.0,0.005859375,0.138671875,0.00390625
3.3650891109996337,1448.0,0.005859375,0.138671875,0.00390625
3.3700913749999017,1450.0,0.005859375,0.138671875,0.00390625
3.375087620999693,1452.0,0.005859375,0.138671875,0.00390625
3.380084848000024,1454.0,0.005859375,0.138671875,0.00390625
3.385086797999975,1456.0,-0.001953125,0.166015625,0.009765625
3.390093006999905,1458.0,-0.001953125,0.166015625,0.009765625
3.395085733999622,1460.0,-0.001953125,0.166015625,0.009765625
3.4000842020000164,1462.0,-0.001953125,0.166015625,0.009765625
3.405083244999787,1464.0,-0.001953125,0.166015625,0.009765625
3.4100867679999283,1466.0,-0.001953125,0.166015625,0.009765625
3.415085495999847,1468.0,-0.001953125,0.166015625,0.009765625
3.4200831309999558,1470.0,-0.001953125,0.166015625,0.009765625
3.4250817469996946,1472.0,-0.001953125,0.166015625,0.009765625
3.4301034000000072,1474.0,-0.001953125,0.166015625,0.009765625
3.4350901650000196,1476.0,0.015625,0.24609375,0.0078125
3.4400892809999277,1478.0,0.015625,0.24609375,0.0078125
3.445085971000026,1480.0,0.015625,0.24609375,0.0078125
3.450084476000029,1482.0,0.015625,0.24609375,0.0078125
3.4550868149999587,1484.0,0.015625,0.24609375,0.0078125
3.4600855049998245,1486.0,0.015625,0.24609375,0.0078125
3.465084528999796,1488.0,0.015625,0.24609375,0.0078125
3.4700915710000118,1490.0,0.015625,0.24609375,0.0078125
3.475086076000025,1492.0,0.015625,0.24609375,0.0078125
3.4800863039999967,1494.0,0.015625,0.24609375,0.0078125
3.485088123999958,1496.0,-0.01171875,0.32421875,-0.0078125
3.4900883509999403,1498.0,-0.01171875,0.32421875,-0.0078125
3.49512352299962,1500.0,-0.01171875,0.32421875,-0.0078125
3.50009206499999,1500,-0.01171875,0.32421875,-0.0078125
3.5050932929998453,1500,-0.01171875,0.32421875,-0.0078125
3.5100887239996155,1500,-0.01171875,0.32421875,-0.0078125
3.515084339999703,1500,-0.01171875,0.32421875,-0.0078125
3.5200850859996535,1500,-0.01171875,0.32421875,-0.0078125
3.5250829239998893,1500,-0.01171875,0.32421875,-0.0078125
3.53008754099983,1500,-0.01171875,0.32421875,-0.0078125
3.5351241199996366,1500,-0.01953125,0.38671875,-0.013671875
3.5400922919998266,1500,-0.01953125,0.38671875,-0.013671875
3.545085796999956,1500,-0.01953125,0.38671875,-0.013671875
3.5500879869996425,1500,-0.01953125,0.38671875,-0.013671875
3.5550890109998363,1500,-0.01953125,0.38671875,-0.013671875
3.5600863869999557,1500,-0.01953125,0.38671875,-0.013671875
3.5650839659997473,1500,-0.01953125,0.38671875,-0.013671875
3.5700852669997403,1500,-0.01953125,0.38671875,-0.013671875
3.5750843649998387,1500,-0.01953125,0.38671875,-0.013671875
3.580083573999673,1500,-0.01953125,0.38671875,-0.013671875
3.5850842459999512,1500,-0.00390625,0.4375,-0.00390625
3.590088121000008,1500,-0.00390625,0.4375,-0.00390625
3.595083329999852,1500,-0.00390625,0.4375,-0.00390625
3.6000844840000354,1500,-0.00390625,0.4375,-0.00390625
3.605085655000039,1500,-0.00390625,0.4375,-0.00390625
3.6100852159997885,1500,-0.00390625,0.4375,-0.00390625
3.6150838690000455,1500,-0.00390625,0.4375,-0.00390625
3.620082170999922,1500,-0.00390625,0.4375,-0.00390625
3.625084621000042,1500,-0.00390625,0.4375,-0.00390625
3.6300848849996328,1500,-0.00390625,0.4375,-0.00390625
3.635083463999763,1500,0.00390625,0.4765625,0.009765625
3.6401041919998534,1500,0.00390625,0.4765625,0.009765625
3.6451147899997522,1500,0.00390625,0.4765625,0.009765625
3.650093294999806,1500,0.00390625,0.4765625,0.009765625
3.6550938000000315,1500,0.00390625,0.4765625,0.009765625
3.6600865269997485,1500,0.00390625,0.4765625,0.009765625
3.6650852729999315,1500,0.00390625,0.4765625,0.009765625
3.6700847779998185,1500,0.00390625,0.4765625,0.009765625
3.675086820999695,1500,0.00390625,0.4765625,0.009765625
3.6800862889999735,1500,0.00390625,0.4765625,0.009765625
3.6851067200000216,1500,0.001953125,0.5,-0.001953125
3.690096039999844,1500,0.001953125,0.5,-0.001953125
3.6950892299996667,1500,0.001953125,0.5,-0.001953125
3.700087143000019,1500,0.001953125,0.5,-0.001953125
3.7050869069998953,1500,0.001953125,0.5,-0.001953125
3.7100849489997927,1500,0.001953125,0.5,-0.001953125
3.715082842999891,1500,0.001953125,0.5,-0.001953125
3.7200852559999475,1500,0.001953125,0.5,-0.001953125
3.7250864089996867,1500,0.001953125,0.5,-0.001953125
3.730086339999616,1500,0.001953125,0.5,-0.001953125
3.735146124000039,1500,-0.009765625,0.521484375,-0.00390625
3.740097961999709,1500,-0.009765625,0.521484375,-0.00390625
3.7450917819996903,1500,-0.009765625,0.521484375,-0.00390625
3.7500878799996826,1500,-0.009765625,0.521484375,-0.00390625
3.755085217999749,1500,-0.009765625,0.521484375,-0.00390625
3.7600837229997524,1500,-0.009765625,0.521484375,-0.00390625
3.765082061999692,1500,-0.009765625,0.521484375,-0.00390625
3.770086047999939,1500,-0.009765625,0.521484375,-0.00390625
3.775084090999826,1500,-0.009765625,0.521484375,-0.00390625
3.7800840769996285,1500,-0.009765625,0.521484375,-0.00390625
3.7850841009999385,1500,-0.01171875,0.53125,-0.001953125
3.7900896429996465,1500,-0.01171875,0.53125,-0.001953125
3.7950873709996813,1500,-0.01171875,0.53125,-0.001953125
3.8000854130000334,1500,-0.01171875,0.53125,-0.001953125
3.805084324999825,1500,-0.01171875,0.53125,-0.001953125
3.8100841269997545,1500,-0.01171875,0.53125,-0.001953125
3.8150846690000435,1500,-0.01171875,0.53125,-0.001953125
3.82010817399987,1500,-0.01171875,0.53125,-0.001953125
3.8250892719997864,1500,-0.01171875,0.53125,-0.001953125
3.830086258999927,1500,-0.01171875,0.53125,-0.001953125
3.835083967999708,1500,0.00390625,0.537109375,0.001953125
3.840109362000021,1500,0.00390625,0.537109375,0.001953125
3.845088440999916,1500,0.00390625,0.537109375,0.001953125
3.8500868169999194,1500,0.00390625,0.537109375,0.001953125
3.855084858999817,1500,0.00390625,0.537109375,0.001953125
3.8600825489997987,1500,0.00390625,0.537109375,0.001953125
3.8650855359996967,1500,0.00390625,0.537109375,0.001953125
3.8700850219997847,1500,0.00390625,0.537109375,0.001953125
3.8750836939998408,1500,0.00390625,0.537109375,0.001953125
3.8800849589997597,1500,0.00390625,0.537109375,0.001953125
3.885082518999752,1500,-0.0078125,0.54296875,0.001953125
3.8900883950000207,1500,-0.0078125,0.54296875,0.001953125
3.8950860109998757,1500,-0.0078125,0.54296875,0.001953125
3.9000855350000165,1502.0,-0.0078125,0.54296875,0.001953125
3.9050839479996284,1504.0,-0.0078125,0.54296875,0.001953125
3.9100845640000443,1506.0,-0.0078125,0.54296875,0.001953125
3.915087475999826,1508.0,-0.0078125,0.54296875,0.001953125
3.9200859819998186,1510.0,-0.0078125,0.54296875,0.001953125
3.925082912999642,1512.0,-0.0078125,0.54296875,0.001953125
3.9300850849999733,1514.0,-0.0078125,0.54296875,0.001953125
3.935120681999706,1516.0,-0.001953125,0.5390625,-0.001953125
3.9401213539999844,1518.0,-0.001953125,0.5390625,-0.001953125
3.945090562999667,1520.0,-0.001953125,0.5390625,-0.001953125
3.95008555000004,1522.0,-0.001953125,0.5390625,-0.001953125
3.9550856289997682,1524.0,-0.001953125,0.5390625,-0.001953125
3.9600875229998564,1526.0,-0.001953125,0.5390625,-0.001953125
3.9650866389997645,1528.0,-0.001953125,0.5390625,-0.001953125
3.970090440999684,1530.0,-0.001953125,0.5390625,-0.001953125
3.9750846869997076,1532.0,-0.001953125,0.5390625,-0.001953125
3.9800832659998377,1534.0,-0.001953125,0.5390625,-0.001953125
3.9850845669998307,1536.0,-0.00390625,0.541015625,-0.001953125
3.9900889239997923,1538.0,-0.00390625,0.541015625,-0.001953125
3.995107392999671,1540.0,-0.00390625,0.541015625,-0.001953125
4.000295065000046,1542.0,-0.00390625,0.541015625,-0.001953125
4.005218366999998,1544.0,-0.00390625,0.541015625,-0.001953125
4.010115537999809,1546.0,-0.00390625,0.541015625,-0.001953125
4.015197820999674,1548.0,-0.00390625,0.541015625,-0.001953125
4.020187696999983,1550.0,-0.00390625,0.541015625,-0.001953125
4.025100219999786,1552.0,-0.00390625,0.541015625,-0.001953125
4.030089095999756,1554.0,-0.00390625,0.541015625,-0.001953125
4.035109026999635,1556.0,0.0,0.529296875,0.005859375
4.0400998099999015,1558.0,0.0,0.529296875,0.005859375
4.045089017999999,1560.0,0.0,0.529296875,0.005859375
4.050092209000013,1562.0,0.0,0.529296875,0.005859375
4.0551299359999575,1564.0,0.0,0.529296875,0.005859375
4.0601002379999045,1566.0,0.0,0.529296875,0.005859375
4.065094520999992,1568.0,0.0,0.529296875,0.005859375
4.070090340999741,1570.0,0.0,0.529296875,0.005859375
4.075085289999606,1572.0,0.0,0.529296875,0.005859375
4.0800895180000225,1574.0,0.0,0.529296875,0.005859375
4.085085837999941,1576.0,-0.00390625,0.521484375,0.0078125
4.0901857879998715,1578.0,-0.00390625,0.521484375,0.0078125
4.095091588999821,1580.0,-0.00390625,0.521484375,0.0078125
4.100088742000025,1582.0,-0.00390625,0.521484375,0.0078125
4.105090746999849,1584.0,-0.00390625,0.521484375,0.0078125
4.110088603999884,1586.0,-0.00390625,0.521484375,0.0078125
4.11508473899994,1588.0,-0.00390625,0.521484375,0.0078125
4.120084688999668,1590.0,-0.00390625,0.521484375,0.0078125
4.125084026999957,1592.0,-0.00390625,0.521484375,0.0078125
4.130088402999718,1594.0,-0.00390625,0.521484375,0.0078125
4.135128426999927,1596.0,0.0078125,0.51171875,0.021484375
4.140101320999747,1598.0,0.0078125,0.51171875,0.021484375
4.145089899999675,1600.0,0.0078125,0.51171875,0.021484375
4.150087793999774,1602.0,0.0078125,0.51171875,0.021484375
4.155089298999883,1604.0,0.0078125,0.51171875,0.021484375
4.160085396999875,1606.0,0.0078125,0.51171875,0.021484375
4.165084382999794,1608.0,0.0078125,0.51171875,0.021484375
4.170083851999607,1610.0,0.0078125,0.51171875,0.021484375
4.17508502299961,1612.0,0.0078125,0.51171875,0.021484375
4.180085213999973,1614.0,0.0078125,0.51171875,0.021484375
4.185094255999957,1616.0,0.01171875,0.513671875,0.029296875
4.190091557999949,1618.0,0.01171875,0.513671875,0.029296875
4.195104914999774,1620.0,0.01171875,0.513671875,0.029296875
4.200094326999988,1622.0,0.01171875,0.513671875,0.029296875
4.2050897399999485,1624.0,0.01171875,0.513671875,0.029296875
4.2100859489996765,1626.0,0.01171875,0.513671875,0.029296875
4.2150846949998595,1628.0,0.01171875,0.513671875,0.029296875
4.220096717999695,1630.0,0.01171875,0.513671875,0.029296875
4.225089408999793,1632.0,0.01171875,0.513671875,0.029296875
4.230091857999923,1634.0,0.01171875,0.513671875,0.029296875
4.235088048999842,1636.0,0.01171875,0.5234375,0.0234375
4.240088997999919,1638.0,0.01171875,0.5234375,0.0234375
4.2451236889996835,1640.0,0.01171875,0.5234375,0.0234375
4.250162804999945,1642.0,0.01171875,0.5234375,0.0234375
4.255095291999623,1644.0,0.01171875,0.5234375,0.0234375
4.260088203999658,1646.0,0.01171875,0.5234375,0.0234375
4.2650908949999575,1648.0,0.01171875,0.5234375,0.0234375
4.270090641000024,1650.0,0.01171875,0.5234375,0.0234375
4.275088978999975,1652.0,0.01171875,0.5234375,0.0234375
4.280086761999883,1654.0,0.01171875,0.5234375,0.0234375
4.285085692999928,1656.0,-0.005859375,0.537109375,0.0
4.290090438999869,1658.0,-0.005859375,0.537109375,0.0
4.295087017999776,1660.0,-0.005859375,0.537109375,0.0
4.300084615999822,1662.0,-0.005859375,0.537109375,0.0
4.305084992000047,1664.0,-0.005859375,0.537109375,0.0
4.310085366999829,1666.0,-0.005859375,0.537109375,0.0
4.315090038999642,1668.0,-0.005859375,0.537109375,0.0
4.320092006999857,1670.0,-0.005859375,0.537109375,0.0
4.32508810499985,1672.0,-0.005859375,0.537109375,0.0
4.330089424999642,1674.0,-0.005859375,0.537109375,0.0
4.335131559999809,1676.0,-0.015625,0.56640625,-0.01953125
4.34010006499966,1678.0,-0.015625,0.56640625,-0.01953125
4.345091403999959,1680.0,-0.015625,0.56640625,-0.01953125
4.350090982999973,1682.0,-0.015625,0.56640625,-0.01953125
4.355086746999859,1684.0,-0.015625,0.56640625,-0.01953125
4.360083585999746,1686.0,-0.015625,0.56640625,-0.01953125
4.365083831999982,1688.0,-0.015625,0.56640625,-0.01953125
4.370087095999679,1690.0,-0.015625,0.56640625,-0.01953125
4.375087193999661,1692.0,-0.015625,0.56640625,-0.01953125
4.3800839769996855,1694.0,-0.015625,0.56640625,-0.01953125
4.385084166999604,1696.0,-0.009765625,0.603515625,-0.013671875
4.390090912999767,1698.0,-0.009765625,0.603515625,-0.013671875
4.395086492999781,1700.0,-0.009765625,0.603515625,-0.013671875
4.400084867999794,1702.0,-0.009765625,0.603515625,-0.013671875
4.405083132999607,1704.0,-0.009765625,0.603515625,-0.013671875
4.4100828229998115,1706.0,-0.009765625,0.603515625,-0.013671875
4.415084753999963,1708.0,-0.009765625,0.603515625,-0.013671875
4.420084851999945,1710.0,-0.009765625,0.603515625,-0.013671875
4.4250845049996315,1712.0,-0.009765625,0.603515625,-0.013671875
4.430083491999994,1714.0,-0.009765625,0.603515625,-0.013671875
4.435083552999913,1716.0,-0.005859375,0.638671875,0.00390625
4.44008972499978,1718.0,-0.005859375,0.638671875,0.00390625
4.445087451999825,1720.0,-0.005859375,0.638671875,0.00390625
4.450099178999608,1722.0,-0.005859375,0.638671875,0.00390625
4.45508777699979,1724.0,-0.005859375,0.638671875,0.00390625
4.460084948999793,1726.0,-0.005859375,0.638671875,0.00390625
4.465085472999817,1728.0,-0.005859375,0.638671875,0.00390625
4.470093662999716,1730.0,-0.005859375,0.638671875,0.00390625
4.475085778999983,1732.0,-0.005859375,0.638671875,0.00390625
4.480084932999944,1734.0,-0.005859375,0.638671875,0.00390625
4.4850836419996085,1736.0,0.001953125,0.689453125,0.015625
4.490090701999634,1738.0,0.001953125,0.689453125,0.015625
4.495113078000031,1740.0,0.001953125,0.689453125,0.015625
4.500088101999609,1742.0,0.001953125,0.689453125,0.015625
4.505089810999834,1744.0,0.001953125,0.689453125,0.015625
4.5100897049997,1746.0,0.001953125,0.689453125,0.015625
4.515086209999936,1748.0,0.001953125,0.689453125,0.015625
4.520086584999717,1750.0,0.001953125,0.689453125,0.015625
4.525084738999794,1752.0,0.001953125,0.689453125,0.015625
4.53008500299984,1754.0,0.001953125,0.689453125,0.015625
4.535123545999795,1756.0,0.001953125,0.75390625,0.01171875
4.540098810000018,1758.0,0.001953125,0.75390625,0.01171875
4.545089407999967,1760.0,0.001953125,0.75390625,0.01171875
4.550086171999737,1762.0,0.001953125,0.75390625,0.01171875
4.555084010999963,1764.0,0.001953125,0.75390625,0.01171875
4.560087645999829,1766.0,0.001953125,0.75390625,0.01171875
4.565089335999801,1768.0,0.001953125,0.75390625,0.01171875
4.570084025999677,1770.0,0.001953125,0.75390625,0.01171875
4.575082975999976,1772.0,0.001953125,0.75390625,0.01171875
4.58008242599999,1774.0,0.001953125,0.75390625,0.01171875
4.585086207999666,1776.0,-0.0078125,0.8359375,-0.001953125
4.590089694999733,1778.0,-0.0078125,0.8359375,-0.001953125
4.595153793000009,1780.0,-0.0078125,0.8359375,-0.001953125
4.600095075999889,1782.0,-0.0078125,0.8359375,-0.001953125
4.605088228999648,1784.0,-0.0078125,0.8359375,-0.001953125
4.610091289999673,1786.0,-0.0078125,0.8359375,-0.001953125
4.615086609999707,1788.0,-0.0078125,0.8359375,-0.001953125
4.620083892999901,1790.0,-0.0078125,0.8359375,-0.001953125
4.625082897999619,1792.0,-0.0078125,0.8359375,-0.001953125
4.630089514999781,1794.0,-0.0078125,0.8359375,-0.001953125
4.635090037999817,1796.0,-0.01171875,0.919921875,-0.0078125
4.640092709999863,1798.0,-0.01171875,0.919921875,-0.0078125
4.645111992999773,1800.0,-0.01171875,0.919921875,-0.0078125
4.650092794999637,1800.0,-0.01171875,0.919921875,-0.0078125
4.655092965999756,1800.0,-0.01171875,0.919921875,-0.0078125
4.6600966940000035,1800.0,-0.01171875,0.919921875,-0.0078125
4.665089383999657,1800.0,-0.01171875,0.919921875,-0.0078125
4.670086388999607,1800.0,-0.01171875,0.919921875,-0.0078125
4.675087597999664,1800.0,-0.01171875,0.919921875,-0.0078125
4.680086991999815,1800.0,-0.01171875,0.919921875,-0.0078125
4.685104183000021,1800.0,-0.0078125,1.021484375,0.001953125
4.690099409999675,1800.0,-0.0078125,1.021484375,0.001953125
4.695087340999635,1800.0,-0.0078125,1.021484375,0.001953125
4.700086623999596,1800.0,-0.0078125,1.021484375,0.001953125
4.705088388999684,1800.0,-0.0078125,1.021484375,0.001953125
4.710108652999679,1800.0,-0.0078125,1.021484375,0.001953125
4.715086157999849,1800.0,-0.0078125,1.021484375,0.001953125
4.720084940999641,1800.0,-0.0078125,1.021484375,0.001953125
4.725083371999972,1800.0,-0.0078125,1.021484375,0.001953125
4.7300873780000074,1800.0,-0.0078125,1.021484375,0.001953125
4.735128956999688,1800.0,-0.009765625,1.140625,-0.001953125
4.740094018000036,1800.0,-0.009765625,1.140625,-0.001953125
4.745087522999711,1800.0,-0.009765625,1.140625,-0.001953125
4.750086749999809,1800.0,-0.009765625,1.140625,-0.001953125
4.7551056069996775,1800.0,-0.009765625,1.140625,-0.001953125
4.760209168999609,1800.0,-0.009765625,1.140625,-0.001953125
4.765102654999737,1800.0,-0.009765625,1.140625,-0.001953125
4.770090641000024,1800.0,-0.009765625,1.140625,-0.001953125
4.775093590999859,1800.0,-0.009765625,1.140625,-0.001953125
4.780088058999809,1800.0,-0.009765625,1.140625,-0.001953125
4.785087656999622,1800.0,-0.009765625,1.236328125,-0.013671875
4.790096846999859,1800.0,-0.009765625,1.236328125,-0.013671875
4.795087481999872,1800.0,-0.009765625,1.236328125,-0.013671875
4.800086264999663,1800.0,-0.009765625,1.236328125,-0.013671875
4.805093937000038,1800.0,-0.009765625,1.236328125,-0.013671875
4.810089886999776,1800.0,-0.009765625,1.236328125,-0.013671875
4.815084687999843,1800.0,-0.009765625,1.236328125,-0.013671875
4.820105433999743,1800.0,-0.009765625,1.236328125,-0.013671875
4.82508651299986,1800.0,-0.009765625,1.236328125,-0.013671875
4.8300859070000115,1800.0,-0.009765625,1.236328125,-0.013671875
4.8350834869997925,1800.0,-0.015625,1.341796875,-0.01171875
4.840092769999956,1800.0,-0.015625,1.341796875,-0.01171875
4.845087385999705,1800.0,-0.015625,1.341796875,-0.01171875
4.850086705999729,1800.0,-0.015625,1.341796875,-0.01171875
4.855084932999944,1800.0,-0.015625,1.341796875,-0.01171875
4.860084215999905,1800.0,-0.015625,1.341796875,-0.01171875
4.865084924999792,1800.0,-0.015625,1.341796875,-0.01171875
4.870087190000049,1800.0,-0.015625,1.341796875,-0.01171875
4.875089657999979,1800.0,-0.015625,1.341796875,-0.01171875
4.880085718999908,1800.0,-0.015625,1.341796875,-0.01171875
4.885083908999604,1800.0,-0.01171875,1.4140625,-0.00390625
4.890090376999979,1800.0,-0.01171875,1.4140625,-0.00390625
4.895085992999611,1800.0,-0.01171875,1.4140625,-0.00390625
4.900083331999667,1800.0,-0.01171875,1.4140625,-0.00390625
4.905087744999946,1800.0,-0.01171875,1.4140625,-0.00390625
4.910083508999833,1800.0,-0.01171875,1.4140625,-0.00390625
4.9150828110000475,1800.0,-0.01171875,1.4140625,-0.00390625
4.920088074999967,1800.0,-0.01171875,1.4140625,-0.00390625
4.925084505999621,1800.0,-0.01171875,1.4140625,-0.00390625
4.930127603999608,1800.0,-0.01171875,1.4140625,-0.00390625
4.935127405999992,1800.0,0.021484375,1.5703125,-0.228515625
4.940116613999635,1800.0,0.021484375,1.5703125,-0.228515625
4.945095341999604,1800.0,0.021484375,1.5703125,-0.228515625
4.950087327999881,1800.0,0.021484375,1.5703125,-0.228515625
4.95508483399999,1800.0,0.021484375,1.5703125,-0.228515625
4.9601034309998795,1800.0,0.021484375,1.5703125,-0.228515625
4.965084937000029,1800.0,0.021484375,1.5703125,-0.228515625
4.970095385999684,1800.0,0.021484375,1.5703125,-0.228515625
4.975086094999824,1800.0,0.021484375,1.5703125,-0.228515625
4.980085636999775,1800.0,0.021484375,1.5703125,-0.228515625
4.985083586999735,1800.0,-0.05078125,1.314453125,-0.154296875
4.9900989999996455,1800.0,-0.05078125,1.314453125,-0.154296875
4.995117059999757,1800.0,-0.05078125,1.314453125,-0.154296875
5.000329066999711,1800.0,-0.05078125,1.314453125,-0.154296875
5.005238941999778,1800.0,-0.05078125,1.314453125,-0.154296875
5.010110205999808,1800.0,-0.05078125,1.314453125,-0.154296875
5.0152015999997275,1800.0,-0.05078125,1.314453125,-0.154296875
5.020199919999868,1800.0,-0.05078125,1.314453125,-0.154296875
5.025105035999786,1800.0,-0.05078125,1.314453125,-0.154296875
5.0300907449995975,1800.0,-0.05078125,1.314453125,-0.154296875
5.035100823999983,1800.0,0.03515625,1.0859375,-0.078125
5.0401064779998705,1800.0,0.03515625,1.0859375,-0.078125
5.045092463999936,1800.0,0.03515625,1.0859375,-0.078125
5.050086968999949,1800.0,0.03515625,1.0859375,-0.078125
5.055088214999614,1800.0,0.03515625,1.0859375,-0.078125
5.060112553999716,1800.0,0.03515625,1.0859375,-0.078125
5.065253762999873,1800.0,0.03515625,1.0859375,-0.078125
5.070367880000049,1800.0,0.03515625,1.0859375,-0.078125
5.075110717999905,1800.0,0.03515625,1.0859375,-0.078125
5.0800952229997165,1800.0,0.03515625,1.0859375,-0.078125
5.085110858000007,1800.0,0.02734375,0.90625,-0.125
5.090177288999712,1800.0,0.02734375,0.90625,-0.125
5.095099404999928,1800.0,0.02734375,0.90625,-0.125
5.100088928999867,1800.0,0.02734375,0.90625,-0.125
5.105095896999956,1800.0,0.02734375,0.90625,-0.125
5.110089235000032,1800.0,0.02734375,0.90625,-0.125
5.115087741000025,1800.0,0.02734375,0.90625,-0.125
5.120086263999838,1800.0,0.02734375,0.90625,-0.125
5.125088621000032,1800.0,0.02734375,0.90625,-0.125
5.1300875519996225,1800.0,0.02734375,0.90625,-0.125
5.13513039099962,1800.0,0.041015625,0.708984375,-0.19140625
5.140098840999599,1800.0,0.041015625,0.708984375,-0.19140625
5.145087197999601,1800.0,0.041015625,0.708984375,-0.19140625
5.150087109999731,1800.0,0.041015625,0.708984375,-0.19140625
5.155084800999703,1800.0,0.041015625,0.708984375,-0.19140625
5.160084101999928,1800.0,0.041015625,0.708984375,-0.19140625
5.165085088999604,1800.0,0.041015625,0.708984375,-0.19140625
5.170084926999607,1800.0,0.041015625,0.708984375,-0.19140625
5.175083839999843,1800.0,0.041015625,0.708984375,-0.19140625
5.180082733999825,1800.0,0.041015625,0.708984375,-0.19140625
5.18509209099966,1800.0,0.046875,0.53515625,-0.107421875
5.1900936699998965,1800.0,0.046875,0.53515625,-0.107421875
5.195090508999783,1800.0,0.046875,0.53515625,-0.107421875
5.200128847999622,1800.0,0.046875,0.53515625,-0.107421875
5.205093240999759,1800.0,0.046875,0.53515625,-0.107421875
5.210091209999973,1800.0,0.046875,0.53515625,-0.107421875
5.215109084999767,1800.0,0.046875,0.53515625,-0.107421875
5.220084145999863,1800.0,0.046875,0.53515625,-0.107421875
5.225086224999814,1800.0,0.046875,0.53515625,-0.107421875
5.230088211999828,1800.0,0.046875,0.53515625,-0.107421875
5.235086346999651,1800.0,-0.03125,0.435546875,0.060546875
5.240089907999845,1800.0,-0.03125,0.435546875,0.060546875
5.2450844869999855,1800.0,-0.03125,0.435546875,0.060546875
5.25008527,1800.0,-0.03125,0.435546875,0.060546875
5.255083663999812,1800.0,-0.03125,0.435546875,0.060546875
5.260083927999858,1800.0,-0.03125,0.435546875,0.060546875
5.265084210999703,1800.0,-0.03125,0.435546875,0.060546875
5.270083882999643,1800.0,-0.03125,0.435546875,0.060546875
5.2750818879999315,1800.0,-0.03125,0.435546875,0.060546875
5.280082337999829,1800.0,-0.03125,0.435546875,0.060546875
5.285084787999949,1800.0,-0.041015625,0.32421875,0.099609375
5.290086423000048,1800.0,-0.041015625,0.32421875,0.099609375
5.295084575999681,1800.0,-0.041015625,0.32421875,0.099609375
5.300082062999991,1800.0,-0.041015625,0.32421875,0.099609375
5.3050823270000365,1800.0,-0.041015625,0.32421875,0.099609375
5.310098943999947,1800.0,-0.041015625,0.32421875,0.099609375
5.315085670999906,1800.0,-0.041015625,0.32421875,0.099609375
5.320084971999677,1800.0,-0.041015625,0.32421875,0.099609375
5.325082532999659,1800.0,-0.041015625,0.32421875,0.099609375
5.330086741999821,1800.0,-0.041015625,0.32421875,0.099609375
5.3351250439995965,1800.0,-0.05078125,0.146484375,0.109375
5.3400972709996495,1800.0,-0.05078125,0.146484375,0.109375
5.345085905999895,1800.0,-0.05078125,0.146484375,0.109375
5.350091132999751,1800.0,-0.05078125,0.146484375,0.109375
5.355087286999606,1800.0,-0.05078125,0.146484375,0.109375
5.360084587999609,1800.0,-0.05078125,0.146484375,0.109375
5.365082370999971,1800.0,-0.05078125,0.146484375,0.109375
5.370083431999774,1800.0,-0.05078125,0.146484375,0.109375
5.37509954799998,1800.0,-0.05078125,0.146484375,0.109375
5.380087145999823,1800.0,-0.05078125,0.146484375,0.109375
5.3850842439996995,1800.0,-0.05859375,0.025390625,0.111328125
5.390088859999651,1800.0,-0.05859375,0.025390625,0.111328125
5.395083790999706,1800.0,-0.05859375,0.025390625,0.111328125
5.400082666999879,1800.0,-0.05859375,0.025390625,0.111328125
5.405083597999692,1800.0,-0.05859375,0.025390625,0.111328125
5.4100853069999175,1800.0,-0.05859375,0.025390625,0.111328125
5.415084681999815,1800.0,-0.05859375,0.025390625,0.111328125
5.420081298999776,1800.0,-0.05859375,0.025390625,0.111328125
5.425082970999938,1800.0,-0.05859375,0.025390625,0.111328125
5.430084808999709,1800.0,-0.05859375,0.025390625,0.111328125
5.435086296000009,1800.0,-0.021484375,0.00390625,0.072265625
5.440087374999621,1800.0,-0.021484375,0.00390625,0.072265625
5.4450833619998775,1800.0,-0.021484375,0.00390625,0.072265625
5.450087348999659,1800.0,-0.021484375,0.00390625,0.072265625
5.455085594999673,1800.0,-0.021484375,0.00390625,0.072265625
5.460083858999951,1800.0,-0.021484375,0.00390625,0.072265625
5.465105826999661,1800.0,-0.021484375,0.00390625,0.072265625
5.470113240000046,1800.0,-0.021484375,0.00390625,0.072265625
5.475088226000025,1800.0,-0.021484375,0.00390625,0.072265625
5.480087916999764,1800.0,-0.021484375,0.00390625,0.072265625
5.485085588999937,1800.0,-0.021484375,0.046875,0.05078125
5.490090130999761,1800.0,-0.021484375,0.046875,0.05078125
5.495099561999723,1800.0,-0.021484375,0.046875,0.05078125
5.500108844999886,1800.0,-0.021484375,0.046875,0.05078125
5.505091201999676,1800.0,-0.021484375,0.046875,0.05078125
5.510088688999986,1800.0,-0.021484375,0.046875,0.05078125
5.515085397999883,1800.0,-0.021484375,0.046875,0.05078125
5.52008514399995,1800.0,-0.021484375,0.046875,0.05078125
5.5250850190000165,1800.0,-0.021484375,0.046875,0.05078125
5.530086153999946,1800.0,-0.021484375,0.046875,0.05078125
5.535122325999964,1800.0,-0.03515625,0.099609375,0.083984375
5.540096664999965,1800.0,-0.03515625,0.099609375,0.083984375
5.545089335999819,1800.0,-0.03515625,0.099609375,0.083984375
5.550087007999991,1800.0,-0.03515625,0.099609375,0.083984375
5.55508575399972,1800.0,-0.03515625,0.099609375,0.083984375
5.5600835369996275,1800.0,-0.03515625,0.099609375,0.083984375
5.565082967999842,1800.0,-0.03515625,0.099609375,0.083984375
5.570086010999603,1800.0,-0.03515625,0.099609375,0.083984375
5.575084644999606,1800.0,-0.03515625,0.099609375,0.083984375
5.5800834659999055,1800.0,-0.03515625,0.099609375,0.083984375
5.5850834149996444,1800.0,-0.052734375,0.173828125,0.130859375
5.590086734999659,1800.0,-0.052734375,0.173828125,0.130859375
5.59508479599981,1800.0,-0.052734375,0.173828125,0.130859375
5.600083393999739,1800.0,-0.052734375,0.173828125,0.130859375
5.605083806000039,1800.0,-0.052734375,0.173828125,0.130859375
5.610083477999979,1800.0,-0.052734375,0.173828125,0.130859375
5.615081779999855,1800.0,-0.052734375,0.173828125,0.130859375
5.620083821999742,1800.0,-0.052734375,0.173828125,0.130859375
5.625084197999968,1800.0,-0.052734375,0.173828125,0.130859375
5.630084887999601,1800.0,-0.052734375,0.173828125,0.130859375
5.63508276399989,1800.0,-0.08203125,0.234375,0.140625
5.640084083999682,1800.0,-0.08203125,0.234375,0.140625
5.645104606999666,1800.0,-0.08203125,0.234375,0.140625
5.650091519999933,1800.0,-0.08203125,0.234375,0.140625
5.65508580300002,1800.0,-0.08203125,0.234375,0.140625
5.660082845000034,1800.0,-0.08203125,0.234375,0.140625
5.665083868999773,1800.0,-0.08203125,0.234375,0.140625
5.6700840589996915,1800.0,-0.08203125,0.234375,0.140625
5.675083878999885,1800.0,-0.08203125,0.234375,0.140625
5.680082643999867,1800.0,-0.08203125,0.234375,0.140625
5.685087204999945,1800.0,-0.03125,0.296875,0.0859375
5.690090562000023,1800.0,-0.03125,0.296875,0.0859375
5.695084937000047,1800.0,-0.03125,0.296875,0.0859375
5.700086590999945,1800.0,-0.03125,0.296875,0.0859375
5.705084280999927,1800.0,-0.03125,0.296875,0.0859375
5.710083137999845,1800.0,-0.03125,0.296875,0.0859375
5.715085013999669,1800.0,-0.03125,0.296875,0.0859375
5.7200829079997675,1800.0,-0.03125,0.296875,0.0859375
5.725083079999877,1800.0,-0.03125,0.296875,0.0859375
5.730105769999682,1800.0,-0.001953125,0.36328125,-0.01953125
5.73512644199991,1800.0,-0.001953125,0.36328125,-0.01953125
5.7401319099999455,1800.0,-0.001953125,0.36328125,-0.01953125
5.745096322999871,1800.0,-0.001953125,0.36328125,-0.01953125
5.7500905689998945,1800.0,-0.001953125,0.36328125,-0.01953125
5.755086277999908,1800.0,-0.001953125,0.36328125,-0.01953125
5.7600874679997105,1800.0,-0.001953125,0.36328125,-0.01953125
5.765087362000031,1800.0,-0.001953125,0.36328125,-0.01953125
5.770084996999685,1800.0,-0.001953125,0.36328125,-0.01953125
5.775084390999837,1800.0,-0.001953125,0.36328125,-0.01953125
5.780084173999967,1800.0,0.037109375,0.4296875,-0.083984375
5.785092289999739,1800.0,0.037109375,0.4296875,-0.083984375
5.7900874990000375,1800.0,0.037109375,0.4296875,-0.083984375
5.795085170999755,1800.0,0.037109375,0.4296875,-0.083984375
5.8001299909997215,1800.0,0.037109375,0.4296875,-0.083984375
5.805084884999815,1800.0,0.037109375,0.4296875,-0.083984375
5.8100864269999875,1800.0,0.037109375,0.4296875,-0.083984375
5.8150860249998,1800.0,0.037109375,0.4296875,-0.083984375
5.820083492999856,1800.0,0.037109375,0.4296875,-0.083984375
5.825083702000029,1800.0,0.037109375,0.4296875,-0.083984375
5.830086151999694,1800.0,0.044921875,0.470703125,-0.076171875
5.835089434999645,1800.0,0.044921875,0.470703125,-0.076171875
5.8400868849998915,1800.0,0.044921875,0.470703125,-0.076171875
5.8450839639999685,1800.0,0.044921875,0.470703125,-0.076171875
5.8500840059996335,1800.0,0.044921875,0.470703125,-0.076171875
5.855085714999859,1800.0,0.044921875,0.470703125,-0.076171875
5.860084182999799,1800.0,0.044921875,0.470703125,-0.076171875
5.865086613999665,1800.0,0.044921875,0.470703125,-0.076171875
5.870087267999679,1800.0,0.044921875,0.470703125,-0.076171875
5.875082994999957,1800.0,0.044921875,0.470703125,-0.076171875
5.880085888999929,1800.0,0.01171875,0.4921875,-0.05078125
5.885106949999681,1800.0,0.01171875,0.4921875,-0.05078125
5.890090251999936,1800.0,0.01171875,0.4921875,-0.05078125
5.895084719999886,1800.0,0.01171875,0.4921875,-0.05078125
5.9000856319999,1800.0,0.01171875,0.4921875,-0.05078125
5.905084007999903,1800.0,0.01171875,0.4921875,-0.05078125
5.910086458000023,1800.0,0.01171875,0.4921875,-0.05078125
5.915084240999931,1800.0,0.01171875,0.4921875,-0.05078125
5.920085319999998,1800.0,0.01171875,0.4921875,-0.05078125
5.925082380999811,1800.0,0.01171875,0.4921875,-0.05078125
5.930085181999857,1800.0,0.015625,0.490234375,-0.03125
5.935125057999812,1800.0,0.015625,0.490234375,-0.03125
5.940108969999983,1800.0,0.015625,0.490234375,-0.03125
5.945090419999815,1800.0,0.015625,0.490234375,-0.03125
5.950087257999712,1800.0,0.015625,0.490234375,-0.03125
5.955085596999652,1800.0,0.015625,0.490234375,-0.03125
5.9601038249998055,1800.0,0.015625,0.490234375,-0.03125
5.965090088999659,1800.0,0.015625,0.490234375,-0.03125
5.970120983000015,1800.0,0.015625,0.490234375,-0.03125
5.975092561999645,1800.0,0.015625,0.490234375,-0.03125
5.980106178999904,1800.0,0.0078125,0.482421875,-0.021484375
5.985090979999768,1800.0,0.0078125,0.482421875,-0.021484375
5.9900863739999295,1800.0,0.0078125,0.482421875,-0.021484375
5.995102564999797,1800.0,0.0078125,0.482421875,-0.021484375
6.000279551999938,1800.0,0.0078125,0.482421875,-0.021484375
6.0052173349999975,1800.0,0.0078125,0.482421875,-0.021484375
6.010114820999661,1800.0,0.0078125,0.482421875,-0.021484375
6.015196955999727,1800.0,0.0078125,0.482421875,-0.021484375
6.0203093509999235,1800.0,0.0078125,0.482421875,-0.021484375
6.0251117999996495,1800.0,0.0078125,0.482421875,-0.021484375
6.0300961379998625,1800.0,0.01171875,0.490234375,-0.021484375
6.035090439999749,1800.0,0.01171875,0.490234375,-0.021484375
6.040101499999764,1800.0,0.01171875,0.490234375,-0.021484375
6.045088597999893,1800.0,0.01171875,0.490234375,-0.021484375
6.050094491999971,1800.0,0.01171875,0.490234375,-0.021484375
6.05513525699962,1800.0,0.01171875,0.490234375,-0.021484375
6.060090817999935,1800.0,0.01171875,0.490234375,-0.021484375
6.065085619000001,1800.0,0.01171875,0.490234375,-0.021484375
6.070088845999635,1800.0,0.01171875,0.490234375,-0.021484375
6.075093740999819,1800.0,0.01171875,0.490234375,-0.021484375
6.0800876899998,1800.0,0.017578125,0.482421875,-0.0234375
6.085088991999783,1800.0,0.017578125,0.482421875,-0.0234375
6.090171126999849,1800.0,0.017578125,0.482421875,-0.0234375
6.0950946319999275,1800.0,0.017578125,0.482421875,-0.0234375
6.1000886179999725,1800.0,0.017578125,0.482421875,-0.0234375
6.10508797600005,1800.0,0.017578125,0.482421875,-0.0234375
6.110194962999685,1800.0,0.017578125,0.482421875,-0.0234375
6.1151823749996765,1800.0,0.017578125,0.482421875,-0.0234375
6.12018728799967,1800.0,0.017578125,0.482421875,-0.0234375
6.125187755999832,1800.0,0.017578125,0.482421875,-0.0234375
6.130185797999729,1800.0,-0.017578125,0.505859375,0.015625
6.135254582000016,1800.0,-0.017578125,0.505859375,0.015625
6.140195474999928,1800.0,-0.017578125,0.505859375,0.015625
6.145191109999814,1800.0,-0.017578125,0.505859375,0.015625
6.150258633999783,1800.0,-0.017578125,0.505859375,0.015625
6.155292342999928,1800.0,-0.017578125,0.505859375,0.015625
6.160250440999789,1800.0,-0.017578125,0.505859375,0.015625
6.165194057000008,1800.0,-0.017578125,0.505859375,0.015625
6.1701967469998635,1800.0,-0.017578125,0.505859375,0.015625
6.175189345000035,1800.0,-0.017578125,0.505859375,0.015625
6.180181331999847,1800.0,-0.0390625,0.5234375,0.048828125
6.185206429999653,1800.0,-0.0390625,0.5234375,0.048828125
6.190187971999876,1800.0,-0.0390625,0.5234375,0.048828125
6.1951926249998905,1800.0,-0.0390625,0.5234375,0.048828125
6.200184630999956,1800.0,-0.0390625,0.5234375,0.048828125
6.20518119099961,1800.0,-0.0390625,0.5234375,0.048828125
6.2101546219996635,1800.0,-0.0390625,0.5234375,0.048828125
6.215151719999994,1800.0,-0.0390625,0.5234375,0.048828125
6.2201477619996695,1800.0,-0.0390625,0.5234375,0.048828125
6.2251475449998,1800.0,-0.0390625,0.5234375,0.048828125
6.230147457999919,1800.0,-0.072265625,0.54296875,0.080078125
6.235153314999934,1800.0,-0.072265625,0.54296875,0.080078125
6.240148467999916,1800.0,-0.072265625,0.54296875,0.080078125
6.245193510999798,1800.0,-0.072265625,0.54296875,0.080078125
6.25016453499984,1800.0,-0.072265625,0.54296875,0.080078125
6.255187465999825,1800.0,-0.072265625,0.54296875,0.080078125
6.260156044999803,1800.0,-0.072265625,0.54296875,0.080078125
6.265150697999616,1800.0,-0.072265625,0.54296875,0.080078125
6.270155240999884,1800.0,-0.072265625,0.54296875,0.080078125
6.275145078999685,1800.0,-0.072265625,0.54296875,0.080078125
6.280150843999763,1800.0,-0.05078125,0.541015625,0.052734375
6.285238552999999,1800.0,-0.05078125,0.541015625,0.052734375
6.290201557999808,1800.0,-0.05078125,0.541015625,0.052734375
6.295155118999901,1800.0,-0.05078125,0.541015625,0.052734375
6.300148494000041,1800.0,-0.05078125,0.541015625,0.052734375
6.305146776999663,1800.0,-0.05078125,0.541015625,0.052734375
6.310151818999657,1800.0,-0.05078125,0.541015625,0.052734375
6.3151551949999885,1800.0,-0.05078125,0.541015625,0.052734375
6.320145403999959,1800.0,-0.05078125,0.541015625,0.052734375
6.325146927999867,1800.0,-0.05078125,0.541015625,0.052734375
6.3301778959998956,1800.0,-0.00390625,0.54296875,0.0
6.335213752999607,1800.0,-0.00390625,0.54296875,0.0
6.340155461999984,1800.0,-0.00390625,0.54296875,0.0
6.345151318999797,1800.0,-0.00390625,0.54296875,0.0
6.3501747870000145,1800.0,-0.00390625,0.54296875,0.0
6.355168625999795,1800.0,-0.00390625,0.54296875,0.0
6.360149111999817,1800.0,-0.00390625,0.54296875,0.0
6.36514350699963,1800.0,-0.00390625,0.54296875,0.0
6.370153307999772,1800.0,-0.00390625,0.54296875,0.0
6.375148701999933,1800.0,-0.00390625,0.54296875,0.0
6.380144984999788,1800.0,0.009765625,0.513671875,-0.015625
6.385151971999676,1800.0,0.009765625,0.513671875,-0.015625
6.390150403000007,1800.0,0.009765625,0.513671875,-0.015625
6.395145796999714,1800.0,0.009765625,0.513671875,-0.015625
6.400140488000034,1800.0,0.009765625,0.513671875,-0.015625
6.405142251999678,1800.0,0.009765625,0.513671875,-0.015625
6.4101760539997485,1800.0,0.009765625,0.513671875,-0.015625
6.415165002999856,1800.0,0.009765625,0.513671875,-0.015625
6.420162045999859,1800.0,0.009765625,0.513671875,-0.015625
6.425158994999947,1800.0,0.009765625,0.513671875,-0.015625
6.430163686000014,1800.0,0.05078125,0.451171875,-0.05078125
6.435166523999669,1800.0,0.05078125,0.451171875,-0.05078125
6.440160640999693,1800.0,0.05078125,0.451171875,-0.05078125
6.445158330999675,1800.0,0.05078125,0.451171875,-0.05078125
6.4501602069999535,1800.0,0.05078125,0.451171875,-0.05078125
6.45515972999965,1800.0,0.05078125,0.451171875,-0.05078125
6.460158198000045,1800.0,0.05078125,0.451171875,-0.05078125
6.465158332999636,1800.0,0.05078125,0.451171875,-0.05078125
6.470162208999682,1800.0,0.05078125,0.451171875,-0.05078125
6.4751598249999915,1800.0,0.05078125,0.451171875,-0.05078125
6.480161792999752,1800.0,0.0234375,0.41015625,-0.021484375
6.485165613999925,1800.0,0.0234375,0.41015625,-0.021484375
6.4901853409996875,1800.0,0.0234375,0.41015625,-0.021484375
6.495160827999825,1800.0,0.0234375,0.41015625,-0.021484375
6.500206610999612,1800.0,0.0234375,0.41015625,-0.021484375
6.505169763999675,1800.0,0.0234375,0.41015625,-0.021484375
6.5101564729998245,1800.0,0.0234375,0.41015625,-0.021484375
6.51515019999988,1800.0,0.0234375,0.41015625,-0.021484375
6.520144464999703,1800.0,0.0234375,0.41015625,-0.021484375
6.52514528499978,1800.0,0.0234375,0.41015625,-0.021484375
6.530150475000028,1800.0,-0.015625,0.37109375,0.001953125
6.535194739999952,1800.0,-0.015625,0.37109375,0.001953125
6.540151670999876,1800.0,-0.015625,0.37109375,0.001953125
6.545148010000048,1800.0,-0.015625,0.37109375,0.001953125
6.550149403999967,1800.0,-0.015625,0.37109375,0.001953125
6.555151852999643,1800.0,-0.015625,0.37109375,0.001953125
6.5601465619997725,1800.0,-0.015625,0.37109375,0.001953125
6.565146715999617,1800.0,-0.015625,0.37109375,0.001953125
6.570146738999938,1800.0,-0.015625,0.37109375,0.001953125
6.5751437449998775,1800.0,-0.015625,0.37109375,0.001953125
6.580148027999712,1800.0,-0.01171875,0.35546875,0.01171875
6.585153310999885,1800.0,-0.01171875,0.35546875,0.01171875
6.590149519999613,1800.0,-0.01171875,0.35546875,0.01171875
6.5951446169997325,1800.0,-0.01171875,0.35546875,0.01171875
6.600141659999736,1800.0,-0.01171875,0.35546875,0.01171875
6.6051464239999405,1800.0,-0.01171875,0.35546875,0.01171875
6.610148502999891,1800.0,-0.01171875,0.35546875,0.01171875
6.615146341999662,1800.0,-0.01171875,0.35546875,0.01171875
6.620142865999696,1800.0,-0.01171875,0.35546875,0.01171875
6.625143407999985,1800.0,-0.01171875,0.35546875,0.01171875
6.630149338999672,1800.0,0.0078125,0.359375,-0.013671875
6.635149954999633,1800.0,0.0078125,0.359375,-0.013671875
6.640142016000027,1800.0,0.0078125,0.359375,-0.013671875
6.645171225000013,1800.0,0.0078125,0.359375,-0.013671875
6.650156878999951,1798.0,0.0078125,0.359375,-0.013671875
6.655153828000039,1796.0,0.0078125,0.359375,-0.013671875
6.660147055999914,1794.0,0.0078125,0.359375,-0.013671875
6.665145449999727,1792.0,0.0078125,0.359375,-0.013671875
6.6701446219999525,1790.0,0.0078125,0.359375,-0.013671875
6.675150144999861,1788.0,0.0078125,0.359375,-0.013671875
6.6801449839999805,1786.0,0.037109375,0.3515625,-0.037109375
6.685172433999924,1784.0,0.037109375,0.3515625,-0.037109375
6.690150679999988,1782.0,0.037109375,0.3515625,-0.037109375
6.695149147999928,1780.0,0.037109375,0.3515625,-0.037109375
6.7001565789996675,1778.0,0.037109375,0.3515625,-0.037109375
6.70514747299967,1776.0,0.037109375,0.3515625,-0.037109375
6.710152922999896,1774.0,0.037109375,0.3515625,-0.037109375
6.715165391000028,1772.0,0.037109375,0.3515625,-0.037109375
6.7201605629998085,1770.0,0.037109375,0.3515625,-0.037109375
6.725167771999622,1768.0,0.037109375,0.3515625,-0.037109375
6.730167017999975,1766.0,-0.01953125,0.3515625,0.013671875
6.735210930999983,1764.0,-0.01953125,0.3515625,0.013671875
6.740169212999717,1762.0,-0.01953125,0.3515625,0.013671875
6.745161199999984,1760.0,-0.01953125,0.3515625,0.013671875
6.7501950019996,1758.0,-0.01953125,0.3515625,0.013671875
6.755165469999611,1756.0,-0.01953125,0.3515625,0.013671875
6.760162086000037,1754.0,-0.01953125,0.3515625,0.013671875
6.765159590999701,1752.0,-0.01953125,0.3515625,0.013671875
6.7701630229998955,1750.0,-0.01953125,0.3515625,0.013671875
6.775165638999624,1748.0,-0.01953125,0.3515625,0.013671875
6.780164532999606,1746.0,-0.0078125,-0.01171875,0.0
6.78516459399998,1744.0,-0.0078125,-0.01171875,0.0
6.79016282099974,1742.0,-0.0078125,-0.01171875,0.0
6.795162270999754,1740.0,-0.0078125,-0.01171875,0.0
6.800161108999873,1738.0,-0.0078125,-0.01171875,0.0
6.805163928999718,1736.0,-0.0078125,-0.01171875,0.0
6.810180582999692,1734.0,-0.0078125,-0.01171875,0.0
6.815160476999608,1732.0,-0.0078125,-0.01171875,0.0
6.820149166999727,1730.0,-0.0078125,-0.01171875,0.0
6.825146264999603,1728.0,-0.0078125,-0.01171875,0.0
6.830146806999892,1726.0,-0.11328125,-0.013671875,0.08984375
6.835147071999927,1724.0,-0.11328125,-0.013671875,0.08984375
6.840143169999919,1722.0,-0.11328125,-0.013671875,0.08984375
6.845145044999754,1720.0,-0.11328125,-0.013671875,0.08984375
6.85014395799999,1718.0,-0.11328125,-0.013671875,0.08984375
6.855146407999655,1716.0,-0.11328125,-0.013671875,0.08984375
6.860143597999922,1714.0,-0.11328125,-0.013671875,0.08984375
6.865145103000032,1712.0,-0.11328125,-0.013671875,0.08984375
6.870145793999654,1710.0,-0.11328125,-0.013671875,0.08984375
6.875145650999912,1708.0,-0.11328125,-0.013671875,0.08984375
6.880142303999946,1706.0,0.005859375,-0.046875,0.017578125
6.885145956999622,1704.0,0.005859375,-0.046875,0.017578125
6.890151277999848,1702.0,0.005859375,-0.046875,0.017578125
6.895145615999809,1700.0,0.005859375,-0.046875,0.017578125
6.900144583999918,1698.0,0.005859375,-0.046875,0.017578125
6.905143552000027,1696.0,0.005859375,-0.046875,0.017578125
6.910147909999978,1694.0,0.005859375,-0.046875,0.017578125
6.915146284999992,1692.0,0.005859375,-0.046875,0.017578125
6.920148030999826,1690.0,0.005859375,-0.046875,0.017578125
6.925145887999861,1688.0,0.005859375,-0.046875,0.017578125
6.9301480049998645,1686.0,0.015625,-0.0703125,-0.041015625
6.935183472999597,1684.0,0.015625,-0.0703125,-0.041015625
6.940184385999601,1682.0,0.015625,-0.0703125,-0.041015625
6.9451527609999175,1680.0,0.015625,-0.0703125,-0.041015625
6.95014765499991,1678.0,0.015625,-0.0703125,-0.041015625
6.955145511999945,1676.0,0.015625,-0.0703125,-0.041015625
6.960145072999694,1674.0,0.015625,-0.0703125,-0.041015625
6.96514387399975,1672.0,0.015625,-0.0703125,-0.041015625
6.97014645399986,1670.0,0.015625,-0.0703125,-0.041015625
6.9751468659997045,1668.0,0.015625,-0.0703125,-0.041015625
6.980144537999877,1666.0,0.1015625,-0.068359375,-0.046875
6.985147450999648,1664.0,0.1015625,-0.068359375,-0.046875
6.990146640999683,1662.0,0.1015625,-0.068359375,-0.046875
6.99514516499994,1660.0,0.1015625,-0.068359375,-0.046875
7.0003629489997365,1658.0,0.1015625,-0.068359375,-0.046875
7.005286120999699,1656.0,0.1015625,-0.068359375,-0.046875
7.010274940999807,1654.0,0.1015625,-0.068359375,-0.046875
7.015264148999904,1652.0,0.1015625,-0.068359375,-0.046875
7.020158969000022,1650.0,0.1015625,-0.068359375,-0.046875
7.025260177999826,1648.0,0.1015625,-0.068359375,-0.046875
7.0301666279997335,1646.0,-0.005859375,-0.0703125,-0.001953125
7.035164576999705,1644.0,-0.005859375,-0.0703125,-0.001953125
7.040167082999687,1642.0,-0.005859375,-0.0703125,-0.001953125
7.045153605999985,1640.0,-0.005859375,-0.0703125,-0.001953125
7.050153370999851,1638.0,-0.005859375,-0.0703125,-0.001953125
7.0551483199997165,1636.0,-0.005859375,-0.0703125,-0.001953125
7.060145289000047,1634.0,-0.005859375,-0.0703125,-0.001953125
7.0651624600000105,1632.0,-0.005859375,-0.0703125,-0.001953125
7.070162909999908,1630.0,-0.005859375,-0.0703125,-0.001953125
7.0751444709999305,1628.0,-0.005859375,-0.0703125,-0.001953125
7.080142345999775,1626.0,-0.041015625,-0.06640625,0.02734375
7.085151351999684,1624.0,-0.041015625,-0.06640625,0.02734375
7.0902616539997325,1622.0,-0.041015625,-0.06640625,0.02734375
7.095153046999712,1620.0,-0.041015625,-0.06640625,0.02734375
7.100142885999958,1618.0,-0.041015625,-0.06640625,0.02734375
7.105144279999877,1616.0,-0.041015625,-0.06640625,0.02734375
7.1101590999996915,1614.0,-0.041015625,-0.06640625,0.02734375
7.115146660999926,1612.0,-0.041015625,-0.06640625,0.02734375
7.120142702999601,1610.0,-0.041015625,-0.06640625,0.02734375
7.125143022999964,1608.0,-0.041015625,-0.06640625,0.02734375
7.130150824999873,1606.0,0.02734375,-0.078125,0.013671875
7.135218589000033,1604.0,0.02734375,-0.078125,0.013671875
7.140166260999649,1602.0,0.02734375,-0.078125,0.013671875
7.145154876999641,1600.0,0.02734375,-0.078125,0.013671875
7.150151474999802,1598.0,0.02734375,-0.078125,0.013671875
7.155147553999996,1596.0,0.02734375,-0.078125,0.013671875
7.160144781999861,1594.0,0.02734375,-0.078125,0.013671875
7.165144379999674,1592.0,0.02734375,-0.078125,0.013671875
7.1701472919999105,1590.0,0.02734375,-0.078125,0.013671875
7.175142352999956,1588.0,0.02734375,-0.078125,0.013671875
7.180142394999621,1586.0,-0.0234375,-0.0859375,-0.013671875
7.185167418999754,1584.0,-0.0234375,-0.0859375,-0.013671875
7.190156201999798,1582.0,-0.0234375,-0.0859375,-0.013671875
7.195163374000003,1580.0,-0.0234375,-0.0859375,-0.013671875
7.200143304999983,1578.0,-0.0234375,-0.0859375,-0.013671875
7.205143847999807,1576.0,-0.0234375,-0.0859375,-0.013671875
7.210156815999653,1574.0,-0.0234375,-0.0859375,-0.013671875
7.215162524999869,1572.0,-0.0234375,-0.0859375,-0.013671875
7.220156992999819,1570.0,-0.0234375,-0.0859375,-0.013671875
7.225155886999801,1568.0,-0.0234375,-0.0859375,-0.013671875
7.2301610399999845,1566.0,0.046875,-0.107421875,-0.01953125
7.23516202699966,1564.0,0.046875,-0.107421875,-0.01953125
7.240157624999938,1562.0,0.046875,-0.107421875,-0.01953125
7.245159166999656,1560.0,0.046875,-0.107421875,-0.01953125
7.250166690999777,1558.0,0.046875,-0.107421875,-0.01953125
7.2551938079996035,1556.0,0.046875,-0.107421875,-0.01953125
7.260162108999793,1554.0,0.046875,-0.107421875,-0.01953125
7.265160224999818,1552.0,0.046875,-0.107421875,-0.01953125
7.270185359999687,1550.0,0.046875,-0.107421875,-0.01953125
7.275191994999659,1548.0,0.046875,-0.107421875,-0.01953125
7.280163925999659,1546.0,0.013671875,-0.126953125,0.0
7.285168505999991,1544.0,0.013671875,-0.126953125,0.0
7.290160676999676,1542.0,0.013671875,-0.126953125,0.0
7.295156959999986,1540.0,0.013671875,-0.126953125,0.0
7.300156224999682,1538.0,0.013671875,-0.126953125,0.0
7.3051615079998555,1536.0,0.013671875,-0.126953125,0.0
7.310161864999827,1534.0,0.013671875,-0.126953125,0.0
7.315159684999799,1532.0,0.013671875,-0.126953125,0.0
7.320157726999696,1530.0,0.013671875,-0.126953125,0.0
7.325155435999932,1528.0,0.013671875,-0.126953125,0.0
7.330161829999724,1526.0,-0.046875,-0.1875,0.01171875
7.33523900299997,1524.0,-0.046875,-0.1875,0.01171875
7.340173822999986,1522.0,-0.046875,-0.1875,0.01171875
7.3451610499996605,1520.0,-0.046875,-0.1875,0.01171875
7.350166610999622,1518.0,-0.046875,-0.1875,0.01171875
7.355160596999667,1516.0,-0.046875,-0.1875,0.01171875
7.360160231999998,1514.0,-0.046875,-0.1875,0.01171875
7.365160403999653,1512.0,-0.046875,-0.1875,0.01171875
7.370159575999878,1510.0,-0.046875,-0.1875,0.01171875
7.3751589700000295,1508.0,-0.046875,-0.1875,0.01171875
7.380157382999641,1506.0,0.041015625,-0.17578125,-0.001953125
7.385165850999783,1504.0,0.041015625,-0.17578125,-0.001953125
7.390160911999828,1502.0,0.041015625,-0.17578125,-0.001953125
7.395158249999895,1500.0,0.041015625,-0.17578125,-0.001953125
7.400161088999994,1500,0.041015625,-0.17578125,-0.001953125
7.405160056999648,1500,0.041015625,-0.17578125,-0.001953125
7.410167988000012,1500,0.041015625,-0.17578125,-0.001953125
7.41514686399978,1500,0.041015625,-0.17578125,-0.001953125
7.420140294999783,1500,0.041015625,-0.17578125,-0.001953125
7.425144503999945,1500,0.041015625,-0.17578125,-0.001953125
7.430144490999737,1500,-0.009765625,-0.205078125,-0.015625
7.435149421999995,1500,-0.009765625,-0.205078125,-0.015625
7.440141408999807,1500,-0.009765625,-0.205078125,-0.015625
7.445141635999789,1500,-0.009765625,-0.205078125,-0.015625
7.450145364000036,1500,-0.009765625,-0.205078125,-0.015625
7.455144757999733,1500,-0.009765625,-0.205078125,-0.015625
7.460144651999599,1500,-0.009765625,-0.205078125,-0.015625
7.465139989999898,1500,-0.009765625,-0.205078125,-0.015625
7.470144588000039,1500,-0.009765625,-0.205078125,-0.015625
7.475153278999642,1500,-0.009765625,-0.205078125,-0.015625
7.480148395000015,1500,0.001953125,-0.234375,0.00390625
7.4851468819997535,1500,0.001953125,-0.234375,0.00390625
7.490143442999852,1500,0.001953125,-0.234375,0.00390625
7.495144151999739,1500,0.001953125,-0.234375,0.00390625
7.500177249999979,1500,0.001953125,-0.234375,0.00390625
7.505155828999705,1500,0.001953125,-0.234375,0.00390625
7.5101812599996265,1500,0.001953125,-0.234375,0.00390625
7.515148690999922,1500,0.001953125,-0.234375,0.00390625
7.520145214999957,1500,0.001953125,-0.234375,0.00390625
7.525144367999928,1500,0.001953125,-0.234375,0.00390625
7.53014859599989,1500,-0.00390625,-0.259765625,0.0234375
7.535180878999654,1500,-0.00390625,-0.259765625,0.0234375
7.5401834209997105,1500,-0.00390625,-0.259765625,0.0234375
7.545157962999838,1500,-0.00390625,-0.259765625,0.0234375
7.550148245999935,1500,-0.00390625,-0.259765625,0.0234375
7.555146195999896,1500,-0.00390625,-0.259765625,0.0234375
7.560141219999878,1500,-0.00390625,-0.259765625,0.0234375
7.565141057999881,1500,-0.00390625,-0.259765625,0.0234375
7.570144507999885,1500,-0.00390625,-0.259765625,0.0234375
7.575143308999941,1500,-0.00390625,-0.259765625,0.0234375
7.580144554999606,1500,-0.041015625,-0.28125,0.0078125
7.585144300999673,1500,-0.041015625,-0.28125,0.0078125
7.590156547999868,1500,-0.041015625,-0.28125,0.0078125
7.595150626999839,1500,-0.041015625,-0.28125,0.0078125
7.6001460210000005,1500,-0.041015625,-0.28125,0.0078125
7.605144414999813,1500,-0.041015625,-0.28125,0.0078125
7.610144975999901,1500,-0.041015625,-0.28125,0.0078125
7.615166202999717,1500,-0.041015625,-0.28125,0.0078125
7.620159800999772,1500,-0.041015625,-0.28125,0.0078125
7.62515782499986,1500,-0.041015625,-0.28125,0.0078125
7.6301596449998215,1500,0.0390625,-0.30078125,-0.0078125
7.635161316999984,1500,0.0390625,-0.30078125,-0.0078125
7.640158266999606,1500,0.0390625,-0.30078125,-0.0078125
7.645169752999664,1500,0.0390625,-0.30078125,-0.0078125
7.650182535999647,1500,0.0390625,-0.30078125,-0.0078125
7.655160170999807,1500,0.0390625,-0.30078125,-0.0078125
7.660158157999831,1500,0.0390625,-0.30078125,-0.0078125
7.665160958999877,1500,0.0390625,-0.30078125,-0.0078125
7.670161667999764,1500,0.0390625,-0.30078125,-0.0078125
7.67515780299982,1500,0.0390625,-0.30078125,-0.0078125
7.680153937999876,1500,0.005859375,-0.32421875,-0.009765625
7.685181850999925,1500,0.005859375,-0.32421875,-0.009765625
7.690168892999736,1500,0.005859375,-0.32421875,-0.009765625
7.695165176000046,1500,0.005859375,-0.32421875,-0.009765625
7.700161533000028,1500,0.005859375,-0.32421875,-0.009765625
7.70515848299965,1500,0.005859375,-0.32421875,-0.009765625
7.710158969999611,1500,0.005859375,-0.32421875,-0.009765625
7.715153529999952,1500,0.005859375,-0.32421875,-0.009765625
7.720145924000008,1500,0.005859375,-0.32421875,-0.009765625
7.7251423929997145,1500,0.005859375,-0.32421875,-0.009765625
7.730143527999644,1500,-0.009765625,-0.345703125,0.005859375
7.735179476999747,1500,-0.009765625,-0.345703125,0.005859375
7.740163611999833,1500,-0.009765625,-0.345703125,0.005859375
7.745146820999707,1500,-0.009765625,-0.345703125,0.005859375
7.750146122999922,1500,-0.009765625,-0.345703125,0.005859375
7.7551429609998195,1500,-0.009765625,-0.345703125,0.005859375
7.7601432999999815,1500,-0.009765625,-0.345703125,0.005859375
7.765164082999945,1500,-0.009765625,-0.345703125,0.005859375
7.770159680999768,1500,-0.009765625,-0.345703125,0.005859375
7.77514320399996,1500,-0.009765625,-0.345703125,0.005859375
7.780142209999667,1500,0.01953125,-0.37109375,0.005859375
7.785148584999661,1500,0.01953125,-0.37109375,0.005859375
7.790142627000023,1500,0.01953125,-0.37109375,0.005859375
7.7951436879998255,1500,0.01953125,-0.37109375,0.005859375
7.8001413969996065,1500,0.01953125,-0.37109375,0.005859375
7.805139938999673,1500,0.01953125,-0.37109375,0.005859375
7.810143407999931,1500,0.01953125,-0.37109375,0.005859375
7.815144449999934,1500,0.01953125,-0.37109375,0.005859375
7.820244251999611,1500,0.01953125,-0.37109375,0.005859375
7.825157811999816,1500,0.01953125,-0.37109375,0.005859375
7.83015300299985,1500,-0.01953125,-0.390625,0.00390625
7.835192507999636,1500,-0.01953125,-0.390625,0.00390625
7.840153364999878,1500,-0.01953125,-0.390625,0.00390625
7.845147073999669,1500,-0.01953125,-0.390625,0.00390625
7.8501454309998735,1500,-0.01953125,-0.390625,0.00390625
7.855142306999824,1500,-0.01953125,-0.390625,0.00390625
7.860143201000028,1500,-0.01953125,-0.390625,0.00390625
7.865145076999852,1500,-0.01953125,-0.390625,0.00390625
7.870144600000003,1500,-0.01953125,-0.390625,0.00390625
7.875141419999636,1500,-0.01953125,-0.390625,0.00390625
7.8801489630000106,1500,0.015625,-0.4140625,-0.00390625
7.885153726999761,1500,0.015625,-0.4140625,-0.00390625
7.8901457879997,1500,0.015625,-0.4140625,-0.00390625
7.895143811999787,1500,0.015625,-0.4140625,-0.00390625
7.900140075999843,1500,0.015625,-0.4140625,-0.00390625
7.905142433000037,1500,0.015625,-0.4140625,-0.00390625
7.910147104999851,1500,0.015625,-0.4140625,-0.00390625
7.915147146999971,1500,0.015625,-0.4140625,-0.00390625
7.920144189999974,1500,0.015625,-0.4140625,-0.00390625
7.925145935999808,1500,0.015625,-0.4140625,-0.00390625
7.930151144999854,1500,0.013671875,-0.431640625,-0.00390625
7.935147704999963,1500,0.013671875,-0.431640625,-0.00390625
7.940202951999709,1500,0.013671875,-0.431640625,-0.00390625
7.945151493999674,1500,0.013671875,-0.431640625,-0.00390625
7.950172609999754,1500,0.013671875,-0.431640625,-0.00390625
7.955150781999691,1500,0.013671875,-0.431640625,-0.00390625
7.960144805999789,1500,0.013671875,-0.431640625,-0.00390625
7.965143884999634,1500,0.013671875,-0.431640625,-0.00390625
7.97014629799969,1500,0.013671875,-0.431640625,-0.00390625
7.975146302999747,1500,0.013671875,-0.431640625,-0.00390625
7.980143141999633,1500,-0.01171875,-0.451171875,0.00390625
7.985147775999849,1500,-0.01171875,-0.451171875,0.00390625
7.990145207999831,1500,-0.01171875,-0.451171875,0.00390625
7.995143508999718,1500,-0.01171875,-0.451171875,0.00390625
8.000322440999753,1500,-0.01171875,-0.451171875,0.00390625
8.005326945999968,1500,-0.01171875,-0.451171875,0.00390625
8.010403469999801,1500,-0.01171875,-0.451171875,0.00390625
8.015324845999658,1500,-0.01171875,-0.451171875,0.00390625
8.020339072999832,1500,-0.01171875,-0.451171875,0.00390625
8.025297374999809,1500,-0.01171875,-0.451171875,0.00390625
8.030163489999723,1500,0.015625,-0.46875,0.005859375
8.035167606999948,1500,0.015625,-0.46875,0.005859375
8.04037474300003,1500,0.015625,-0.46875,0.005859375
8.045187598999746,1500,0.015625,-0.46875,0.005859375
8.05023610399985,1500,0.015625,-0.46875,0.005859375
8.05526523899971,1500,0.015625,-0.46875,0.005859375
8.06017198499967,1500,0.015625,-0.46875,0.005859375
8.065157841999735,1500,0.015625,-0.46875,0.005859375
8.070172587999878,1500,0.015625,-0.46875,0.005859375
8.07515707499988,1500,0.015625,-0.46875,0.005859375
8.08015783899964,1500,-0.005859375,-0.486328125,0.00390625
8.085150399999748,1500,-0.005859375,-0.486328125,0.00390625
8.090271405999829,1500,-0.005859375,-0.486328125,0.00390625
8.095166372999756,1500,-0.005859375,-0.486328125,0.00390625
8.100146619000043,1500,-0.005859375,-0.486328125,0.00390625
8.105149846999666,1500,-0.005859375,-0.486328125,0.00390625
8.110150556000008,1500,-0.005859375,-0.486328125,0.00390625
8.115145282999947,1500,-0.005859375,-0.486328125,0.00390625
8.12014232499996,1500,-0.005859375,-0.486328125,0.00390625
8.125141015999816,1500,-0.005859375,-0.486328125,0.00390625
8.130150946999947,1500,0.0,-0.498046875,0.001953125
8.135149266999633,1500,0.0,-0.498046875,0.001953125
8.140181864999704,1500,0.0,-0.498046875,0.001953125
8.145146888999989,1500,0.0,-0.498046875,0.001953125
8.150150708999718,1500,0.0,-0.498046875,0.001953125
8.155146639999657,1500,0.0,-0.498046875,0.001953125
8.160182255999644,1500,0.0,-0.498046875,0.001953125
8.16515596499994,1500,0.0,-0.498046875,0.001953125
8.170149395999942,1500,0.0,-0.498046875,0.001953125
8.175143604999903,1500,0.0,-0.498046875,0.001953125
8.180149369999981,1500,0.025390625,-0.509765625,-0.001953125
8.185160763999647,1500,0.025390625,-0.509765625,-0.001953125
8.190151694999713,1500,0.025390625,-0.509765625,-0.001953125
8.195142384999599,1500,0.025390625,-0.509765625,-0.001953125
8.200142743000015,1500,0.025390625,-0.509765625,-0.001953125
8.205143339999722,1500,0.025390625,-0.509765625,-0.001953125
8.210168123999665,1500,0.025390625,-0.509765625,-0.001953125
8.215149943999677,1500,0.025390625,-0.509765625,-0.001953125
8.22014081899988,1500,0.025390625,-0.509765625,-0.001953125
8.225144268999884,1500,0.025390625,-0.509765625,-0.001953125
8.230142978000003,1500,-0.015625,-0.52734375,0.001953125
8.2351486499997,1500,-0.015625,-0.52734375,0.001953125
8.240166469999622,1500,-0.015625,-0.52734375,0.001953125
8.245142881999982,1500,-0.015625,-0.52734375,0.001953125
8.250146794999637,1500,-0.015625,-0.52734375,0.001953125
8.255172540999865,1500,-0.015625,-0.52734375,0.001953125
8.260143397999855,1500,-0.015625,-0.52734375,0.001953125
8.265141347999815,1500,-0.015625,-0.52734375,0.001953125
8.270144982999682,1500,-0.015625,-0.52734375,0.001953125
8.275159970000004,1500,-0.015625,-0.52734375,0.001953125
8.280145122999784,1500,0.013671875,-0.5390625,0.001953125
8.285263220999695,1500,0.013671875,-0.5390625,0.001953125
8.290197152000019,1500,0.013671875,-0.5390625,0.001953125
8.295161397999891,1500,0.013671875,-0.5390625,0.001953125
8.300155180999809,1500,0.013671875,-0.5390625,0.001953125
8.305154094000045,1500,0.013671875,-0.5390625,0.001953125
8.310256839999965,1500,0.013671875,-0.5390625,0.001953125
8.315175881999949,1500,0.013671875,-0.5390625,0.001953125
8.320169553999676,1500,0.013671875,-0.5390625,0.001953125
8.325163429999975,1500,0.013671875,-0.5390625,0.001953125
8.330191045999982,1500,0.00390625,-0.548828125,0.00390625
8.335175884999899,1500,0.00390625,-0.548828125,0.00390625
8.340224390000003,1500,0.00390625,-0.548828125,0.00390625
8.345178672999737,1500,0.00390625,-0.548828125,0.00390625
8.350167659999897,1500,0.00390625,-0.548828125,0.00390625
8.355164238999805,1500,0.00390625,-0.548828125,0.00390625
8.36016633700001,1500,0.00390625,-0.548828125,0.00390625
8.365165008999611,1500,0.00390625,-0.548828125,0.00390625
8.370163939999657,1500,0.00390625,-0.548828125,0.00390625
8.375180796999757,1500,0.00390625,-0.548828125,0.00390625
8.380165931999727,1500,-0.009765625,-0.5625,0.0
8.385170825999921,1500,-0.009765625,-0.5625,0.0
8.390163664999818,1500,-0.009765625,-0.5625,0.0
8.39516244799961,1500,-0.009765625,-0.5625,0.0
8.400160026999856,1500,-0.009765625,-0.5625,0.0
8.405161161999786,1500,-0.009765625,-0.5625,0.0
8.410158629999842,1500,-0.009765625,-0.5625,0.0
8.415150912999707,1500,-0.009765625,-0.5625,0.0
8.42014541799972,1500,-0.009765625,-0.5625,0.0
8.425148626999999,1500,-0.009765625,-0.5625,0.0
8.43014740999979,1500,0.0234375,-0.568359375,-0.00390625
8.435149063999688,1500,0.0234375,-0.568359375,-0.00390625
8.440145124999617,1500,0.0234375,-0.568359375,-0.00390625
8.445145684999716,1500,0.0234375,-0.568359375,-0.00390625
8.450145412999973,1500,0.0234375,-0.568359375,-0.00390625
8.45514395500004,1500,0.0234375,-0.568359375,-0.00390625
8.460143293999863,1500,0.0234375,-0.568359375,-0.00390625
8.465144539999983,1500,0.0234375,-0.568359375,-0.00390625
8.470145729999786,1500,0.0234375,-0.568359375,-0.00390625
8.475159012999939,1500,0.0234375,-0.568359375,-0.00390625
8.480145184999856,1500,-0.00390625,-0.578125,0.0
8.48514839399968,1500,-0.00390625,-0.578125,0.0
8.49014549200001,1500,-0.00390625,-0.578125,0.0
8.495143570999971,1500,-0.00390625,-0.578125,0.0
8.50018990999979,1500,-0.00390625,-0.578125,0.0
8.505156581999927,1500,-0.00390625,-0.578125,0.0
8.51016136499993,1500,-0.00390625,-0.578125,0.0
8.51518527799999,1500,-0.00390625,-0.578125,0.0
8.520164060999832,1500,-0.00390625,-0.578125,0.0
8.525159120999888,1500,-0.00390625,-0.578125,0.0
8.530187107999609,1500,0.00390625,-0.5859375,0.00390625
8.535167372999695,1500,0.00390625,-0.5859375,0.00390625
8.540210303999629,1500,0.00390625,-0.5859375,0.00390625
8.545168141999966,1500,0.00390625,-0.5859375,0.00390625
8.5501646849998,1500,0.00390625,-0.5859375,0.00390625
8.555163208999602,1500,0.00390625,-0.5859375,0.00390625
8.560158639999827,1500,0.00390625,-0.5859375,0.00390625
8.565159255999788,1500,0.00390625,-0.5859375,0.00390625
8.570160520999707,1500,0.00390625,-0.5859375,0.00390625
8.575158952000038,1500,0.00390625,-0.5859375,0.00390625
8.58015893899983,1500,0.01171875,-0.595703125,0.00390625
8.585163703000035,1500,0.01171875,-0.595703125,0.00390625
8.590162874999805,1500,0.01171875,-0.595703125,0.00390625
8.595158990999607,1500,0.01171875,-0.595703125,0.00390625
8.600157921999653,1500,0.01171875,-0.595703125,0.00390625
8.605157705999773,1500,0.01171875,-0.595703125,0.00390625
8.61016372899985,1500,0.01171875,-0.595703125,0.00390625
8.615149531000043,1500,0.01171875,-0.595703125,0.00390625
8.620145758000035,1500,0.01171875,-0.595703125,0.00390625
8.625144096999975,1500,0.01171875,-0.595703125,0.00390625
8.630159860999811,1500,-0.009765625,-0.607421875,0.001953125
8.635151606999898,1500,-0.009765625,-0.607421875,0.001953125
8.640145982999911,1500,-0.009765625,-0.607421875,0.001953125
8.645144228999925,1500,-0.009765625,-0.607421875,0.001953125
8.650168530999963,1500,-0.009765625,-0.607421875,0.001953125
8.655149461999827,1500,-0.009765625,-0.607421875,0.001953125
8.660159670999747,1500,-0.009765625,-0.607421875,0.001953125
8.6651471389996,1500,-0.009765625,-0.607421875,0.001953125
8.670145569999931,1500,-0.009765625,-0.607421875,0.001953125
8.675143278999712,1500,-0.009765625,-0.607421875,0.001953125
8.680143821000001,1500,0.013671875,-0.61328125,0.001953125
8.68515880799987,1500,0.013671875,-0.61328125,0.001953125
8.690147849999903,1500,0.013671875,-0.61328125,0.001953125
8.695155558999886,1500,0.013671875,-0.61328125,0.001953125
8.700147990999994,1500,0.013671875,-0.61328125,0.001953125
8.705147402999955,1500,0.013671875,-0.61328125,0.001953125
8.710150648999843,1500,0.013671875,-0.61328125,0.001953125
8.715146413999719,1500,0.013671875,-0.61328125,0.001953125
8.720143233999806,1500,0.013671875,-0.61328125,0.001953125
8.725145534999683,1500,0.013671875,-0.61328125,0.001953125
8.730146095999771,1500,0.00390625,-0.615234375,-0.001953125
8.735173249999661,1500,0.00390625,-0.615234375,-0.001953125
8.740191402999699,1500,0.00390625,-0.615234375,-0.001953125
8.745154186000036,1500,0.00390625,-0.615234375,-0.001953125
8.750148042999626,1500,0.00390625,-0.615234375,-0.001953125
8.755145751999862,1500,0.00390625,-0.615234375,-0.001953125
8.760144923999633,1500,0.00390625,-0.615234375,-0.001953125
8.765144484999837,1500,0.00390625,-0.615234375,-0.001953125
8.770144915999936,1500,0.00390625,-0.615234375,-0.001953125
8.775143365999611,1500,0.00390625,-0.615234375,-0.001953125
8.780143111999678,1500,0.0,-0.615234375,0.005859375
8.785150560999682,1500,0.0,-0.615234375,0.005859375
8.790167178000047,1500,0.0,-0.615234375,0.005859375
8.795146126999953,1500,0.0,-0.615234375,0.005859375
8.800143372999628,1500,0.0,-0.615234375,0.005859375
8.805143544999737,1500,0.0,-0.615234375,0.005859375
8.81014484699972,1500,0.0,-0.615234375,0.005859375
8.815148277999924,1500,0.0,-0.615234375,0.005859375
8.82014646899961,1500,0.0,-0.615234375,0.005859375
8.825144807000015,1500,0.0,-0.615234375,0.005859375
8.83014496099986,1500,0.01953125,-0.615234375,0.0
8.835147151000001,1500,0.01953125,-0.615234375,0.0
8.840143934000025,1500,0.01953125,-0.615234375,0.0
8.84514325400005,1500,0.01953125,-0.615234375,0.0
8.8501440189998,1500,0.01953125,-0.615234375,0.0
8.855144560999634,1500,0.01953125,-0.615234375,0.0
8.860143121999954,1500,0.01953125,-0.615234375,0.0
8.865142719999767,1500,0.01953125,-0.615234375,0.0
8.870143392000045,1500,0.01953125,-0.615234375,0.0
8.8751448969997,1500,0.01953125,-0.615234375,0.0
8.880142753999735,1500,-0.005859375,-0.609375,0.001953125
8.885146240999802,1500,-0.005859375,-0.609375,0.001953125
8.890141689999837,1500,-0.005859375,-0.609375,0.001953125
8.895144232999883,1500,-0.005859375,-0.609375,0.001953125
8.900143107999611,1500,-0.005859375,-0.609375,0.001953125
8.905143206000048,1500,-0.005859375,-0.609375,0.001953125
8.910143136999977,1500,-0.005859375,-0.609375,0.001953125
8.915142419999938,1500,-0.005859375,-0.609375,0.001953125
8.920146852000016,1500,-0.005859375,-0.609375,0.001953125
8.925145985999734,1500,-0.005859375,-0.609375,0.001953125
8.9301432139996,1500,0.001953125,-0.60546875,0.00390625
8.935151922999921,1500,0.001953125,-0.60546875,0.00390625
8.940203483999994,1500,0.001953125,-0.60546875,0.00390625
8.945154266999907,1500,0.001953125,-0.60546875,0.00390625
8.950145845999941,1500,0.001953125,-0.60546875,0.00390625
8.95514420299969,1500,0.001953125,-0.60546875,0.00390625
8.960143968000011,1500,0.001953125,-0.60546875,0.00390625
8.965147065999645,1500,0.001953125,-0.60546875,0.00390625
8.970144755999627,1500,0.001953125,-0.60546875,0.00390625
8.975159945999621,1500,0.001953125,-0.60546875,0.00390625
8.980147784999645,1500,0.013671875,-0.6015625,0.001953125
8.985153104999881,1500,0.013671875,-0.6015625,0.001953125
8.990146443999947,1500,0.013671875,-0.6015625,0.001953125
8.995146522999676,1500,0.013671875,-0.6015625,0.001953125
9.000296065999919,1500,0.013671875,-0.6015625,0.001953125
9.005285089999688,1500,0.013671875,-0.6015625,0.001953125
9.010272557999997,1500,0.013671875,-0.6015625,0.001953125
9.01530254499994,1500,0.013671875,-0.6015625,0.001953125
9.02016886399997,1500,0.013671875,-0.6015625,0.001953125
9.025273350999669,1500,-0.005859375,-0.59375,0.001953125
9.030181189999894,1500,-0.005859375,-0.59375,0.001953125
9.035152453999672,1500,-0.005859375,-0.59375,0.001953125
9.040190995999637,1500,-0.005859375,-0.59375,0.001953125
9.045157778999965,1500,-0.005859375,-0.59375,0.001953125
9.050150376999682,1500,-0.005859375,-0.59375,0.001953125
9.055150659999981,1500,-0.005859375,-0.59375,0.001953125
9.060149073000048,1500,-0.005859375,-0.59375,0.001953125
9.065153373999692,1500,-0.005859375,-0.59375,0.001953125
9.070152045999748,1500,-0.005859375,-0.59375,0.001953125
9.075148236999667,1500,-0.005859375,-0.59375,0.001953125
9.080145945999902,1500,0.015625,-0.583984375,0.0
9.085149283999726,1500,0.015625,-0.583984375,0.0
9.090278400999978,1500,0.015625,-0.583984375,0.0
9.095171924999704,1500,0.015625,-0.583984375,0.0
9.100160892999611,1500,0.015625,-0.583984375,0.0
9.105155361000016,1500,0.015625,-0.583984375,0.0
9.110154606999913,1500,0.015625,-0.583984375,0.0
9.11517785299975,1500,0.015625,-0.583984375,0.0
9.120152950999909,1500,0.015625,-0.583984375,0.0
9.12514971499968,1500,0.001953125,-0.576171875,0.0
9.130155312999705,1500,0.001953125,-0.576171875,0.0
9.135148262999792,1500,0.001953125,-0.576171875,0.0
9.140214379999634,1500,0.001953125,-0.576171875,0.0
9.145162272999642,1500,0.001953125,-0.576171875,0.0
9.150149185999908,1500,0.001953125,-0.576171875,0.0
9.155148950999774,1500,0.001953125,-0.576171875,0.0
9.160150918999989,1500,0.001953125,-0.576171875,0.0
9.16515127599996,1500,0.001953125,-0.576171875,0.0
9.170149169999604,1500,0.001953125,-0.576171875,0.0
9.175146415999734,1500,-0.0078125,-0.564453125,0.001953125
9.180148772999928,1500,-0.0078125,-0.564453125,0.001953125
9.185159612000007,1500,-0.0078125,-0.564453125,0.001953125
9.190153338999608,1500,-0.0078125,-0.564453125,0.001953125
9.195147678000012,1500,-0.0078125,-0.564453125,0.001953125
9.200145109000005,1500,-0.0078125,-0.564453125,0.001953125
9.20514635499967,1500,-0.0078125,-0.564453125,0.001953125
9.210150081999927,1500,-0.0078125,-0.564453125,0.001953125
9.215146457999708,1500,-0.0078125,-0.564453125,0.001953125
9.220146648999616,1500,-0.0078125,-0.564453125,0.001953125
9.22514515399962,1500,0.015625,-0.55078125,0.001953125
9.230175251999754,1500,0.015625,-0.55078125,0.001953125
9.235151737999786,1500,0.015625,-0.55078125,0.001953125
9.240146595999704,1500,0.015625,-0.55078125,0.001953125
9.245145581999623,1500,0.015625,-0.55078125,0.001953125
9.25014436499987,1500,0.015625,-0.55078125,0.001953125
9.255148110999926,1500,0.015625,-0.55078125,0.001953125
9.260145560999717,1500,0.015625,-0.55078125,0.001953125
9.265148862999922,1500,0.015625,-0.55078125,0.001953125
9.270145052999851,1500,0.015625,-0.55078125,0.001953125
9.27514378099977,1500,-0.005859375,-0.533203125,0.001953125
9.280149933999837,1500,-0.005859375,-0.533203125,0.001953125
9.285150679999788,1500,-0.005859375,-0.533203125,0.001953125
9.290148795999812,1500,-0.005859375,-0.533203125,0.001953125
9.295161653999912,1500,-0.005859375,-0.533203125,0.001953125
9.300144176999765,1500,-0.005859375,-0.533203125,0.001953125
9.305150922999928,1500,-0.005859375,-0.533203125,0.001953125
9.310148854999625,1500,-0.005859375,-0.533203125,0.001953125
9.315150618999724,1500,-0.005859375,-0.533203125,0.001953125
9.320151772999907,1500,-0.005859375,-0.533203125,0.001953125
9.325144184999772,1500,0.0078125,-0.513671875,0.00390625
9.33015383899965,1500,0.0078125,-0.513671875,0.00390625
9.33514841799979,1500,0.0078125,-0.513671875,0.00390625
9.340188515999671,1500,0.0078125,-0.513671875,0.00390625
9.345150742999977,1500,0.0078125,-0.513671875,0.00390625
9.350149914999747,1500,0.0078125,-0.513671875,0.00390625
9.35515012399992,1500,0.0078125,-0.513671875,0.00390625
9.36014699999987,1500,0.0078125,-0.513671875,0.00390625
9.36514507899983,1500,0.0078125,-0.513671875,0.00390625
9.370147287999771,1500,0.0078125,-0.513671875,0.00390625
9.37514745999988,1500,0.0078125,-0.494140625,0.0
9.380152557999736,1500,0.0078125,-0.494140625,0.0
9.385144710999612,1500,0.0078125,-0.494140625,0.0
9.390145901999858,1500,0.0078125,-0.494140625,0.0
9.395144740999967,1500,0.0078125,-0.494140625,0.0
