t,pwm,gx,gy,gz
0.0002737790000537643,1498.0,0.0,-0.009765625,0.0
0.00863050599991766,1496.0,0.0,-0.009765625,0.0
0.010103567999976804,1494.0,0.0,-0.009765625,0.0
0.015100407999852905,1492.0,0.0,-0.009765625,0.0
0.02012870999988081,1490.0,0.0,-0.009765625,0.0
0.02526456900022822,1488.0,0.0,-0.009765625,0.0
0.030252574999849458,1486.0,0.0,-0.009765625,0.0
0.03526537700008703,1484.0,0.0,-0.009765625,0.0
0.04022730899987437,1482.0,0.0,-0.009765625,0.0
0.04510064800024338,1480.0,0.0,-0.009765625,0.0
0.05012446899991119,1478.0,0.0,-0.009765625,0.0
0.05518654900015463,1476.0,0.0,0.0,0.0
0.060131611000088014,1474.0,0.0,0.0,0.0
0.06509261700011848,1472.0,0.0,0.0,0.0
0.07017980799992074,1470.0,0.0,0.0,0.0
0.0750980550001259,1468.0,0.0,0.0,0.0
0.08009800499985431,1466.0,0.0,0.0,0.0
0.08517438199987737,1464.0,0.0,0.0,0.0
0.09009712800025227,1462.0,0.0,0.0,0.0
0.0951100239999505,1460.0,0.0,0.0,0.0
0.1000981040001534,1458.0,0.0,0.0,0.0
0.10508607300016592,1456.0,0.0,0.0,0.0
0.11009746799982167,1454.0,0.0,0.0,0.0
0.11511188099984793,1452.0,0.0,0.0,0.0
0.12009064599988051,1450.0,0.0,0.0,0.0
0.12509161500020127,1448.0,0.0,0.0,0.0
0.13009078799996132,1446.0,0.0,0.0,0.0
0.13509407199990164,1444.0,0.0,0.0,0.0
0.1400925040002221,1442.0,0.0,0.0,0.0
0.14517964000015127,1440.0,0.0,0.0,0.0
0.15010066400009237,1438.0,0.0,0.0,0.0
0.15509574399993653,1436.0,0.0,0.0,0.0
0.16009089899989704,1434.0,0.0,0.0,0.0
0.16510479399994438,1432.0,0.0,0.0,0.0
0.17008883700009392,1430.0,0.0,0.0,0.0
0.1750859720000335,1428.0,0.0,0.0,0.0
0.18020477500022025,1426.0,0.0,0.0,0.0
0.18510441099988384,1424.0,0.0,0.0,0.0
0.1900884350002343,1422.0,0.0,0.0,0.0
0.19508747800000492,1420.0,0.0,0.0,0.0
0.20008796599995549,1418.0,0.0,0.0,0.0
0.20509154599994872,1416.0,0.0,0.0,0.0
0.21009364500014271,1414.0,0.0,0.0,0.0
0.2150862620001135,1412.0,0.0,0.0,0.0
0.22008550900000046,1410.0,0.0,0.0,0.0
0.22508292200018332,1408.0,0.0,0.0,0.0
0.23008303899996463,1406.0,0.0,0.0,0.0
0.23508402700008446,1404.0,0.0,0.0,0.0
0.2400855139999294,1402.0,0.0,0.0,0.0
0.24508505699986927,1400.0,0.0,0.0,0.0
0.25008415599995715,1398.0,0.0,0.00390625,-0.00390625
0.25512518100003945,1396.0,0.0,0.00390625,-0.00390625
0.2601097420001679,1394.0,0.0,0.00390625,-0.00390625
0.265088563000063,1392.0,0.0,0.00390625,-0.00390625
0.27008606900017185,1390.0,0.0,0.00390625,-0.00390625
0.2750851490000059,1388.0,0.0,0.00390625,-0.00390625
0.2800867109999672,1386.0,0.0,0.00390625,-0.00390625
0.2850869949998014,1384.0,0.0,0.00390625,-0.00390625
0.29008625999995274,1382.0,0.0,0.00390625,-0.00390625
0.2950844510000934,1380.0,0.0,0.00390625,-0.00390625
0.3000872170000548,1378.0,-0.0078125,-0.005859375,-0.029296875
0.30509418600013305,1376.0,-0.0078125,-0.005859375,-0.029296875
0.310095229000126,1374.0,-0.0078125,-0.005859375,-0.029296875
0.31508884599998055,1372.0,-0.0078125,-0.005859375,-0.029296875
0.32008814800019536,1370.0,-0.0078125,-0.005859375,-0.029296875
0.32508548800024073,1368.0,-0.0078125,-0.005859375,-0.029296875
0.33008806799989543,1366.0,-0.0078125,-0.005859375,-0.029296875
0.33508431500013103,1364.0,-0.0078125,-0.005859375,-0.029296875
0.34010354300016843,1362.0,-0.0078125,-0.005859375,-0.029296875
0.3450835310000002,1360.0,-0.0078125,-0.005859375,-0.029296875
0.35008423999988736,1358.0,-0.00390625,-0.01171875,-0.025390625
0.35509117199990214,1356.0,-0.00390625,-0.01171875,-0.025390625
0.36008606699988377,1354.0,-0.00390625,-0.01171875,-0.025390625
0.3650844250000773,1352.0,-0.00390625,-0.01171875,-0.025390625
0.3700835800000277,1350.0,-0.00390625,-0.01171875,-0.025390625
0.37508338199995706,1348.0,-0.00390625,-0.01171875,-0.025390625
0.3800847210000029,1346.0,-0.00390625,-0.01171875,-0.025390625
0.3850844869998582,1344.0,-0.00390625,-0.01171875,-0.025390625
0.3900845670000308,1342.0,-0.00390625,-0.01171875,-0.025390625
0.3951065539999945,1340.0,-0.00390625,-0.01171875,-0.025390625
0.40008957899999587,1338.0,0.0,-0.134765625,-0.03515625
0.40508880700008376,1336.0,0.0,-0.134765625,-0.03515625
0.4100838320000548,1334.0,0.0,-0.134765625,-0.03515625
0.41510206000020844,1332.0,0.0,-0.134765625,-0.03515625
0.42008586200017817,1330.0,0.0,-0.134765625,-0.03515625
0.4250916649998544,1328.0,0.0,-0.134765625,-0.03515625
0.43029209799988166,1326.0,0.0,-0.134765625,-0.03515625
0.43520254800023395,1324.0,0.0,-0.134765625,-0.03515625
0.4400980720001826,1322.0,0.0,-0.134765625,-0.03515625
0.44519337500014444,1320.0,0.0,-0.134765625,-0.03515625
0.4501064360001692,1318.0,-0.001953125,-0.1328125,-0.017578125
0.4551968310001939,1316.0,-0.001953125,-0.1328125,-0.017578125
0.46016072600014013,1314.0,-0.001953125,-0.1328125,-0.017578125
0.46509775100003026,1312.0,-0.001953125,-0.1328125,-0.017578125
0.4701077569998233,1310.0,-0.001953125,-0.1328125,-0.017578125
0.47509094799988816,1308.0,-0.001953125,-0.1328125,-0.017578125
0.48009163899996565,1306.0,-0.001953125,-0.1328125,-0.017578125
0.4850872380002329,1304.0,-0.001953125,-0.1328125,-0.017578125
0.4900843549999081,1302.0,-0.001953125,-0.1328125,-0.017578125
0.49509062000015547,1300.0,-0.001953125,-0.1328125,-0.017578125
0.500094941000043,1298.0,0.00390625,-0.25,0.001953125
0.5050923359999615,1296.0,0.00390625,-0.25,0.001953125
0.5101025829999344,1294.0,0.00390625,-0.25,0.001953125
0.5150890149998304,1292.0,0.00390625,-0.25,0.001953125
0.5201253360000919,1290.0,0.00390625,-0.25,0.001953125
0.5250894529999641,1288.0,0.00390625,-0.25,0.001953125
0.5300864030000412,1286.0,0.00390625,-0.25,0.001953125
0.535083687000224,1284.0,0.00390625,-0.25,0.001953125
0.5400879899998472,1282.0,0.00390625,-0.25,0.001953125
0.5450877180001044,1280.0,0.00390625,-0.25,0.001953125
0.5500860199999806,1278.0,0.00390625,-0.404296875,0.013671875
0.5550898599999528,1276.0,0.00390625,-0.404296875,0.013671875
0.5600839769999766,1274.0,0.00390625,-0.404296875,0.013671875
0.5650824829999692,1272.0,0.00390625,-0.404296875,0.013671875
0.5700874340000155,1270.0,0.00390625,-0.404296875,0.013671875
0.5750847539998176,1268.0,0.00390625,-0.404296875,0.013671875
0.5800845200001277,1266.0,0.00390625,-0.404296875,0.013671875
0.5850838410001415,1264.0,0.00390625,-0.404296875,0.013671875
0.5900834210001449,1262.0,0.00390625,-0.404296875,0.013671875
0.5950835379999262,1260.0,0.00390625,-0.404296875,0.013671875
0.6001087849999749,1258.0,0.013671875,-0.615234375,0.015625
0.6050883090001662,1256.0,0.013671875,-0.615234375,0.015625
0.6100850560001163,1254.0,0.013671875,-0.615234375,0.015625
0.6150827840001512,1252.0,0.013671875,-0.615234375,0.015625
0.6200851980001971,1250.0,0.013671875,-0.615234375,0.015625
0.625082926000232,1248.0,0.013671875,-0.615234375,0.015625
0.6300826169999709,1246.0,0.013671875,-0.615234375,0.015625
0.6351074200001676,1244.0,0.013671875,-0.615234375,0.015625
0.6400909439998941,1242.0,0.013671875,-0.615234375,0.015625
0.6450867280000239,1240.0,0.013671875,-0.615234375,0.015625
0.650085067999953,1238.0,0.0078125,-0.83984375,0.0
0.6551188329999604,1236.0,0.0078125,-0.83984375,0.0
0.6601048210000044,1234.0,0.0078125,-0.83984375,0.0
0.6650959009998587,1232.0,0.0078125,-0.83984375,0.0
0.6700852399999349,1230.0,0.0078125,-0.83984375,0.0
0.6750844680000228,1228.0,0.0078125,-0.83984375,0.0
0.680083993000153,1226.0,0.0078125,-0.83984375,0.0
0.6850840550000612,1224.0,0.0078125,-0.83984375,0.0
0.6900829870000962,1222.0,0.0078125,-0.83984375,0.0
0.6950831969998035,1220.0,0.0078125,-0.83984375,0.0
0.7000850919998811,1218.0,0.00390625,-1.146484375,-0.015625
0.7050891720000436,1216.0,0.00390625,-1.146484375,-0.015625
0.7100834369998665,1214.0,0.00390625,-1.146484375,-0.015625
0.7150856100001874,1212.0,0.00390625,-1.146484375,-0.015625
0.7200832270000319,1210.0,0.00390625,-1.146484375,-0.015625
0.7250843259998874,1208.0,0.00390625,-1.146484375,-0.015625
0.730082295000102,1206.0,0.00390625,-1.146484375,-0.015625
0.7350830599998517,1204.0,0.00390625,-1.146484375,-0.015625
0.7400839550000455,1202.0,0.00390625,-1.146484375,-0.015625
0.7450823499998478,1200.0,0.00390625,-1.146484375,-0.015625
0.7500834860002215,1200.0,0.01171875,-1.431640625,-0.005859375
0.7550857880000876,1200.0,0.01171875,-1.431640625,-0.005859375
0.7600835349999215,1200.0,0.01171875,-1.431640625,-0.005859375
0.7650836709999567,1200.0,0.01171875,-1.431640625,-0.005859375
0.7700822689998859,1200.0,0.01171875,-1.431640625,-0.005859375
0.7750833680001961,1200.0,0.01171875,-1.431640625,-0.005859375
0.7800829669999985,1200.0,0.01171875,-1.431640625,-0.005859375
0.7850836210000125,1200.0,0.01171875,-1.431640625,-0.005859375
0.790082294000058,1200.0,0.01171875,-1.431640625,-0.005859375
0.7950830959998711,1200.0,0.01171875,-1.431640625,-0.005859375
0.8000836950000121,1200.0,-0.02734375,-1.423828125,-0.0546875
0.8050844600002165,1200.0,-0.02734375,-1.423828125,-0.0546875
0.8100826879999659,1200.0,-0.02734375,-1.423828125,-0.0546875
0.815082509000149,1200.0,-0.02734375,-1.423828125,-0.0546875
0.8200823669999409,1200.0,-0.02734375,-1.423828125,-0.0546875
0.8250825400000394,1200.0,-0.02734375,-1.423828125,-0.0546875
0.8300823419999688,1200.0,-0.02734375,-1.423828125,-0.0546875
0.8350827740000568,1200.0,-0.02734375,-1.423828125,-0.0546875
0.8400830400000814,1200.0,-0.02734375,-1.423828125,-0.0546875
0.8450827120000213,1200.0,-0.02734375,-1.423828125,-0.0546875
0.8500990520001324,1200.0,-0.10546875,-1.1875,-0.259765625
0.8551100579998092,1200.0,-0.10546875,-1.1875,-0.259765625
0.8601078420001613,1200.0,-0.10546875,-1.1875,-0.259765625
0.8650879589999931,1200.0,-0.10546875,-1.1875,-0.259765625
0.87008515000025,1200.0,-0.10546875,-1.1875,-0.259765625
0.875084101000084,1200.0,-0.10546875,-1.1875,-0.259765625
0.8800839219998124,1200.0,-0.10546875,-1.1875,-0.259765625
0.8850845390002178,1200.0,-0.10546875,-1.1875,-0.259765625
0.8900827110001046,1200.0,-0.10546875,-1.1875,-0.259765625
0.8950842180001928,1200.0,-0.10546875,-1.1875,-0.259765625
0.9000853160000588,1200.0,-0.12890625,-1.005859375,-0.216796875
0.9050908959998196,1200.0,-0.12890625,-1.005859375,-0.216796875
0.9100840320002135,1200.0,-0.12890625,-1.005859375,-0.216796875
0.9150829640002485,1200.0,-0.12890625,-1.005859375,-0.216796875
0.9201110439998956,1200.0,-0.12890625,-1.005859375,-0.216796875
0.9250892909999493,1200.0,-0.12890625,-1.005859375,-0.216796875
0.9301077790000818,1200.0,-0.12890625,-1.005859375,-0.216796875
0.935088450999956,1200.0,-0.12890625,-1.005859375,-0.216796875
0.9400857350001388,1200.0,-0.12890625,-1.005859375,-0.216796875
0.9450845930000469,1200.0,-0.12890625,-1.005859375,-0.216796875
0.9501017850002427,1200.0,0.04296875,-0.80078125,0.064453125
0.9550919570001497,1200.0,0.04296875,-0.80078125,0.064453125
0.9601007040000695,1200.0,0.04296875,-0.80078125,0.064453125
0.9650871359999655,1200.0,0.04296875,-0.80078125,0.064453125
0.9700844009998946,1200.0,0.04296875,-0.80078125,0.064453125
0.9750982040000054,1200.0,0.04296875,-0.80078125,0.064453125
0.9800892470002509,1200.0,0.04296875,-0.80078125,0.064453125
0.9850836599998729,1200.0,0.04296875,-0.80078125,0.064453125
0.9900989440002377,1200.0,0.04296875,-0.80078125,0.064453125
0.9950858390002395,1200.0,0.04296875,-0.80078125,0.064453125
1.0002377720002187,1200.0,0.21875,-0.56640625,0.263671875
1.0052616670000134,1200.0,0.21875,-0.56640625,0.263671875
1.0102884319999248,1200.0,0.21875,-0.56640625,0.263671875
1.0152584200000092,1200.0,0.21875,-0.56640625,0.263671875
1.020232963000126,1200.0,0.21875,-0.56640625,0.263671875
1.0252218390000962,1200.0,0.21875,-0.56640625,0.263671875
1.0303143460000683,1200.0,0.21875,-0.56640625,0.263671875
1.0352680740002143,1200.0,0.21875,-0.56640625,0.263671875
1.040269506000186,1200.0,0.21875,-0.56640625,0.263671875
1.0452843449998,1200.0,0.21875,-0.56640625,0.263671875
1.0502424810001685,1200.0,0.232421875,-0.376953125,0.31640625
1.0551431720000437,1200.0,0.232421875,-0.376953125,0.31640625
1.0601324740000564,1200.0,0.232421875,-0.376953125,0.31640625
1.0650970729998335,1200.0,0.232421875,-0.376953125,0.31640625
1.0700917819999631,1200.0,0.232421875,-0.376953125,0.31640625
1.0750896770000509,1200.0,0.232421875,-0.376953125,0.31640625
1.0801055169999927,1200.0,0.232421875,-0.376953125,0.31640625
1.085087781999846,1200.0,0.232421875,-0.376953125,0.31640625
1.0901081960000738,1200.0,0.232421875,-0.376953125,0.31640625
1.0950873870001487,1200.0,0.232421875,-0.376953125,0.31640625
1.1000894300000255,1200.0,0.16015625,-0.3046875,0.201171875
1.1050931400000081,1200.0,0.16015625,-0.3046875,0.201171875
1.11008294200019,1200.0,0.16015625,-0.3046875,0.201171875
1.1151053369999318,1200.0,0.16015625,-0.3046875,0.201171875
1.1201064729998507,1200.0,0.16015625,-0.3046875,0.201171875
1.1250923490001696,1200.0,0.16015625,-0.3046875,0.201171875
1.1300851330001933,1200.0,0.16015625,-0.3046875,0.201171875
1.1350870460000806,1200.0,0.16015625,-0.3046875,0.201171875
1.140090330000021,1200.0,0.16015625,-0.3046875,0.201171875
1.1450863179998123,1200.0,0.16015625,-0.3046875,0.201171875
1.1500843049998366,1200.0,-0.0078125,-0.287109375,-0.0234375
1.1550872930001788,1200.0,-0.0078125,-0.287109375,-0.0234375
1.1600852249998752,1200.0,-0.0078125,-0.287109375,-0.0234375
1.1651004159998593,1200.0,-0.0078125,-0.287109375,-0.0234375
1.1700881629999458,1200.0,-0.0078125,-0.287109375,-0.0234375
1.1750858539999172,1200.0,-0.0078125,-0.287109375,-0.0234375
1.1800846569999521,1200.0,-0.0078125,-0.287109375,-0.0234375
1.1850829220002197,1200.0,-0.0078125,-0.287109375,-0.0234375
1.1900819470001807,1200.0,-0.0078125,-0.287109375,-0.0234375
1.1950842310002372,1200.0,-0.0078125,-0.287109375,-0.0234375
1.200085811000008,1200.0,-0.1640625,-0.24609375,-0.1875
1.2050861870002336,1200.0,-0.1640625,-0.24609375,-0.1875
1.2100826750001943,1200.0,-0.1640625,-0.24609375,-0.1875
1.2150830880000285,1200.0,-0.1640625,-0.24609375,-0.1875
1.2200847240001167,1200.0,-0.1640625,-0.24609375,-0.1875
1.2250827670000035,1200.0,-0.1640625,-0.24609375,-0.1875
1.2300838290002503,1200.0,-0.1640625,-0.24609375,-0.1875
1.2350830569998834,1200.0,-0.1640625,-0.24609375,-0.1875
1.2400829329999397,1200.0,-0.1640625,-0.24609375,-0.1875
1.2450834390001546,1200.0,-0.1640625,-0.24609375,-0.1875
1.250082797000232,1200.0,-0.162109375,-0.279296875,-0.1875
1.255116636999901,1200.0,-0.162109375,-0.279296875,-0.1875
1.2601078470001994,1200.0,-0.162109375,-0.279296875,-0.1875
1.2650895380002112,1200.0,-0.162109375,-0.279296875,-0.1875
1.2700858220000555,1200.0,-0.162109375,-0.279296875,-0.1875
1.2751177720001579,1200.0,-0.162109375,-0.279296875,-0.1875
1.2800925189999361,1200.0,-0.162109375,-0.279296875,-0.1875
1.2850872469998649,1200.0,-0.162109375,-0.279296875,-0.1875
1.2900862530000268,1200.0,-0.162109375,-0.279296875,-0.1875
1.295084111000051,1200.0,-0.162109375,-0.279296875,-0.1875
1.300086765999822,1200.0,-0.130859375,-0.30859375,-0.142578125
1.3050888640000267,1200.0,-0.130859375,-0.30859375,-0.142578125
1.3100874070000827,1200.0,-0.130859375,-0.30859375,-0.142578125
1.3150874319999275,1200.0,-0.130859375,-0.30859375,-0.142578125
1.3200856049998038,1200.0,-0.130859375,-0.30859375,-0.142578125
1.3250831109999126,1200.0,-0.130859375,-0.30859375,-0.142578125
1.3300818950001485,1200.0,-0.130859375,-0.30859375,-0.142578125
1.3350823639998453,1200.0,-0.130859375,-0.30859375,-0.142578125
1.3400843330000498,1200.0,-0.130859375,-0.30859375,-0.142578125
1.3450826170001164,1200.0,-0.130859375,-0.30859375,-0.142578125
1.350083844999972,1200.0,-0.06640625,-0.314453125,-0.080078125
1.3550854619998063,1200.0,-0.06640625,-0.314453125,-0.080078125
1.3601063020000765,1200.0,-0.06640625,-0.314453125,-0.080078125
1.3650841600001513,1200.0,-0.06640625,-0.314453125,-0.080078125
1.370082184000239,1200.0,-0.06640625,-0.314453125,-0.080078125
1.3750833570002214,1200.0,-0.06640625,-0.314453125,-0.080078125
1.3800833260002037,1200.0,-0.06640625,-0.314453125,-0.080078125
1.3850825360000272,1200.0,-0.06640625,-0.314453125,-0.080078125
1.3900830970001152,1200.0,-0.06640625,-0.314453125,-0.080078125
1.3951073260000157,1200.0,-0.06640625,-0.314453125,-0.080078125
1.4000882020000063,1200.0,0.041015625,-0.38671875,0.02734375
1.4050880419999885,1200.0,0.041015625,-0.38671875,0.02734375
1.41008451100015,1200.0,0.041015625,-0.38671875,0.02734375
1.4150825719998466,1200.0,0.041015625,-0.38671875,0.02734375
1.4200840230000722,1200.0,0.041015625,-0.38671875,0.02734375
1.4250827139999274,1200.0,0.041015625,-0.38671875,0.02734375
1.4302902949998497,1200.0,0.041015625,-0.38671875,0.02734375
1.4352218750000247,1200.0,0.041015625,-0.38671875,0.02734375
1.4401307690000067,1200.0,0.041015625,-0.38671875,0.02734375
1.445204202000241,1200.0,0.041015625,-0.38671875,0.02734375
1.4501029849998304,1200.0,0.076171875,-0.3984375,0.076171875
1.4552178250000907,1200.0,0.076171875,-0.3984375,0.076171875
1.4601357940000526,1200.0,0.076171875,-0.3984375,0.076171875
1.4650912440001775,1200.0,0.076171875,-0.3984375,0.076171875
1.4701080469999397,1200.0,0.076171875,-0.3984375,0.076171875
1.4750970340001004,1200.0,0.076171875,-0.3984375,0.076171875
1.480088614000124,1200.0,0.076171875,-0.3984375,0.076171875
1.485090250000212,1200.0,0.076171875,-0.3984375,0.076171875
1.490097737999804,1200.0,0.076171875,-0.3984375,0.076171875
1.4951321700000335,1200.0,0.076171875,-0.3984375,0.076171875
1.5001277310002479,1200.0,0.05859375,-0.28515625,0.052734375
1.5051076449999528,1200.0,0.05859375,-0.28515625,0.052734375
1.5100904470000387,1200.0,0.05859375,-0.28515625,0.052734375
1.5150860270000521,1200.0,0.05859375,-0.28515625,0.052734375
1.5201098480001747,1200.0,0.05859375,-0.28515625,0.052734375
1.5250911690000066,1200.0,0.05859375,-0.28515625,0.052734375
1.530086970999946,1200.0,0.05859375,-0.28515625,0.052734375
1.5351351439999235,1200.0,0.05859375,-0.28515625,0.052734375
1.5400951500000701,1200.0,0.05859375,-0.28515625,0.052734375
1.5450885820000622,1200.0,0.05859375,-0.28515625,0.052734375
1.550085699000192,1200.0,-0.01171875,-0.00390625,-0.009765625
1.555089167999995,1200.0,-0.01171875,-0.00390625,-0.009765625
1.5600883229999454,1200.0,-0.01171875,-0.00390625,-0.009765625
1.565094143999886,1200.0,-0.01171875,-0.00390625,-0.009765625
1.570089150000058,1200.0,-0.01171875,-0.00390625,-0.009765625
1.575084747999881,1200.0,-0.01171875,-0.00390625,-0.009765625
1.5800847909999902,1200.0,-0.01171875,-0.00390625,-0.009765625
1.5850826490000145,1200.0,-0.01171875,-0.00390625,-0.009765625
1.5900825809999333,1200.0,-0.01171875,-0.00390625,-0.009765625
1.5950838280000426,1200.0,-0.01171875,-0.00390625,-0.009765625
1.6000853529999404,1200.0,0.001953125,0.0859375,0.005859375
1.6050881179999124,1200.0,0.001953125,0.0859375,0.005859375
1.6100836059999892,1200.0,0.001953125,0.0859375,0.005859375
1.6150828710001406,1200.0,0.001953125,0.0859375,0.005859375
1.6201053959998717,1200.0,0.001953125,0.0859375,0.005859375
1.6250844390001475,1200.0,0.001953125,0.0859375,0.005859375
1.6300866669998868,1200.0,0.001953125,0.0859375,0.005859375
1.63508491399989,1200.0,0.001953125,0.0859375,0.005859375
1.6400844939998933,1200.0,0.001953125,0.0859375,0.005859375
1.6450829260002138,1200.0,0.001953125,0.0859375,0.005859375
1.6500825429998258,1200.0,0.06640625,0.05859375,0.06640625
1.6551222530001723,1200.0,0.06640625,0.05859375,0.06640625
1.660106980999899,1200.0,0.06640625,0.05859375,0.06640625
1.6651066360000186,1200.0,0.06640625,0.05859375,0.06640625
1.6700887900001362,1200.0,0.06640625,0.05859375,0.06640625
1.6750831849999486,1200.0,0.06640625,0.05859375,0.06640625
1.6800898209999104,1200.0,0.06640625,0.05859375,0.06640625
1.6850841969999237,1200.0,0.06640625,0.05859375,0.06640625
1.6900834250000116,1200.0,0.06640625,0.05859375,0.06640625
1.6950833020000573,1200.0,0.06640625,0.05859375,0.06640625
1.7000875300000189,1200.0,0.083984375,0.052734375,0.072265625
1.7050919620000968,1200.0,0.083984375,0.052734375,0.072265625
1.7100842640002156,1200.0,0.083984375,0.052734375,0.072265625
1.715084473999923,1200.0,0.083984375,0.052734375,0.072265625
1.720084702999884,1200.0,0.083984375,0.052734375,0.072265625
1.7250828569999612,1200.0,0.083984375,0.052734375,0.072265625
1.7300834739999118,1200.0,0.083984375,0.052734375,0.072265625
1.7350831469998411,1200.0,0.083984375,0.052734375,0.072265625
1.740084042000035,1200.0,0.083984375,0.052734375,0.072265625
1.7450822890000381,1200.0,0.083984375,0.052734375,0.072265625
1.750083332000031,1200.0,0.033203125,0.03515625,0.033203125
1.755088282000088,1200.0,0.033203125,0.03515625,0.033203125
1.7600953619999018,1200.0,0.033203125,0.03515625,0.033203125
1.7650862569998935,1200.0,0.033203125,0.03515625,0.033203125
1.7700823559998753,1200.0,0.033203125,0.03515625,0.033203125
1.7750853809998262,1200.0,0.033203125,0.03515625,0.033203125
1.7800844050002524,1200.0,0.033203125,0.03515625,0.033203125
1.7850833739998961,1200.0,0.033203125,0.03515625,0.033203125
1.7900823429999946,1200.0,0.033203125,0.03515625,0.033203125
1.795082683000146,1200.0,0.033203125,0.03515625,0.033203125
1.800086726000245,1200.0,-0.013671875,-0.046875,-0.015625
1.8051181949999773,1200.0,-0.013671875,-0.046875,-0.015625
1.8100884049999877,1200.0,-0.013671875,-0.046875,-0.015625
1.8150870780000332,1200.0,-0.013671875,-0.046875,-0.015625
1.8200851579999835,1200.0,-0.013671875,-0.046875,-0.015625
1.8250871640002515,1200.0,-0.013671875,-0.046875,-0.015625
1.8300836140001593,1200.0,-0.013671875,-0.046875,-0.015625
1.8350840460002473,1200.0,-0.013671875,-0.046875,-0.015625
1.8400835339998594,1200.0,-0.013671875,-0.046875,-0.015625
1.845084799000233,1200.0,-0.013671875,-0.046875,-0.015625
1.8500848980002047,1200.0,-0.029296875,-0.107421875,-0.03125
1.855085014999986,1200.0,-0.029296875,-0.107421875,-0.03125
1.8601137619998553,1200.0,-0.029296875,-0.107421875,-0.03125
1.8650872680000248,1200.0,-0.029296875,-0.107421875,-0.03125
1.870101848000104,1200.0,-0.029296875,-0.107421875,-0.03125
1.8750872989999152,1200.0,-0.029296875,-0.107421875,-0.03125
1.88008502699995,1200.0,-0.029296875,-0.107421875,-0.03125
1.8850913109999965,1200.0,-0.029296875,-0.107421875,-0.03125
1.890082576000168,1200.0,-0.029296875,-0.107421875,-0.03125
1.8950851750000766,1200.0,-0.029296875,-0.107421875,-0.03125
1.9000842740001644,1200.0,-0.048828125,-0.142578125,-0.052734375
1.9050855760001468,1200.0,-0.048828125,-0.142578125,-0.052734375
1.9100826750000124,1200.0,-0.048828125,-0.142578125,-0.052734375
1.915083217999836,1200.0,-0.048828125,-0.142578125,-0.052734375
1.920086278999861,1200.0,-0.048828125,-0.142578125,-0.052734375
1.925083099999938,1200.0,-0.048828125,-0.142578125,-0.052734375
1.930082866000248,1200.0,-0.048828125,-0.142578125,-0.052734375
1.9351085940002122,1200.0,-0.048828125,-0.142578125,-0.052734375
1.9400886739999805,1200.0,-0.048828125,-0.142578125,-0.052734375
1.945087421000153,1200.0,-0.048828125,-0.142578125,-0.052734375
1.950092315999882,1200.0,-0.015625,-0.220703125,-0.017578125
1.9550908780001919,1200.0,-0.015625,-0.220703125,-0.017578125
1.9600854390000677,1200.0,-0.015625,-0.220703125,-0.017578125
1.9650871859998915,1200.0,-0.015625,-0.220703125,-0.017578125
1.9700867850001487,1200.0,-0.015625,-0.220703125,-0.017578125
1.975083383999845,1200.0,-0.015625,-0.220703125,-0.017578125
1.9800833899998906,1200.0,-0.015625,-0.220703125,-0.017578125
1.985082487999989,1200.0,-0.015625,-0.220703125,-0.017578125
1.9900843280001936,1200.0,-0.015625,-0.220703125,-0.017578125
1.9950845560001653,1200.0,-0.015625,-0.220703125,-0.017578125
2.0000837289999254,1200.0,0.0234375,-0.236328125,0.01953125
2.005106253000122,1200.0,0.0234375,-0.236328125,0.01953125
2.0100857219999853,1200.0,0.0234375,-0.236328125,0.01953125
2.0150867470001685,1200.0,0.0234375,-0.236328125,0.01953125
2.0200894380000136,1200.0,0.0234375,-0.236328125,0.01953125
2.0250974260002295,1200.0,0.0234375,-0.236328125,0.01953125
2.0300861169998825,1200.0,0.0234375,-0.236328125,0.01953125
2.035086122999928,1200.0,0.0234375,-0.236328125,0.01953125
2.040194093000082,1200.0,0.0234375,-0.236328125,0.01953125
2.0450942279999254,1200.0,0.0234375,-0.236328125,0.01953125
2.050275882999813,1200.0,0.021484375,-0.12890625,0.017578125
2.0552883149998706,1200.0,0.021484375,-0.12890625,0.017578125
2.060253542999817,1200.0,0.021484375,-0.12890625,0.017578125
2.065168845000244,1200.0,0.021484375,-0.12890625,0.017578125
2.070104350999827,1200.0,0.021484375,-0.12890625,0.017578125
2.0750932280002417,1200.0,0.021484375,-0.12890625,0.017578125
2.0800912710001285,1200.0,0.021484375,-0.12890625,0.017578125
2.0850901839999096,1200.0,0.021484375,-0.12890625,0.017578125
2.090084819999902,1200.0,0.021484375,-0.12890625,0.017578125
2.0950874929999372,1200.0,0.021484375,-0.12890625,0.017578125
2.1000861100001202,1200.0,-0.009765625,-0.0703125,-0.00390625
2.1050891159998173,1200.0,-0.009765625,-0.0703125,-0.00390625
2.1100855479999154,1200.0,-0.009765625,-0.0703125,-0.00390625
2.115168387999802,1200.0,-0.009765625,-0.0703125,-0.00390625
2.1201170600002115,1200.0,-0.009765625,-0.0703125,-0.00390625
2.125119103000088,1200.0,-0.009765625,-0.0703125,-0.00390625
2.1300878319998446,1200.0,-0.009765625,-0.0703125,-0.00390625
2.1350883929999327,1200.0,-0.009765625,-0.0703125,-0.00390625
2.140087085000232,1200.0,-0.009765625,-0.0703125,-0.00390625
2.1450836459998754,1200.0,-0.009765625,-0.0703125,-0.00390625
2.1500994490002086,1200.0,0.005859375,-0.103515625,0.001953125
2.1550920469999255,1200.0,0.005859375,-0.103515625,0.001953125
2.1600878130002457,1200.0,0.005859375,-0.103515625,0.001953125
2.165093134000017,1200.0,0.005859375,-0.103515625,0.001953125
2.1700831399998606,1200.0,0.005859375,-0.103515625,0.001953125
2.175083108999843,1200.0,0.005859375,-0.103515625,0.001953125
2.180085873999815,1200.0,0.005859375,-0.103515625,0.001953125
2.1850849540001036,1200.0,0.005859375,-0.103515625,0.001953125
2.190082201000223,1200.0,0.005859375,-0.103515625,0.001953125
2.195081522000237,1200.0,0.005859375,-0.103515625,0.001953125
2.2000868059999448,1200.0,0.0078125,-0.0546875,0.01171875
2.205090016000213,1200.0,0.0078125,-0.0546875,0.01171875
2.210083224999835,1200.0,0.0078125,-0.0546875,0.01171875
2.2150825459998487,1200.0,0.0078125,-0.0546875,0.01171875
2.22008325600018,1200.0,0.0078125,-0.0546875,0.01171875
2.2250825209998766,1200.0,0.0078125,-0.0546875,0.01171875
2.230086786999891,1200.0,0.0078125,-0.0546875,0.01171875
2.2350859040002433,1200.0,0.0078125,-0.0546875,0.01171875
2.2400835029998234,1200.0,0.0078125,-0.0546875,0.01171875
2.245082822999848,1200.0,0.0078125,-0.0546875,0.01171875
2.250081978000253,1200.0,0.00390625,-0.01953125,0.009765625
2.2550875390002147,1200.0,0.00390625,-0.01953125,0.009765625
2.2601186199999574,1200.0,0.00390625,-0.01953125,0.009765625
2.26508660699983,1200.0,0.00390625,-0.01953125,0.009765625
2.2700825950000763,1200.0,0.00390625,-0.01953125,0.009765625
2.2750863229998686,1200.0,0.00390625,-0.01953125,0.009765625
2.280086495999967,1200.0,0.00390625,-0.01953125,0.009765625
2.285083982999822,1200.0,0.00390625,-0.01953125,0.009765625
2.290082712000185,1200.0,0.00390625,-0.01953125,0.009765625
2.295083070000146,1200.0,0.00390625,-0.01953125,0.009765625
2.300085334999949,1200.0,0.03125,-0.033203125,0.02734375
2.305090563000249,1200.0,0.03125,-0.033203125,0.02734375
2.310083792000114,1200.0,0.03125,-0.033203125,0.02734375
2.3150829639998847,1200.0,0.03125,-0.033203125,0.02734375
2.320083321999846,1200.0,0.03125,-0.033203125,0.02734375
2.3250847730000714,1200.0,0.03125,-0.033203125,0.02734375
2.3300831679998737,1200.0,0.03125,-0.033203125,0.02734375
2.3350863410000784,1200.0,0.03125,-0.033203125,0.02734375
2.34008416100005,1200.0,0.03125,-0.033203125,0.02734375
2.3450840189998416,1200.0,0.03125,-0.033203125,0.02734375
2.3500841919999402,1200.0,0.005859375,-0.041015625,0.00390625
2.355089790999955,1200.0,0.005859375,-0.041015625,0.00390625
2.3600842969999576,1200.0,0.005859375,-0.041015625,0.00390625
2.365082080999855,1200.0,0.005859375,-0.041015625,0.00390625
2.3700819199998477,1200.0,0.005859375,-0.041015625,0.00390625
2.375106278000203,1200.0,0.005859375,-0.041015625,0.00390625
2.3800938770000357,1200.0,0.005859375,-0.041015625,0.00390625
2.3850844759999745,1200.0,0.005859375,-0.041015625,0.00390625
2.3900833150000835,1200.0,0.005859375,-0.041015625,0.00390625
2.3950926729999082,1200.0,0.005859375,-0.041015625,0.00390625
2.400089642000239,1200.0,-0.029296875,-0.01953125,-0.021484375
2.40508722200002,1200.0,-0.029296875,-0.01953125,-0.021484375
2.410083468999801,1200.0,-0.029296875,-0.01953125,-0.021484375
2.4150834749998467,1200.0,-0.029296875,-0.01953125,-0.021484375
2.4200827959998605,1200.0,-0.029296875,-0.01953125,-0.021484375
2.425084932000118,1200.0,-0.029296875,-0.01953125,-0.021484375
2.4302546610001627,1200.0,-0.029296875,-0.01953125,-0.021484375
2.4352032219999273,1200.0,-0.029296875,-0.01953125,-0.021484375
2.440100913000151,1200.0,-0.029296875,-0.01953125,-0.021484375
2.4451887529999112,1200.0,-0.029296875,-0.01953125,-0.021484375
2.4501057580000634,1200.0,-0.01953125,-0.015625,-0.015625
2.4552944880001633,1200.0,-0.01953125,-0.015625,-0.015625
2.460190401000091,1200.0,-0.01953125,-0.015625,-0.015625
2.465101554999819,1200.0,-0.01953125,-0.015625,-0.015625
2.4700928940001177,1200.0,-0.01953125,-0.015625,-0.015625
2.4751171960001557,1200.0,-0.01953125,-0.015625,-0.015625
2.4801247770001282,1200.0,-0.01953125,-0.015625,-0.015625
2.4850902449998102,1200.0,-0.01953125,-0.015625,-0.015625
2.490150974000244,1200.0,-0.01953125,-0.015625,-0.015625
2.4952813509999032,1200.0,-0.01953125,-0.015625,-0.015625
2.5002246720000585,1200.0,-0.005859375,-0.01953125,-0.00390625
2.5051230479998594,1200.0,-0.005859375,-0.01953125,-0.00390625
2.5100954059998912,1200.0,-0.005859375,-0.01953125,-0.00390625
2.5150895410001795,1200.0,-0.005859375,-0.01953125,-0.00390625
2.5201071030001003,1200.0,-0.005859375,-0.01953125,-0.00390625
2.5251303310001276,1200.0,-0.005859375,-0.01953125,-0.00390625
2.530089023000073,1200.0,-0.005859375,-0.01953125,-0.00390625
2.535092862000056,1200.0,-0.005859375,-0.01953125,-0.00390625
2.540092237999943,1200.0,-0.005859375,-0.01953125,-0.00390625
2.545085466999808,1200.0,-0.005859375,-0.01953125,-0.00390625
2.550083473000086,1200.0,0.001953125,-0.0234375,0.00390625
2.5550887570002487,1200.0,0.001953125,-0.0234375,0.00390625
2.560095799999999,1200.0,0.001953125,-0.0234375,0.00390625
2.5650902500001393,1200.0,0.001953125,-0.0234375,0.00390625
2.5700865339999837,1200.0,0.001953125,-0.0234375,0.00390625
2.575090485000146,1200.0,0.001953125,-0.0234375,0.00390625
2.5800904540001284,1200.0,0.001953125,-0.0234375,0.00390625
2.5850838669998666,1200.0,0.001953125,-0.0234375,0.00390625
2.59008779900023,1200.0,0.001953125,-0.0234375,0.00390625
2.595086675999937,1200.0,0.001953125,-0.0234375,0.00390625
2.6000858480001625,1200.0,0.01953125,-0.0234375,0.015625
2.605088318000071,1200.0,0.01953125,-0.0234375,0.015625
2.6100823050001054,1200.0,0.01953125,-0.0234375,0.015625
2.6150855890000457,1200.0,0.01953125,-0.0234375,0.015625
2.6200851319999856,1200.0,0.01953125,-0.0234375,0.015625
2.625088694000169,1200.0,0.01953125,-0.0234375,0.015625
2.6301126070002283,1200.0,0.01953125,-0.0234375,0.015625
2.635086205999869,1200.0,0.01953125,-0.0234375,0.015625
2.6401140460002352,1200.0,0.01953125,-0.0234375,0.015625
2.6450984769999195,1200.0,0.01953125,-0.0234375,0.015625
2.6500923170001442,1200.0,0.01171875,-0.044921875,0.009765625
2.6550904710002214,1200.0,0.01171875,-0.044921875,0.009765625
2.6601301440000498,1200.0,0.01171875,-0.044921875,0.009765625
2.6650985760002186,1200.0,0.01171875,-0.044921875,0.009765625
2.670085970999935,1200.0,0.01171875,-0.044921875,0.009765625
2.675085403000139,1200.0,0.01171875,-0.044921875,0.009765625
2.6800851500001954,1200.0,0.01171875,-0.044921875,0.009765625
2.6850851190001777,1200.0,0.01171875,-0.044921875,0.009765625
2.690082957999948,1200.0,0.01171875,-0.044921875,0.009765625
2.695084316000248,1200.0,0.01171875,-0.044921875,0.009765625
2.700084747999881,1200.0,0.00390625,-0.0703125,-0.001953125
2.705087606000234,1200.0,0.00390625,-0.0703125,-0.001953125
2.7100839270001416,1200.0,0.00390625,-0.0703125,-0.001953125
2.7150832480001554,1200.0,0.00390625,-0.0703125,-0.001953125
2.7200830500000848,1200.0,0.00390625,-0.0703125,-0.001953125
2.7250833900002362,1200.0,0.00390625,-0.0703125,-0.001953125
2.7300838959999965,1200.0,0.00390625,-0.0703125,-0.001953125
2.735084069000095,1200.0,0.00390625,-0.0703125,-0.001953125
2.740084241000204,1200.0,0.00390625,-0.0703125,-0.001953125
2.7450824140000805,1200.0,0.00390625,-0.0703125,-0.001953125
2.7500827720000416,1202.0,-0.017578125,-0.05859375,-0.00390625
2.7550865749999502,1204.0,-0.017578125,-0.05859375,-0.00390625
2.760085080999943,1206.0,-0.017578125,-0.05859375,-0.00390625
2.7650830309999037,1208.0,-0.017578125,-0.05859375,-0.00390625
2.7700829260002138,1210.0,-0.017578125,-0.05859375,-0.00390625
2.775082821000069,1212.0,-0.017578125,-0.05859375,-0.00390625
2.780084253000041,1214.0,-0.017578125,-0.05859375,-0.00390625
2.785083130000203,1216.0,-0.017578125,-0.05859375,-0.00390625
2.790083228000185,1218.0,-0.017578125,-0.05859375,-0.00390625
2.7950833270001567,1220.0,-0.017578125,-0.05859375,-0.00390625
2.8000846660002026,1222.0,0.005859375,-0.03515625,0.009765625
2.8050875429998996,1224.0,0.005859375,-0.03515625,0.009765625
2.8100831599999765,1226.0,0.005859375,-0.03515625,0.009765625
2.815083387999948,1228.0,0.005859375,-0.03515625,0.009765625
2.8200836350001737,1230.0,0.005859375,-0.03515625,0.009765625
2.8250837149998915,1232.0,0.005859375,-0.03515625,0.009765625
2.830082407000191,1234.0,0.005859375,-0.03515625,0.009765625
2.8350824869999087,1236.0,0.005859375,-0.03515625,0.009765625
2.8400837519998277,1238.0,0.005859375,-0.03515625,0.009765625
2.845083573000011,1240.0,0.005859375,-0.03515625,0.009765625
2.8501007089998893,1242.0,0.03515625,-0.0078125,0.025390625
2.8551138080001692,1244.0,0.03515625,-0.0078125,0.025390625
2.860121109999909,1246.0,0.03515625,-0.0078125,0.025390625
2.865088116000152,1248.0,0.03515625,-0.0078125,0.025390625
2.8700847519999115,1250.0,0.03515625,-0.0078125,0.025390625
2.875083499000084,1252.0,0.03515625,-0.0078125,0.025390625
2.8800848750001933,1254.0,0.03515625,-0.0078125,0.025390625
2.8850841409998793,1256.0,0.03515625,-0.0078125,0.025390625
2.8900979240002016,1258.0,0.03515625,-0.0078125,0.025390625
2.8950844490000236,1260.0,0.03515625,-0.0078125,0.025390625
2.9000844920001327,1262.0,0.029296875,0.03125,0.02734375
2.9050874240001576,1264.0,0.029296875,0.03125,0.02734375
2.9100858560000233,1266.0,0.029296875,0.03125,0.02734375
2.9150844179998785,1268.0,0.029296875,0.03125,0.02734375
2.920082701999945,1270.0,0.029296875,0.03125,0.02734375
2.9250842450001073,1272.0,0.029296875,0.03125,0.02734375
2.9300840840001,1274.0,0.029296875,0.03125,0.02734375
2.9351160910000544,1276.0,0.029296875,0.03125,0.02734375
2.9400886710000123,1278.0,0.029296875,0.03125,0.02734375
2.94508512099992,1280.0,0.029296875,0.03125,0.02734375
2.9500917199998185,1282.0,0.01953125,0.052734375,0.021484375
2.955088337000234,1284.0,0.01953125,0.052734375,0.021484375
2.9600849540001946,1286.0,0.01953125,0.052734375,0.021484375
2.965084089999891,1288.0,0.01953125,0.052734375,0.021484375
2.9700807809999787,1290.0,0.01953125,0.052734375,0.021484375
2.975085324000247,1292.0,0.01953125,0.052734375,0.021484375
2.9800858489998063,1294.0,0.01953125,0.052734375,0.021484375
2.985084039999947,1296.0,0.01953125,0.052734375,0.021484375
2.9900825459999396,1298.0,0.01953125,0.052734375,0.021484375
2.995083738000176,1300.0,0.01953125,0.052734375,0.021484375
3.0000832989999253,1302.0,0.01953125,0.015625,0.01953125
3.0050867310001195,1304.0,0.01953125,0.015625,0.01953125
3.010082033999879,1306.0,0.01953125,0.015625,0.01953125
3.015082594999967,1308.0,0.01953125,0.015625,0.01953125
3.0200833240000975,1310.0,0.01953125,0.015625,0.01953125
3.0251122190002206,1312.0,0.01953125,0.015625,0.01953125
3.0300867430000835,1314.0,0.01953125,0.015625,0.01953125
3.035087749000013,1316.0,0.01953125,0.015625,0.01953125
3.040193052000177,1318.0,0.01953125,0.015625,0.01953125
3.0450954650000313,1320.0,0.01953125,0.015625,0.01953125
3.0500872309999068,1322.0,-0.025390625,-0.11328125,-0.01953125
3.0550884959998257,1324.0,-0.025390625,-0.11328125,-0.01953125
3.060123853999812,1326.0,-0.025390625,-0.11328125,-0.01953125
3.0650879159998112,1328.0,-0.025390625,-0.11328125,-0.01953125
3.070085866000227,1330.0,-0.025390625,-0.11328125,-0.01953125
3.0750855760002196,1332.0,-0.025390625,-0.11328125,-0.01953125
3.0800848230001066,1334.0,-0.025390625,-0.11328125,-0.01953125
3.085083865999877,1336.0,-0.025390625,-0.11328125,-0.01953125
3.090082428000187,1338.0,-0.025390625,-0.11328125,-0.01953125
3.095082803999958,1340.0,-0.025390625,-0.11328125,-0.01953125
3.1000839210000777,1342.0,-0.009765625,-0.234375,-0.013671875
3.105088094000166,1344.0,-0.009765625,-0.234375,-0.013671875
3.1100836740001796,1346.0,-0.009765625,-0.234375,-0.013671875
3.115097180000248,1348.0,-0.009765625,-0.234375,-0.013671875
3.120088241999838,1350.0,-0.009765625,-0.234375,-0.013671875
3.1250903589998416,1352.0,-0.009765625,-0.234375,-0.013671875
3.1300855509998655,1354.0,-0.009765625,-0.234375,-0.013671875
3.1350876120000066,1356.0,-0.009765625,-0.234375,-0.013671875
3.1400861179999993,1358.0,-0.009765625,-0.234375,-0.013671875
3.1451056060000155,1360.0,-0.009765625,-0.234375,-0.013671875
3.1500832420001643,1362.0,0.021484375,-0.30078125,0.01171875
3.155085025000062,1364.0,0.021484375,-0.30078125,0.01171875
3.1600842540001395,1366.0,0.021484375,-0.30078125,0.01171875
3.165092093000112,1368.0,0.021484375,-0.30078125,0.01171875
3.170085765999829,1370.0,0.021484375,-0.30078125,0.01171875
3.1750843650002025,1372.0,0.021484375,-0.30078125,0.01171875
3.1800832039998568,1374.0,0.021484375,-0.30078125,0.01171875
3.185082414000135,1376.0,0.021484375,-0.30078125,0.01171875
3.1900823269998,1378.0,0.021484375,-0.30078125,0.01171875
3.195082240999909,1380.0,0.021484375,-0.30078125,0.01171875
3.2000834690002193,1382.0,0.025390625,-0.322265625,0.017578125
3.205085457000223,1384.0,0.025390625,-0.322265625,0.017578125
3.2101228709998395,1386.0,0.025390625,-0.322265625,0.017578125
3.2150905799999236,1388.0,0.025390625,-0.322265625,0.017578125
3.2200859750000745,1390.0,0.025390625,-0.322265625,0.017578125
3.225083537000046,1392.0,0.025390625,-0.322265625,0.017578125
3.2300832470000387,1394.0,0.025390625,-0.322265625,0.017578125
3.2350827159998516,1396.0,0.025390625,-0.322265625,0.017578125
3.240110980999816,1398.0,0.025390625,-0.322265625,0.017578125
3.2450885060002292,1400.0,0.025390625,-0.322265625,0.017578125
3.2501800680001907,1402.0,-0.00390625,-0.30078125,-0.00390625
3.255104072999984,1404.0,-0.00390625,-0.30078125,-0.00390625
3.2601328020000437,1406.0,-0.00390625,-0.30078125,-0.00390625
3.2650977520002016,1408.0,-0.00390625,-0.30078125,-0.00390625
3.270120481000049,1410.0,-0.00390625,-0.30078125,-0.00390625
3.275088504999985,1412.0,-0.00390625,-0.30078125,-0.00390625
3.2800863630000094,1414.0,-0.00390625,-0.30078125,-0.00390625
3.285106740000174,1416.0,-0.00390625,-0.30078125,-0.00390625
3.2900880420002068,1418.0,-0.00390625,-0.30078125,-0.00390625
3.295123493000119,1420.0,-0.00390625,-0.30078125,-0.00390625
3.3000918319999073,1422.0,-0.0078125,-0.2578125,-0.013671875
3.3050915789999635,1424.0,-0.0078125,-0.2578125,-0.013671875
3.3101041039999473,1426.0,-0.0078125,-0.2578125,-0.013671875
3.3150901280000653,1428.0,-0.0078125,-0.2578125,-0.013671875
3.3200854299998355,1430.0,-0.0078125,-0.2578125,-0.013671875
3.325084251000135,1432.0,-0.0078125,-0.2578125,-0.013671875
3.330110608999803,1434.0,-0.0078125,-0.2578125,-0.013671875
3.335090189999846,1436.0,-0.0078125,-0.2578125,-0.013671875
3.340086806999807,1438.0,-0.0078125,-0.2578125,-0.013671875
3.3450866650000535,1440.0,0.0078125,-0.1875,0.005859375
3.3502118569999766,1442.0,0.0078125,-0.1875,0.005859375
3.3550944919998074,1444.0,0.0078125,-0.1875,0.005859375
3.360097071999917,1446.0,0.0078125,-0.1875,0.005859375
3.36508731899994,1448.0,0.0078125,-0.1875,0.005859375
3.370084972999848,1450.0,0.0078125,-0.1875,0.005859375
3.3750834980000946,1452.0,0.0078125,-0.1875,0.005859375
3.380084429999897,1454.0,0.0078125,-0.1875,0.005859375
3.3850836020001225,1456.0,0.0078125,-0.1875,0.005859375
3.390082182000242,1458.0,0.0078125,-0.1875,0.005859375
3.395099744000163,1460.0,0.0234375,-0.04296875,0.017578125
3.4000973610000074,1462.0,0.0234375,-0.04296875,0.017578125
3.405086681999819,1464.0,0.0234375,-0.04296875,0.017578125
3.4100836329998856,1466.0,0.0234375,-0.04296875,0.017578125
3.4150836570001957,1468.0,0.0234375,-0.04296875,0.017578125
3.4200836270001673,1470.0,0.0234375,-0.04296875,0.017578125
3.425082651000139,1472.0,0.0234375,-0.04296875,0.017578125
3.43027730599988,1474.0,0.0234375,-0.04296875,0.017578125
3.435207404999801,1476.0,0.0234375,-0.04296875,0.017578125
3.4401017989998763,1478.0,0.0234375,-0.04296875,0.017578125
3.4451937499998166,1480.0,0.0234375,-0.04296875,0.017578125
3.4501034780000737,1482.0,-0.01171875,0.09375,-0.005859375
3.4551274840000588,1484.0,-0.01171875,0.09375,-0.005859375
3.4602086390000295,1486.0,-0.01171875,0.09375,-0.005859375
3.465098904000115,1488.0,-0.01171875,0.09375,-0.005859375
3.4700860389998525,1490.0,-0.01171875,0.09375,-0.005859375
3.475104897000165,1492.0,-0.01171875,0.09375,-0.005859375
3.4801109220002218,1494.0,-0.01171875,0.09375,-0.005859375
3.4850981869999487,1496.0,-0.01171875,0.09375,-0.005859375
3.490095045000089,1498.0,-0.01171875,0.09375,-0.005859375
3.49510364400021,1500.0,-0.029296875,0.21484375,-0.015625
3.5000952979999056,1500,-0.029296875,0.21484375,-0.015625
3.5050931380001202,1500,-0.029296875,0.21484375,-0.015625
3.510090365999986,1502.0,-0.029296875,0.21484375,-0.015625
3.5150857049998194,1504.0,-0.029296875,0.21484375,-0.015625
3.520084544999918,1506.0,-0.029296875,0.21484375,-0.015625
3.52511116200003,1508.0,-0.029296875,0.21484375,-0.015625
3.530087427000126,1510.0,-0.029296875,0.21484375,-0.015625
3.535139266999977,1512.0,-0.029296875,0.21484375,-0.015625
3.5400946250001653,1514.0,-0.029296875,0.21484375,-0.015625
3.545086631000231,1516.0,0.0,0.3203125,-0.00390625
3.5500904330001504,1518.0,0.0,0.3203125,-0.00390625
3.555084217000058,1520.0,0.0,0.3203125,-0.00390625
3.560088260000157,1522.0,0.0,0.3203125,-0.00390625
3.565084618000128,1524.0,0.0,0.3203125,-0.00390625
3.5700898650002273,1526.0,0.0,0.3203125,-0.00390625
3.575085000999934,1528.0,0.0,0.3203125,-0.00390625
3.5800846369998,1530.0,0.0,0.3203125,-0.00390625
3.5850861980002264,1532.0,0.0,0.3203125,-0.00390625
3.5900842969999758,1534.0,0.0,0.3203125,-0.00390625
3.595083283999884,1536.0,0.01171875,0.40625,0.009765625
3.6000889570000254,1538.0,0.01171875,0.40625,0.009765625
3.605084093000187,1540.0,0.01171875,0.40625,0.009765625
3.610083840000243,1542.0,0.01171875,0.40625,0.009765625
3.6150857719999294,1544.0,0.01171875,0.40625,0.009765625
3.620083555999827,1546.0,0.01171875,0.40625,0.009765625
3.6250828030001685,1548.0,0.01171875,0.40625,0.009765625
3.630083345999992,1550.0,0.01171875,0.40625,0.009765625
3.6350845930001014,1552.0,0.01171875,0.40625,0.009765625
3.640083488000073,1554.0,0.01171875,0.40625,0.009765625
3.645082642000034,1556.0,-0.005859375,0.47265625,-0.001953125
3.650084963000154,1558.0,-0.005859375,0.47265625,-0.001953125
3.6550827470000513,1560.0,-0.005859375,0.47265625,-0.001953125
3.6601506599999993,1562.0,-0.005859375,0.47265625,-0.001953125
3.6650997960000495,1564.0,-0.005859375,0.47265625,-0.001953125
3.670085208999808,1566.0,-0.005859375,0.47265625,-0.001953125
3.6750838450002448,1568.0,-0.005859375,0.47265625,-0.001953125
3.680089407000196,1570.0,-0.005859375,0.47265625,-0.001953125
3.6850854310000614,1572.0,-0.005859375,0.47265625,-0.001953125
3.6900829930000327,1574.0,-0.005859375,0.47265625,-0.001953125
3.6951081470001554,1576.0,0.01171875,0.52734375,0.0078125
3.7000989500002106,1578.0,0.01171875,0.52734375,0.0078125
3.705087084999832,1580.0,0.01171875,0.52734375,0.0078125
3.7100837030002367,1582.0,0.01171875,0.52734375,0.0078125
3.7150843570002507,1584.0,0.01171875,0.52734375,0.0078125
3.72008645599999,1586.0,0.01171875,0.52734375,0.0078125
3.725084405999951,1588.0,0.01171875,0.52734375,0.0078125
3.730083616000229,1590.0,0.01171875,0.52734375,0.0078125
3.735083085000042,1592.0,0.01171875,0.52734375,0.0078125
3.7400819989998126,1594.0,0.01171875,0.52734375,0.0078125
3.745083227000123,1596.0,0.0078125,0.580078125,0.0078125
3.750088789000074,1598.0,0.0078125,0.580078125,0.0078125
3.7550857020000876,1600.0,0.0078125,0.580078125,0.0078125
3.7600831529998686,1602.0,0.0078125,0.580078125,0.0078125
3.765083250999851,1604.0,0.0078125,0.580078125,0.0078125
3.7700820350000868,1606.0,0.0078125,0.580078125,0.0078125
3.7750845410000693,1608.0,0.0078125,0.580078125,0.0078125
3.7800831220001783,1610.0,0.0078125,0.580078125,0.0078125
3.7850832389999596,1612.0,0.0078125,0.580078125,0.0078125
3.7900821709999946,1614.0,0.0078125,0.580078125,0.0078125
3.795083232000252,1616.0,0.0,0.666015625,-0.013671875
3.8000881829998434,1618.0,0.0,0.666015625,-0.013671875
3.805085930000132,1620.0,0.0,0.666015625,-0.013671875
3.810083658000167,1622.0,0.0,0.666015625,-0.013671875
3.815082441999948,1624.0,0.0,0.666015625,-0.013671875
3.820083706999867,1626.0,0.0,0.666015625,-0.013671875
3.8250842880001983,1628.0,0.0,0.666015625,-0.013671875
3.830082016000233,1630.0,0.0,0.666015625,-0.013671875
3.8350835780001944,1632.0,0.0,0.666015625,-0.013671875
3.8400828799999545,1634.0,0.0,0.666015625,-0.013671875
3.845085071000085,1636.0,-0.01171875,0.685546875,-0.009765625
3.850089152000237,1638.0,-0.01171875,0.685546875,-0.009765625
3.8550827690000915,1640.0,-0.01171875,0.685546875,-0.009765625
3.8601177010000356,1642.0,-0.01171875,0.685546875,-0.009765625
3.8650862069998766,1644.0,-0.01171875,0.685546875,-0.009765625
3.870086750000155,1646.0,-0.01171875,0.685546875,-0.009765625
3.8750867560002007,1648.0,-0.01171875,0.685546875,-0.009765625
3.880085243999929,1650.0,-0.01171875,0.685546875,-0.009765625
3.885083101999953,1652.0,-0.01171875,0.685546875,-0.009765625
3.8900827560000835,1654.0,-0.01171875,0.685546875,-0.009765625
3.895086094999897,1656.0,-0.00390625,0.724609375,0.001953125
3.900089527000091,1658.0,-0.00390625,0.724609375,0.001953125
3.9050836259998505,1660.0,-0.00390625,0.724609375,0.001953125
3.9100970399999824,1662.0,-0.00390625,0.724609375,0.001953125
3.915083027000037,1664.0,-0.00390625,0.724609375,0.001953125
3.920085977999861,1666.0,-0.00390625,0.724609375,0.001953125
3.9250830579999274,1668.0,-0.00390625,0.724609375,0.001953125
3.9300828790001106,1670.0,-0.00390625,0.724609375,0.001953125
3.9352950900001815,1672.0,-0.00390625,0.724609375,0.001953125
3.9403032069999426,1674.0,-0.00390625,0.724609375,0.001953125
3.9452678610000476,1676.0,-0.00390625,0.771484375,0.00390625
3.95022264499994,1678.0,-0.00390625,0.771484375,0.00390625
3.9552176880001753,1680.0,-0.00390625,0.771484375,0.00390625
3.960204583000177,1682.0,-0.00390625,0.771484375,0.00390625
3.9653054780001185,1684.0,-0.00390625,0.771484375,0.00390625
3.9702737430002344,1686.0,-0.00390625,0.771484375,0.00390625
3.9752734720000262,1688.0,-0.00390625,0.771484375,0.00390625
3.980261774000155,1690.0,-0.00390625,0.771484375,0.00390625
3.9851691499998196,1692.0,-0.00390625,0.771484375,0.00390625
3.9900998970001638,1694.0,-0.00390625,0.771484375,0.00390625
3.995090735999838,1696.0,-0.005859375,0.83203125,0.001953125
4.000102668000181,1698.0,-0.005859375,0.83203125,0.001953125
4.005093321999993,1700.0,-0.005859375,0.83203125,0.001953125
4.010186070000145,1702.0,-0.005859375,0.83203125,0.001953125
4.015185909000138,1704.0,-0.005859375,0.83203125,0.001953125
4.020181433999824,1706.0,-0.005859375,0.83203125,0.001953125
4.025239921999855,1708.0,-0.005859375,0.83203125,0.001953125
4.030186223999863,1710.0,-0.005859375,0.83203125,0.001953125
4.03518958199993,1712.0,-0.005859375,0.83203125,0.001953125
4.0403708290000395,1714.0,-0.005859375,0.83203125,0.001953125
4.045314113000131,1716.0,-0.00390625,0.873046875,0.0
4.050224840999817,1718.0,-0.00390625,0.873046875,0.0
4.055193810000219,1720.0,-0.00390625,0.873046875,0.0
4.06026127899986,1722.0,-0.00390625,0.873046875,0.0
4.0651987850001206,1724.0,-0.00390625,0.873046875,0.0
4.070185494999805,1726.0,-0.00390625,0.873046875,0.0
4.075185500999851,1728.0,-0.00390625,0.873046875,0.0
4.0801873219998015,1730.0,-0.00390625,0.873046875,0.0
4.085196902000007,1732.0,-0.00390625,0.873046875,0.0
4.090182964000178,1734.0,-0.00390625,0.873046875,0.0
4.095182248000128,1736.0,-0.0078125,0.9453125,0.005859375
4.1001912350002385,1738.0,-0.0078125,0.9453125,0.005859375
4.105185964000157,1740.0,-0.0078125,0.9453125,0.005859375
4.11018954400015,1742.0,-0.0078125,0.9453125,0.005859375
4.115202827999838,1744.0,-0.0078125,0.9453125,0.005859375
4.120170370999858,1746.0,-0.0078125,0.9453125,0.005859375
4.125176098999873,1748.0,-0.0078125,0.9453125,0.005859375
4.130163012000139,1750.0,-0.0078125,0.9453125,0.005859375
4.135165962999963,1752.0,-0.0078125,0.9453125,0.005859375
4.140165265000178,1754.0,-0.0078125,0.9453125,0.005859375
4.1451644009998745,1756.0,0.0,1.01953125,0.0078125
4.150163943999814,1758.0,0.0,1.01953125,0.0078125
4.155160321000039,1760.0,0.0,1.01953125,0.0078125
4.160161271000106,1762.0,0.0,1.01953125,0.0078125
4.165194389000135,1764.0,0.0,1.01953125,0.0078125
4.170166228000198,1766.0,0.0,1.01953125,0.0078125
4.1751613269998415,1768.0,0.0,1.01953125,0.0078125
4.180159759000162,1770.0,0.0,1.01953125,0.0078125
4.185160839000218,1772.0,0.0,1.01953125,0.0078125
4.190158882000105,1774.0,0.0,1.01953125,0.0078125
4.195159850999971,1776.0,-0.001953125,1.10546875,0.009765625
4.2001669129999755,1778.0,-0.001953125,1.10546875,0.009765625
4.205166325999926,1780.0,-0.001953125,1.10546875,0.009765625
4.210146629000064,1782.0,-0.001953125,1.10546875,0.009765625
4.2151438939999935,1784.0,-0.001953125,1.10546875,0.009765625
4.220145195999976,1786.0,-0.001953125,1.10546875,0.009765625
4.225143757999831,1788.0,-0.001953125,1.10546875,0.009765625
4.230142985999919,1790.0,-0.001953125,1.10546875,0.009765625
4.235152843999913,1792.0,-0.001953125,1.10546875,0.009765625
4.240147147000243,1794.0,-0.001953125,1.10546875,0.009765625
4.245144282000183,1796.0,-0.00390625,1.205078125,0.01171875
4.2501503630001025,1798.0,-0.00390625,1.205078125,0.01171875
4.255146795000201,1800.0,-0.00390625,1.205078125,0.01171875
4.260199838000062,1800.0,-0.00390625,1.205078125,0.01171875
4.265152288000081,1800.0,-0.00390625,1.205078125,0.01171875
4.270148072000211,1800.0,-0.00390625,1.205078125,0.01171875
4.275146930000119,1800.0,-0.00390625,1.205078125,0.01171875
4.280151233000197,1800.0,-0.00390625,1.205078125,0.01171875
4.285146534999967,1800.0,-0.00390625,1.205078125,0.01171875
4.29014635600015,1800.0,-0.00390625,1.205078125,0.01171875
4.2951449729998785,1800.0,-0.009765625,1.296875,0.009765625
4.300149886999861,1800.0,-0.009765625,1.296875,0.009765625
4.305150263000087,1800.0,-0.009765625,1.296875,0.009765625
4.3101449360001425,1800.0,-0.009765625,1.296875,0.009765625
4.315144553000209,1800.0,-0.009765625,1.296875,0.009765625
4.320145281999885,1800.0,-0.009765625,1.296875,0.009765625
4.325163176999922,1800.0,-0.009765625,1.296875,0.009765625
4.330144812000071,1800.0,-0.009765625,1.296875,0.009765625
4.335142059000191,1800.0,-0.009765625,1.296875,0.009765625
4.3401714540000285,1800.0,-0.009765625,1.296875,0.009765625
4.345145664000029,1800.0,-0.009765625,1.421875,-0.001953125
4.350147818000096,1800.0,-0.009765625,1.421875,-0.001953125
4.355141823999929,1800.0,-0.009765625,1.421875,-0.001953125
4.360141829999975,1800.0,-0.009765625,1.421875,-0.001953125
4.365142225,1800.0,-0.009765625,1.421875,-0.001953125
4.370139879999897,1800.0,-0.009765625,1.421875,-0.001953125
4.375141719000112,1800.0,-0.009765625,1.421875,-0.001953125
4.38014433599983,1800.0,-0.009765625,1.421875,-0.001953125
4.38514252799996,1800.0,-0.009765625,1.421875,-0.001953125
4.390140014999815,1800.0,-0.009765625,1.421875,-0.001953125
4.395176670000183,1800.0,-0.01953125,1.49609375,-0.01953125
4.400157120000131,1800.0,-0.01953125,1.49609375,-0.01953125
4.405149273999996,1800.0,-0.01953125,1.49609375,-0.01953125
4.41014846600001,1800.0,-0.01953125,1.49609375,-0.01953125
4.415144731000055,1800.0,-0.01953125,1.49609375,-0.01953125
4.420164014999955,1800.0,-0.01953125,1.49609375,-0.01953125
4.425148484000147,1800.0,-0.01953125,1.49609375,-0.01953125
4.4303115829998205,1800.0,-0.01953125,1.49609375,-0.01953125
4.435271903999819,1800.0,-0.01953125,1.49609375,-0.01953125
4.440249484000105,1800.0,-0.01953125,1.49609375,-0.01953125
4.445260434999909,1800.0,-0.009765625,1.619140625,-0.017578125
4.450164421999943,1800.0,-0.009765625,1.619140625,-0.017578125
4.4551775760000965,1800.0,-0.009765625,1.619140625,-0.017578125
4.460289712999838,1800.0,-0.009765625,1.619140625,-0.017578125
4.46518697700003,1800.0,-0.009765625,1.619140625,-0.017578125
4.4701523170001565,1800.0,-0.009765625,1.619140625,-0.017578125
4.475168174999908,1800.0,-0.009765625,1.619140625,-0.017578125
4.480157496000174,1800.0,-0.009765625,1.619140625,-0.017578125
4.48514831600005,1800.0,-0.009765625,1.619140625,-0.017578125
4.490153285999895,1800.0,-0.009765625,1.619140625,-0.017578125
4.495150624999951,1800.0,-0.017578125,1.689453125,-0.009765625
4.500157260999913,1800.0,-0.017578125,1.689453125,-0.009765625
4.5051846000001206,1800.0,-0.017578125,1.689453125,-0.009765625
4.510151625000162,1800.0,-0.017578125,1.689453125,-0.009765625
4.515144315999805,1800.0,-0.017578125,1.689453125,-0.009765625
4.520150100000137,1800.0,-0.017578125,1.689453125,-0.009765625
4.5252838659998815,1800.0,-0.017578125,1.689453125,-0.009765625
4.530162297000061,1800.0,-0.017578125,1.689453125,-0.009765625
4.535161711000001,1800.0,-0.017578125,1.689453125,-0.009765625
4.540160069000194,1800.0,-0.017578125,1.689453125,-0.009765625
4.545152353000049,1800.0,-0.015625,1.787109375,0.00390625
4.550152174000232,1800.0,-0.015625,1.787109375,0.00390625
4.55515116100014,1800.0,-0.015625,1.787109375,0.00390625
4.5601484079998045,1800.0,-0.015625,1.787109375,0.00390625
4.56518184000015,1800.0,-0.015625,1.787109375,0.00390625
4.570162587000141,1800.0,-0.015625,1.787109375,0.00390625
4.575148648999857,1800.0,-0.015625,1.787109375,0.00390625
4.58014715499985,1800.0,-0.015625,1.787109375,0.00390625
4.585145809000096,1800.0,-0.015625,1.787109375,0.00390625
4.590146703999835,1800.0,-0.015625,1.787109375,0.00390625
4.595144229000198,1800.0,-0.015625,1.869140625,0.001953125
4.600154678999843,1800.0,-0.015625,1.869140625,0.001953125
4.605171815000176,1800.0,-0.015625,1.869140625,0.001953125
4.610143099000197,1800.0,-0.015625,1.869140625,0.001953125
4.6151466790001905,1800.0,-0.015625,1.869140625,0.001953125
4.620145278000109,1800.0,-0.015625,1.869140625,0.001953125
4.625145210000028,1800.0,-0.015625,1.869140625,0.001953125
4.630145031000211,1800.0,-0.015625,1.869140625,0.001953125
4.635141426000246,1800.0,-0.015625,1.869140625,0.001953125
4.640147432000049,1800.0,-0.015625,1.869140625,0.001953125
4.645145068000147,1800.0,-0.021484375,1.896484375,-0.01171875
4.650148426000214,1800.0,-0.021484375,1.896484375,-0.01171875
4.655144839000059,1800.0,-0.021484375,1.896484375,-0.01171875
4.660198530999878,1800.0,-0.021484375,1.896484375,-0.01171875
4.665152924999802,1800.0,-0.021484375,1.896484375,-0.01171875
4.670155023999996,1800.0,-0.021484375,1.896484375,-0.01171875
4.675148623000041,1800.0,-0.021484375,1.896484375,-0.01171875
4.6801724070001,1800.0,-0.021484375,1.896484375,-0.01171875
4.685147449999931,1800.0,-0.021484375,1.896484375,-0.01171875
4.690145882000252,1800.0,-0.021484375,1.896484375,-0.01171875
4.695144351000181,1800.0,-0.0546875,1.359375,0.1171875
4.7001536900002066,1800.0,-0.0546875,1.359375,0.1171875
4.705147048000072,1800.0,-0.0546875,1.359375,0.1171875
4.710145332000138,1800.0,-0.0546875,1.359375,0.1171875
4.7151450790001945,1800.0,-0.0546875,1.359375,0.1171875
4.720143622000251,1800.0,-0.0546875,1.359375,0.1171875
4.725141553999947,1800.0,-0.0546875,1.359375,0.1171875
4.730142763999993,1800.0,-0.0546875,1.359375,0.1171875
4.735146418000113,1800.0,-0.0546875,1.359375,0.1171875
4.740143721000095,1800.0,-0.0546875,1.359375,0.1171875
4.745142857000246,1800.0,-0.0546875,1.208984375,0.05078125
4.750146214999859,1800.0,-0.0546875,1.208984375,0.05078125
4.755143961000158,1800.0,-0.0546875,1.208984375,0.05078125
4.760148653000215,1800.0,-0.0546875,1.208984375,0.05078125
4.7651436770001965,1800.0,-0.0546875,1.208984375,0.05078125
4.770142350000242,1800.0,-0.0546875,1.208984375,0.05078125
4.775144097000066,1800.0,-0.0546875,1.208984375,0.05078125
4.780145361999985,1800.0,-0.0546875,1.208984375,0.05078125
4.7851452939999035,1800.0,-0.0546875,1.208984375,0.05078125
4.790142337999896,1800.0,-0.0546875,1.208984375,0.05078125
4.795143584000016,1800.0,0.029296875,1.197265625,-0.08203125
4.800148442000136,1800.0,0.029296875,1.197265625,-0.08203125
4.8051444299999275,1800.0,0.029296875,1.197265625,-0.08203125
4.810145824999836,1800.0,0.029296875,1.197265625,-0.08203125
4.815178702000139,1800.0,0.029296875,1.197265625,-0.08203125
4.820175837000079,1800.0,0.029296875,1.197265625,-0.08203125
4.825145695000174,1800.0,0.029296875,1.197265625,-0.08203125
4.830169423999905,1800.0,0.029296875,1.197265625,-0.08203125
4.835151041000245,1800.0,0.029296875,1.197265625,-0.08203125
4.840148453999973,1800.0,0.029296875,1.197265625,-0.08203125
4.845145701000092,1800.0,0.037109375,1.033203125,-0.060546875
4.850146725999821,1800.0,0.037109375,1.033203125,-0.060546875
4.855152657999952,1800.0,0.037109375,1.033203125,-0.060546875
4.860197256999982,1800.0,0.037109375,1.033203125,-0.060546875
4.865152076999948,1800.0,0.037109375,1.033203125,-0.060546875
4.8701496950002365,1800.0,0.037109375,1.033203125,-0.060546875
4.8751472560002185,1800.0,0.037109375,1.033203125,-0.060546875
4.880155188000117,1800.0,0.037109375,1.033203125,-0.060546875
4.885147491000225,1800.0,0.037109375,1.033203125,-0.060546875
4.890144404000239,1800.0,0.037109375,1.033203125,-0.060546875
4.89514548499983,1800.0,-0.009765625,0.939453125,-0.001953125
4.90015071300013,1800.0,-0.009765625,0.939453125,-0.001953125
4.905145737000112,1800.0,-0.009765625,0.939453125,-0.001953125
4.9101850960000775,1800.0,-0.009765625,0.939453125,-0.001953125
4.915178268000091,1800.0,-0.009765625,0.939453125,-0.001953125
4.920179700000062,1800.0,-0.009765625,0.939453125,-0.001953125
4.925181743999929,1800.0,-0.009765625,0.939453125,-0.001953125
4.9302406940000765,1800.0,-0.009765625,0.939453125,-0.001953125
4.935188015000222,1800.0,-0.009765625,0.939453125,-0.001953125
4.940180835999854,1800.0,-0.009765625,0.939453125,-0.001953125
4.9451798049999525,1800.0,0.005859375,0.939453125,-0.021484375
4.950188052000158,1800.0,0.005859375,0.939453125,-0.021484375
4.955180632000065,1800.0,0.005859375,0.939453125,-0.021484375
4.960179268000047,1800.0,0.005859375,0.939453125,-0.021484375
4.965180033000252,1800.0,0.005859375,0.939453125,-0.021484375
4.970178224999927,1800.0,0.005859375,0.939453125,-0.021484375
4.975178601000152,1800.0,0.005859375,0.939453125,-0.021484375
4.9801774779998595,1800.0,0.005859375,0.939453125,-0.021484375
4.985383632999856,1800.0,0.005859375,0.939453125,-0.021484375
4.990376176000154,1800.0,0.005859375,0.939453125,-0.021484375
4.995378089000042,1800.0,0.01171875,0.955078125,-0.0234375
5.000352540000222,1800.0,0.01171875,0.955078125,-0.0234375
5.005388602000039,1800.0,0.01171875,0.955078125,-0.0234375
5.010195014000146,1800.0,0.01171875,0.955078125,-0.0234375
5.015156093999849,1800.0,0.01171875,0.955078125,-0.0234375
5.020153859999937,1800.0,0.01171875,0.955078125,-0.0234375
5.0251840509999965,1800.0,0.01171875,0.955078125,-0.0234375
5.030250521000198,1800.0,0.01171875,0.955078125,-0.0234375
5.035184452000067,1800.0,0.01171875,0.955078125,-0.0234375
5.040260255000248,1800.0,0.01171875,0.955078125,-0.0234375
5.045159723999859,1800.0,-0.00390625,0.98828125,-0.009765625
5.050156230000084,1800.0,-0.00390625,0.98828125,-0.009765625
5.055146958000023,1800.0,-0.00390625,0.98828125,-0.009765625
5.0602144829999816,1800.0,-0.00390625,0.98828125,-0.009765625
5.065154544000052,1800.0,-0.00390625,0.98828125,-0.009765625
5.070148532000076,1800.0,-0.00390625,0.98828125,-0.009765625
5.075144093999825,1800.0,-0.00390625,0.98828125,-0.009765625
5.080143785000018,1800.0,-0.00390625,0.98828125,-0.009765625
5.085147773000244,1800.0,-0.00390625,0.98828125,-0.009765625
5.090145667999877,1800.0,-0.00390625,0.98828125,-0.009765625
5.09514576599986,1800.0,-0.0234375,1.001953125,0.0
5.100158716999886,1800.0,-0.0234375,1.001953125,0.0
5.105147445000057,1800.0,-0.0234375,1.001953125,0.0
5.110147136000251,1800.0,-0.0234375,1.001953125,0.0
5.115171532000204,1800.0,-0.0234375,1.001953125,0.0
5.1201527230000465,1800.0,-0.0234375,1.001953125,0.0
5.125152636000166,1800.0,-0.0234375,1.001953125,0.0
5.130145254000126,1800.0,-0.0234375,1.001953125,0.0
5.135147297000003,1800.0,-0.0234375,1.001953125,0.0
5.140146765999816,1800.0,-0.0234375,1.001953125,0.0
5.145146753000063,1800.0,-0.0078125,0.9765625,-0.0078125
5.150145833999886,1800.0,-0.0078125,0.9765625,-0.0078125
5.155144025000027,1800.0,-0.0078125,0.9765625,-0.0078125
5.1601458270001785,1800.0,-0.0078125,0.9765625,-0.0078125
5.165146258999812,1800.0,-0.0078125,0.9765625,-0.0078125
5.1701517649999005,1800.0,-0.0078125,0.9765625,-0.0078125
5.175145049000093,1800.0,-0.0078125,0.9765625,-0.0078125
5.180146629999854,1800.0,-0.0078125,0.9765625,-0.0078125
5.18517339500022,1800.0,-0.0078125,0.9765625,-0.0078125
5.190144808000241,1800.0,-0.0078125,0.9765625,-0.0078125
5.195144814999821,1800.0,0.041015625,0.76171875,-0.03515625
5.200148358000206,1800.0,0.041015625,0.76171875,-0.03515625
5.205273863999992,1800.0,0.041015625,0.76171875,-0.03515625
5.210166980999929,1800.0,0.041015625,0.76171875,-0.03515625
5.215147413000068,1800.0,0.041015625,0.76171875,-0.03515625
5.220171679000032,1800.0,0.041015625,0.76171875,-0.03515625
5.225151535999885,1800.0,0.041015625,0.76171875,-0.03515625
5.230146357000194,1800.0,0.041015625,0.76171875,-0.03515625
5.235147511999912,1800.0,0.041015625,0.76171875,-0.03515625
5.2401519619998,1800.0,0.041015625,0.76171875,-0.03515625
5.245149560999835,1800.0,-0.009765625,0.62109375,-0.017578125
5.250151215000187,1800.0,-0.009765625,0.62109375,-0.017578125
5.255145924999852,1800.0,-0.009765625,0.62109375,-0.017578125
5.260198338999999,1800.0,-0.009765625,0.62109375,-0.017578125
5.265196789000129,1800.0,-0.009765625,0.62109375,-0.017578125
5.270160016999853,1800.0,-0.009765625,0.62109375,-0.017578125
5.2751470789999075,1800.0,-0.009765625,0.62109375,-0.017578125
5.28014825199989,1800.0,-0.009765625,0.62109375,-0.017578125
5.285146072999851,1800.0,-0.009765625,0.62109375,-0.017578125
5.2901476719998755,1800.0,-0.009765625,0.62109375,-0.017578125
5.295147196000016,1800.0,0.013671875,0.478515625,0.013671875
5.300153275999946,1800.0,0.013671875,0.478515625,0.013671875
5.305146005000097,1800.0,0.013671875,0.478515625,0.013671875
5.310173936999945,1800.0,0.013671875,0.478515625,0.013671875
5.315148275999945,1800.0,0.013671875,0.478515625,0.013671875
5.320145467000202,1800.0,0.013671875,0.478515625,0.013671875
5.325146454999867,1800.0,0.013671875,0.478515625,0.013671875
5.330145239000103,1800.0,0.013671875,0.478515625,0.013671875
5.335145614999874,1800.0,0.013671875,0.478515625,0.013671875
5.340147250999962,1800.0,0.013671875,0.478515625,0.013671875
5.345145201999912,1800.0,-0.044921875,0.47265625,0.03515625
5.350149115000022,1800.0,-0.044921875,0.47265625,0.03515625
5.355145807000099,1800.0,-0.044921875,0.47265625,0.03515625
5.360146979000092,1800.0,-0.044921875,0.47265625,0.03515625
5.365146614999958,1800.0,-0.044921875,0.47265625,0.03515625
5.3701445840001725,1800.0,-0.044921875,0.47265625,0.03515625
5.375144257000102,1800.0,-0.044921875,0.47265625,0.03515625
5.380144670999925,1800.0,-0.044921875,0.47265625,0.03515625
5.385151565999877,1800.0,-0.044921875,0.47265625,0.03515625
5.390144997999869,1800.0,-0.044921875,0.47265625,0.03515625
5.395175245000246,1800.0,-0.013671875,0.048828125,0.029296875
5.40015591700012,1800.0,-0.013671875,0.048828125,0.029296875
5.405149922999954,1800.0,-0.013671875,0.048828125,0.029296875
5.4101465960002315,1800.0,-0.013671875,0.048828125,0.029296875
5.415149287000077,1800.0,-0.013671875,0.048828125,0.029296875
5.420145478999984,1800.0,-0.013671875,0.048828125,0.029296875
5.425145410999903,1800.0,-0.013671875,0.048828125,0.029296875
5.430317676999948,1800.0,-0.013671875,0.048828125,0.029296875
5.435280850000254,1800.0,-0.013671875,0.048828125,0.029296875
5.4402832820001095,1800.0,-0.013671875,0.048828125,0.029296875
5.445260102000248,1800.0,-0.021484375,-0.224609375,-0.013671875
5.450162775000081,1800.0,-0.021484375,-0.224609375,-0.013671875
5.45514646599986,1800.0,-0.021484375,-0.224609375,-0.013671875
5.460277916999985,1800.0,-0.021484375,-0.224609375,-0.013671875
5.46519834899982,1800.0,-0.021484375,-0.224609375,-0.013671875
5.470151557999998,1800.0,-0.021484375,-0.224609375,-0.013671875
5.475165620000098,1800.0,-0.021484375,-0.224609375,-0.013671875
5.480185886000072,1800.0,-0.021484375,-0.224609375,-0.013671875
5.4851562250000825,1800.0,-0.021484375,-0.224609375,-0.013671875
5.490147397999863,1800.0,-0.021484375,-0.224609375,-0.013671875
5.495171756000218,1800.0,0.046875,-0.17578125,-0.009765625
5.50016144700021,1800.0,0.046875,-0.17578125,-0.009765625
5.505162989999917,1800.0,0.046875,-0.17578125,-0.009765625
5.5101705520000905,1800.0,0.046875,-0.17578125,-0.009765625
5.515162206000241,1800.0,0.046875,-0.17578125,-0.009765625
5.520162600999811,1800.0,0.046875,-0.17578125,-0.009765625
5.525170940999942,1800.0,0.046875,-0.17578125,-0.009765625
5.530187724999905,1800.0,0.046875,-0.17578125,-0.009765625
5.5352110459998585,1800.0,0.046875,-0.17578125,-0.009765625
5.540184217999922,1800.0,0.046875,-0.17578125,-0.009765625
5.545161465000092,1800.0,-0.029296875,-0.083984375,0.013671875
5.550162433999958,1800.0,-0.029296875,-0.083984375,0.013671875
5.555161218000194,1800.0,-0.029296875,-0.083984375,0.013671875
5.5601624649998485,1800.0,-0.029296875,-0.083984375,0.013671875
5.56516015599982,1800.0,-0.029296875,-0.083984375,0.013671875
5.570158735999939,1800.0,-0.029296875,-0.083984375,0.013671875
5.575157224000122,1800.0,-0.029296875,-0.083984375,0.013671875
5.580162563000158,1800.0,-0.029296875,-0.083984375,0.013671875
5.5851620329999605,1800.0,-0.029296875,-0.083984375,0.013671875
5.590161335000175,1800.0,-0.029296875,-0.083984375,0.013671875
5.595159026000147,1800.0,0.0078125,-0.017578125,0.009765625
5.600163957999939,1800.0,0.0078125,-0.017578125,0.009765625
5.605161389999921,1800.0,0.0078125,-0.017578125,0.009765625
5.610148008000124,1800.0,0.0078125,-0.017578125,0.009765625
5.615143754000201,1800.0,0.0078125,-0.017578125,0.009765625
5.62014438999995,1800.0,0.0078125,-0.017578125,0.009765625
5.625158210999871,1800.0,0.0078125,-0.017578125,0.009765625
5.630141920999904,1800.0,0.0078125,-0.017578125,0.009765625
5.635169205000238,1800.0,0.0078125,-0.017578125,0.009765625
5.640146506999827,1800.0,0.0078125,-0.017578125,0.009765625
5.6451412360002,1800.0,0.025390625,0.064453125,-0.009765625
5.650145833999886,1800.0,0.025390625,0.064453125,-0.009765625
5.655143840000164,1800.0,0.025390625,0.064453125,-0.009765625
5.660149439000179,1800.0,0.025390625,0.064453125,-0.009765625
5.665173316000164,1800.0,0.025390625,0.064453125,-0.009765625
5.670149691999995,1800.0,0.025390625,0.064453125,-0.009765625
5.6751465319998715,1800.0,0.025390625,0.064453125,-0.009765625
5.680145333999917,1800.0,0.025390625,0.064453125,-0.009765625
5.6851422660001845,1800.0,0.025390625,0.064453125,-0.009765625
5.690139994000219,1800.0,0.025390625,0.064453125,-0.009765625
5.695142444999874,1800.0,-0.041015625,0.111328125,-0.01171875
5.7001821550002205,1800.0,-0.041015625,0.111328125,-0.01171875
5.705147216000114,1800.0,-0.041015625,0.111328125,-0.01171875
5.710144945000138,1800.0,-0.041015625,0.111328125,-0.01171875
5.715144413999951,1800.0,-0.041015625,0.111328125,-0.01171875
5.720148641999913,1800.0,-0.041015625,0.111328125,-0.01171875
5.725149111000064,1800.0,-0.041015625,0.111328125,-0.01171875
5.730141394999919,1800.0,-0.041015625,0.111328125,-0.01171875
5.73514162399988,1800.0,-0.041015625,0.111328125,-0.01171875
5.740142426000148,1800.0,-0.041015625,0.111328125,-0.01171875
5.74515172800011,1800.0,0.05078125,0.185546875,0.001953125
5.750143882999964,1800.0,0.05078125,0.185546875,0.001953125
5.755141648000063,1800.0,0.05078125,0.185546875,0.001953125
5.7601463020000665,1800.0,0.05078125,0.185546875,0.001953125
5.765142531000038,1800.0,0.05078125,0.185546875,0.001953125
5.770142721999946,1800.0,0.05078125,0.185546875,0.001953125
5.775141283999801,1800.0,0.05078125,0.185546875,0.001953125
5.7801437709999846,1800.0,0.05078125,0.185546875,0.001953125
5.785141870000189,1800.0,0.05078125,0.185546875,0.001953125
5.790141523999864,1800.0,0.05078125,0.185546875,0.001953125
5.795141437999973,1800.0,-0.0390625,0.033203125,0.00390625
5.8001670919998105,1800.0,-0.0390625,0.033203125,0.00390625
5.805144802000086,1800.0,-0.0390625,0.033203125,0.00390625
5.8101415860001,1800.0,-0.0390625,0.033203125,0.00390625
5.815140555000198,1800.0,-0.0390625,0.033203125,0.00390625
5.82014707999997,1800.0,-0.0390625,0.033203125,0.00390625
5.825143067000226,1800.0,-0.0390625,0.033203125,0.00390625
5.830140609999944,1800.0,-0.0390625,0.033203125,0.00390625
5.835140005000085,1800.0,-0.0390625,0.033203125,0.00390625
5.840141659999972,1800.0,-0.0390625,0.033203125,0.00390625
5.8451422580001235,1800.0,0.005859375,-0.130859375,0.001953125
5.850142467999831,1800.0,0.005859375,-0.130859375,0.001953125
5.8551840119998815,1800.0,0.005859375,-0.130859375,0.001953125
5.860148740000113,1800.0,0.005859375,-0.130859375,0.001953125
5.865181598000163,1800.0,0.005859375,-0.130859375,0.001953125
5.8701463630000035,1800.0,0.005859375,-0.130859375,0.001953125
5.875143664999996,1800.0,0.005859375,-0.130859375,0.001953125
5.8801463569998305,1800.0,0.005859375,-0.130859375,0.001953125
5.885143047999918,1800.0,0.005859375,-0.130859375,0.001953125
5.890142924999964,1800.0,0.005859375,-0.130859375,0.001953125
5.895143357000052,1800.0,0.03125,-0.046875,0.00390625
5.90015045500013,1800.0,0.03125,-0.046875,0.00390625
5.905143479999879,1800.0,0.03125,-0.046875,0.00390625
5.910141337999903,1800.0,0.03125,-0.046875,0.00390625
5.915143270000044,1800.0,0.03125,-0.046875,0.00390625
5.920146738999847,1800.0,0.03125,-0.046875,0.00390625
5.925140153000029,1800.0,0.03125,-0.046875,0.00390625
5.930139937000149,1800.0,0.03125,-0.046875,0.00390625
5.9351410170002055,1800.0,0.03125,-0.046875,0.00390625
5.940146356000241,1800.0,0.03125,-0.046875,0.00390625
5.945141344000149,1800.0,-0.048828125,0.015625,-0.00390625
5.950144146000184,1800.0,-0.048828125,0.015625,-0.00390625
5.9551457080001455,1800.0,-0.048828125,0.015625,-0.00390625
5.9601432879999265,1800.0,-0.048828125,0.015625,-0.00390625
5.965140609000173,1800.0,-0.048828125,0.015625,-0.00390625
5.970140745000208,1800.0,-0.048828125,0.015625,-0.00390625
5.975141509999958,1800.0,-0.048828125,0.015625,-0.00390625
5.980142126999908,1800.0,-0.048828125,0.015625,-0.00390625
5.985151486000177,1800.0,-0.048828125,0.015625,-0.00390625
5.99014043599982,1800.0,-0.048828125,0.015625,-0.00390625
5.995139294000182,1800.0,0.05859375,0.080078125,-0.009765625
6.000150503999976,1800.0,0.05859375,0.080078125,-0.009765625
6.005140509999819,1800.0,0.05859375,0.080078125,-0.009765625
6.010143294000045,1800.0,0.05859375,0.080078125,-0.009765625
6.015140132999932,1800.0,0.05859375,0.080078125,-0.009765625
6.02014456500001,1800.0,0.05859375,0.080078125,-0.009765625
6.025188700999934,1800.0,0.05859375,0.080078125,-0.009765625
6.03017270700002,1800.0,0.05859375,0.080078125,-0.009765625
6.035146712999904,1800.0,0.05859375,0.080078125,-0.009765625
6.040232924000065,1800.0,0.05859375,0.080078125,-0.009765625
6.045234021999931,1800.0,-0.021484375,0.037109375,0.001953125
6.050157824000053,1800.0,-0.021484375,0.037109375,0.001953125
6.055145330999949,1800.0,-0.021484375,0.037109375,0.001953125
6.060149039999942,1800.0,-0.021484375,0.037109375,0.001953125
6.065197676000025,1800.0,-0.021484375,0.037109375,0.001953125
6.070153144999949,1800.0,-0.021484375,0.037109375,0.001953125
6.075146170000153,1800.0,-0.021484375,0.037109375,0.001953125
6.080143861000124,1800.0,-0.021484375,0.037109375,0.001953125
6.085169923000194,1800.0,-0.021484375,0.037109375,0.001953125
6.090143687999898,1800.0,-0.021484375,0.037109375,0.001953125
6.095144009000251,1800.0,-0.021484375,-0.060546875,0.005859375
6.100148978000107,1800.0,-0.021484375,-0.060546875,0.005859375
6.105143688000226,1800.0,-0.021484375,-0.060546875,0.005859375
6.1101471570000285,1800.0,-0.021484375,-0.060546875,0.005859375
6.115169182000045,1800.0,-0.021484375,-0.060546875,0.005859375
6.1201447990001725,1800.0,-0.021484375,-0.060546875,0.005859375
6.125143286999901,1800.0,-0.021484375,-0.060546875,0.005859375
6.130142995999904,1800.0,-0.021484375,-0.060546875,0.005859375
6.135144095000214,1800.0,-0.021484375,-0.060546875,0.005859375
6.140154009000071,1800.0,-0.021484375,-0.060546875,0.005859375
6.145144385000094,1800.0,0.037109375,-0.01171875,0.005859375
6.150145262000024,1800.0,0.037109375,-0.01171875,0.005859375
6.155140545999984,1800.0,0.037109375,-0.01171875,0.005859375
6.160143532999882,1800.0,0.037109375,-0.01171875,0.005859375
6.165141390999906,1800.0,0.037109375,-0.01171875,0.005859375
6.170162989999881,1800.0,0.037109375,-0.01171875,0.005859375
6.175146755000242,1800.0,0.037109375,-0.01171875,0.005859375
6.180144946999917,1800.0,0.037109375,-0.01171875,0.005859375
6.185142507999899,1800.0,0.037109375,-0.01171875,0.005859375
6.190140884999892,1800.0,0.037109375,-0.01171875,0.005859375
6.195143872000244,1800.0,-0.046875,0.033203125,-0.001953125
6.200146970999867,1800.0,-0.046875,0.033203125,-0.001953125
6.205179236999811,1800.0,-0.046875,0.033203125,-0.001953125
6.2101452060001066,1800.0,-0.046875,0.033203125,-0.001953125
6.215142582000226,1800.0,-0.046875,0.033203125,-0.001953125
6.220143885000198,1800.0,-0.046875,0.033203125,-0.001953125
6.225143112999831,1800.0,-0.046875,0.033203125,-0.001953125
6.23014086000012,1800.0,-0.046875,0.033203125,-0.001953125
6.235142644000007,1800.0,-0.046875,0.033203125,-0.001953125
6.240143945999989,1800.0,-0.046875,0.033203125,-0.001953125
6.245141415000035,1800.0,0.05078125,0.03515625,-0.01171875
6.250143144000049,1800.0,0.05078125,0.03515625,-0.01171875
6.255143038999904,1800.0,0.05078125,0.03515625,-0.01171875
6.260142952000024,1798.0,0.05078125,0.03515625,-0.01171875
6.2651697730002525,1796.0,0.05078125,0.03515625,-0.01171875
6.2701452790001895,1794.0,0.05078125,0.03515625,-0.01171875
6.275141248000182,1792.0,0.05078125,0.03515625,-0.01171875
6.28018916200017,1790.0,0.05078125,0.03515625,-0.01171875
6.285150148999946,1788.0,0.05078125,0.03515625,-0.01171875
6.290141858999959,1786.0,0.05078125,0.03515625,-0.01171875
6.295140753999931,1784.0,0.001953125,-0.02734375,0.0
6.300154760000169,1782.0,0.001953125,-0.02734375,0.0
6.305145581000033,1780.0,0.001953125,-0.02734375,0.0
6.31016251300025,1778.0,0.001953125,-0.02734375,0.0
6.315145890000167,1776.0,0.001953125,-0.02734375,0.0
6.320142637000117,1774.0,0.001953125,-0.02734375,0.0
6.325155198000175,1772.0,0.001953125,-0.02734375,0.0
6.3301419819999865,1770.0,0.001953125,-0.02734375,0.0
6.335142322000138,1768.0,0.001953125,-0.02734375,0.0
6.340141550000226,1766.0,0.001953125,-0.02734375,0.0
6.345140834000176,1764.0,-0.03125,-0.015625,0.005859375
6.350149043999863,1762.0,-0.03125,-0.015625,0.005859375
6.355142624000109,1760.0,-0.03125,-0.015625,0.005859375
6.360142667000218,1758.0,-0.03125,-0.015625,0.005859375
6.365141988000232,1756.0,-0.03125,-0.015625,0.005859375
6.370141808999961,1754.0,-0.03125,-0.015625,0.005859375
6.375141889000133,1752.0,-0.03125,-0.015625,0.005859375
6.380142728999999,1750.0,-0.03125,-0.015625,0.005859375
6.385141994000151,1748.0,-0.03125,-0.015625,0.005859375
6.39014166700008,1746.0,-0.03125,-0.015625,0.005859375
6.39514000600002,1744.0,0.05078125,0.0,-0.0078125
6.400164012999994,1742.0,0.05078125,0.0,-0.0078125
6.405142110999805,1740.0,0.05078125,0.0,-0.0078125
6.410143765000157,1738.0,0.05078125,0.0,-0.0078125
6.415142030999959,1736.0,0.05078125,0.0,-0.0078125
6.42014105599992,1734.0,0.05078125,0.0,-0.0078125
6.425141116999839,1732.0,0.05078125,0.0,-0.0078125
6.430324661000213,1730.0,0.05078125,0.0,-0.0078125
6.435275759999968,1728.0,0.05078125,0.0,-0.0078125
6.440250932000254,1726.0,0.05078125,0.0,-0.0078125
6.445264253000005,1724.0,-0.03125,0.0,-0.013671875
6.450194037000074,1722.0,-0.03125,0.0,-0.013671875
6.455162579999978,1720.0,-0.03125,0.0,-0.013671875
6.460442401999899,1718.0,-0.03125,0.0,-0.013671875
6.465222036999876,1716.0,-0.03125,0.0,-0.013671875
6.470155560999956,1714.0,-0.03125,0.0,-0.013671875
6.4751470669998525,1712.0,-0.03125,0.0,-0.013671875
6.480179222000061,1710.0,-0.03125,0.0,-0.013671875
6.485152820000167,1708.0,-0.03125,0.0,-0.013671875
6.490144882000095,1706.0,-0.03125,0.0,-0.013671875
6.495145387999855,1704.0,0.0078125,-0.013671875,0.001953125
6.500155671999892,1702.0,0.0078125,-0.013671875,0.001953125
6.505230901000232,1700.0,0.0078125,-0.013671875,0.001953125
6.51017707300025,1698.0,0.0078125,-0.013671875,0.001953125
6.515168727999935,1696.0,0.0078125,-0.013671875,0.001953125
6.520170919000066,1694.0,0.0078125,-0.013671875,0.001953125
6.525168146999931,1692.0,0.0078125,-0.013671875,0.001953125
6.530187265000222,1690.0,0.0078125,-0.013671875,0.001953125
6.535160548000022,1688.0,0.0078125,-0.013671875,0.001953125
6.540162277000036,1686.0,0.0078125,-0.013671875,0.001953125
6.545194726999853,1684.0,0.00390625,-0.013671875,0.0
6.550173548000203,1682.0,0.00390625,-0.013671875,0.0
6.555161091000173,1680.0,0.00390625,-0.013671875,0.0
6.560183209000115,1678.0,0.00390625,-0.013671875,0.0
6.565159567000137,1676.0,0.00390625,-0.013671875,0.0
6.570161627999823,1674.0,0.00390625,-0.013671875,0.0
6.57516426400025,1672.0,0.00390625,-0.013671875,0.0
6.580168511000011,1670.0,0.00390625,-0.013671875,0.0
6.585158720999971,1668.0,0.00390625,-0.013671875,0.0
6.590157874999932,1666.0,0.00390625,-0.013671875,0.0
6.595157826000104,1664.0,-0.02734375,-0.0078125,-0.00390625
6.60016849800013,1662.0,-0.02734375,-0.0078125,-0.00390625
6.605159022999942,1660.0,-0.02734375,-0.0078125,-0.00390625
6.610165565999978,1658.0,-0.02734375,-0.0078125,-0.00390625
6.615145368999947,1656.0,-0.02734375,-0.0078125,-0.00390625
6.620145930000035,1654.0,-0.02734375,-0.0078125,-0.00390625
6.625142602999858,1652.0,-0.02734375,-0.0078125,-0.00390625
6.630141202000232,1650.0,-0.02734375,-0.0078125,-0.00390625
6.635140800000045,1648.0,-0.02734375,-0.0078125,-0.00390625
6.64014336199989,1646.0,-0.02734375,-0.0078125,-0.00390625
6.645143961000031,1644.0,0.029296875,-0.017578125,-0.00390625
6.650144782000098,1642.0,0.029296875,-0.017578125,-0.00390625
6.655142880999847,1640.0,0.029296875,-0.017578125,-0.00390625
6.660141924000072,1638.0,0.029296875,-0.017578125,-0.00390625
6.665208077999978,1636.0,0.029296875,-0.017578125,-0.00390625
6.670171250999829,1634.0,0.029296875,-0.017578125,-0.00390625
6.6751476089998505,1632.0,0.029296875,-0.017578125,-0.00390625
6.680143095999938,1630.0,0.029296875,-0.017578125,-0.00390625
6.685145195000132,1628.0,0.029296875,-0.017578125,-0.00390625
6.690144923999924,1626.0,-0.013671875,-0.0234375,0.005859375
6.695147763000023,1624.0,-0.013671875,-0.0234375,0.005859375
6.700144417000047,1622.0,-0.013671875,-0.0234375,0.005859375
6.70514133100005,1620.0,-0.013671875,-0.0234375,0.005859375
6.710145095999906,1618.0,-0.013671875,-0.0234375,0.005859375
6.715143621000152,1616.0,-0.013671875,-0.0234375,0.005859375
6.720170072000201,1614.0,-0.013671875,-0.0234375,0.005859375
6.725142911000148,1612.0,-0.013671875,-0.0234375,0.005859375
6.7301403800001935,1610.0,-0.013671875,-0.0234375,0.005859375
6.735142331000134,1608.0,-0.013671875,-0.0234375,0.005859375
6.740145522000148,1606.0,-0.005859375,-0.03515625,0.001953125
6.745144454000183,1604.0,-0.005859375,-0.03515625,0.001953125
6.750142848999985,1602.0,-0.005859375,-0.03515625,0.001953125
6.755141892000211,1600.0,-0.005859375,-0.03515625,0.001953125
6.760144621000109,1598.0,-0.005859375,-0.03515625,0.001953125
6.765146701000049,1596.0,-0.005859375,-0.03515625,0.001953125
6.770142966000094,1594.0,-0.005859375,-0.03515625,0.001953125
6.775145323999823,1592.0,-0.005859375,-0.03515625,0.001953125
6.780144052000196,1590.0,-0.005859375,-0.03515625,0.001953125
6.785169355000107,1588.0,-0.005859375,-0.03515625,0.001953125
6.790145434999886,1586.0,0.03125,-0.048828125,-0.00390625
6.795148107999921,1584.0,0.03125,-0.048828125,-0.00390625
6.800145096000051,1582.0,0.03125,-0.048828125,-0.00390625
6.805142101999991,1580.0,0.03125,-0.048828125,-0.00390625
6.8101947559998735,1578.0,0.03125,-0.048828125,-0.00390625
6.815151910000168,1576.0,0.03125,-0.048828125,-0.00390625
6.820147805000033,1574.0,0.03125,-0.048828125,-0.00390625
6.825146329999825,1572.0,0.03125,-0.048828125,-0.00390625
6.830140705999838,1570.0,0.03125,-0.048828125,-0.00390625
6.835141749999821,1568.0,0.03125,-0.048828125,-0.00390625
6.840146589000142,1566.0,-0.02734375,-0.068359375,0.0
6.845150373000251,1564.0,-0.02734375,-0.068359375,0.0
6.85014376800018,1562.0,-0.02734375,-0.068359375,0.0
6.855139663000045,1560.0,-0.02734375,-0.068359375,0.0
6.86014635399988,1558.0,-0.02734375,-0.068359375,0.0
6.865191361000143,1556.0,-0.02734375,-0.068359375,0.0
6.870151219000036,1554.0,-0.02734375,-0.068359375,0.0
6.875145427999996,1552.0,-0.02734375,-0.068359375,0.0
6.880142934000105,1550.0,-0.02734375,-0.068359375,0.0
6.885146310999971,1548.0,-0.02734375,-0.068359375,0.0
6.8901460580000276,1546.0,0.0078125,-0.103515625,-0.001953125
6.895148342000084,1544.0,0.0078125,-0.103515625,-0.001953125
6.900145200000225,1542.0,0.0078125,-0.103515625,-0.001953125
6.905170612999882,1540.0,0.0078125,-0.103515625,-0.001953125
6.9101674899998216,1538.0,0.0078125,-0.103515625,-0.001953125
6.915145070000108,1536.0,0.0078125,-0.103515625,-0.001953125
6.920143669000026,1534.0,0.0078125,-0.103515625,-0.001953125
6.925141841999903,1532.0,0.0078125,-0.103515625,-0.001953125
6.93014373699998,1530.0,0.0078125,-0.103515625,-0.001953125
6.935141168999962,1528.0,0.0078125,-0.103515625,-0.001953125
6.940141712000241,1526.0,0.015625,-0.072265625,0.0
6.945146698999906,1524.0,0.015625,-0.072265625,0.0
6.9501407239999935,1522.0,0.015625,-0.072265625,0.0
6.955144064000251,1520.0,0.015625,-0.072265625,0.0
6.9601400880001165,1518.0,0.015625,-0.072265625,0.0
6.965138741999908,1516.0,0.015625,-0.072265625,0.0
6.970163619000232,1514.0,0.015625,-0.072265625,0.0
6.975139995000063,1512.0,0.015625,-0.072265625,0.0
6.980142334999982,1510.0,0.015625,-0.072265625,0.0
6.985140322999996,1508.0,0.015625,-0.072265625,0.0
6.990140605999841,1506.0,-0.01953125,-0.140625,-0.0078125
6.995143594000183,1504.0,-0.01953125,-0.140625,-0.0078125
7.000144434000049,1502.0,-0.01953125,-0.140625,-0.0078125
7.005141736000041,1500.0,-0.01953125,-0.140625,-0.0078125
7.010139260999949,1500,-0.01953125,-0.140625,-0.0078125
7.015141008000228,1500,-0.01953125,-0.140625,-0.0078125
7.020139310000104,1500,-0.01953125,-0.140625,-0.0078125
7.025156574999983,1500,-0.01953125,-0.140625,-0.0078125
7.030176656000094,1500,-0.01953125,-0.140625,-0.0078125
7.035149383999851,1500,-0.01953125,-0.140625,-0.0078125
7.040143889999854,1500,0.03515625,-0.166015625,-0.00390625
7.045257840999966,1500,0.03515625,-0.166015625,-0.00390625
7.050154142999872,1500,0.03515625,-0.166015625,-0.00390625
7.055148130999896,1500,0.03515625,-0.166015625,-0.00390625
7.060145711000132,1500,0.03515625,-0.166015625,-0.00390625
7.065178699000171,1500,0.03515625,-0.166015625,-0.00390625
7.070146205000128,1500,0.03515625,-0.166015625,-0.00390625
7.075145636999878,1500,0.03515625,-0.166015625,-0.00390625
7.080147531999955,1500,0.03515625,-0.166015625,-0.00390625
7.085145038000064,1500,0.03515625,-0.166015625,-0.00390625
7.090143414000067,1500,-0.0234375,-0.193359375,0.01171875
7.095146865000061,1500,-0.0234375,-0.193359375,0.01171875
7.1001480750001065,1500,-0.0234375,-0.193359375,0.01171875
7.105145248000099,1500,-0.0234375,-0.193359375,0.01171875
7.1101424570001655,1500,-0.0234375,-0.193359375,0.01171875
7.115155371000128,1500,-0.0234375,-0.193359375,0.01171875
7.120154506999825,1500,-0.0234375,-0.193359375,0.01171875
7.125145864999922,1500,-0.0234375,-0.193359375,0.01171875
7.13014135200001,1500,-0.0234375,-0.193359375,0.01171875
7.135141450999981,1500,-0.0234375,-0.193359375,0.01171875
7.140150882999933,1500,-0.01171875,-0.220703125,0.013671875
7.145167204000245,1500,-0.01171875,-0.220703125,0.013671875
7.150144543999886,1500,-0.01171875,-0.220703125,0.013671875
7.155141864000143,1500,-0.01171875,-0.220703125,0.013671875
7.160141445000136,1500,-0.01171875,-0.220703125,0.013671875
7.165141617000245,1500,-0.01171875,-0.220703125,0.013671875
7.17016429000023,1500,-0.01171875,-0.220703125,0.013671875
7.1751449819998925,1500,-0.01171875,-0.220703125,0.013671875
7.180141376999927,1500,-0.01171875,-0.220703125,0.013671875
7.185141900999952,1500,-0.01171875,-0.220703125,0.013671875
7.1901401109998915,1500,0.01953125,-0.240234375,0.0
7.195144116999927,1500,0.01953125,-0.240234375,0.0
7.200142196999877,1500,0.01953125,-0.240234375,0.0
7.205141204000029,1500,0.01953125,-0.240234375,0.0
7.210140302000127,1500,0.01953125,-0.240234375,0.0
7.215141086000131,1500,0.01953125,-0.240234375,0.0
7.22014074100025,1500,0.01953125,-0.240234375,0.0
7.225165191000087,1500,0.01953125,-0.240234375,0.0
7.2302020309998625,1500,0.01953125,-0.240234375,0.0
7.235165610999957,1500,0.01953125,-0.240234375,0.0
7.240154376000191,1500,-0.00390625,-0.255859375,-0.009765625
7.245155290000184,1500,-0.00390625,-0.255859375,-0.009765625
7.250145555000017,1500,-0.00390625,-0.255859375,-0.009765625
7.2551438020000205,1500,-0.00390625,-0.255859375,-0.009765625
7.260145567000109,1500,-0.00390625,-0.255859375,-0.009765625
7.265188500000022,1500,-0.00390625,-0.255859375,-0.009765625
7.270148449999851,1500,-0.00390625,-0.255859375,-0.009765625
7.275167049000174,1500,-0.00390625,-0.255859375,-0.009765625
7.280147054999816,1500,-0.00390625,-0.255859375,-0.009765625
7.285143413000242,1500,-0.00390625,-0.255859375,-0.009765625
7.290141177999885,1500,0.015625,-0.2734375,0.001953125
7.295165091999934,1500,0.015625,-0.2734375,0.001953125
7.300149265000073,1500,0.015625,-0.2734375,0.001953125
7.305145085999811,1500,0.015625,-0.2734375,0.001953125
7.310139944000184,1500,0.015625,-0.2734375,0.001953125
7.3151670050001485,1500,0.015625,-0.2734375,0.001953125
7.320162623000215,1500,0.015625,-0.2734375,0.001953125
7.3251630730001125,1500,0.015625,-0.2734375,0.001953125
7.330159319999893,1500,0.015625,-0.2734375,0.001953125
7.33515639999996,1500,0.015625,-0.2734375,0.001953125
7.340162240000154,1500,-0.00390625,-0.2890625,0.009765625
7.345164597999883,1500,-0.00390625,-0.2890625,0.009765625
7.350159604000055,1500,-0.00390625,-0.2890625,0.009765625
7.355157905999931,1500,-0.00390625,-0.2890625,0.009765625
7.360156042000199,1500,-0.00390625,-0.2890625,0.009765625
7.365160251999896,1500,-0.00390625,-0.2890625,0.009765625
7.370158146999984,1500,-0.00390625,-0.2890625,0.009765625
7.375158449000082,1500,-0.00390625,-0.2890625,0.009765625
7.380159622000065,1500,-0.00390625,-0.2890625,0.009765625
7.385196924999946,1500,-0.00390625,-0.2890625,0.009765625
7.3901660229998924,1500,-0.009765625,-0.302734375,0.0
7.395162806999906,1500,-0.009765625,-0.302734375,0.0
7.400199794999935,1500,-0.009765625,-0.302734375,0.0
7.40516602300022,1500,-0.009765625,-0.302734375,0.0
7.410160436999831,1500,-0.009765625,-0.302734375,0.0
7.4151474430000235,1500,-0.009765625,-0.302734375,0.0
7.4201430789998994,1500,-0.009765625,-0.302734375,0.0
7.425142937000146,1500,-0.009765625,-0.302734375,0.0
7.430340536000131,1500,-0.009765625,-0.302734375,0.0
7.435276189999968,1500,-0.009765625,-0.302734375,0.0
7.440255752000212,1500,0.025390625,-0.322265625,-0.0078125
7.445255368999824,1500,0.025390625,-0.322265625,-0.0078125
7.450150727000164,1500,0.025390625,-0.322265625,-0.0078125
7.455166733000169,1500,0.025390625,-0.322265625,-0.0078125
7.460190757999953,1500,0.025390625,-0.322265625,-0.0078125
7.4652734310002415,1500,0.025390625,-0.322265625,-0.0078125
7.470156714000041,1500,0.025390625,-0.322265625,-0.0078125
7.475146016000053,1500,0.025390625,-0.322265625,-0.0078125
7.480195874999936,1500,0.025390625,-0.322265625,-0.0078125
7.485152566000124,1500,0.025390625,-0.322265625,-0.0078125
7.490144812999915,1500,-0.00390625,-0.341796875,0.0
7.495154745000036,1500,-0.00390625,-0.341796875,0.0
7.500147620999996,1500,-0.00390625,-0.341796875,0.0
7.505180905000088,1500,-0.00390625,-0.341796875,0.0
7.510147040999982,1500,-0.00390625,-0.341796875,0.0
7.515148213999964,1500,-0.00390625,-0.341796875,0.0
7.520164700999885,1500,-0.00390625,-0.341796875,0.0
7.525147744000151,1500,-0.00390625,-0.341796875,0.0
7.530189657999927,1500,-0.00390625,-0.341796875,0.0
7.535149275000094,1500,-0.00390625,-0.341796875,0.0
7.540213540999957,1500,0.001953125,-0.35546875,0.005859375
7.545162102000177,1500,0.001953125,-0.35546875,0.005859375
7.550146478999977,1500,0.001953125,-0.35546875,0.005859375
7.5551427440000225,1500,0.001953125,-0.35546875,0.005859375
7.560148065000249,1500,0.001953125,-0.35546875,0.005859375
7.565150331000041,1500,0.001953125,-0.35546875,0.005859375
7.570145726000192,1500,0.001953125,-0.35546875,0.005859375
7.575140750000173,1500,0.001953125,-0.35546875,0.005859375
7.580147775000114,1500,0.001953125,-0.35546875,0.005859375
7.585145058999842,1500,0.001953125,-0.35546875,0.005859375
7.590145323999877,1500,0.00390625,-0.37109375,0.005859375
7.595148923000124,1500,0.00390625,-0.37109375,0.005859375
7.600143299000138,1500,0.00390625,-0.37109375,0.005859375
7.605143824000152,1500,0.00390625,-0.37109375,0.005859375
7.610142996999912,1500,0.00390625,-0.37109375,0.005859375
7.615145318000032,1500,0.00390625,-0.37109375,0.005859375
7.620143842999823,1500,0.00390625,-0.37109375,0.005859375
7.625189940999917,1500,0.00390625,-0.37109375,0.005859375
7.630158169999959,1500,0.00390625,-0.37109375,0.005859375
7.63514823100013,1500,0.00390625,-0.37109375,0.005859375
7.640145700000176,1500,-0.005859375,-0.38671875,0.001953125
7.645149188000232,1500,-0.005859375,-0.38671875,0.001953125
7.6501674169999205,1500,-0.005859375,-0.38671875,0.001953125
7.655149608000102,1500,-0.005859375,-0.38671875,0.001953125
7.660148151000158,1500,-0.005859375,-0.38671875,0.001953125
7.665176008999879,1500,-0.005859375,-0.38671875,0.001953125
7.670168682000167,1500,-0.005859375,-0.38671875,0.001953125
7.675152095000158,1500,-0.005859375,-0.38671875,0.001953125
7.680149508999875,1500,-0.005859375,-0.38671875,0.001953125
7.6851452370001425,1500,-0.005859375,-0.38671875,0.001953125
7.690144132000114,1500,0.017578125,-0.40234375,-0.005859375
7.695147211999938,1500,0.017578125,-0.40234375,-0.005859375
7.700147589000153,1500,0.017578125,-0.40234375,-0.005859375
7.705143521000082,1500,0.017578125,-0.40234375,-0.005859375
7.710144472000138,1500,0.017578125,-0.40234375,-0.005859375
7.7151660330000595,1500,0.017578125,-0.40234375,-0.005859375
7.720163151000179,1500,0.017578125,-0.40234375,-0.005859375
7.725160434999907,1500,0.017578125,-0.40234375,-0.005859375
7.730155884999931,1500,0.017578125,-0.40234375,-0.005859375
7.735157964999871,1500,0.017578125,-0.40234375,-0.005859375
7.74018721199991,1500,0.00390625,-0.41796875,-0.00390625
7.745171904000017,1500,0.00390625,-0.41796875,-0.00390625
7.750159798999903,1500,0.00390625,-0.41796875,-0.00390625
7.755157546000191,1500,0.00390625,-0.41796875,-0.00390625
7.76015882899992,1500,0.00390625,-0.41796875,-0.00390625
7.7651713730001575,1500,0.00390625,-0.41796875,-0.00390625
7.770164212000054,1500,0.00390625,-0.41796875,-0.00390625
7.775157791999845,1500,0.00390625,-0.41796875,-0.00390625
7.780160095000156,1500,0.00390625,-0.41796875,-0.00390625
7.785157248999894,1500,0.00390625,-0.41796875,-0.00390625
7.7901532370001405,1500,-0.00390625,-0.4296875,0.001953125
7.795157705999827,1500,-0.00390625,-0.4296875,0.001953125
7.800161823000053,1500,-0.00390625,-0.4296875,0.001953125
7.805156254999929,1500,-0.00390625,-0.4296875,0.001953125
7.810154538999996,1500,-0.00390625,-0.4296875,0.001953125
7.815156434000073,1500,-0.00390625,-0.4296875,0.001953125
7.820154625000214,1500,-0.00390625,-0.4296875,0.001953125
7.825155372000154,1500,-0.00390625,-0.4296875,0.001953125
7.830154693000168,1500,-0.00390625,-0.4296875,0.001953125
7.835154161999981,1500,-0.00390625,-0.4296875,0.001953125
7.840153891000227,1500,0.013671875,-0.443359375,0.005859375
7.845157526000094,1500,0.013671875,-0.443359375,0.005859375
7.850154587999896,1500,0.013671875,-0.443359375,0.005859375
7.855153612999857,1500,0.013671875,-0.443359375,0.005859375
7.86015330400005,1500,0.013671875,-0.443359375,0.005859375
7.8651824590001524,1500,0.013671875,-0.443359375,0.005859375
7.870161779000227,1500,0.013671875,-0.443359375,0.005859375
7.875156099999913,1500,0.013671875,-0.443359375,0.005859375
7.880155069000011,1500,0.013671875,-0.443359375,0.005859375
7.885154741999941,1500,0.013671875,-0.443359375,0.005859375
7.890155471000071,1500,-0.00390625,-0.458984375,0.001953125
7.895160292000128,1500,-0.00390625,-0.458984375,0.001953125
7.900155852999887,1500,-0.00390625,-0.458984375,0.001953125
7.905155026000102,1500,-0.00390625,-0.458984375,0.001953125
7.910154162000254,1500,-0.00390625,-0.458984375,0.001953125
7.915147630999854,1500,-0.00390625,-0.458984375,0.001953125
7.92013989599991,1500,-0.00390625,-0.458984375,0.001953125
7.925140495000051,1500,-0.00390625,-0.458984375,0.001953125
7.930139686000075,1500,-0.00390625,-0.458984375,0.001953125
7.935139341000195,1500,-0.00390625,-0.458984375,0.001953125
7.940144125000188,1500,0.00390625,-0.470703125,-0.001953125
7.945145038000192,1500,0.00390625,-0.470703125,-0.001953125
7.950138100000004,1500,0.00390625,-0.470703125,-0.001953125
7.9551524759999666,1500,0.00390625,-0.470703125,-0.001953125
7.960144649000085,1500,0.00390625,-0.470703125,-0.001953125
7.965145563000078,1500,0.00390625,-0.470703125,-0.001953125
7.970140605999859,1500,0.00390625,-0.470703125,-0.001953125
7.975139908000074,1500,0.00390625,-0.470703125,-0.001953125
7.98013941499994,1500,0.00390625,-0.470703125,-0.001953125
7.985140586999933,1500,0.00390625,-0.470703125,-0.001953125
7.990161667999928,1500,0.013671875,-0.478515625,0.001953125
7.9951435070001935,1500,0.013671875,-0.478515625,0.001953125
8.000143623999975,1500,0.013671875,-0.478515625,0.001953125
8.005140203999872,1500,0.013671875,-0.478515625,0.001953125
8.01014037699997,1500,0.013671875,-0.478515625,0.001953125
8.015145958000176,1500,0.013671875,-0.478515625,0.001953125
8.020140018999882,1500,0.013671875,-0.478515625,0.001953125
8.025139043999843,1500,0.013671875,-0.478515625,0.001953125
8.030179864999809,1500,0.013671875,-0.478515625,0.001953125
8.035153333999915,1500,0.013671875,-0.478515625,0.001953125
8.040153359000215,1500,-0.001953125,-0.494140625,0.005859375
8.045248549999997,1500,-0.001953125,-0.494140625,0.005859375
8.050151186000221,1500,-0.001953125,-0.494140625,0.005859375
8.055142969999906,1500,-0.001953125,-0.494140625,0.005859375
8.06016388299986,1500,-0.001953125,-0.494140625,0.005859375
8.065179592999812,1500,-0.001953125,-0.494140625,0.005859375
8.070148618000076,1500,-0.001953125,-0.494140625,0.005859375
8.075142679000237,1500,-0.001953125,-0.494140625,0.005859375
8.08014587100024,1500,-0.001953125,-0.494140625,0.005859375
8.085142507,1500,-0.001953125,-0.494140625,0.005859375
8.090140252999845,1500,0.005859375,-0.50390625,0.00390625
8.095151777999945,1500,0.005859375,-0.50390625,0.00390625
8.100145247,1500,0.005859375,-0.50390625,0.00390625
8.105152752999857,1500,0.005859375,-0.50390625,0.00390625
8.110140778000186,1500,0.005859375,-0.50390625,0.00390625
8.11520117300006,1500,0.005859375,-0.50390625,0.00390625
8.120188123999924,1500,0.005859375,-0.50390625,0.00390625
8.125162851999903,1500,0.005859375,-0.50390625,0.00390625
8.130162747000213,1500,0.005859375,-0.50390625,0.00390625
8.135159604999899,1500,0.005859375,-0.50390625,0.00390625
8.14016903699985,1500,0.0,-0.509765625,0.001953125
8.145168524999917,1500,0.0,-0.509765625,0.001953125
8.150159937999888,1500,0.0,-0.509765625,0.001953125
8.155161259000124,1500,0.0,-0.509765625,0.001953125
8.160160488000201,1500,0.0,-0.509765625,0.001953125
8.165159438000046,1500,0.0,-0.509765625,0.001953125
8.170179499999904,1500,0.0,-0.509765625,0.001953125
8.175163099000201,1500,0.0,-0.509765625,0.001953125
8.18016303100012,1500,0.0,-0.509765625,0.001953125
8.185161980999965,1500,0.0,-0.509765625,0.001953125
8.190159173000211,1500,0.001953125,-0.517578125,0.0
8.195160086000215,1500,0.001953125,-0.517578125,0.0
8.200161000000207,1500,0.001953125,-0.517578125,0.0
8.205161209999915,1500,0.001953125,-0.517578125,0.0
8.210158215999854,1500,0.001953125,-0.517578125,0.0
8.215161518000059,1500,0.001953125,-0.517578125,0.0
8.220144098000219,1500,0.001953125,-0.517578125,0.0
8.225154937999832,1500,0.001953125,-0.517578125,0.0
8.230143277000025,1500,0.001953125,-0.517578125,0.0
8.235143560999859,1500,0.001953125,-0.517578125,0.0
8.240143104000254,1500,0.013671875,-0.5234375,-0.00390625
8.245149128999856,1500,0.013671875,-0.5234375,-0.00390625
8.25024911699984,1500,0.013671875,-0.5234375,-0.00390625
8.255185493000226,1500,0.013671875,-0.5234375,-0.00390625
8.260151684999983,1500,0.013671875,-0.5234375,-0.00390625
8.265197006000108,1500,0.013671875,-0.5234375,-0.00390625
8.27015241900017,1500,0.013671875,-0.5234375,-0.00390625
8.275147184000161,1500,0.013671875,-0.5234375,-0.00390625
8.280146190999858,1500,0.013671875,-0.5234375,-0.00390625
8.285187678000057,1500,0.013671875,-0.5234375,-0.00390625
8.290152961999866,1500,-0.0078125,-0.53125,0.001953125
8.295151191000059,1500,-0.0078125,-0.53125,0.001953125
8.300150160000157,1500,-0.0078125,-0.53125,0.001953125
8.30514588799997,1500,-0.0078125,-0.53125,0.001953125
8.310144264999963,1500,-0.0078125,-0.53125,0.001953125
8.315161104000254,1500,-0.0078125,-0.53125,0.001953125
8.320152165999843,1500,-0.0078125,-0.53125,0.001953125
8.325147486999867,1500,-0.0078125,-0.53125,0.001953125
8.330145234000156,1500,-0.0078125,-0.53125,0.001953125
8.335146055000223,1500,-0.0078125,-0.53125,0.001953125
8.340144875000078,1500,0.00390625,-0.537109375,0.0
8.345158455999808,1500,0.00390625,-0.537109375,0.0
8.350146757999937,1500,0.00390625,-0.537109375,0.0
8.355145764000099,1500,0.00390625,-0.537109375,0.0
8.360144733000197,1500,0.00390625,-0.537109375,0.0
8.365143053999873,1500,0.00390625,-0.537109375,0.0
8.370142726999802,1500,0.00390625,-0.537109375,0.0
8.375144140999964,1500,0.00390625,-0.537109375,0.0
8.380144109999947,1500,0.00390625,-0.537109375,0.0
8.385143096999855,1500,0.00390625,-0.537109375,0.0
8.39014251100025,1500,0.0078125,-0.548828125,0.0
8.395145868999862,1500,0.0078125,-0.548828125,0.0
8.400154060000204,1500,0.0078125,-0.548828125,0.0
8.405145011000059,1500,0.0078125,-0.548828125,0.0
8.4101430730002,1500,0.0078125,-0.548828125,0.0
8.415146559999812,1500,0.0078125,-0.548828125,0.0
8.420145102999868,1500,0.0078125,-0.548828125,0.0
8.425144998000178,1500,0.0078125,-0.548828125,0.0
8.430313191000096,1500,0.0078125,-0.548828125,0.0
8.435315492999962,1500,0.0078125,-0.548828125,0.0
8.440346721999958,1500,0.001953125,-0.55859375,0.001953125
8.445291987000019,1500,0.001953125,-0.55859375,0.001953125
8.450317455999993,1500,0.001953125,-0.55859375,0.001953125
8.455293536000227,1500,0.001953125,-0.55859375,0.001953125
8.460166374999972,1500,0.001953125,-0.55859375,0.001953125
8.465309325999897,1500,0.001953125,-0.55859375,0.001953125
8.470197035000183,1500,0.001953125,-0.55859375,0.001953125
8.475189763999879,1500,0.001953125,-0.55859375,0.001953125
8.480177196000113,1500,0.001953125,-0.55859375,0.001953125
8.485181332000138,1500,0.001953125,-0.55859375,0.001953125
8.49017452299995,1500,0.013671875,-0.564453125,0.0
8.495159381000121,1500,0.013671875,-0.564453125,0.0
8.500174572000105,1500,0.013671875,-0.564453125,0.0
8.50514674499982,1500,0.013671875,-0.564453125,0.0
8.510150232999877,1500,0.013671875,-0.564453125,0.0
8.515150387000176,1500,0.013671875,-0.564453125,0.0
8.520149874000253,1500,0.013671875,-0.564453125,0.0
8.525146103000225,1500,0.013671875,-0.564453125,0.0
8.530154553000102,1500,0.013671875,-0.564453125,0.0
8.535168930000054,1500,0.013671875,-0.564453125,0.0
8.540150713999992,1500,0.001953125,-0.564453125,0.001953125
8.5451483679999,1500,0.001953125,-0.564453125,0.001953125
8.55014922600003,1500,0.001953125,-0.564453125,0.001953125
8.555145250999885,1500,0.001953125,-0.564453125,0.001953125
8.560148608999953,1500,0.001953125,-0.564453125,0.001953125
8.565152058999956,1500,0.001953125,-0.564453125,0.001953125
8.570164177000152,1500,0.001953125,-0.564453125,0.001953125
8.57514690500011,1500,0.001953125,-0.564453125,0.001953125
8.580147041000146,1500,0.001953125,-0.564453125,0.001953125
8.585145640000064,1500,0.001953125,-0.564453125,0.001953125
8.590171645999817,1500,0.001953125,-0.564453125,0.001953125
8.595153725999808,1500,0.001953125,-0.564453125,0.001953125
8.600149325000075,1500,0.001953125,-0.564453125,0.001953125
8.605148997000015,1500,0.001953125,-0.564453125,0.001953125
8.610145855000155,1500,0.001953125,-0.564453125,0.001953125
8.615150547000212,1500,0.001953125,-0.564453125,0.001953125
8.620164979000037,1500,0.001953125,-0.564453125,0.001953125
8.625161374000072,1500,0.001953125,-0.564453125,0.001953125
8.630157769000107,1500,0.001953125,-0.564453125,0.001953125
8.635158793999835,1500,0.001953125,-0.564453125,0.001953125
8.640166133000093,1500,0.013671875,-0.568359375,0.001953125
8.645163658000001,1500,0.013671875,-0.568359375,0.001953125
8.650158181999814,1500,0.013671875,-0.568359375,0.001953125
8.655158576999838,1500,0.013671875,-0.568359375,0.001953125
8.660160787000223,1500,0.013671875,-0.568359375,0.001953125
8.66515990500011,1500,0.013671875,-0.568359375,0.001953125
8.670219207000173,1500,0.013671875,-0.568359375,0.001953125
8.675167860999863,1500,0.013671875,-0.568359375,0.001953125
8.680163052999887,1500,0.013671875,-0.568359375,0.001953125
8.68516446600006,1500,0.013671875,-0.568359375,0.001953125
8.690161305999936,1500,-0.001953125,-0.56640625,0.001953125
8.695207220000157,1500,-0.001953125,-0.56640625,0.001953125
8.700169280999944,1500,-0.001953125,-0.56640625,0.001953125
8.705161638999925,1500,-0.001953125,-0.56640625,0.001953125
8.710169627000141,1500,-0.001953125,-0.56640625,0.001953125
8.715164761999858,1500,-0.001953125,-0.56640625,0.001953125
8.720147843000177,1500,-0.001953125,-0.56640625,0.001953125
8.725143515000127,1500,-0.001953125,-0.56640625,0.001953125
8.730143744000088,1500,-0.001953125,-0.56640625,0.001953125
8.735146823999912,1500,-0.001953125,-0.56640625,0.001953125
8.740145515000222,1500,0.01171875,-0.560546875,0.001953125
8.745148447000247,1500,0.01171875,-0.560546875,0.001953125
8.750145583000176,1500,0.01171875,-0.560546875,0.001953125
8.755144089000169,1500,0.01171875,-0.560546875,0.001953125
8.760214503000043,1500,0.01171875,-0.560546875,0.001953125
8.76514532400006,1500,0.01171875,-0.560546875,0.001953125
8.770142960000157,1500,0.01171875,-0.560546875,0.001953125
8.775145446999886,1500,0.01171875,-0.560546875,0.001953125
8.78014487900009,1500,0.01171875,-0.560546875,0.001953125
8.785144088999914,1500,0.01171875,-0.560546875,0.001953125
8.790141762000076,1500,0.005859375,-0.560546875,0.001953125
8.7951472499999,1500,0.005859375,-0.560546875,0.001953125
8.800147626000125,1500,0.005859375,-0.560546875,0.001953125
8.805144909999854,1500,0.005859375,-0.560546875,0.001953125
8.810144250000121,1500,0.005859375,-0.560546875,0.001953125
8.815145034000125,1500,0.005859375,-0.560546875,0.001953125
8.820145279999906,1500,0.005859375,-0.560546875,0.001953125
8.825143693999962,1500,0.005859375,-0.560546875,0.001953125
8.830144440999902,1500,0.005859375,-0.560546875,0.001953125
8.835146762000022,1500,0.005859375,-0.560546875,0.001953125
8.84014439800012,1500,0.0,-0.552734375,0.001953125
8.845145329999923,1500,0.0,-0.552734375,0.001953125
8.850143057999958,1500,0.0,-0.552734375,0.001953125
8.855146287000025,1500,0.0,-0.552734375,0.001953125
8.860161699999935,1500,0.0,-0.552734375,0.001953125
8.865157651000118,1500,0.0,-0.552734375,0.001953125
8.870171360999848,1500,0.0,-0.552734375,0.001953125
8.875146088999827,1500,0.0,-0.552734375,0.001953125
8.88015776200018,1500,0.0,-0.552734375,0.001953125
8.885145305000151,1500,0.0,-0.552734375,0.001953125
8.89014307000025,1500,0.013671875,-0.54296875,0.001953125
8.89514281699985,1500,0.013671875,-0.54296875,0.001953125
8.900148768000236,1500,0.013671875,-0.54296875,0.001953125
8.905145032999826,1500,0.013671875,-0.54296875,0.001953125
8.910140928000146,1500,0.013671875,-0.54296875,0.001953125
8.915168267999888,1500,0.013671875,-0.54296875,0.001953125
8.920145736999984,1500,0.013671875,-0.54296875,0.001953125
8.92514429899984,1500,0.013671875,-0.54296875,0.001953125
8.93014554499996,1500,0.013671875,-0.54296875,0.001953125
8.935141237000153,1500,0.013671875,-0.54296875,0.001953125
8.940174188000128,1500,0.0,-0.5390625,0.001953125
8.945156378999854,1500,0.0,-0.5390625,0.001953125
8.950167773999965,1500,0.0,-0.5390625,0.001953125
8.95515083600003,1500,0.0,-0.5390625,0.001953125
8.960149433999959,1500,0.0,-0.5390625,0.001953125
8.965144384999803,1500,0.0,-0.5390625,0.001953125
8.970143798000208,1500,0.0,-0.5390625,0.001953125
8.975144526999884,1500,0.0,-0.5390625,0.001953125
8.98015493999992,1500,0.0,-0.5390625,0.001953125
8.985144983999817,1500,0.0,-0.5390625,0.001953125
8.990141730000232,1500,0.00390625,-0.529296875,-0.001953125
8.995142774000215,1500,0.00390625,-0.529296875,-0.001953125
9.000145316999806,1500,0.00390625,-0.529296875,-0.001953125
9.00514210099982,1500,0.00390625,-0.529296875,-0.001953125
