t,pwm,gx,gy,gz
0.0003760390000024927,1498.0,0.0,0.0,0.0
0.011707911000030435,1496.0,0.0,0.0,0.0
0.01257439599976351,1494.0,0.0,0.0,0.0
0.015192317000128241,1492.0,0.0,0.0,0.0
0.020194083000205865,1490.0,0.0,0.0,0.0
0.025192849000177375,1488.0,0.0,0.0,0.0
0.030187947999820608,1486.0,0.0,-0.001953125,0.001953125
0.03518801000018357,1484.0,0.0,-0.001953125,0.001953125
0.040186868000091636,1482.0,0.0,-0.001953125,0.001953125
0.04518239299977722,1480.0,0.0,-0.001953125,0.001953125
0.050189770000088174,1478.0,0.0,-0.001953125,0.001953125
0.055182739999963815,1476.0,0.0,-0.001953125,0.001953125
0.06018117199982953,1474.0,0.0,-0.001953125,0.001953125
0.06519764199993006,1472.0,0.0,-0.001953125,0.001953125
0.07018809300006978,1470.0,0.0,-0.001953125,0.001953125
0.07534074900013366,1468.0,0.0,-0.001953125,0.001953125
0.08036705199992866,1466.0,-0.001953125,0.001953125,0.001953125
0.08540276199983055,1464.0,-0.001953125,0.001953125,0.001953125
0.0902745089997552,1462.0,-0.001953125,0.001953125,0.001953125
0.09520031100009874,1460.0,-0.001953125,0.001953125,0.001953125
0.10025617000019338,1458.0,-0.001953125,0.001953125,0.001953125
0.10516169499987882,1456.0,-0.001953125,0.001953125,0.001953125
0.11015377500007162,1454.0,-0.001953125,0.001953125,0.001953125
0.11517937400003575,1452.0,-0.001953125,0.001953125,0.001953125
0.12016238099977272,1450.0,-0.001953125,0.001953125,0.001953125
0.125148961999912,1448.0,-0.001953125,0.001953125,0.001953125
0.13014991299996836,1446.0,0.001953125,0.0,0.0
0.1351511230000142,1444.0,0.001953125,0.0,0.0
0.1401434069998686,1442.0,0.001953125,0.0,0.0
0.14514726600009453,1440.0,0.001953125,0.0,0.0
0.1501469019999604,1438.0,0.001953125,0.0,0.0
0.1551411119999102,1436.0,0.001953125,0.0,0.0
0.1601406559998395,1434.0,0.001953125,0.0,0.0
0.16514923600016118,1432.0,0.001953125,0.0,0.0
0.1701577990002079,1430.0,0.001953125,0.0,0.0
0.17514543500010404,1428.0,0.001953125,0.0,0.0
0.18014162600002237,1426.0,0.0,-0.001953125,0.001953125
0.1851517260001856,1424.0,0.0,-0.001953125,0.001953125
0.19021934400007012,1422.0,0.0,-0.001953125,0.001953125
0.19516005400009817,1420.0,0.0,-0.001953125,0.001953125
0.2001515599999948,1418.0,0.0,-0.001953125,0.001953125
0.20519619700007752,1416.0,0.0,-0.001953125,0.001953125
0.21016025900007662,1414.0,0.0,-0.001953125,0.001953125
0.2151564320001853,1412.0,0.0,-0.001953125,0.001953125
0.2201505489997544,1410.0,0.0,-0.001953125,0.001953125
0.2251566670001921,1408.0,0.0,-0.001953125,0.001953125
0.23014748900004633,1406.0,0.005859375,0.0,0.001953125
0.23514908800007106,1404.0,0.005859375,0.0,0.001953125
0.24014892800005327,1402.0,0.005859375,0.0,0.001953125
0.24514728599979208,1400.0,0.005859375,0.0,0.001953125
0.25014383000007,1398.0,0.005859375,0.0,0.001953125
0.25517566999997143,1396.0,0.005859375,0.0,0.001953125
0.2601823059999333,1394.0,0.005859375,0.0,0.001953125
0.2651553860000604,1392.0,0.005859375,0.0,0.001953125
0.2701523000000634,1390.0,0.005859375,0.0,0.001953125
0.27514602900009777,1388.0,0.005859375,0.0,0.001953125
0.28016627699980745,1386.0,0.0,0.01171875,-0.021484375
0.2851512649999677,1384.0,0.0,0.01171875,-0.021484375
0.29014951199997085,1382.0,0.0,0.01171875,-0.021484375
0.2951499820001118,1380.0,0.0,0.01171875,-0.021484375
0.30014315500011435,1378.0,0.0,0.01171875,-0.021484375
0.3051475870001923,1376.0,0.0,0.01171875,-0.021484375
0.3102711129999989,1374.0,0.0,0.01171875,-0.021484375
0.3151740449998215,1372.0,0.0,0.01171875,-0.021484375
0.32014710700013893,1370.0,0.0,0.01171875,-0.021484375
0.32514435399980357,1368.0,0.0,0.01171875,-0.021484375
0.33017710200010697,1366.0,-0.005859375,0.001953125,-0.021484375
0.3351541819997692,1364.0,-0.005859375,0.001953125,-0.021484375
0.3401459850001629,1362.0,-0.005859375,0.001953125,-0.021484375
0.3451465839998491,1360.0,-0.005859375,0.001953125,-0.021484375
0.35014414599982047,1358.0,-0.005859375,0.001953125,-0.021484375
0.35514189400009855,1356.0,-0.005859375,0.001953125,-0.021484375
0.3601424369999222,1354.0,-0.005859375,0.001953125,-0.021484375
0.3651534810001067,1352.0,-0.005859375,0.001953125,-0.021484375
0.37014352500000314,1350.0,-0.005859375,0.001953125,-0.021484375
0.3751442349998797,1348.0,-0.0078125,-0.08984375,-0.03515625
0.3801462599999468,1346.0,-0.0078125,-0.08984375,-0.03515625
0.38514561900001354,1344.0,-0.0078125,-0.08984375,-0.03515625
0.39019869899993864,1342.0,-0.0078125,-0.08984375,-0.03515625
0.3951753540000027,1340.0,-0.0078125,-0.08984375,-0.03515625
0.4001577310000357,1338.0,-0.0078125,-0.08984375,-0.03515625
0.405148145000112,1336.0,-0.0078125,-0.08984375,-0.03515625
0.41015094800013685,1334.0,-0.0078125,-0.08984375,-0.03515625
0.41517834300020695,1332.0,-0.0078125,-0.08984375,-0.03515625
0.42014746099994227,1330.0,-0.0078125,-0.08984375,-0.03515625
0.42514572700019926,1328.0,-0.00390625,-0.099609375,-0.0234375
0.4301538439999604,1326.0,-0.00390625,-0.099609375,-0.0234375
0.43514999899980467,1324.0,-0.00390625,-0.099609375,-0.0234375
0.4401473210000404,1322.0,-0.00390625,-0.099609375,-0.0234375
0.4451436979998107,1320.0,-0.00390625,-0.099609375,-0.0234375
0.45014613000012105,1318.0,-0.00390625,-0.099609375,-0.0234375
0.4551520629997867,1316.0,-0.00390625,-0.099609375,-0.0234375
0.46015064299990627,1314.0,-0.00390625,-0.099609375,-0.0234375
0.4651457790000677,1312.0,-0.00390625,-0.099609375,-0.0234375
0.47014536000006046,1310.0,-0.00390625,-0.099609375,-0.0234375
0.4751437370000531,1308.0,0.0,-0.19140625,-0.00390625
0.48014996599977167,1306.0,0.0,-0.19140625,-0.00390625
0.4851471759998276,1304.0,0.0,-0.19140625,-0.00390625
0.4901552569999694,1302.0,0.0,-0.19140625,-0.00390625
0.4952469489999203,1300.0,0.0,-0.19140625,-0.00390625
0.500165159000062,1298.0,0.0,-0.19140625,-0.00390625
0.5051562769999691,1296.0,0.0,-0.19140625,-0.00390625
0.5101675979999527,1294.0,0.0,-0.19140625,-0.00390625
0.5151523449999331,1292.0,0.0,-0.19140625,-0.00390625
0.5201461669998935,1290.0,0.0,-0.19140625,-0.00390625
0.5251617839999199,1288.0,0.0078125,-0.32421875,0.013671875
0.5301628100000926,1286.0,0.0078125,-0.32421875,0.013671875
0.5351537050000843,1284.0,0.0078125,-0.32421875,0.013671875
0.5401497120001295,1282.0,0.0078125,-0.32421875,0.013671875
0.5451475700001538,1280.0,0.0078125,-0.32421875,0.013671875
0.5501482429999669,1278.0,0.0078125,-0.32421875,0.013671875
0.5551480650001395,1276.0,0.0078125,-0.32421875,0.013671875
0.5601449229998252,1274.0,0.0078125,-0.32421875,0.013671875
0.5651427809998495,1272.0,0.0078125,-0.32421875,0.013671875
0.5701478989999487,1270.0,0.0078125,-0.32421875,0.013671875
0.5751489610001954,1268.0,0.0078125,-0.49609375,0.017578125
0.5801498569999239,1266.0,0.0078125,-0.49609375,0.017578125
0.585168751999845,1264.0,0.0078125,-0.49609375,0.017578125
0.5902094260000013,1262.0,0.0078125,-0.49609375,0.017578125
0.5951507839999977,1260.0,0.0078125,-0.49609375,0.017578125
0.6001737719998346,1258.0,0.0078125,-0.49609375,0.017578125
0.6051563709997936,1256.0,0.0078125,-0.49609375,0.017578125
0.610147895999944,1254.0,0.0078125,-0.49609375,0.017578125
0.6151443839999047,1252.0,0.0078125,-0.49609375,0.017578125
0.6201456320000034,1250.0,0.0078125,-0.49609375,0.017578125
0.625146563999806,1248.0,0.01171875,-0.72265625,0.00390625
0.6301560709998739,1246.0,0.01171875,-0.72265625,0.00390625
0.635146633000204,1244.0,0.01171875,-0.72265625,0.00390625
0.6401454910001121,1242.0,0.01171875,-0.72265625,0.00390625
0.6451444790000096,1240.0,0.01171875,-0.72265625,0.00390625
0.6501481159998548,1238.0,0.01171875,-0.72265625,0.00390625
0.6551453070001116,1236.0,0.01171875,-0.72265625,0.00390625
0.6601491289998194,1234.0,0.01171875,-0.72265625,0.00390625
0.6651508760000979,1232.0,0.01171875,-0.72265625,0.00390625
0.6701491230001011,1230.0,0.01171875,-0.72265625,0.00390625
0.6751533709998512,1228.0,0.0078125,-0.98828125,-0.01171875
0.6801519330001611,1226.0,0.0078125,-0.98828125,-0.01171875
0.6851464769997619,1224.0,0.0078125,-0.98828125,-0.01171875
0.6901416129999234,1222.0,0.0078125,-0.98828125,-0.01171875
0.6951628789997812,1220.0,0.0078125,-0.98828125,-0.01171875
0.7001452370000152,1218.0,0.0078125,-0.98828125,-0.01171875
0.7051428179997856,1216.0,0.0078125,-0.98828125,-0.01171875
0.7101494540002022,1214.0,0.0078125,-0.98828125,-0.01171875
0.715145553000184,1212.0,0.0078125,-0.98828125,-0.01171875
0.7201460599999336,1210.0,0.0078125,-0.98828125,-0.01171875
0.7251476219998949,1208.0,0.001953125,-1.294921875,-0.015625
0.7301521469998988,1206.0,0.001953125,-1.294921875,-0.015625
0.7351441900000282,1204.0,0.001953125,-1.294921875,-0.015625
0.7401442159998624,1202.0,0.001953125,-1.294921875,-0.015625
0.7451452780001091,1200.0,0.001953125,-1.294921875,-0.015625
0.7501451180000913,1200.0,0.001953125,-1.294921875,-0.015625
0.755143402000158,1200.0,0.001953125,-1.294921875,-0.015625
0.7601868349997858,1200.0,0.001953125,-1.294921875,-0.015625
0.7651493039998059,1200.0,0.001953125,-1.294921875,-0.015625
0.7701603290001913,1200.0,0.001953125,-1.294921875,-0.015625
0.775185151000187,1200.0,0.001953125,-1.66796875,-0.0078125
0.780159249999997,1200.0,0.001953125,-1.66796875,-0.0078125
0.7851490530001684,1200.0,0.001953125,-1.66796875,-0.0078125
0.790225540999927,1200.0,0.001953125,-1.66796875,-0.0078125
0.795166418000008,1200.0,0.001953125,-1.66796875,-0.0078125
0.8001549979999254,1200.0,0.001953125,-1.66796875,-0.0078125
0.8051483379999809,1200.0,0.001953125,-1.66796875,-0.0078125
0.8101474000000053,1200.0,0.001953125,-1.66796875,-0.0078125
0.8151518509998823,1200.0,0.001953125,-1.66796875,-0.0078125
0.8201449690000118,1200.0,0.001953125,-1.66796875,-0.0078125
0.8251446790000045,1200.0,0.01953125,-2.041015625,0.021484375
0.83015085299985,1200.0,0.01953125,-2.041015625,0.021484375
0.8351459149998846,1200.0,0.01953125,-2.041015625,0.021484375
0.8401738470001874,1200.0,0.01953125,-2.041015625,0.021484375
0.8451490020001984,1200.0,0.01953125,-2.041015625,0.021484375
0.850146119999863,1200.0,0.01953125,-2.041015625,0.021484375
0.8551463109997712,1200.0,0.01953125,-2.041015625,0.021484375
0.8601439660001233,1200.0,0.01953125,-2.041015625,0.021484375
0.865156805999959,1200.0,0.01953125,-2.041015625,0.021484375
0.8701469789998555,1200.0,0.01953125,-2.041015625,0.021484375
0.875147004000155,1200.0,0.0625,-1.859375,0.064453125
0.8801488069998413,1200.0,0.0625,-1.859375,0.064453125
0.8851451470000029,1200.0,0.0625,-1.859375,0.064453125
0.8901466540000911,1200.0,0.0625,-1.859375,0.064453125
0.8951647349999803,1200.0,0.0625,-1.859375,0.064453125
0.9001471490000768,1200.0,0.0625,-1.859375,0.064453125
0.9051493590000064,1200.0,0.0625,-1.859375,0.064453125
0.9101483650001683,1200.0,0.0625,-1.859375,0.064453125
0.91514688999996,1200.0,0.0625,-1.859375,0.064453125
0.9201456380001218,1200.0,0.0625,-1.859375,0.064453125
0.9251451260001886,1200.0,-0.142578125,-0.93359375,-0.23046875
0.9301487809998434,1200.0,-0.142578125,-0.93359375,-0.23046875
0.9351580090001335,1200.0,-0.142578125,-0.93359375,-0.23046875
0.9401453310001671,1200.0,-0.142578125,-0.93359375,-0.23046875
0.9451455039998109,1200.0,-0.142578125,-0.93359375,-0.23046875
0.9501461959998778,1200.0,-0.142578125,-0.93359375,-0.23046875
0.9551439430001665,1200.0,-0.142578125,-0.93359375,-0.23046875
0.9602714500001639,1200.0,-0.142578125,-0.93359375,-0.23046875
0.9651819189998605,1200.0,-0.142578125,-0.93359375,-0.23046875
0.9701583519999986,1200.0,-0.142578125,-0.93359375,-0.23046875
0.9751471549998314,1200.0,-0.20703125,-0.634765625,-0.208984375
0.9801517350001632,1200.0,-0.20703125,-0.634765625,-0.208984375
0.9851505010001347,1200.0,-0.20703125,-0.634765625,-0.208984375
0.9902071930000602,1200.0,-0.20703125,-0.634765625,-0.208984375
0.9951536630001101,1200.0,-0.20703125,-0.634765625,-0.208984375
1.000319392000165,1200.0,-0.20703125,-0.634765625,-0.208984375
1.0053510289999394,1200.0,-0.20703125,-0.634765625,-0.208984375
1.010365424000156,1200.0,-0.20703125,-0.634765625,-0.208984375
1.0153227639998477,1200.0,-0.20703125,-0.634765625,-0.208984375
1.0203839000000698,1200.0,-0.20703125,-0.634765625,-0.208984375
1.0253061469998102,1200.0,0.109375,-0.802734375,0.080078125
1.0302589869997973,1200.0,0.109375,-0.802734375,0.080078125
1.0352682900002037,1200.0,0.109375,-0.802734375,0.080078125
1.040247704000194,1200.0,0.109375,-0.802734375,0.080078125
1.0452498959998593,1200.0,0.109375,-0.802734375,0.080078125
1.0503384210001059,1200.0,0.109375,-0.802734375,0.080078125
1.0553454649998457,1200.0,0.109375,-0.802734375,0.080078125
1.0603494709998813,1200.0,0.109375,-0.802734375,0.080078125
1.0653715150001517,1200.0,0.109375,-0.802734375,0.080078125
1.0703491509998457,1200.0,0.109375,-0.802734375,0.080078125
1.0753889910001817,1200.0,0.298828125,-0.71484375,0.28515625
1.08034749799981,1200.0,0.298828125,-0.71484375,0.28515625
1.0854338190001727,1200.0,0.298828125,-0.71484375,0.28515625
1.090250972999911,1200.0,0.298828125,-0.71484375,0.28515625
1.0951926459997594,1200.0,0.298828125,-0.71484375,0.28515625
1.1001935049998792,1200.0,0.298828125,-0.71484375,0.28515625
1.1051071030001367,1200.0,0.298828125,-0.71484375,0.28515625
1.1100901840000006,1200.0,0.298828125,-0.71484375,0.28515625
1.1151012830000582,1200.0,0.298828125,-0.71484375,0.28515625
1.1200894009998592,1200.0,0.298828125,-0.71484375,0.28515625
1.125085259000116,1200.0,0.203125,-0.505859375,0.22265625
1.1300997660000576,1200.0,0.203125,-0.505859375,0.22265625
1.135089495000102,1200.0,0.203125,-0.505859375,0.22265625
1.1400852229999145,1200.0,0.203125,-0.505859375,0.22265625
1.1450844519999919,1200.0,0.203125,-0.505859375,0.22265625
1.1500860139999531,1200.0,0.203125,-0.505859375,0.22265625
1.155081983999935,1200.0,0.203125,-0.505859375,0.22265625
1.1600976569998238,1200.0,0.203125,-0.505859375,0.22265625
1.1651053119999233,1200.0,0.203125,-0.505859375,0.22265625
1.170090873999925,1200.0,0.203125,-0.505859375,0.22265625
1.1750857329998325,1200.0,0.037109375,-0.39453125,-0.009765625
1.1800885540001218,1200.0,0.037109375,-0.39453125,-0.009765625
1.185082801000135,1200.0,0.037109375,-0.39453125,-0.009765625
1.1901417160001984,1200.0,0.037109375,-0.39453125,-0.009765625
1.195093222000196,1200.0,0.037109375,-0.39453125,-0.009765625
1.200085154000135,1200.0,0.037109375,-0.39453125,-0.009765625
1.2050881790000858,1200.0,0.037109375,-0.39453125,-0.009765625
1.210099352999805,1200.0,0.037109375,-0.39453125,-0.009765625
1.2150904700001774,1200.0,0.037109375,-0.39453125,-0.009765625
1.220090736000202,1200.0,0.037109375,-0.39453125,-0.009765625
1.2251259650001884,1200.0,-0.193359375,-0.259765625,-0.140625
1.2301002680001147,1200.0,-0.193359375,-0.259765625,-0.140625
1.2350878490001378,1200.0,-0.193359375,-0.259765625,-0.140625
1.2401174850001553,1200.0,-0.193359375,-0.259765625,-0.140625
1.2451083619998826,1200.0,-0.193359375,-0.259765625,-0.140625
1.2500917020001907,1200.0,-0.193359375,-0.259765625,-0.140625
1.2550845050000135,1200.0,-0.193359375,-0.259765625,-0.140625
1.260111066999798,1200.0,-0.193359375,-0.259765625,-0.140625
1.265090796000095,1200.0,-0.193359375,-0.259765625,-0.140625
1.27009335799994,1200.0,-0.193359375,-0.259765625,-0.140625
1.2750845860000481,1200.0,-0.068359375,-0.21484375,-0.078125
1.2800885369997559,1200.0,-0.068359375,-0.21484375,-0.078125
1.2850857110001925,1200.0,-0.068359375,-0.21484375,-0.078125
1.2900875320001433,1200.0,-0.068359375,-0.21484375,-0.078125
1.2950853719999031,1200.0,-0.068359375,-0.21484375,-0.078125
1.3000834159997794,1200.0,-0.068359375,-0.21484375,-0.078125
1.3050825700001951,1200.0,-0.068359375,-0.21484375,-0.078125
1.3100865209999029,1200.0,-0.068359375,-0.21484375,-0.078125
1.315084195000054,1200.0,-0.068359375,-0.21484375,-0.078125
1.3200843310000892,1200.0,-0.068359375,-0.21484375,-0.078125
1.3250844670001243,1200.0,0.025390625,-0.318359375,0.025390625
1.3300883440001599,1200.0,0.025390625,-0.318359375,0.025390625
1.3350858140001947,1200.0,0.025390625,-0.318359375,0.025390625
1.3400836539999545,1200.0,0.025390625,-0.318359375,0.025390625
1.3450836600000002,1200.0,0.025390625,-0.318359375,0.025390625
1.3501073520001228,1200.0,0.025390625,-0.318359375,0.025390625
1.3550845250001657,1200.0,0.025390625,-0.318359375,0.025390625
1.3600849579997885,1200.0,0.025390625,-0.318359375,0.025390625
1.3650965940000788,1200.0,0.025390625,-0.318359375,0.025390625
1.3700866750000387,1200.0,0.025390625,-0.318359375,0.025390625
1.3750833479998619,1200.0,0.060546875,-0.5078125,0.060546875
1.3801077250000162,1200.0,0.060546875,-0.5078125,0.060546875
1.3850870649998797,1200.0,0.060546875,-0.5078125,0.060546875
1.3901159970000663,1200.0,0.060546875,-0.5078125,0.060546875
1.3950865960000556,1200.0,0.060546875,-0.5078125,0.060546875
1.400083880999773,1200.0,0.060546875,-0.5078125,0.060546875
1.405084257999988,1200.0,0.060546875,-0.5078125,0.060546875
1.4100856899999599,1200.0,0.060546875,-0.5078125,0.060546875
1.4150852520001536,1200.0,0.060546875,-0.5078125,0.060546875
1.4200838149999981,1200.0,0.060546875,-0.5078125,0.060546875
1.4250837839999804,1200.0,0.10546875,-0.685546875,0.044921875
1.4300918829999318,1200.0,0.10546875,-0.685546875,0.044921875
1.435086222999871,1200.0,0.10546875,-0.685546875,0.044921875
1.440084582000054,1200.0,0.10546875,-0.685546875,0.044921875
1.4450840139998036,1200.0,0.10546875,-0.685546875,0.044921875
1.4500830020001558,1200.0,0.10546875,-0.685546875,0.044921875
1.4550841939999373,1200.0,0.10546875,-0.685546875,0.044921875
1.4600829969999722,1200.0,0.10546875,-0.685546875,0.044921875
1.465082928999891,1200.0,0.10546875,-0.685546875,0.044921875
1.4700837880000108,1200.0,0.10546875,-0.685546875,0.044921875
1.4750831090000247,1200.0,-0.099609375,-0.1484375,-0.013671875
1.4800879680001344,1200.0,-0.099609375,-0.1484375,-0.013671875
1.4850861219997569,1200.0,-0.099609375,-0.1484375,-0.013671875
1.4900848329998553,1200.0,-0.099609375,-0.1484375,-0.013671875
1.495082949999869,1200.0,-0.099609375,-0.1484375,-0.013671875
1.5000822160000098,1200.0,-0.099609375,-0.1484375,-0.013671875
1.5050841490001403,1200.0,-0.099609375,-0.1484375,-0.013671875
1.510084155000186,1200.0,-0.099609375,-0.1484375,-0.013671875
1.5150830689999566,1200.0,-0.099609375,-0.1484375,-0.013671875
1.5200809829998434,1200.0,-0.099609375,-0.1484375,-0.013671875
1.5250851750001857,1200.0,-0.04296875,0.328125,-0.046875
1.530088866999904,1200.0,-0.04296875,0.328125,-0.046875
1.5350848739999492,1200.0,-0.04296875,0.328125,-0.046875
1.540083305999815,1200.0,-0.04296875,0.328125,-0.046875
1.5451164790001712,1200.0,-0.04296875,0.328125,-0.046875
1.5500908559997697,1200.0,-0.04296875,0.328125,-0.046875
1.5550857329999417,1200.0,-0.04296875,0.328125,-0.046875
1.5600843689999238,1200.0,-0.04296875,0.328125,-0.046875
1.5650832460000856,1200.0,-0.04296875,0.328125,-0.046875
1.5700849569998354,1200.0,-0.04296875,0.328125,-0.046875
1.5751129629998104,1200.0,-0.021484375,0.01953125,-0.0078125
1.5800963030001185,1200.0,-0.021484375,0.01953125,-0.0078125
1.5850866989999304,1200.0,-0.021484375,0.01953125,-0.0078125
1.5901151680000112,1200.0,-0.021484375,0.01953125,-0.0078125
1.5950913970000329,1200.0,-0.021484375,0.01953125,-0.0078125
1.600086293000004,1200.0,-0.021484375,0.01953125,-0.0078125
1.6050837249999859,1200.0,-0.021484375,0.01953125,-0.0078125
1.6101152689998344,1200.0,-0.021484375,0.01953125,-0.0078125
1.6150850160001937,1200.0,-0.021484375,0.01953125,-0.0078125
1.62008318900007,1200.0,-0.021484375,0.01953125,-0.0078125
1.625086010999894,1200.0,0.013671875,-0.0859375,0.046875
1.63008818399976,1200.0,0.013671875,-0.0859375,0.046875
1.6350849129999006,1200.0,0.013671875,-0.0859375,0.046875
1.6400828820001152,1200.0,0.013671875,-0.0859375,0.046875
1.6450834070001292,1200.0,0.013671875,-0.0859375,0.046875
1.6500843399999212,1200.0,0.013671875,-0.0859375,0.046875
1.6550827539999773,1200.0,0.013671875,-0.0859375,0.046875
1.660082631000023,1200.0,0.013671875,-0.0859375,0.046875
1.6650808599997617,1200.0,0.013671875,-0.0859375,0.046875
1.6700851259997762,1200.0,0.013671875,-0.0859375,0.046875
1.6750838540001496,1200.0,0.07421875,0.068359375,0.013671875
1.6800885460002064,1200.0,0.07421875,0.068359375,0.013671875
1.6850831820001986,1200.0,0.07421875,0.068359375,0.013671875
1.6902423380001892,1200.0,0.07421875,0.068359375,0.013671875
1.6952176959998724,1200.0,0.07421875,0.068359375,0.013671875
1.7002711469999667,1200.0,0.07421875,0.068359375,0.013671875
1.7052215240000805,1200.0,0.07421875,0.068359375,0.013671875
1.71010841899988,1200.0,0.07421875,0.068359375,0.013671875
1.7151990930001375,1200.0,0.07421875,0.068359375,0.013671875
1.7201469139999972,1200.0,0.07421875,0.068359375,0.013671875
1.7250916419998248,1200.0,-0.04296875,-0.001953125,0.0
1.7301014079998822,1200.0,-0.04296875,-0.001953125,0.0
1.7351058039998861,1200.0,-0.04296875,-0.001953125,0.0
1.740087069999845,1200.0,-0.04296875,-0.001953125,0.0
1.7450870759998907,1200.0,-0.04296875,-0.001953125,0.0
1.7500883610000528,1200.0,-0.04296875,-0.001953125,0.0
1.7551019600000473,1200.0,-0.04296875,-0.001953125,0.0
1.7601251699998102,1200.0,-0.04296875,-0.001953125,0.0
1.765091805999873,1200.0,-0.04296875,-0.001953125,0.0
1.7700985169999512,1200.0,-0.04296875,-0.001953125,0.0
1.7750903569999537,1200.0,0.00390625,-0.01953125,-0.005859375
1.7800903450001897,1200.0,0.00390625,-0.01953125,-0.005859375
1.7850882399998227,1200.0,0.00390625,-0.01953125,-0.005859375
1.79014706199996,1200.0,0.00390625,-0.01953125,-0.005859375
1.7950948269999571,1200.0,0.00390625,-0.01953125,-0.005859375
1.8000925559999814,1200.0,0.00390625,-0.01953125,-0.005859375
1.8050855440001214,1200.0,0.00390625,-0.01953125,-0.005859375
1.8100887539999349,1200.0,0.00390625,-0.01953125,-0.005859375
1.8150850020001599,1200.0,0.00390625,-0.01953125,-0.005859375
1.8200869530001,1200.0,0.00390625,-0.01953125,-0.005859375
1.8250875519997862,1200.0,0.005859375,0.05078125,0.0078125
1.8300937809999596,1200.0,0.005859375,0.05078125,0.0078125
1.8350845469999513,1200.0,0.005859375,0.05078125,0.0078125
1.8400845159999335,1200.0,0.005859375,0.05078125,0.0078125
1.8450966340001287,1200.0,0.005859375,0.05078125,0.0078125
1.8500865850000991,1200.0,0.005859375,0.05078125,0.0078125
1.855084591999912,1200.0,0.005859375,0.05078125,0.0078125
1.8601020609999068,1200.0,0.005859375,0.05078125,0.0078125
1.8650949940001738,1200.0,0.005859375,0.05078125,0.0078125
1.8700884079999014,1200.0,0.005859375,0.05078125,0.0078125
1.8750855439998304,1200.0,-0.025390625,-0.041015625,0.01171875
1.8800895129998025,1200.0,-0.025390625,-0.041015625,0.01171875
1.8850830010001118,1200.0,-0.025390625,-0.041015625,0.01171875
1.8900869519998196,1200.0,-0.025390625,-0.041015625,0.01171875
1.8950830700000552,1200.0,-0.025390625,-0.041015625,0.01171875
1.9000834469998154,1200.0,-0.025390625,-0.041015625,0.01171875
1.905084287000136,1200.0,-0.025390625,-0.041015625,0.01171875
1.9100821639999594,1200.0,-0.025390625,-0.041015625,0.01171875
1.9150842819999525,1200.0,-0.025390625,-0.041015625,0.01171875
1.9200836770000933,1200.0,-0.025390625,-0.041015625,0.01171875
1.9250838500001919,1200.0,0.033203125,0.056640625,0.0
1.9300936899999215,1200.0,0.033203125,0.056640625,0.0
1.9350859559999662,1200.0,0.033203125,0.056640625,0.0
1.940085000000181,1200.0,0.033203125,0.056640625,0.0
1.9450833949999833,1200.0,0.033203125,0.056640625,0.0
1.9500834569998915,1200.0,0.033203125,0.056640625,0.0
1.9550822599999265,1200.0,0.033203125,0.056640625,0.0
1.960184100999868,1200.0,0.033203125,0.056640625,0.0
1.965098291999766,1200.0,0.033203125,0.056640625,0.0
1.9700893539998106,1200.0,0.033203125,0.056640625,0.0
1.9750867309999194,1200.0,-0.029296875,-0.03515625,-0.001953125
1.9800900340001135,1200.0,-0.029296875,-0.03515625,-0.001953125
1.9850864300001376,1200.0,-0.029296875,-0.03515625,-0.001953125
1.9901229920001242,1200.0,-0.029296875,-0.03515625,-0.001953125
1.995088035000208,1200.0,-0.029296875,-0.03515625,-0.001953125
2.0000849489997563,1200.0,-0.029296875,-0.03515625,-0.001953125
2.0050984929998776,1200.0,-0.029296875,-0.03515625,-0.001953125
2.010091999999986,1200.0,-0.029296875,-0.03515625,-0.001953125
2.015085579999777,1200.0,-0.029296875,-0.03515625,-0.001953125
2.0200850870000977,1200.0,-0.029296875,-0.03515625,-0.001953125
2.025086574999932,1200.0,0.0,0.03125,0.009765625
2.030091710999841,1200.0,0.0,0.03125,0.009765625
2.0350852179999492,1200.0,0.0,0.03125,0.009765625
2.0400825759998042,1200.0,0.0,0.03125,0.009765625
2.0450828230000297,1200.0,0.0,0.03125,0.009765625
2.0500837559998217,1200.0,0.0,0.03125,0.009765625
2.055082169999878,1200.0,0.0,0.03125,0.009765625
2.06008478800004,1200.0,0.0,0.03125,0.009765625
2.06509473899996,1200.0,0.0,0.03125,0.009765625
2.070085855999878,1200.0,0.0,0.03125,0.009765625
2.075238270999762,1200.0,0.041015625,-0.009765625,0.00390625
2.0801154440000573,1200.0,0.041015625,-0.009765625,0.00390625
2.0853117480000947,1200.0,0.041015625,-0.009765625,0.00390625
2.090296938999927,1200.0,0.041015625,-0.009765625,0.00390625
2.095250759999999,1200.0,0.041015625,-0.009765625,0.00390625
2.100399859999925,1200.0,0.041015625,-0.009765625,0.00390625
2.1051312730000973,1200.0,0.041015625,-0.009765625,0.00390625
2.1101050570000552,1200.0,0.041015625,-0.009765625,0.00390625
2.1151157489998695,1200.0,0.041015625,-0.009765625,0.00390625
2.1201107930000944,1200.0,0.041015625,-0.009765625,0.00390625
2.125087983999947,1200.0,-0.048828125,0.0,0.0
2.130097194999962,1200.0,-0.048828125,0.0,0.0
2.135099387000082,1200.0,-0.048828125,0.0,0.0
2.1400876520001475,1200.0,-0.048828125,0.0,0.0
2.1450839369999812,1200.0,-0.048828125,0.0,0.0
2.150087090999932,1200.0,-0.048828125,0.0,0.0
2.1550879129999885,1200.0,-0.048828125,0.0,0.0
2.160086955999759,1200.0,-0.048828125,0.0,0.0
2.1650860370000373,1200.0,-0.048828125,0.0,0.0
2.1700857840000936,1200.0,-0.048828125,0.0,0.0
2.175082921000012,1200.0,0.017578125,0.013671875,-0.00390625
2.180090815999847,1200.0,0.017578125,0.013671875,-0.00390625
2.1850846190000084,1200.0,0.017578125,0.013671875,-0.00390625
2.1901224960001855,1200.0,0.017578125,0.013671875,-0.00390625
2.195091668999794,1200.0,0.017578125,0.013671875,-0.00390625
2.200086231000114,1200.0,0.017578125,0.013671875,-0.00390625
2.205085181999948,1200.0,0.017578125,0.013671875,-0.00390625
2.2101036150002074,1200.0,0.017578125,0.013671875,-0.00390625
2.215090177000093,1200.0,0.017578125,0.013671875,-0.00390625
2.220082775999799,1200.0,0.017578125,0.013671875,-0.00390625
2.225085820000004,1200.0,0.009765625,-0.015625,0.005859375
2.2300921040000503,1200.0,0.009765625,-0.015625,0.005859375
2.2350843519998307,1200.0,0.009765625,-0.015625,0.005859375
2.240083709999908,1200.0,0.009765625,-0.015625,0.005859375
2.245080698000038,1200.0,0.009765625,-0.015625,0.005859375
2.2500851119998515,1200.0,0.009765625,-0.015625,0.005859375
2.255085673999929,1200.0,0.009765625,-0.015625,0.005859375
2.2600948099998277,1200.0,0.009765625,-0.015625,0.005859375
2.265102317000128,1200.0,0.009765625,-0.015625,0.005859375
2.270097824000004,1200.0,0.009765625,-0.015625,0.005859375
2.275102329999754,1200.0,-0.01953125,0.025390625,0.005859375
2.28009420699982,1200.0,-0.01953125,0.025390625,0.005859375
2.2850852139999915,1200.0,-0.01953125,0.025390625,0.005859375
2.290085294000164,1200.0,-0.01953125,0.025390625,0.005859375
2.295084726999903,1200.0,-0.01953125,0.025390625,0.005859375
2.300086697000097,1200.0,-0.01953125,0.025390625,0.005859375
2.3050846850001108,1200.0,-0.01953125,0.025390625,0.005859375
2.3100843759998497,1200.0,-0.01953125,0.025390625,0.005859375
2.3150962899999286,1200.0,-0.01953125,0.025390625,0.005859375
2.3200851490000787,1200.0,-0.01953125,0.025390625,0.005859375
2.3250855629999023,1200.0,0.0234375,-0.021484375,-0.0078125
2.330092829000023,1200.0,0.0234375,-0.021484375,-0.0078125
2.335085946000163,1200.0,0.0234375,-0.021484375,-0.0078125
2.3400821569998698,1200.0,0.0234375,-0.021484375,-0.0078125
2.345084181999937,1200.0,0.0234375,-0.021484375,-0.0078125
2.3500842809999085,1200.0,0.0234375,-0.021484375,-0.0078125
2.3550834540001233,1200.0,0.0234375,-0.021484375,-0.0078125
2.3600835160000315,1200.0,0.0234375,-0.021484375,-0.0078125
2.365091115999803,1200.0,0.0234375,-0.021484375,-0.0078125
2.3701078819999566,1200.0,0.0234375,-0.021484375,-0.0078125
2.3751018510001813,1200.0,-0.03125,0.017578125,0.0
2.3800871349999397,1200.0,-0.03125,0.017578125,0.0
2.3850836050000908,1200.0,-0.03125,0.017578125,0.0
2.3900843339997664,1200.0,-0.03125,0.017578125,0.0
2.3951160070000697,1200.0,-0.03125,0.017578125,0.0
2.4000879400000485,1200.0,-0.03125,0.017578125,0.0
2.4050851309998507,1200.0,-0.03125,0.017578125,0.0
2.4100851749999492,1200.0,-0.03125,0.017578125,0.0
2.4150839409999207,1200.0,-0.03125,0.017578125,0.0
2.4200865580000936,1200.0,-0.03125,0.017578125,0.0
2.425093269000172,1200.0,0.0078125,-0.0078125,0.001953125
2.4301764799997727,1200.0,0.0078125,-0.0078125,0.001953125
2.435095596999872,1200.0,0.0078125,-0.0078125,0.001953125
2.4400883439998324,1200.0,0.0078125,-0.0078125,0.001953125
2.445087405999857,1200.0,0.0078125,-0.0078125,0.001953125
2.4500875979997545,1200.0,0.0078125,-0.0078125,0.001953125
2.4550851969997893,1200.0,0.0078125,-0.0078125,0.001953125
2.46008446299993,1200.0,0.0078125,-0.0078125,0.001953125
2.4650857289998385,1200.0,0.0078125,-0.0078125,0.001953125
2.470093309999811,1200.0,0.0078125,-0.0078125,0.001953125
2.4750919640000575,1200.0,0.01953125,0.001953125,0.001953125
2.480088786000124,1200.0,0.01953125,0.001953125,0.001953125
2.4850843660001374,1200.0,0.01953125,0.001953125,0.001953125
2.4900915399998667,1200.0,0.01953125,0.001953125,0.001953125
2.495085397999901,1200.0,0.01953125,0.001953125,0.001953125
2.500083497000105,1200.0,0.01953125,0.001953125,0.001953125
2.5050856889997704,1200.0,0.01953125,0.001953125,0.001953125
2.510084528999869,1200.0,0.01953125,0.001953125,0.001953125
2.515085775999978,1200.0,0.01953125,0.001953125,0.001953125
2.5200832639998225,1200.0,0.01953125,0.001953125,0.001953125
2.525086418999763,1200.0,-0.03515625,0.0078125,-0.00390625
2.5300943329998518,1200.0,-0.03515625,0.0078125,-0.00390625
2.5351792110000133,1200.0,-0.03515625,0.0078125,-0.00390625
2.5400967169998694,1200.0,-0.03515625,0.0078125,-0.00390625
2.5450884269998824,1200.0,-0.03515625,0.0078125,-0.00390625
2.550088692999907,1200.0,-0.03515625,0.0078125,-0.00390625
2.555085902999963,1200.0,-0.03515625,0.0078125,-0.00390625
2.560084484000072,1200.0,-0.03515625,0.0078125,-0.00390625
2.5650878790002025,1200.0,-0.03515625,0.0078125,-0.00390625
2.5700873860000684,1200.0,-0.03515625,0.0078125,-0.00390625
2.5750859670001773,1200.0,0.01953125,-0.0078125,-0.001953125
2.5800866399999904,1200.0,0.01953125,-0.0078125,-0.001953125
2.585084294999888,1200.0,0.01953125,-0.0078125,-0.001953125
2.5900868379999338,1200.0,0.01953125,-0.0078125,-0.001953125
2.595118751999962,1200.0,0.01953125,-0.0078125,-0.001953125
2.600088962999962,1200.0,0.01953125,-0.0078125,-0.001953125
2.6050837650000176,1200.0,0.01953125,-0.0078125,-0.001953125
2.6100876790001166,1200.0,0.01953125,-0.0078125,-0.001953125
2.6150851299998976,1200.0,0.01953125,-0.0078125,-0.001953125
2.6200847850000173,1200.0,0.01953125,-0.0078125,-0.001953125
2.6250838289997773,1200.0,-0.005859375,0.01171875,0.001953125
2.6300978360000045,1200.0,-0.005859375,0.01171875,0.001953125
2.6350881939997635,1200.0,-0.005859375,0.01171875,0.001953125
2.640084366999872,1200.0,-0.005859375,0.01171875,0.001953125
2.645082929000182,1200.0,-0.005859375,0.01171875,0.001953125
2.6500839539999106,1200.0,-0.005859375,0.01171875,0.001953125
2.6550832940001783,1200.0,-0.005859375,0.01171875,0.001953125
2.6600832079998327,1200.0,-0.005859375,0.01171875,0.001953125
2.6650823999998465,1200.0,-0.005859375,0.01171875,0.001953125
2.670082961999924,1200.0,-0.005859375,0.01171875,0.001953125
2.6750828019999062,1200.0,-0.015625,-0.01953125,0.0
2.680086678999942,1200.0,-0.015625,-0.01953125,0.0
2.68508418600004,1200.0,-0.015625,-0.01953125,0.0
2.6900839519998954,1200.0,-0.015625,-0.01953125,0.0
2.6950837919998776,1200.0,-0.015625,-0.01953125,0.0
2.7000824090000606,1200.0,-0.015625,-0.01953125,0.0
2.705082249000043,1200.0,-0.015625,-0.01953125,0.0
2.7100842370000464,1200.0,-0.015625,-0.01953125,0.0
2.715083892000166,1200.0,-0.015625,-0.01953125,0.0
2.7200830470001165,1200.0,-0.015625,-0.01953125,0.0
2.7250812010001937,1200.0,0.0234375,0.015625,-0.001953125
2.730089171000145,1200.0,0.0234375,0.015625,-0.001953125
2.735084306999852,1200.0,0.0234375,0.015625,-0.001953125
2.740082887999961,1200.0,0.0234375,0.015625,-0.001953125
2.7450821540001016,1200.0,0.0234375,0.015625,-0.001953125
2.750084049000179,1202.0,0.0234375,0.015625,-0.001953125
2.7550838890001614,1204.0,0.0234375,0.015625,-0.001953125
2.7600870619999114,1206.0,0.0234375,0.015625,-0.001953125
2.765112661999865,1208.0,0.0234375,0.015625,-0.001953125
2.7700912979998975,1210.0,0.0234375,0.015625,-0.001953125
2.775094581999838,1212.0,-0.01953125,-0.01171875,0.00390625
2.7800914039999043,1214.0,-0.01953125,-0.01171875,0.00390625
2.785093799000151,1216.0,-0.01953125,-0.01171875,0.00390625
2.790105138999934,1218.0,-0.01953125,-0.01171875,0.00390625
2.795122757000172,1220.0,-0.01953125,-0.01171875,0.00390625
2.800094745000024,1222.0,-0.01953125,-0.01171875,0.00390625
2.8050896400000056,1224.0,-0.01953125,-0.01171875,0.00390625
2.810086591000072,1226.0,-0.01953125,-0.01171875,0.00390625
2.8150853020001705,1228.0,-0.01953125,-0.01171875,0.00390625
2.820082770999761,1230.0,-0.01953125,-0.01171875,0.00390625
2.825083536999955,1232.0,0.0234375,0.013671875,0.005859375
2.8300914139999804,1234.0,0.0234375,0.013671875,0.005859375
2.8350846980001734,1236.0,0.0234375,0.013671875,0.005859375
2.8400836679998065,1238.0,0.0234375,0.013671875,0.005859375
2.8450827669998944,1240.0,0.0234375,0.013671875,0.005859375
2.850085532999856,1242.0,0.0234375,0.013671875,0.005859375
2.8551022619999458,1244.0,0.0234375,0.013671875,0.005859375
2.8600844910001797,1246.0,0.0234375,0.013671875,0.005859375
2.8650964419998672,1248.0,0.0234375,0.013671875,0.005859375
2.8700869300000704,1250.0,0.0234375,0.013671875,0.005859375
2.875084195999989,1252.0,0.021484375,0.001953125,0.005859375
2.880091572999845,1254.0,0.021484375,0.001953125,0.005859375
2.8850843199998053,1256.0,0.021484375,0.001953125,0.005859375
2.8900870120000945,1258.0,0.021484375,0.001953125,0.005859375
2.8951618890000645,1260.0,0.021484375,0.001953125,0.005859375
2.9000932660001126,1262.0,0.021484375,0.001953125,0.005859375
2.9050874569998086,1264.0,0.021484375,0.001953125,0.005859375
2.9100886860001083,1266.0,0.021484375,0.001953125,0.005859375
2.9150843040001746,1268.0,0.021484375,0.001953125,0.005859375
2.9200860699997975,1270.0,0.021484375,0.001953125,0.005859375
2.9250869470001817,1272.0,-0.01171875,0.0,0.0
2.930090860999826,1274.0,-0.01171875,0.0,0.0
2.9350868120000086,1276.0,-0.01171875,0.0,0.0
2.940101632999813,1278.0,-0.01171875,0.0,0.0
2.9450891579999734,1280.0,-0.01171875,0.0,0.0
2.9500900719999663,1282.0,-0.01171875,0.0,0.0
2.9550853939999797,1284.0,-0.01171875,0.0,0.0
2.960184270999889,1286.0,-0.01171875,0.0,0.0
2.9650974629998927,1288.0,-0.01171875,0.0,0.0
2.9700900799998635,1290.0,-0.01171875,0.0,0.0
2.97508727200011,1292.0,0.03125,0.01171875,0.001953125
2.9800902789997963,1294.0,0.03125,0.01171875,0.001953125
2.9850848780001797,1296.0,0.03125,0.01171875,0.001953125
2.9900860329998977,1298.0,0.03125,0.01171875,0.001953125
2.9951215020000745,1300.0,0.03125,0.01171875,0.001953125
3.0000884719997885,1302.0,0.03125,0.01171875,0.001953125
3.0050871079997705,1304.0,0.03125,0.01171875,0.001953125
3.0100887630001125,1306.0,0.03125,0.01171875,0.001953125
3.0150853059999463,1308.0,0.03125,0.01171875,0.001953125
3.0200850719998016,1310.0,0.03125,0.01171875,0.001953125
3.025087079000059,1312.0,-0.00390625,-0.0078125,0.005859375
3.0300943629999892,1314.0,-0.00390625,-0.0078125,0.005859375
3.035082998999769,1316.0,-0.00390625,-0.0078125,0.005859375
3.040083154000058,1318.0,-0.00390625,-0.0078125,0.005859375
3.04508408699985,1320.0,-0.00390625,-0.0078125,0.005859375
3.0500843340000756,1322.0,-0.00390625,-0.0078125,0.005859375
3.0550835999997616,1324.0,-0.00390625,-0.0078125,0.005859375
3.0600819209998917,1326.0,-0.00390625,-0.0078125,0.005859375
3.065095093999844,1328.0,-0.00390625,-0.0078125,0.005859375
3.070087175000026,1330.0,-0.00390625,-0.0078125,0.005859375
3.075245144999826,1332.0,-0.00390625,0.013671875,0.00390625
3.0801120959999935,1334.0,-0.00390625,0.013671875,0.00390625
3.085198343999764,1336.0,-0.00390625,0.013671875,0.00390625
3.0901028309999674,1338.0,-0.00390625,0.013671875,0.00390625
3.095089023000128,1340.0,-0.00390625,0.013671875,0.00390625
3.1000897150001947,1342.0,-0.00390625,0.013671875,0.00390625
3.105189444000189,1344.0,-0.00390625,0.013671875,0.00390625
3.1101002830000652,1346.0,-0.00390625,0.013671875,0.00390625
3.11509242000011,1348.0,-0.00390625,0.013671875,0.00390625
3.1201119629999994,1350.0,-0.00390625,0.013671875,0.00390625
3.125089098999979,1352.0,0.017578125,0.001953125,0.001953125
3.130094846999782,1354.0,0.017578125,0.001953125,0.001953125
3.135141131000182,1356.0,0.017578125,0.001953125,0.001953125
3.1400922299999365,1358.0,0.017578125,0.001953125,0.001953125
3.145087773999876,1360.0,0.017578125,0.001953125,0.001953125
3.150085577000027,1362.0,0.017578125,0.001953125,0.001953125
3.15508769500002,1364.0,0.017578125,0.001953125,0.001953125
3.1600832750000336,1366.0,0.017578125,0.001953125,0.001953125
3.1650840409997727,1368.0,0.017578125,0.001953125,0.001953125
3.170085769999787,1370.0,0.017578125,0.001953125,0.001953125
3.175086054000076,1372.0,-0.017578125,0.01171875,0.0
3.1800892460000796,1374.0,-0.017578125,0.01171875,0.0
3.1850826969998707,1376.0,-0.017578125,0.01171875,0.0
3.1900864809999803,1378.0,-0.017578125,0.01171875,0.0
3.1951215989997763,1380.0,-0.017578125,0.01171875,0.0
3.200088494999818,1382.0,-0.017578125,0.01171875,0.0
3.2050849090001066,1384.0,-0.017578125,0.01171875,0.0
3.2101570079998965,1386.0,-0.017578125,0.01171875,0.0
3.215097754999988,1388.0,-0.017578125,0.01171875,0.0
3.2201088540000455,1390.0,-0.017578125,0.01171875,0.0
3.225133417000052,1392.0,0.009765625,0.017578125,0.001953125
3.230101386000115,1394.0,0.009765625,0.017578125,0.001953125
3.2350892069998736,1396.0,0.009765625,0.017578125,0.001953125
3.2400865839999824,1398.0,0.009765625,0.017578125,0.001953125
3.2450838869999643,1400.0,0.009765625,0.017578125,0.001953125
3.250084245999915,1402.0,0.009765625,0.017578125,0.001953125
3.255082567000045,1404.0,0.009765625,0.017578125,0.001953125
3.2600822770000377,1406.0,0.009765625,0.017578125,0.001953125
3.265120544000183,1408.0,0.009765625,0.017578125,0.001953125
3.270098254000004,1410.0,0.009765625,0.017578125,0.001953125
3.2750942050001868,1412.0,0.0078125,0.046875,0.001953125
3.280091784999968,1414.0,0.0078125,0.046875,0.001953125
3.2850844589997905,1416.0,0.0078125,0.046875,0.001953125
3.290088409999953,1418.0,0.0078125,0.046875,0.001953125
3.2950842310001462,1420.0,0.0078125,0.046875,0.001953125
3.3000837009999486,1422.0,0.0078125,0.046875,0.001953125
3.305084263000026,1424.0,0.0078125,0.046875,0.001953125
3.310085028999765,1426.0,0.0078125,0.046875,0.001953125
3.315099423999982,1428.0,0.0078125,0.046875,0.001953125
3.320086670999899,1430.0,0.0078125,0.046875,0.001953125
3.325084215000061,1432.0,-0.005859375,0.126953125,0.005859375
3.3300904620000438,1434.0,-0.005859375,0.126953125,0.005859375
3.335087079999994,1436.0,-0.005859375,0.126953125,0.005859375
3.3400829389997853,1438.0,-0.005859375,0.126953125,0.005859375
3.345107741999982,1440.0,-0.005859375,0.126953125,0.005859375
3.350197637999827,1442.0,-0.005859375,0.126953125,0.005859375
3.355097477000072,1444.0,-0.005859375,0.126953125,0.005859375
3.3600886499998524,1446.0,-0.005859375,0.126953125,0.005859375
3.3651400459998513,1448.0,-0.005859375,0.126953125,0.005859375
3.3700937929997963,1450.0,-0.005859375,0.126953125,0.005859375
3.3750859289998516,1452.0,0.021484375,0.14453125,0.00390625
3.380090416999792,1454.0,0.021484375,0.14453125,0.00390625
3.385085146000165,1456.0,0.021484375,0.14453125,0.00390625
3.390107837999949,1458.0,0.021484375,0.14453125,0.00390625
3.3951206229999116,1460.0,0.021484375,0.14453125,0.00390625
3.400088721999964,1462.0,0.021484375,0.14453125,0.00390625
3.4050850059998083,1464.0,0.021484375,0.14453125,0.00390625
3.4100855309998224,1466.0,0.021484375,0.14453125,0.00390625
3.4150849080001535,1468.0,0.021484375,0.14453125,0.00390625
3.420084136999776,1470.0,0.021484375,0.14453125,0.00390625
3.4250827549999485,1472.0,0.00390625,0.220703125,0.009765625
3.4301025019999543,1474.0,0.00390625,0.220703125,0.009765625
3.4350874900001145,1476.0,0.00390625,0.220703125,0.009765625
3.44008483000016,1478.0,0.00390625,0.220703125,0.009765625
3.445083559000068,1480.0,0.00390625,0.220703125,0.009765625
3.4500819169998067,1482.0,0.00390625,0.220703125,0.009765625
3.455084589999842,1484.0,0.00390625,0.220703125,0.009765625
3.460083003999898,1486.0,0.00390625,0.220703125,0.009765625
3.4650842149999335,1488.0,0.00390625,0.220703125,0.009765625
3.470083684000201,1490.0,0.00390625,0.220703125,0.009765625
3.4750812460001725,1492.0,-0.01171875,0.296875,-0.01171875
3.480086290000145,1494.0,-0.01171875,0.296875,-0.01171875
3.485084797000127,1496.0,-0.01171875,0.296875,-0.01171875
3.49008402499976,1498.0,-0.01171875,0.296875,-0.01171875
3.495083216999774,1500.0,-0.01171875,0.296875,-0.01171875
3.500082223999925,1502.0,-0.01171875,0.296875,-0.01171875
3.505084433999855,1504.0,-0.01171875,0.296875,-0.01171875
3.5100829590001013,1506.0,-0.01171875,0.296875,-0.01171875
3.515083150999999,1508.0,-0.01171875,0.296875,-0.01171875
3.5200820840000233,1510.0,-0.01171875,0.359375,-0.013671875
3.5250952569999754,1512.0,-0.01171875,0.359375,-0.013671875
3.53008765200002,1514.0,-0.01171875,0.359375,-0.013671875
3.5350843629998963,1516.0,-0.01171875,0.359375,-0.013671875
3.5400819249998676,1518.0,-0.01171875,0.359375,-0.013671875
3.5450813940001353,1520.0,-0.01171875,0.359375,-0.013671875
3.550085364000097,1522.0,-0.01171875,0.359375,-0.013671875
3.5550844630001848,1524.0,-0.01171875,0.359375,-0.013671875
3.5600840990000506,1526.0,-0.01171875,0.359375,-0.013671875
3.5650831240000116,1528.0,-0.01171875,0.359375,-0.013671875
3.5700830760001736,1530.0,-0.01171875,0.359375,-0.013671875
3.5750842669999656,1532.0,-0.01953125,0.4140625,0.001953125
3.580086514999948,1534.0,-0.01953125,0.4140625,0.001953125
3.585082446999877,1536.0,-0.01953125,0.4140625,0.001953125
3.5900833239998065,1538.0,-0.01953125,0.4140625,0.001953125
3.59510807200013,1540.0,-0.01953125,0.4140625,0.001953125
3.6000876339999195,1542.0,-0.01953125,0.4140625,0.001953125
3.605085603000134,1544.0,-0.01953125,0.4140625,0.001953125
3.610084332000042,1546.0,-0.01953125,0.4140625,0.001953125
3.6150826530001723,1548.0,-0.01953125,0.4140625,0.001953125
3.620083012000123,1550.0,0.025390625,0.4609375,0.015625
3.6250873330000104,1552.0,0.025390625,0.4609375,0.015625
3.6300830440000027,1554.0,0.025390625,0.4609375,0.015625
3.6350826060001964,1556.0,0.025390625,0.4609375,0.015625
3.640102593999927,1558.0,0.025390625,0.4609375,0.015625
3.6450861560001613,1560.0,0.025390625,0.4609375,0.015625
3.650110978000157,1562.0,0.025390625,0.4609375,0.015625
3.6550891140000203,1564.0,0.025390625,0.4609375,0.015625
3.6600840460000654,1566.0,0.025390625,0.4609375,0.015625
3.665080608000153,1568.0,0.025390625,0.4609375,0.015625
3.6700849670000935,1570.0,-0.00390625,0.498046875,0.0
3.675087398999949,1572.0,-0.00390625,0.498046875,0.0
3.680084165000153,1574.0,-0.00390625,0.498046875,0.0
3.68508304199986,1576.0,-0.00390625,0.498046875,0.0
3.690162178999799,1578.0,-0.00390625,0.498046875,0.0
3.695097906999763,1580.0,-0.00390625,0.498046875,0.0
3.7000869509997756,1582.0,-0.00390625,0.498046875,0.0
3.7050851429999057,1584.0,-0.00390625,0.498046875,0.0
3.7100928710001426,1586.0,-0.00390625,0.498046875,0.0
3.7150887669999975,1588.0,-0.00390625,0.498046875,0.0
3.7200873289998526,1590.0,-0.005859375,0.533203125,0.00390625
3.725093076000121,1592.0,-0.005859375,0.533203125,0.00390625
3.730088212999817,1594.0,-0.005859375,0.533203125,0.00390625
3.735083386000042,1596.0,-0.005859375,0.533203125,0.00390625
3.7400819300000876,1598.0,-0.005859375,0.533203125,0.00390625
3.745082714000091,1600.0,-0.005859375,0.533203125,0.00390625
3.75008529500019,1602.0,-0.005859375,0.533203125,0.00390625
3.75509900499992,1604.0,-0.005859375,0.533203125,0.00390625
3.7601058820000617,1606.0,-0.005859375,0.533203125,0.00390625
3.7651138890000766,1608.0,-0.005859375,0.533203125,0.00390625
3.770094414000141,1610.0,0.01171875,0.595703125,0.001953125
3.7751017169998704,1612.0,0.01171875,0.595703125,0.001953125
3.7800889449999886,1614.0,0.01171875,0.595703125,0.001953125
3.785098396000194,1616.0,0.01171875,0.595703125,0.001953125
3.7901062729997648,1618.0,0.01171875,0.595703125,0.001953125
3.79512481699976,1620.0,0.01171875,0.595703125,0.001953125
3.8000972129998445,1622.0,0.01171875,0.595703125,0.001953125
3.8050884600002064,1624.0,0.01171875,0.595703125,0.001953125
3.8100863549998394,1626.0,0.01171875,0.595703125,0.001953125
3.8150845469999695,1628.0,0.01171875,0.595703125,0.001953125
3.820083220000015,1630.0,0.01171875,0.595703125,0.001953125
3.825084134000008,1632.0,-0.01953125,0.59765625,-0.005859375
3.830091121999885,1634.0,-0.01953125,0.59765625,-0.005859375
3.835104407000017,1636.0,-0.01953125,0.59765625,-0.005859375
3.840083912999944,1638.0,-0.01953125,0.59765625,-0.005859375
3.8450825310001164,1640.0,-0.01953125,0.59765625,-0.005859375
3.8500839270000142,1642.0,-0.01953125,0.59765625,-0.005859375
3.8550827849999223,1644.0,-0.01953125,0.59765625,-0.005859375
3.8600824770001054,1646.0,-0.01953125,0.59765625,-0.005859375
3.8651001690000157,1648.0,-0.01953125,0.59765625,-0.005859375
3.8700891009998486,1650.0,-0.005859375,0.650390625,-0.001953125
3.875088255999799,1652.0,-0.005859375,0.650390625,-0.001953125
3.8800841699999182,1654.0,-0.005859375,0.650390625,-0.001953125
3.8850829170000907,1656.0,-0.005859375,0.650390625,-0.001953125
3.8900820529997873,1658.0,-0.005859375,0.650390625,-0.001953125
3.8950825050001185,1660.0,-0.005859375,0.650390625,-0.001953125
3.900098436999997,1662.0,-0.005859375,0.650390625,-0.001953125
3.9050845550000304,1664.0,-0.005859375,0.650390625,-0.001953125
3.9100878019999072,1666.0,-0.005859375,0.650390625,-0.001953125
3.9150834749998467,1668.0,-0.005859375,0.650390625,-0.001953125
3.92008159299985,1670.0,0.001953125,0.6953125,0.00390625
3.9250860629999806,1672.0,0.001953125,0.6953125,0.00390625
3.9300865139998677,1674.0,0.001953125,0.6953125,0.00390625
3.9350831500000822,1676.0,0.001953125,0.6953125,0.00390625
3.9400824340000327,1678.0,0.001953125,0.6953125,0.00390625
3.9450862190001317,1680.0,0.001953125,0.6953125,0.00390625
3.950083299000198,1682.0,0.001953125,0.6953125,0.00390625
3.955083564999768,1684.0,0.001953125,0.6953125,0.00390625
3.9601744060000783,1686.0,0.001953125,0.6953125,0.00390625
3.9650963929998397,1688.0,0.001953125,0.6953125,0.00390625
3.9700904549999905,1690.0,-0.009765625,0.736328125,0.0078125
3.9750989809999737,1692.0,-0.009765625,0.736328125,0.0078125
3.980090523999934,1694.0,-0.009765625,0.736328125,0.0078125
3.985084883000127,1696.0,-0.009765625,0.736328125,0.0078125
3.9900847969997812,1698.0,-0.009765625,0.736328125,0.0078125
3.9951205440002013,1700.0,-0.009765625,0.736328125,0.0078125
4.00008945799982,1702.0,-0.009765625,0.736328125,0.0078125
4.005085852999855,1704.0,-0.009765625,0.736328125,0.0078125
4.010086729999784,1706.0,-0.009765625,0.736328125,0.0078125
4.015087181000126,1708.0,-0.009765625,0.736328125,0.0078125
4.020086558000003,1710.0,0.00390625,0.833984375,0.001953125
4.025092694999785,1712.0,0.00390625,0.833984375,0.001953125
4.030085904999851,1714.0,0.00390625,0.833984375,0.001953125
4.03508304099978,1716.0,0.00390625,0.833984375,0.001953125
4.040084307000143,1718.0,0.00390625,0.833984375,0.001953125
4.045084350999787,1720.0,0.00390625,0.833984375,0.001953125
4.05008391299998,1722.0,0.00390625,0.833984375,0.001953125
4.055084400999931,1724.0,0.00390625,0.833984375,0.001953125
4.060082167000019,1726.0,0.00390625,0.833984375,0.001953125
4.065102395999929,1728.0,0.00390625,0.833984375,0.001953125
4.070088032000058,1730.0,-0.005859375,0.875,0.00390625
4.075270779999755,1732.0,-0.005859375,0.875,0.00390625
4.080123471000206,1734.0,-0.005859375,0.875,0.00390625
4.085221830000137,1736.0,-0.005859375,0.875,0.00390625
4.090190503000031,1738.0,-0.005859375,0.875,0.00390625
4.095096619999822,1740.0,-0.005859375,0.875,0.00390625
4.100091293999867,1742.0,-0.005859375,0.875,0.00390625
4.105103688999861,1744.0,-0.005859375,0.875,0.00390625
4.110095418000128,1746.0,-0.005859375,0.875,0.00390625
4.115088073000152,1748.0,-0.005859375,0.875,0.00390625
4.120084763999785,1750.0,-0.005859375,0.935546875,0.00390625
4.125091327000064,1752.0,-0.005859375,0.935546875,0.00390625
4.130087092999929,1754.0,-0.005859375,0.935546875,0.00390625
4.135160970000015,1756.0,-0.005859375,0.935546875,0.00390625
4.140303477000089,1758.0,-0.005859375,0.935546875,0.00390625
4.145190780000121,1760.0,-0.005859375,0.935546875,0.00390625
4.150101397000071,1762.0,-0.005859375,0.935546875,0.00390625
4.155131403999803,1764.0,-0.005859375,0.935546875,0.00390625
4.160091614000066,1766.0,-0.005859375,0.935546875,0.00390625
4.165088176000154,1768.0,-0.005859375,0.935546875,0.00390625
4.170096664000084,1770.0,0.001953125,1.02734375,0.0078125
4.17509498499976,1772.0,0.001953125,1.02734375,0.0078125
4.18008541800009,1774.0,0.001953125,1.02734375,0.0078125
4.185086554000009,1776.0,0.001953125,1.02734375,0.0078125
4.190088634999938,1778.0,0.001953125,1.02734375,0.0078125
4.1951223450000725,1780.0,0.001953125,1.02734375,0.0078125
4.20008838900003,1782.0,0.001953125,1.02734375,0.0078125
4.205084914000054,1784.0,0.001953125,1.02734375,0.0078125
4.210102438999911,1786.0,0.001953125,1.02734375,0.0078125
4.215089241999976,1788.0,0.001953125,1.02734375,0.0078125
4.220086173999789,1790.0,-0.009765625,1.11328125,0.009765625
4.225089735999973,1792.0,-0.009765625,1.11328125,0.009765625
4.230086261999986,1794.0,-0.009765625,1.11328125,0.009765625
4.235086657000011,1796.0,-0.009765625,1.11328125,0.009765625
4.240085719000035,1798.0,-0.009765625,1.11328125,0.009765625
4.245084004000091,1800.0,-0.009765625,1.11328125,0.009765625
4.2500840470002,1800.0,-0.009765625,1.11328125,0.009765625
4.255083257000024,1800.0,-0.009765625,1.11328125,0.009765625
4.260209172000032,1800.0,-0.009765625,1.11328125,0.009765625
4.265181196999947,1800.0,-0.009765625,1.11328125,0.009765625
4.270105017999867,1800.0,-0.00390625,1.205078125,0.00390625
4.275102264999987,1800.0,-0.00390625,1.205078125,0.00390625
4.280089013000179,1800.0,-0.00390625,1.205078125,0.00390625
4.285089797000182,1800.0,-0.00390625,1.205078125,0.00390625
4.290089803999763,1800.0,-0.00390625,1.205078125,0.00390625
4.295085477000157,1800.0,-0.00390625,1.205078125,0.00390625
4.300085631999991,1800.0,-0.00390625,1.205078125,0.00390625
4.305085915999825,1800.0,-0.00390625,1.205078125,0.00390625
4.310086274999776,1800.0,-0.00390625,1.205078125,0.00390625
4.315083299999969,1800.0,-0.00390625,1.205078125,0.00390625
4.320084342999962,1800.0,-0.009765625,1.314453125,-0.005859375
4.325117535000118,1800.0,-0.009765625,1.314453125,-0.005859375
4.330099170999802,1800.0,-0.009765625,1.314453125,-0.005859375
4.335091363000174,1800.0,-0.009765625,1.314453125,-0.005859375
4.3400838140000815,1800.0,-0.009765625,1.314453125,-0.005859375
4.345084283999768,1800.0,-0.009765625,1.314453125,-0.005859375
4.35008606800011,1800.0,-0.009765625,1.314453125,-0.005859375
4.355084592999901,1800.0,-0.009765625,1.314453125,-0.005859375
4.3600822670000525,1800.0,-0.009765625,1.314453125,-0.005859375
4.365102903000206,1800.0,-0.009765625,1.314453125,-0.005859375
4.370091058000071,1800.0,-0.01953125,1.421875,-0.015625
4.375089398,1800.0,-0.01953125,1.421875,-0.015625
4.380084886000077,1800.0,-0.01953125,1.421875,-0.015625
4.385084726000059,1800.0,-0.01953125,1.421875,-0.015625
4.390084027999819,1800.0,-0.01953125,1.421875,-0.015625
4.39512035000007,1800.0,-0.01953125,1.421875,-0.015625
4.400086727000144,1800.0,-0.01953125,1.421875,-0.015625
4.405088140999851,1800.0,-0.01953125,1.421875,-0.015625
4.4101032399998985,1800.0,-0.01953125,1.421875,-0.015625
4.4150862649999,1800.0,-0.01953125,1.421875,-0.015625
4.420083457000146,1800.0,-0.005859375,1.517578125,-0.015625
4.425088204000076,1800.0,-0.005859375,1.517578125,-0.015625
4.430089970000154,1800.0,-0.005859375,1.517578125,-0.015625
4.435086013999808,1800.0,-0.005859375,1.517578125,-0.015625
4.440082742999948,1800.0,-0.005859375,1.517578125,-0.015625
4.445083785999941,1800.0,-0.005859375,1.517578125,-0.015625
4.4500828479999655,1800.0,-0.005859375,1.517578125,-0.015625
4.455082799000138,1800.0,-0.005859375,1.517578125,-0.015625
4.460083806000057,1800.0,-0.005859375,1.517578125,-0.015625
4.465083238999796,1800.0,-0.005859375,1.517578125,-0.015625
4.470084615999895,1800.0,-0.01953125,1.615234375,-0.00390625
4.475088307000078,1800.0,-0.01953125,1.615234375,-0.00390625
4.480083646999901,1800.0,-0.01953125,1.615234375,-0.00390625
4.485083227999894,1800.0,-0.01953125,1.615234375,-0.00390625
4.49008527199976,1800.0,-0.01953125,1.615234375,-0.00390625
4.495083111999975,1800.0,-0.01953125,1.615234375,-0.00390625
4.5000828960000945,1800.0,-0.01953125,1.615234375,-0.00390625
4.505083346999982,1800.0,-0.01953125,1.615234375,-0.00390625
4.510083094000038,1800.0,-0.01953125,1.615234375,-0.00390625
4.515082637999967,1800.0,-0.01953125,1.615234375,-0.00390625
4.5200832740001715,1800.0,-0.017578125,1.68359375,0.00390625
4.52509083599989,1800.0,-0.017578125,1.68359375,0.00390625
4.530087416999777,1800.0,-0.017578125,1.68359375,0.00390625
4.53508468300015,1800.0,-0.017578125,1.68359375,0.00390625
4.540083781999783,1800.0,-0.017578125,1.68359375,0.00390625
4.545111214999906,1800.0,-0.017578125,1.68359375,0.00390625
4.550093257999833,1800.0,-0.017578125,1.68359375,0.00390625
4.555100097999912,1800.0,-0.017578125,1.68359375,0.00390625
4.560087030999966,1800.0,-0.017578125,1.68359375,0.00390625
4.565085666999948,1800.0,-0.017578125,1.68359375,0.00390625
4.570085192000079,1800.0,-0.009765625,1.7734375,0.0
4.575089032000051,1800.0,-0.009765625,1.7734375,0.0
4.5800832609998,1800.0,-0.009765625,1.7734375,0.0
4.585083692999888,1800.0,-0.009765625,1.7734375,0.0
4.590083348000007,1800.0,-0.009765625,1.7734375,0.0
4.595124039999973,1800.0,-0.009765625,1.7734375,0.0
4.600090786999772,1800.0,-0.009765625,1.7734375,0.0
4.605084368000007,1800.0,-0.009765625,1.7734375,0.0
4.61008650399981,1800.0,-0.009765625,1.7734375,0.0
4.615083714999855,1800.0,-0.009765625,1.7734375,0.0
4.620108777000041,1800.0,-0.0234375,1.84375,-0.01171875
4.625092893999863,1800.0,-0.0234375,1.84375,-0.01171875
4.630086345000109,1800.0,-0.0234375,1.84375,-0.01171875
4.6350845000001755,1800.0,-0.0234375,1.84375,-0.01171875
4.640083062000031,1800.0,-0.0234375,1.84375,-0.01171875
4.645086384000024,1800.0,-0.0234375,1.84375,-0.01171875
4.650085131000196,1800.0,-0.0234375,1.84375,-0.01171875
4.65508263799984,1800.0,-0.0234375,1.84375,-0.01171875
4.660081662999801,1800.0,-0.0234375,1.84375,-0.01171875
4.665082224999878,1800.0,-0.0234375,1.84375,-0.01171875
4.670108546999927,1800.0,-0.00390625,1.8984375,-0.0234375
4.675088812000013,1800.0,-0.00390625,1.8984375,-0.0234375
4.680169949000174,1800.0,-0.00390625,1.8984375,-0.0234375
4.6851133629998,1800.0,-0.00390625,1.8984375,-0.0234375
4.690097425000204,1800.0,-0.00390625,1.8984375,-0.0234375
4.695090820000132,1800.0,-0.00390625,1.8984375,-0.0234375
4.700084993000019,1800.0,-0.00390625,1.8984375,-0.0234375
4.705083295999884,1800.0,-0.00390625,1.8984375,-0.0234375
4.710086340000089,1800.0,-0.00390625,1.8984375,-0.0234375
4.715091142999881,1800.0,-0.00390625,1.8984375,-0.0234375
4.720087779000096,1800.0,-0.009765625,1.95703125,-0.015625
4.725089897000089,1800.0,-0.009765625,1.95703125,-0.015625
4.730087978000029,1800.0,-0.009765625,1.95703125,-0.015625
4.735084428999926,1800.0,-0.009765625,1.95703125,-0.015625
4.740100676000111,1800.0,-0.009765625,1.95703125,-0.015625
4.7450851270000385,1800.0,-0.009765625,1.95703125,-0.015625
4.7500861889998305,1800.0,-0.009765625,1.95703125,-0.015625
4.755091491999792,1800.0,-0.009765625,1.95703125,-0.015625
4.760084016999826,1800.0,-0.009765625,1.95703125,-0.015625
4.765112838999812,1800.0,-0.009765625,1.95703125,-0.015625
4.77009230800013,1800.0,-0.025390625,2.01171875,-0.009765625
4.775091129999964,1800.0,-0.025390625,2.01171875,-0.009765625
4.780083895000189,1800.0,-0.025390625,2.01171875,-0.009765625
4.785089550000066,1800.0,-0.025390625,2.01171875,-0.009765625
4.79012155700002,1800.0,-0.025390625,2.01171875,-0.009765625
4.795128656000088,1800.0,-0.025390625,2.01171875,-0.009765625
4.800093643999844,1800.0,-0.025390625,2.01171875,-0.009765625
4.805086650999783,1800.0,-0.025390625,2.01171875,-0.009765625
4.810089823999988,1800.0,-0.025390625,2.01171875,-0.009765625
4.815085941999769,1800.0,-0.025390625,2.01171875,-0.009765625
4.820103873999869,1800.0,-0.009765625,2.0390625,-0.00390625
4.825089898999977,1800.0,-0.009765625,2.0390625,-0.00390625
4.8300863869999375,1800.0,-0.009765625,2.0390625,-0.00390625
4.835086246000174,1800.0,-0.009765625,2.0390625,-0.00390625
4.8400839930000075,1800.0,-0.009765625,2.0390625,-0.00390625
4.845083795999926,1800.0,-0.009765625,2.0390625,-0.00390625
4.850084894999782,1800.0,-0.009765625,2.0390625,-0.00390625
4.855088475999764,1800.0,-0.009765625,2.0390625,-0.00390625
4.860206260999803,1800.0,-0.009765625,2.0390625,-0.00390625
4.865110118999837,1800.0,-0.009765625,2.0390625,-0.00390625
4.870093163000092,1800.0,-0.05078125,1.830078125,0.033203125
4.875094169000022,1800.0,-0.05078125,1.830078125,0.033203125
4.880084416000045,1800.0,-0.05078125,1.830078125,0.033203125
4.885086385999784,1800.0,-0.05078125,1.830078125,0.033203125
4.8900882819998515,1800.0,-0.05078125,1.830078125,0.033203125
4.895085287999791,1800.0,-0.05078125,1.830078125,0.033203125
4.900088997999774,1800.0,-0.05078125,1.830078125,0.033203125
4.905086616000062,1800.0,-0.05078125,1.830078125,0.033203125
4.910087271000066,1800.0,-0.05078125,1.830078125,0.033203125
4.915084591999857,1800.0,-0.05078125,1.830078125,0.033203125
4.92010719200016,1800.0,-0.009765625,1.73828125,-0.009765625
4.925089957000182,1800.0,-0.009765625,1.73828125,-0.009765625
4.930087779000132,1800.0,-0.009765625,1.73828125,-0.009765625
4.935096304000126,1800.0,-0.009765625,1.73828125,-0.009765625
4.940086718000202,1800.0,-0.009765625,1.73828125,-0.009765625
4.945084390999909,1800.0,-0.009765625,1.73828125,-0.009765625
4.950085546000082,1800.0,-0.009765625,1.73828125,-0.009765625
4.955083404000106,1800.0,-0.009765625,1.73828125,-0.009765625
4.960195225999996,1800.0,-0.009765625,1.73828125,-0.009765625
4.965098825000041,1800.0,-0.009765625,1.73828125,-0.009765625
4.970095108999885,1800.0,0.0546875,1.728515625,-0.0625
4.975091504999909,1800.0,0.0546875,1.728515625,-0.0625
4.980089399999997,1800.0,0.0546875,1.728515625,-0.0625
4.985084926000127,1800.0,0.0546875,1.728515625,-0.0625
4.990099061999899,1800.0,0.0546875,1.728515625,-0.0625
4.9951441799998975,1800.0,0.0546875,1.728515625,-0.0625
5.000093111999831,1800.0,0.0546875,1.728515625,-0.0625
5.005088136999802,1800.0,0.0546875,1.728515625,-0.0625
5.010086198999943,1800.0,0.0546875,1.728515625,-0.0625
5.015084205999756,1800.0,0.0546875,1.728515625,-0.0625
5.020082619999812,1800.0,-0.017578125,1.583984375,-0.01953125
5.025097163999817,1800.0,-0.017578125,1.583984375,-0.01953125
5.030089189000137,1800.0,-0.017578125,1.583984375,-0.01953125
5.035085084000002,1800.0,-0.017578125,1.583984375,-0.01953125
5.040082628000164,1800.0,-0.017578125,1.583984375,-0.01953125
5.045083079000051,1800.0,-0.017578125,1.583984375,-0.01953125
5.0500841039997795,1800.0,-0.017578125,1.583984375,-0.01953125
5.055084722000174,1800.0,-0.017578125,1.583984375,-0.01953125
5.060083673000008,1800.0,-0.017578125,1.583984375,-0.01953125
5.065107827999782,1800.0,-0.017578125,1.583984375,-0.01953125
5.070087796999815,1800.0,0.076171875,-0.404296875,-0.025390625
5.075248897000165,1800.0,0.076171875,-0.404296875,-0.025390625
5.080105569999887,1800.0,0.076171875,-0.404296875,-0.025390625
5.085201094999775,1800.0,0.076171875,-0.404296875,-0.025390625
5.090202880000106,1800.0,0.076171875,-0.404296875,-0.025390625
5.0950941450000755,1800.0,0.076171875,-0.404296875,-0.025390625
5.100086743999782,1800.0,0.076171875,-0.404296875,-0.025390625
5.105107195000073,1800.0,0.076171875,-0.404296875,-0.025390625
5.110093516999768,1800.0,0.076171875,-0.404296875,-0.025390625
5.115085375000035,1800.0,0.076171875,-0.404296875,-0.025390625
5.120084993000091,1800.0,-0.115234375,-0.431640625,0.11328125
5.1250926660000005,1800.0,-0.115234375,-0.431640625,0.11328125
5.130096932000015,1800.0,-0.115234375,-0.431640625,0.11328125
5.135085790000176,1800.0,-0.115234375,-0.431640625,0.11328125
5.140084167000168,1800.0,-0.115234375,-0.431640625,0.11328125
5.145084080999823,1800.0,-0.115234375,-0.431640625,0.11328125
5.150084588000027,1800.0,-0.115234375,-0.431640625,0.11328125
5.1550852430000305,1800.0,-0.115234375,-0.431640625,0.11328125
5.160083063999991,1800.0,-0.115234375,-0.431640625,0.11328125
5.165082310999878,1800.0,-0.115234375,-0.431640625,0.11328125
5.170083558999977,1800.0,-0.02734375,-0.38671875,0.025390625
5.1750936949997595,1800.0,-0.02734375,-0.38671875,0.025390625
5.180083776000174,1800.0,-0.02734375,-0.38671875,0.025390625
5.1850849490001565,1800.0,-0.02734375,-0.38671875,0.025390625
5.190083695999874,1800.0,-0.02734375,-0.38671875,0.025390625
5.195137814000191,1800.0,-0.02734375,-0.38671875,0.025390625
5.200092709999808,1800.0,-0.02734375,-0.38671875,0.025390625
5.20509038299997,1800.0,-0.02734375,-0.38671875,0.025390625
5.210124575000009,1800.0,-0.02734375,-0.38671875,0.025390625
5.215091803000178,1800.0,-0.02734375,-0.38671875,0.025390625
5.220084698999926,1800.0,0.0859375,-0.228515625,-0.052734375
5.225090187000205,1800.0,0.0859375,-0.228515625,-0.052734375
5.2301250089999485,1800.0,0.0859375,-0.228515625,-0.052734375
5.23509058899981,1800.0,0.0859375,-0.228515625,-0.052734375
5.240084929000204,1800.0,0.0859375,-0.228515625,-0.052734375
5.245084842999859,1800.0,0.0859375,-0.228515625,-0.052734375
5.250086219999957,1800.0,0.0859375,-0.228515625,-0.052734375
5.255084060000172,1800.0,0.0859375,-0.228515625,-0.052734375
5.260082732999763,1800.0,0.0859375,-0.228515625,-0.052734375
5.265109073000076,1800.0,0.0859375,-0.228515625,-0.052734375
5.270092061000014,1800.0,-0.130859375,-0.140625,-0.0546875
5.275164845999825,1800.0,-0.130859375,-0.140625,-0.0546875
5.280108593000023,1800.0,-0.130859375,-0.140625,-0.0546875
5.285092099999929,1800.0,-0.130859375,-0.140625,-0.0546875
5.290087754000069,1800.0,-0.130859375,-0.140625,-0.0546875
5.295088593999935,1800.0,-0.130859375,-0.140625,-0.0546875
5.30008630500015,1800.0,-0.130859375,-0.140625,-0.0546875
5.30508401499992,1800.0,-0.130859375,-0.140625,-0.0546875
5.310110114000054,1800.0,-0.130859375,-0.140625,-0.0546875
5.315084731999832,1800.0,-0.130859375,-0.140625,-0.0546875
5.320085442000163,1800.0,0.154296875,-0.0546875,-0.00390625
5.3250910970000405,1800.0,0.154296875,-0.0546875,-0.00390625
5.330084659000022,1800.0,0.154296875,-0.0546875,-0.00390625
5.335083517999919,1800.0,0.154296875,-0.0546875,-0.00390625
5.340083838999817,1800.0,0.154296875,-0.0546875,-0.00390625
5.345085400999778,1800.0,0.154296875,-0.0546875,-0.00390625
5.350083722999898,1800.0,0.154296875,-0.0546875,-0.00390625
5.355083285000092,1800.0,0.154296875,-0.0546875,-0.00390625
5.360082494999915,1800.0,0.154296875,-0.0546875,-0.00390625
5.365091742000004,1800.0,0.154296875,-0.0546875,-0.00390625
5.370086915999764,1800.0,-0.072265625,0.08203125,0.044921875
5.375087810999958,1800.0,-0.072265625,0.08203125,0.044921875
5.380085355000119,1800.0,-0.072265625,0.08203125,0.044921875
5.385083639000186,1800.0,-0.072265625,0.08203125,0.044921875
5.390084683000168,1800.0,-0.072265625,0.08203125,0.044921875
5.395133429999987,1800.0,-0.072265625,0.08203125,0.044921875
5.400091029000123,1800.0,-0.072265625,0.08203125,0.044921875
5.405086683999798,1800.0,-0.072265625,0.08203125,0.044921875
5.410087043000203,1800.0,-0.072265625,0.08203125,0.044921875
5.415085809000175,1800.0,-0.072265625,0.08203125,0.044921875
5.420085073999871,1800.0,-0.07421875,0.0625,0.025390625
5.425089155000023,1800.0,-0.07421875,0.0625,0.025390625
5.430102106000049,1800.0,-0.07421875,0.0625,0.025390625
5.435084816000199,1800.0,-0.07421875,0.0625,0.025390625
5.4400850269998955,1800.0,-0.07421875,0.0625,0.025390625
5.445083995999994,1800.0,-0.07421875,0.0625,0.025390625
5.45008374400004,1800.0,-0.07421875,0.0625,0.025390625
5.455083713000022,1800.0,-0.07421875,0.0625,0.025390625
5.460083850000046,1800.0,-0.07421875,0.0625,0.025390625
5.465083911999955,1800.0,-0.07421875,0.0625,0.025390625
5.4700829369999155,1800.0,0.08984375,-0.001953125,0.0234375
5.4750884250001945,1800.0,0.08984375,-0.001953125,0.0234375
5.480083782999827,1800.0,0.08984375,-0.001953125,0.0234375
5.48508336399982,1800.0,0.08984375,-0.001953125,0.0234375
5.490083833999961,1800.0,0.08984375,-0.001953125,0.0234375
5.495083154999975,1800.0,0.08984375,-0.001953125,0.0234375
5.500082773000031,1800.0,0.08984375,-0.001953125,0.0234375
5.50508402000014,1800.0,0.08984375,-0.001953125,0.0234375
5.510084249000101,1800.0,0.08984375,-0.001953125,0.0234375
5.515083329999925,1800.0,0.08984375,-0.001953125,0.0234375
5.520083094999791,1800.0,-0.119140625,-0.0078125,-0.037109375
5.525086343000112,1800.0,-0.119140625,-0.0078125,-0.037109375
5.530092663999767,1800.0,-0.119140625,-0.0078125,-0.037109375
5.535085966999759,1800.0,-0.119140625,-0.0078125,-0.037109375
5.540084454999942,1800.0,-0.119140625,-0.0078125,-0.037109375
5.545083257999977,1800.0,-0.119140625,-0.0078125,-0.037109375
5.550084356999832,1800.0,-0.119140625,-0.0078125,-0.037109375
5.555082271000174,1800.0,-0.119140625,-0.0078125,-0.037109375
5.5600824080001985,1800.0,-0.119140625,-0.0078125,-0.037109375
5.565082303000054,1800.0,-0.119140625,-0.0078125,-0.037109375
5.570083327999782,1800.0,0.126953125,0.0390625,-0.041015625
5.57508763099986,1800.0,0.126953125,0.0390625,-0.041015625
5.580083453000043,1800.0,0.126953125,0.0390625,-0.041015625
5.585083569999824,1800.0,0.126953125,0.0390625,-0.041015625
5.59008355800006,1800.0,0.126953125,0.0390625,-0.041015625
5.595120380000026,1800.0,0.126953125,0.0390625,-0.041015625
5.60009305299991,1800.0,0.126953125,0.0390625,-0.041015625
5.605084967000039,1800.0,0.126953125,0.0390625,-0.041015625
5.610085713999979,1800.0,0.126953125,0.0390625,-0.041015625
5.615085017000183,1800.0,0.126953125,0.0390625,-0.041015625
5.620082709000144,1800.0,0.01171875,0.14453125,-0.00390625
5.6250872159998835,1800.0,0.01171875,0.14453125,-0.00390625
5.630084981999971,1800.0,0.01171875,0.14453125,-0.00390625
5.635090321999996,1800.0,0.01171875,0.14453125,-0.00390625
5.6400835869999355,1800.0,0.01171875,0.14453125,-0.00390625
5.645084371999928,1800.0,0.01171875,0.14453125,-0.00390625
5.650083119000101,1800.0,0.01171875,0.14453125,-0.00390625
5.655084180999893,1800.0,0.01171875,0.14453125,-0.00390625
5.660089373000119,1800.0,0.01171875,0.14453125,-0.00390625
5.665084176000164,1800.0,0.01171875,0.14453125,-0.00390625
5.670084312000199,1800.0,-0.099609375,0.1640625,0.029296875
5.675087318999886,1800.0,-0.099609375,0.1640625,0.029296875
5.6800847509998675,1800.0,-0.099609375,0.1640625,0.029296875
5.685083499000029,1800.0,-0.099609375,0.1640625,0.029296875
5.690104930999951,1800.0,-0.099609375,0.1640625,0.029296875
5.6950860490001105,1800.0,-0.099609375,0.1640625,0.029296875
5.700083536999955,1800.0,-0.099609375,0.1640625,0.029296875
5.705087802999969,1800.0,-0.099609375,0.1640625,0.029296875
5.710085364999941,1800.0,-0.099609375,0.1640625,0.029296875
5.715085500999976,1800.0,-0.099609375,0.1640625,0.029296875
5.720082971000011,1800.0,0.087890625,0.251953125,0.015625
5.725085589000173,1800.0,0.087890625,0.251953125,0.015625
5.730086224999923,1800.0,0.087890625,0.251953125,0.015625
5.735084454000116,1800.0,0.087890625,0.251953125,0.015625
5.7400845160000245,1800.0,0.087890625,0.251953125,0.015625
5.7450835599997845,1800.0,0.087890625,0.251953125,0.015625
5.75008501100001,1800.0,0.087890625,0.251953125,0.015625
5.755083776999982,1800.0,0.087890625,0.251953125,0.015625
5.760082245999911,1800.0,0.087890625,0.251953125,0.015625
5.765110790000108,1800.0,0.087890625,0.251953125,0.015625
5.77008822200014,1800.0,-0.083984375,0.298828125,-0.021484375
5.7750926919998165,1800.0,-0.083984375,0.298828125,-0.021484375
5.780117512999823,1800.0,-0.083984375,0.298828125,-0.021484375
5.785092112999791,1800.0,-0.083984375,0.298828125,-0.021484375
5.790109156000199,1800.0,-0.083984375,0.298828125,-0.021484375
5.79515273700008,1800.0,-0.083984375,0.298828125,-0.021484375
5.800118057999953,1800.0,-0.083984375,0.298828125,-0.021484375
5.805089454000154,1800.0,-0.083984375,0.298828125,-0.021484375
5.8100874970000405,1800.0,-0.083984375,0.298828125,-0.021484375
5.815083893000065,1800.0,-0.083984375,0.298828125,-0.021484375
5.8200840290001,1800.0,0.0703125,0.328125,-0.025390625
5.825091814000189,1800.0,0.0703125,0.328125,-0.025390625
5.830090894000023,1800.0,0.0703125,0.328125,-0.025390625
5.8350875860001,1800.0,0.0703125,0.328125,-0.025390625
5.840084852000018,1800.0,0.0703125,0.328125,-0.025390625
5.845083692000117,1800.0,0.0703125,0.328125,-0.025390625
5.850085384000067,1800.0,0.0703125,0.328125,-0.025390625
5.855084094000176,1800.0,0.0703125,0.328125,-0.025390625
5.860084303999884,1800.0,0.0703125,0.328125,-0.025390625
5.865100958999847,1800.0,0.0703125,0.328125,-0.025390625
5.870090410000103,1800.0,0.03125,0.15234375,0.00390625
5.87509073199999,1800.0,0.03125,0.15234375,0.00390625
5.880084089999855,1800.0,0.03125,0.15234375,0.00390625
5.8850835779999215,1800.0,0.03125,0.15234375,0.00390625
5.890084122000189,1800.0,0.03125,0.15234375,0.00390625
5.895085275999918,1800.0,0.03125,0.15234375,0.00390625
5.900084078999953,1800.0,0.03125,0.15234375,0.00390625
5.90508317900003,1800.0,0.03125,0.15234375,0.00390625
5.91008355599979,1800.0,0.03125,0.15234375,0.00390625
5.915083172999857,1800.0,0.03125,0.15234375,0.00390625
5.920082975999776,1800.0,-0.08984375,-0.193359375,0.033203125
5.925087038000129,1800.0,-0.08984375,-0.193359375,0.033203125
5.930090156000006,1800.0,-0.08984375,-0.193359375,0.033203125
5.93508484799986,1800.0,-0.08984375,-0.193359375,0.033203125
5.940101040000172,1800.0,-0.08984375,-0.193359375,0.033203125
5.945084417000089,1800.0,-0.08984375,-0.193359375,0.033203125
5.950084849000177,1800.0,-0.08984375,-0.193359375,0.033203125
5.955083651999757,1800.0,-0.08984375,-0.193359375,0.033203125
5.960147233000043,1800.0,-0.08984375,-0.193359375,0.033203125
5.965162868999869,1800.0,-0.08984375,-0.193359375,0.033203125
5.970093709000139,1800.0,0.076171875,-0.091796875,0.01171875
5.975093197000206,1800.0,0.076171875,-0.091796875,0.01171875
5.980085037000208,1800.0,0.076171875,-0.091796875,0.01171875
5.985084172999905,1800.0,0.076171875,-0.091796875,0.01171875
5.990086068999972,1800.0,0.076171875,-0.091796875,0.01171875
5.995133130999875,1800.0,0.076171875,-0.091796875,0.01171875
6.000093082000149,1800.0,0.076171875,-0.091796875,0.01171875
6.005087791999813,1800.0,0.076171875,-0.091796875,0.01171875
6.010086687999774,1800.0,0.076171875,-0.091796875,0.01171875
6.015084602000115,1800.0,0.076171875,-0.091796875,0.01171875
6.020084275000045,1800.0,-0.033203125,-0.01953125,-0.033203125
6.025093263000144,1800.0,-0.033203125,-0.01953125,-0.033203125
6.030124250999961,1800.0,-0.033203125,-0.01953125,-0.033203125
6.0350919990000875,1800.0,-0.033203125,-0.01953125,-0.033203125
6.0400855240000055,1800.0,-0.033203125,-0.01953125,-0.033203125
6.0450861230001465,1800.0,-0.033203125,-0.01953125,-0.033203125
6.05008677800015,1800.0,-0.033203125,-0.01953125,-0.033203125
6.055084599000111,1800.0,-0.033203125,-0.01953125,-0.033203125
6.060083382999892,1800.0,-0.033203125,-0.01953125,-0.033203125
6.065104149000035,1800.0,-0.033203125,-0.01953125,-0.033203125
6.0700914889998785,1800.0,0.0390625,0.0625,-0.0234375
6.0752561819999755,1800.0,0.0390625,0.0625,-0.0234375
6.080104354000014,1800.0,0.0390625,0.0625,-0.0234375
6.085212953999871,1800.0,0.0390625,0.0625,-0.0234375
6.0902037020000535,1800.0,0.0390625,0.0625,-0.0234375
6.09510096699978,1800.0,0.0390625,0.0625,-0.0234375
6.100190269999985,1800.0,0.0390625,0.0625,-0.0234375
6.10520444399981,1800.0,0.0390625,0.0625,-0.0234375
6.110192708999875,1800.0,0.0390625,0.0625,-0.0234375
6.115207827000177,1800.0,0.0390625,0.0625,-0.0234375
6.12018559299986,1800.0,0.0078125,0.091796875,0.005859375
6.125195174000055,1800.0,0.0078125,0.091796875,0.005859375
6.130197902999953,1800.0,0.0078125,0.091796875,0.005859375
6.135181094000018,1800.0,0.0078125,0.091796875,0.005859375
6.1401824710001165,1800.0,0.0078125,0.091796875,0.005859375
6.145180070000151,1800.0,0.0078125,0.091796875,0.005859375
6.150184077000176,1800.0,0.0078125,0.091796875,0.005859375
6.1551824170001055,1800.0,0.0078125,0.091796875,0.005859375
6.160178626999823,1800.0,0.0078125,0.091796875,0.005859375
6.165178151999953,1800.0,0.0078125,0.091796875,0.005859375
6.1701809179999145,1800.0,-0.076171875,-0.001953125,0.025390625
6.1751852209999925,1800.0,-0.076171875,-0.001953125,0.025390625
6.180180413000016,1800.0,-0.076171875,-0.001953125,0.025390625
6.185179789999893,1800.0,-0.076171875,-0.001953125,0.025390625
6.190185463000034,1800.0,-0.076171875,-0.001953125,0.025390625
6.195281969999996,1800.0,-0.076171875,-0.001953125,0.025390625
6.2001685129998805,1800.0,-0.076171875,-0.001953125,0.025390625
6.205147520000082,1800.0,-0.076171875,-0.001953125,0.025390625
6.210161470999992,1800.0,-0.076171875,-0.001953125,0.025390625
6.2151518109999415,1800.0,-0.076171875,-0.001953125,0.025390625
6.220145817999764,1800.0,0.046875,-0.0390625,-0.001953125
6.2251535649998,1800.0,0.046875,-0.0390625,-0.001953125
6.230152237999846,1800.0,0.046875,-0.0390625,-0.001953125
6.235152819000177,1800.0,0.046875,-0.0390625,-0.001953125
6.240147418000106,1800.0,0.046875,-0.0390625,-0.001953125
6.245143961999929,1800.0,0.046875,-0.0390625,-0.001953125
6.250204895000024,1798.0,0.046875,-0.0390625,-0.001953125
6.255155012000159,1796.0,0.046875,-0.0390625,-0.001953125
6.260144092999781,1794.0,0.046875,-0.0390625,-0.001953125
6.265177822000169,1792.0,0.046875,-0.0390625,-0.001953125
6.270176735999939,1790.0,-0.021484375,-0.005859375,-0.017578125
6.275155964000078,1788.0,-0.021484375,-0.005859375,-0.017578125
6.280145730000186,1786.0,-0.021484375,-0.005859375,-0.017578125
6.285146236999935,1784.0,-0.021484375,-0.005859375,-0.017578125
6.290178318000017,1782.0,-0.021484375,-0.005859375,-0.017578125
6.295145935000164,1780.0,-0.021484375,-0.005859375,-0.017578125
6.300145626999893,1778.0,-0.021484375,-0.005859375,-0.017578125
6.305144060000202,1776.0,-0.021484375,-0.005859375,-0.017578125
6.310146380999868,1774.0,-0.021484375,-0.005859375,-0.017578125
6.315141998999934,1772.0,-0.021484375,-0.005859375,-0.017578125
6.32014198700017,1770.0,0.021484375,0.056640625,-0.01171875
6.325143604999994,1768.0,0.021484375,0.056640625,-0.01171875
6.330143629999839,1766.0,0.021484375,0.056640625,-0.01171875
6.335142006999831,1764.0,0.021484375,0.056640625,-0.01171875
6.3401431610000145,1762.0,0.021484375,0.056640625,-0.01171875
6.345146650000061,1760.0,0.021484375,0.056640625,-0.01171875
6.350144675000138,1758.0,0.021484375,0.056640625,-0.01171875
6.355150606999814,1756.0,0.021484375,0.056640625,-0.01171875
6.360142391999943,1754.0,0.021484375,0.056640625,-0.01171875
6.365163768999992,1752.0,0.021484375,0.056640625,-0.01171875
6.370164571999794,1750.0,0.02734375,0.009765625,-0.001953125
6.3751509859998805,1748.0,0.02734375,0.009765625,-0.001953125
6.38014665899982,1746.0,0.02734375,0.009765625,-0.001953125
6.385144443000172,1744.0,0.02734375,0.009765625,-0.001953125
6.390142708999974,1742.0,0.02734375,0.009765625,-0.001953125
6.395196530999783,1740.0,0.02734375,0.009765625,-0.001953125
6.400180093000017,1738.0,0.02734375,0.009765625,-0.001953125
6.405200100000002,1736.0,0.02734375,0.009765625,-0.001953125
6.410170384000139,1734.0,0.02734375,0.009765625,-0.001953125
6.415164130999983,1732.0,0.02734375,0.009765625,-0.001953125
6.420161303999976,1730.0,-0.0390625,-0.046875,0.0078125
6.425166885000181,1728.0,-0.0390625,-0.046875,0.0078125
6.430165150999983,1726.0,-0.0390625,-0.046875,0.0078125
6.435160490999806,1724.0,-0.0390625,-0.046875,0.0078125
6.44015992300001,1722.0,-0.0390625,-0.046875,0.0078125
6.445160319000024,1720.0,-0.0390625,-0.046875,0.0078125
6.45018273300002,1718.0,-0.0390625,-0.046875,0.0078125
6.455160721000084,1716.0,-0.0390625,-0.046875,0.0078125
6.4601588760001505,1714.0,-0.0390625,-0.046875,0.0078125
6.465159975000006,1712.0,-0.0390625,-0.046875,0.0078125
6.470162296000126,1710.0,0.033203125,-0.01953125,-0.00390625
6.475163729000087,1708.0,0.033203125,-0.01953125,-0.00390625
6.480158124999889,1706.0,0.033203125,-0.01953125,-0.00390625
6.485159835000104,1704.0,0.033203125,-0.01953125,-0.00390625
6.490161138000076,1702.0,0.033203125,-0.01953125,-0.00390625
6.4951595150000685,1700.0,0.033203125,-0.01953125,-0.00390625
6.5001494289999755,1698.0,0.033203125,-0.01953125,-0.00390625
6.505146823999894,1696.0,0.033203125,-0.01953125,-0.00390625
6.5101454969999395,1694.0,0.033203125,-0.01953125,-0.00390625
6.515145023000059,1692.0,0.033203125,-0.01953125,-0.00390625
6.520143325999925,1690.0,-0.00390625,-0.001953125,-0.01171875
6.525147942999865,1688.0,-0.00390625,-0.001953125,-0.01171875
6.53015874599987,1686.0,-0.00390625,-0.001953125,-0.01171875
6.535148882000158,1684.0,-0.00390625,-0.001953125,-0.01171875
6.540143666999938,1682.0,-0.00390625,-0.001953125,-0.01171875
6.545143672999984,1680.0,-0.00390625,-0.001953125,-0.01171875
6.550147086999914,1678.0,-0.00390625,-0.001953125,-0.01171875
6.555145630999959,1676.0,-0.00390625,-0.001953125,-0.01171875
6.560142933999941,1674.0,-0.00390625,-0.001953125,-0.01171875
6.565143663000072,1672.0,-0.00390625,-0.001953125,-0.01171875
6.570143946999906,1670.0,-0.0078125,0.01171875,-0.00390625
6.57514967599991,1668.0,-0.0078125,0.01171875,-0.00390625
6.580143683000188,1666.0,-0.0078125,0.01171875,-0.00390625
6.585184856000069,1664.0,-0.0078125,0.01171875,-0.00390625
6.590156103000027,1662.0,-0.0078125,0.01171875,-0.00390625
6.595201313999951,1660.0,-0.0078125,0.01171875,-0.00390625
6.6001879320001535,1658.0,-0.0078125,0.01171875,-0.00390625
6.605151900999772,1656.0,-0.0078125,0.01171875,-0.00390625
6.610149037000156,1654.0,-0.0078125,0.01171875,-0.00390625
6.615147395999884,1652.0,-0.0078125,0.01171875,-0.00390625
6.620144550000077,1650.0,0.029296875,0.0078125,0.0
6.62515092700005,1648.0,0.029296875,0.0078125,0.0
6.630146508000053,1646.0,0.029296875,0.0078125,0.0
6.635145236999961,1644.0,0.029296875,0.0078125,0.0
6.640143187999911,1642.0,0.029296875,0.0078125,0.0
6.6451446760002,1640.0,0.029296875,0.0078125,0.0
6.650145608999992,1638.0,0.029296875,0.0078125,0.0
6.655146208000133,1636.0,0.029296875,0.0078125,0.0
6.66014399200003,1634.0,0.029296875,0.0078125,0.0
6.665144388000044,1632.0,0.029296875,0.0078125,0.0
6.670146727999963,1630.0,-0.0234375,-0.02734375,0.0
6.675145475000136,1628.0,-0.0234375,-0.02734375,0.0
6.6801419819998955,1626.0,-0.0234375,-0.02734375,0.0
6.685141192000174,1624.0,-0.0234375,-0.02734375,0.0
6.690146179999829,1622.0,-0.0234375,-0.02734375,0.0
6.695142464000128,1620.0,-0.0234375,-0.02734375,0.0
6.70014350800011,1618.0,-0.0234375,-0.02734375,0.0
6.705142384999817,1616.0,-0.0234375,-0.02734375,0.0
6.710173854999994,1614.0,-0.0234375,-0.02734375,0.0
6.715142916999866,1612.0,-0.0234375,-0.02734375,0.0
6.720143072000155,1610.0,0.0078125,-0.03125,0.001953125
6.725144282000201,1608.0,0.0078125,-0.03125,0.001953125
6.730149825999888,1606.0,0.0078125,-0.03125,0.001953125
6.735141572999964,1604.0,0.0078125,-0.03125,0.001953125
6.740140839000105,1602.0,0.0078125,-0.03125,0.001953125
6.7451424199998655,1600.0,0.0078125,-0.03125,0.001953125
6.75014561099988,1598.0,0.0078125,-0.03125,0.001953125
6.755142544000137,1596.0,0.0078125,-0.03125,0.001953125
6.760152605999792,1594.0,0.0078125,-0.03125,0.001953125
6.765144168000006,1592.0,0.0078125,-0.03125,0.001953125
6.770179694000035,1590.0,0.0078125,-0.046875,-0.00390625
6.775171773999773,1588.0,0.0078125,-0.046875,-0.00390625
6.780155114000081,1586.0,0.0078125,-0.046875,-0.00390625
6.785145675999956,1584.0,0.0078125,-0.046875,-0.00390625
6.790164404999814,1582.0,0.0078125,-0.046875,-0.00390625
6.795228226999825,1580.0,0.0078125,-0.046875,-0.00390625
6.800170306999917,1578.0,0.0078125,-0.046875,-0.00390625
6.805150628999854,1576.0,0.0078125,-0.046875,-0.00390625
6.810150709000027,1574.0,0.0078125,-0.046875,-0.00390625
6.8151487899999665,1572.0,-0.01171875,-0.060546875,-0.001953125
6.820148704000076,1570.0,-0.01171875,-0.060546875,-0.001953125
6.825145840000005,1568.0,-0.01171875,-0.060546875,-0.001953125
6.830144550000114,1566.0,-0.01171875,-0.060546875,-0.001953125
6.835143965000043,1564.0,-0.01171875,-0.060546875,-0.001953125
6.84014358200011,1562.0,-0.01171875,-0.060546875,-0.001953125
6.845144217999859,1560.0,-0.01171875,-0.060546875,-0.001953125
6.8501465579997785,1558.0,-0.01171875,-0.060546875,-0.001953125
6.85514447200012,1556.0,-0.01171875,-0.060546875,-0.001953125
6.8601451459999225,1554.0,-0.01171875,-0.060546875,-0.001953125
6.8651437630001055,1552.0,0.0234375,-0.08984375,0.001953125
6.870162085000175,1550.0,0.0234375,-0.08984375,0.001953125
6.87514718400007,1548.0,0.0234375,-0.08984375,0.001953125
6.880142819999946,1546.0,0.0234375,-0.08984375,0.001953125
6.885142882999844,1544.0,0.0234375,-0.08984375,0.001953125
6.890146592999827,1542.0,0.0234375,-0.08984375,0.001953125
6.8951463029998195,1540.0,0.0234375,-0.08984375,0.001953125
6.9001449389998015,1538.0,0.0234375,-0.08984375,0.001953125
6.905142834999879,1536.0,0.0234375,-0.08984375,0.001953125
6.910145656000168,1534.0,0.0234375,-0.08984375,0.001953125
6.915168330000142,1532.0,-0.017578125,-0.193359375,-0.00390625
6.9201561139998375,1530.0,-0.017578125,-0.193359375,-0.00390625
6.925148972999978,1528.0,-0.017578125,-0.193359375,-0.00390625
6.930144441999801,1526.0,-0.017578125,-0.193359375,-0.00390625
6.935146540999995,1524.0,-0.017578125,-0.193359375,-0.00390625
6.94014534400003,1522.0,-0.017578125,-0.193359375,-0.00390625
6.945144646999779,1520.0,-0.017578125,-0.193359375,-0.00390625
6.950145265000174,1518.0,-0.017578125,-0.193359375,-0.00390625
6.955145160000029,1516.0,-0.017578125,-0.193359375,-0.00390625
6.9602130190000935,1514.0,-0.017578125,-0.193359375,-0.00390625
6.96529304500018,1512.0,0.005859375,-0.126953125,-0.009765625
6.97017169899982,1510.0,0.005859375,-0.126953125,-0.009765625
6.975149464999959,1508.0,0.005859375,-0.126953125,-0.009765625
6.9801464530000885,1506.0,0.005859375,-0.126953125,-0.009765625
6.985150736999913,1504.0,0.005859375,-0.126953125,-0.009765625
6.990149669999937,1502.0,0.005859375,-0.126953125,-0.009765625
6.995183213000018,1500.0,0.005859375,-0.126953125,-0.009765625
7.000150998000208,1500,0.005859375,-0.126953125,-0.009765625
7.005146318999778,1500,0.005859375,-0.126953125,-0.009765625
7.010150678000173,1500,0.005859375,-0.126953125,-0.009765625
7.015143442999943,1500,0.021484375,-0.158203125,-0.009765625
7.020149154000137,1500,0.021484375,-0.158203125,-0.009765625
7.025145901000087,1500,0.021484375,-0.158203125,-0.009765625
7.030161629999839,1500,0.021484375,-0.158203125,-0.009765625
7.035146488000009,1500,0.021484375,-0.158203125,-0.009765625
7.040144883999801,1500,0.021484375,-0.158203125,-0.009765625
7.045143020000069,1500,0.021484375,-0.158203125,-0.009765625
7.0501446929997655,1500,0.021484375,-0.158203125,-0.009765625
7.055144496000139,1500,0.021484375,-0.158203125,-0.009765625
7.060142225000163,1500,0.021484375,-0.158203125,-0.009765625
7.065172027999779,1500,-0.021484375,-0.185546875,0.0078125
7.070156831000077,1500,-0.021484375,-0.185546875,0.0078125
7.075314172000162,1500,-0.021484375,-0.185546875,0.0078125
7.080275511999844,1500,-0.021484375,-0.185546875,0.0078125
7.085336888999791,1500,-0.021484375,-0.185546875,0.0078125
7.090391673999875,1500,-0.021484375,-0.185546875,0.0078125
7.095172235000064,1500,-0.021484375,-0.185546875,0.0078125
7.100154499999917,1500,-0.021484375,-0.185546875,0.0078125
7.105148007000025,1500,-0.021484375,-0.185546875,0.0078125
7.110184753999874,1500,-0.021484375,-0.185546875,0.0078125
7.11514768699999,1500,0.0,-0.2109375,0.013671875
7.120151711999824,1500,0.0,-0.2109375,0.013671875
7.125146959000176,1500,0.0,-0.2109375,0.013671875
7.130148651000127,1500,0.0,-0.2109375,0.013671875
7.1351724169999216,1500,0.0,-0.2109375,0.013671875
7.140151646000049,1500,0.0,-0.2109375,0.013671875
7.145144430000073,1500,0.0,-0.2109375,0.013671875
7.150149159000193,1500,0.0,-0.2109375,0.013671875
7.155147629000112,1500,0.0,-0.2109375,0.013671875
7.160143172000062,1500,0.0,-0.2109375,0.013671875
7.165141586000118,1500,0.001953125,-0.228515625,0.0
7.170147482000175,1500,0.001953125,-0.228515625,0.0
7.175145100000009,1500,0.001953125,-0.228515625,0.0
7.1801506060000975,1500,0.001953125,-0.228515625,0.0
7.185145427999942,1500,0.001953125,-0.228515625,0.0
7.190144860000146,1500,0.001953125,-0.228515625,0.0
7.195224978000169,1500,0.001953125,-0.228515625,0.0
7.200183966000168,1500,0.001953125,-0.228515625,0.0
7.205152749999797,1500,0.001953125,-0.228515625,0.0
7.210149089999959,1500,0.001953125,-0.228515625,0.0
7.2151785040000505,1500,0.0,-0.248046875,-0.009765625
7.220156954999766,1500,0.0,-0.248046875,-0.009765625
7.225147461999768,1500,0.0,-0.248046875,-0.009765625
7.2302057279998735,1500,0.0,-0.248046875,-0.009765625
7.235152511999786,1500,0.0,-0.248046875,-0.009765625
7.240145315000063,1500,0.0,-0.248046875,-0.009765625
7.245145265999781,1500,0.0,-0.248046875,-0.009765625
7.250145384000007,1500,0.0,-0.248046875,-0.009765625
7.255143242000031,1500,0.0,-0.248046875,-0.009765625
7.260143934000098,1500,0.0,-0.248046875,-0.009765625
7.265141496000069,1500,0.021484375,-0.259765625,-0.001953125
7.270200448000196,1500,0.021484375,-0.259765625,-0.001953125
7.275164695000058,1500,0.021484375,-0.259765625,-0.001953125
7.280161367999881,1500,0.021484375,-0.259765625,-0.001953125
7.285149578000073,1500,0.021484375,-0.259765625,-0.001953125
7.290144344000055,1500,0.021484375,-0.259765625,-0.001953125
7.295146925000154,1500,0.021484375,-0.259765625,-0.001953125
7.300145265000083,1500,0.021484375,-0.259765625,-0.001953125
7.30514560499978,1500,0.021484375,-0.259765625,-0.001953125
7.310143482000058,1500,0.021484375,-0.259765625,-0.001953125
7.315150136999819,1500,-0.01953125,-0.275390625,0.009765625
7.320150994999949,1500,-0.01953125,-0.275390625,0.009765625
7.325145965000047,1500,-0.01953125,-0.275390625,0.009765625
7.330147711999871,1500,-0.01953125,-0.275390625,0.009765625
7.335142626000106,1500,-0.01953125,-0.275390625,0.009765625
7.340138391999972,1500,-0.01953125,-0.275390625,0.009765625
7.345143435999944,1500,-0.01953125,-0.275390625,0.009765625
7.350143793999905,1500,-0.01953125,-0.275390625,0.009765625
7.355142060000162,1500,-0.01953125,-0.275390625,0.009765625
7.360139974000049,1500,-0.01953125,-0.275390625,0.009765625
7.365138572999967,1500,0.00390625,-0.2890625,0.00390625
7.370167691000006,1500,0.00390625,-0.2890625,0.00390625
7.375146641999891,1500,0.00390625,-0.2890625,0.00390625
7.380141148999883,1500,0.00390625,-0.2890625,0.00390625
7.385141451999971,1500,0.00390625,-0.2890625,0.00390625
7.390147142999922,1500,0.00390625,-0.2890625,0.00390625
7.395177131999844,1500,0.00390625,-0.2890625,0.00390625
7.400152527000046,1500,0.00390625,-0.2890625,0.00390625
7.4051447189999635,1500,0.00390625,-0.2890625,0.00390625
7.410144780999872,1500,0.00390625,-0.2890625,0.00390625
7.415145231999759,1500,0.013671875,-0.3046875,-0.0078125
7.420148201999837,1500,0.013671875,-0.3046875,-0.0078125
7.425144392999755,1500,0.013671875,-0.3046875,-0.0078125
7.430145121999885,1500,0.013671875,-0.3046875,-0.0078125
7.435152388000006,1500,0.013671875,-0.3046875,-0.0078125
7.440145320999818,1500,0.013671875,-0.3046875,-0.0078125
7.4451439569998,1500,0.013671875,-0.3046875,-0.0078125
7.450143351999941,1500,0.013671875,-0.3046875,-0.0078125
7.45514313700005,1500,0.013671875,-0.3046875,-0.0078125
7.460139346999767,1500,0.013671875,-0.3046875,-0.0078125
7.465143928000089,1500,-0.005859375,-0.3203125,-0.00390625
7.4701521570000295,1500,-0.005859375,-0.3203125,-0.00390625
7.475144163000095,1500,-0.005859375,-0.3203125,-0.00390625
7.4801407810000455,1500,-0.005859375,-0.3203125,-0.00390625
7.485140639999827,1500,-0.005859375,-0.3203125,-0.00390625
7.490143664999778,1500,-0.005859375,-0.3203125,-0.00390625
7.495142949000183,1500,-0.005859375,-0.3203125,-0.00390625
7.500144474000081,1500,-0.005859375,-0.3203125,-0.00390625
7.505140092000147,1500,-0.005859375,-0.3203125,-0.00390625
7.510143636000066,1500,-0.005859375,-0.3203125,-0.00390625
7.515142882999953,1500,0.01171875,-0.33984375,0.00390625
7.520147093000105,1500,0.01171875,-0.33984375,0.00390625
7.525143729999854,1500,0.01171875,-0.33984375,0.00390625
7.5301526069997635,1500,0.01171875,-0.33984375,0.00390625
7.535147353999946,1500,0.01171875,-0.33984375,0.00390625
7.5401431199998115,1500,0.01171875,-0.33984375,0.00390625
7.545144329999857,1500,0.01171875,-0.33984375,0.00390625
7.550172522000139,1500,0.01171875,-0.33984375,0.00390625
7.555153768999844,1500,0.01171875,-0.33984375,0.00390625
7.560144646000026,1500,0.01171875,-0.33984375,0.00390625
7.56514493099985,1500,-0.009765625,-0.35546875,0.00390625
7.570149362999928,1500,-0.009765625,-0.35546875,0.00390625
7.575141258999793,1500,-0.009765625,-0.35546875,0.00390625
7.580141468999955,1500,-0.009765625,-0.35546875,0.00390625
7.585145493999789,1500,-0.009765625,-0.35546875,0.00390625
7.590144779000184,1500,-0.009765625,-0.35546875,0.00390625
7.59514441500005,1500,-0.009765625,-0.35546875,0.00390625
7.60017397699994,1500,-0.009765625,-0.35546875,0.00390625
7.605145816999993,1500,-0.009765625,-0.35546875,0.00390625
7.610148378999838,1500,-0.009765625,-0.35546875,0.00390625
7.61514568199982,1500,-0.005859375,-0.369140625,0.001953125
7.620148929000152,1500,-0.005859375,-0.369140625,0.001953125
7.625141510000049,1500,-0.005859375,-0.369140625,0.001953125
7.6301479429998835,1500,-0.005859375,-0.369140625,0.001953125
7.635145837999971,1500,-0.005859375,-0.369140625,0.001953125
7.640142530000048,1500,-0.005859375,-0.369140625,0.001953125
7.645142091999787,1500,-0.005859375,-0.369140625,0.001953125
7.650142506000066,1500,-0.005859375,-0.369140625,0.001953125
7.6551476609997735,1500,-0.005859375,-0.369140625,0.001953125
7.6601429819997975,1500,-0.005859375,-0.369140625,0.001953125
7.66514197000015,1500,0.01953125,-0.3828125,-0.001953125
7.670147217999784,1500,0.01953125,-0.3828125,-0.001953125
7.675152095000158,1500,0.01953125,-0.3828125,-0.001953125
7.680144324000139,1500,0.01953125,-0.3828125,-0.001953125
7.685143904000142,1500,0.01953125,-0.3828125,-0.001953125
7.690142947999902,1500,0.01953125,-0.3828125,-0.001953125
7.69514167699981,1500,0.01953125,-0.3828125,-0.001953125
7.70014292399992,1500,0.01953125,-0.3828125,-0.001953125
7.705144152999765,1500,0.01953125,-0.3828125,-0.001953125
7.71014282599981,1500,0.01953125,-0.3828125,-0.001953125
7.715143980999983,1500,-0.0078125,-0.3984375,0.0
7.72014346900005,1500,-0.0078125,-0.3984375,0.0
7.725141976000032,1500,-0.0078125,-0.3984375,0.0
7.730175704999965,1500,-0.0078125,-0.3984375,0.0
7.7351460079999015,1500,-0.0078125,-0.3984375,0.0
7.740143977000116,1500,-0.0078125,-0.3984375,0.0
7.745141373000024,1500,-0.0078125,-0.3984375,0.0
7.750145341999996,1500,-0.0078125,-0.3984375,0.0
7.755144718999873,1500,-0.0078125,-0.3984375,0.0
7.760143225999855,1500,-0.0078125,-0.3984375,0.0
7.765158546999828,1500,0.001953125,-0.412109375,0.00390625
7.7701860910001415,1500,0.001953125,-0.412109375,0.00390625
7.775151024000024,1500,0.001953125,-0.412109375,0.00390625
7.780154512000081,1500,0.001953125,-0.412109375,0.00390625
7.785154147999947,1500,0.001953125,-0.412109375,0.00390625
7.790147525000066,1500,0.001953125,-0.412109375,0.00390625
7.795175197999924,1500,0.001953125,-0.412109375,0.00390625
7.800182020000193,1500,0.001953125,-0.412109375,0.00390625
7.805167359999814,1500,0.001953125,-0.412109375,0.00390625
7.810151681000207,1500,0.001953125,-0.412109375,0.00390625
7.815142724999987,1500,0.005859375,-0.42578125,0.00390625
7.820147713000097,1500,0.005859375,-0.42578125,0.00390625
7.825146608000068,1500,0.005859375,-0.42578125,0.00390625
7.830145169999923,1500,0.005859375,-0.42578125,0.00390625
7.8351429180002015,1500,0.005859375,-0.42578125,0.00390625
7.8401402760000565,1500,0.005859375,-0.42578125,0.00390625
7.845142541999849,1500,0.005859375,-0.42578125,0.00390625
7.850144863999958,1500,0.005859375,-0.42578125,0.00390625
7.85514229599994,1500,0.005859375,-0.42578125,0.00390625
7.860142506000102,1500,0.005859375,-0.42578125,0.00390625
7.865140605999841,1500,-0.00390625,-0.439453125,0.001953125
7.870208038999863,1500,-0.00390625,-0.439453125,0.001953125
7.87515071200005,1500,-0.00390625,-0.439453125,0.001953125
7.88014601399982,1500,-0.00390625,-0.439453125,0.001953125
7.88515037299976,1500,-0.00390625,-0.439453125,0.001953125
7.890145324000059,1500,-0.00390625,-0.439453125,0.001953125
7.895254683000076,1500,-0.00390625,-0.439453125,0.001953125
7.900163911000163,1500,-0.00390625,-0.439453125,0.001953125
7.905170491999797,1500,-0.00390625,-0.439453125,0.001953125
7.910163462000128,1500,-0.00390625,-0.439453125,0.001953125
7.915165931000047,1500,0.015625,-0.44921875,-0.001953125
7.920170753000093,1500,0.015625,-0.44921875,-0.001953125
7.925166722000085,1500,0.015625,-0.44921875,-0.001953125
7.930164913999761,1500,0.015625,-0.44921875,-0.001953125
7.93516082799988,1500,0.015625,-0.44921875,-0.001953125
7.940159723999841,1500,0.015625,-0.44921875,-0.001953125
7.945189452999784,1500,0.015625,-0.44921875,-0.001953125
7.950164792000123,1500,0.015625,-0.44921875,-0.001953125
7.955160576999788,1500,0.015625,-0.44921875,-0.001953125
7.960157471999992,1500,0.015625,-0.44921875,-0.001953125
7.965278683000179,1500,0.001953125,-0.4609375,0.0
7.970185597000182,1500,0.001953125,-0.4609375,0.0
7.975173250999887,1500,0.001953125,-0.4609375,0.0
7.980188499000178,1500,0.001953125,-0.4609375,0.0
7.985162597999988,1500,0.001953125,-0.4609375,0.0
7.990183531000184,1500,0.001953125,-0.4609375,0.0
7.995166167000207,1500,0.001953125,-0.4609375,0.0
8.00022459999991,1500,0.001953125,-0.4609375,0.0
8.00515558699999,1500,0.001953125,-0.4609375,0.0
8.01014846399994,1500,0.001953125,-0.4609375,0.0
8.01514665600007,1500,-0.001953125,-0.474609375,0.001953125
8.020147607000126,1500,-0.001953125,-0.474609375,0.001953125
8.025146391999897,1500,-0.001953125,-0.474609375,0.001953125
8.030158676000156,1500,-0.001953125,-0.474609375,0.001953125
8.035145719999946,1500,-0.001953125,-0.474609375,0.001953125
8.040144819000034,1500,-0.001953125,-0.474609375,0.001953125
8.045143918000122,1500,-0.001953125,-0.474609375,0.001953125
8.050143110000135,1500,-0.001953125,-0.474609375,0.001953125
8.0551453019998,1500,-0.001953125,-0.474609375,0.001953125
8.060144826999931,1500,-0.001953125,-0.474609375,0.001953125
8.065173092999885,1500,0.015625,-0.484375,0.005859375
8.070177580999825,1500,0.015625,-0.484375,0.005859375
8.075319606999983,1500,0.015625,-0.484375,0.005859375
8.080283427999802,1500,0.015625,-0.484375,0.005859375
8.085394027999882,1500,0.015625,-0.484375,0.005859375
8.090236348999952,1500,0.015625,-0.484375,0.005859375
8.095243226000093,1500,0.015625,-0.484375,0.005859375
8.100164009999844,1500,0.015625,-0.484375,0.005859375
8.105141498000194,1500,0.015625,-0.484375,0.005859375
8.110160356000051,1500,0.015625,-0.484375,0.005859375
8.11514440000019,1500,-0.001953125,-0.494140625,0.001953125
8.120142813999792,1500,-0.001953125,-0.494140625,0.001953125
8.125135838999995,1500,-0.001953125,-0.494140625,0.001953125
8.130137994000052,1500,-0.001953125,-0.494140625,0.001953125
8.135135204000107,1500,-0.001953125,-0.494140625,0.001953125
8.14013187699993,1500,-0.001953125,-0.494140625,0.001953125
8.145131364999997,1500,-0.001953125,-0.494140625,0.001953125
8.150132094000128,1500,-0.001953125,-0.494140625,0.001953125
8.155131489999803,1500,-0.001953125,-0.494140625,0.001953125
8.160130254999785,1500,-0.001953125,-0.494140625,0.001953125
8.165131873000064,1500,0.01171875,-0.501953125,0.0
8.170138547000079,1500,0.01171875,-0.501953125,0.0
8.175133738000113,1500,0.01171875,-0.501953125,0.0
8.180131837999852,1500,0.01171875,-0.501953125,0.0
8.185132215000067,1500,0.01171875,-0.501953125,0.0
8.190133665999838,1500,0.01171875,-0.501953125,0.0
8.195132949999788,1500,0.01171875,-0.501953125,0.0
8.200243050000154,1500,0.01171875,-0.501953125,0.0
8.20515364899984,1500,0.01171875,-0.501953125,0.0
8.210151413999938,1500,0.01171875,-0.501953125,0.0
8.215154514000005,1500,0.0078125,-0.5078125,-0.001953125
8.220150687000114,1500,0.0078125,-0.5078125,-0.001953125
8.225146064,1500,0.0078125,-0.5078125,-0.001953125
8.23019588599982,1500,0.0078125,-0.5078125,-0.001953125
8.235188337000181,1500,0.0078125,-0.5078125,-0.001953125
8.240148973000032,1500,0.0078125,-0.5078125,-0.001953125
8.245144700999845,1500,0.0078125,-0.5078125,-0.001953125
8.250143670999933,1500,0.0078125,-0.5078125,-0.001953125
8.255172252000193,1500,0.0078125,-0.5078125,-0.001953125
8.260152444000141,1500,0.0078125,-0.5078125,-0.001953125
8.265143209000144,1500,0.00390625,-0.51171875,0.005859375
8.270192235000195,1500,0.00390625,-0.51171875,0.005859375
8.275151851999908,1500,0.00390625,-0.51171875,0.005859375
8.280148785000165,1500,0.00390625,-0.51171875,0.005859375
8.28514684699985,1500,0.00390625,-0.51171875,0.005859375
8.290148946000045,1500,0.00390625,-0.51171875,0.005859375
8.295146396999826,1500,0.00390625,-0.51171875,0.005859375
8.30016760799981,1500,0.00390625,-0.51171875,0.005859375
8.30514776200016,1500,0.00390625,-0.51171875,0.005859375
8.310145547000047,1500,0.00390625,-0.51171875,0.005859375
8.31514525700004,1500,0.009765625,-0.51953125,0.001953125
8.320149819000108,1500,0.009765625,-0.51953125,0.001953125
8.325145640999835,1500,0.009765625,-0.51953125,0.001953125
8.330147795999892,1500,0.009765625,-0.51953125,0.001953125
8.335144654000032,1500,0.009765625,-0.51953125,0.001953125
8.340144272000089,1500,0.009765625,-0.51953125,0.001953125
8.345142666999891,1500,0.009765625,-0.51953125,0.001953125
8.35014658099999,1500,0.009765625,-0.51953125,0.001953125
8.355149125000025,1500,0.009765625,-0.51953125,0.001953125
8.360143187000176,1500,0.009765625,-0.51953125,0.001953125
8.365185342000132,1500,-0.001953125,-0.525390625,0.0
8.370167755999773,1500,-0.001953125,-0.525390625,0.0
8.375145836999764,1500,-0.001953125,-0.525390625,0.0
8.380145546999756,1500,-0.001953125,-0.525390625,0.0
8.385145849999844,1500,-0.001953125,-0.525390625,0.0
8.390145412000038,1500,-0.001953125,-0.525390625,0.0
8.395144252000136,1500,-0.001953125,-0.525390625,0.0
8.40020051800002,1500,-0.001953125,-0.525390625,0.0
8.405155227999785,1500,-0.001953125,-0.525390625,0.0
8.410151956999925,1500,-0.001953125,-0.525390625,0.0
8.415144816000065,1500,0.001953125,-0.5390625,0.001953125
8.420148062999942,1500,0.001953125,-0.5390625,0.001953125
8.42514679199985,1500,0.001953125,-0.5390625,0.001953125
8.43014672399977,1500,0.001953125,-0.5390625,0.001953125
8.435145767999984,1500,0.001953125,-0.5390625,0.001953125
8.44014273799985,1500,0.001953125,-0.5390625,0.001953125
8.445143132999874,1500,0.001953125,-0.5390625,0.001953125
8.450148788000206,1500,0.001953125,-0.5390625,0.001953125
8.455144145999839,1500,0.001953125,-0.5390625,0.001953125
8.460142300999905,1500,0.001953125,-0.5390625,0.001953125
8.465141437000057,1500,0.01171875,-0.55078125,0.001953125
8.470149185000082,1500,0.01171875,-0.55078125,0.001953125
8.475147579999884,1500,0.01171875,-0.55078125,0.001953125
8.480143623999993,1500,0.01171875,-0.55078125,0.001953125
8.485143575000166,1500,0.01171875,-0.55078125,0.001953125
8.490167859999929,1500,0.01171875,-0.55078125,0.001953125
8.49514397699977,1500,0.01171875,-0.55078125,0.001953125
8.500143613000091,1500,0.01171875,-0.55078125,0.001953125
8.50514584199982,1500,0.01171875,-0.55078125,0.001953125
8.510144459999992,1500,0.01171875,-0.55078125,0.001953125
8.515144095999858,1500,0.0,-0.55078125,0.00390625
8.520147232999989,1500,0.0,-0.55078125,0.00390625
8.525144387000182,1500,0.0,-0.55078125,0.00390625
8.530158319999828,1500,0.0,-0.55078125,0.00390625
8.53514943800019,1500,0.0,-0.55078125,0.00390625
8.540142611000192,1500,0.0,-0.55078125,0.00390625
8.545148303000133,1500,0.0,-0.55078125,0.00390625
8.550146142999893,1500,0.0,-0.55078125,0.00390625
8.555144352999832,1500,0.0,-0.55078125,0.00390625
8.560143471000174,1500,0.0,-0.55078125,0.00390625
8.565142810999987,1500,0.009765625,-0.5546875,0.00390625
8.57014891000017,1500,0.009765625,-0.5546875,0.00390625
8.57514473099991,1500,0.009765625,-0.5546875,0.00390625
8.58015066400003,1500,0.009765625,-0.5546875,0.00390625
8.585146374000033,1500,0.009765625,-0.5546875,0.00390625
8.590143973000067,1500,0.009765625,-0.5546875,0.00390625
8.595144164999965,1500,0.009765625,-0.5546875,0.00390625
8.60018765399991,1500,0.009765625,-0.5546875,0.00390625
8.605154733999825,1500,0.009765625,-0.5546875,0.00390625
8.610146517999965,1500,0.009765625,-0.5546875,0.00390625
8.615145024999947,1500,0.005859375,-0.552734375,0.001953125
8.620149069000036,1500,0.005859375,-0.552734375,0.001953125
8.62514533500007,1500,0.005859375,-0.552734375,0.001953125
8.630145508000169,1500,0.005859375,-0.552734375,0.001953125
8.635142625999833,1500,0.005859375,-0.552734375,0.001953125
8.640142947000186,1500,0.005859375,-0.552734375,0.001953125
8.645146065000063,1500,0.005859375,-0.552734375,0.001953125
8.650145756999791,1500,0.005859375,-0.552734375,0.001953125
8.655144060000111,1500,0.005859375,-0.552734375,0.001953125
8.66014265900003,1500,0.005859375,-0.552734375,0.001953125
8.665145369000129,1500,0.001953125,-0.552734375,0.0
8.670147560999794,1500,0.001953125,-0.552734375,0.0
8.675145104999956,1500,0.001953125,-0.552734375,0.0
8.680142795999927,1500,0.001953125,-0.552734375,0.0
8.6851439510001,1500,0.001953125,-0.552734375,0.0
8.690247217999968,1500,0.001953125,-0.552734375,0.0
8.69516677899992,1500,0.001953125,-0.552734375,0.0
8.700150026999836,1500,0.001953125,-0.552734375,0.0
8.705145237000124,1500,0.001953125,-0.552734375,0.0
8.710153299000012,1500,0.001953125,-0.552734375,0.0
8.715181453999776,1500,0.009765625,-0.548828125,0.001953125
8.720152848999987,1500,0.009765625,-0.548828125,0.001953125
8.725147614999969,1500,0.009765625,-0.548828125,0.001953125
8.73014928900011,1500,0.009765625,-0.548828125,0.001953125
8.735175035999873,1500,0.009765625,-0.548828125,0.001953125
8.740147819999947,1500,0.009765625,-0.548828125,0.001953125
8.745144919999802,1500,0.009765625,-0.548828125,0.001953125
8.750219537999783,1500,0.009765625,-0.548828125,0.001953125
8.755145784999968,1500,0.009765625,-0.548828125,0.001953125
8.760182531999817,1500,0.009765625,-0.548828125,0.001953125
8.765156001999912,1500,0.0,-0.552734375,0.001953125
8.770203822999974,1500,0.0,-0.552734375,0.001953125
8.775158108000142,1500,0.0,-0.552734375,0.001953125
8.780151946999922,1500,0.0,-0.552734375,0.001953125
8.785156287000063,1500,0.0,-0.552734375,0.001953125
8.79015058999994,1500,0.0,-0.552734375,0.001953125
8.795172430000093,1500,0.0,-0.552734375,0.001953125
8.800202289000026,1500,0.0,-0.552734375,0.001953125
8.805154777000098,1500,0.0,-0.552734375,0.001953125
8.810174412999913,1500,0.0,-0.552734375,0.001953125
8.815177550000044,1500,0.0078125,-0.546875,0.001953125
8.82015877799995,1500,0.0078125,-0.546875,0.001953125
8.82514884000011,1500,0.0078125,-0.546875,0.001953125
8.830150587999924,1500,0.0078125,-0.546875,0.001953125
8.83515155699979,1500,0.0078125,-0.546875,0.001953125
8.840145452999877,1500,0.0078125,-0.546875,0.001953125
8.845144125999923,1500,0.0078125,-0.546875,0.001953125
8.850145391999831,1500,0.0078125,-0.546875,0.001953125
8.855143601999771,1500,0.0078125,-0.546875,0.001953125
8.860145257000113,1500,0.0078125,-0.546875,0.001953125
8.865145060000032,1500,0.0078125,-0.54296875,0.001953125
8.870170529999996,1500,0.0078125,-0.54296875,0.001953125
8.875147332999859,1500,0.0078125,-0.54296875,0.001953125
8.880150024000159,1500,0.0078125,-0.54296875,0.001953125
8.885149549999824,1500,0.0078125,-0.54296875,0.001953125
8.890144833999784,1500,0.0078125,-0.54296875,0.001953125
8.89514496999982,1500,0.0078125,-0.54296875,0.001953125
8.900143884000045,1500,0.0078125,-0.54296875,0.001953125
8.905150149999827,1500,0.0078125,-0.54296875,0.001953125
8.91014534199985,1500,0.0078125,-0.54296875,0.001953125
8.915145440999822,1500,-0.00390625,-0.533203125,0.0
8.920147687999815,1500,-0.00390625,-0.533203125,0.0
8.925145120999787,1500,-0.00390625,-0.533203125,0.0
8.930147701999886,1500,-0.00390625,-0.533203125,0.0
8.935144744999889,1500,-0.00390625,-0.533203125,0.0
8.940145382000082,1500,-0.00390625,-0.533203125,0.0
8.945146888000181,1500,-0.00390625,-0.533203125,0.0
8.950144247000026,1500,-0.00390625,-0.533203125,0.0
8.955143975999817,1500,-0.00390625,-0.533203125,0.0
8.96015833399997,1500,-0.00390625,-0.533203125,0.0
8.965261118999933,1500,0.005859375,-0.529296875,-0.001953125
8.970171551000021,1500,0.005859375,-0.529296875,-0.001953125
8.97515389099999,1500,0.005859375,-0.529296875,-0.001953125
8.9801500640001,1500,0.005859375,-0.529296875,-0.001953125
8.98514521900006,1500,0.005859375,-0.529296875,-0.001953125
8.990145373999894,1500,0.005859375,-0.529296875,-0.001953125
8.99514258399995,1500,0.005859375,-0.529296875,-0.001953125
