t,pwm,gx,gy,gz
0.00026057499962917063,1498.0,0.001953125,0.009765625,0.001953125
0.011011165999661898,1496.0,0.001953125,0.009765625,0.001953125
0.011839799999961542,1494.0,0.001953125,0.009765625,0.001953125
0.015111149999938789,1492.0,0.001953125,0.009765625,0.001953125
0.020089637999717525,1490.0,0.001953125,0.009765625,0.001953125
0.025092218999816396,1488.0,0.001953125,0.009765625,0.001953125
0.03009039299968208,1486.0,0.0,0.0,0.0
0.03509454799996092,1484.0,0.0,0.0,0.0
0.04009122099978413,1482.0,0.0,0.0,0.0
0.04508722799982934,1480.0,0.0,0.0,0.0
0.05008532699957868,1478.0,0.0,0.0,0.0
0.05528972399997656,1476.0,0.0,0.0,0.0
0.060201100999620394,1474.0,0.0,0.0,0.0
0.06526542299980065,1472.0,0.0,0.0,0.0
0.0701975769998171,1470.0,0.0,0.0,0.0
0.07510676899983082,1468.0,0.0,0.0,0.0
0.08009277499968448,1466.0,0.0,0.0,0.0
0.08513130099981936,1464.0,0.0,0.0,0.0
0.09009397399995578,1462.0,0.0,0.0,0.0
0.09509396199973708,1460.0,0.0,0.0,0.0
0.10008806199994069,1458.0,0.0,0.0,0.0
0.10509762399988176,1456.0,0.0,0.0,0.0
0.11008479699967211,1454.0,0.0,0.0,0.0
0.11508795199961241,1452.0,0.0,0.0,0.0
0.12008747799973207,1450.0,0.0,0.0,0.0
0.12508465099972454,1448.0,0.0,0.0,0.0
0.1300848429996222,1446.0,0.0,0.0,0.0
0.13509231299985913,1444.0,0.0,0.0,0.0
0.1400845789999039,1442.0,0.0,0.0,0.0
0.14509554899996147,1440.0,0.0,0.0,0.0
0.15008786999987933,1438.0,0.0,0.0,0.0
0.15508674699958647,1436.0,0.0,0.0,0.0
0.16009108799971727,1434.0,0.0,0.0,0.0
0.16508718699969904,1432.0,0.0,0.0,0.0
0.17009448999988308,1430.0,0.0,0.0,0.0
0.17509390399982294,1428.0,0.0,0.0,0.0
0.1801054299999123,1426.0,0.0,0.0,0.0
0.18510567699968306,1424.0,0.0,0.0,0.0
0.19008951699970567,1422.0,0.0,0.0,0.0
0.19509180199975162,1420.0,0.0,0.0,0.0
0.2000864379997438,1418.0,0.0,0.0,0.0
0.20508618599978945,1416.0,0.0,0.0,0.0
0.21008539599961296,1414.0,0.0,0.0,0.0
0.21513131099982274,1412.0,0.0,0.0,0.0
0.22009105799997997,1410.0,0.0,0.0,0.0
0.22509271299986722,1408.0,0.0,0.0,0.0
0.23008618299991213,1406.0,0.0,0.0,0.0
0.2351365969998369,1404.0,0.0,0.0,0.0
0.24009178899996186,1402.0,0.0,0.0,0.0
0.24508720299991182,1400.0,0.0,0.0,0.0
0.25012057999992976,1398.0,0.0,0.0,0.0
0.25517853199971796,1396.0,0.0,0.0,0.0
0.2601213899997674,1394.0,0.0,0.0,0.0
0.2650946750000003,1392.0,0.0,0.0,0.0
0.2700889219995588,1390.0,0.0,0.0,0.0
0.2750875579999956,1388.0,0.0,0.0,0.0
0.28008486199996696,1386.0,-0.00390625,0.005859375,-0.0234375
0.28508851599963236,1384.0,-0.00390625,0.005859375,-0.0234375
0.29008461599960356,1382.0,-0.00390625,0.005859375,-0.0234375
0.2950983449995874,1380.0,-0.00390625,0.005859375,-0.0234375
0.30010733299968706,1378.0,-0.00390625,0.005859375,-0.0234375
0.3050865069999418,1376.0,-0.00390625,0.005859375,-0.0234375
0.3100853279997864,1374.0,-0.00390625,0.005859375,-0.0234375
0.31521544699990045,1372.0,-0.00390625,0.005859375,-0.0234375
0.32016463799982375,1370.0,-0.00390625,0.005859375,-0.0234375
0.3250930519998292,1368.0,-0.00390625,0.005859375,-0.0234375
0.33008672599999045,1366.0,-0.001953125,0.001953125,-0.021484375
0.3350978249995933,1364.0,-0.001953125,0.001953125,-0.021484375
0.34008694299973286,1362.0,-0.001953125,0.001953125,-0.021484375
0.3450840419995984,1360.0,-0.001953125,0.001953125,-0.021484375
0.35008765999964453,1358.0,-0.001953125,0.001953125,-0.021484375
0.35508474099970044,1356.0,-0.001953125,0.001953125,-0.021484375
0.3600825809999151,1354.0,-0.001953125,0.001953125,-0.021484375
0.3650826989996858,1352.0,-0.001953125,0.001953125,-0.021484375
0.37008470599994325,1350.0,-0.001953125,0.001953125,-0.021484375
0.37508369399984076,1348.0,-0.001953125,0.001953125,-0.021484375
0.3800994789999095,1346.0,-0.01171875,-0.05078125,-0.033203125
0.38509033699983775,1344.0,-0.01171875,-0.05078125,-0.033203125
0.3900851399998828,1342.0,-0.01171875,-0.05078125,-0.033203125
0.3950852399998439,1340.0,-0.01171875,-0.05078125,-0.033203125
0.40008430199986833,1338.0,-0.01171875,-0.05078125,-0.033203125
0.40508340199994564,1336.0,-0.01171875,-0.05078125,-0.033203125
0.4100814819998959,1334.0,-0.01171875,-0.05078125,-0.033203125
0.415148396999939,1332.0,-0.01171875,-0.05078125,-0.033203125
0.42009073700000954,1330.0,-0.01171875,-0.05078125,-0.033203125
0.42508516899988535,1328.0,-0.01171875,-0.05078125,-0.033203125
0.4300886759997411,1326.0,-0.001953125,-0.091796875,-0.017578125
0.43509164599981887,1324.0,-0.001953125,-0.091796875,-0.017578125
0.4400853939996523,1322.0,-0.001953125,-0.091796875,-0.017578125
0.4450839559999622,1320.0,-0.001953125,-0.091796875,-0.017578125
0.4501810739998291,1318.0,-0.001953125,-0.091796875,-0.017578125
0.4550995989998228,1316.0,-0.001953125,-0.091796875,-0.017578125
0.4600903649998145,1314.0,-0.001953125,-0.091796875,-0.017578125
0.46508670499997606,1312.0,-0.001953125,-0.091796875,-0.017578125
0.4700842119996196,1310.0,-0.001953125,-0.091796875,-0.017578125
0.4750853109999298,1308.0,-0.001953125,-0.091796875,-0.017578125
0.4800831519996791,1306.0,0.001953125,-0.18359375,0.001953125
0.48509789899981115,1304.0,0.001953125,-0.18359375,0.001953125
0.4900905359995704,1302.0,0.001953125,-0.18359375,0.001953125
0.49508520899962605,1300.0,0.001953125,-0.18359375,0.001953125
0.5000842159997774,1298.0,0.001953125,-0.18359375,0.001953125
0.5050829819997489,1296.0,0.001953125,-0.18359375,0.001953125
0.5101135999998405,1294.0,0.001953125,-0.18359375,0.001953125
0.5150922179996087,1292.0,0.001953125,-0.18359375,0.001953125
0.5200852979996853,1290.0,0.001953125,-0.18359375,0.001953125
0.5250836569998683,1288.0,0.001953125,-0.18359375,0.001953125
0.5300821449995965,1286.0,0.001953125,-0.322265625,0.013671875
0.5350924479998866,1284.0,0.001953125,-0.322265625,0.013671875
0.540084380999815,1282.0,0.001953125,-0.322265625,0.013671875
0.5450854439995965,1280.0,0.001953125,-0.322265625,0.013671875
0.5500840799995785,1278.0,0.001953125,-0.322265625,0.013671875
0.555082382999899,1276.0,0.001953125,-0.322265625,0.013671875
0.5600846679999449,1274.0,0.001953125,-0.322265625,0.013671875
0.5650821559997894,1272.0,0.001953125,-0.322265625,0.013671875
0.5700829399997929,1270.0,0.001953125,-0.322265625,0.013671875
0.575084224999955,1268.0,0.001953125,-0.322265625,0.013671875
0.580105416999686,1266.0,0.005859375,-0.49609375,0.015625
0.5850892759999624,1264.0,0.005859375,-0.49609375,0.015625
0.5900833929999862,1262.0,0.005859375,-0.49609375,0.015625
0.595083288999831,1260.0,0.005859375,-0.49609375,0.015625
0.6000822219998554,1258.0,0.005859375,-0.49609375,0.015625
0.6050808399995731,1256.0,0.005859375,-0.49609375,0.015625
0.6100831609996931,1254.0,0.005859375,-0.49609375,0.015625
0.6151247419998072,1252.0,0.005859375,-0.49609375,0.015625
0.6200941379997857,1250.0,0.005859375,-0.49609375,0.015625
0.6250869219998094,1248.0,0.005859375,-0.49609375,0.015625
0.6300851889996011,1246.0,0.00390625,-0.71875,0.001953125
0.6350929359996371,1244.0,0.00390625,-0.71875,0.001953125
0.6400848319999568,1242.0,0.00390625,-0.71875,0.001953125
0.6450833389999389,1240.0,0.00390625,-0.71875,0.001953125
0.6500827709996884,1238.0,0.00390625,-0.71875,0.001953125
0.6550841849998505,1236.0,0.00390625,-0.71875,0.001953125
0.6600838219997058,1234.0,0.00390625,-0.71875,0.001953125
0.6650839769999948,1232.0,0.00390625,-0.71875,0.001953125
0.670085946999734,1230.0,0.00390625,-0.71875,0.001953125
0.6750843979998535,1228.0,0.00390625,-0.71875,0.001953125
0.6800853859999734,1226.0,0.005859375,-1.0,-0.013671875
0.6850875039999664,1224.0,0.005859375,-1.0,-0.013671875
0.6900843629996416,1222.0,0.005859375,-1.0,-0.013671875
0.6950847399998565,1220.0,0.005859375,-1.0,-0.013671875
0.7000824869996904,1218.0,0.005859375,-1.0,-0.013671875
0.7050835869999901,1216.0,0.005859375,-1.0,-0.013671875
0.7100833899999088,1214.0,0.005859375,-1.0,-0.013671875
0.715083988999595,1212.0,0.005859375,-1.0,-0.013671875
0.7200820699999895,1210.0,0.005859375,-1.0,-0.013671875
0.7250809659999504,1208.0,0.005859375,-1.0,-0.013671875
0.7300831949996791,1206.0,0.013671875,-1.24609375,-0.0078125
0.7350893679999899,1204.0,0.013671875,-1.24609375,-0.0078125
0.740084263999961,1202.0,0.013671875,-1.24609375,-0.0078125
0.7450823449999007,1200.0,0.013671875,-1.24609375,-0.0078125
0.7500848509998832,1200.0,0.013671875,-1.24609375,-0.0078125
0.7550830059999498,1200.0,0.013671875,-1.24609375,-0.0078125
0.760083346999636,1200.0,0.013671875,-1.24609375,-0.0078125
0.7650819089999459,1200.0,0.013671875,-1.24609375,-0.0078125
0.7700845079998544,1200.0,0.013671875,-1.24609375,-0.0078125
0.7750848109999424,1200.0,0.013671875,-1.24609375,-0.0078125
0.780083502999787,1200.0,-0.05859375,-1.083984375,-0.14453125
0.785087509999812,1200.0,-0.05859375,-1.083984375,-0.14453125
0.7901015169995844,1200.0,-0.05859375,-1.083984375,-0.14453125
0.7950924869996925,1200.0,-0.05859375,-1.083984375,-0.14453125
0.8001117159997193,1200.0,-0.05859375,-1.083984375,-0.14453125
0.805088073999741,1200.0,-0.05859375,-1.083984375,-0.14453125
0.8100880069996492,1200.0,-0.05859375,-1.083984375,-0.14453125
0.8151299579999431,1200.0,-0.05859375,-1.083984375,-0.14453125
0.820093705999625,1200.0,-0.05859375,-1.083984375,-0.14453125
0.8250861009996697,1200.0,-0.05859375,-1.083984375,-0.14453125
0.8301304419996995,1200.0,-0.099609375,-0.884765625,-0.232421875
0.8350957449997622,1200.0,-0.099609375,-0.884765625,-0.232421875
0.8400850289999653,1200.0,-0.099609375,-0.884765625,-0.232421875
0.8450842949996513,1200.0,-0.099609375,-0.884765625,-0.232421875
0.8500853579998875,1200.0,-0.099609375,-0.884765625,-0.232421875
0.8550837719999436,1200.0,-0.099609375,-0.884765625,-0.232421875
0.8600840929998412,1200.0,-0.099609375,-0.884765625,-0.232421875
0.8650828589998127,1200.0,-0.099609375,-0.884765625,-0.232421875
0.8700845699995625,1200.0,-0.099609375,-0.884765625,-0.232421875
0.8750882249996721,1200.0,-0.099609375,-0.884765625,-0.232421875
0.8801015469998674,1200.0,-0.041015625,-0.828125,-0.1015625
0.8850909789998695,1200.0,-0.041015625,-0.828125,-0.1015625
0.8900861899996926,1200.0,-0.041015625,-0.828125,-0.1015625
0.8951023629997508,1200.0,-0.041015625,-0.828125,-0.1015625
0.9000845739997203,1200.0,-0.041015625,-0.828125,-0.1015625
0.905084450999766,1200.0,-0.041015625,-0.828125,-0.1015625
0.9100842719999491,1200.0,-0.041015625,-0.828125,-0.1015625
0.915084000999741,1200.0,-0.041015625,-0.828125,-0.1015625
0.9200843599996915,1200.0,-0.041015625,-0.828125,-0.1015625
0.9250828669996736,1200.0,-0.041015625,-0.828125,-0.1015625
0.930083299999751,1200.0,0.0234375,-0.654296875,0.05859375
0.9350890289997551,1200.0,0.0234375,-0.654296875,0.05859375
0.9400891649997902,1200.0,0.0234375,-0.654296875,0.05859375
0.9450841719999516,1200.0,0.0234375,-0.654296875,0.05859375
0.9500829009998597,1200.0,0.0234375,-0.654296875,0.05859375
0.955083110999567,1200.0,0.0234375,-0.654296875,0.05859375
0.960081395999623,1200.0,0.0234375,-0.654296875,0.05859375
0.9650813659995947,1200.0,0.0234375,-0.654296875,0.05859375
0.9700832609996723,1200.0,0.0234375,-0.654296875,0.05859375
0.9750836569996864,1200.0,0.0234375,-0.654296875,0.05859375
0.9800832009996157,1200.0,0.064453125,-0.46875,0.07421875
0.9850849849999577,1200.0,0.064453125,-0.46875,0.07421875
0.9900821029996223,1200.0,0.064453125,-0.46875,0.07421875
0.9950832399999854,1200.0,0.064453125,-0.46875,0.07421875
1.000191079999695,1200.0,0.064453125,-0.46875,0.07421875
1.005276438999772,1200.0,0.064453125,-0.46875,0.07421875
1.0102975759996298,1200.0,0.064453125,-0.46875,0.07421875
1.0152581379998082,1200.0,0.064453125,-0.46875,0.07421875
1.0202179219995742,1200.0,0.064453125,-0.46875,0.07421875
1.025218262999715,1200.0,0.064453125,-0.46875,0.07421875
1.0304085479997411,1200.0,0.08203125,-0.513671875,0.111328125
1.0353460919995996,1200.0,0.08203125,-0.513671875,0.111328125
1.0402814499998385,1200.0,0.08203125,-0.513671875,0.111328125
1.0452701419999357,1200.0,0.08203125,-0.513671875,0.111328125
1.0502682970000023,1200.0,0.08203125,-0.513671875,0.111328125
1.0552662659997623,1200.0,0.08203125,-0.513671875,0.111328125
1.060157753999647,1200.0,0.08203125,-0.513671875,0.111328125
1.0653459469999689,1200.0,0.08203125,-0.513671875,0.111328125
1.070255712999824,1200.0,0.08203125,-0.513671875,0.111328125
1.075133829999686,1200.0,0.08203125,-0.513671875,0.111328125
1.0800966329998118,1200.0,0.0234375,-0.552734375,0.03515625
1.0851198809996276,1200.0,0.0234375,-0.552734375,0.03515625
1.0900961829997868,1200.0,0.0234375,-0.552734375,0.03515625
1.0950930049998533,1200.0,0.0234375,-0.552734375,0.03515625
1.1000865119999617,1200.0,0.0234375,-0.552734375,0.03515625
1.105089184999997,1200.0,0.0234375,-0.552734375,0.03515625
1.1100856739999472,1200.0,0.0234375,-0.552734375,0.03515625
1.1151219399998809,1200.0,0.0234375,-0.552734375,0.03515625
1.1200909649996902,1200.0,0.0234375,-0.552734375,0.03515625
1.1250867119997565,1200.0,0.0234375,-0.552734375,0.03515625
1.130086441000003,1200.0,-0.044921875,-0.53515625,-0.08203125
1.1350947449996056,1200.0,-0.044921875,-0.53515625,-0.08203125
1.1400858069996502,1200.0,-0.044921875,-0.53515625,-0.08203125
1.1450853509995795,1200.0,-0.044921875,-0.53515625,-0.08203125
1.1500849129997732,1200.0,-0.044921875,-0.53515625,-0.08203125
1.1550857529996392,1200.0,-0.044921875,-0.53515625,-0.08203125
1.160083611999653,1200.0,-0.044921875,-0.53515625,-0.08203125
1.1650845999997728,1200.0,-0.044921875,-0.53515625,-0.08203125
1.1700872549999985,1200.0,-0.044921875,-0.53515625,-0.08203125
1.1750859469998431,1200.0,-0.044921875,-0.53515625,-0.08203125
1.1800897319999422,1200.0,-0.021484375,-0.591796875,-0.017578125
1.185093052999946,1200.0,-0.021484375,-0.591796875,-0.017578125
1.1900870229997054,1200.0,-0.021484375,-0.591796875,-0.017578125
1.1950847519997296,1200.0,-0.021484375,-0.591796875,-0.017578125
1.2000846659998388,1200.0,-0.021484375,-0.591796875,-0.017578125
1.2050836359999266,1200.0,-0.021484375,-0.591796875,-0.017578125
1.210082790999877,1200.0,-0.021484375,-0.591796875,-0.017578125
1.215125519999674,1200.0,-0.021484375,-0.591796875,-0.017578125
1.2200888229999691,1200.0,-0.021484375,-0.591796875,-0.017578125
1.2250846439997076,1200.0,-0.021484375,-0.591796875,-0.017578125
1.2300951879997228,1200.0,0.072265625,-0.6875,0.080078125
1.2350950099998954,1200.0,0.072265625,-0.6875,0.080078125
1.2400863689999824,1200.0,0.072265625,-0.6875,0.080078125
1.2450829679996787,1200.0,0.072265625,-0.6875,0.080078125
1.2500854379995872,1200.0,0.072265625,-0.6875,0.080078125
1.2550845189998654,1200.0,0.072265625,-0.6875,0.080078125
1.2600863029997527,1200.0,0.072265625,-0.6875,0.080078125
1.2650851619996502,1200.0,0.072265625,-0.6875,0.080078125
1.270083945999886,1200.0,0.072265625,-0.6875,0.080078125
1.2750847119996251,1200.0,0.072265625,-0.6875,0.080078125
1.2800834229997236,1200.0,0.064453125,-0.650390625,0.06640625
1.285114410999995,1200.0,0.064453125,-0.650390625,0.06640625
1.29011006599967,1200.0,0.064453125,-0.650390625,0.06640625
1.295090479999999,1200.0,0.064453125,-0.650390625,0.06640625
1.3001099319999412,1200.0,0.064453125,-0.650390625,0.06640625
1.3050874569998996,1200.0,0.064453125,-0.650390625,0.06640625
1.3100901669999985,1200.0,0.064453125,-0.650390625,0.06640625
1.315087673999642,1200.0,0.064453125,-0.650390625,0.06640625
1.3200856809999095,1200.0,0.064453125,-0.650390625,0.06640625
1.3250833539996165,1200.0,0.064453125,-0.650390625,0.06640625
1.3300842319999902,1200.0,0.00390625,-0.46875,-0.0078125
1.3350912199998675,1200.0,0.00390625,-0.46875,-0.0078125
1.340104966999661,1200.0,0.00390625,-0.46875,-0.0078125
1.3450841219996619,1200.0,0.00390625,-0.46875,-0.0078125
1.350099795999995,1200.0,0.00390625,-0.46875,-0.0078125
1.3550885429999653,1200.0,0.00390625,-0.46875,-0.0078125
1.360096271999737,1200.0,0.00390625,-0.46875,-0.0078125
1.3650842979996014,1200.0,0.00390625,-0.46875,-0.0078125
1.370084229999975,1200.0,0.00390625,-0.46875,-0.0078125
1.3750838299997667,1200.0,0.00390625,-0.46875,-0.0078125
1.3801064479998786,1200.0,-0.08203125,-0.12109375,-0.087890625
1.3851042139999663,1200.0,-0.08203125,-0.12109375,-0.087890625
1.390089386999989,1200.0,-0.08203125,-0.12109375,-0.087890625
1.395086486999844,1200.0,-0.08203125,-0.12109375,-0.087890625
1.4000847899997098,1200.0,-0.08203125,-0.12109375,-0.087890625
1.4050922219998938,1200.0,-0.08203125,-0.12109375,-0.087890625
1.4100863219996427,1200.0,-0.08203125,-0.12109375,-0.087890625
1.4151226429999042,1200.0,-0.08203125,-0.12109375,-0.087890625
1.4200890019997132,1200.0,-0.08203125,-0.12109375,-0.087890625
1.4250867490000019,1200.0,-0.08203125,-0.12109375,-0.087890625
1.4300865339996562,1200.0,-0.072265625,0.107421875,-0.068359375
1.4351011149997248,1200.0,-0.072265625,0.107421875,-0.068359375
1.440086639999663,1200.0,-0.072265625,0.107421875,-0.068359375
1.4450889619997724,1200.0,-0.072265625,0.107421875,-0.068359375
1.450170987999627,1200.0,-0.072265625,0.107421875,-0.068359375
1.4550987159996112,1200.0,-0.072265625,0.107421875,-0.068359375
1.4600975189996461,1200.0,-0.072265625,0.107421875,-0.068359375
1.4650860629999443,1200.0,-0.072265625,0.107421875,-0.068359375
1.4701136999997289,1200.0,-0.072265625,0.107421875,-0.068359375
1.4750936689997616,1200.0,-0.072265625,0.107421875,-0.068359375
1.4800878799997008,1200.0,0.04296875,0.142578125,0.046875
1.4850898869999583,1200.0,0.04296875,0.142578125,0.046875
1.4900947639998776,1200.0,0.04296875,0.142578125,0.046875
1.4950870849997955,1200.0,0.04296875,0.142578125,0.046875
1.5000865919996613,1200.0,0.04296875,0.142578125,0.046875
1.505085728999802,1200.0,0.04296875,0.142578125,0.046875
1.5100842539995938,1200.0,0.04296875,0.142578125,0.046875
1.5150846499996078,1200.0,0.04296875,0.142578125,0.046875
1.520084174999738,1200.0,0.04296875,0.142578125,0.046875
1.5250849039998684,1200.0,0.04296875,0.142578125,0.046875
1.5300842999999986,1200.0,0.10546875,0.103515625,0.111328125
1.5350977139996758,1200.0,0.10546875,0.103515625,0.111328125
1.5400854609997623,1200.0,0.10546875,0.103515625,0.111328125
1.5450845419995858,1200.0,0.10546875,0.103515625,0.111328125
1.550085566999769,1200.0,0.10546875,0.103515625,0.111328125
1.5550852589999522,1200.0,0.10546875,0.103515625,0.111328125
1.5601125439998214,1200.0,0.10546875,0.103515625,0.111328125
1.5650886249995892,1200.0,0.10546875,0.103515625,0.111328125
1.5700857979995817,1200.0,0.10546875,0.103515625,0.111328125
1.5750876569995853,1200.0,0.10546875,0.103515625,0.111328125
1.5800846079996518,1200.0,0.11328125,0.0234375,0.12109375
1.5850883559996873,1200.0,0.11328125,0.0234375,0.12109375
1.5900848629999018,1200.0,0.11328125,0.0234375,0.12109375
1.59508505399981,1200.0,0.11328125,0.0234375,0.12109375
1.6001064129995939,1200.0,0.11328125,0.0234375,0.12109375
1.6050836609997532,1200.0,0.11328125,0.0234375,0.12109375
1.610084889999598,1200.0,0.11328125,0.0234375,0.12109375
1.6151280079998287,1200.0,0.11328125,0.0234375,0.12109375
1.6200906439999017,1200.0,0.11328125,0.0234375,0.12109375
1.6250857989998622,1200.0,0.11328125,0.0234375,0.12109375
1.6300847499996962,1200.0,0.06640625,-0.173828125,0.064453125
1.6351285159998952,1200.0,0.06640625,-0.173828125,0.064453125
1.6400911339997037,1200.0,0.06640625,-0.173828125,0.064453125
1.6450915109999187,1200.0,0.06640625,-0.173828125,0.064453125
1.6500868699999955,1200.0,0.06640625,-0.173828125,0.064453125
1.6550858209998296,1200.0,0.06640625,-0.173828125,0.064453125
1.66008497599978,1200.0,0.06640625,-0.173828125,0.064453125
1.665084186999593,1200.0,0.06640625,-0.173828125,0.064453125
1.6700852489998397,1200.0,0.06640625,-0.173828125,0.064453125
1.675087699999949,1200.0,0.06640625,-0.173828125,0.064453125
1.6800844289996348,1200.0,-0.015625,-0.544921875,-0.01171875
1.6850872689997232,1200.0,-0.015625,-0.544921875,-0.01171875
1.6900838869996733,1200.0,-0.015625,-0.544921875,-0.01171875
1.6950848939995922,1200.0,-0.015625,-0.544921875,-0.01171875
1.70022534599957,1200.0,-0.015625,-0.544921875,-0.01171875
1.705299611999635,1200.0,-0.015625,-0.544921875,-0.01171875
1.7102958779996698,1200.0,-0.015625,-0.544921875,-0.01171875
1.7152123109999593,1200.0,-0.015625,-0.544921875,-0.01171875
1.7201050949997807,1200.0,-0.015625,-0.544921875,-0.01171875
1.7251701019999928,1200.0,-0.015625,-0.544921875,-0.01171875
1.7300977189997866,1200.0,-0.03515625,-0.904296875,-0.041015625
1.7351031709999916,1200.0,-0.03515625,-0.904296875,-0.041015625
1.7401069919997099,1200.0,-0.03515625,-0.904296875,-0.041015625
1.7450903689996267,1200.0,-0.03515625,-0.904296875,-0.041015625
1.7500883579996298,1200.0,-0.03515625,-0.904296875,-0.041015625
1.7550893089996862,1200.0,-0.03515625,-0.904296875,-0.041015625
1.7600849819996256,1200.0,-0.03515625,-0.904296875,-0.041015625
1.7650873589996081,1200.0,-0.03515625,-0.904296875,-0.041015625
1.7700935329999083,1200.0,-0.03515625,-0.904296875,-0.041015625
1.7750891689997843,1200.0,-0.03515625,-0.904296875,-0.041015625
1.7800859169997238,1200.0,0.0,-1.224609375,-0.00390625
1.785089849999622,1200.0,0.0,-1.224609375,-0.00390625
1.790121022999756,1200.0,0.0,-1.224609375,-0.00390625
1.7950937339996926,1200.0,0.0,-1.224609375,-0.00390625
1.800116758999593,1200.0,0.0,-1.224609375,-0.00390625
1.8050906919997942,1200.0,0.0,-1.224609375,-0.00390625
1.8100890869995965,1200.0,0.0,-1.224609375,-0.00390625
1.815139242999976,1200.0,0.0,-1.224609375,-0.00390625
1.8200929529998575,1200.0,0.0,-1.224609375,-0.00390625
1.825086218999786,1200.0,0.0,-1.224609375,-0.00390625
1.8300913739999487,1200.0,0.052734375,-1.52734375,0.041015625
1.8350944179996986,1200.0,0.052734375,-1.52734375,0.041015625
1.8400864979998914,1200.0,0.052734375,-1.52734375,0.041015625
1.8450840049999897,1200.0,0.052734375,-1.52734375,0.041015625
1.8501031599998896,1200.0,0.052734375,-1.52734375,0.041015625
1.8550849079997533,1200.0,0.052734375,-1.52734375,0.041015625
1.8600843959998201,1200.0,0.052734375,-1.52734375,0.041015625
1.865084031999686,1200.0,0.052734375,-1.52734375,0.041015625
1.8700829649997104,1200.0,0.052734375,-1.52734375,0.041015625
1.8750839899998937,1200.0,0.052734375,-1.52734375,0.041015625
1.8800910159998239,1200.0,0.138671875,0.119140625,0.0625
1.885092429999986,1200.0,0.138671875,0.119140625,0.0625
1.890086436999809,1200.0,0.138671875,0.119140625,0.0625
1.8951372399997126,1200.0,0.138671875,0.119140625,0.0625
1.900094672999785,1200.0,0.138671875,0.119140625,0.0625
1.905087493999872,1200.0,0.138671875,0.119140625,0.0625
1.9100863709995792,1200.0,0.138671875,0.119140625,0.0625
1.9150887669998156,1200.0,0.138671875,0.119140625,0.0625
1.920086643999639,1200.0,0.138671875,0.119140625,0.0625
1.9250842619999275,1200.0,0.138671875,0.119140625,0.0625
1.9300837689997934,1200.0,-0.1015625,0.603515625,-0.052734375
1.935094349999872,1200.0,-0.1015625,0.603515625,-0.052734375
1.9400853939996523,1200.0,-0.1015625,0.603515625,-0.052734375
1.9450857709998672,1200.0,-0.1015625,0.603515625,-0.052734375
1.9500837399996271,1200.0,-0.1015625,0.603515625,-0.052734375
1.955084913999599,1200.0,-0.1015625,0.603515625,-0.052734375
1.9600847909996446,1200.0,-0.1015625,0.603515625,-0.052734375
1.9650874829999339,1200.0,-0.1015625,0.603515625,-0.052734375
1.9700855819996832,1200.0,-0.1015625,0.603515625,-0.052734375
1.9750836259995594,1200.0,-0.1015625,0.603515625,-0.052734375
1.9800860219997958,1200.0,-0.0703125,0.154296875,-0.04296875
1.9850891029996092,1200.0,-0.0703125,0.154296875,-0.04296875
1.990086109999993,1200.0,-0.0703125,0.154296875,-0.04296875
1.9950846529995943,1200.0,-0.0703125,0.154296875,-0.04296875
2.0000847339997563,1200.0,-0.0703125,0.154296875,-0.04296875
2.005123481999817,1200.0,-0.0703125,0.154296875,-0.04296875
2.0100940259999334,1200.0,-0.0703125,0.154296875,-0.04296875
2.0151276249998773,1200.0,-0.0703125,0.154296875,-0.04296875
2.02009135399976,1200.0,-0.0703125,0.154296875,-0.04296875
2.025084730999879,1200.0,-0.0390625,-0.259765625,-0.01171875
2.030093181999746,1200.0,-0.0390625,-0.259765625,-0.01171875
2.035086355999738,1200.0,-0.0390625,-0.259765625,-0.01171875
2.0400838069999736,1200.0,-0.0390625,-0.259765625,-0.01171875
2.045082405999892,1200.0,-0.0390625,-0.259765625,-0.01171875
2.0503048029995625,1200.0,-0.0390625,-0.259765625,-0.01171875
2.0553128099995774,1200.0,-0.0390625,-0.259765625,-0.01171875
2.060295001999748,1200.0,-0.0390625,-0.259765625,-0.01171875
2.0653653429999395,1200.0,-0.0390625,-0.259765625,-0.01171875
2.0703625339997416,1200.0,-0.0390625,-0.259765625,-0.01171875
2.075126891999844,1200.0,0.015625,-0.625,0.048828125
2.0801019169998654,1200.0,0.015625,-0.625,0.048828125
2.0850927199999205,1200.0,0.015625,-0.625,0.048828125
2.0901236339996103,1200.0,0.015625,-0.625,0.048828125
2.095092344999557,1200.0,0.015625,-0.625,0.048828125
2.100086999999803,1200.0,0.015625,-0.625,0.048828125
2.10511385899963,1200.0,0.015625,-0.625,0.048828125
2.110085884,1200.0,0.015625,-0.625,0.048828125
2.1151000939998994,1200.0,0.015625,-0.625,0.048828125
2.120086674999584,1200.0,0.015625,-0.625,0.048828125
2.1250857369996083,1200.0,0.0859375,0.1640625,0.01171875
2.130092169999898,1200.0,0.0859375,0.1640625,0.01171875
2.1350896579997425,1200.0,0.0859375,0.1640625,0.01171875
2.1400853499999357,1200.0,0.0859375,0.1640625,0.01171875
2.1450835239998014,1200.0,0.0859375,0.1640625,0.01171875
2.150083178999921,1200.0,0.0859375,0.1640625,0.01171875
2.155086055999618,1200.0,0.0859375,0.1640625,0.01171875
2.160084265999558,1200.0,0.0859375,0.1640625,0.01171875
2.1650833099997726,1200.0,0.0859375,0.1640625,0.01171875
2.1700836869999875,1200.0,0.0859375,0.1640625,0.01171875
2.1750896019998436,1200.0,-0.078125,0.212890625,-0.015625
2.1800900339999316,1200.0,-0.078125,0.212890625,-0.015625
2.1851865599996927,1200.0,-0.078125,0.212890625,-0.015625
2.1901107889998457,1200.0,-0.078125,0.212890625,-0.015625
2.195092998999826,1200.0,-0.078125,0.212890625,-0.015625
2.200092153999776,1200.0,-0.078125,0.212890625,-0.015625
2.2050881609998214,1200.0,-0.078125,0.212890625,-0.015625
2.210085352999613,1200.0,-0.078125,0.212890625,-0.015625
2.215132951999749,1200.0,-0.078125,0.212890625,-0.015625
2.2200915149996945,1200.0,-0.078125,0.212890625,-0.015625
2.225088169999708,1200.0,0.017578125,-0.232421875,0.013671875
2.230103212999893,1200.0,0.017578125,-0.232421875,0.013671875
2.2351352199998473,1200.0,0.017578125,-0.232421875,0.013671875
2.240090615999634,1200.0,0.017578125,-0.232421875,0.013671875
2.2450861229999646,1200.0,0.017578125,-0.232421875,0.013671875
2.2500895919997674,1200.0,0.017578125,-0.232421875,0.013671875
2.255111265999858,1200.0,0.017578125,-0.232421875,0.013671875
2.2600890869998693,1200.0,0.017578125,-0.232421875,0.013671875
2.265087927999957,1200.0,0.017578125,-0.232421875,0.013671875
2.270087248999971,1200.0,0.017578125,-0.232421875,0.013671875
2.2750864039999215,1200.0,0.025390625,-0.0234375,0.017578125
2.2800896699995974,1200.0,0.025390625,-0.0234375,0.017578125
2.2850859919999493,1200.0,0.025390625,-0.0234375,0.017578125
2.2900855359998786,1200.0,0.025390625,-0.0234375,0.017578125
2.2950873019999563,1200.0,0.025390625,-0.0234375,0.017578125
2.3001175489998786,1200.0,0.025390625,-0.0234375,0.017578125
2.3050878889998785,1200.0,0.025390625,-0.0234375,0.017578125
2.310086358999797,1200.0,0.025390625,-0.0234375,0.017578125
2.3150881990000016,1200.0,0.025390625,-0.0234375,0.017578125
2.3200864469999942,1200.0,0.025390625,-0.0234375,0.017578125
2.3250840089999656,1200.0,-0.060546875,0.123046875,0.00390625
2.33009094199997,1200.0,-0.060546875,0.123046875,0.00390625
2.335084318999634,1200.0,-0.060546875,0.123046875,0.00390625
2.340083399999912,1200.0,-0.060546875,0.123046875,0.00390625
2.345084239999778,1200.0,-0.060546875,0.123046875,0.00390625
2.3500832279996757,1200.0,-0.060546875,0.123046875,0.00390625
2.355082919999859,1200.0,-0.060546875,0.123046875,0.00390625
2.3601037419998647,1200.0,-0.060546875,0.123046875,0.00390625
2.365089803999581,1200.0,-0.060546875,0.123046875,0.00390625
2.370166866999625,1200.0,-0.060546875,0.123046875,0.00390625
2.3751180959998237,1200.0,0.01953125,-0.068359375,-0.015625
2.3801110659996993,1200.0,0.01953125,-0.068359375,-0.015625
2.3850910909995946,1200.0,0.01953125,-0.068359375,-0.015625
2.390087059999587,1200.0,0.01953125,-0.068359375,-0.015625
2.3950888449999184,1200.0,0.01953125,-0.068359375,-0.015625
2.400087147999784,1200.0,0.01953125,-0.068359375,-0.015625
2.4050850989997343,1200.0,0.01953125,-0.068359375,-0.015625
2.410084624999854,1200.0,0.01953125,-0.068359375,-0.015625
2.415128834999905,1200.0,0.01953125,-0.068359375,-0.015625
2.4200921379997453,1200.0,0.01953125,-0.068359375,-0.015625
2.425084663999769,1200.0,-0.02734375,0.05859375,0.0078125
2.430089929999667,1200.0,-0.02734375,0.05859375,0.0078125
2.435084880999966,1200.0,-0.02734375,0.05859375,0.0078125
2.4400850909996734,1200.0,-0.02734375,0.05859375,0.0078125
2.4450853939997614,1200.0,-0.02734375,0.05859375,0.0078125
2.4501913649996823,1200.0,-0.02734375,0.05859375,0.0078125
2.45509925999977,1200.0,-0.02734375,0.05859375,0.0078125
2.460090618999857,1200.0,-0.02734375,0.05859375,0.0078125
2.465088958999786,1200.0,-0.02734375,0.05859375,0.0078125
2.470086113999969,1200.0,-0.02734375,0.05859375,0.0078125
2.475084231999972,1200.0,0.01171875,-0.033203125,0.01171875
2.480094015999839,1200.0,0.01171875,-0.033203125,0.01171875
2.485083540999767,1200.0,0.01171875,-0.033203125,0.01171875
2.4900841959997706,1200.0,0.01171875,-0.033203125,0.01171875
2.4950856849995944,1200.0,0.01171875,-0.033203125,0.01171875
2.5000849139996717,1200.0,0.01171875,-0.033203125,0.01171875
2.505083734999971,1200.0,0.01171875,-0.033203125,0.01171875
2.510083000999657,1200.0,0.01171875,-0.033203125,0.01171875
2.5150865269997666,1200.0,0.01171875,-0.033203125,0.01171875
2.5200831079996533,1200.0,0.01171875,-0.033203125,0.01171875
2.525082891999773,1200.0,0.060546875,0.0234375,0.0078125
2.530086879999999,1200.0,0.060546875,0.0234375,0.0078125
2.5350839429997905,1200.0,0.060546875,0.0234375,0.0078125
2.5400852459997623,1200.0,0.060546875,0.0234375,0.0078125
2.545083233999776,1200.0,0.060546875,0.0234375,0.0078125
2.550082129999737,1200.0,0.060546875,0.0234375,0.0078125
2.555083247999846,1200.0,0.060546875,0.0234375,0.0078125
2.560084309999638,1200.0,0.060546875,0.0234375,0.0078125
2.5650830579998,1200.0,0.060546875,0.0234375,0.0078125
2.5700833239998246,1200.0,0.060546875,0.0234375,0.0078125
2.5750829789999443,1200.0,-0.080078125,-0.00390625,-0.0078125
2.5800867449997895,1200.0,-0.080078125,-0.00390625,-0.0078125
2.585083306999877,1200.0,-0.080078125,-0.00390625,-0.0078125
2.590083535999838,1200.0,-0.080078125,-0.00390625,-0.0078125
2.595082801999979,1200.0,-0.080078125,-0.00390625,-0.0078125
2.6000824939997074,1200.0,-0.080078125,-0.00390625,-0.0078125
2.605082981999658,1200.0,-0.080078125,-0.00390625,-0.0078125
2.610084729999926,1200.0,-0.080078125,-0.00390625,-0.0078125
2.6151254039996275,1200.0,-0.080078125,-0.00390625,-0.0078125
2.6201104099995973,1200.0,-0.080078125,-0.00390625,-0.0078125
2.6250867319999998,1200.0,0.017578125,-0.017578125,-0.01171875
2.6300914609996653,1200.0,0.017578125,-0.017578125,-0.01171875
2.6350889489999645,1200.0,0.017578125,-0.017578125,-0.01171875
2.6400850479999463,1200.0,0.017578125,-0.017578125,-0.01171875
2.645083665999664,1200.0,0.017578125,-0.017578125,-0.01171875
2.650082635999752,1200.0,0.017578125,-0.017578125,-0.01171875
2.6550829759999033,1200.0,0.017578125,-0.017578125,-0.01171875
2.6600882419998015,1200.0,0.017578125,-0.017578125,-0.01171875
2.6651039710000077,1200.0,0.017578125,-0.017578125,-0.01171875
2.670090496999819,1200.0,0.017578125,-0.017578125,-0.01171875
2.6750879849996636,1200.0,0.0234375,0.03125,0.0078125
2.680091880999953,1200.0,0.0234375,0.03125,0.0078125
2.6850863869999557,1200.0,0.0234375,0.03125,0.0078125
2.690085412999906,1200.0,0.0234375,0.03125,0.0078125
2.695083104999867,1200.0,0.0234375,0.03125,0.0078125
2.700083999999606,1200.0,0.0234375,0.03125,0.0078125
2.7050840629999584,1200.0,0.0234375,0.03125,0.0078125
2.710084402999655,1200.0,0.0234375,0.03125,0.0078125
2.7150843539998277,1200.0,0.0234375,0.03125,0.0078125
2.720083193999926,1200.0,0.0234375,0.03125,0.0078125
2.725082607999866,1200.0,-0.03125,-0.029296875,0.005859375
2.7300872819996584,1200.0,-0.03125,-0.029296875,0.005859375
2.7350842699997884,1200.0,-0.03125,-0.029296875,0.005859375
2.7400831659997493,1200.0,-0.03125,-0.029296875,0.005859375
2.7450823949998266,1200.0,-0.03125,-0.029296875,0.005859375
2.7500819569995656,1202.0,-0.03125,-0.029296875,0.005859375
2.7550852599997597,1204.0,-0.03125,-0.029296875,0.005859375
2.76008332299989,1206.0,-0.03125,-0.029296875,0.005859375
2.7650831259998085,1208.0,-0.03125,-0.029296875,0.005859375
2.7700906699997176,1210.0,-0.03125,-0.029296875,0.005859375
2.7750861579997945,1212.0,0.0390625,0.021484375,-0.005859375
2.780089238999608,1214.0,0.0390625,0.021484375,-0.005859375
2.785083430999748,1216.0,0.0390625,0.021484375,-0.005859375
2.7901143449998926,1218.0,0.0390625,0.021484375,-0.005859375
2.7950913149998087,1220.0,0.0390625,0.021484375,-0.005859375
2.8001164139996035,1222.0,0.0390625,0.021484375,-0.005859375
2.8050912729995616,1224.0,0.0390625,0.021484375,-0.005859375
2.810084538999945,1226.0,0.0390625,0.021484375,-0.005859375
2.8151190829998995,1228.0,0.0390625,0.021484375,-0.005859375
2.820088329999635,1230.0,0.0390625,0.021484375,-0.005859375
2.82508700399967,1232.0,-0.03515625,-0.017578125,0.00390625
2.830091658999663,1234.0,-0.03515625,-0.017578125,0.00390625
2.83508594299974,1236.0,-0.03515625,-0.017578125,0.00390625
2.840084671999648,1238.0,-0.03515625,-0.017578125,0.00390625
2.845082327,1240.0,-0.03515625,-0.017578125,0.00390625
2.8500869819999934,1242.0,-0.03515625,-0.017578125,0.00390625
2.8551018959997236,1244.0,-0.03515625,-0.017578125,0.00390625
2.860084791999725,1246.0,-0.03515625,-0.017578125,0.00390625
2.8650835389998974,1248.0,-0.03515625,-0.017578125,0.00390625
2.8700932129995635,1250.0,-0.03515625,-0.017578125,0.00390625
2.87517907199981,1252.0,0.01953125,0.013671875,0.01171875
2.8801091899999847,1254.0,0.01953125,0.013671875,0.01171875
2.8850870479996047,1256.0,0.01953125,0.013671875,0.01171875
2.890084776999629,1258.0,0.01953125,0.013671875,0.01171875
2.8950879319995693,1260.0,0.01953125,0.013671875,0.01171875
2.9000876979998793,1262.0,0.01953125,0.013671875,0.01171875
2.9050848529996074,1264.0,0.01953125,0.013671875,0.01171875
2.9100843229998645,1266.0,0.01953125,0.013671875,0.01171875
2.9150851629997305,1268.0,0.01953125,0.013671875,0.01171875
2.9200831329999346,1270.0,0.01953125,0.013671875,0.01171875
2.925089750999632,1272.0,0.029296875,0.0,0.005859375
2.9301162209999347,1274.0,0.029296875,0.0,0.005859375
2.935088856999755,1276.0,0.029296875,0.0,0.005859375
2.9400863449995995,1278.0,0.029296875,0.0,0.005859375
2.9450900559995716,1280.0,0.029296875,0.0,0.005859375
2.9500868029999765,1282.0,0.029296875,0.0,0.005859375
2.955085105999842,1284.0,0.029296875,0.0,0.005859375
2.9600833169997713,1286.0,0.029296875,0.0,0.005859375
2.9650830089999545,1288.0,0.029296875,0.0,0.005859375
2.9700844599997254,1290.0,0.029296875,0.0,0.005859375
2.975085336999655,1292.0,-0.037109375,-0.00390625,0.00390625
2.980087361999722,1294.0,-0.037109375,-0.00390625,0.00390625
2.9850831649996508,1296.0,-0.037109375,-0.00390625,0.00390625
2.9900893759995597,1298.0,-0.037109375,-0.00390625,0.00390625
2.9950857529997847,1300.0,-0.037109375,-0.00390625,0.00390625
3.0000841119999677,1302.0,-0.037109375,-0.00390625,0.00390625
3.0050842109999394,1304.0,-0.037109375,-0.00390625,0.00390625
3.010082366000006,1306.0,-0.037109375,-0.00390625,0.00390625
3.0151188179997916,1308.0,-0.037109375,-0.00390625,0.00390625
3.0200941759999296,1310.0,-0.037109375,-0.00390625,0.00390625
3.025085552999826,1312.0,0.044921875,0.015625,0.00390625
3.030090707999989,1314.0,0.044921875,0.015625,0.00390625
3.0350861039996744,1316.0,0.044921875,0.015625,0.00390625
3.04008731399972,1318.0,0.044921875,0.015625,0.00390625
3.0450851169998714,1320.0,0.044921875,0.015625,0.00390625
3.0500843829995574,1322.0,0.044921875,0.015625,0.00390625
3.0552879279998706,1324.0,0.044921875,0.015625,0.00390625
3.060146378999889,1326.0,0.044921875,0.015625,0.00390625
3.0653260899998713,1328.0,0.044921875,0.015625,0.00390625
3.070146836999811,1330.0,0.044921875,0.015625,0.00390625
3.0751980479999474,1332.0,-0.009765625,-0.0078125,0.005859375
3.0801039429998127,1334.0,-0.009765625,-0.0078125,0.005859375
3.085088560999793,1336.0,-0.009765625,-0.0078125,0.005859375
3.0901060119999784,1338.0,-0.009765625,-0.0078125,0.005859375
3.0950926479999907,1340.0,-0.009765625,-0.0078125,0.005859375
3.100086913999803,1342.0,-0.009765625,-0.0078125,0.005859375
3.105085439999584,1344.0,-0.009765625,-0.0078125,0.005859375
3.1100843539998095,1346.0,-0.009765625,-0.0078125,0.005859375
3.115087786999993,1348.0,-0.009765625,-0.0078125,0.005859375
3.120083570999668,1350.0,-0.009765625,-0.0078125,0.005859375
3.1251079669996216,1352.0,-0.0078125,0.013671875,0.005859375
3.1300880849998975,1354.0,-0.0078125,0.013671875,0.005859375
3.135085350999816,1356.0,-0.0078125,0.013671875,0.005859375
3.140086023999629,1358.0,-0.0078125,0.013671875,0.005859375
3.145084623999992,1360.0,-0.0078125,0.013671875,0.005859375
3.150083259999974,1362.0,-0.0078125,0.013671875,0.005859375
3.1550832479997553,1364.0,-0.0078125,0.013671875,0.005859375
3.160082828999748,1366.0,-0.0078125,0.013671875,0.005859375
3.1650846139996247,1368.0,-0.0078125,0.013671875,0.005859375
3.170083379999596,1370.0,-0.0078125,0.013671875,0.005859375
3.175085812999896,1372.0,0.03515625,0.009765625,-0.001953125
3.180092670999784,1374.0,0.03515625,0.009765625,-0.001953125
3.1850881409995964,1376.0,0.03515625,0.009765625,-0.001953125
3.1900850549995994,1378.0,0.03515625,0.009765625,-0.001953125
3.195085024999571,1380.0,0.03515625,0.009765625,-0.001953125
3.2000827539995953,1382.0,0.03515625,0.009765625,-0.001953125
3.2050813529999687,1384.0,0.03515625,0.009765625,-0.001953125
3.210082470999623,1386.0,0.03515625,0.009765625,-0.001953125
3.2150845889996162,1388.0,0.03515625,0.009765625,-0.001953125
3.220114817999729,1390.0,0.03515625,0.009765625,-0.001953125
3.2250863989997924,1392.0,-0.033203125,0.0078125,0.005859375
3.2300926279999658,1394.0,-0.033203125,0.0078125,0.005859375
3.2350895979998313,1396.0,-0.033203125,0.0078125,0.005859375
3.24008541899957,1398.0,-0.033203125,0.0078125,0.005859375
3.2450839449998057,1400.0,-0.033203125,0.0078125,0.005859375
3.250082839999777,1402.0,-0.033203125,0.0078125,0.005859375
3.2550833839995903,1404.0,-0.033203125,0.0078125,0.005859375
3.2600851869997314,1406.0,-0.033203125,0.0078125,0.005859375
3.26510497199979,1408.0,-0.033203125,0.0078125,0.005859375
3.2700888859999395,1410.0,-0.033203125,0.0078125,0.005859375
3.2750842259997626,1412.0,0.017578125,0.033203125,0.0
3.2800900479996926,1414.0,0.017578125,0.033203125,0.0
3.2850852949995897,1416.0,0.017578125,0.033203125,0.0
3.2900842099998044,1418.0,0.017578125,0.033203125,0.0
3.295085215999734,1420.0,0.017578125,0.033203125,0.0
3.3001081679999515,1422.0,0.017578125,0.033203125,0.0
3.305089785999826,1424.0,0.017578125,0.033203125,0.0
3.3100903669997024,1426.0,0.017578125,0.033203125,0.0
3.3150886879998325,1428.0,0.017578125,0.033203125,0.0
3.320085416999973,1430.0,0.017578125,0.033203125,0.0
3.3250828309996905,1432.0,0.013671875,0.10546875,0.001953125
3.3300871339997684,1434.0,0.013671875,0.10546875,0.001953125
3.3350854189998245,1436.0,0.013671875,0.10546875,0.001953125
3.3400834629997007,1438.0,0.013671875,0.10546875,0.001953125
3.3451046549998864,1440.0,0.013671875,0.10546875,0.001953125
3.3501873469999737,1442.0,0.013671875,0.10546875,0.001953125
3.355096112999945,1444.0,0.013671875,0.10546875,0.001953125
3.36012228699974,1446.0,0.013671875,0.10546875,0.001953125
3.365090811999835,1448.0,0.013671875,0.10546875,0.001953125
3.370085984999605,1450.0,0.013671875,0.10546875,0.001953125
3.375084491999587,1452.0,-0.01953125,0.12109375,0.005859375
3.380116220999753,1454.0,-0.01953125,0.12109375,0.005859375
3.385089801999584,1456.0,-0.01953125,0.12109375,0.005859375
3.390085734999957,1458.0,-0.01953125,0.12109375,0.005859375
3.395085000999643,1460.0,-0.01953125,0.12109375,0.005859375
3.4000852479998684,1462.0,-0.01953125,0.12109375,0.005859375
3.4050847549997343,1464.0,-0.01953125,0.12109375,0.005859375
3.410084927999833,1466.0,-0.01953125,0.12109375,0.005859375
3.4151165459998083,1468.0,-0.01953125,0.12109375,0.005859375
3.420104182999694,1470.0,-0.01953125,0.12109375,0.005859375
3.425085170999864,1472.0,0.037109375,0.193359375,0.005859375
3.4300927519998368,1474.0,0.037109375,0.193359375,0.005859375
3.435084906999691,1476.0,0.037109375,0.193359375,0.005859375
3.4400839139998425,1478.0,0.037109375,0.193359375,0.005859375
3.4450822349999726,1480.0,0.037109375,0.193359375,0.005859375
3.4501994649999688,1482.0,0.037109375,0.193359375,0.005859375
3.455116063999867,1484.0,0.037109375,0.193359375,0.005859375
3.4600899039996875,1486.0,0.037109375,0.193359375,0.005859375
3.4650858179998067,1488.0,0.037109375,0.193359375,0.005859375
3.470083157999852,1490.0,0.037109375,0.193359375,0.005859375
3.4750882759999513,1492.0,-0.01953125,0.26953125,-0.001953125
3.480093004999617,1494.0,-0.01953125,0.26953125,-0.001953125
3.485084381999968,1496.0,-0.01953125,0.26953125,-0.001953125
3.4900833329998022,1498.0,-0.01953125,0.26953125,-0.001953125
3.4950828219998584,1500.0,-0.01953125,0.26953125,-0.001953125
3.5000828289998935,1502.0,-0.01953125,0.26953125,-0.001953125
3.5050832059996537,1504.0,-0.01953125,0.26953125,-0.001953125
3.5100836379997418,1506.0,-0.01953125,0.26953125,-0.001953125
3.515083866999703,1508.0,-0.01953125,0.26953125,-0.001953125
3.5200812629996108,1510.0,-0.01953125,0.26953125,-0.001953125
3.5250832140000057,1512.0,-0.021484375,0.333984375,-0.013671875
3.5300879799997347,1514.0,-0.021484375,0.333984375,-0.013671875
3.535083246999875,1516.0,-0.021484375,0.333984375,-0.013671875
3.5400824759999523,1518.0,-0.021484375,0.333984375,-0.013671875
3.545081518999723,1520.0,-0.021484375,0.333984375,-0.013671875
3.550083340999663,1522.0,-0.021484375,0.333984375,-0.013671875
3.5550832919998356,1524.0,-0.021484375,0.333984375,-0.013671875
3.5600824289999764,1526.0,-0.021484375,0.333984375,-0.013671875
3.565081027999895,1528.0,-0.021484375,0.333984375,-0.013671875
3.570080978999613,1530.0,-0.021484375,0.333984375,-0.013671875
3.5750837269997646,1532.0,0.01171875,0.388671875,-0.00390625
3.580086585999652,1534.0,0.01171875,0.388671875,-0.00390625
3.5850833149997925,1536.0,0.01171875,0.388671875,-0.00390625
3.5900825069998064,1538.0,0.01171875,0.388671875,-0.00390625
3.5950845319998734,1540.0,0.01171875,0.388671875,-0.00390625
3.6000825019996228,1542.0,0.01171875,0.388671875,-0.00390625
3.605083896999986,1544.0,0.01171875,0.388671875,-0.00390625
3.61008247799964,1546.0,0.01171875,0.388671875,-0.00390625
3.6150822069998867,1548.0,0.01171875,0.388671875,-0.00390625
3.6201170469998942,1550.0,0.01171875,0.388671875,-0.00390625
3.6250876649996826,1552.0,-0.015625,0.43359375,0.0078125
3.6300911169996652,1554.0,-0.015625,0.43359375,0.0078125
3.6350859939998372,1556.0,-0.015625,0.43359375,0.0078125
3.6401061669998853,1558.0,-0.015625,0.43359375,0.0078125
3.6450855629996113,1560.0,-0.015625,0.43359375,0.0078125
3.6500841439997203,1562.0,-0.015625,0.43359375,0.0078125
3.6550840389995756,1564.0,-0.015625,0.43359375,0.0078125
3.660081230999822,1566.0,-0.015625,0.43359375,0.0078125
3.665259497999614,1568.0,-0.015625,0.43359375,0.0078125
3.6703720059999796,1570.0,-0.015625,0.43359375,0.0078125
3.675333400999989,1572.0,0.03125,0.470703125,0.01171875
3.680197666999902,1574.0,0.03125,0.470703125,0.01171875
3.6852024699996946,1576.0,0.03125,0.470703125,0.01171875
3.6903197919996273,1578.0,0.03125,0.470703125,0.01171875
3.6952833359996475,1580.0,0.03125,0.470703125,0.01171875
3.70026234199986,1582.0,0.03125,0.470703125,0.01171875
3.705273570999907,1584.0,0.03125,0.470703125,0.01171875
3.710261096999602,1586.0,0.03125,0.470703125,0.01171875
3.71510019499965,1588.0,0.03125,0.470703125,0.01171875
3.720103108999865,1590.0,0.03125,0.470703125,0.01171875
3.7250894679996236,1592.0,0.00390625,0.49609375,0.01171875
3.7302175119998537,1594.0,0.00390625,0.49609375,0.01171875
3.735186944999896,1596.0,0.00390625,0.49609375,0.01171875
3.740182210999592,1598.0,0.00390625,0.49609375,0.01171875
3.7451791619996584,1600.0,0.00390625,0.49609375,0.01171875
3.75017937299981,1602.0,0.00390625,0.49609375,0.01171875
3.7551812679998875,1604.0,0.00390625,0.49609375,0.01171875
3.760176496999975,1606.0,0.00390625,0.49609375,0.01171875
3.765177040999788,1608.0,0.00390625,0.49609375,0.01171875
3.7701963999998043,1610.0,0.00390625,0.49609375,0.01171875
3.7751884249996692,1612.0,-0.013671875,0.533203125,0.005859375
3.7801908399997046,1614.0,-0.013671875,0.533203125,0.005859375
3.7851835679998658,1616.0,-0.013671875,0.533203125,0.005859375
3.7902160749999894,1618.0,-0.013671875,0.533203125,0.005859375
3.7951887669996722,1620.0,-0.013671875,0.533203125,0.005859375
3.8002171629996155,1622.0,-0.013671875,0.533203125,0.005859375
3.805186391999996,1624.0,-0.013671875,0.533203125,0.005859375
3.810181139999713,1626.0,-0.013671875,0.533203125,0.005859375
3.815231405999839,1628.0,-0.013671875,0.533203125,0.005859375
3.8202110979996178,1630.0,-0.013671875,0.533203125,0.005859375
3.8251877339998828,1632.0,0.0078125,0.576171875,-0.009765625
3.83015874099965,1634.0,0.0078125,0.576171875,-0.009765625
3.835170210999877,1636.0,0.0078125,0.576171875,-0.009765625
3.840144809999856,1638.0,0.0078125,0.576171875,-0.009765625
3.8451436499999545,1640.0,0.0078125,0.576171875,-0.009765625
3.8501480269997046,1642.0,0.0078125,0.576171875,-0.009765625
3.855146866999803,1644.0,0.0078125,0.576171875,-0.009765625
3.8601451329996053,1646.0,0.0078125,0.576171875,-0.009765625
3.865144639999926,1648.0,0.0078125,0.576171875,-0.009765625
3.8701422579997597,1650.0,0.0078125,0.576171875,-0.009765625
3.875147523999658,1652.0,-0.02734375,0.615234375,-0.009765625
3.88017158699995,1654.0,-0.02734375,0.615234375,-0.009765625
3.8851455929998338,1656.0,-0.02734375,0.615234375,-0.009765625
3.890160506999564,1658.0,-0.02734375,0.615234375,-0.009765625
3.8951460879998194,1660.0,-0.02734375,0.615234375,-0.009765625
3.9001424649995897,1662.0,-0.02734375,0.615234375,-0.009765625
3.9051394909997725,1664.0,-0.02734375,0.615234375,-0.009765625
3.9101418309996916,1666.0,-0.02734375,0.615234375,-0.009765625
3.9151481709996006,1668.0,-0.02734375,0.615234375,-0.009765625
3.920148806999805,1670.0,-0.02734375,0.615234375,-0.009765625
3.9251447399997232,1672.0,0.001953125,0.66796875,0.00390625
3.930150042999685,1674.0,0.001953125,0.66796875,0.00390625
3.935142586999973,1676.0,0.001953125,0.66796875,0.00390625
3.94014050099986,1678.0,0.001953125,0.66796875,0.00390625
3.945141211999726,1680.0,0.001953125,0.66796875,0.00390625
3.950143551999645,1682.0,0.001953125,0.66796875,0.00390625
3.9551456139997754,1684.0,0.001953125,0.66796875,0.00390625
3.9601431029996093,1686.0,0.001953125,0.66796875,0.00390625
3.965141460999803,1688.0,0.001953125,0.66796875,0.00390625
3.9701418939998803,1690.0,0.001953125,0.66796875,0.00390625
3.975143678999757,1692.0,0.0078125,0.7109375,0.009765625
3.98014629599993,1694.0,0.0078125,0.7109375,0.009765625
3.9851400809998268,1696.0,0.0078125,0.7109375,0.009765625
3.9901405509999677,1698.0,0.0078125,0.7109375,0.009765625
3.995143095000003,1700.0,0.0078125,0.7109375,0.009765625
4.0001423789999535,1702.0,0.0078125,0.7109375,0.009765625
4.005141070999798,1704.0,0.0078125,0.7109375,0.009765625
4.010139540999717,1706.0,0.0078125,0.7109375,0.009765625
4.015223214999878,1708.0,0.0078125,0.7109375,0.009765625
4.0201993879995825,1710.0,0.0078125,0.7109375,0.009765625
4.025154542999644,1712.0,-0.01171875,0.787109375,0.013671875
4.030157382999732,1714.0,-0.01171875,0.787109375,0.013671875
4.03514970499964,1716.0,-0.01171875,0.787109375,0.013671875
4.040148173999569,1718.0,-0.01171875,0.787109375,0.013671875
4.045146273999762,1720.0,-0.01171875,0.787109375,0.013671875
4.050146761999713,1722.0,-0.01171875,0.787109375,0.013671875
4.055332213999918,1724.0,-0.01171875,0.787109375,0.013671875
4.06028192399981,1726.0,-0.01171875,0.787109375,0.013671875
4.065341690999958,1728.0,-0.01171875,0.787109375,0.013671875
4.070244585999717,1730.0,-0.01171875,0.787109375,0.013671875
4.075255407999975,1732.0,0.009765625,0.84375,0.001953125
4.080161172999851,1734.0,0.009765625,0.84375,0.001953125
4.085149160999663,1736.0,0.009765625,0.84375,0.001953125
4.090168464999806,1738.0,0.009765625,0.84375,0.001953125
4.095157174999713,1740.0,0.009765625,0.84375,0.001953125
4.100144996999916,1742.0,0.009765625,0.84375,0.001953125
4.105147336999835,1744.0,0.009765625,0.84375,0.001953125
4.110142639999594,1746.0,0.009765625,0.84375,0.001953125
4.115145164999831,1748.0,0.009765625,0.84375,0.001953125
4.120144060999792,1750.0,0.009765625,0.84375,0.001953125
4.125144289999753,1752.0,-0.01171875,0.9140625,0.0
4.130173907999961,1754.0,-0.01171875,0.9140625,0.0
4.135162154999762,1756.0,-0.01171875,0.9140625,0.0
4.140194921999864,1758.0,-0.01171875,0.9140625,0.0
4.145202390999657,1760.0,-0.01171875,0.9140625,0.0
4.150164675999804,1762.0,-0.01171875,0.9140625,0.0
4.155162775000008,1764.0,-0.01171875,0.9140625,0.0
4.160159855999609,1766.0,-0.01171875,0.9140625,0.0
4.165159936999771,1768.0,-0.01171875,0.9140625,0.0
4.1701623330000075,1770.0,-0.01171875,0.9140625,0.0
4.175175635999949,1772.0,-0.015625,1.00390625,0.001953125
4.180165179999676,1774.0,-0.015625,1.00390625,0.001953125
4.185159982999721,1776.0,-0.015625,1.00390625,0.001953125
4.190165341000011,1778.0,-0.015625,1.00390625,0.001953125
4.195169996000004,1780.0,-0.015625,1.00390625,0.001953125
4.200160817999858,1782.0,-0.015625,1.00390625,0.001953125
4.20515982500001,1784.0,-0.015625,1.00390625,0.001953125
4.210173349999877,1786.0,-0.015625,1.00390625,0.001953125
4.215170708999722,1788.0,-0.015625,1.00390625,0.001953125
4.220199530999707,1790.0,-0.015625,1.00390625,0.001953125
4.225163703999897,1792.0,0.00390625,1.107421875,0.001953125
4.2301892659997975,1794.0,0.00390625,1.107421875,0.001953125
4.2352135509995605,1796.0,0.00390625,1.107421875,0.001953125
4.240159408999716,1798.0,0.00390625,1.107421875,0.001953125
4.245147860999623,1800.0,0.00390625,1.107421875,0.001953125
4.250148181999975,1800.0,0.00390625,1.107421875,0.001953125
4.255145336999703,1800.0,0.00390625,1.107421875,0.001953125
4.260146566000003,1800.0,0.00390625,1.107421875,0.001953125
4.265146572999583,1800.0,0.00390625,1.107421875,0.001953125
4.27014483899984,1800.0,0.00390625,1.107421875,0.001953125
4.275145900999632,1800.0,-0.015625,1.216796875,0.013671875
4.280150907999996,1800.0,-0.015625,1.216796875,0.013671875
4.285147988999597,1800.0,-0.015625,1.216796875,0.013671875
4.290145699999812,1800.0,-0.015625,1.216796875,0.013671875
4.295145576999857,1800.0,-0.015625,1.216796875,0.013671875
4.300164694999694,1800.0,-0.015625,1.216796875,0.013671875
4.305177330999868,1800.0,-0.015625,1.216796875,0.013671875
4.3101504119999845,1800.0,-0.015625,1.216796875,0.013671875
4.3151510299999245,1800.0,-0.015625,1.216796875,0.013671875
4.320145869999578,1800.0,-0.015625,1.216796875,0.013671875
4.325144487999751,1800.0,-0.009765625,1.328125,0.001953125
4.330182401999991,1800.0,-0.009765625,1.328125,0.001953125
4.335158982999928,1800.0,-0.009765625,1.328125,0.001953125
4.340147748999698,1800.0,-0.009765625,1.328125,0.001953125
4.345144718999563,1800.0,-0.009765625,1.328125,0.001953125
4.350145558999884,1800.0,-0.009765625,1.328125,0.001953125
4.355145657999856,1800.0,-0.009765625,1.328125,0.001953125
4.360149349999574,1800.0,-0.009765625,1.328125,0.001953125
4.365145486999609,1800.0,-0.009765625,1.328125,0.001953125
4.370145122999929,1800.0,-0.009765625,1.328125,0.001953125
4.375144185999943,1800.0,-0.015625,1.4453125,-0.017578125
4.380149321999852,1800.0,-0.015625,1.4453125,-0.017578125
4.385172717999922,1800.0,-0.015625,1.4453125,-0.017578125
4.390153835999627,1800.0,-0.015625,1.4453125,-0.017578125
4.395147601999724,1800.0,-0.015625,1.4453125,-0.017578125
4.400162052999804,1800.0,-0.015625,1.4453125,-0.017578125
4.4051467629997205,1800.0,-0.015625,1.4453125,-0.017578125
4.410144140999819,1800.0,-0.015625,1.4453125,-0.017578125
4.415144961999886,1800.0,-0.015625,1.4453125,-0.017578125
4.420173579999755,1800.0,-0.015625,1.4453125,-0.017578125
4.425146512999618,1800.0,-0.021484375,1.548828125,-0.015625
4.430157204999887,1800.0,-0.021484375,1.548828125,-0.015625
4.435149137999815,1800.0,-0.021484375,1.548828125,-0.015625
4.440143792999606,1800.0,-0.021484375,1.548828125,-0.015625
4.445142743999895,1800.0,-0.021484375,1.548828125,-0.015625
4.450305176999791,1800.0,-0.021484375,1.548828125,-0.015625
4.455213090999678,1800.0,-0.021484375,1.548828125,-0.015625
4.46016144899977,1800.0,-0.021484375,1.548828125,-0.015625
4.465149566999571,1800.0,-0.021484375,1.548828125,-0.015625
4.470151592999628,1800.0,-0.021484375,1.548828125,-0.015625
4.475145635999979,1800.0,-0.009765625,1.6171875,-0.01171875
4.48015362499973,1800.0,-0.009765625,1.6171875,-0.01171875
4.485152168999775,1800.0,-0.009765625,1.6171875,-0.01171875
4.490148211999895,1800.0,-0.009765625,1.6171875,-0.01171875
4.4951493669996125,1800.0,-0.009765625,1.6171875,-0.01171875
4.5001437070000065,1800.0,-0.009765625,1.6171875,-0.01171875
4.505144380999809,1800.0,-0.009765625,1.6171875,-0.01171875
4.510147628999675,1800.0,-0.009765625,1.6171875,-0.01171875
4.5151482089995625,1800.0,-0.009765625,1.6171875,-0.01171875
4.520142587000009,1800.0,-0.009765625,1.6171875,-0.01171875
4.525140592999833,1800.0,-0.01953125,1.720703125,0.001953125
4.5303224899998895,1800.0,-0.01953125,1.720703125,0.001953125
4.535281459999624,1800.0,-0.01953125,1.720703125,0.001953125
4.540179910000006,1800.0,-0.01953125,1.720703125,0.001953125
4.545167157999913,1800.0,-0.01953125,1.720703125,0.001953125
4.55016614599981,1800.0,-0.01953125,1.720703125,0.001953125
4.5551660599999195,1800.0,-0.01953125,1.720703125,0.001953125
4.560185936999915,1800.0,-0.01953125,1.720703125,0.001953125
4.56516705499962,1800.0,-0.01953125,1.720703125,0.001953125
4.570165006999559,1800.0,-0.01953125,1.720703125,0.001953125
4.575164717000007,1800.0,-0.017578125,1.794921875,-0.001953125
4.580173353999726,1800.0,-0.017578125,1.794921875,-0.001953125
4.585162989999844,1800.0,-0.017578125,1.794921875,-0.001953125
4.590161273999911,1800.0,-0.017578125,1.794921875,-0.001953125
4.595161132999692,1800.0,-0.017578125,1.794921875,-0.001953125
4.600173602999803,1800.0,-0.017578125,1.794921875,-0.001953125
4.605161257999953,1800.0,-0.017578125,1.794921875,-0.001953125
4.610159708999618,1800.0,-0.017578125,1.794921875,-0.001953125
4.615159307999875,1800.0,-0.017578125,1.794921875,-0.001953125
4.620219963999716,1800.0,-0.017578125,1.794921875,-0.001953125
4.625168784999914,1800.0,-0.01171875,1.8828125,-0.0078125
4.630180828999983,1800.0,-0.01171875,1.8828125,-0.0078125
4.6351588539996555,1800.0,-0.01171875,1.8828125,-0.0078125
4.640149582999584,1800.0,-0.01171875,1.8828125,-0.0078125
4.645149089999904,1800.0,-0.01171875,1.8828125,-0.0078125
4.650145114999759,1800.0,-0.01171875,1.8828125,-0.0078125
4.655146306999995,1800.0,-0.01171875,1.8828125,-0.0078125
4.660170295999706,1800.0,-0.01171875,1.8828125,-0.0078125
4.665190783999606,1800.0,-0.01171875,1.8828125,-0.0078125
4.670247179999933,1800.0,-0.01171875,1.8828125,-0.0078125
4.6751642790000005,1800.0,-0.0234375,1.9453125,-0.017578125
4.680155118999664,1800.0,-0.0234375,1.9453125,-0.017578125
4.6851442929996665,1800.0,-0.0234375,1.9453125,-0.017578125
4.690145946999564,1800.0,-0.0234375,1.9453125,-0.017578125
4.695147601999906,1800.0,-0.0234375,1.9453125,-0.017578125
4.700146756999857,1800.0,-0.0234375,1.9453125,-0.017578125
4.705142689999775,1800.0,-0.0234375,1.9453125,-0.017578125
4.710303049999766,1800.0,-0.0234375,1.9453125,-0.017578125
4.715339741999742,1800.0,-0.0234375,1.9453125,-0.017578125
4.720364396999685,1800.0,-0.0234375,1.9453125,-0.017578125
4.72534490399994,1800.0,-0.01953125,1.884765625,-0.048828125
4.730380743999831,1800.0,-0.01953125,1.884765625,-0.048828125
4.735172860999683,1800.0,-0.01953125,1.884765625,-0.048828125
4.740168366999569,1800.0,-0.01953125,1.884765625,-0.048828125
4.745150040999761,1800.0,-0.01953125,1.884765625,-0.048828125
4.750162232999628,1800.0,-0.01953125,1.884765625,-0.048828125
4.755154776999916,1800.0,-0.01953125,1.884765625,-0.048828125
4.760145782999643,1800.0,-0.01953125,1.884765625,-0.048828125
4.765148845999647,1800.0,-0.01953125,1.884765625,-0.048828125
4.7701592229996095,1800.0,-0.01953125,1.884765625,-0.048828125
4.775149710999813,1800.0,0.037109375,1.416015625,-0.07421875
4.780148643999837,1800.0,0.037109375,1.416015625,-0.07421875
4.7851457619999564,1800.0,0.037109375,1.416015625,-0.07421875
4.790180546999636,1800.0,0.037109375,1.416015625,-0.07421875
4.79515877599988,1800.0,0.037109375,1.416015625,-0.07421875
4.800151818999893,1800.0,0.037109375,1.416015625,-0.07421875
4.805164289000004,1800.0,0.037109375,1.416015625,-0.07421875
4.810150165999858,1800.0,0.037109375,1.416015625,-0.07421875
4.815151672999946,1800.0,0.037109375,1.416015625,-0.07421875
4.820201587999691,1800.0,0.037109375,1.416015625,-0.07421875
4.825153852999847,1800.0,-0.017578125,1.162109375,-0.060546875
4.830157841999608,1800.0,-0.017578125,1.162109375,-0.060546875
4.835154977999991,1800.0,-0.017578125,1.162109375,-0.060546875
4.8402878929996405,1800.0,-0.017578125,1.162109375,-0.060546875
4.845163195999703,1800.0,-0.017578125,1.162109375,-0.060546875
4.850153035999938,1800.0,-0.017578125,1.162109375,-0.060546875
4.855151504999867,1800.0,-0.017578125,1.162109375,-0.060546875
4.860145863999605,1800.0,-0.017578125,1.162109375,-0.060546875
4.8651473709996935,1800.0,-0.017578125,1.162109375,-0.060546875
4.87014963699994,1800.0,-0.017578125,1.162109375,-0.060546875
4.875148569999965,1800.0,0.025390625,1.041015625,0.017578125
4.880153149999842,1800.0,0.025390625,1.041015625,0.017578125
4.8851731569998265,1800.0,0.025390625,1.041015625,0.017578125
4.890154200999859,1800.0,0.025390625,1.041015625,0.017578125
4.895147688999714,1800.0,0.025390625,1.041015625,0.017578125
4.900146677999601,1800.0,0.025390625,1.041015625,0.017578125
4.905142239999805,1800.0,0.025390625,1.041015625,0.017578125
4.910176839999622,1800.0,0.025390625,1.041015625,0.017578125
4.915151234999939,1800.0,0.025390625,1.041015625,0.017578125
4.920145945999593,1800.0,0.025390625,1.041015625,0.017578125
4.925143914999808,1800.0,-0.0625,0.94921875,0.0859375
4.930150940999738,1800.0,-0.0625,0.94921875,0.0859375
4.935147632999815,1800.0,-0.0625,0.94921875,0.0859375
4.940145916999882,1800.0,-0.0625,0.94921875,0.0859375
4.945145830999991,1800.0,-0.0625,0.94921875,0.0859375
4.950144689999888,1800.0,-0.0625,0.94921875,0.0859375
4.955144622999796,1800.0,-0.0625,0.94921875,0.0859375
4.960143888999937,1800.0,-0.0625,0.94921875,0.0859375
4.9651416179999615,1800.0,-0.0625,0.94921875,0.0859375
4.970145216999754,1800.0,-0.0625,0.94921875,0.0859375
4.975147390999609,1800.0,-0.091796875,0.87890625,0.0859375
4.980147174999729,1800.0,-0.091796875,0.87890625,0.0859375
4.985144959999616,1800.0,-0.091796875,0.87890625,0.0859375
4.990144188999693,1800.0,-0.091796875,0.87890625,0.0859375
4.99514525099994,1800.0,-0.091796875,0.87890625,0.0859375
5.000141461999647,1800.0,-0.091796875,0.87890625,0.0859375
5.00513932099966,1800.0,-0.091796875,0.87890625,0.0859375
5.010143697999865,1800.0,-0.091796875,0.87890625,0.0859375
5.015146815999742,1800.0,-0.091796875,0.87890625,0.0859375
5.020179859999644,1800.0,-0.091796875,0.87890625,0.0859375
5.025147791999643,1800.0,0.017578125,0.806640625,-0.00390625
5.0301545029997214,1800.0,0.017578125,0.806640625,-0.00390625
5.035147416999735,1800.0,0.017578125,0.806640625,-0.00390625
5.040147219999653,1800.0,0.017578125,0.806640625,-0.00390625
5.045145707999836,1800.0,0.017578125,0.806640625,-0.00390625
5.050142640999638,1800.0,0.017578125,0.806640625,-0.00390625
5.05533325999977,1800.0,0.017578125,0.806640625,-0.00390625
5.060279395999714,1800.0,0.017578125,0.806640625,-0.00390625
5.065350124999895,1800.0,0.017578125,0.806640625,-0.00390625
5.0702412059999915,1800.0,0.017578125,0.806640625,-0.00390625
5.075258008999754,1800.0,0.02734375,0.677734375,-0.060546875
5.080165236999619,1800.0,0.02734375,0.677734375,-0.060546875
5.085153040999558,1800.0,0.02734375,0.677734375,-0.060546875
5.090161546999752,1800.0,0.02734375,0.677734375,-0.060546875
5.095155424999575,1800.0,0.02734375,0.677734375,-0.060546875
5.1001436349997675,1800.0,0.02734375,0.677734375,-0.060546875
5.105148122999708,1800.0,0.02734375,0.677734375,-0.060546875
5.110146240999711,1800.0,0.02734375,0.677734375,-0.060546875
5.115157803999864,1800.0,0.02734375,0.677734375,-0.060546875
5.120144032999633,1800.0,0.02734375,0.677734375,-0.060546875
5.1251448169996365,1800.0,0.0390625,0.564453125,-0.0625
5.130158360999758,1800.0,0.0390625,0.564453125,-0.0625
5.135143533999781,1800.0,0.0390625,0.564453125,-0.0625
5.140142800999911,1800.0,0.0390625,0.564453125,-0.0625
5.145141880999745,1800.0,0.0390625,0.564453125,-0.0625
5.150140054999611,1800.0,0.0390625,0.564453125,-0.0625
5.155143635999593,1800.0,0.0390625,0.564453125,-0.0625
5.160143845999755,1800.0,0.0390625,0.564453125,-0.0625
5.1651741119999315,1800.0,0.0390625,0.564453125,-0.0625
5.170144526999593,1800.0,0.0390625,0.564453125,-0.0625
5.175157403999947,1800.0,0.03125,0.44921875,-0.04296875
5.1801544289996855,1800.0,0.03125,0.44921875,-0.04296875
5.18514173199992,1800.0,0.03125,0.44921875,-0.04296875
5.190143164999881,1800.0,0.03125,0.44921875,-0.04296875
5.1951505419997375,1800.0,0.03125,0.44921875,-0.04296875
5.200142844999846,1800.0,0.03125,0.44921875,-0.04296875
5.205142592999891,1800.0,0.03125,0.44921875,-0.04296875
5.210141858999577,1800.0,0.03125,0.44921875,-0.04296875
5.215142476999972,1800.0,0.03125,0.44921875,-0.04296875
5.220176983999863,1800.0,0.001953125,0.353515625,0.005859375
5.225154619999557,1800.0,0.001953125,0.353515625,0.005859375
5.2301630339998155,1800.0,0.001953125,0.353515625,0.005859375
5.235148095999648,1800.0,0.001953125,0.353515625,0.005859375
5.2401443999997355,1800.0,0.001953125,0.353515625,0.005859375
5.24513983199995,1800.0,0.001953125,0.353515625,0.005859375
5.250145838999742,1800.0,0.001953125,0.353515625,0.005859375
5.255197641999985,1800.0,0.001953125,0.353515625,0.005859375
5.260179389999848,1800.0,0.001953125,0.353515625,0.005859375
5.26514484099971,1800.0,0.001953125,0.353515625,0.005859375
5.270142217999819,1800.0,-0.068359375,0.294921875,0.05078125
5.275156928999877,1800.0,-0.068359375,0.294921875,0.05078125
5.280143731999942,1800.0,-0.068359375,0.294921875,0.05078125
5.285142016000009,1800.0,-0.068359375,0.294921875,0.05078125
5.290142022999589,1800.0,-0.068359375,0.294921875,0.05078125
5.295143436999751,1800.0,-0.068359375,0.294921875,0.05078125
5.3001436659997125,1800.0,-0.068359375,0.294921875,0.05078125
5.305189321999933,1800.0,-0.068359375,0.294921875,0.05078125
5.310176957999829,1800.0,-0.068359375,0.294921875,0.05078125
5.315150001999882,1800.0,-0.068359375,0.294921875,0.05078125
5.320151063999674,1800.0,-0.052734375,0.21484375,0.046875
5.325152237999646,1800.0,-0.052734375,0.21484375,0.046875
5.33014754099986,1800.0,-0.052734375,0.21484375,0.046875
5.33514417699962,1800.0,-0.052734375,0.21484375,0.046875
5.340142998999909,1800.0,-0.052734375,0.21484375,0.046875
5.345141078999859,1800.0,-0.052734375,0.21484375,0.046875
5.350142233999577,1800.0,-0.052734375,0.21484375,0.046875
5.3551708529998905,1800.0,-0.052734375,0.21484375,0.046875
5.360152562999701,1800.0,-0.052734375,0.21484375,0.046875
5.365144291999968,1800.0,-0.052734375,0.21484375,0.046875
5.370144835999781,1800.0,0.017578125,0.205078125,-0.01171875
5.3751502309996795,1800.0,0.017578125,0.205078125,-0.01171875
5.380147145999672,1800.0,0.017578125,0.205078125,-0.01171875
5.385166281999773,1800.0,0.017578125,0.205078125,-0.01171875
5.390149084999848,1800.0,0.017578125,0.205078125,-0.01171875
5.395151554999757,1800.0,0.017578125,0.205078125,-0.01171875
5.400144987999738,1800.0,0.017578125,0.205078125,-0.01171875
5.405144605999794,1800.0,0.017578125,0.205078125,-0.01171875
5.410144723999565,1800.0,0.017578125,0.205078125,-0.01171875
5.415147155999875,1800.0,0.017578125,0.205078125,-0.01171875
5.420208014999844,1800.0,0.03125,0.18359375,-0.029296875
5.425155817999894,1800.0,0.03125,0.18359375,-0.029296875
5.430150768999738,1800.0,0.03125,0.18359375,-0.029296875
5.4351474239997515,1800.0,0.03125,0.18359375,-0.029296875
5.440147263999734,1800.0,0.03125,0.18359375,-0.029296875
5.445146196999758,1800.0,0.03125,0.18359375,-0.029296875
5.4502715379999245,1800.0,0.03125,0.18359375,-0.029296875
5.45516169199982,1800.0,0.03125,0.18359375,-0.029296875
5.460145328999715,1800.0,0.03125,0.18359375,-0.029296875
5.465145872999983,1800.0,0.03125,0.18359375,-0.029296875
5.470147878999796,1800.0,0.001953125,0.1640625,-0.001953125
5.475157107999621,1800.0,0.001953125,0.1640625,-0.001953125
5.4801452079996125,1800.0,0.001953125,0.1640625,-0.001953125
5.485143788999721,1800.0,0.001953125,0.1640625,-0.001953125
5.4901462579996405,1800.0,0.001953125,0.1640625,-0.001953125
5.495145246999982,1800.0,0.001953125,0.1640625,-0.001953125
5.500143808999837,1800.0,0.001953125,0.1640625,-0.001953125
5.505142944999989,1800.0,0.001953125,0.1640625,-0.001953125
5.510142877999897,1800.0,0.001953125,0.1640625,-0.001953125
5.5151486259997,1800.0,0.001953125,0.1640625,-0.001953125
5.520145595999566,1800.0,-0.01953125,0.1875,0.01953125
5.525147379999908,1800.0,-0.01953125,0.1875,0.01953125
5.530171868999787,1800.0,-0.01953125,0.1875,0.01953125
5.5351475599995865,1800.0,-0.01953125,0.1875,0.01953125
5.540147085999706,1800.0,-0.01953125,0.1875,0.01953125
5.5451444259997515,1800.0,-0.01953125,0.1875,0.01953125
5.550144209999871,1800.0,-0.01953125,0.1875,0.01953125
5.555145476999769,1800.0,-0.01953125,0.1875,0.01953125
5.560145982999984,1800.0,-0.01953125,0.1875,0.01953125
5.565143989999797,1800.0,-0.01953125,0.1875,0.01953125
5.5701420709997365,1800.0,-0.005859375,0.21484375,0.009765625
5.5751494669998465,1800.0,-0.005859375,0.21484375,0.009765625
5.580146528999649,1800.0,-0.005859375,0.21484375,0.009765625
5.585143683999831,1800.0,-0.005859375,0.21484375,0.009765625
5.5901463389996024,1800.0,-0.005859375,0.21484375,0.009765625
5.595142215999658,1800.0,-0.005859375,0.21484375,0.009765625
5.60014498199962,1800.0,-0.005859375,0.21484375,0.009765625
5.6051423589997285,1800.0,-0.005859375,0.21484375,0.009765625
5.610143402999711,1800.0,-0.005859375,0.21484375,0.009765625
5.6151446509998095,1800.0,-0.005859375,0.21484375,0.009765625
5.620179583999743,1800.0,0.00390625,0.23828125,-0.013671875
5.625157089999902,1800.0,0.00390625,0.23828125,-0.013671875
5.630171522999717,1800.0,0.00390625,0.23828125,-0.013671875
5.635150455999792,1800.0,0.00390625,0.23828125,-0.013671875
5.640146739999636,1800.0,0.00390625,0.23828125,-0.013671875
5.64514459899965,1800.0,0.00390625,0.23828125,-0.013671875
5.650144549999823,1800.0,0.00390625,0.23828125,-0.013671875
5.655144649999784,1800.0,0.00390625,0.23828125,-0.013671875
5.660146452999925,1800.0,0.00390625,0.23828125,-0.013671875
5.6651445339998645,1800.0,0.00390625,0.23828125,-0.013671875
5.6701453739997305,1800.0,0.01953125,0.265625,-0.015625
5.675162565999926,1800.0,0.01953125,0.265625,-0.015625
5.680175609999878,1800.0,0.01953125,0.265625,-0.015625
5.6851520049999635,1800.0,0.01953125,0.265625,-0.015625
5.690144993999638,1800.0,0.01953125,0.265625,-0.015625
5.695146962999843,1800.0,0.01953125,0.265625,-0.015625
5.700145210999835,1800.0,0.01953125,0.265625,-0.015625
5.70514547699986,1800.0,0.01953125,0.265625,-0.015625
5.710145279999779,1800.0,0.01953125,0.265625,-0.015625
5.715147749999687,1800.0,0.01953125,0.265625,-0.015625
5.720144552999955,1800.0,-0.005859375,0.265625,-0.00390625
5.725145318999694,1800.0,-0.005859375,0.265625,-0.00390625
5.730147584999941,1800.0,-0.005859375,0.265625,-0.00390625
5.735146572999838,1800.0,-0.005859375,0.265625,-0.00390625
5.740148653999768,1800.0,-0.005859375,0.265625,-0.00390625
5.745143938999718,1800.0,-0.005859375,0.265625,-0.00390625
5.750145037999573,1800.0,-0.005859375,0.265625,-0.00390625
5.755145266999989,1800.0,-0.005859375,0.265625,-0.00390625
5.760143495999728,1800.0,-0.005859375,0.265625,-0.00390625
5.765143632999752,1800.0,-0.005859375,0.265625,-0.00390625
5.770156435999979,1800.0,0.0,0.21875,0.017578125
5.775154294999993,1800.0,0.0,0.21875,0.017578125
5.78015050499971,1800.0,0.0,0.21875,0.017578125
5.785142400999575,1800.0,0.0,0.21875,0.017578125
5.790168555999571,1800.0,0.0,0.21875,0.017578125
5.795151302999784,1800.0,0.0,0.21875,0.017578125
5.800175198999568,1800.0,0.0,0.21875,0.017578125
5.805174853999688,1800.0,0.0,0.21875,0.017578125
5.810146860999794,1800.0,0.0,0.21875,0.017578125
5.815147496999998,1800.0,0.0,0.21875,0.017578125
5.820175892999941,1800.0,-0.01953125,-0.1171875,0.015625
5.825164806999965,1800.0,-0.01953125,-0.1171875,0.015625
5.8301496839999345,1800.0,-0.01953125,-0.1171875,0.015625
5.835204116999648,1800.0,-0.01953125,-0.1171875,0.015625
5.840174549999574,1800.0,-0.01953125,-0.1171875,0.015625
5.845149833999585,1800.0,-0.01953125,-0.1171875,0.015625
5.850150859999758,1800.0,-0.01953125,-0.1171875,0.015625
5.855151995999677,1800.0,-0.01953125,-0.1171875,0.015625
5.860148836000008,1800.0,-0.01953125,-0.1171875,0.015625
5.865145083999778,1800.0,-0.01953125,-0.1171875,0.015625
5.870147682999686,1800.0,-0.009765625,-0.10546875,0.001953125
5.875156670999786,1800.0,-0.009765625,-0.10546875,0.001953125
5.880147955999746,1800.0,-0.009765625,-0.10546875,0.001953125
5.885166369999752,1800.0,-0.009765625,-0.10546875,0.001953125
5.890150969999922,1800.0,-0.009765625,-0.10546875,0.001953125
5.895148327999777,1800.0,-0.009765625,-0.10546875,0.001953125
5.900147297999865,1800.0,-0.009765625,-0.10546875,0.001953125
5.905145526999604,1800.0,-0.009765625,-0.10546875,0.001953125
5.910144477999893,1800.0,-0.009765625,-0.10546875,0.001953125
5.915145632999611,1800.0,-0.009765625,-0.10546875,0.001953125
5.920146843999646,1800.0,0.029296875,-0.048828125,-0.013671875
5.92514883199965,1800.0,0.029296875,-0.048828125,-0.013671875
5.930193931999838,1800.0,0.029296875,-0.048828125,-0.013671875
5.9351500679999845,1800.0,0.029296875,-0.048828125,-0.013671875
5.940147333999903,1800.0,0.029296875,-0.048828125,-0.013671875
5.945145025999864,1800.0,0.029296875,-0.048828125,-0.013671875
5.950144365999677,1800.0,0.029296875,-0.048828125,-0.013671875
5.95514622499968,1800.0,0.029296875,-0.048828125,-0.013671875
5.960144823999599,1800.0,0.029296875,-0.048828125,-0.013671875
5.965143774999888,1800.0,0.029296875,-0.048828125,-0.013671875
5.970144929999606,1800.0,-0.017578125,0.041015625,0.001953125
5.975150103999567,1800.0,-0.017578125,0.041015625,0.001953125
5.980145536999771,1800.0,-0.017578125,0.041015625,0.001953125
5.9851446919997215,1800.0,-0.017578125,0.041015625,0.001953125
5.990144827999757,1800.0,-0.017578125,0.041015625,0.001953125
5.99514838999994,1800.0,-0.017578125,0.041015625,0.001953125
6.000143711999954,1800.0,-0.017578125,0.041015625,0.001953125
6.0051447929999995,1800.0,-0.017578125,0.041015625,0.001953125
6.010144428999865,1800.0,-0.017578125,0.041015625,0.001953125
6.0151430839996465,1800.0,-0.017578125,0.041015625,0.001953125
6.020174201999907,1800.0,-0.01171875,0.087890625,0.0078125
6.025157227999898,1800.0,-0.01171875,0.087890625,0.0078125
6.030148270999689,1800.0,-0.01171875,0.087890625,0.0078125
6.035149351999735,1800.0,-0.01171875,0.087890625,0.0078125
6.0401458399996955,1800.0,-0.01171875,0.087890625,0.0078125
6.045145772999604,1800.0,-0.01171875,0.087890625,0.0078125
6.050143501999628,1800.0,-0.01171875,0.087890625,0.0078125
6.055337176999728,1800.0,-0.01171875,0.087890625,0.0078125
6.06030153499978,1800.0,-0.01171875,0.087890625,0.0078125
6.06543104299999,1800.0,-0.01171875,0.087890625,0.0078125
6.070277492999594,1800.0,0.017578125,0.12890625,0.00390625
6.07543240799987,1800.0,0.017578125,0.12890625,0.00390625
6.0802255429998695,1800.0,0.017578125,0.12890625,0.00390625
6.085158142999717,1800.0,0.017578125,0.12890625,0.00390625
6.090152815999772,1800.0,0.017578125,0.12890625,0.00390625
6.095181916000001,1800.0,0.017578125,0.12890625,0.00390625
6.100152495999737,1800.0,0.017578125,0.12890625,0.00390625
6.105151613999624,1800.0,0.017578125,0.12890625,0.00390625
6.110147250999944,1800.0,0.017578125,0.12890625,0.00390625
6.115181553999719,1800.0,0.017578125,0.12890625,0.00390625
6.120151948999592,1800.0,-0.009765625,-0.02734375,-0.0078125
6.125152196999807,1800.0,-0.009765625,-0.02734375,-0.0078125
6.130206407999594,1800.0,-0.009765625,-0.02734375,-0.0078125
6.1351721919995725,1800.0,-0.009765625,-0.02734375,-0.0078125
6.14016353199986,1800.0,-0.009765625,-0.02734375,-0.0078125
6.145160964999832,1800.0,-0.009765625,-0.02734375,-0.0078125
6.150163397999677,1800.0,-0.009765625,-0.02734375,-0.0078125
6.155160959999648,1800.0,-0.009765625,-0.02734375,-0.0078125
6.160162151999884,1800.0,-0.009765625,-0.02734375,-0.0078125
6.165160232999824,1800.0,-0.009765625,-0.02734375,-0.0078125
6.170160517999648,1800.0,0.01171875,-0.07421875,-0.001953125
6.1751722839999275,1800.0,0.01171875,-0.07421875,-0.001953125
6.1801621239997075,1800.0,0.01171875,-0.07421875,-0.001953125
6.185197759999937,1800.0,0.01171875,-0.07421875,-0.001953125
6.190176192999843,1800.0,0.01171875,-0.07421875,-0.001953125
6.195166921999771,1800.0,0.01171875,-0.07421875,-0.001953125
6.2001627249997,1800.0,0.01171875,-0.07421875,-0.001953125
6.2051597689996925,1800.0,0.01171875,-0.07421875,-0.001953125
6.210163015999569,1800.0,0.01171875,-0.07421875,-0.001953125
6.215164504999848,1800.0,0.01171875,-0.07421875,-0.001953125
6.220216326999889,1800.0,-0.015625,0.001953125,0.0078125
6.225178666999909,1800.0,-0.015625,0.001953125,0.0078125
6.230166043999816,1800.0,-0.015625,0.001953125,0.0078125
6.235156920999998,1800.0,-0.015625,0.001953125,0.0078125
6.240186705999804,1800.0,-0.015625,0.001953125,0.0078125
6.24514780499976,1800.0,-0.015625,0.001953125,0.0078125
6.250198681999791,1798.0,-0.015625,0.001953125,0.0078125
6.255157910999969,1796.0,-0.015625,0.001953125,0.0078125
6.26014762099976,1794.0,-0.015625,0.001953125,0.0078125
6.265146350999657,1792.0,-0.015625,0.001953125,0.0078125
6.270144930999777,1790.0,-0.013671875,0.05859375,0.001953125
6.275152993999654,1788.0,-0.013671875,0.05859375,0.001953125
6.280146685999625,1786.0,-0.013671875,0.05859375,0.001953125
6.285146173999692,1784.0,-0.013671875,0.05859375,0.001953125
6.290176717999657,1782.0,-0.013671875,0.05859375,0.001953125
6.2951981319997685,1780.0,-0.013671875,0.05859375,0.001953125
6.300174342999981,1778.0,-0.013671875,0.05859375,0.001953125
6.30519775699986,1776.0,-0.013671875,0.05859375,0.001953125
6.310156244999689,1774.0,-0.013671875,0.05859375,0.001953125
6.315156881999883,1772.0,-0.013671875,0.05859375,0.001953125
6.32014933299979,1770.0,0.037109375,0.009765625,-0.017578125
6.325151098999868,1768.0,0.037109375,0.009765625,-0.017578125
6.330153123999935,1766.0,0.037109375,0.009765625,-0.017578125
6.335149630999695,1764.0,0.037109375,0.009765625,-0.017578125
6.34014684199974,1762.0,0.037109375,0.009765625,-0.017578125
6.345145551999849,1760.0,0.037109375,0.009765625,-0.017578125
6.350144743999863,1758.0,0.037109375,0.009765625,-0.017578125
6.355146418000004,1756.0,0.037109375,0.009765625,-0.017578125
6.360144627999944,1754.0,0.037109375,0.009765625,-0.017578125
6.365143967999757,1752.0,0.037109375,0.009765625,-0.017578125
6.370146344999739,1750.0,0.00390625,-0.037109375,-0.015625
6.375150944999859,1748.0,0.00390625,-0.037109375,-0.015625
6.38014463699983,1746.0,0.00390625,-0.037109375,-0.015625
6.385152550999919,1744.0,0.00390625,-0.037109375,-0.015625
6.390146538999943,1742.0,0.00390625,-0.037109375,-0.015625
6.395145767999566,1740.0,0.00390625,-0.037109375,-0.015625
6.400145237999823,1738.0,0.00390625,-0.037109375,-0.015625
6.405145337999784,1736.0,0.00390625,-0.037109375,-0.015625
6.410143399999924,1734.0,0.00390625,-0.037109375,-0.015625
6.415146202999949,1732.0,0.00390625,-0.037109375,-0.015625
6.420193116999599,1730.0,-0.001953125,-0.0234375,0.001953125
6.425162216999979,1728.0,-0.001953125,-0.0234375,0.001953125
6.430149556999822,1726.0,-0.001953125,-0.0234375,0.001953125
6.435150266999699,1724.0,-0.001953125,-0.0234375,0.001953125
6.440168699999958,1722.0,-0.001953125,-0.0234375,0.001953125
6.445145873000001,1720.0,-0.001953125,-0.0234375,0.001953125
6.450295713999822,1718.0,-0.001953125,-0.0234375,0.001953125
6.45516348000001,1716.0,-0.001953125,-0.0234375,0.001953125
6.460148911999568,1714.0,-0.001953125,-0.0234375,0.001953125
6.465147363999677,1712.0,-0.001953125,-0.0234375,0.001953125
6.470145555999807,1710.0,0.00390625,0.013671875,0.009765625
6.475162802999876,1708.0,0.00390625,0.013671875,0.009765625
6.480147939999824,1706.0,0.00390625,0.013671875,0.009765625
6.485145112999817,1704.0,0.00390625,0.013671875,0.009765625
6.490145415999905,1702.0,0.00390625,0.013671875,0.009765625
6.495146700999612,1700.0,0.00390625,0.013671875,0.009765625
6.500145410999721,1698.0,0.00390625,0.013671875,0.009765625
6.505144973999904,1696.0,0.00390625,0.013671875,0.009765625
6.510143591999622,1694.0,0.00390625,0.013671875,0.009765625
6.5151458759996785,1692.0,0.00390625,0.013671875,0.009765625
6.520145623999724,1690.0,0.01171875,0.009765625,-0.009765625
6.525150519999897,1688.0,0.01171875,0.009765625,-0.009765625
6.530144673999985,1686.0,0.01171875,0.009765625,-0.009765625
6.535148014999777,1684.0,0.01171875,0.009765625,-0.009765625
6.540155150999908,1682.0,0.01171875,0.009765625,-0.009765625
6.54514578699991,1680.0,0.01171875,0.009765625,-0.009765625
6.550144664999607,1678.0,0.01171875,0.009765625,-0.009765625
6.555145800999981,1676.0,0.01171875,0.009765625,-0.009765625
6.560144788999878,1674.0,0.01171875,0.009765625,-0.009765625
6.565160221999577,1672.0,0.01171875,0.009765625,-0.009765625
6.570148561999758,1670.0,0.033203125,-0.013671875,-0.015625
6.575151920999815,1668.0,0.033203125,-0.013671875,-0.015625
6.580145742999775,1666.0,0.033203125,-0.013671875,-0.015625
6.585146304999853,1664.0,0.033203125,-0.013671875,-0.015625
6.590143588999581,1662.0,0.033203125,-0.013671875,-0.015625
6.595143855999595,1660.0,0.033203125,-0.013671875,-0.015625
6.600144695999916,1658.0,0.033203125,-0.013671875,-0.015625
6.6051450359996124,1656.0,0.033203125,-0.013671875,-0.015625
6.610143468999922,1654.0,0.033203125,-0.013671875,-0.015625
6.615146160999757,1652.0,0.033203125,-0.013671875,-0.015625
6.620201370999894,1650.0,0.0,-0.02734375,-0.001953125
6.625160099999903,1648.0,0.0,-0.02734375,-0.001953125
6.630148217999704,1646.0,0.0,-0.02734375,-0.001953125
6.635148502999982,1644.0,0.0,-0.02734375,-0.001953125
6.640146620999985,1642.0,0.0,-0.02734375,-0.001953125
6.645193238999582,1640.0,0.0,-0.02734375,-0.001953125
6.650156170999708,1638.0,0.0,-0.02734375,-0.001953125
6.6551460109999425,1636.0,0.0,-0.02734375,-0.001953125
6.6601449999998295,1634.0,0.0,-0.02734375,-0.001953125
6.665151302999675,1632.0,0.0,-0.02734375,-0.001953125
6.670147197999995,1630.0,-0.001953125,-0.01953125,0.00390625
6.67515616799983,1628.0,-0.001953125,-0.01953125,0.00390625
6.68014515699997,1626.0,-0.001953125,-0.01953125,0.00390625
6.685144218999994,1624.0,-0.001953125,-0.01953125,0.00390625
6.690146002999882,1622.0,-0.001953125,-0.01953125,0.00390625
6.695144732999779,1620.0,-0.001953125,-0.01953125,0.00390625
6.700176868999733,1618.0,-0.001953125,-0.01953125,0.00390625
6.705145393999828,1616.0,-0.001953125,-0.01953125,0.00390625
6.7101444009999796,1614.0,-0.001953125,-0.01953125,0.00390625
6.715146129999994,1612.0,-0.001953125,-0.01953125,0.00390625
6.720144395999796,1610.0,0.01953125,-0.04296875,-0.001953125
6.7253007739996065,1608.0,0.01953125,-0.04296875,-0.001953125
6.730204298999979,1606.0,0.01953125,-0.04296875,-0.001953125
6.7351530649998494,1604.0,0.01953125,-0.04296875,-0.001953125
6.740150868000001,1602.0,0.01953125,-0.04296875,-0.001953125
6.745154244999867,1600.0,0.01953125,-0.04296875,-0.001953125
6.7501443439996365,1598.0,0.01953125,-0.04296875,-0.001953125
6.755144850999841,1596.0,0.01953125,-0.04296875,-0.001953125
6.760148673000003,1594.0,0.01953125,-0.04296875,-0.001953125
6.765151438999965,1592.0,0.01953125,-0.04296875,-0.001953125
6.770146445999671,1590.0,-0.00390625,-0.05859375,-0.001953125
6.775183618999563,1588.0,-0.00390625,-0.05859375,-0.001953125
6.780149440999594,1586.0,-0.00390625,-0.05859375,-0.001953125
6.785144132999903,1584.0,-0.00390625,-0.05859375,-0.001953125
6.7903414369998245,1582.0,-0.00390625,-0.05859375,-0.001953125
6.795239979999678,1580.0,-0.00390625,-0.05859375,-0.001953125
6.800181412999791,1578.0,-0.00390625,-0.05859375,-0.001953125
6.805188493999594,1576.0,-0.00390625,-0.05859375,-0.001953125
6.810150759999942,1574.0,-0.00390625,-0.05859375,-0.001953125
6.8151726739997684,1572.0,-0.00390625,-0.05859375,-0.001953125
6.820195106999563,1570.0,-0.00390625,-0.080078125,0.001953125
6.8251768909999555,1568.0,-0.00390625,-0.080078125,0.001953125
6.830152545999681,1566.0,-0.00390625,-0.080078125,0.001953125
6.8351731639995705,1564.0,-0.00390625,-0.080078125,0.001953125
6.840165503999742,1562.0,-0.00390625,-0.080078125,0.001953125
6.84515902899966,1560.0,-0.00390625,-0.080078125,0.001953125
6.850158258999727,1558.0,-0.00390625,-0.080078125,0.001953125
6.8551610799995615,1556.0,-0.00390625,-0.080078125,0.001953125
6.860158679999586,1554.0,-0.00390625,-0.080078125,0.001953125
6.865154871999948,1552.0,-0.00390625,-0.080078125,0.001953125
6.870167118999689,1550.0,0.0,-0.095703125,0.001953125
6.875172699999894,1548.0,0.0,-0.095703125,0.001953125
6.88016178099997,1546.0,0.0,-0.095703125,0.001953125
6.885187991999828,1544.0,0.0,-0.095703125,0.001953125
6.890164738999829,1542.0,0.0,-0.095703125,0.001953125
6.895167911999579,1540.0,0.0,-0.095703125,0.001953125
6.9001621599995815,1538.0,0.0,-0.095703125,0.001953125
6.905159944999923,1536.0,0.0,-0.095703125,0.001953125
6.910160617999736,1534.0,0.0,-0.095703125,0.001953125
6.915162642999803,1532.0,0.0,-0.095703125,0.001953125
6.92016053899988,1530.0,0.00390625,-0.044921875,-0.001953125
6.925166138999884,1528.0,0.00390625,-0.044921875,-0.001953125
6.930161644999771,1526.0,0.00390625,-0.044921875,-0.001953125
6.935163207999722,1524.0,0.00390625,-0.044921875,-0.001953125
6.940145584999755,1522.0,0.00390625,-0.044921875,-0.001953125
6.945145035999758,1520.0,0.00390625,-0.044921875,-0.001953125
6.950170931999764,1518.0,0.00390625,-0.044921875,-0.001953125
6.955146789999617,1516.0,0.00390625,-0.044921875,-0.001953125
6.960143611999683,1514.0,0.00390625,-0.044921875,-0.001953125
6.9651419519996125,1512.0,0.00390625,-0.044921875,-0.001953125
6.9701455149997855,1510.0,0.02734375,-0.140625,-0.009765625
6.975148558000001,1508.0,0.02734375,-0.140625,-0.009765625
6.980144805999771,1506.0,0.02734375,-0.140625,-0.009765625
6.985142219999943,1504.0,0.02734375,-0.140625,-0.009765625
6.9901445789996615,1502.0,0.02734375,-0.140625,-0.009765625
6.995143936999739,1500.0,0.02734375,-0.140625,-0.009765625
7.000143665999985,1500,0.02734375,-0.140625,-0.009765625
7.00514102499983,1500,0.02734375,-0.140625,-0.009765625
7.010142994999569,1500,0.02734375,-0.140625,-0.009765625
7.015143612999964,1500,0.02734375,-0.140625,-0.009765625
7.020177952999802,1500,0.005859375,-0.169921875,-0.0078125
7.025176422999721,1500,0.005859375,-0.169921875,-0.0078125
7.030149114999858,1500,0.005859375,-0.169921875,-0.0078125
7.035148176999883,1500,0.005859375,-0.169921875,-0.0078125
7.040144794999833,1500,0.005859375,-0.169921875,-0.0078125
7.045142764999582,1500,0.005859375,-0.169921875,-0.0078125
7.05014319799966,1500,0.005859375,-0.169921875,-0.0078125
7.055320871999811,1500,0.005859375,-0.169921875,-0.0078125
7.060292063999896,1500,0.005859375,-0.169921875,-0.0078125
7.065376792999814,1500,0.005859375,-0.169921875,-0.0078125
7.070220243999756,1500,-0.005859375,-0.19140625,0.01171875
7.07516662099988,1500,-0.005859375,-0.19140625,0.01171875
7.08025871999962,1500,-0.005859375,-0.19140625,0.01171875
7.085157392999918,1500,-0.005859375,-0.19140625,0.01171875
7.090148177999708,1500,-0.005859375,-0.19140625,0.01171875
7.0951666479995765,1500,-0.005859375,-0.19140625,0.01171875
7.100147598999683,1500,-0.005859375,-0.19140625,0.01171875
7.105164957999932,1500,-0.005859375,-0.19140625,0.01171875
7.110147556999891,1500,-0.005859375,-0.19140625,0.01171875
7.115203322999605,1500,-0.005859375,-0.19140625,0.01171875
7.120317996999802,1500,-0.009765625,-0.21484375,0.017578125
7.125334559999828,1500,-0.009765625,-0.21484375,0.017578125
7.130287825999858,1500,-0.009765625,-0.21484375,0.017578125
7.1351637019997725,1500,-0.009765625,-0.21484375,0.017578125
7.140147115999753,1500,-0.009765625,-0.21484375,0.017578125
7.145160456999747,1500,-0.009765625,-0.21484375,0.017578125
7.15015374099994,1500,-0.009765625,-0.21484375,0.017578125
7.155151840999679,1500,-0.009765625,-0.21484375,0.017578125
7.160149754999566,1500,-0.009765625,-0.21484375,0.017578125
7.165146538999579,1500,-0.009765625,-0.21484375,0.017578125
7.170144193999931,1500,-0.0078125,-0.23828125,0.0
7.175160997999683,1500,-0.0078125,-0.23828125,0.0
7.1801481339998645,1500,-0.0078125,-0.23828125,0.0
7.185146214999804,1500,-0.0078125,-0.23828125,0.0
7.190144554999733,1500,-0.0078125,-0.23828125,0.0
7.195144376999906,1500,-0.0078125,-0.23828125,0.0
7.200145327999962,1500,-0.0078125,-0.23828125,0.0
7.205178187000001,1500,-0.0078125,-0.23828125,0.0
7.2101448229996095,1500,-0.0078125,-0.23828125,0.0
7.21514555199974,1500,-0.0078125,-0.23828125,0.0
7.220144298999912,1500,0.01953125,-0.26171875,-0.01171875
7.225208176999786,1500,0.01953125,-0.26171875,-0.01171875
7.230179090999627,1500,0.01953125,-0.26171875,-0.01171875
7.235165856999629,1500,0.01953125,-0.26171875,-0.01171875
7.240148307999789,1500,0.01953125,-0.26171875,-0.01171875
7.24514574099976,1500,0.01953125,-0.26171875,-0.01171875
7.2501464879997,1500,0.01953125,-0.26171875,-0.01171875
7.2551796249999825,1500,0.01953125,-0.26171875,-0.01171875
7.260149260999697,1500,0.01953125,-0.26171875,-0.01171875
7.265144082999996,1500,0.01953125,-0.26171875,-0.01171875
7.270144700999936,1500,0.005859375,-0.275390625,-0.001953125
7.275156818999676,1500,0.005859375,-0.275390625,-0.001953125
7.28014584399989,1500,0.005859375,-0.275390625,-0.001953125
7.285144146999755,1500,0.005859375,-0.275390625,-0.001953125
7.290143042999716,1500,0.005859375,-0.275390625,-0.001953125
7.295146734999889,1500,0.005859375,-0.275390625,-0.001953125
7.300144241999988,1500,0.005859375,-0.275390625,-0.001953125
7.30517435999991,1500,0.005859375,-0.275390625,-0.001953125
7.310146329999952,1500,0.005859375,-0.275390625,-0.001953125
7.315154909999819,1500,0.005859375,-0.275390625,-0.001953125
7.320151398999769,1500,-0.01171875,-0.2890625,0.01171875
7.325149553999836,1500,-0.01171875,-0.2890625,0.01171875
7.330145615999754,1500,-0.01171875,-0.2890625,0.01171875
7.335147307999705,1500,-0.01171875,-0.2890625,0.01171875
7.340144129999771,1500,-0.01171875,-0.2890625,0.01171875
7.345145376999881,1500,-0.01171875,-0.2890625,0.01171875
7.3501436059996195,1500,-0.01171875,-0.2890625,0.01171875
7.3551452799997605,1500,-0.01171875,-0.2890625,0.01171875
7.360143397999764,1500,-0.01171875,-0.2890625,0.01171875
7.3651441639999575,1500,-0.01171875,-0.2890625,0.01171875
7.370141577999675,1500,0.0,-0.306640625,0.005859375
7.375148195999827,1500,0.0,-0.306640625,0.005859375
7.380144683999788,1500,0.0,-0.306640625,0.005859375
7.385149709999951,1500,0.0,-0.306640625,0.005859375
7.390144512999996,1500,0.0,-0.306640625,0.005859375
7.395143370999904,1500,0.0,-0.306640625,0.005859375
7.400142266999865,1500,0.0,-0.306640625,0.005859375
7.405140458999995,1500,0.0,-0.306640625,0.005859375
7.410142965999967,1500,0.0,-0.306640625,0.005859375
7.415143860999706,1500,0.0,-0.306640625,0.005859375
7.420143367999572,1500,0.0078125,-0.32421875,-0.0078125
7.425203671999952,1500,0.0078125,-0.32421875,-0.0078125
7.430155251999622,1500,0.0078125,-0.32421875,-0.0078125
7.435287074999906,1500,0.0078125,-0.32421875,-0.0078125
7.4401691919997575,1500,0.0078125,-0.32421875,-0.0078125
7.445147679999991,1500,0.0078125,-0.32421875,-0.0078125
7.450271890999829,1500,0.0078125,-0.32421875,-0.0078125
7.455166174999704,1500,0.0078125,-0.32421875,-0.0078125
7.460186700999657,1500,0.0078125,-0.32421875,-0.0078125
7.465152855999804,1500,0.0078125,-0.32421875,-0.0078125
7.470151250999606,1500,0.009765625,-0.33984375,-0.0078125
7.475155239999822,1500,0.009765625,-0.33984375,-0.0078125
7.4801445609996335,1500,0.009765625,-0.33984375,-0.0078125
7.485144752999986,1500,0.009765625,-0.33984375,-0.0078125
7.490146815999651,1500,0.009765625,-0.33984375,-0.0078125
7.49514576699994,1500,0.009765625,-0.33984375,-0.0078125
7.500144662999901,1500,0.009765625,-0.33984375,-0.0078125
7.505145965999873,1500,0.009765625,-0.33984375,-0.0078125
7.510153675999845,1500,0.009765625,-0.33984375,-0.0078125
7.5151481829998374,1500,0.009765625,-0.33984375,-0.0078125
7.520144244999756,1500,0.00390625,-0.357421875,0.001953125
7.525147455999559,1500,0.00390625,-0.357421875,0.001953125
7.530144962999657,1500,0.00390625,-0.357421875,0.001953125
7.535154376999799,1500,0.00390625,-0.357421875,0.001953125
7.5401469389998965,1500,0.00390625,-0.357421875,0.001953125
7.545263149999755,1500,0.00390625,-0.357421875,0.001953125
7.550249564999831,1500,0.00390625,-0.357421875,0.001953125
7.555162014999951,1500,0.00390625,-0.357421875,0.001953125
7.560193892999905,1500,0.00390625,-0.357421875,0.001953125
7.565154213999904,1500,0.00390625,-0.357421875,0.001953125
7.570147572999758,1500,-0.01171875,-0.37109375,0.013671875
7.575154116999784,1500,-0.01171875,-0.37109375,0.013671875
7.580149659999734,1500,-0.01171875,-0.37109375,0.013671875
7.585145629999715,1500,-0.01171875,-0.37109375,0.013671875
7.590143488999729,1500,-0.01171875,-0.37109375,0.013671875
7.595144180999796,1500,-0.01171875,-0.37109375,0.013671875
7.600143520999609,1500,-0.01171875,-0.37109375,0.013671875
7.605142212999908,1500,-0.01171875,-0.37109375,0.013671875
7.610142737999922,1500,-0.01171875,-0.37109375,0.013671875
7.615150226999958,1500,-0.01171875,-0.37109375,0.013671875
7.6201501959999405,1500,0.0078125,-0.384765625,0.001953125
7.625201110999569,1500,0.0078125,-0.384765625,0.001953125
7.630150802999651,1500,0.0078125,-0.384765625,0.001953125
7.635148327999559,1500,0.0078125,-0.384765625,0.001953125
7.640148408999721,1500,0.0078125,-0.384765625,0.001953125
7.645141896999576,1500,0.0078125,-0.384765625,0.001953125
7.650147218999791,1500,0.0078125,-0.384765625,0.001953125
7.655144836999625,1500,0.0078125,-0.384765625,0.001953125
7.660148343999936,1500,0.0078125,-0.384765625,0.001953125
7.665532833999805,1500,0.0078125,-0.384765625,0.001953125
7.6702028199997585,1500,0.009765625,-0.396484375,-0.00390625
7.675163270999747,1500,0.009765625,-0.396484375,-0.00390625
7.6802326859997265,1500,0.009765625,-0.396484375,-0.00390625
7.685259173999839,1500,0.009765625,-0.396484375,-0.00390625
7.690162791999683,1500,0.009765625,-0.396484375,-0.00390625
7.695153131999632,1500,0.009765625,-0.396484375,-0.00390625
7.700152175999847,1500,0.009765625,-0.396484375,-0.00390625
7.705268738999621,1500,0.009765625,-0.396484375,-0.00390625
7.710165911999866,1500,0.009765625,-0.396484375,-0.00390625
7.715149956000005,1500,0.009765625,-0.396484375,-0.00390625
7.720181610999589,1500,0.0078125,-0.4140625,-0.001953125
7.725161820999801,1500,0.0078125,-0.4140625,-0.001953125
7.730150012999729,1500,0.0078125,-0.4140625,-0.001953125
7.735150111999701,1500,0.0078125,-0.4140625,-0.001953125
7.740174229999866,1500,0.0078125,-0.4140625,-0.001953125
7.74538320099964,1500,0.0078125,-0.4140625,-0.001953125
7.750216836999698,1500,0.0078125,-0.4140625,-0.001953125
7.755159342999832,1500,0.0078125,-0.4140625,-0.001953125
7.760145071999887,1500,0.0078125,-0.4140625,-0.001953125
7.765173523999692,1500,0.0078125,-0.4140625,-0.001953125
7.770149178999873,1500,0.005859375,-0.427734375,0.00390625
7.77515653699993,1500,0.005859375,-0.427734375,0.00390625
7.780148728999848,1500,0.005859375,-0.427734375,0.00390625
7.785141383999871,1500,0.005859375,-0.427734375,0.00390625
7.790184298999975,1500,0.005859375,-0.427734375,0.00390625
7.795155490999605,1500,0.005859375,-0.427734375,0.00390625
7.800155070999608,1500,0.005859375,-0.427734375,0.00390625
7.805160651999813,1500,0.005859375,-0.427734375,0.00390625
7.810178658999575,1500,0.005859375,-0.427734375,0.00390625
7.81515638799965,1500,0.005859375,-0.427734375,0.00390625
7.820152875999611,1500,-0.001953125,-0.443359375,0.009765625
7.825211494999621,1500,-0.001953125,-0.443359375,0.009765625
7.830152259999977,1500,-0.001953125,-0.443359375,0.009765625
7.835152914999981,1500,-0.001953125,-0.443359375,0.009765625
7.840146421999634,1500,-0.001953125,-0.443359375,0.009765625
7.845145576999585,1500,-0.001953125,-0.443359375,0.009765625
7.850142620999577,1500,-0.001953125,-0.443359375,0.009765625
7.855145497999729,1500,-0.001953125,-0.443359375,0.009765625
7.860143560999859,1500,-0.001953125,-0.443359375,0.009765625
7.8651424749996295,1500,-0.001953125,-0.443359375,0.009765625
7.870144815000003,1500,0.001953125,-0.455078125,0.00390625
7.87526276699964,1500,0.001953125,-0.455078125,0.00390625
7.8801601249997475,1500,0.001953125,-0.455078125,0.00390625
7.885172946999774,1500,0.001953125,-0.455078125,0.00390625
7.89015148999988,1500,0.001953125,-0.455078125,0.00390625
7.895155218999662,1500,0.001953125,-0.455078125,0.00390625
7.900145744999918,1500,0.001953125,-0.455078125,0.00390625
7.905145380999784,1500,0.001953125,-0.455078125,0.00390625
7.910145591999935,1500,0.001953125,-0.455078125,0.00390625
7.9151598759999615,1500,0.001953125,-0.455078125,0.00390625
7.920163771999796,1500,0.009765625,-0.46875,-0.001953125
7.925158130999989,1500,0.009765625,-0.46875,-0.001953125
7.930188248999912,1500,0.009765625,-0.46875,-0.001953125
7.93515803299988,1500,0.009765625,-0.46875,-0.001953125
7.940168632999757,1500,0.009765625,-0.46875,-0.001953125
7.9451635839996015,1500,0.009765625,-0.46875,-0.001953125
7.9501580169999215,1500,0.009765625,-0.46875,-0.001953125
7.9551630049995765,1500,0.009765625,-0.46875,-0.001953125
7.960158974999558,1500,0.009765625,-0.46875,-0.001953125
7.965161184999943,1500,0.009765625,-0.46875,-0.001953125
7.9701892289999705,1500,0.0,-0.478515625,-0.00390625
7.97517023599994,1500,0.0,-0.478515625,-0.00390625
7.980159519999688,1500,0.0,-0.478515625,-0.00390625
7.9851583049999135,1500,0.0,-0.478515625,-0.00390625
7.990162978999706,1500,0.0,-0.478515625,-0.00390625
7.995162355999582,1500,0.0,-0.478515625,-0.00390625
8.000158862999797,1500,0.0,-0.478515625,-0.00390625
8.005157294999663,1500,0.0,-0.478515625,-0.00390625
8.010157634999814,1500,0.0,-0.478515625,-0.00390625
8.015161308999723,1500,0.0,-0.478515625,-0.00390625
8.020159555999726,1500,0.0078125,-0.490234375,0.005859375
8.025216470999567,1500,0.0078125,-0.490234375,0.005859375
8.030168865999713,1500,0.0078125,-0.490234375,0.005859375
8.035227984999892,1500,0.0078125,-0.490234375,0.005859375
8.040155101999972,1500,0.0078125,-0.490234375,0.005859375
8.045149034999667,1500,0.0078125,-0.490234375,0.005859375
8.050145633999819,1500,0.0078125,-0.490234375,0.005859375
8.055331141999886,1500,0.0078125,-0.490234375,0.005859375
8.060289444999853,1500,0.0078125,-0.490234375,0.005859375
8.065436989999853,1500,0.0078125,-0.490234375,0.005859375
8.070281032999901,1500,0.0,-0.5,0.009765625
8.075170353999965,1500,0.0,-0.5,0.009765625
8.080279138999686,1500,0.0,-0.5,0.009765625
8.085165589999633,1500,0.0,-0.5,0.009765625
8.090148095999666,1500,0.0,-0.5,0.009765625
8.095182399999885,1500,0.0,-0.5,0.009765625
8.100152701999832,1500,0.0,-0.5,0.009765625
8.105142042999887,1500,0.0,-0.5,0.009765625
8.110160826999618,1500,0.0,-0.5,0.009765625
8.11514940799998,1500,0.0,-0.5,0.009765625
8.120146673999898,1500,0.00390625,-0.5078125,0.00390625
8.125152236999838,1500,0.00390625,-0.5078125,0.00390625
8.130146983999566,1500,0.00390625,-0.5078125,0.00390625
8.135148434999792,1500,0.00390625,-0.5078125,0.00390625
8.140140923999752,1500,0.00390625,-0.5078125,0.00390625
8.145138726999903,1500,0.00390625,-0.5078125,0.00390625
8.150275789999796,1500,0.00390625,-0.5078125,0.00390625
8.155163221999828,1500,0.00390625,-0.5078125,0.00390625
8.160141357999692,1500,0.00390625,-0.5078125,0.00390625
8.165139586999885,1500,0.00390625,-0.5078125,0.00390625
8.170134667999719,1500,0.01171875,-0.51171875,-0.00390625
8.17514130499967,1500,0.01171875,-0.51171875,-0.00390625
8.18015707099994,1500,0.01171875,-0.51171875,-0.00390625
8.185150002999762,1500,0.01171875,-0.51171875,-0.00390625
8.190140102999976,1500,0.01171875,-0.51171875,-0.00390625
8.19513422099999,1500,0.01171875,-0.51171875,-0.00390625
8.200132245999612,1500,0.01171875,-0.51171875,-0.00390625
8.205161882999619,1500,0.01171875,-0.51171875,-0.00390625
8.210138259999894,1500,0.01171875,-0.51171875,-0.00390625
8.21514335899974,1500,0.01171875,-0.51171875,-0.00390625
8.2201371809997,1500,0.001953125,-0.521484375,0.001953125
8.225172613999803,1500,0.001953125,-0.521484375,0.001953125
8.23013902799994,1500,0.001953125,-0.521484375,0.001953125
8.235151626999595,1500,0.001953125,-0.521484375,0.001953125
8.24020093099989,1500,0.001953125,-0.521484375,0.001953125
8.245151621999867,1500,0.001953125,-0.521484375,0.001953125
8.25015107399986,1500,0.001953125,-0.521484375,0.001953125
8.255183728999782,1500,0.001953125,-0.521484375,0.001953125
8.260147697999855,1500,0.001953125,-0.521484375,0.001953125
8.265144019999752,1500,0.001953125,-0.521484375,0.001953125
8.270174878999569,1500,0.005859375,-0.5234375,0.001953125
8.275165033999656,1500,0.005859375,-0.5234375,0.001953125
8.280149502999848,1500,0.005859375,-0.5234375,0.001953125
8.285145861999808,1500,0.005859375,-0.5234375,0.001953125
8.290145201999621,1500,0.005859375,-0.5234375,0.001953125
8.295144875999995,1500,0.005859375,-0.5234375,0.001953125
8.300146696999946,1500,0.005859375,-0.5234375,0.001953125
8.305146518999663,1500,0.005859375,-0.5234375,0.001953125
8.310201432999747,1500,0.005859375,-0.5234375,0.001953125
8.31515436599966,1500,0.005859375,-0.5234375,0.001953125
8.320144038999842,1500,0.0,-0.533203125,0.00390625
8.325157045999731,1500,0.0,-0.533203125,0.00390625
8.330143867999595,1500,0.0,-0.533203125,0.00390625
8.335151355999642,1500,0.0,-0.533203125,0.00390625
8.340148288999899,1500,0.0,-0.533203125,0.00390625
8.345142295999722,1500,0.0,-0.533203125,0.00390625
8.350145727999916,1500,0.0,-0.533203125,0.00390625
8.355145734999951,1500,0.0,-0.533203125,0.00390625
8.360187241999938,1500,0.0,-0.533203125,0.00390625
8.3651513599998,1500,0.0,-0.533203125,0.00390625
8.370144903999972,1500,0.0,-0.546875,0.00390625
8.375153873999807,1500,0.0,-0.546875,0.00390625
8.380145231999904,1500,0.0,-0.546875,0.00390625
8.385151812999993,1500,0.0,-0.546875,0.00390625
8.390144226999837,1500,0.0,-0.546875,0.00390625
8.395147455999904,1500,0.0,-0.546875,0.00390625
8.400146647999918,1500,0.0,-0.546875,0.00390625
8.405143395999858,1500,0.0,-0.546875,0.00390625
8.410142846999861,1500,0.0,-0.546875,0.00390625
8.41514383599997,1500,0.0,-0.546875,0.00390625
8.420144304999667,1500,0.0078125,-0.5546875,0.0
8.425181422999685,1500,0.0078125,-0.5546875,0.0
8.430149485999664,1500,0.0078125,-0.5546875,0.0
8.435149380999974,1500,0.0078125,-0.5546875,0.0
8.44014635099984,1500,0.0078125,-0.5546875,0.0
8.445146005999959,1500,0.0078125,-0.5546875,0.0
8.450301568999748,1500,0.0078125,-0.5546875,0.0
8.455162630999894,1500,0.0078125,-0.5546875,0.0
8.46014904499998,1500,0.0078125,-0.5546875,0.0
8.465143884999634,1500,0.0078125,-0.5546875,0.0
8.47014494799987,1500,0.005859375,-0.55859375,-0.005859375
8.47515489899979,1500,0.005859375,-0.55859375,-0.005859375
8.480172368999774,1500,0.005859375,-0.55859375,-0.005859375
8.48514544999989,1500,0.005859375,-0.55859375,-0.005859375
8.490142011999978,1500,0.005859375,-0.55859375,-0.005859375
8.495149444999697,1500,0.005859375,-0.55859375,-0.005859375
8.500144876999912,1500,0.005859375,-0.55859375,-0.005859375
8.505143883999608,1500,0.005859375,-0.55859375,-0.005859375
8.510143797999717,1500,0.005859375,-0.55859375,-0.005859375
8.515143415999773,1500,0.005859375,-0.55859375,-0.005859375
8.520144978999724,1500,0.0078125,-0.55859375,0.0
8.525146597000003,1500,0.0078125,-0.55859375,0.0
8.530144028999985,1500,0.0078125,-0.55859375,0.0
8.535143054999935,1500,0.0078125,-0.55859375,0.0
8.54014491299995,1500,0.0078125,-0.55859375,0.0
8.545143049999751,1500,0.0078125,-0.55859375,0.0
8.550143982999998,1500,0.0078125,-0.55859375,0.0
8.555143451999811,1500,0.0078125,-0.55859375,0.0
8.560140514999603,1500,0.0078125,-0.55859375,0.0
8.565140891999818,1500,0.0078125,-0.55859375,0.0
8.57014471399998,1500,0.005859375,-0.55859375,0.00390625
8.575149145999603,1500,0.005859375,-0.55859375,0.00390625
8.58014341199987,1500,0.005859375,-0.55859375,0.00390625
8.58514149299981,1500,0.005859375,-0.55859375,0.00390625
8.59014248199992,1500,0.005859375,-0.55859375,0.00390625
8.59514406199969,1500,0.005859375,-0.55859375,0.00390625
8.600142568999672,1500,0.005859375,-0.55859375,0.00390625
8.605140908999601,1500,0.005859375,-0.55859375,0.00390625
8.610140156999933,1500,0.005859375,-0.55859375,0.00390625
8.615145774999746,1500,0.005859375,-0.55859375,0.00390625
8.620144114999675,1500,0.0,-0.55859375,0.001953125
8.625188917999822,1500,0.0,-0.55859375,0.001953125
8.630152831999567,1500,0.0,-0.55859375,0.001953125
8.635145116999865,1500,0.0,-0.55859375,0.001953125
8.640148253000007,1500,0.0,-0.55859375,0.001953125
8.645144148999861,1500,0.0,-0.55859375,0.001953125
8.65014393399997,1500,0.0,-0.55859375,0.001953125
8.655145921999974,1500,0.0,-0.55859375,0.001953125
8.660142039999755,1500,0.0,-0.55859375,0.001953125
8.665144675999727,1500,0.0,-0.55859375,0.001953125
8.670142867999857,1500,0.00390625,-0.55859375,0.001953125
8.675149041999703,1500,0.00390625,-0.55859375,0.001953125
8.680145881999579,1500,0.00390625,-0.55859375,0.001953125
8.685140480999962,1500,0.00390625,-0.55859375,0.001953125
8.690143172999797,1500,0.00390625,-0.55859375,0.001953125
8.695142883999779,1500,0.00390625,-0.55859375,0.001953125
8.70014381699957,1500,0.00390625,-0.55859375,0.001953125
8.705139897999743,1500,0.00390625,-0.55859375,0.001953125
8.71014045999982,1500,0.00390625,-0.55859375,0.001953125
8.71514750399956,1500,0.005859375,-0.556640625,0.0
8.720148418000008,1500,0.005859375,-0.556640625,0.0
8.725144258,1500,0.005859375,-0.556640625,0.0
8.73014006099993,1500,0.005859375,-0.556640625,0.0
8.735170086999915,1500,0.005859375,-0.556640625,0.0
8.740167352999833,1500,0.005859375,-0.556640625,0.0
8.745146544999898,1500,0.005859375,-0.556640625,0.0
8.750142291999964,1500,0.005859375,-0.556640625,0.0
8.755140409999967,1500,0.005859375,-0.556640625,0.0
8.760143675999643,1500,0.005859375,-0.556640625,0.0
8.765144423999573,1500,0.001953125,-0.556640625,-0.001953125
8.770149300999947,1500,0.001953125,-0.556640625,-0.001953125
8.77514462299996,1500,0.001953125,-0.556640625,-0.001953125
8.780142369999794,1500,0.001953125,-0.556640625,-0.001953125
8.785143098999924,1500,0.001953125,-0.556640625,-0.001953125
8.790173309999773,1500,0.001953125,-0.556640625,-0.001953125
8.795149223999942,1500,0.001953125,-0.556640625,-0.001953125
8.800155323999661,1500,0.001953125,-0.556640625,-0.001953125
8.8051447189996,1500,0.001953125,-0.556640625,-0.001953125
8.81016650399988,1500,0.001953125,-0.556640625,-0.001953125
8.815153454999745,1500,0.01171875,-0.548828125,0.001953125
8.820162183999855,1500,0.01171875,-0.548828125,0.001953125
8.825177209999765,1500,0.01171875,-0.548828125,0.001953125
8.830150641999808,1500,0.01171875,-0.548828125,0.001953125
8.835147333999885,1500,0.01171875,-0.548828125,0.001953125
8.840146192999782,1500,0.01171875,-0.548828125,0.001953125
8.845144976999563,1500,0.01171875,-0.548828125,0.001953125
8.850140891999672,1500,0.01171875,-0.548828125,0.001953125
8.85514545399974,1500,0.01171875,-0.548828125,0.001953125
8.860141626999848,1500,0.01171875,-0.548828125,0.001953125
8.865141967999989,1500,0.00390625,-0.544921875,0.0
8.870149177999792,1500,0.00390625,-0.544921875,0.0
8.8751440179999,1500,0.00390625,-0.544921875,0.0
8.880143635999957,1500,0.00390625,-0.544921875,0.0
8.885150068999792,1500,0.00390625,-0.544921875,0.0
8.890145279999615,1500,0.00390625,-0.544921875,0.0
8.895144600999629,1500,0.00390625,-0.544921875,0.0
8.900140218999695,1500,0.00390625,-0.544921875,0.0
8.905144058999667,1500,0.00390625,-0.544921875,0.0
8.910145861999808,1500,0.00390625,-0.544921875,0.0
8.915145905999907,1500,0.00390625,-0.5390625,0.001953125
8.920146782999836,1500,0.00390625,-0.5390625,0.001953125
8.925141234999955,1500,0.00390625,-0.5390625,0.001953125
8.930143629999748,1500,0.00390625,-0.5390625,0.001953125
8.935145099999772,1500,0.00390625,-0.5390625,0.001953125
8.940146921999713,1500,0.00390625,-0.5390625,0.001953125
8.9451458919998,1500,0.00390625,-0.5390625,0.001953125
8.950140842999645,1500,0.00390625,-0.5390625,0.001953125
8.955145997999807,1500,0.00390625,-0.5390625,0.001953125
8.960146559999885,1500,0.00390625,-0.5390625,0.001953125
8.965141918999961,1500,0.005859375,-0.52734375,0.0
8.97014598099986,1500,0.005859375,-0.52734375,0.0
8.975146857999789,1500,0.005859375,-0.52734375,0.0
8.98014442099975,1500,0.005859375,-0.52734375,0.0
8.985143260999848,1500,0.005859375,-0.52734375,0.0
8.990163952999865,1500,0.005859375,-0.52734375,0.0
8.99514944099974,1500,0.005859375,-0.52734375,0.0
