t,ref,angle,err,u,pwm,P,I,D,gz
2.5740000069163216e-06,0.0,0.016530487072344613,-0.016530487072344613,0.0013538965030809196,1429.5532141539834,-0.0004039159969190802,-3.462137116449259e-06,0.0017578124999999998,-0.001953125
0.02000158499998861,0.0,0.0967816024071908,-0.0967816024071908,-0.005180782801422618,1430.0,-0.002364820664306169,-3.462137116449259e-06,-0.0028125,0.00390625
0.04000078100000337,0.0,0.0967816024071908,-0.0967816024071908,-0.007008907801422619,1430.0,-0.002364820664306169,-3.462137116449259e-06,-0.004640625000000001,0.00390625
0.06000069999998914,0.0,0.10699551272958274,-0.10699551272958274,-0.007989730711903464,1430.0,-0.0026143935747870136,-3.462137116449259e-06,-0.005371875,0.00390625
0.08000067400001853,0.0,0.10699551272958274,-0.10699551272958274,-0.0012509807119034633,1430.0,-0.0026143935747870136,-3.462137116449259e-06,0.0013668749999999996,-0.00390625
0.10000092500001756,0.0,0.10699551272958274,-0.10699551272958274,0.001444519288096537,1429.523308634928,-0.0026143935747870136,-2.587122490033795e-05,0.004062375,-0.00390625
0.12000078800002711,0.0,0.10104664198703972,-0.10104664198703972,0.002645668534038758,1429.1269293837672,-0.0024690352410609035,-4.703438410943141e-05,0.005140575,-0.00390625
0.1400010220000354,0.0,0.10104664198703972,-0.10104664198703972,0.003055785374829665,1428.9915908263063,-0.0024690352410609035,-6.819754331852488e-05,0.005571855,-0.00390625
0.16000080999998545,0.0,0.1038912856399179,-0.1038912856399179,0.0031376264587164157,1428.9645832686235,-0.0025385429979650595,-8.995648330108252e-05,0.005744367,-0.00390625
0.18000128400001358,0.0,0.1038912856399179,-0.1038912856399179,-0.005604190181266141,1430.0,-0.0025385429979650595,-8.995648330108252e-05,-0.0029756906999999994,0.005859375
0.20000085100002707,0.0,0.1038912856399179,-0.1038912856399179,-0.009092213261266142,1430.0,-0.0025385429979650595,-8.995648330108252e-05,-0.00646371378,0.005859375
0.22000108399998908,0.0,0.12272505345143259,-0.12272505345143257,-0.007431993255680024,1430.0,-0.0029987387603789407,-8.995648330108252e-05,-0.004343298012000001,0.001953125
0.24000078000000258,0.0,0.12272505345143259,-0.12272505345143257,-0.006583826948480024,1430.0,-0.0029987387603789407,-8.995648330108252e-05,-0.0034951317048000003,0.001953125
0.26000082900003463,0.0,0.1372226867864299,-0.1372226867864299,-0.006598804435219648,1430.0,-0.0033529827699985662,-8.995648330108252e-05,-0.00315586518192,0.001953125
0.280000914000027,0.0,0.1372226867864299,-0.1372226867864299,-0.001189660326067649,1430.0,-0.0033529827699985662,-8.995648330108252e-05,0.002253278927232,-0.00390625
0.300000979999993,0.0,0.1372226867864299,-0.1372226867864299,0.0009739973175931509,1429.6785808851942,-0.0033529827699985662,-0.00011869633561535596,0.0044169365708928,-0.00390625
0.3200007689999893,0.0,0.13569476019685567,-0.13569476019685567,9.024231234677207e-05,1429.9702200369256,-0.003315648480394992,-0.0001471161797330273,0.00352458712835712,-0.001953125
0.3400008909999883,0.0,0.13569476019685567,-0.13569476019685567,-0.00029511730878517117,1430.0,-0.003315648480394992,-0.0001471161797330273,0.003167647351342848,-0.001953125
0.36000066100001504,0.0,0.1411457811742025,-0.1411457811742025,-0.0005710867887008544,1430.0,-0.0034488420495049667,-0.0001471161797330273,0.0030248714405371395,-0.001953125
0.38000093200002993,0.0,0.1411457811742025,-0.1411457811742025,-0.002386009653023138,1430.0,-0.0034488420495049667,-0.0001471161797330273,0.001209948576214856,0.0
0.4000009609999893,0.0,0.1411457811742025,-0.1411457811742025,-0.0031119787987520515,1430.0,-0.0034488420495049667,-0.0001471161797330273,0.0004839794304859424,0.0
0.4200011020000147,0.0,0.1517612106016486,-0.1517612106016486,-0.0036617503300744596,1430.0,-0.0037082259225358094,-0.0001471161797330273,0.00019359177219437697,0.0
0.4400006870000084,0.0,0.1517612106016486,-0.1517612106016486,-0.0037779053933910856,1430.0,-0.0037082259225358094,-0.0001471161797330273,7.74367088777508e-05,0.0
0.4600006800000074,0.0,0.15533525545632187,-0.15533525545632187,-0.003911697809176952,1430.0,-0.0037955563129950247,-0.0001471161797330273,3.0974683551100324e-05,0.0
0.48000133900001174,0.0,0.15533525545632187,-0.15533525545632187,-0.002172470119307612,1430.0,-0.0037955563129950247,-0.0001471161797330273,0.0017702023734204402,-0.001953125
0.5000015159999975,0.0,0.15533525545632187,-0.15533525545632187,-0.0014767790433598766,1430.0,-0.0037955563129950247,-0.0001471161797330273,0.0024658934493681757,-0.001953125
0.5200008980000348,0.0,0.14528613858720973,-0.14528613858720973,-0.0027107688661835863,1430.0,-0.0035500100661978295,-0.0001471161797330273,0.0009863573797472705,0.0
0.54000120500001,0.0,0.14528613858720973,-0.14528613858720973,-0.0033025832940319485,1430.0,-0.0035500100661978295,-0.0001471161797330273,0.0003945429518989082,0.0
0.560000811000009,0.0,0.15548760896524527,-0.15548760896524527,-0.0037885780104692404,1430.0,-0.0037992790114957766,-0.0001471161797330273,0.0001578171807595633,0.0
0.5800011769999855,0.0,0.15548760896524527,-0.15548760896524527,-0.007398893318924979,1430.0,-0.0037992790114957766,-0.0001471161797330273,-0.0034524981276961744,0.00390625
0.6000008590000334,0.0,0.15548760896524527,-0.15548760896524527,-0.008843019442307275,1430.0,-0.0037992790114957766,-0.0001471161797330273,-0.00489662425107847,0.00390625
0.62000109600001,0.0,0.15053963395044434,-0.15053963395044434,-0.0022685180542196238,1430.0,-0.003678377174055208,-0.0001471161797330273,0.0015569752995686116,-0.00390625
0.6400008329999878,0.0,0.15053963395044434,-0.15053963395044434,0.0003129217660392089,1429.8967358172072,-0.003678377174055208,-0.0001786451269392148,0.004138415119827444,-0.00390625
0.660000717999992,0.0,0.14528613858720973,-0.14528613858720973,0.0014423358547939343,1429.524029167918,-0.0035500100661978295,-0.0002090737846494819,0.005170991047930978,-0.00390625
0.6800009730000056,0.0,0.14528613858720973,-0.14528613858720973,-0.00169068743167492,1430.0,-0.0035500100661978295,-0.0002090737846494819,0.0020683964191723914,0.0
0.7000011360000258,0.0,0.14528613858720973,-0.14528613858720973,-0.0029317252831783545,1430.0,-0.0035500100661978295,-0.0002090737846494819,0.0008273585676689566,0.0
0.720001002999993,0.0,0.13998645953293476,-0.13998645953293476,-0.00329864483546522,1430.0,-0.0034205144778833205,-0.0002090737846494819,0.0003309434270675826,0.0
0.7400009620000105,0.0,0.13998645953293476,-0.13998645953293476,-0.0034972108917057693,1430.0,-0.0034205144778833205,-0.0002090737846494819,0.00013237737082703307,0.0
0.7600011619999805,0.0,0.12932761515480706,-0.12932761515480706,-0.0033161926138035674,1430.0,-0.0031600697774848987,-0.0002090737846494819,5.295094833081322e-05,0.0
0.7800010650000218,0.0,0.12932761515480706,-0.12932761515480706,-0.0033479631828020554,1430.0,-0.0031600697774848987,-0.0002090737846494819,2.1180379332325293e-05,0.0
0.8000009510000154,0.0,0.12932761515480706,-0.12932761515480706,-0.00336067141040145,1430.0,-0.0031600697774848987,-0.0002090737846494819,8.472151732930117e-06,0.0
0.8200008539999999,0.0,0.1296794350245989,-0.1296794350245989,-0.0033743512825837358,1430.0,-0.003168666358627426,-0.0002090737846494819,3.388860693172047e-06,0.0
0.840001127999983,0.0,0.1296794350245989,-0.1296794350245989,-0.003376384598999639,1430.0,-0.003168666358627426,-0.0002090737846494819,1.3555442772688188e-06,0.0
0.860001106000027,0.0,0.12437957859765447,-0.12437957859765449,-0.0032476980032195733,1430.0,-0.003039166436280999,-0.0002090737846494819,5.422177109075276e-07,0.0
0.8800010090000114,0.0,0.12437957859765447,-0.12437957859765449,-0.0014902108338461176,1430.0,-0.003039166436280999,-0.0002090737846494819,0.0017580293870843632,-0.001953125
0.9000007829999959,0.0,0.12437957859765447,-0.12437957859765449,-0.0007872159660967356,1430.0,-0.003039166436280999,-0.0002090737846494819,0.0024610242548337453,-0.001953125
0.9200007979999896,0.0,0.1245320102531764,-0.12453201025317641,-0.0005097426269793552,1430.0,-0.0030428910442633714,-0.0002090737846494819,0.002742222201933498,-0.001953125
0.9400009789999899,0.0,0.1245320102531764,-0.12453201025317641,-0.00039726344813945406,1430.0,-0.0030428910442633714,-0.0002090737846494819,0.002854701380773399,-0.001953125
0.960000679000018,0.0,0.12488381351869293,-0.12488381351869293,-0.00036086795202703746,1430.0,-0.0030514872196869152,-0.0002090737846494819,0.0028996930523093596,-0.001953125
0.9800010090000342,0.0,0.12488381351869293,-0.12488381351869293,-0.003858496283412653,1430.0,-0.0030514872196869152,-0.0002090737846494819,-0.0005979352790762561,0.001953125
1.0000009500000147,0.0,0.12488381351869293,-0.12488381351869293,-0.0052575476159668994,1430.0,-0.0030514872196869152,-0.0002090737846494819,-0.0019969866116305024,0.001953125
1.0200008159999925,0.0,0.12998487427034888,-0.12998487427034888,-0.0041839980766335124,1430.0,-0.00317612964733183,-0.0002090737846494819,-0.000798794644652201,0.0
1.0400007200000232,0.0,0.12998487427034888,-0.12998487427034888,-0.003704721289842192,1430.0,-0.00317612964733183,-0.0002090737846494819,-0.00031951785786088043,0.0
1.0600010119999865,0.0,0.12544682285980002,-0.12544682285980002,-0.0034021250608912727,1430.0,-0.003065244133097439,-0.0002090737846494819,-0.00012780714314435218,0.0
1.0800007860000278,0.0,0.12544682285980002,-0.12544682285980002,-0.0015676282750046616,1430.0,-0.003065244133097439,-0.0002090737846494819,0.001706689642742259,-0.001953125
1.1000009859999977,0.0,0.12544682285980002,-0.12544682285980002,-0.0008338295606500172,1430.0,-0.003065244133097439,-0.0002090737846494819,0.0024404883570969035,-0.001953125
1.120001037999998,0.0,0.12100190170008318,-0.1210019017000832,-0.002189512661988086,1430.0,-0.002956634220177366,-0.0002090737846494819,0.0009761953428387615,0.0
1.1400010710000288,0.0,0.12100190170008318,-0.1210019017000832,-0.0027752298676913434,1430.0,-0.002956634220177366,-0.0002090737846494819,0.00039047813713550454,0.0
1.1600010299999894,0.0,0.1259506668642132,-0.1259506668642132,-0.0031304378944035384,1430.0,-0.0030775553646082586,-0.0002090737846494819,0.00015619125485420184,0.0
1.1800015260000123,0.0,0.1259506668642132,-0.1259506668642132,-0.00322415264731606,1430.0,-0.0030775553646082586,-0.0002090737846494819,6.247650194168074e-05,0.0
1.2000008929999808,0.0,0.1259506668642132,-0.1259506668642132,-0.003261638548481068,1430.0,-0.0030775553646082586,-0.0002090737846494819,2.4990600776672296e-05,0.0
1.2200011109999878,0.0,0.12625715786813885,-0.12625715786813885,-0.003284121896951815,1430.0,-0.003085044352613002,-0.0002090737846494819,9.996240310668919e-06,0.0
1.2400010709999947,0.0,0.12625715786813885,-0.12625715786813885,-0.0032901196411382165,1430.0,-0.003085044352613002,-0.0002090737846494819,3.998496124267568e-06,0.0
1.2600010300000122,0.0,0.12100190170008318,-0.1210019017000832,-0.003164108606377141,1430.0,-0.002956634220177366,-0.0002090737846494819,1.5993984497070274e-06,0.0
1.2800007299999834,0.0,0.12100190170008318,-0.1210019017000832,-0.003165068245446965,1430.0,-0.002956634220177366,-0.0002090737846494819,6.39759379882811e-07,0.0
1.3000012069999798,0.0,0.12100190170008318,-0.1210019017000832,-0.0031654521010748946,1430.0,-0.002956634220177366,-0.0002090737846494819,2.559037519531244e-07,0.0
1.320001091999984,0.0,0.12008832745280529,-0.1200883274528053,-0.004901095313319067,1430.0,-0.0029343113901703667,-0.0002090737846494819,-0.0017577101384992188,0.001953125
1.3400007370000253,0.0,0.12008832745280529,-0.1200883274528053,-0.005604281730219536,1430.0,-0.0029343113901703667,-0.0002090737846494819,-0.0024608965553996874,0.001953125
1.3600009369999952,0.0,0.12544682285980002,-0.12544682285980002,-0.006016489039906796,1430.0,-0.003065244133097439,-0.0002090737846494819,-0.002742171122159875,0.001953125
1.3800013590000049,0.0,0.12544682285980002,-0.12544682285980002,-0.0026133738666108707,1430.0,-0.003065244133097439,-0.0002090737846494819,0.0006609440511360499,-0.001953125
1.400000781000017,0.0,0.12544682285980002,-0.12544682285980002,-0.0012521277972925007,1430.0,-0.003065244133097439,-0.0002090737846494819,0.00202219012045442,-0.001953125
1.420001109999987,0.0,0.11943138411734822,-0.1194313841173482,-0.0023184569727542166,1430.0,-0.002918259236286503,-0.0002090737846494819,0.000808876048181768,0.0
1.440001088000031,0.0,0.11943138411734822,-0.1194313841173482,-0.0028037826016632777,1430.0,-0.002918259236286503,-0.0002090737846494819,0.0003235504192727072,0.0
1.4600009179999915,0.0,0.12331329539830449,-0.12331329539830449,-0.0030927658395990985,1430.0,-0.0030131122226586997,-0.0002090737846494819,0.00012942016770908289,0.0
1.480001451000021,0.0,0.12331329539830449,-0.12331329539830449,-0.004928230440224548,1430.0,-0.0030131122226586997,-0.0002090737846494819,-0.0017060444329163667,0.001953125
1.5000011139999856,0.0,0.12331329539830449,-0.12331329539830449,-0.0056624162804747285,1430.0,-0.0030131122226586997,-0.0002090737846494819,-0.0024402302731665465,0.001953125
1.520000777000007,0.0,0.12280688496954895,-0.12280688496954895,-0.005943716675487292,1430.0,-0.0030007382815711915,-0.0002090737846494819,-0.0027339046092666186,0.001953125
1.5400006250000047,0.0,0.12280688496954895,-0.12280688496954895,-0.006061186409927321,1430.0,-0.0030007382815711915,-0.0002090737846494819,-0.0028513743437066476,0.001953125
1.5600008449999905,0.0,0.1274513864488256,-0.1274513864488256,-0.006221660883801307,1430.0,-0.0031142248616691658,-0.0002090737846494819,-0.0028983622374826592,0.001953125
1.5800006970000027,0.0,0.1274513864488256,-0.1274513864488256,-0.0009670185413117116,1430.0,-0.0031142248616691658,-0.0002090737846494819,0.002356280105006936,-0.00390625
1.6000010669999938,0.0,0.1274513864488256,-0.1274513864488256,0.001134838395684126,1429.6255033294242,-0.0031142248616691658,-0.00023576714060664618,0.004458137042002774,-0.00390625
1.6200011039999822,0.0,0.1214386724680594,-0.12143867246805941,-0.003177631367151611,1430.0,-0.0029673065433460746,-0.00023576714060664618,2.5442316801109846e-05,0.001953125
1.6400014370000235,0.0,0.1214386724680594,-0.12143867246805941,-0.0049507092572322765,1430.0,-0.0029673065433460746,-0.00023576714060664618,-0.0017476355732795558,0.001953125
1.6600015480000252,0.0,0.12587816682923858,-0.12587816682923858,-0.005768417724481362,1430.0,-0.003075783854562893,-0.00023576714060664618,-0.002456866729311822,0.001953125
1.6800013260000242,0.0,0.12587816682923858,-0.12587816682923858,-0.0007786726868942687,1430.0,-0.003075783854562893,-0.00023576714060664618,0.0025328783082752705,-0.00390625
1.7000009920000139,0.0,0.12587816682923858,-0.12587816682923858,0.0012172253281405687,1429.5983156417137,-0.003075783854562893,-0.0002621310022171853,0.004528776323310108,-0.00390625
1.720000937000009,0.0,0.12078010700943764,-0.12078010700943764,0.0003559772735907819,1429.882527499715,-0.002951214753516076,-0.0002874271286758945,0.0035693230293240433,-0.001953125
1.740000622000025,0.0,0.12078010700943764,-0.12078010700943764,-5.3100170462352936e-05,1430.0,-0.002951214753516076,-0.0002874271286758945,0.0031855417117296176,-0.001953125
1.7600004920000174,0.0,0.12158993328790757,-0.12158993328790757,-0.00022640048639998526,1430.0,-0.0029710025424159376,-0.0002874271286758945,0.0030320291846918468,-0.001953125
1.7800008060000323,0.0,0.12158993328790757,-0.12158993328790757,-0.002045617997215093,1430.0,-0.0029710025424159376,-0.0002874271286758945,0.0012128116738767388,0.0
1.8000006030000009,0.0,0.12158993328790757,-0.12158993328790757,-0.0027733050015411364,1430.0,-0.0029710025424159376,-0.0002874271286758945,0.00048512466955069557,0.0
1.820000972999992,0.0,0.12280688496954895,-0.12280688496954895,-0.0030941155424268076,1430.0,-0.0030007382815711915,-0.0002874271286758945,0.00019404986782027822,0.0
1.8400007320000213,0.0,0.12280688496954895,-0.12280688496954895,-0.0032105454631189746,1430.0,-0.0030007382815711915,-0.0002874271286758945,7.76199471281113e-05,0.0
1.8600008610000032,0.0,0.12265525595532267,-0.12265525595532266,-0.0032534124356401184,1430.0,-0.0029970332858154686,-0.0002874271286758945,3.104797885124452e-05,0.0
1.8800007870000286,0.0,0.12265525595532267,-0.12265525595532266,-0.0015142287229508652,1430.0,-0.0029970332858154686,-0.0002874271286758945,0.0017702316915404978,-0.001953125
1.9000008980000302,0.0,0.12265525595532267,-0.12265525595532266,-0.0008185552378751639,1430.0,-0.0029970332858154686,-0.0002874271286758945,0.002465905176616199,-0.001953125
1.9200007680000226,0.0,0.12331329539830449,-0.12331329539830449,-0.0023141772806881144,1430.0,-0.0030131122226586997,-0.0002874271286758945,0.0009863620706464797,0.0
1.9400010090000137,0.0,0.12331329539830449,-0.12331329539830449,-0.002905994523076002,1430.0,-0.0030131122226586997,-0.0002874271286758945,0.00039454482825859196,0.0
1.9600010089999955,0.0,0.11785926109214984,-0.11785926109214985,-0.003009454221408385,1430.0,-0.0028798450240359276,-0.0002874271286758945,0.00015781793130343678,0.0
1.9800008600000183,0.0,0.11785926109214984,-0.11785926109214985,-0.003104144980190447,1430.0,-0.0028798450240359276,-0.0002874271286758945,6.312717252137472e-05,0.0
2.000000952999983,0.0,0.11785926109214984,-0.11785926109214985,-0.0031420212837032723,1430.0,-0.0028798450240359276,-0.0002874271286758945,2.525086900854989e-05,0.0
2.020001156000035,0.0,0.11598358645920825,-0.11598358645920825,-0.0048691529278510485,1430.0,-0.002834013646778574,-0.0002874271286758945,-0.00174771215239658,0.001953125
2.040001026000027,0.0,0.11598358645920825,-0.11598358645920825,-0.0055783381364131,1430.0,-0.002834013646778574,-0.0002874271286758945,-0.002456897360958632,0.001953125
2.0600011740000355,0.0,0.11986659338472805,-0.11986659338472806,-0.005956891977857209,1430.0,-0.002928893404797862,-0.0002874271286758945,-0.0027405714443834526,0.001953125
2.0800008960000014,0.0,0.11986659338472805,-0.11986659338472806,-0.0043125491112271375,1430.0,-0.002928893404797862,-0.0002874271286758945,-0.001096228577753381,0.0
2.10000093299999,0.0,0.11986659338472805,-0.11986659338472806,-0.003654811964575109,1430.0,-0.002928893404797862,-0.0002874271286758945,-0.0004384914311013525,0.0
2.120001006999985,0.0,0.12001702935293679,-0.12001702935293679,-0.005153205450056432,1430.0,-0.002932569248939997,-0.0002874271286758945,-0.001933209072440541,0.001953125
2.1400011919999997,0.0,0.12001702935293679,-0.12001702935293679,-0.005751092506592108,1430.0,-0.002932569248939997,-0.0002874271286758945,-0.0025310961289762165,0.001953125
2.1600009140000225,0.0,0.1192066773536169,-0.1192066773536169,-0.005970446694522826,1430.0,-0.0029127686142564457,-0.0002874271286758945,-0.0027702509515904862,0.001953125
2.180001118000007,0.0,0.1192066773536169,-0.1192066773536169,-0.004308296123568535,1430.0,-0.0029127686142564457,-0.0002874271286758945,-0.0011081003806361948,0.0
2.2000010440000324,0.0,0.1192066773536169,-0.1192066773536169,-0.003643435895186818,1430.0,-0.0029127686142564457,-0.0002874271286758945,-0.0004432401522544779,0.0
2.2200008949999983,0.0,0.11491947913060585,-0.11491947913060585,-0.0032727357892860607,1430.0,-0.0028080125997083753,-0.0002874271286758945,-0.00017729606090179117,0.0
2.2400009140000066,0.0,0.11491947913060585,-0.11491947913060585,-0.003166358152744986,1430.0,-0.0028080125997083753,-0.0002874271286758945,-7.091842436071648e-05,0.0
2.2600010429999884,0.0,0.11583258012720421,-0.11583258012720422,-0.0031461183644399928,1430.0,-0.002830323866019812,-0.0002874271286758945,-2.8367369744286594e-05,0.0
2.280000747000031,0.0,0.11583258012720421,-0.11583258012720422,-0.003129097942593421,1430.0,-0.002830323866019812,-0.0002874271286758945,-1.1346947897714638e-05,0.0
2.3000009870000326,0.0,0.11583258012720421,-0.11583258012720422,-0.003122289773854792,1430.0,-0.002830323866019812,-0.0002874271286758945,-4.538779159085855e-06,0.0
2.320000838999988,0.0,0.11770747419518557,-0.11770747419518557,-0.0031653788108166794,1430.0,-0.0028761361704771507,-0.0002874271286758945,-1.8155116636343422e-06,0.0
2.3400011539999923,0.0,0.11770747419518557,-0.11770747419518557,-0.003164289503818499,1430.0,-0.0028761361704771507,-0.0002874271286758945,-7.262046654537369e-07,0.0
2.3600009130000217,0.0,0.1127595346185899,-0.1127595346185899,-0.0030429528094973665,1430.0,-0.0027552351989552906,-0.0002874271286758945,-2.904818661814948e-07,0.0
2.380000783000014,0.0,0.1127595346185899,-0.1127595346185899,-0.0012849660203776577,1430.0,-0.0027552351989552906,-0.0002874271286758945,0.0017576963072535273,-0.001953125
2.4000011159999985,0.0,0.1127595346185899,-0.1127595346185899,-0.000581771304729774,1430.0,-0.0027552351989552906,-0.0002874271286758945,0.002460891022901411,-0.001953125
2.420001060000004,0.0,0.10796353975544548,-0.10796353975544548,0.0015745073433082266,1429.4804125767082,-0.002638046937176444,-0.0003100389595659783,0.004499981409160565,-0.00390625
2.4400009679999926,0.0,0.10796353975544548,-0.10796353975544548,0.0023675316669218033,1429.2187145499158,-0.002638046937176444,-0.00033265079045606213,0.0053156175636642254,-0.00390625
2.4600008190000153,0.0,0.09837195716593783,-0.09837195716593783,0.0029055408731626054,1429.0411715118564,-0.002403680361847023,-0.0003532537649861795,0.00564187202546569,-0.00390625
2.4800014300000157,0.0,0.09837195716593783,-0.09837195716593783,-0.0005001853166469263,1430.0,-0.002403680361847023,-0.0003532537649861795,0.002256748810186276,0.0
2.5000012080000147,0.0,0.09837195716593783,-0.09837195716593783,-0.0018542346027586917,1430.0,-0.002403680361847023,-0.0003532537649861795,0.0009026995240745105,0.0
2.520000856000024,0.0,0.09994344750703021,-0.09994344750703021,-0.0006764405700648893,1430.0,-0.002442079114708514,-0.0003532537649861795,0.0021188923096298043,-0.001953125
2.5400006149999967,0.0,0.09994344750703021,-0.09994344750703021,-0.0001899634558427724,1430.0,-0.002442079114708514,-0.0003532537649861795,0.002605369423851921,-0.001953125
2.5600009130000103,0.0,0.09514811398292977,-0.09514811398292977,0.00012179949206361654,1429.959806167619,-0.0023249070124909724,-0.0003731815393789593,0.0027999602695407684,-0.001953125
2.58000112000002,0.0,0.09514811398292977,-0.09514811398292977,-0.0015781044440536243,1430.0,-0.0023249070124909724,-0.0003731815393789593,0.0011199841078163074,0.0
2.600001235000036,0.0,0.09514811398292977,-0.09514811398292977,-0.002250094908743409,1430.0,-0.0023249070124909724,-0.0003731815393789593,0.000447993643126523,0.0
2.620001220000006,0.0,0.10009662411079034,-0.10009662411079034,-0.0026398060073385557,1430.0,-0.0024458219252102057,-0.0003731815393789593,0.0001791974572506092,0.0
2.64000103799998,0.0,0.10009662411079034,-0.10009662411079034,-0.002747324481688921,1430.0,-0.0024458219252102057,-0.0003731815393789593,7.167898290024369e-05,0.0
2.6600013010000225,0.0,0.09994344750703021,-0.09994344750703021,-0.002786589060927376,1430.0,-0.002442079114708514,-0.0003731815393789593,2.8671593160097476e-05,0.0
2.680000877999987,0.0,0.09994344750703021,-0.09994344750703021,-0.0028037920168234344,1430.0,-0.002442079114708514,-0.0003731815393789593,1.146863726403899e-05,0.0
2.700000937000027,0.0,0.09994344750703021,-0.09994344750703021,-0.0028106731991818577,1430.0,-0.002442079114708514,-0.0003731815393789593,4.587454905615596e-06,0.0
2.720001200000013,0.0,0.09514811398292977,-0.09514811398292977,-0.006211878569907686,1430.0,-0.0023249070124909724,-0.0003731815393789593,-0.0035137900180377537,0.00390625
2.740001184999983,0.0,0.09514811398292977,-0.09514811398292977,-0.007619229559085033,1430.0,-0.0023249070124909724,-0.0003731815393789593,-0.004921141007215101,0.00390625
2.7600009290000003,0.0,0.10009662411079034,-0.10009662411079034,-0.008303084867475205,1430.0,-0.0024458219252102057,-0.0003731815393789593,-0.0054840814028860405,0.00390625
2.7800006730000177,0.0,0.10009662411079034,-0.10009662411079034,-0.003254823525743581,1430.0,-0.0024458219252102057,-0.0003731815393789593,-0.00043582006115441634,-0.001953125
2.8000007690000075,0.0,0.10009662411079034,-0.10009662411079034,-0.0012355189890509316,1430.0,-0.0024458219252102057,-0.0003731815393789593,0.0015834844755382334,-0.001953125
2.8200008460000277,0.0,0.09994344750703021,-0.09994344750703021,-0.00218186686387218,1430.0,-0.002442079114708514,-0.0003731815393789593,0.0006333937902152934,0.0
2.840000905000011,0.0,0.09994344750703021,-0.09994344750703021,-0.002561903138001356,1430.0,-0.002442079114708514,-0.0003731815393789593,0.00025335751608611737,0.0
2.860000834999994,0.0,0.09530142636756977,-0.09530142636756977,-0.0026004916736899575,1430.0,-0.0023286531407454452,-0.0003731815393789593,0.00010134300643444695,0.0
2.880000726999981,0.0,0.09530142636756977,-0.09530142636756977,-0.004419109977550626,1430.0,-0.0023286531407454452,-0.0003731815393789593,-0.0017172752974262211,0.001953125
2.9000009160000104,0.0,0.09530142636756977,-0.09530142636756977,-0.0051465572990948925,1430.0,-0.0023286531407454452,-0.0003731815393789593,-0.0024447226189704884,0.001953125
2.920000770999991,0.0,0.10116376577897768,-0.10116376577897768,-0.0020651552021504916,1430.0,-0.002471897115183337,-0.0003731815393789593,0.0007799234524118046,-0.001953125
2.9400009220000243,0.0,0.10116376577897768,-0.10116376577897768,-0.0007752967735975744,1430.0,-0.002471897115183337,-0.0003731815393789593,0.002069781880964722,-0.001953125
2.960000703999981,0.0,0.0960612753628709,-0.0960612753628709,-0.00013467604123888147,1430.0,-0.002347219754245811,-0.0003731815393789593,0.0025857252523858888,-0.001953125
2.9800008180000077,0.0,0.0960612753628709,-0.0960612753628709,-0.0034439236926704147,1430.0,-0.002347219754245811,-0.0003731815393789593,-0.0007235223990456445,0.001953125
3.000000784000008,90.0,0.0960612753628709,89.90393872463713,2.1950098252586088,1405.0,2.196767637758609,0.0,-0.0017578124999999998,0.001953125
3.020001232000027,90.0,0.09621500061484767,89.90378499938515,2.1978185690421026,1380.0,2.1967638815421027,0.0,0.0010546875,-0.001953125
3.040000699000018,90.0,0.09621500061484767,89.90378499938515,2.1989435690421026,1355.0,2.1967638815421027,0.0,0.0021796875,-0.001953125
3.0600010910000037,90.0,0.09702650512102196,89.90297349487898,2.1993737402463642,1330.0,2.1967440527463644,0.0,0.0026296875,-0.001953125
3.0800008909999974,90.0,0.09702650512102196,89.90297349487898,2.1977959277463643,1305.0,2.1967440527463644,0.0,0.001051875,0.0
3.1000010239999938,90.0,0.09702650512102196,89.90297349487898,2.1971648027463644,1280.0,2.1967440527463644,0.0,0.00042075000000000006,0.0
3.120000822999998,90.0,0.1083009387085383,89.89169906129146,2.1843321788640044,1255.0,2.1964685663640044,0.0,-0.012136387500000002,0.013671875
3.1400010120000275,90.0,0.1083009387085383,89.89169906129146,2.1793093238640044,1230.0,2.1964685663640044,0.0,-0.0171592425,0.013671875
3.160000645000025,90.0,0.17930091354202204,89.82069908645798,2.1755653252024563,1205.0,2.194733709702456,0.0,-0.019168384500000003,0.013671875
3.180000982000024,90.0,0.17930091354202204,89.82069908645798,2.143121043402456,1180.0,2.194733709702456,0.0,-0.0516126663,0.048828125
3.200001021999981,90.0,0.17930091354202204,89.82069908645798,2.130143330682456,1155.0,2.194733709702456,0.0,-0.06459037902,0.048828125
3.2200006369999983,90.0,0.3999054141474403,89.60009458585256,2.0193665482620613,1130.0,2.189343324870061,0.0,-0.16997677660799998,0.16015625
3.2400007140000184,90.0,0.3999054141474403,89.60009458585256,1.9772119892268611,1105.0,2.189343324870061,0.0,-0.21213133564319997,0.16015625
3.2600009399999976,90.0,1.0282737339979917,88.97172626600201,1.944996231077517,1100.0,2.173989390334797,0.0,-0.22899315925727998,0.16015625
3.2800007399999913,90.0,1.0282737339979917,88.97172626600201,1.753681189131885,1100.0,2.173989390334797,0.0,-0.42030820120291196,0.365234375
3.300001150000014,90.0,1.0282737339979917,88.97172626600201,1.6771551723536322,1100.0,2.173989390334797,0.0,-0.4968342179811648,0.365234375
3.320000671999992,90.0,2.3489407110593845,87.65105928894062,1.348845096241417,1100.0,2.141719408433883,0.0,-0.7928743121924658,0.66015625
3.3400008610000214,90.0,2.3489407110593845,87.65105928894062,1.2304290585568967,1100.0,2.141719408433883,0.0,-0.9112903498769862,0.66015625
3.360000957000011,90.0,4.508379723616059,85.49162027638394,1.1302975944119074,1100.0,2.088954359362702,0.0,-0.9586567649507945,0.66015625
3.3800010159999943,90.0,4.508379723616059,85.49162027638394,0.8195541533823842,1125.0,2.088954359362702,0.017905323080251733,-1.2694002059803178,0.984375
3.4000010380000276,90.0,4.508379723616059,85.49162027638394,0.7131621000508266,1150.0,2.088954359362702,0.035810646160503466,-1.3936975823921272,0.984375
3.420001171000024,90.0,7.594486976130071,82.40551302386993,0.3106281468898906,1175.0,2.013546533686238,0.05306961644924265,-1.738729032956851,1.3125
3.4400006370000256,90.0,7.594486976130071,82.40551302386993,0.18987453695274015,1200.0,2.013546533686238,0.07032858673798184,-1.8767416131827406,1.3125
3.460001011000031,90.0,11.624431496923307,78.37556850307669,0.05345835436635804,1225.0,1.9150764129014723,0.08674352741999447,-1.9319466452730962,1.3125
3.4800011259999906,90.0,11.624431496923307,78.37556850307669,-0.2035759052877717,1250.0,1.9150764129014723,0.10315846810200709,-2.2053958456092384,1.591796875
3.5000011470000345,90.0,11.624431496923307,78.37556850307669,-0.2965406447402157,1275.0,1.9150764129014723,0.1195734087840197,-2.3147755257436953,1.591796875
3.520000706000019,90.0,16.363213840833765,73.63678615916623,-0.6242381848232423,1300.0,1.799286116690216,0.13499586121279297,-2.543097710297478,1.796875
3.5400010060000113,90.0,16.363213840833765,73.63678615916623,-0.7001446062159817,1325.0,1.799286116690216,0.15041831364156624,-2.634426584118991,1.796875
3.5600008449999905,90.0,21.650840777826943,68.34915922217306,-0.8504548028505576,1350.0,1.6700850171554729,0.16473332807432747,-2.6709581336475967,1.796875
3.5800012779999975,90.0,21.650840777826943,68.34915922217306,-0.959736783229238,1375.0,1.6700850171554729,0.17904834250708868,-2.7945551284590384,1.91796875
3.600000728999987,90.0,21.650840777826943,68.34915922217306,-0.9948605667210537,1400.0,1.6700850171554729,0.19336335693984988,-2.8439939263836154,1.91796875
3.6200009030000047,90.0,27.19406932936886,62.805930670631135,-1.1867442591390716,1425.0,1.534638391974525,0.20651740029963153,-2.9147460080534464,1.974609375
3.6400007990000063,90.0,27.19406932936886,62.805930670631135,-1.201891048447222,1430.0,1.534638391974525,0.21967144365941316,-2.9430468407213786,1.974609375
3.6600006759999815,90.0,32.86582629976607,57.13417370023393,-1.3386445050635312,1430.0,1.3960512250656072,0.2316375970171184,-2.9543671737885515,1.974609375
3.680000978999999,90.0,32.86582629976607,57.13417370023393,-1.3136283599326957,1430.0,1.3960512250656072,0.24360375037482357,-2.941317182015421,1.955078125
3.700000670999998,90.0,32.86582629976607,57.13417370023393,-1.2964422098657375,1430.0,1.3960512250656072,0.25556990373252875,-2.9360971853061684,1.955078125
3.7200010299999917,90.0,38.42480476881073,51.57519523118927,-1.386578901089556,1430.0,1.260219756800383,0.2663717873622463,-2.9023685616224677,1.919921875
3.740000684999984,90.0,38.42480476881073,51.57519523118927,-1.3622855679863575,1430.0,1.260219756800383,0.27717367099196394,-2.888877112148987,1.919921875
3.7600009880000016,90.0,43.88137376656542,46.11862623343458,-1.4794162373895405,1430.0,1.1268906239780903,0.2868327334832047,-2.8834805323595947,1.919921875
3.7800008290000164,90.0,43.88137376656542,46.11862623343458,-1.421895417982543,1430.0,1.1268906239780903,0.29649179597444547,-2.835618775443838,1.869140625
3.8000007240000286,90.0,43.88137376656542,46.11862623343458,-1.3930916527249992,1430.0,1.1268906239780903,0.3,-2.816474072677535,1.869140625
3.820001101999992,90.0,49.23447616711522,40.76552383288478,-1.4722968470133326,1430.0,0.9960896570576813,0.3,-2.768386504071014,1.82421875
3.8400011090000135,90.0,49.23447616711522,40.76552383288478,-1.4530618195707243,1430.0,0.9960896570576813,0.3,-2.7491514766284055,1.82421875
3.860000764000006,90.0,54.40882641926379,35.59117358073621,-1.571801036565629,1430.0,0.8696564290857335,0.3,-2.7414574656513624,1.82421875
3.880001047999997,90.0,54.40882641926379,35.59117358073621,-1.5265359321748115,1430.0,0.8696564290857335,0.3,-2.696192361260545,1.77734375
3.900000667000029,90.0,54.40882641926379,35.59117358073621,-1.5084298904184847,1430.0,0.8696564290857335,0.3,-2.678086319504218,1.77734375
3.9200008029999935,90.0,59.40112932769219,30.598870672307815,-1.5792271334285042,1430.0,0.747671456873183,0.3,-2.6268985903016873,1.728515625
3.9400010510000243,90.0,59.40112932769219,30.598870672307815,-1.5587520417474918,1430.0,0.747671456873183,0.3,-2.606423498620675,1.728515625
3.9600006499999836,90.0,64.30688052577298,25.69311947422702,-1.6704321200413197,1430.0,0.6278013419069501,0.3,-2.59823346194827,1.728515625
3.980000935000021,90.0,64.30688052577298,25.69311947422702,-1.6161795428723578,1430.0,0.6278013419069501,0.3,-2.543980884779308,1.671875
4.000001035000025,90.0,64.30688052577298,25.69311947422702,-1.594478512004773,1430.0,0.6278013419069501,0.3,-2.5222798539117233,1.671875
4.020000837999987,90.0,69.03893140394797,20.96106859605203,-1.6469317276321989,1430.0,0.5121755264324904,0.3,-2.459107254064689,1.611328125
4.040001029999985,90.0,69.03893140394797,20.96106859605203,-1.6216626876933855,1430.0,0.5121755264324904,0.3,-2.433838214125876,1.611328125
4.0600009259999865,90.0,73.62072847497785,16.379271525022148,-1.7235094940846456,1430.0,0.400221104065705,0.3,-2.4237305981503505,1.611328125
4.080000896000001,90.0,73.62072847497785,16.379271525022148,-1.6667320726944355,1430.0,0.400221104065705,0.3,-2.3669531767601404,1.552734375
4.10000084699999,90.0,73.62072847497785,16.379271525022148,-1.6440211041383512,1430.0,0.400221104065705,0.3,-2.344242208204056,1.552734375
4.120001261000027,90.0,78.00609069420852,11.993909305791478,-1.6858413301813144,1430.0,0.2930664906003081,0.3,-2.2789078207816225,1.490234375
4.14000069399998,90.0,78.00609069420852,11.993909305791478,-1.6597075752123411,1430.0,0.2930664906003081,0.3,-2.252774065812649,1.490234375
4.16000108999998,90.0,82.24418376753368,7.755816232466317,-1.752810222614437,1430.0,0.1895103412106228,0.3,-2.24232056382506,1.490234375
4.180001188999995,90.0,82.24418376753368,7.755816232466317,-1.6958944468194013,1430.0,0.1895103412106228,0.3,-2.185404788030024,1.431640625
4.20000104799999,90.0,82.24418376753368,7.755816232466317,-1.673128136501387,1430.0,0.1895103412106228,0.3,-2.16263847771201,1.431640625
4.220001166000031,90.0,86.2538769157635,3.746123084236501,-1.7075047112779553,1430.0,0.09153505480684856,0.3,-2.099039766084804,1.37109375
4.240000931999987,90.0,86.2538769157635,3.746123084236501,-1.6820652266270728,1430.0,0.09153505480684856,0.3,-2.0736002814339214,1.37109375
4.260000884000021,90.0,90.14456876185676,-0.14456876185676037,-1.7669569688194735,1430.0,-0.0035324812459048833,0.3,-2.0634244875735686,1.37109375
4.280000760999997,90.0,90.14456876185676,-0.14456876185676037,-1.7083944637753326,1430.0,-0.0035324812459048833,0.3,-2.0048619825294276,1.310546875
4.300000823999994,90.0,90.14456876185676,-0.14456876185676037,-1.684969461757676,1430.0,-0.0035324812459048833,0.3,-1.981436980511771,1.310546875
4.320001034000029,90.0,93.83745526223277,-3.8374552622327656,-1.7130993256182303,1430.0,-0.09376672091352183,0.3,-1.9193326047047086,1.251953125
4.34000106000002,90.0,93.83745526223277,-3.8374552622327656,-1.6882575752954052,1430.0,-0.09376672091352183,0.3,-1.8944908543818832,1.251953125
4.360000678000006,90.0,97.34878227904164,-7.348782279041643,-1.764118779746838,1430.0,-0.17956462549408508,0.3,-1.884554154252753,1.251953125
4.380000628999994,90.0,97.34878227904164,-7.348782279041643,-1.7021362871951866,1430.0,-0.17956462549408508,0.3,-1.8225716617011014,1.1875
4.400000877000025,90.0,97.34878227904164,-7.348782279041643,-1.6773432901745258,1430.0,-0.17956462549408508,0.3,-1.7977786646804408,1.1875
4.4200007169999935,90.0,100.68971727215023,-10.689717272150233,-1.689294908381036,1430.0,-0.26119906750885963,0.3,-1.7280958408721765,1.12109375
4.440000891000011,90.0,100.68971727215023,-10.689717272150233,-1.6614217788577301,1430.0,-0.26119906750885963,0.3,-1.7002227113488706,1.12109375
4.46000069400003,90.0,103.80642462292133,-13.806424622921327,-1.7264280541772994,1430.0,-0.3373545946377512,0.3,-1.6890734595395482,1.12109375
4.480001312000013,90.0,103.80642462292133,-13.806424622921327,-1.6692339784535704,1430.0,-0.3373545946377512,0.3,-1.6318793838158192,1.0625
4.5000014299999975,90.0,103.80642462292133,-13.806424622921327,-1.6463563481640788,1430.0,-0.3373545946377512,0.3,-1.6090017535263277,1.0625
4.5200011219999965,90.0,106.7999290957988,-16.799929095798802,-1.6505847839631274,1430.0,-0.4104997075525962,0.3,-1.5400850764105312,0.99609375
4.540000907000035,90.0,106.7999290957988,-16.799929095798802,-1.6230181131168087,1430.0,-0.4104997075525962,0.3,-1.5125184055642125,0.99609375
4.560000952999985,90.0,109.5789952250733,-19.5789952250733,-1.6798968404993733,1430.0,-0.4784051032736882,0.3,-1.501491737225685,0.99609375
4.580000797000025,90.0,109.5789952250733,-19.5789952250733,-1.615720548163962,1430.0,-0.4784051032736882,0.3,-1.4373154448902739,0.9296875
4.600000899999998,90.0,109.5789952250733,-19.5789952250733,-1.5900500312297978,1430.0,-0.4784051032736882,0.3,-1.4116449279561096,0.9296875
4.62000111399999,90.0,112.18254793924314,-22.182547939243136,-1.58539080591223,1430.0,-0.542021897229786,0.3,-1.3433689086824439,0.865234375
4.640001197999993,90.0,112.18254793924314,-22.182547939243136,-1.5580803982027638,1430.0,-0.542021897229786,0.3,-1.3160585009729777,0.865234375
4.660000652999997,90.0,114.59949562956285,-24.599495629562853,-1.606213408181349,1430.0,-0.6010790702921579,0.3,-1.305134337889191,0.865234375
4.680001070999992,90.0,114.59949562956285,-24.599495629562853,-1.5473515554478345,1430.0,-0.6010790702921579,0.3,-1.2462724851556766,0.8046875
4.700001007000026,90.0,114.59949562956285,-24.599495629562853,-1.5238068143544286,1430.0,-0.6010790702921579,0.3,-1.2227277440622706,0.8046875
4.720000776999996,90.0,116.8344755498286,-26.834475549828596,-1.5127497795715028,1430.0,-0.6556899319465945,0.3,-1.1570598476249083,0.7421875
4.740000860999999,90.0,116.8344755498286,-26.834475549828596,-1.4864826209965578,1430.0,-0.6556899319465945,0.3,-1.1307926890499633,0.7421875
4.760001111999998,90.0,118.89233753236653,-28.892337532366522,-1.5262588115722469,1430.0,-0.7059729859522613,0.3,-1.1202858256199855,0.7421875
4.780001067000001,90.0,118.89233753236653,-28.892337532366522,-1.4640482537002555,1430.0,-0.7059729859522613,0.3,-1.058075267747994,0.677734375
4.800001243999986,90.0,118.89233753236653,-28.892337532366522,-1.439164030551459,1430.0,-0.7059729859522613,0.3,-1.0331910445991976,0.677734375
4.820001273000003,90.0,120.77364350142028,-30.77364350142028,-1.4189293180483151,1430.0,-0.7519419627086362,0.3,-0.966987355339679,0.615234375
4.840000783999983,90.0,120.77364350142028,-30.77364350142028,-1.3924478423445077,1430.0,-0.7519419627086362,0.3,-0.9405058796358715,0.615234375
4.860000904999993,90.0,122.4777805030397,-32.477780503039696,-1.423495174279637,1430.0,-0.7935818849252881,0.3,-0.9299132893543487,0.615234375
4.880001008000022,90.0,122.4777805030397,-32.477780503039696,-1.3647659506670275,1430.0,-0.7935818849252881,0.3,-0.8711840657417395,0.5546875
4.900000667000029,90.0,122.4777805030397,-32.477780503039696,-1.3412742612219841,1430.0,-0.7935818849252881,0.3,-0.8476923762966959,0.5546875
4.920000936000008,90.0,124.0118867489715,-34.011886748971506,-1.3131128725376542,1430.0,-0.831067172018976,0.3,-0.7820457005186783,0.4921875
4.940000891000011,90.0,124.0118867489715,-34.011886748971506,-1.2868542022264473,1430.0,-0.831067172018976,0.3,-0.7557870302074714,0.4921875
4.9600011050000035,90.0,125.35602654953004,-35.35602654953004,-1.2564598902795494,1430.0,-0.8639107031965609,0.3,-0.6925491870829885,0.43359375
4.980000967000024,90.0,125.35602654953004,-35.35602654953004,-1.2311647530297563,1430.0,-0.8639107031965609,0.3,-0.6672540498331954,0.43359375
5.0000007930000265,90.0,125.35602654953004,-35.35602654953004,-1.2210466981298391,1430.0,-0.8639107031965609,0.3,-0.6571359949332781,0.43359375
5.02000065499999,90.0,126.54551319130633,-36.54551319130633,-1.1933297428003533,1430.0,-0.892975344827042,0.3,-0.6003543979733112,0.375
5.040000925000015,90.0,126.54551319130633,-36.54551319130633,-1.1706171040163666,1430.0,-0.892975344827042,0.3,-0.5776417591893245,0.375
5.060001027999988,90.0,127.55620597788266,-37.556205977882655,-1.1299779320954504,1430.0,-0.9176712284197205,0.3,-0.5123067036757298,0.3125
5.080000964000021,90.0,127.55620597788266,-37.556205977882655,-1.1038439098900126,1430.0,-0.9176712284197205,0.3,-0.4861726814702919,0.3125
5.100000789000035,90.0,127.55620597788266,-37.556205977882655,-1.0933903010078372,1430.0,-0.9176712284197205,0.3,-0.47571907258811674,0.3125
5.120000688000005,90.0,128.38859056788215,-38.38859056788215,-1.055055662388663,1430.0,-0.9380102208534165,0.3,-0.4170454415352467,0.251953125
5.1400010880000195,90.0,128.38859056788215,-38.38859056788215,-1.031586209967515,1430.0,-0.9380102208534165,0.3,-0.39357598911409863,0.251953125
5.1600010050000265,90.0,129.0579652707819,-39.05796527078189,-0.985819963492279,1430.0,-0.9543661303466395,0.3,-0.3314538331456395,0.193359375
5.1800014049999845,90.0,129.0579652707819,-39.05796527078189,-0.9609711011048953,1430.0,-0.9543661303466395,0.3,-0.30660497075825577,0.193359375
5.200000915000032,90.0,129.0579652707819,-39.05796527078189,-0.9510315561499418,1430.0,-0.9543661303466395,0.3,-0.29666542580330235,0.193359375
5.220000889000005,90.0,129.55195694519335,-39.55195694519335,-0.9028762318422483,1430.0,-0.9664366240209273,0.3,-0.23643960782132092,0.130859375
5.240001140000004,90.0,129.55195694519335,-39.55195694519335,-0.8787859046494557,1430.0,-0.9664366240209273,0.3,-0.21234928062852837,0.130859375
5.260001149999994,90.0,129.86248658996328,-39.86248658996328,-0.820487444389136,1430.0,-0.9740242946377246,0.3,-0.14646314975141136,0.068359375
5.280000809000001,90.0,129.86248658996328,-39.86248658996328,-0.7941329920382891,1430.0,-0.9740242946377246,0.3,-0.12010869740056455,0.068359375
5.300001189,90.0,129.86248658996328,-39.86248658996328,-0.7835912110979505,1430.0,-0.9740242946377246,0.3,-0.10956691646022583,0.068359375
5.320001089000016,90.0,130.00826285935756,-40.00826285935756,-0.7249286724429008,1430.0,-0.9775862808588105,0.3,-0.047342391584090336,0.00390625
5.340000783999983,90.0,130.00826285935756,-40.00826285935756,-0.7000388624924466,1430.0,-0.9775862808588105,0.3,-0.022452581633636136,0.00390625
5.3600010540000085,90.0,129.98343676880563,-39.98343676880563,-0.6525622601835239,1430.0,-0.9769796650300694,0.3,0.02441740484654555,-0.037109375
5.380001063999998,90.0,129.98343676880563,-39.98343676880563,-0.6338142655914513,1430.0,-0.9769796650300694,0.3,0.04316539943861822,-0.037109375
5.400000981999995,90.0,129.98343676880563,-39.98343676880563,-0.6263150677546222,1430.0,-0.9769796650300694,0.3,0.05066459727544729,-0.037109375
5.42000102999998,90.0,129.87126499158228,-39.87126499158229,-0.608269827543385,1430.0,-0.974238791453564,0.3,0.06596896391017891,-0.05078125
5.440000650999991,90.0,129.87126499158228,-39.87126499158229,-0.6021480808894923,1430.0,-0.974238791453564,0.3,0.07209071056407157,-0.05078125
5.460000660999981,90.0,129.71805498021115,-39.71805498021115,-0.5906823179243136,1430.0,-0.9704951646499421,0.3,0.07981284672562862,-0.056640625
5.480001079000033,90.0,129.71805498021115,-39.71805498021115,-0.5875934634596908,1430.0,-0.9704951646499421,0.3,0.08290170119025145,-0.056640625
5.500001478999991,90.0,129.71805498021115,-39.71805498021115,-0.5863579216738416,1430.0,-0.9704951646499421,0.3,0.08413724297610059,-0.056640625
5.520000674000016,90.0,129.56391079039224,-39.56391079039224,-0.5803394393702792,1430.0,-0.9667287115607194,0.3,0.08638927219044024,-0.05859375
5.5400009809999915,90.0,129.56391079039224,-39.56391079039224,-0.5794386276845434,1430.0,-0.9667287115607194,0.3,0.0872900838761761,-0.05859375
5.560001123000006,90.0,129.39689650072785,-39.39689650072785,-0.5749973740567164,1430.0,-0.9626477826071869,0.3,0.08765040855047043,-0.05859375
5.5800009139999815,90.0,129.39689650072785,-39.39689650072785,-0.5748532441869987,1430.0,-0.9626477826071869,0.3,0.08779453842018818,-0.05859375
5.600001280000015,90.0,129.39689650072785,-39.39689650072785,-0.5747955922391116,1430.0,-0.9626477826071869,0.3,0.08785219036807528,-0.05859375
5.62000116400003,90.0,129.23107622462157,-39.231076224621575,-0.567205152761488,1430.0,-0.9585960289087181,0.3,0.0913908761472301,-0.0625
5.640000771000018,90.0,129.23107622462157,-39.231076224621575,-0.565789678449826,1430.0,-0.9585960289087181,0.3,0.09280635045889205,-0.0625
5.660000803000003,90.0,129.0552570559272,-39.0552570559272,-0.5574117909905908,1430.0,-0.9542999561741475,0.3,0.09688816518355681,-0.06640625
5.680000724000024,90.0,129.0552570559272,-39.0552570559272,-0.5557790651007248,1430.0,-0.9542999561741475,0.3,0.09852089107342271,-0.06640625
5.700000868000018,90.0,129.0552570559272,-39.0552570559272,-0.5551259747447785,1430.0,-0.9542999561741475,0.3,0.09917398142936909,-0.06640625
5.7200008070000194,90.0,128.87655584421077,-38.87655584421077,-0.5504982442719426,1430.0,-0.9499334618436902,0.3,0.09943521757174764,-0.06640625
5.740000968999993,90.0,128.87655584421077,-38.87655584421077,-0.5503937498149912,1430.0,-0.9499334618436902,0.3,0.09953971202869905,-0.06640625
5.760001465000016,90.0,129.19806701617142,-39.19806701617142,-0.5529345144779333,1430.0,-0.9577894617894129,0.3,0.10485494731147962,-0.072265625
5.780000941000026,90.0,129.19806701617142,-39.19806701617142,-0.550808420364821,1430.0,-0.9577894617894129,0.3,0.10698104142459185,-0.072265625
5.800001195999982,90.0,129.19806701617142,-39.19806701617142,-0.5499579827195762,1430.0,-0.9577894617894129,0.3,0.10783147906983673,-0.072265625
5.820000801999981,90.0,129.30237005643966,-39.302370056439656,-0.5539242242230075,1430.0,-0.9603380658509422,0.3,0.10641384162793469,-0.0703125
5.840001094000002,90.0,129.30237005643966,-39.302370056439656,-0.5544912791997683,1430.0,-0.9603380658509422,0.3,0.10584678665117386,-0.0703125
5.860000866999997,90.0,129.30997992352525,-39.30997992352525,-0.5531462328212684,1430.0,-0.960524009981738,0.3,0.10737777716046955,-0.072265625
5.8800012140000035,90.0,129.30997992352525,-39.30997992352525,-0.5525338366175502,1430.0,-0.960524009981738,0.3,0.10799017336418783,-0.072265625
5.900000969000018,90.0,129.30997992352525,-39.30997992352525,-0.5522888781360629,1430.0,-0.960524009981738,0.3,0.10823513184567514,-0.072265625
5.920000889999983,90.0,129.24820966753617,-39.24820966753617,-0.5489237501579352,1430.0,-0.9590146778962052,0.3,0.11009092773827005,-0.07421875
5.9400011070000005,90.0,129.24820966753617,-39.24820966753617,-0.5481814318008971,1430.0,-0.9590146778962052,0.3,0.11083324609530804,-0.07421875
5.960000676999982,90.0,129.14426611514523,-39.14426611514523,-0.5453446843424642,1430.0,-0.9564748577805875,0.3,0.11113017343812323,-0.07421875
5.980001431000005,90.0,129.14426611514523,-39.14426611514523,-0.5452259134053381,1430.0,-0.9564748577805875,0.3,0.11124894437524929,-0.07421875
6.000000908000004,90.0,129.14426611514523,-39.14426611514523,-0.5451784050304878,1430.0,-0.9564748577805875,0.3,0.11129645275009971,-0.07421875
6.020001163000018,90.0,128.97127973230602,-38.971279732306016,-0.5339012969622241,1430.0,-0.952248003062264,0.3,0.11834670610003988,-0.08203125
6.040000953999993,90.0,128.97127973230602,-38.971279732306016,-0.531081195622248,1430.0,-0.952248003062264,0.3,0.12116680744001594,-0.08203125
6.060001005000004,90.0,128.77470019534542,-38.77470019534542,-0.521634185859446,1430.0,-0.9474446588354523,0.3,0.12581047297600637,-0.0859375
6.080001130000028,90.0,128.77470019534542,-38.77470019534542,-0.5197767196450498,1430.0,-0.9474446588354523,0.3,0.12766793919040254,-0.0859375
6.100000809999983,90.0,128.77470019534542,-38.77470019534542,-0.5190337331592914,1430.0,-0.9474446588354523,0.3,0.12841092567616103,-0.0859375
6.120000954000034,90.0,128.55867514144734,-38.55867514144734,-0.5169736757247405,1430.0,-0.9421661709952048,0.3,0.12519249527046442,-0.08203125
6.140000783000005,90.0,128.55867514144734,-38.55867514144734,-0.5182610478870191,1430.0,-0.9421661709952048,0.3,0.12390512310818577,-0.08203125
6.160000833000026,90.0,128.33920906644215,-38.33920906644215,-0.5081399914045535,1430.0,-0.9368036031478277,0.3,0.1286636117432743,-0.087890625
6.180001199000003,90.0,128.33920906644215,-38.33920906644215,-0.506236595950518,1430.0,-0.9368036031478277,0.3,0.13056700719730974,-0.087890625
6.200000934999991,90.0,128.33920906644215,-38.33920906644215,-0.5054752377689038,1430.0,-0.9368036031478277,0.3,0.1313283653789239,-0.087890625
6.220000911999989,90.0,128.10494649783658,-38.10494649783658,-0.4976887676053733,1430.0,-0.9310794887569429,0.3,0.13339072115156958,-0.08984375
6.240000758999997,90.0,128.10494649783658,-38.10494649783658,-0.496863825296315,1430.0,-0.9310794887569429,0.3,0.13421566346062783,-0.08984375
6.260000680000019,90.0,127.86428202831087,-37.86428202831087,-0.4871376810325868,1430.0,-0.925198946416838,0.3,0.13806126538425112,-0.09375
6.280001027000026,90.0,127.86428202831087,-37.86428202831087,-0.4855994402631375,1430.0,-0.925198946416838,0.3,0.13959950615370045,-0.09375
6.300000671000021,90.0,127.60439687478129,-37.60439687478129,-0.4786339517067586,1430.0,-0.9188487541682389,0.3,0.1402148024614802,-0.09375
6.320000907000008,90.0,127.60439687478129,-37.60439687478129,-0.4731143956836467,1430.0,-0.9188487541682389,0.3,0.1457343584845921,-0.099609375
6.340001105999988,90.0,127.60439687478129,-37.60439687478129,-0.470906573274402,1430.0,-0.9188487541682389,0.3,0.14794218089383682,-0.099609375
6.36000089700002,90.0,127.3415585881682,-37.3415585881682,-0.46360109340832567,1430.0,-0.9124264032658604,0.3,0.14882530985753473,-0.099609375
6.380000929999994,90.0,127.3415585881682,-37.3415585881682,-0.4632478418228465,1430.0,-0.9124264032658604,0.3,0.1491785614430139,-0.099609375
6.400000851000016,90.0,127.05961256388593,-37.059612563885935,-0.4562173001773682,1430.0,-0.9055371622545737,0.3,0.14931986207720555,-0.099609375
6.420001049999996,90.0,127.05961256388593,-37.059612563885935,-0.45264515492369156,1430.0,-0.9055371622545737,0.3,0.1528920073308822,-0.103515625
6.440000916000031,90.0,127.05961256388593,-37.059612563885935,-0.45121629682222086,1430.0,-0.9055371622545737,0.3,0.15432086543235288,-0.103515625
6.460001003000002,90.0,126.7785967929222,-36.7785967929222,-0.44026261794694627,1430.0,-0.8986706516198874,0.3,0.15840803367294115,-0.107421875
6.480001221000009,90.0,126.7785967929222,-36.7785967929222,-0.43862775065071097,1430.0,-0.8986706516198874,0.3,0.16004290096917645,-0.107421875
6.500001086999987,90.0,126.47716344522121,-36.47716344522121,-0.43060839758244895,1430.0,-0.8913052454701195,0.3,0.16069684788767058,-0.107421875
6.5200007860000255,90.0,126.47716344522121,-36.47716344522121,-0.4268311938150513,1430.0,-0.8913052454701195,0.3,0.16447405165506823,-0.111328125
6.540000855000017,90.0,126.47716344522121,-36.47716344522121,-0.42532031230809225,1430.0,-0.8913052454701195,0.3,0.16598493316202728,-0.111328125
6.560000592999984,90.0,126.16530971086479,-36.16530971086479,-0.41182249797648574,1430.0,-0.8836852212412966,0.3,0.1718627232648109,-0.1171875
6.5800008510000225,90.0,126.16530971086479,-36.16530971086479,-0.40947138193537225,1430.0,-0.8836852212412966,0.3,0.17421383930592438,-0.1171875
6.600000590000036,90.0,125.83740926320672,-35.83740926320672,-0.40051881611637175,1430.0,-0.8756731018387415,0.3,0.17515428572236977,-0.1171875
6.620000811000011,90.0,125.83740926320672,-35.83740926320672,-0.39486920004979364,1430.0,-0.8756731018387415,0.3,0.1808039017889479,-0.123046875
6.64000095800003,90.0,125.83740926320672,-35.83740926320672,-0.3926093536231624,1430.0,-0.8756731018387415,0.3,0.18306374821557916,-0.123046875
6.660000883000009,90.0,125.50038076371465,-35.500380763714645,-0.3834702552676399,1430.0,-0.8674379420538715,0.3,0.18396768678623165,-0.123046875
6.680001011000002,90.0,125.50038076371465,-35.500380763714645,-0.3831086798393789,1430.0,-0.8674379420538715,0.3,0.18432926221449264,-0.123046875
6.700000750000015,90.0,125.14512975839125,-35.14512975839125,-0.374283630068596,1430.0,-0.8587575224543931,0.3,0.18447389238579706,-0.123046875
6.720000712000001,90.0,125.14512975839125,-35.14512975839125,-0.3689523405000742,1430.0,-0.8587575224543931,0.3,0.1898051819543188,-0.12890625
6.740000839999993,90.0,125.14512975839125,-35.14512975839125,-0.3668198246726655,1430.0,-0.8587575224543931,0.3,0.1919376977817275,-0.12890625
6.760001098000032,90.0,124.78639597586317,-34.78639597586317,-0.3536856734411546,1430.0,-0.8499920025538455,0.3,0.19630632911269102,-0.1328125
6.780001040999991,90.0,124.78639597586317,-34.78639597586317,-0.3519382209087692,1430.0,-0.8499920025538455,0.3,0.19805378164507642,-0.1328125
6.8000008550000075,90.0,124.40903851953311,-34.40903851953311,-0.3420186577979407,1430.0,-0.8407714204559712,0.3,0.19875276265803055,-0.1328125
6.820001168000033,90.0,124.40903851953311,-34.40903851953311,-0.33470781539275907,1430.0,-0.8407714204559712,0.3,0.20606360506321222,-0.140625
6.840000722000013,90.0,124.40903851953311,-34.40903851953311,-0.3317834784306864,1430.0,-0.8407714204559712,0.3,0.20898794202528487,-0.140625
6.860001109999985,90.0,124.01503625289536,-34.015036252895364,-0.31747082710744806,1430.0,-0.831144128917562,0.3,0.21367330181011396,-0.14453125
6.880000757000005,90.0,124.01503625289536,-34.015036252895364,-0.3155966831935164,1430.0,-0.831144128917562,0.3,0.21554744572404558,-0.14453125
6.900000810999984,90.0,123.6098208108807,-33.609820810880706,-0.30494574452763196,1430.0,-0.8212428478172502,0.3,0.2162971032896182,-0.14453125
6.920001143000036,90.0,123.6098208108807,-33.609820810880706,-0.3011302565014029,1430.0,-0.8212428478172502,0.3,0.2201125913158473,-0.1484375
6.940001085999995,90.0,123.6098208108807,-33.609820810880706,-0.2996040612909112,1430.0,-0.8212428478172502,0.3,0.22163878652633895,-0.1484375
6.960000659000002,90.0,123.19818820910115,-33.19818820910115,-0.28541987631326915,1430.0,-0.8111847659238046,0.3,0.22576488961053556,-0.15234375
6.980001009000034,90.0,123.19818820910115,-33.19818820910115,-0.28376943507959046,1430.0,-0.8111847659238046,0.3,0.22741533084421423,-0.15234375
7.000000730000011,90.0,122.7629193060053,-32.7629193060053,-0.2724736328993256,1430.0,-0.8005491402370113,0.3,0.22807550733768567,-0.15234375
7.020000950999986,90.0,122.7629193060053,-32.7629193060053,-0.270451749801937,1430.0,-0.8005491402370113,0.3,0.23009739043507427,-0.154296875
7.040000727000006,90.0,122.7629193060053,-32.7629193060053,-0.2696429965629815,1430.0,-0.8005491402370113,0.3,0.23090614367402973,-0.154296875
7.060001004000014,90.0,122.32198155474128,-32.321981554741285,-0.2532719159891439,1430.0,-0.7897749984587558,0.3,0.2365030824696119,-0.16015625
7.080000687999984,90.0,122.32198155474128,-32.321981554741285,-0.25103314047091096,1430.0,-0.7897749984587558,0.3,0.23874185798784478,-0.16015625
7.100000779000027,90.0,121.86621122844929,-31.866211228449288,-0.23900106030625987,1430.0,-0.7786384285013978,0.3,0.2396373681951379,-0.16015625
7.120000795999999,90.0,121.86621122844929,-31.866211228449288,-0.2351272312233426,1430.0,-0.7786384285013978,0.3,0.24351119727805517,-0.1640625
7.140000757999985,90.0,121.86621122844929,-31.866211228449288,-0.2335776995901757,1430.0,-0.7786384285013978,0.3,0.24506072891122205,-0.1640625
7.16000105300003,90.0,121.78899138082517,-31.788991380825166,-0.22931323761240793,1430.0,-0.7767515916768968,0.3,0.24743835406448886,-0.166015625
7.1800008839999805,90.0,121.78899138082517,-31.788991380825166,-0.22836218755110121,1430.0,-0.7767515916768968,0.3,0.24838940412579558,-0.166015625
7.200000939000006,90.0,121.53520964856295,-31.535209648562958,-0.2217807099934322,1430.0,-0.7705505341437504,0.3,0.24876982415031823,-0.166015625
7.220001029999992,90.0,121.53520964856295,-31.535209648562958,-0.21635510448362316,1430.0,-0.7705505341437504,0.3,0.25419542966012726,-0.171875
7.240000824999981,90.0,121.53520964856295,-31.535209648562958,-0.21418486227969952,1430.0,-0.7705505341437504,0.3,0.2563656718640509,-0.171875
7.260000916000024,90.0,121.09374100984274,-31.093741009842745,-0.19725621409217903,1430.0,-0.7597634203377994,0.3,0.2625072062456204,-0.177734375
7.28000100700001,90.0,121.09374100984274,-31.093741009842745,-0.1947996003395513,1430.0,-0.7597634203377994,0.3,0.26496381999824814,-0.177734375
7.300000727999986,90.0,120.6111525946543,-30.6111525946543,-0.18202509535067246,1430.0,-0.7479715608499717,0.3,0.2659464654992993,-0.177734375
7.320000967999988,90.0,120.6111525946543,-30.6111525946543,-0.17811641215025203,1430.0,-0.7479715608499717,0.3,0.2698551486997197,-0.181640625
7.340000726000028,90.0,120.6111525946543,-30.6111525946543,-0.1765529388700839,1430.0,-0.7479715608499717,0.3,0.27141862197988786,-0.181640625
7.36000111300001,90.0,120.1136668351212,-30.113666835121197,-0.15849824177812416,1430.0,-0.7358156905700793,0.3,0.2773174487919552,-0.1875
7.380001074999996,90.0,120.1136668351212,-30.113666835121197,-0.1561387110532973,1430.0,-0.7358156905700793,0.3,0.27967697951678205,-0.1875
7.400000981000005,90.0,119.57282765744776,-29.572827657447757,-0.14197970463951431,1430.0,-0.7226004964462271,0.3,0.28062079180671284,-0.1875
7.420001257000024,90.0,119.57282765744776,-29.572827657447757,-0.13984436722354204,1430.0,-0.7226004964462271,0.3,0.2827561292226851,-0.189453125
7.440000736999991,90.0,119.57282765744776,-29.572827657447757,-0.13899023225715312,1430.0,-0.7226004964462271,0.3,0.28361026418907404,-0.189453125
7.4600010320000365,90.0,119.02875811079713,-29.028758110797128,-0.12008101384215658,1430.0,-0.7093063695177863,0.3,0.2892253556756297,-0.1953125
7.480001383000001,90.0,119.02875811079713,-29.028758110797128,-0.11783497724753439,1430.0,-0.7093063695177863,0.3,0.2914713922702519,-0.1953125
7.5000012149999975,90.0,118.45574830368628,-28.455748303686278,-0.10293529171726273,1430.0,-0.6953050986253635,0.3,0.29236980690810077,-0.1953125
7.5200008059999845,90.0,118.45574830368628,-28.455748303686278,-0.09730248836212324,1430.0,-0.6953050986253635,0.3,0.29800261026324026,-0.201171875
7.540000823000014,90.0,118.45574830368628,-28.455748303686278,-0.09504936702006739,1430.0,-0.6953050986253635,0.3,0.3002557316052961,-0.201171875
7.560000860999992,90.0,117.865551378661,-27.865551378660996,-0.0762112620756728,1430.0,-0.6808838672177913,0.3,0.30467260514211847,-0.205078125
7.580000917999996,90.0,117.865551378661,-27.865551378660996,-0.07444451266094387,1430.0,-0.6808838672177913,0.3,0.3064393545568474,-0.205078125
7.600000771999987,90.0,117.2653420122142,-27.265342012214205,-0.059071931390924315,1430.0,-0.6662179857136633,0.3,0.307146054322739,-0.205078125
7.6200011629999835,90.0,117.2653420122142,-27.265342012214205,-0.05351581398456773,1430.0,-0.6662179857136633,0.3,0.3127021717290956,-0.2109375
7.640000906000012,90.0,117.2653420122142,-27.265342012214205,-0.05129336702202508,1430.0,-0.6662179857136633,0.3,0.31492461869163824,-0.2109375
7.660000722000007,90.0,116.65749531681712,-26.65749531681712,-0.03379407908214338,1430.0,-0.6513654890587987,0.3,0.3175714099766553,-0.212890625
7.6800014099999885,90.0,116.65749531681712,-26.65749531681712,-0.03273536256813653,1430.0,-0.6513654890587987,0.3,0.31863012649066214,-0.212890625
7.700001208000003,90.0,116.03760094740767,-26.037600947407668,-0.01716499909745739,1430.0,-0.6362186121937222,0.3,0.31905361309626484,-0.212890625
7.720000913000035,90.0,116.03760094740767,-26.037600947407668,-0.015237791955216295,1430.0,-0.6362186121937222,0.3,0.32098082023850594,-0.21484375
7.740000748999989,90.0,116.03760094740767,-26.037600947407668,-0.014466909098319825,1430.0,-0.6362186121937222,0.3,0.3217517030954024,-0.21484375
7.760000899000033,90.0,115.4097363672546,-25.409736367254595,0.004698694896890898,1428.449430684026,-0.6208769863412701,0.29467819725993194,0.325575681238161,-0.21875
7.780001271000003,90.0,115.4097363672546,-25.409736367254595,0.0009064834139262956,1429.7008604734044,-0.6208769863412701,0.2893563945198639,0.32710527249526444,-0.21875
7.800000754999985,90.0,114.77610327774045,-24.776103277740447,0.011679094302947834,1426.1458988800273,-0.6053944092150219,0.28416729958373516,0.3277171089981058,-0.21875
7.820001238000032,90.0,114.77610327774045,-24.776103277740447,0.008492546467955664,1427.1974596655746,-0.6053944092150219,0.2789782046476064,0.32971965609924236,-0.220703125
7.840000833000033,90.0,114.77610327774045,-24.776103277740447,0.00410447037228151,1428.645524777147,-0.6053944092150219,0.2737891097114777,0.33052067493969695,-0.220703125
7.860000779000018,90.0,114.13612659445863,-24.13612659445863,0.018388988335299505,1423.931633849351,-0.5897568288520569,0.26873405117846005,0.33435670747587876,-0.224609375
7.880000781000035,90.0,114.13612659445863,-24.13612659445863,0.014868342816754643,1425.0934468704709,-0.5897568288520569,0.26367899264544237,0.3358911204903515,-0.224609375
7.900000708999983,90.0,113.48631648509058,-23.486316485090583,0.02630490577922967,1421.3193810928542,-0.5738789725623533,0.25876003002347936,0.3365048856961406,-0.224609375
7.920001026000023,90.0,113.48631648509058,-23.486316485090583,0.021631449239582268,1422.861621750938,-0.5738789725623533,0.25384106740151635,0.3367503917784562,-0.224609375
7.94000106499999,90.0,113.48631648509058,-23.486316485090583,0.016810689050545558,1424.45247261332,-0.5738789725623533,0.24892210477955334,0.3368485942113825,-0.224609375
7.960000974000025,90.0,112.98424507476784,-22.98424507476784,0.02244111376812158,1422.5944324565198,-0.5616110536959847,0.24410829574787346,0.335130062684553,-0.22265625
7.980001031000029,90.0,112.98424507476784,-22.98424507476784,0.0169398921257099,1424.4098355985157,-0.5616110536959847,0.23929448671619358,0.3344426500738212,-0.22265625
8.000000793000027,90.0,112.79662627821773,-22.796626278217733,0.016435510083537608,1424.5762816724325,-0.5570266616621844,0.23451997247337486,0.3341676850295284,-0.22265625
8.020000943000014,90.0,112.79662627821773,-22.796626278217733,0.015066634823001857,1425.0280105084094,-0.5570266616621844,0.22974545823055614,0.3375733240118114,-0.2265625
8.040000888999998,90.0,112.79662627821773,-22.796626278217733,0.011654376173096281,1426.1540558628783,-0.5570266616621844,0.2249709439877374,0.33893557960472454,-0.2265625
8.060000799000022,90.0,112.3553182818751,-22.3553182818751,0.014692327739624034,1425.1515318459242,-0.5462434730900032,0.2202888570755374,0.3359648568418898,-0.22265625
8.080000799999993,90.0,112.3553182818751,-22.3553182818751,0.008821951722290056,1427.0887559316443,-0.5462434730900032,0.21560677016333735,0.3347765677367559,-0.22265625
8.100000894999994,90.0,111.75669721266559,-21.756697212665586,0.018291621249357293,1423.963764987712,-0.5316164010086823,0.2110500581546915,0.3343012520947023,-0.22265625
8.120000841000035,90.0,111.75669721266559,-21.756697212665586,0.015302595483890069,1424.9501434903163,-0.5316164010086823,0.20649334614604564,0.33586893833788095,-0.224609375
8.140000676999989,90.0,111.75669721266559,-21.756697212665586,0.011372957972515696,1426.2469238690699,-0.5316164010086823,0.2019366341373998,0.3364960128351524,-0.224609375
8.160000937999996,90.0,111.1381479361279,-21.138147936127893,0.020423273308754653,1423.260319808111,-0.5165023909627061,0.1975094707862909,0.33498903013406095,-0.22265625
8.180001069000014,90.0,111.1381479361279,-21.138147936127893,0.015393316877209129,1424.920205430521,-0.5165023909627061,0.193082307435182,0.33438623705362436,-0.22265625
8.200000997000018,90.0,110.50262309003756,-20.50262309003756,0.026253837753434817,1421.3362335413665,-0.5009735895031969,0.18878824809658318,0.33414511982144973,-0.22265625
8.220001147000005,90.0,110.50262309003756,-20.50262309003756,0.021863331521966123,1422.7851005977511,-0.5009735895031969,0.18449418875798437,0.33404867292857987,-0.22265625
8.240000649000024,90.0,110.50262309003756,-20.50262309003756,0.017530693426219435,1424.2148711693476,-0.5009735895031969,0.18020012941938554,0.33401009417143196,-0.22265625
8.260000854999987,90.0,109.85904198766804,-19.859041987668036,0.027189043020709402,1421.0276158031659,-0.4852479365672489,0.17604086139166625,0.3322368501685728,-0.220703125
8.280000839000024,90.0,109.85904198766804,-19.859041987668036,0.022320477391846505,1422.6342424606908,-0.4852479365672489,0.17188159336394696,0.33152755256742916,-0.220703125
8.300000969999985,90.0,109.19642347199829,-19.196423471998287,0.03406831502003044,1418.75745604339,-0.46905711187088817,0.16786110383362507,0.3312438335269717,-0.220703125
8.32000087900002,90.0,109.19642347199829,-19.196423471998287,0.028176525373525607,1420.7017466267366,-0.46905711187088817,0.16384061430330316,0.3293725334107887,-0.21875
8.340000825999994,90.0,109.19642347199829,-19.196423471998287,0.023407515796730505,1422.275519787079,-0.46905711187088817,0.15982012477298127,0.3286240133643155,-0.21875
8.360001143000034,90.0,108.5427825562146,-18.542782556214604,0.029785641296465992,1420.1707383721662,-0.4530856513222415,0.15593653347593348,0.3230511678457262,-0.212890625
8.380000959000029,90.0,108.5427825562146,-18.542782556214604,0.023672911791982387,1422.1879391086459,-0.4530856513222415,0.15205294217888568,0.32082202963829043,-0.212890625
8.400000980000016,90.0,107.88806403451747,-17.88806403451747,0.03489545664032728,1418.484499308692,-0.4370878598938746,0.14830647480836676,0.3199303743553162,-0.212890625
8.42000105599999,90.0,107.88806403451747,-17.88806403451747,0.03079232715661856,1419.8385320383159,-0.4370878598938746,0.14456000743784783,0.31957371224212644,-0.212890625
8.440000575999989,90.0,107.88806403451747,-17.88806403451747,0.026903194940823827,1421.121945669528,-0.4370878598938746,0.1408135400673289,0.3194310473968506,-0.212890625
8.460001060000025,90.0,107.24029825536434,-17.240298255364337,0.03541194051135066,1418.3140596312542,-0.42125995601471855,0.1372027404443456,0.3158583564587403,-0.208984375
8.480000988000029,90.0,107.24029825536434,-17.240298255364337,0.030372064513123187,1419.9772187106694,-0.42125995601471855,0.1335919408213623,0.31442928008349613,-0.208984375
8.500001285999986,90.0,106.59396683356363,-16.593966833563627,0.04198249025736833,1416.1457782150685,-0.4054671000973924,0.13011650853481324,0.31385764953339845,-0.208984375
8.520000955,90.0,106.59396683356363,-16.593966833563627,0.03300496825078025,1419.1083604772425,-0.4054671000973924,0.12664107624826415,0.3083555598133594,-0.203125
8.540000733999989,90.0,106.59396683356363,-16.593966833563627,0.027328700076215462,1420.981528974849,-0.4054671000973924,0.12316564396171509,0.3061547239253437,-0.203125
8.560000737999985,90.0,105.96547769048641,-15.965477690486411,0.038329820238089396,1417.3511593214305,-0.3901102132937632,0.11982184213348282,0.3052743895701375,-0.203125
8.58000083600001,90.0,105.96547769048641,-15.965477690486411,0.03463388466777467,1418.5708180596343,-0.3901102132937632,0.11647804030525057,0.30492225582805504,-0.203125
8.60000089700003,90.0,105.3481172480137,-15.348117248013693,0.04623419069251444,1414.7427170714702,-0.3750252519439581,0.11326353814573092,0.304781402331222,-0.203125
8.620001086999991,90.0,105.3481172480137,-15.348117248013693,0.035932097134261654,1418.1424079456935,-0.3750252519439581,0.11004903598621128,0.2976938109324888,-0.1953125
8.640000963000034,90.0,105.3481172480137,-15.348117248013693,0.029882558415248728,1420.138755722968,-0.3750252519439581,0.10683453382669165,0.2948587743729955,-0.1953125
8.660000986,90.0,104.74329991577139,-14.743299915771388,0.036796891980991175,1417.8570256462729,-0.3602467765948987,0.10374670431302109,0.2902091347491982,-0.19140625
8.680000825000036,90.0,104.74329991577139,-14.743299915771388,0.03184920661780166,1419.4897618161253,-0.3602467765948987,0.10065887479935053,0.28834927889967926,-0.19140625
8.700000793000015,90.0,104.15326192466034,-14.153261924660342,0.04243478268376066,1415.996521714359,-0.3458294286754616,0.09769462255356086,0.28760533655987175,-0.19140625
8.72000102100003,90.0,104.15326192466034,-14.153261924660342,0.03565732850204795,1418.2330815943242,-0.3458294286754616,0.09473037030777119,0.2837921346239487,-0.1875
8.740001137000036,90.0,104.15326192466034,-14.153261924660342,0.031167795481889027,1419.7146274909767,-0.3458294286754616,0.09176611806198151,0.28226685384957945,-0.1875
8.760001050000028,90.0,103.5811211347687,-13.581121134768694,0.03805784272235016,1417.4409119016245,-0.3318493918794631,0.08892169470301468,0.27814111653983176,-0.18359375
8.780000981,90.0,103.5811211347687,-13.581121134768694,0.03356312443948428,1418.92416893497,-0.3318493918794631,0.08607727134404786,0.2764908216159327,-0.18359375
8.80000106,90.0,103.02821227936533,-13.028212279365334,0.043568695097268406,1415.6223306179015,-0.3183392798931525,0.0833486489449637,0.2758307036463731,-0.18359375
8.820001101999992,90.0,103.02821227936533,-13.028212279365334,0.03354477551036039,1418.9302240815812,-0.3183392798931525,0.08062002654587953,0.26853540645854923,-0.17578125
8.840000810999982,90.0,103.02821227936533,-13.028212279365334,0.027898034236146674,1420.7936487020716,-0.3183392798931525,0.07789140414679538,0.2656172875834197,-0.17578125
8.860000946000014,90.0,102.4903956060565,-12.490395606056495,0.0318700671969174,1419.4828778250173,-0.3051979394832458,0.07527542180836756,0.25917660253336783,-0.169921875
8.880001413999992,90.0,102.4903956060565,-12.490395606056495,0.026677810838468874,1421.1963224233052,-0.3051979394832458,0.07265943946993975,0.25660032851334713,-0.169921875
8.90000065999999,90.0,101.97493299460848,-11.97493299460848,0.03562644652900737,1418.2432726454276,-0.29260281184627124,0.07015141536840028,0.25556981890533886,-0.169921875
8.92000107299998,90.0,101.97493299460848,-11.97493299460848,0.023917156084264563,1422.1073384921926,-0.29260281184627124,0.06764339126686081,0.24636855256213552,-0.16015625
8.940001058999997,90.0,101.97493299460848,-11.97493299460848,0.01772862544544379,1424.1495536030036,-0.29260281184627124,0.06513536716532135,0.24268804602485422,-0.16015625
8.960000750000006,90.0,101.47962679389605,-11.479626793896045,0.02409319984015801,1422.0492440527478,-0.280500198235105,0.0627310797518776,0.23945803090994167,-0.158203125
8.980000903000018,90.0,101.47962679389605,-11.479626793896045,0.020396906380749258,1423.2690208943527,-0.280500198235105,0.060326792338433834,0.2381660248639767,-0.158203125
9.00000083399999,90.0,100.99685930509531,-10.996859305095313,0.02927205163054014,1420.3402229619217,-0.2687039631534844,0.05802361551140397,0.2376492224455907,-0.158203125
9.020001136000019,90.0,100.99685930509531,-10.996859305095313,0.016215278836155894,1424.6489579840686,-0.2687039631534844,0.0557204386843741,0.2268956264782363,-0.146484375
9.040000974000009,90.0,100.99685930509531,-10.996859305095313,0.009610663622184212,1426.8284810046791,-0.2687039631534844,0.05341726185734423,0.2225941880912945,-0.146484375
9.060000831000025,90.0,100.54017666269851,-10.540176662698514,0.014987960985522464,1425.0539728747776,-0.25754510110833956,0.051209732419272756,0.21911580023651778,-0.14453125
9.08000085499998,90.0,100.54017666269851,-10.540176662698514,0.011389076405540322,1426.2416047861716,-0.25754510110833956,0.049002202981201275,0.21772444509460712,-0.14453125
9.100000934000036,90.0,100.10467784039969,-10.104677840399688,0.01926624858344564,1423.642137967463,-0.2469038574355985,0.04688588420318186,0.21716790303784286,-0.14453125
9.120000903000005,90.0,100.10467784039969,-10.104677840399688,0.009896062982720472,1426.7342992157023,-0.2469038574355985,0.04476956542516245,0.20991403621513713,-0.13671875
9.140000778000001,90.0,100.10467784039969,-10.104677840399688,0.004878197475618767,1428.3901948330458,-0.2469038574355985,0.04265324664714303,0.20701248948605483,-0.13671875
9.16000098699999,90.0,99.67930753623301,-9.679307536233011,0.008479392293052057,1427.2018005432928,-0.23651010014851293,0.04062601721729864,0.20233624579442194,-0.1328125
9.180001122000021,90.0,99.67930753623301,-9.679307536233011,0.004581665386554468,1428.488050422437,-0.23651010014851293,0.03859878778745424,0.20046574831776875,-0.1328125
9.200001052999994,90.0,99.2738127813916,-9.273812781391598,0.01171434296621865,1426.1342668211478,-0.2266019941483431,0.036656484980468446,0.1997175493271075,-0.1328125
9.220000669000001,90.0,99.2738127813916,-9.273812781391598,0.0006836980629683354,1429.7743796392206,-0.2266019941483431,0.03471418217348265,0.19062920723084298,-0.123046875
9.240001081999992,90.0,99.2738127813916,-9.273812781391598,-0.004893941582523237,1430.0,-0.2266019941483431,0.03471418217348265,0.1869938703923372,-0.123046875
9.260001106000004,90.0,98.89815589510675,-8.898155895106754,-0.0006846719850809035,1430.0,-0.21742296481549844,0.03471418217348265,0.18202411065693488,-0.119140625
9.280000981,90.0,98.89815589510675,-8.898155895106754,-0.002672575879241801,1430.0,-0.21742296481549844,0.03471418217348265,0.180036206762774,-0.119140625
9.30000091200003,90.0,98.53322178675279,-8.53322178675279,0.005449285004142768,1428.2017359486329,-0.20850594237444947,0.032926988381701654,0.17924104520510958,-0.119140625
9.320001084000012,90.0,98.53322178675279,-8.53322178675279,-0.00017159841070396586,1430.0,-0.20850594237444947,0.032926988381701654,0.17540735558204384,-0.115234375
9.340000849000035,90.0,98.53322178675279,-8.53322178675279,-0.0017050742599302726,1430.0,-0.20850594237444947,0.032926988381701654,0.17387387973281754,-0.115234375
9.36000076099998,90.0,98.18325166592956,-8.18325166592956,-0.0025561438508659717,1430.0,-0.19995455912569465,0.032926988381701654,0.16447142689312702,-0.10546875
9.380000878000033,90.0,98.18325166592956,-8.18325166592956,-0.006317124986742195,1430.0,-0.19995455912569465,0.032926988381701654,0.1607104457572508,-0.10546875
9.400000900999999,90.0,97.86254682939136,-7.862546829391363,1.4780013433801642e-05,1429.995122595567,-0.1921182616711682,0.03128026042452021,0.15920605330290033,-0.10546875
9.420000703000028,90.0,97.86254682939136,-7.862546829391363,-0.009264954925487845,1430.0,-0.1921182616711682,0.03128026042452021,0.15157304632116014,-0.09765625
9.440001171000006,90.0,97.86254682939136,-7.862546829391363,-0.012318157718183925,1430.0,-0.1921182616711682,0.03128026042452021,0.14851984352846406,-0.09765625
9.460001102000035,90.0,97.55591569688033,-7.555915696880334,-0.009562651843251335,1430.0,-0.18462584967915713,0.03128026042452021,0.1437829374113856,-0.09375
9.48000123700001,90.0,97.55591569688033,-7.555915696880334,-0.01145741429008268,1430.0,-0.18462584967915713,0.03128026042452021,0.14188817496455425,-0.09375
9.500001167999983,90.0,97.27381407207662,-7.273814072076618,-0.005322276219544481,1430.0,-0.17773280662988636,0.03128026042452021,0.14113026998582168,-0.09375
9.520001450999985,90.0,97.27381407207662,-7.273814072076618,-0.010898875711037509,1430.0,-0.17773280662988636,0.03128026042452021,0.13555367049432865,-0.087890625
9.540000937999991,90.0,97.27381407207662,-7.273814072076618,-0.013129515507634693,1430.0,-0.17773280662988636,0.03128026042452021,0.13332303069773146,-0.087890625
9.560001223000029,90.0,97.01274117983331,-7.012741179833313,-0.014673807245983495,1430.0,-0.1713535924495963,0.03128026042452021,0.1253995247790926,-0.080078125
9.580000657000028,90.0,97.01274117983331,-7.012741179833313,-0.017843209613439076,1430.0,-0.1713535924495963,0.03128026042452021,0.12223012241163703,-0.080078125
9.600001054000018,90.0,96.77174440541967,-6.771744405419668,-0.013222308480135503,1430.0,-0.1654649303693105,0.03128026042452021,0.1209623614646548,-0.080078125
9.620000877999985,90.0,96.77174440541967,-6.771744405419668,-0.024276287858928394,1430.0,-0.1654649303693105,0.03128026042452021,0.10990838208586191,-0.068359375
9.640001218999998,90.0,96.77174440541967,-6.771744405419668,-0.02869787961044555,1430.0,-0.1654649303693105,0.03128026042452021,0.10548679033434476,-0.068359375
9.660001080000029,90.0,96.55743225399567,-6.557432253995671,-0.03050332007391844,1430.0,-0.16022829663217655,0.03128026042452021,0.09844471613373791,-0.0625
9.680001014000027,90.0,96.55743225399567,-6.557432253995671,-0.0333201497541612,1430.0,-0.16022829663217655,0.03128026042452021,0.09562788645349515,-0.0625
9.700000985000031,90.0,96.36186846341985,-6.361868463419853,-0.02966835676573812,1430.0,-0.1554497717716564,0.03128026042452021,0.09450115458139807,-0.0625
9.720001049000018,90.0,96.36186846341985,-6.361868463419853,-0.033634674514576954,1430.0,-0.1554497717716564,0.03128026042452021,0.09053483683255924,-0.05859375
9.740001058000018,90.0,96.36186846341985,-6.361868463419853,-0.03522120161411249,1430.0,-0.1554497717716564,0.03128026042452021,0.0889483097330237,-0.05859375
9.760000806999983,90.0,96.18743454861806,-6.187434548618057,-0.03862483785731827,1430.0,-0.15118754717504795,0.03128026042452021,0.08128244889320949,-0.05078125
9.78000107500003,90.0,96.18743454861806,-6.187434548618057,-0.041691182193243956,1430.0,-0.15118754717504795,0.03128026042452021,0.0782161045572838,-0.05078125
9.800001064000014,90.0,96.02793539026766,-6.027935390267658,-0.039020420273290224,1430.0,-0.14729024752072395,0.03128026042452021,0.07698956682291352,-0.05078125
9.820000832000005,90.0,96.02793539026766,-6.027935390267658,-0.04654228536703835,1430.0,-0.14729024752072395,0.03128026042452021,0.0694677017291654,-0.04296875
9.840000618000033,90.0,96.02793539026766,-6.027935390267658,-0.04955103140453759,1430.0,-0.14729024752072395,0.03128026042452021,0.06645895569166616,-0.04296875
9.860001090000026,90.0,95.8985153864885,-5.898515386488498,-0.05638126506209154,1430.0,-0.1441279202632782,0.03128026042452021,0.056466394776666456,-0.033203125
9.88000083899999,90.0,95.8985153864885,-5.898515386488498,-0.06037828942809142,1430.0,-0.1441279202632782,0.03128026042452021,0.05246937041066658,-0.033203125
9.900000921000014,90.0,95.79527778529223,-5.795277785292228,-0.0594545287006613,1430.0,-0.14160534978944814,0.03128026042452021,0.05087056066426664,-0.033203125
9.920000910999988,90.0,95.79527778529223,-5.795277785292228,-0.06712530259922128,1430.0,-0.14160534978944814,0.03128026042452021,0.043199786765706655,-0.025390625
9.94000077100003,90.0,95.79527778529223,-5.795277785292228,-0.07019361215864528,1430.0,-0.14160534978944814,0.03128026042452021,0.04013147720628266,-0.025390625
9.960000872000023,90.0,95.7087245730122,-5.708724573012205,-0.07985291703696529,1430.0,-0.13949045584399855,0.03128026042452021,0.028357278382513063,-0.013671875
9.98000082499999,90.0,95.7087245730122,-5.708724573012205,-0.08456259656647312,1430.0,-0.13949045584399855,0.03128026042452021,0.023647598853005228,-0.013671875
10.00000107400001,90.0,95.65387454062807,-5.653874540628067,-0.08510622925437604,1430.0,-0.13815021672009833,0.03128026042452021,0.02176372704120209,-0.013671875
10.020000767999989,90.0,95.65387454062807,-5.653874540628067,-0.0893754029790973,1430.0,-0.13815021672009833,0.03128026042452021,0.017494553316480838,-0.009765625
10.040000795000026,90.0,95.65387454062807,-5.653874540628067,-0.0910830724689858,1430.0,-0.13815021672009833,0.03128026042452021,0.015786883826592334,-0.009765625
10.060000692000017,90.0,95.61404862725755,-5.614048627257546,-0.09958207212263973,1430.0,-0.13717708607779686,0.03128026042452021,0.006314753530636935,0.0
10.08000090400003,90.0,95.61404862725755,-5.614048627257546,-0.10337092424102189,1430.0,-0.13717708607779686,0.03128026042452021,0.002525901412254774,0.0
10.100001023999994,90.0,95.59871253241636,-5.598712532416357,-0.10451173359924713,1430.0,-0.13680235458866924,0.03128026042452021,0.0010103605649019096,0.0
10.120000661999995,90.0,95.59871253241636,-5.598712532416357,-0.10863357493818827,1430.0,-0.13680235458866924,0.03128026042452021,-0.003111480774039236,0.00390625
10.140000966999992,90.0,95.59871253241636,-5.598712532416357,-0.11028231147376473,1430.0,-0.13680235458866924,0.03128026042452021,-0.004760217309615695,0.00390625
10.160001141999999,90.0,95.59318529406971,-5.593185294069713,-0.11080675017722733,1430.0,-0.13666729867790126,0.03128026042452021,-0.005419711923846278,0.00390625
10.180000946000007,90.0,95.59318529406971,-5.593185294069713,-0.11107054802291956,1430.0,-0.13666729867790126,0.03128026042452021,-0.005683509769538511,0.00390625
10.200000733000024,90.0,95.58765807724319,-5.587658077243191,-0.11104101177626424,1430.0,-0.13653224329296904,0.03128026042452021,-0.005789028907815404,0.00390625
10.220000944999981,90.0,95.58765807724319,-5.587658077243191,-0.107567594431575,1430.0,-0.13653224329296904,0.03128026042452021,-0.002315611563126162,0.0
10.240000989999999,90.0,95.58765807724319,-5.587658077243191,-0.1061782274936993,1430.0,-0.13653224329296904,0.03128026042452021,-0.0009262446252504649,0.0
10.260000924999986,90.0,95.56841750213937,-5.5684175021393685,-0.10515234477879448,1430.0,-0.1360621073532145,0.03128026042452021,-0.000370497850100186,0.0
10.280000728999994,90.0,95.56841750213937,-5.5684175021393685,-0.10493004606873438,1430.0,-0.1360621073532145,0.03128026042452021,-0.0001481991400400744,0.0
10.300000960000034,90.0,95.54879855077769,-5.54879855077769,-0.10436174516884046,1430.0,-0.13558272593734463,0.03128026042452021,-5.927965601602977e-05,0.0
10.320000894000032,90.0,95.54879855077769,-5.54879855077769,-0.10256836487523084,1430.0,-0.13558272593734463,0.03128026042452021,0.0017341006375935879,-0.001953125
10.340000772999986,90.0,95.54879855077769,-5.54879855077769,-0.10185101275778699,1430.0,-0.13558272593734463,0.03128026042452021,0.002451452755037435,-0.001953125
10.360001096000019,90.0,95.52955751005072,-5.529557510050722,-0.10460954959373517,1430.0,-0.13511257862027035,0.03128026042452021,-0.0007772313979850259,0.001953125
10.38000088199999,90.0,95.52955751005072,-5.529557510050722,-0.10590102325494416,1430.0,-0.13511257862027035,0.03128026042452021,-0.0020687050591940105,0.001953125
10.400000965000004,90.0,95.51716301351433,-5.517163013514335,-0.10611475803626595,1430.0,-0.13480972393710855,0.03128026042452021,-0.002585294523677604,0.001953125
10.420001028999991,90.0,95.51716301351433,-5.517163013514335,-0.10632139382205939,1430.0,-0.13480972393710855,0.03128026042452021,-0.0027919303094710414,0.001953125
10.440000908000002,90.0,95.51716301351433,-5.517163013514335,-0.10640404813637677,1430.0,-0.13480972393710855,0.03128026042452021,-0.0028745846237884167,0.001953125
10.460000842,90.0,95.49660229374888,-5.49660229374888,-0.1059347167030218,1430.0,-0.13430733077802665,0.03128026042452021,-0.002907646349515367,0.001953125
10.480001221000009,90.0,95.49660229374888,-5.49660229374888,-0.1059479413933126,1430.0,-0.13430733077802665,0.03128026042452021,-0.002920871039806147,0.001953125
10.500000933000024,90.0,95.4773603802156,-5.4773603802156,-0.10548306262567322,1430.0,-0.13383716213427096,0.03128026042452021,-0.0029261609159224587,0.001953125
10.520001071000024,90.0,95.4773603802156,-5.4773603802156,-0.10372736607611975,1430.0,-0.13383716213427096,0.03128026042452021,-0.0011704643663689835,0.0
10.54000067200002,90.0,95.4773603802156,-5.4773603802156,-0.10302508745629836,1430.0,-0.13383716213427096,0.03128026042452021,-0.00046818574654759347,0.0
10.560000923000018,90.0,95.46068564627467,-5.460685646274669,-0.10409454789554119,1430.0,-0.13342972152144236,0.03128026042452021,-0.0019450867986190374,0.001953125
10.580000675000008,90.0,95.46068564627467,-5.460685646274669,-0.10468530831636978,1430.0,-0.13342972152144236,0.03128026042452021,-0.002535847219447615,0.001953125
10.600000946000023,90.0,95.4524992742273,-5.452499274227307,-0.10472158168027364,1430.0,-0.1332296907170148,0.03128026042452021,-0.0027721513877790463,0.001953125
10.620000976000028,90.0,95.4524992742273,-5.452499274227307,-0.10481610334760622,1430.0,-0.1332296907170148,0.03128026042452021,-0.0028666730551116185,0.001953125
10.640000895000014,90.0,95.4524992742273,-5.452499274227307,-0.10485391201453924,1430.0,-0.1332296907170148,0.03128026042452021,-0.002904481722044647,0.001953125
10.660001184999999,90.0,95.43753892965526,-5.437538929655261,-0.10274567280329136,1430.0,-0.1328641405389937,0.03128026042452021,-0.001161792688817859,0.0
10.680000844000006,90.0,95.43753892965526,-5.437538929655261,-0.10204859719000064,1430.0,-0.1328641405389937,0.03128026042452021,-0.0004647170755271436,0.0
10.700000725999985,90.0,95.41820619071655,-5.418206190716546,-0.10129737901761161,1430.0,-0.13239175261192096,0.03128026042452021,-0.00018588683021085746,0.0
10.720001145000026,90.0,95.41820619071655,-5.418206190716546,-0.1011858469194851,1430.0,-0.13239175261192096,0.03128026042452021,-7.435473208434299e-05,0.0
10.740001397000015,90.0,95.41820619071655,-5.418206190716546,-0.1011412340802345,1430.0,-0.13239175261192096,0.03128026042452021,-2.97418928337372e-05,0.0
10.760000853000008,90.0,95.4100192867694,-5.410019286769398,-0.10268115764334307,1430.0,-0.13219170881072978,0.03128026042452021,-0.001769709257133495,0.001953125
10.780001069000036,90.0,95.4100192867694,-5.410019286769398,-0.10337714458906298,1430.0,-0.13219170881072978,0.03128026042452021,-0.002465696202853398,0.001953125
10.80000065400003,90.0,95.39896466632024,-5.398964666320239,-0.10338542403319641,1430.0,-0.13192159347657526,0.03128026042452021,-0.0027440909811413594,0.001953125
10.820001277000017,90.0,95.39896466632024,-5.398964666320239,-0.10173896944451159,1430.0,-0.13192159347657526,0.03128026042452021,-0.0010976363924565437,0.0
10.840000900000007,90.0,95.39896466632024,-5.398964666320239,-0.10108038760903768,1430.0,-0.13192159347657526,0.03128026042452021,-0.0004390545569826175,0.0
10.860000893000006,90.0,95.38525018886963,-5.385250188869634,-0.10048184697346307,1430.0,-0.13158648557519023,0.03128026042452021,-0.000175621822793047,0.0
10.880000940999992,90.0,95.38525018886963,-5.385250188869634,-0.10037647387978725,1430.0,-0.13158648557519023,0.03128026042452021,-7.024872911721881e-05,0.0
10.900001100999987,90.0,95.3770629734347,-5.377062973434704,-0.10013427323004345,1430.0,-0.13138643416291676,0.03128026042452021,-2.8099491646887525e-05,0.0
10.920001001999992,90.0,95.3770629734347,-5.377062973434704,-0.09835960103505531,1430.0,-0.13138643416291676,0.03128026042452021,0.001746572703341245,-0.001953125
10.940000753999982,90.0,95.3770629734347,-5.377062973434704,-0.09764973215706006,1430.0,-0.13138643416291676,0.03128026042452021,0.002456441581336498,-0.001953125
10.960001062000003,90.0,95.3699146000763,-5.369914600076299,-0.09719111689408955,1430.0,-0.13121176645114435,0.03128026042452021,0.002740389132534599,-0.001953125
10.98000096200002,90.0,95.3699146000763,-5.369914600076299,-0.09707753787361031,1430.0,-0.13121176645114435,0.03128026042452021,0.0028539681530138396,-0.001953125
11.000001010999995,90.0,95.35744745381493,-5.3574474538149275,-0.0967274764145945,1430.0,-0.13090713660032025,0.03128026042452021,0.002899399761205536,-0.001953125
11.020000911000011,90.0,95.35744745381493,-5.3574474538149275,-0.09846711627131784,1430.0,-0.13090713660032025,0.03128026042452021,0.0011597599044822144,0.0
11.040001071000006,90.0,95.35744745381493,-5.3574474538149275,-0.09916297221400716,1430.0,-0.13090713660032025,0.03128026042452021,0.0004639039617928858,0.0
11.060001081999985,90.0,95.34926080646676,-5.349260806466759,-0.09924127705978762,1430.0,-0.13070709906902497,0.03128026042452021,0.0001855615847171543,0.0
11.080000815999995,90.0,95.34926080646676,-5.349260806466759,-0.09935261401061792,1430.0,-0.13070709906902497,0.03128026042452021,7.422463388686173e-05,0.0
11.100000754000007,90.0,95.3398257147274,-5.3398257147273975,-0.09916660600843862,1430.0,-0.13047655628651356,0.03128026042452021,2.9689853554744693e-05,0.0
11.12000071,90.0,95.3398257147274,-5.3398257147273975,-0.09918441992057146,1430.0,-0.13047655628651356,0.03128026042452021,1.1875941421897878e-05,0.0
11.140001110000014,90.0,95.3398257147274,-5.3398257147273975,-0.0991915454854246,1430.0,-0.13047655628651356,0.03128026042452021,4.750376568759152e-06,0.0
11.160000825999987,90.0,95.33554614529004,-5.335546145290039,-0.10084763860321638,1430.0,-0.13037198667836408,0.03128026042452021,-0.0017559123493724963,0.001953125
11.180001133000019,90.0,95.33554614529004,-5.335546145290039,-0.10155190369359288,1430.0,-0.13037198667836408,0.03128026042452021,-0.0024601774397489985,0.001953125
11.200000700000032,90.0,95.33031503018174,-5.330315030181738,-0.10170578947467651,1430.0,-0.13024416642329711,0.03128026042452021,-0.0027418834758995993,0.001953125
11.22000084199999,90.0,95.33031503018174,-5.330315030181738,-0.10006065938913675,1430.0,-0.13024416642329711,0.03128026042452021,-0.0010967533903598397,0.0
11.240001224000025,90.0,95.33031503018174,-5.330315030181738,-0.09940260735492085,1430.0,-0.13024416642329711,0.03128026042452021,-0.00043870135614393596,0.0
11.260000993999995,90.0,95.33001816929027,-5.33001816929027,-0.09737432036126736,1430.0,-0.13023691274333,0.03128026042452021,0.0015823319575424257,-0.001953125
11.280001432000006,90.0,95.33001816929027,-5.33001816929027,-0.09656590703579282,1430.0,-0.13023691274333,0.03128026042452021,0.00239074528301697,-0.001953125
11.300001295000015,90.0,95.3191725756356,-5.319172575635605,-0.0959775338595528,1430.0,-0.12997190489727978,0.03128026042452021,0.002714110613206788,-0.001953125
11.320000843999992,90.0,95.3191725756356,-5.319172575635605,-0.09936381272747687,1430.0,-0.12997190489727978,0.03128026042452021,-0.0006721682547172847,0.001953125
11.34000109599998,90.0,95.3191725756356,-5.319172575635605,-0.10071832427464648,1430.0,-0.12997190489727978,0.03128026042452021,-0.0020266798018869136,0.001953125
11.360001033999993,90.0,95.3191725756356,-5.319172575635605,-0.09950231639351434,1430.0,-0.12997190489727978,0.03128026042452021,-0.0008106719207547654,0.0
11.380001026999992,90.0,95.3191725756356,-5.319172575635605,-0.09901591324106149,1430.0,-0.12997190489727978,0.03128026042452021,-0.0003242687683019062,0.0
11.400000798000008,90.0,95.31792342464053,-5.317923424640526,-0.09879082946327415,1430.0,-0.1299413823804736,0.03128026042452021,-0.00012970750732076248,0.0
11.420000845999994,90.0,95.31792342464053,-5.317923424640526,-0.09871300495888169,1430.0,-0.1299413823804736,0.03128026042452021,-5.1883002928304996e-05,0.0
11.440001042999995,90.0,95.31792342464053,-5.317923424640526,-0.09868187515712472,1430.0,-0.1299413823804736,0.03128026042452021,-2.0753201171321998e-05,0.0
11.460000925000031,90.0,95.31364441971118,-5.313644419711181,-0.09856486742180537,1430.0,-0.12983682656585704,0.03128026042452021,-8.3012804685288e-06,0.0
11.480001344000016,90.0,95.31364441971118,-5.313644419711181,-0.09855988665352425,1430.0,-0.12983682656585704,0.03128026042452021,-3.3205121874115204e-06,0.0
11.500001521999991,90.0,95.3097361373716,-5.309736137371601,-0.09846239699331928,1430.0,-0.12974132921296452,0.03128026042452021,-1.3282048749646083e-06,0.0
11.520001126000011,90.0,95.3097361373716,-5.309736137371601,-0.09670378757039431,1430.0,-0.12974132921296452,0.03128026042452021,0.001757281218050014,-0.001953125
11.540001174999986,90.0,95.3097361373716,-5.309736137371601,-0.09600034380122431,1430.0,-0.12974132921296452,0.03128026042452021,0.0024607249872200055,-0.001953125
11.560001836000026,90.0,95.30944115464331,-5.309441154643309,-0.097469571005773,1430.0,-0.1297341214251812,0.03128026042452021,0.0009842899948880024,0.0
11.580000869999992,90.0,95.30944115464331,-5.309441154643309,-0.0980601450027058,1430.0,-0.1297341214251812,0.03128026042452021,0.0003937159979552009,0.0
11.600001013999986,90.0,95.30125389182172,-5.301253891821716,-0.09809632203133085,1430.0,-0.12953406885503313,0.03128026042452021,0.00015748639918208038,0.0
11.62000101000001,90.0,95.30125389182172,-5.301253891821716,-0.0999486263708401,1430.0,-0.12953406885503313,0.03128026042452021,-0.0016948179403271676,0.001953125
11.640000877000034,90.0,95.30125389182172,-5.301253891821716,-0.1006895481066438,1430.0,-0.12953406885503313,0.03128026042452021,-0.0024357396761308667,0.001953125
11.660000835999995,90.0,95.30125389182172,-5.301253891821716,-0.10098591680096528,1430.0,-0.12953406885503313,0.03128026042452021,-0.0027321083704523468,0.001953125
11.680000628000016,90.0,95.30125389182172,-5.301253891821716,-0.10110446427869386,1430.0,-0.12953406885503313,0.03128026042452021,-0.0028506558481809384,0.001953125
11.70000075400003,90.0,95.3000057034921,-5.300005703492104,-0.10112138427533393,1430.0,-0.12950356986058176,0.03128026042452021,-0.0028980748392723756,0.001953125
11.72000082400001,90.0,95.3000057034921,-5.300005703492104,-0.1011403518717705,1430.0,-0.12950356986058176,0.03128026042452021,-0.00291704243570895,0.001953125
11.740000913000017,90.0,95.3000057034921,-5.300005703492104,-0.10114793891034514,1430.0,-0.12950356986058176,0.03128026042452021,-0.00292462947428358,0.001953125
11.760000982999998,90.0,95.29572629054701,-5.295726290547009,-0.09753078294145286,1430.0,-0.12939900407625962,0.03128026042452021,0.0005879607102865677,-0.001953125
11.780000997999991,90.0,95.29572629054701,-5.295726290547009,-0.09612574686762479,1430.0,-0.12939900407625962,0.03128026042452021,0.001992996784114627,-0.001953125
11.800000994000015,90.0,95.29868011016492,-5.2986801101649235,-0.09739372036707324,1430.0,-0.1294711795052393,0.03128026042452021,0.0007971987136458509,0.0
11.82000102699999,90.0,95.29868011016492,-5.2986801101649235,-0.09787203959526075,1430.0,-0.1294711795052393,0.03128026042452021,0.0003188794854583404,0.0
11.84000106000002,90.0,95.29868011016492,-5.2986801101649235,-0.09806336728653575,1430.0,-0.1294711795052393,0.03128026042452021,0.00012755179418333617,0.0
11.860000834000004,90.0,95.29153198234656,-5.291531982346555,-0.09796523665094824,1430.0,-0.12929651779314177,0.03128026042452021,5.1020717673334466e-05,0.0
11.880001034000031,90.0,95.29153198234656,-5.291531982346555,-0.09799584908155223,1430.0,-0.12929651779314177,0.03128026042452021,2.040828706933379e-05,0.0
11.900001086000032,90.0,95.29153198234656,-5.291531982346555,-0.09976590655379385,1430.0,-0.12929651779314177,0.03128026042452021,-0.0017496491851722662,0.001953125
11.920000730000027,90.0,95.29153198234656,-5.291531982346555,-0.10047392954269048,1430.0,-0.12929651779314177,0.03128026042452021,-0.0024576721740689066,0.001953125
11.940000948000034,90.0,95.29153198234656,-5.291531982346555,-0.10075713873824914,1430.0,-0.12929651779314177,0.03128026042452021,-0.0027408813696275626,0.001953125
11.96000094499999,90.0,95.29706006402273,-5.29706006402273,-0.0974898739336684,1430.0,-0.12943159431033757,0.03128026042452021,0.0006614599521489748,-0.001953125
11.980001070000014,90.0,95.29706006402273,-5.29706006402273,-0.09612893740495779,1430.0,-0.12943159431033757,0.03128026042452021,0.00202239648085959,-0.001953125
12.000000752000005,90.0,95.29153198234656,-5.291531982346555,-0.09544948627627774,1430.0,-0.12929651779314177,0.03128026042452021,0.002566771092343836,-0.001953125
12.020001154999989,90.0,95.29153198234656,-5.291531982346555,-0.09523173643168403,1430.0,-0.12929651779314177,0.03128026042452021,0.002784520936937534,-0.001953125
12.040001318000009,90.0,95.29153198234656,-5.291531982346555,-0.09514463649384657,1430.0,-0.12929651779314177,0.03128026042452021,0.002871620874775014,-0.001953125
12.06000111100002,90.0,95.28467740678718,-5.284677406787183,-0.09670012014143868,1430.0,-0.1291290289158689,0.03128026042452021,0.0011486483499100054,0.0
12.080001014000004,90.0,95.28467740678718,-5.284677406787183,-0.09738930915138469,1430.0,-0.1291290289158689,0.03128026042452021,0.0004594593399640022,0.0
12.100001083999985,90.0,95.2803981512638,-5.280398151263796,-0.09931823531757893,1430.0,-0.12902446697808473,0.03128026042452021,-0.0015740287640143992,0.001953125
12.120000858000026,90.0,95.2803981512638,-5.280398151263796,-0.10013163055917029,1430.0,-0.12902446697808473,0.03128026042452021,-0.0023874240056057597,0.001953125
12.14000074300003,90.0,95.2803981512638,-5.280398151263796,-0.10045698865580684,1430.0,-0.12902446697808473,0.03128026042452021,-0.002712782102242304,0.001953125
12.160001276999992,90.0,95.28172427864735,-5.281724278647346,-0.0971039102992628,1430.0,-0.12905687038288607,0.03128026042452021,0.0006726996591030782,-0.001953125
12.180001273000016,90.0,95.28172427864735,-5.281724278647346,-0.09574971759472464,1430.0,-0.12905687038288607,0.03128026042452021,0.0020268923636412315,-0.001953125
12.200000787000022,90.0,95.27353731212224,-5.273537312122244,-0.09500799518265032,1430.0,-0.12885682505262702,0.03128026042452021,0.0025685694454564926,-0.001953125
12.220001080000031,90.0,95.27353731212224,-5.273537312122244,-0.09479132434992422,1430.0,-0.12885682505262702,0.03128026042452021,0.0027852402781825968,-0.001953125
12.24000083499999,90.0,95.27353731212224,-5.273537312122244,-0.09470465601683378,1430.0,-0.12885682505262702,0.03128026042452021,0.0028719086112730385,-0.001953125
12.260000831000013,90.0,95.27649032594263,-5.276490325942632,-0.09649995692322937,1430.0,-0.12892898079225878,0.03128026042452021,0.0011487634445092156,0.0
12.280000809,90.0,95.27649032594263,-5.276490325942632,-0.0971892149899349,1430.0,-0.12892898079225878,0.03128026042452021,0.00045950537780368626,0.0
12.300000823999994,90.0,95.28172427864735,-5.281724278647346,-0.0993506203072444,1430.0,-0.12905687038288607,0.03128026042452021,-0.0015740103488785253,0.001953125
12.320000875000005,90.0,95.28172427864735,-5.281724278647346,-0.10016402659791729,1430.0,-0.12905687038288607,0.03128026042452021,-0.00238741663955141,0.001953125
12.340000889999999,90.0,95.28172427864735,-5.281724278647346,-0.10048938911418644,1430.0,-0.12905687038288607,0.03128026042452021,-0.002712779155820564,0.001953125
12.360000979000006,90.0,95.27524104369184,-5.275241043691835,-0.0969454938060784,1430.0,-0.12889845506827038,0.03128026042452021,0.0006727008376717742,-0.001953125
12.380000808000034,90.0,95.27524104369184,-5.275241043691835,-0.09559130180868147,1430.0,-0.12889845506827038,0.03128026042452021,0.0020268928350687097,-0.001953125
12.400001082000017,90.0,95.26800897330884,-5.268008973308838,-0.09663072469383574,1430.0,-0.12872174225238342,0.03128026042452021,0.0008107571340274839,0.0
12.420000744999982,90.0,95.26800897330884,-5.268008973308838,-0.09711717897425222,1430.0,-0.12872174225238342,0.03128026042452021,0.0003243028536109936,0.0
12.440000833999989,90.0,95.26800897330884,-5.268008973308838,-0.09731176068641882,1430.0,-0.12872174225238342,0.03128026042452021,0.00012972114144439744,0.0
12.46000073700003,90.0,95.26676031564546,-5.266760315645456,-0.09735908290884666,1430.0,-0.12869123178994463,0.03128026042452021,5.1888456577758974e-05,0.0
12.480001436999999,90.0,95.26676031564546,-5.266760315645456,-0.09739021598279332,1430.0,-0.12869123178994463,0.03128026042452021,2.075538263110359e-05,0.0
12.500001174000033,90.0,95.25857276750025,-5.2585727675002545,-0.09896042217045295,1430.0,-0.1284911722480256,0.03128026042452021,-0.0017495103469475585,0.001953125
12.52000115200002,90.0,95.25857276750025,-5.2585727675002545,-0.09966852846228441,1430.0,-0.1284911722480256,0.03128026042452021,-0.0024576166387790233,0.001953125
12.540001037000025,90.0,95.25857276750025,-5.2585727675002545,-0.099951770979017,1430.0,-0.1284911722480256,0.03128026042452021,-0.0027408591555116092,0.001953125
12.560000978999994,90.0,95.26152005178892,-5.261520051788921,-0.09662145872647135,1430.0,-0.1285631879887869,0.03128026042452021,0.0006614688377953561,-0.001953125
12.580000848999987,90.0,95.26152005178892,-5.261520051788921,-0.09526052752914857,1430.0,-0.1285631879887869,0.03128026042452021,0.0020224000351181425,-0.001953125
12.600000737000016,90.0,95.25990073953471,-5.259900739534714,-0.09643440028758415,1430.0,-0.12852362072615162,0.03128026042452021,0.000808960014047257,0.0
12.620000680000032,90.0,95.25990073953471,-5.259900739534714,-0.09691977629601252,1430.0,-0.12852362072615162,0.03128026042452021,0.00032358400561890283,0.0
12.640000754000027,90.0,95.25990073953471,-5.259900739534714,-0.09711392669938386,1430.0,-0.12852362072615162,0.03128026042452021,0.00012943360224756113,0.0
12.660000920000016,90.0,95.26676031564546,-5.266760315645456,-0.0991170104245254,1430.0,-0.12869123178994463,0.03128026042452021,-0.0017060390591009753,0.001953125
12.680000807999988,90.0,95.26676031564546,-5.266760315645456,-0.09985119948906482,1430.0,-0.12869123178994463,0.03128026042452021,-0.0024402281236403905,0.001953125
12.700001213999997,90.0,95.26676031564546,-5.266760315645456,-0.10014487511488059,1430.0,-0.12869123178994463,0.03128026042452021,-0.002733903749456156,0.001953125
12.720001028000013,90.0,95.26676031564546,-5.266760315645456,-0.1002623453652069,1430.0,-0.12869123178994463,0.03128026042452021,-0.0028513739997824625,0.001953125
12.740000823999992,90.0,95.26513958431678,-5.265139584316785,-0.10026973152817167,1430.0,-0.1286516298527789,0.03128026042452021,-0.002898362099912985,0.001953125
12.760000934000004,90.0,95.26513958431678,-5.265139584316785,-0.09853071426822388,1430.0,-0.1286516298527789,0.03128026042452021,-0.001159344839965194,0.0
12.780001026000036,90.0,95.26513958431678,-5.265139584316785,-0.09783510736424476,1430.0,-0.1286516298527789,0.03128026042452021,-0.0004637379359860777,0.0
12.800001247000012,90.0,95.26513958431678,-5.265139584316785,-0.09931467710265313,1430.0,-0.1286516298527789,0.03128026042452021,-0.0019433076743944312,0.001953125
12.820001005999984,90.0,95.26513958431678,-5.265139584316785,-0.09990650499801647,1430.0,-0.1286516298527789,0.03128026042452021,-0.002535135569757772,0.001953125
12.84000107899999,90.0,95.26809150433849,-5.268091504338486,-0.1002153651692497,1430.0,-0.1287237588658668,0.03128026042452021,-0.002771866727903109,0.001953125
12.86000070800003,90.0,95.26809150433849,-5.268091504338486,-0.10031005763250783,1430.0,-0.1287237588658668,0.03128026042452021,-0.0028665591911612434,0.001953125
12.880000929000005,90.0,95.26809150433849,-5.268091504338486,-0.10034793461781108,1430.0,-0.1287237588658668,0.03128026042452021,-0.0029044361764644974,0.001953125
12.900000836000004,90.0,95.26646987110712,-5.26646987110712,-0.10208127393712647,1430.0,-0.12868413489106087,0.03128026042452021,-0.004677399470585799,0.00390625
12.920000705999996,90.0,95.26646987110712,-5.26646987110712,-0.102790459254775,1430.0,-0.12868413489106087,0.03128026042452021,-0.00538658478823432,0.00390625
12.940001074999998,90.0,95.26809150433849,-5.268091504338486,-0.10311375735664031,1430.0,-0.1287237588658668,0.03128026042452021,-0.005670258915293727,0.00390625
12.960000981999997,90.0,95.26809150433849,-5.268091504338486,-0.09971160200746408,1430.0,-0.1287237588658668,0.03128026042452021,-0.002268103566117491,0.0
12.980001074000029,90.0,95.26809150433849,-5.268091504338486,-0.09835073986779358,1430.0,-0.1287237588658668,0.03128026042452021,-0.0009072414264469965,0.0
13.000000647000036,90.0,95.27362012059149,-5.273620120591488,-0.09794148459129721,1430.0,-0.12885884844523862,0.03128026042452021,-0.00036289657057879865,0.0
13.020000793999998,90.0,95.27362012059149,-5.273620120591488,-0.09772374664894994,1430.0,-0.12885884844523862,0.03128026042452021,-0.00014515862823151945,0.0
13.040000959999986,90.0,95.26248065245045,-5.262480652450449,-0.09736446291763604,1430.0,-0.12858665989086362,0.03128026042452021,-5.806345129260779e-05,0.0
13.060000719000016,90.0,95.26248065245045,-5.262480652450449,-0.09732962484686046,1430.0,-0.12858665989086362,0.03128026042452021,-2.322538051704312e-05,0.0
13.080001106999987,90.0,95.26248065245045,-5.262480652450449,-0.09731568961855024,1430.0,-0.12858665989086362,0.03128026042452021,-9.290152206817248e-06,0.0
13.100000809999983,90.0,95.26381163731384,-5.263811637313836,-0.09734263762265058,1430.0,-0.12861918198628805,0.03128026042452021,-3.7160608827268996e-06,0.0
13.120000994000009,90.0,95.26381163731384,-5.263811637313836,-0.09734040798612094,1430.0,-0.12861918198628805,0.03128026042452021,-1.48642435309076e-06,0.0
13.140001012000027,90.0,95.25990415502883,-5.259904155028835,-0.09724403832763782,1430.0,-0.1285237041824168,0.03128026042452021,-5.94569741236304e-07,0.0
13.160000807000017,90.0,95.25990415502883,-5.259904155028835,-0.09724368158579308,1430.0,-0.1285237041824168,0.03128026042452021,-2.378278964945216e-07,0.0
13.180001065999988,90.0,95.25990415502883,-5.259904155028835,-0.0972435388890552,1430.0,-0.1285237041824168,0.03128026042452021,-9.513115859780865e-08,0.0
13.20000119399998,90.0,95.25990415502883,-5.259904155028835,-0.09724348181036004,1430.0,-0.1285237041824168,0.03128026042452021,-3.805246343912347e-08,0.0
13.220001045999993,90.0,95.25990415502883,-5.259904155028835,-0.09724345897888197,1430.0,-0.1285237041824168,0.03128026042452021,-1.5220985375649387e-08,0.0
13.240000673999987,90.0,95.25695234940434,-5.256952349404344,-0.09717132362845396,1430.0,-0.12845157796458,0.03128026042452021,-6.088394150259755e-09,0.0
13.260000933000015,90.0,95.25695234940434,-5.256952349404344,-0.09717131997541748,1430.0,-0.12845157796458,0.03128026042452021,-2.4353576601039022e-09,0.0
13.280000710000024,90.0,95.25695234940434,-5.256952349404344,-0.09717131851420287,1430.0,-0.12845157796458,0.03128026042452021,-9.74143064041561e-10,0.0
13.300000802,90.0,95.25695234940434,-5.256952349404344,-0.09717131792971703,1430.0,-0.12845157796458,0.03128026042452021,-3.896572256166244e-10,0.0
13.320000763999985,90.0,95.25695234940434,-5.256952349404344,-0.0971713176959227,1430.0,-0.12845157796458,0.03128026042452021,-1.5586289024664977e-10,0.0
13.340000763000035,90.0,95.25695234940434,-5.256952349404344,-0.09717131760240497,1430.0,-0.12845157796458,0.03128026042452021,-6.23451560986599e-11,0.0
13.360001039999986,90.0,95.25695234940434,-5.256952349404344,-0.09717131756499787,1430.0,-0.12845157796458,0.03128026042452021,-2.493806243946396e-11,0.0
13.38000076100002,90.0,95.25695234940434,-5.256952349404344,-0.09717131755003504,1430.0,-0.12845157796458,0.03128026042452021,-9.975224975785585e-12,0.0
13.400000686999988,90.0,95.25267286730838,-5.252672867308377,-0.09706675007005322,1430.0,-0.12834701049058334,0.03128026042452021,-3.9900899903142345e-12,0.0
13.420000797,90.0,95.25267286730838,-5.252672867308377,-0.09706675006765918,1430.0,-0.12834701049058334,0.03128026042452021,-1.5960359961256939e-12,0.0
13.440000833,90.0,95.25267286730838,-5.252672867308377,-0.09706675006670155,1430.0,-0.12834701049058334,0.03128026042452021,-6.384143984502775e-13,0.0
13.460000684000022,90.0,95.25267286730838,-5.252672867308377,-0.0970667500663185,1430.0,-0.12834701049058334,0.03128026042452021,-2.5536575938011104e-13,0.0
13.480001461000029,90.0,95.25267286730838,-5.252672867308377,-0.09706675006616527,1430.0,-0.12834701049058334,0.03128026042452021,-1.0214630375204442e-13,0.0
13.500001497000028,90.0,95.25267286730838,-5.252672867308377,-0.09706675006610399,1430.0,-0.12834701049058334,0.03128026042452021,-4.085852150081777e-14,0.0
13.520001163000018,90.0,95.25267286730838,-5.252672867308377,-0.09706675006607948,1430.0,-0.12834701049058334,0.03128026042452021,-1.6343408600327107e-14,0.0
13.540000958999997,90.0,95.24618801072222,-5.246188010722221,-0.09690829512754241,1430.0,-0.12818855555205608,0.03128026042452021,-6.537363440130843e-15,0.0
13.56000127499999,90.0,95.24618801072222,-5.246188010722221,-0.09690829512753849,1430.0,-0.12818855555205608,0.03128026042452021,-2.6149453760523378e-15,0.0
13.580000925000036,90.0,95.24618801072222,-5.246188010722221,-0.09690829512753692,1430.0,-0.12818855555205608,0.03128026042452021,-1.045978150420935e-15,0.0
13.600000668000007,90.0,95.24618801072222,-5.246188010722221,-0.09690829512753629,1430.0,-0.12818855555205608,0.03128026042452021,-4.1839126016837403e-16,0.0
13.620000947999984,90.0,95.24618801072222,-5.246188010722221,-0.09690829512753604,1430.0,-0.12818855555205608,0.03128026042452021,-1.6735650406734963e-16,0.0
13.64000106100002,90.0,95.24618801072222,-5.246188010722221,-0.09690829512753595,1430.0,-0.12818855555205608,0.03128026042452021,-6.694260162693986e-17,0.0
13.660001026000032,90.0,95.24618801072222,-5.246188010722221,-0.0969082951275359,1430.0,-0.12818855555205608,0.03128026042452021,-2.6777040650775947e-17,0.0
13.680001010000012,90.0,95.24618801072222,-5.246188010722221,-0.09690829512753589,1430.0,-0.12818855555205608,0.03128026042452021,-1.071081626031038e-17,0.0
13.70000078999999,90.0,95.24618801072222,-5.246188010722221,-0.09690829512753588,1430.0,-0.12818855555205608,0.03128026042452021,-4.284326504124152e-18,0.0
13.72000101499998,90.0,95.24618801072222,-5.246188010722221,-0.09690829512753588,1430.0,-0.12818855555205608,0.03128026042452021,-1.7137306016496608e-18,0.0
13.74000097999999,90.0,95.24618801072222,-5.246188010722221,-0.09690829512753588,1430.0,-0.12818855555205608,0.03128026042452021,-6.854922406598644e-19,0.0
13.760000870999988,90.0,95.24618801072222,-5.246188010722221,-0.09690829512753588,1430.0,-0.12818855555205608,0.03128026042452021,-2.7419689626394574e-19,0.0
13.780000984000026,90.0,95.24618801072222,-5.246188010722221,-0.09690829512753588,1430.0,-0.12818855555205608,0.03128026042452021,-1.096787585055783e-19,0.0
13.800001005000013,90.0,95.24618801072222,-5.246188010722221,-0.09690829512753588,1430.0,-0.12818855555205608,0.03128026042452021,-4.387150340223132e-20,0.0
13.820000840000034,90.0,95.24618801072222,-5.246188010722221,-0.09690829512753588,1430.0,-0.12818855555205608,0.03128026042452021,-1.754860136089253e-20,0.0
13.84000099100001,90.0,95.24323672218605,-5.2432367221860545,-0.0968361815445504,1430.0,-0.1281164419690706,0.03128026042452021,-7.019440544357012e-21,0.0
13.860000882000008,90.0,95.24323672218605,-5.2432367221860545,-0.0968361815445504,1430.0,-0.1281164419690706,0.03128026042452021,-2.807776217742805e-21,0.0
13.880001143000015,90.0,95.24323672218605,-5.2432367221860545,-0.0968361815445504,1430.0,-0.1281164419690706,0.03128026042452021,-1.1231104870971221e-21,0.0
13.900000922999993,90.0,95.23895742134079,-5.2389574213407855,-0.09673161849934375,1430.0,-0.12801187892386395,0.03128026042452021,-4.492441948388489e-22,0.0
13.920000721999997,90.0,95.23895742134079,-5.2389574213407855,-0.09673161849934375,1430.0,-0.12801187892386395,0.03128026042452021,-1.7969767793553957e-22,0.0
13.940001112999994,90.0,95.24190870987701,-5.241908709877009,-0.09680373208233062,1430.0,-0.12808399250685082,0.03128026042452021,-7.187907117421584e-23,0.0
13.960000856000022,90.0,95.24190870987701,-5.241908709877009,-0.09680373208233062,1430.0,-0.12808399250685082,0.03128026042452021,-2.8751628469686335e-23,0.0
13.980000931999996,90.0,95.24190870987701,-5.241908709877009,-0.09680373208233062,1430.0,-0.12808399250685082,0.03128026042452021,-1.1500651387874533e-23,0.0
14.000001193999992,90.0,95.24190870987701,-5.241908709877009,-0.09680373208233062,1430.0,-0.12808399250685082,0.03128026042452021,-4.600260555149814e-24,0.0
14.020000974000027,90.0,95.24190870987701,-5.241908709877009,-0.09680373208233062,1430.0,-0.12808399250685082,0.03128026042452021,-1.8401042220599256e-24,0.0
14.040001067999981,90.0,95.24448599965058,-5.244485999650578,-0.09686670715158807,1430.0,-0.12814696757610827,0.03128026042452021,-7.360416888239702e-25,0.0
14.060000774000002,90.0,95.24448599965058,-5.244485999650578,-0.09686670715158807,1430.0,-0.12814696757610827,0.03128026042452021,-2.944166755295881e-25,0.0
14.080000869000003,90.0,95.24448599965058,-5.244485999650578,-0.09686670715158807,1430.0,-0.12814696757610827,0.03128026042452021,-1.1776667021183525e-25,0.0
14.100001168000006,90.0,95.24448599965058,-5.244485999650578,-0.09686670715158807,1430.0,-0.12814696757610827,0.03128026042452021,-4.7106668084734103e-26,0.0
14.120000947999984,90.0,95.24448599965058,-5.244485999650578,-0.09686670715158807,1430.0,-0.12814696757610827,0.03128026042452021,-1.8842667233893643e-26,0.0
14.14000107999999,90.0,95.24743769081118,-5.247437690811182,-0.09693883057254443,1430.0,-0.12821909099706463,0.03128026042452021,-7.537066893557458e-27,0.0
14.160000840999999,90.0,95.24743769081118,-5.247437690811182,-0.09693883057254443,1430.0,-0.12821909099706463,0.03128026042452021,-3.0148267574229832e-27,0.0
14.180001157999982,90.0,95.24743769081118,-5.247437690811182,-0.09693883057254443,1430.0,-0.12821909099706463,0.03128026042452021,-1.2059307029691933e-27,0.0
14.200001105000013,90.0,95.24352940316987,-5.243529403169874,-0.09684333309010626,1430.0,-0.12812359351462646,0.03128026042452021,-4.823722811876773e-28,0.0
14.220000680999988,90.0,95.24352940316987,-5.243529403169874,-0.09684333309010626,1430.0,-0.12812359351462646,0.03128026042452021,-1.9294891247507093e-28,0.0
14.240000850000001,90.0,95.24352940316987,-5.243529403169874,-0.09684333309010626,1430.0,-0.12812359351462646,0.03128026042452021,-7.717956499002838e-29,0.0
14.260000870999988,90.0,95.24352940316987,-5.243529403169874,-0.09684333309010626,1430.0,-0.12812359351462646,0.03128026042452021,-3.0871825996011356e-29,0.0
14.280001077000009,90.0,95.24352940316987,-5.243529403169874,-0.09684333309010626,1430.0,-0.12812359351462646,0.03128026042452021,-1.2348730398404542e-29,0.0
14.300000838000017,90.0,95.24610630802317,-5.246106308023173,-0.09690629875398724,1430.0,-0.12818655917850744,0.03128026042452021,-4.9394921593618164e-30,0.0
14.320000821999997,90.0,95.24610630802317,-5.246106308023173,-0.09690629875398724,1430.0,-0.12818655917850744,0.03128026042452021,-1.9757968637447267e-30,0.0
14.340000731000032,90.0,95.24610630802317,-5.246106308023173,-0.09690629875398724,1430.0,-0.12818655917850744,0.03128026042452021,-7.903187454978907e-31,0.0
14.360001011000008,90.0,95.24610630802317,-5.246106308023173,-0.09690629875398724,1430.0,-0.12818655917850744,0.03128026042452021,-3.1612749819915634e-31,0.0
14.380001051000022,90.0,95.24610630802317,-5.246106308023173,-0.09690629875398724,1430.0,-0.12818655917850744,0.03128026042452021,-1.2645099927966253e-31,0.0
14.400000775000024,90.0,95.24610630802317,-5.246106308023173,-0.09690629875398724,1430.0,-0.12818655917850744,0.03128026042452021,-5.058039971186502e-32,0.0
14.42000079600001,90.0,95.24610630802317,-5.246106308023173,-0.09690629875398724,1430.0,-0.12818655917850744,0.03128026042452021,-2.023215988474601e-32,0.0
14.440000965000024,90.0,95.24610630802317,-5.246106308023173,-0.09690629875398724,1430.0,-0.12818655917850744,0.03128026042452021,-8.092863953898404e-33,0.0
14.460001059000035,90.0,95.24610630802317,-5.246106308023173,-0.09690629875398724,1430.0,-0.12818655917850744,0.03128026042452021,-3.237145581559362e-33,0.0
14.480000913000026,90.0,95.24610630802317,-5.246106308023173,-0.09690629875398724,1430.0,-0.12818655917850744,0.03128026042452021,-1.2948582326237448e-33,0.0
14.500001249000036,90.0,95.24610630802317,-5.246106308023173,-0.09690629875398724,1430.0,-0.12818655917850744,0.03128026042452021,-5.17943293049498e-34,0.0
14.520001455,90.0,95.24610630802317,-5.246106308023173,-0.09690629875398724,1430.0,-0.12818655917850744,0.03128026042452021,-2.071773172197992e-34,0.0
14.540001198000027,90.0,95.24610630802317,-5.246106308023173,-0.09690629875398724,1430.0,-0.12818655917850744,0.03128026042452021,-8.287092688791968e-35,0.0
14.560001165000017,90.0,95.24610630802317,-5.246106308023173,-0.09690629875398724,1430.0,-0.12818655917850744,0.03128026042452021,-3.314837075516788e-35,0.0
14.580000762999987,90.0,95.24610630802317,-5.246106308023173,-0.09690629875398724,1430.0,-0.12818655917850744,0.03128026042452021,-1.325934830206715e-35,0.0
14.600000990000012,90.0,95.24352940316987,-5.243529403169874,-0.09684333309010626,1430.0,-0.12812359351462646,0.03128026042452021,-5.3037393208268594e-36,0.0
14.620001347000027,90.0,95.24352940316987,-5.243529403169874,-0.09684333309010626,1430.0,-0.12812359351462646,0.03128026042452021,-2.121495728330744e-36,0.0
14.640001186000006,90.0,95.24352940316987,-5.243529403169874,-0.09684333309010626,1430.0,-0.12812359351462646,0.03128026042452021,-8.485982913322977e-37,0.0
14.66000083900002,90.0,95.24352940316987,-5.243529403169874,-0.09684333309010626,1430.0,-0.12812359351462646,0.03128026042452021,-3.394393165329191e-37,0.0
14.68000067700001,90.0,95.24352940316987,-5.243529403169874,-0.09684333309010626,1430.0,-0.12812359351462646,0.03128026042452021,-1.3577572661316764e-37,0.0
14.700000794000005,90.0,95.24352940316987,-5.243529403169874,-0.09684333309010626,1430.0,-0.12812359351462646,0.03128026042452021,-5.431029064526706e-38,0.0
14.720000688000027,90.0,95.24352940316987,-5.243529403169874,-0.09684333309010626,1430.0,-0.12812359351462646,0.03128026042452021,-2.1724116258106822e-38,0.0
14.740001063000022,90.0,95.24352940316987,-5.243529403169874,-0.09684333309010626,1430.0,-0.12812359351462646,0.03128026042452021,-8.689646503242729e-39,0.0
14.760000790999982,90.0,95.24352940316987,-5.243529403169874,-0.09684333309010626,1430.0,-0.12812359351462646,0.03128026042452021,-3.475858601297092e-39,0.0
14.780001055000014,90.0,95.24352940316987,-5.243529403169874,-0.09684333309010626,1430.0,-0.12812359351462646,0.03128026042452021,-1.3903434405188368e-39,0.0
14.800001079000026,90.0,95.24352940316987,-5.243529403169874,-0.09684333309010626,1430.0,-0.12812359351462646,0.03128026042452021,-5.561373762075347e-40,0.0
14.820001009999999,90.0,95.24352940316987,-5.243529403169874,-0.09684333309010626,1430.0,-0.12812359351462646,0.03128026042452021,-2.224549504830139e-40,0.0
14.840000737000025,90.0,95.24182779937405,-5.24182779937405,-0.09680175506578412,1430.0,-0.12808201549030432,0.03128026042452021,-8.898198019320558e-41,0.0
14.860001093999983,90.0,95.24182779937405,-5.24182779937405,-0.09680175506578412,1430.0,-0.12808201549030432,0.03128026042452021,-3.5592792077282227e-41,0.0
14.880000970000026,90.0,95.24182779937405,-5.24182779937405,-0.09680175506578412,1430.0,-0.12808201549030432,0.03128026042452021,-1.4237116830912893e-41,0.0
14.900000696999996,90.0,95.24182779937405,-5.24182779937405,-0.09680175506578412,1430.0,-0.12808201549030432,0.03128026042452021,-5.694846732365157e-42,0.0
14.920000979999998,90.0,95.24182779937405,-5.24182779937405,-0.09680175506578412,1430.0,-0.12808201549030432,0.03128026042452021,-2.277938692946063e-42,0.0
14.940000837000014,90.0,95.23791910901576,-5.237919109015763,-0.09670624774311382,1430.0,-0.12798650816763402,0.03128026042452021,-9.111754771784254e-43,0.0
14.960001028000022,90.0,95.23791910901576,-5.237919109015763,-0.09670624774311382,1430.0,-0.12798650816763402,0.03128026042452021,-3.644701908713702e-43,0.0
14.980001440000024,90.0,95.23791910901576,-5.237919109015763,-0.09670624774311382,1430.0,-0.12798650816763402,0.03128026042452021,-1.4578807634854809e-43,0.0
15.000001094000027,90.0,95.23791910901576,-5.237919109015763,-0.09670624774311382,1430.0,-0.12798650816763402,0.03128026042452021,-5.831523053941924e-44,0.0
15.020001173000026,90.0,95.23791910901576,-5.237919109015763,-0.09670624774311382,1430.0,-0.12798650816763402,0.03128026042452021,-2.3326092215767697e-44,0.0
15.040000862999989,90.0,95.23791910901576,-5.237919109015763,-0.09670624774311382,1430.0,-0.12798650816763402,0.03128026042452021,-9.330436886307079e-45,0.0
15.060001053000008,90.0,95.23791910901576,-5.237919109015763,-0.09670624774311382,1430.0,-0.12798650816763402,0.03128026042452021,-3.732174754522832e-45,0.0
15.08000107700002,90.0,95.23791910901576,-5.237919109015763,-0.09670624774311382,1430.0,-0.12798650816763402,0.03128026042452021,-1.492869901809133e-45,0.0
15.100001082000006,90.0,95.23791910901576,-5.237919109015763,-0.09670624774311382,1430.0,-0.12798650816763402,0.03128026042452021,-5.971479607236532e-46,0.0
15.120000865000009,90.0,95.23791910901576,-5.237919109015763,-0.09670624774311382,1430.0,-0.12798650816763402,0.03128026042452021,-2.388591842894613e-46,0.0
15.140000944999997,90.0,95.23791910901576,-5.237919109015763,-0.09670624774311382,1430.0,-0.12798650816763402,0.03128026042452021,-9.554367371578452e-47,0.0
15.16000074599998,90.0,95.23791910901576,-5.237919109015763,-0.09670624774311382,1430.0,-0.12798650816763402,0.03128026042452021,-3.821746948631381e-47,0.0
15.180001140000002,90.0,95.23791910901576,-5.237919109015763,-0.09670624774311382,1430.0,-0.12798650816763402,0.03128026042452021,-1.5286987794525525e-47,0.0
15.200000942000031,90.0,95.23791910901576,-5.237919109015763,-0.09670624774311382,1430.0,-0.12798650816763402,0.03128026042452021,-6.11479511781021e-48,0.0
15.220000854000034,90.0,95.23791910901576,-5.237919109015763,-0.09670624774311382,1430.0,-0.12798650816763402,0.03128026042452021,-2.4459180471240842e-48,0.0
15.24000098900001,90.0,95.23791910901576,-5.237919109015763,-0.09670624774311382,1430.0,-0.12798650816763402,0.03128026042452021,-9.783672188496337e-49,0.0
15.260000846000025,90.0,95.23791910901576,-5.237919109015763,-0.09670624774311382,1430.0,-0.12798650816763402,0.03128026042452021,-3.913468875398535e-49,0.0
15.280000906999987,90.0,95.23791910901576,-5.237919109015763,-0.09670624774311382,1430.0,-0.12798650816763402,0.03128026042452021,-1.565387550159414e-49,0.0
15.30000093000001,90.0,95.23791910901576,-5.237919109015763,-0.09670624774311382,1430.0,-0.12798650816763402,0.03128026042452021,-6.261550200637656e-50,0.0
15.320001047000005,90.0,95.23791910901576,-5.237919109015763,-0.09670624774311382,1430.0,-0.12798650816763402,0.03128026042452021,-2.5046200802550625e-50,0.0
15.340000755999995,90.0,95.23791910901576,-5.237919109015763,-0.09670624774311382,1430.0,-0.12798650816763402,0.03128026042452021,-1.0018480321020251e-50,0.0
15.360001093999983,90.0,95.23791910901576,-5.237919109015763,-0.09670624774311382,1430.0,-0.12798650816763402,0.03128026042452021,-4.0073921284081006e-51,0.0
15.380001080999989,90.0,95.23791910901576,-5.237919109015763,-0.09670624774311382,1430.0,-0.12798650816763402,0.03128026042452021,-1.6029568513632402e-51,0.0
15.400000900999999,90.0,95.23791910901576,-5.237919109015763,-0.09670624774311382,1430.0,-0.12798650816763402,0.03128026042452021,-6.411827405452962e-52,0.0
15.420000961000028,90.0,95.23791910901576,-5.237919109015763,-0.09670624774311382,1430.0,-0.12798650816763402,0.03128026042452021,-2.564730962181185e-52,0.0
15.440000911000027,90.0,95.23534200056031,-5.235342000560309,-0.09664327710429368,1430.0,-0.12792353752881389,0.03128026042452021,-1.0258923848724741e-52,0.0
15.460001100999989,90.0,95.23534200056031,-5.235342000560309,-0.09664327710429368,1430.0,-0.12792353752881389,0.03128026042452021,-4.1035695394898967e-53,0.0
15.480001273000028,90.0,95.23534200056031,-5.235342000560309,-0.09664327710429368,1430.0,-0.12792353752881389,0.03128026042452021,-1.6414278157959588e-53,0.0
15.500001166999994,90.0,95.23534200056031,-5.235342000560309,-0.09664327710429368,1430.0,-0.12792353752881389,0.03128026042452021,-6.565711263183836e-54,0.0
15.520000969000023,90.0,95.23534200056031,-5.235342000560309,-0.09664327710429368,1430.0,-0.12792353752881389,0.03128026042452021,-2.6262845052735345e-54,0.0
15.540001085000029,90.0,95.23239053852774,-5.2323905385277385,-0.09657115928199134,1430.0,-0.12785141970651154,0.03128026042452021,-1.050513802109414e-54,0.0
15.56000088799999,90.0,95.23239053852774,-5.2323905385277385,-0.09657115928199134,1430.0,-0.12785141970651154,0.03128026042452021,-4.202055208437656e-55,0.0
15.580001229999993,90.0,95.23239053852774,-5.2323905385277385,-0.09657115928199134,1430.0,-0.12785141970651154,0.03128026042452021,-1.6808220833750626e-55,0.0
15.600001182000028,90.0,95.23239053852774,-5.2323905385277385,-0.09657115928199134,1430.0,-0.12785141970651154,0.03128026042452021,-6.723288333500251e-56,0.0
15.620000930999993,90.0,95.23239053852774,-5.2323905385277385,-0.09657115928199134,1430.0,-0.12785141970651154,0.03128026042452021,-2.689315333400101e-56,0.0
15.640001013000017,90.0,95.23239053852774,-5.2323905385277385,-0.09657115928199134,1430.0,-0.12785141970651154,0.03128026042452021,-1.0757261333600403e-56,0.0
15.660000725000032,90.0,95.23239053852774,-5.2323905385277385,-0.09657115928199134,1430.0,-0.12785141970651154,0.03128026042452021,-4.302904533440161e-57,0.0
15.680000936999988,90.0,95.23239053852774,-5.2323905385277385,-0.09657115928199134,1430.0,-0.12785141970651154,0.03128026042452021,-1.7211618133760646e-57,0.0
15.700001037999982,90.0,95.23239053852774,-5.2323905385277385,-0.09657115928199134,1430.0,-0.12785141970651154,0.03128026042452021,-6.884647253504259e-58,0.0
15.720001045999993,90.0,95.23239053852774,-5.2323905385277385,-0.09657115928199134,1430.0,-0.12785141970651154,0.03128026042452021,-2.7538589014017037e-58,0.0
15.740001016999997,90.0,95.23239053852774,-5.2323905385277385,-0.09657115928199134,1430.0,-0.12785141970651154,0.03128026042452021,-1.1015435605606815e-58,0.0
15.760001062000015,90.0,95.23239053852774,-5.2323905385277385,-0.09657115928199134,1430.0,-0.12785141970651154,0.03128026042452021,-4.406174242242726e-59,0.0
15.780001013999993,90.0,95.23239053852774,-5.2323905385277385,-0.09657115928199134,1430.0,-0.12785141970651154,0.03128026042452021,-1.7624696968970907e-59,0.0
15.80000107799998,90.0,95.23239053852774,-5.2323905385277385,-0.09657115928199134,1430.0,-0.12785141970651154,0.03128026042452021,-7.049878787588363e-60,0.0
15.820000901000014,90.0,95.23239053852774,-5.2323905385277385,-0.09657115928199134,1430.0,-0.12785141970651154,0.03128026042452021,-2.819951515035346e-60,0.0
15.840001019999988,90.0,95.23239053852774,-5.2323905385277385,-0.09657115928199134,1430.0,-0.12785141970651154,0.03128026042452021,-1.1279806060141383e-60,0.0
15.860000676000027,90.0,95.23239053852774,-5.2323905385277385,-0.09657115928199134,1430.0,-0.12785141970651154,0.03128026042452021,-4.511922424056553e-61,0.0
15.88000118399998,90.0,95.23239053852774,-5.2323905385277385,-0.09657115928199134,1430.0,-0.12785141970651154,0.03128026042452021,-1.8047689696226212e-61,0.0
15.900000878000014,90.0,95.23239053852774,-5.2323905385277385,-0.09657115928199134,1430.0,-0.12785141970651154,0.03128026042452021,-7.219075878490486e-62,0.0
15.920000682000023,90.0,95.23239053852774,-5.2323905385277385,-0.09657115928199134,1430.0,-0.12785141970651154,0.03128026042452021,-2.8876303513961947e-62,0.0
15.940000930999986,90.0,95.22981304515622,-5.22981304515622,-0.09650817923789748,1430.0,-0.12778843966241768,0.03128026042452021,-1.1550521405584778e-62,0.0
15.960001234999993,90.0,95.22981304515622,-5.22981304515622,-0.09650817923789748,1430.0,-0.12778843966241768,0.03128026042452021,-4.6202085622339115e-63,0.0
15.980000947000008,90.0,95.22981304515622,-5.22981304515622,-0.09650817923789748,1430.0,-0.12778843966241768,0.03128026042452021,-1.8480834248935648e-63,0.0
16.000000659000023,90.0,95.23372162091715,-5.2337216209171515,-0.09660368376042613,1430.0,-0.12788394418494634,0.03128026042452021,-7.39233369957426e-64,0.0
16.020000760000016,90.0,95.23372162091715,-5.2337216209171515,-0.09660368376042613,1430.0,-0.12788394418494634,0.03128026042452021,-2.956933479829704e-64,0.0
16.040000897000027,90.0,95.23372162091715,-5.2337216209171515,-0.09660368376042613,1430.0,-0.12788394418494634,0.03128026042452021,-1.1827733919318817e-64,0.0
16.06000077599998,90.0,95.23372162091715,-5.2337216209171515,-0.09660368376042613,1430.0,-0.12788394418494634,0.03128026042452021,-4.731093567727528e-65,0.0
16.08000080200003,90.0,95.23372162091715,-5.2337216209171515,-0.09660368376042613,1430.0,-0.12788394418494634,0.03128026042452021,-1.8924374270910111e-65,0.0
16.100000866000016,90.0,95.23077044693747,-5.23077044693747,-0.09653157297658366,1430.0,-0.12781183340110386,0.03128026042452021,-7.569749708364046e-66,0.0
16.120000930000003,90.0,95.23077044693747,-5.23077044693747,-0.09653157297658366,1430.0,-0.12781183340110386,0.03128026042452021,-3.0278998833456183e-66,0.0
16.14000088199998,90.0,95.23077044693747,-5.23077044693747,-0.09653157297658366,1430.0,-0.12781183340110386,0.03128026042452021,-1.2111599533382473e-66,0.0
16.16000111200003,90.0,95.23077044693747,-5.23077044693747,-0.09653157297658366,1430.0,-0.12781183340110386,0.03128026042452021,-4.844639813352989e-67,0.0
16.180001157999982,90.0,95.23077044693747,-5.23077044693747,-0.09653157297658366,1430.0,-0.12781183340110386,0.03128026042452021,-1.937855925341196e-67,0.0
16.200000794999994,90.0,95.23077044693747,-5.23077044693747,-0.09653157297658366,1430.0,-0.12781183340110386,0.03128026042452021,-7.751423701364784e-68,0.0
16.220000877000018,90.0,95.23077044693747,-5.23077044693747,-0.09653157297658366,1430.0,-0.12781183340110386,0.03128026042452021,-3.1005694805459137e-68,0.0
16.240000829999985,90.0,95.23077044693747,-5.23077044693747,-0.09653157297658366,1430.0,-0.12781183340110386,0.03128026042452021,-1.2402277922183656e-68,0.0
16.260000708000007,90.0,95.23077044693747,-5.23077044693747,-0.09653157297658366,1430.0,-0.12781183340110386,0.03128026042452021,-4.960911168873462e-69,0.0
16.28000093899999,90.0,95.23077044693747,-5.23077044693747,-0.09653157297658366,1430.0,-0.12781183340110386,0.03128026042452021,-1.9843644675493848e-69,0.0
16.300001038999994,90.0,95.23077044693747,-5.23077044693747,-0.09653157297658366,1430.0,-0.12781183340110386,0.03128026042452021,-7.93745787019754e-70,0.0
16.320000935999985,90.0,95.23077044693747,-5.23077044693747,-0.09653157297658366,1430.0,-0.12781183340110386,0.03128026042452021,-3.174983148079016e-70,0.0
16.34000100000003,90.0,95.23077044693747,-5.23077044693747,-0.09653157297658366,1430.0,-0.12781183340110386,0.03128026042452021,-1.2699932592316065e-70,0.0
16.360001064000016,90.0,95.23077044693747,-5.23077044693747,-0.09653157297658366,1430.0,-0.12781183340110386,0.03128026042452021,-5.079973036926426e-71,0.0
16.380000924,90.0,95.23077044693747,-5.23077044693747,-0.09653157297658366,1430.0,-0.12781183340110386,0.03128026042452021,-2.0319892147705706e-71,0.0
16.40000104300003,90.0,95.23077044693747,-5.23077044693747,-0.09653157297658366,1430.0,-0.12781183340110386,0.03128026042452021,-8.127956859082283e-72,0.0
16.420000846999983,90.0,95.23077044693747,-5.23077044693747,-0.09653157297658366,1430.0,-0.12781183340110386,0.03128026042452021,-3.251182743632913e-72,0.0
16.440000817999987,90.0,95.23077044693747,-5.23077044693747,-0.09653157297658366,1430.0,-0.12781183340110386,0.03128026042452021,-1.3004730974531652e-72,0.0
16.460000825999998,90.0,95.23077044693747,-5.23077044693747,-0.09653157297658366,1430.0,-0.12781183340110386,0.03128026042452021,-5.2018923898126613e-73,0.0
16.480001575000017,90.0,95.23077044693747,-5.23077044693747,-0.09653157297658366,1430.0,-0.12781183340110386,0.03128026042452021,-2.0807569559250646e-73,0.0
16.500001583000028,90.0,95.23077044693747,-5.23077044693747,-0.09653157297658366,1430.0,-0.12781183340110386,0.03128026042452021,-8.323027823700258e-74,0.0
16.520000814000014,90.0,95.23077044693747,-5.23077044693747,-0.09653157297658366,1430.0,-0.12781183340110386,0.03128026042452021,-3.329211129480104e-74,0.0
16.54000085900003,90.0,95.23077044693747,-5.23077044693747,-0.09653157297658366,1430.0,-0.12781183340110386,0.03128026042452021,-1.3316844517920416e-74,0.0
16.560001072000034,90.0,95.23077044693747,-5.23077044693747,-0.09653157297658366,1430.0,-0.12781183340110386,0.03128026042452021,-5.326737807168167e-75,0.0
16.580000971999993,90.0,95.23077044693747,-5.23077044693747,-0.09653157297658366,1430.0,-0.12781183340110386,0.03128026042452021,-2.130695122867267e-75,0.0
16.600000909000016,90.0,95.23077044693747,-5.23077044693747,-0.09653157297658366,1430.0,-0.12781183340110386,0.03128026042452021,-8.522780491469068e-76,0.0
16.62000119800001,90.0,95.23077044693747,-5.23077044693747,-0.09653157297658366,1430.0,-0.12781183340110386,0.03128026042452021,-3.4091121965876276e-76,0.0
16.64000082000001,90.0,95.23077044693747,-5.23077044693747,-0.09653157297658366,1430.0,-0.12781183340110386,0.03128026042452021,-1.3636448786350511e-76,0.0
16.660001109000007,90.0,95.23077044693747,-5.23077044693747,-0.09653157297658366,1430.0,-0.12781183340110386,0.03128026042452021,-5.454579514540205e-77,0.0
16.680000989999996,90.0,95.23077044693747,-5.23077044693747,-0.09653157297658366,1430.0,-0.12781183340110386,0.03128026042452021,-2.181831805816082e-77,0.0
16.700000741999986,90.0,95.23504936278664,-5.23504936278664,-0.09663612661456095,1430.0,-0.12791638703908115,0.03128026042452021,-8.72732722326433e-78,0.0
16.720000992999985,90.0,95.23504936278664,-5.23504936278664,-0.09663612661456095,1430.0,-0.12791638703908115,0.03128026042452021,-3.490930889305732e-78,0.0
16.740000726000005,90.0,95.23504936278664,-5.23504936278664,-0.09663612661456095,1430.0,-0.12791638703908115,0.03128026042452021,-1.3963723557222928e-78,0.0
16.760000719000004,90.0,95.23504936278664,-5.23504936278664,-0.09663612661456095,1430.0,-0.12791638703908115,0.03128026042452021,-5.585489422889172e-79,0.0
16.780000693000034,90.0,95.23504936278664,-5.23504936278664,-0.09663612661456095,1430.0,-0.12791638703908115,0.03128026042452021,-2.2341957691556687e-79,0.0
16.800000796000006,90.0,95.23504936278664,-5.23504936278664,-0.09663612661456095,1430.0,-0.12791638703908115,0.03128026042452021,-8.936783076622674e-80,0.0
16.820000714999992,90.0,95.23504936278664,-5.23504936278664,-0.09663612661456095,1430.0,-0.12791638703908115,0.03128026042452021,-3.57471323064907e-80,0.0
16.840001002999998,90.0,95.24190870987701,-5.241908709877009,-0.09680373208233062,1430.0,-0.12808399250685082,0.03128026042452021,-1.429885292259628e-80,0.0
16.860000903000014,90.0,95.24190870987701,-5.241908709877009,-0.09680373208233062,1430.0,-0.12808399250685082,0.03128026042452021,-5.719541169038513e-81,0.0
16.880001247999985,90.0,95.24190870987701,-5.241908709877009,-0.09680373208233062,1430.0,-0.12808399250685082,0.03128026042452021,-2.287816467615405e-81,0.0
16.900001073,90.0,95.24190870987701,-5.241908709877009,-0.09680373208233062,1430.0,-0.12808399250685082,0.03128026042452021,-9.151265870461621e-82,0.0
16.92000101000002,90.0,95.24190870987701,-5.241908709877009,-0.09680373208233062,1430.0,-0.12808399250685082,0.03128026042452021,-3.6605063481846486e-82,0.0
16.940001077000034,90.0,95.24618801072222,-5.246188010722221,-0.09690829512753588,1430.0,-0.12818855555205608,0.03128026042452021,-1.4642025392738596e-82,0.0
16.96000075400002,90.0,95.24618801072222,-5.246188010722221,-0.09690829512753588,1430.0,-0.12818855555205608,0.03128026042452021,-5.8568101570954386e-83,0.0
16.980000914000016,90.0,95.24618801072222,-5.246188010722221,-0.09690829512753588,1430.0,-0.12818855555205608,0.03128026042452021,-2.3427240628381754e-83,0.0
17.000001091,90.0,95.24618801072222,-5.246188010722221,-0.09690829512753588,1430.0,-0.12818855555205608,0.03128026042452021,-9.370896251352702e-84,0.0
17.020001175999994,90.0,95.24618801072222,-5.246188010722221,-0.09690829512753588,1430.0,-0.12818855555205608,0.03128026042452021,-3.7483585005410814e-84,0.0
17.040000854000027,90.0,95.24618801072222,-5.246188010722221,-0.09690829512753588,1430.0,-0.12818855555205608,0.03128026042452021,-1.4993434002164325e-84,0.0
17.060000772000024,90.0,95.24618801072222,-5.246188010722221,-0.09690829512753588,1430.0,-0.12818855555205608,0.03128026042452021,-5.99737360086573e-85,0.0
17.080000912999992,90.0,95.24618801072222,-5.246188010722221,-0.09690829512753588,1430.0,-0.12818855555205608,0.03128026042452021,-2.3989494403462923e-85,0.0
17.100000979000015,90.0,95.24190870987701,-5.241908709877009,-0.09680373208233062,1430.0,-0.12808399250685082,0.03128026042452021,-9.595797761385171e-86,0.0
17.120000823999987,90.0,95.24190870987701,-5.241908709877009,-0.09680373208233062,1430.0,-0.12808399250685082,0.03128026042452021,-3.838319104554068e-86,0.0
17.140000797000027,90.0,95.24190870987701,-5.241908709877009,-0.09680373208233062,1430.0,-0.12808399250685082,0.03128026042452021,-1.5353276418216275e-86,0.0
17.160000808000007,90.0,95.24190870987701,-5.241908709877009,-0.09680373208233062,1430.0,-0.12808399250685082,0.03128026042452021,-6.1413105672865105e-87,0.0
17.180001042000015,90.0,95.24190870987701,-5.241908709877009,-0.09680373208233062,1430.0,-0.12808399250685082,0.03128026042452021,-2.456524226914604e-87,0.0
17.20000109,90.0,95.24190870987701,-5.241908709877009,-0.09680373208233062,1430.0,-0.12808399250685082,0.03128026042452021,-9.826096907658417e-88,0.0
17.220001119000017,90.0,95.24190870987701,-5.241908709877009,-0.09680373208233062,1430.0,-0.12808399250685082,0.03128026042452021,-3.930438763063367e-88,0.0
17.240000778000024,90.0,95.24618801072222,-5.246188010722221,-0.09690829512753588,1430.0,-0.12818855555205608,0.03128026042452021,-1.572175505225347e-88,0.0
17.260001104000025,90.0,95.24618801072222,-5.246188010722221,-0.09690829512753588,1430.0,-0.12818855555205608,0.03128026042452021,-6.288702020901388e-89,0.0
17.280001115000005,90.0,95.24618801072222,-5.246188010722221,-0.09690829512753588,1430.0,-0.12818855555205608,0.03128026042452021,-2.5154808083605553e-89,0.0
17.30000116299999,90.0,95.24618801072222,-5.246188010722221,-0.09690829512753588,1430.0,-0.12818855555205608,0.03128026042452021,-1.0061923233442221e-89,0.0
17.320001063000007,90.0,95.24618801072222,-5.246188010722221,-0.09690829512753588,1430.0,-0.12818855555205608,0.03128026042452021,-4.0247692933768886e-90,0.0
17.340001092000023,90.0,95.24618801072222,-5.246188010722221,-0.09690829512753588,1430.0,-0.12818855555205608,0.03128026042452021,-1.6099077173507555e-90,0.0
17.360000677000016,90.0,95.24618801072222,-5.246188010722221,-0.09690829512753588,1430.0,-0.12818855555205608,0.03128026042452021,-6.439630869403022e-91,0.0
17.38000111399998,90.0,95.24618801072222,-5.246188010722221,-0.09690829512753588,1430.0,-0.12818855555205608,0.03128026042452021,-2.5758523477612093e-91,0.0
17.400000792000014,90.0,95.24618801072222,-5.246188010722221,-0.09690829512753588,1430.0,-0.12818855555205608,0.03128026042452021,-1.0303409391044836e-91,0.0
17.420000988000027,90.0,95.24618801072222,-5.246188010722221,-0.09690829512753588,1430.0,-0.12818855555205608,0.03128026042452021,-4.121363756417935e-92,0.0
17.44000120300001,90.0,95.24618801072222,-5.246188010722221,-0.09690829512753588,1430.0,-0.12818855555205608,0.03128026042452021,-1.6485455025671743e-92,0.0
17.460000732000026,90.0,95.24618801072222,-5.246188010722221,-0.09690829512753588,1430.0,-0.12818855555205608,0.03128026042452021,-6.5941820102686964e-93,0.0
17.480001464999987,90.0,95.24618801072222,-5.246188010722221,-0.09690829512753588,1430.0,-0.12818855555205608,0.03128026042452021,-2.637672804107479e-93,0.0
17.50000138400003,90.0,95.24618801072222,-5.246188010722221,-0.09690829512753588,1430.0,-0.12818855555205608,0.03128026042452021,-1.0550691216429915e-93,0.0
17.520000839000033,90.0,95.24618801072222,-5.246188010722221,-0.09690829512753588,1430.0,-0.12818855555205608,0.03128026042452021,-4.2202764865719666e-94,0.0
17.54000123899999,90.0,95.24876509682207,-5.248765096822069,-0.09697126522010549,1430.0,-0.1282515256446257,0.03128026042452021,-1.6881105946287866e-94,0.0
17.56000182600002,90.0,95.24876509682207,-5.248765096822069,-0.09697126522010549,1430.0,-0.1282515256446257,0.03128026042452021,-6.752442378515147e-95,0.0
17.58000080200003,90.0,95.24876509682207,-5.248765096822069,-0.09697126522010549,1430.0,-0.1282515256446257,0.03128026042452021,-2.7009769514060592e-95,0.0
17.600000685999987,90.0,95.25267286730838,-5.252672867308377,-0.09706675006606313,1430.0,-0.12834701049058334,0.03128026042452021,-1.0803907805624238e-95,0.0
17.62000082999998,90.0,95.25267286730838,-5.252672867308377,-0.09706675006606313,1430.0,-0.12834701049058334,0.03128026042452021,-4.321563122249695e-96,0.0
17.640000621000013,90.0,95.25267286730838,-5.252672867308377,-0.09706675006606313,1430.0,-0.12834701049058334,0.03128026042452021,-1.728625248899878e-96,0.0
17.66000061699998,90.0,95.25267286730838,-5.252672867308377,-0.09706675006606313,1430.0,-0.12834701049058334,0.03128026042452021,-6.914500995599513e-97,0.0
17.680000704999998,90.0,95.25267286730838,-5.252672867308377,-0.09706675006606313,1430.0,-0.12834701049058334,0.03128026042452021,-2.7658003982398053e-97,0.0
17.700000700000032,90.0,95.25267286730838,-5.252672867308377,-0.09706675006606313,1430.0,-0.12834701049058334,0.03128026042452021,-1.1063201592959222e-97,0.0
17.72000108399999,90.0,95.25267286730838,-5.252672867308377,-0.09706675006606313,1430.0,-0.12834701049058334,0.03128026042452021,-4.425280637183689e-98,0.0
17.740001079000024,90.0,95.25695234940434,-5.256952349404344,-0.09717131754005981,1430.0,-0.12845157796458,0.03128026042452021,-1.770112254873476e-98,0.0
17.760001223000017,90.0,95.25695234940434,-5.256952349404344,-0.09717131754005981,1430.0,-0.12845157796458,0.03128026042452021,-7.080449019493903e-99,0.0
17.780001125000013,90.0,95.25695234940434,-5.256952349404344,-0.09717131754005981,1430.0,-0.12845157796458,0.03128026042452021,-2.8321796077975614e-99,0.0
17.800000786999988,90.0,95.25695234940434,-5.256952349404344,-0.09717131754005981,1430.0,-0.12845157796458,0.03128026042452021,-1.1328718431190248e-99,0.0
17.820001116000014,90.0,95.25695234940434,-5.256952349404344,-0.09717131754005981,1430.0,-0.12845157796458,0.03128026042452021,-4.531487372476099e-100,0.0
17.840000943999996,90.0,95.25695234940434,-5.256952349404344,-0.09717131754005981,1430.0,-0.12845157796458,0.03128026042452021,-1.81259494899044e-100,0.0
17.860001014000034,90.0,95.25695234940434,-5.256952349404344,-0.09717131754005981,1430.0,-0.12845157796458,0.03128026042452021,-7.25037979596176e-101,0.0
17.88000112000003,90.0,95.25695234940434,-5.256952349404344,-0.09717131754005981,1430.0,-0.12845157796458,0.03128026042452021,-2.900151918384704e-101,0.0
17.900000670999987,90.0,95.25695234940434,-5.256952349404344,-0.09717131754005981,1430.0,-0.12845157796458,0.03128026042452021,-1.1600607673538817e-101,0.0
17.92000103700002,90.0,95.25695234940434,-5.256952349404344,-0.09717131754005981,1430.0,-0.12845157796458,0.03128026042452021,-4.640243069415527e-102,0.0
17.940001143000018,90.0,95.25695234940434,-5.256952349404344,-0.09717131754005981,1430.0,-0.12845157796458,0.03128026042452021,-1.856097227766211e-102,0.0
17.96000110099999,90.0,95.25695234940434,-5.256952349404344,-0.09717131754005981,1430.0,-0.12845157796458,0.03128026042452021,-7.424388911064844e-103,0.0
17.980000930000017,90.0,95.25695234940434,-5.256952349404344,-0.09717131754005981,1430.0,-0.12845157796458,0.03128026042452021,-2.969755564425938e-103,0.0
18.000001036000015,60.0,95.25695234940434,-35.256952349404344,-0.8614898638021984,1430.0,-0.8614898638021984,0.0,0.0,0.0
18.020000717000016,60.0,95.25695234940434,-35.256952349404344,-0.8614898638021984,1430.0,-0.8614898638021984,0.0,0.0,0.0
18.04000137899999,60.0,95.25695234940434,-35.256952349404344,-0.8614898638021984,1430.0,-0.8614898638021984,0.0,0.0,0.0
18.060001151999984,60.0,95.25695234940434,-35.256952349404344,-0.8614898638021984,1430.0,-0.8614898638021984,0.0,0.0,0.0
18.080000665,60.0,95.25695234940434,-35.256952349404344,-0.8614898638021984,1430.0,-0.8614898638021984,0.0,0.0,0.0
18.100001031000033,60.0,95.25695234940434,-35.256952349404344,-0.8614898638021984,1430.0,-0.8614898638021984,0.0,0.0,0.0
18.12000104499998,60.0,95.25695234940434,-35.256952349404344,-0.8614898638021984,1430.0,-0.8614898638021984,0.0,0.0,0.0
18.140001058999985,60.0,95.25695234940434,-35.256952349404344,-0.8614898638021984,1430.0,-0.8614898638021984,0.0,0.0,0.0
18.160001091000026,60.0,95.25695234940434,-35.256952349404344,-0.8614898638021984,1430.0,-0.8614898638021984,0.0,0.0,0.0
18.180001178999987,60.0,95.25695234940434,-35.256952349404344,-0.8614898638021984,1430.0,-0.8614898638021984,0.0,0.0,0.0
18.200001007000026,60.0,95.25695234940434,-35.256952349404344,-0.8614898638021984,1430.0,-0.8614898638021984,0.0,0.0,0.0
18.220001094999986,60.0,95.25695234940434,-35.256952349404344,-0.8614898638021984,1430.0,-0.8614898638021984,0.0,0.0,0.0
18.240001145999997,60.0,95.25695234940434,-35.256952349404344,-0.8614898638021984,1430.0,-0.8614898638021984,0.0,0.0,0.0
18.26000106700002,60.0,95.25695234940434,-35.256952349404344,-0.8614898638021984,1430.0,-0.8614898638021984,0.0,0.0,0.0
18.280000728999994,60.0,95.25695234940434,-35.256952349404344,-0.8614898638021984,1430.0,-0.8614898638021984,0.0,0.0,0.0
18.300000854000018,60.0,95.25695234940434,-35.256952349404344,-0.8614898638021984,1430.0,-0.8614898638021984,0.0,0.0,0.0
18.320001127000012,60.0,95.25695234940434,-35.256952349404344,-0.8614898638021984,1430.0,-0.8614898638021984,0.0,0.0,0.0
18.34000073300001,60.0,95.25267286730838,-35.25267286730838,-0.8613852963282017,1430.0,-0.8613852963282017,0.0,0.0,0.0
18.36000080299999,60.0,95.25267286730838,-35.25267286730838,-0.8613852963282017,1430.0,-0.8613852963282017,0.0,0.0,0.0
18.380000798000026,60.0,95.25267286730838,-35.25267286730838,-0.8613852963282017,1430.0,-0.8613852963282017,0.0,0.0,0.0
18.400000922999993,60.0,95.25267286730838,-35.25267286730838,-0.8613852963282017,1430.0,-0.8613852963282017,0.0,0.0,0.0
18.420000936999998,60.0,95.25267286730838,-35.25267286730838,-0.8613852963282017,1430.0,-0.8613852963282017,0.0,0.0,0.0
18.44000098800001,60.0,95.25267286730838,-35.25267286730838,-0.8613852963282017,1430.0,-0.8613852963282017,0.0,0.0,0.0
18.460001019999993,60.0,95.25267286730838,-35.25267286730838,-0.8613852963282017,1430.0,-0.8613852963282017,0.0,0.0,0.0
18.480001145000017,60.0,95.25267286730838,-35.25267286730838,-0.8613852963282017,1430.0,-0.8613852963282017,0.0,0.0,0.0
18.500001585000007,60.0,95.25267286730838,-35.25267286730838,-0.8613852963282017,1430.0,-0.8613852963282017,0.0,0.0,0.0
18.520001061000016,60.0,95.25267286730838,-35.25267286730838,-0.8613852963282017,1430.0,-0.8613852963282017,0.0,0.0,0.0
18.540000871000018,60.0,95.25267286730838,-35.25267286730838,-0.8613852963282017,1430.0,-0.8613852963282017,0.0,0.0,0.0
18.560001090000014,60.0,95.25267286730838,-35.25267286730838,-0.8613852963282017,1430.0,-0.8613852963282017,0.0,0.0,0.0
18.58000079200002,60.0,95.25267286730838,-35.25267286730838,-0.8613852963282017,1430.0,-0.8613852963282017,0.0,0.0,0.0
18.600000937999994,60.0,95.25009578120853,-35.25009578120853,-0.8613223262356321,1430.0,-0.8613223262356321,0.0,0.0,0.0
18.620000825000034,60.0,95.25009578120853,-35.25009578120853,-0.8613223262356321,1430.0,-0.8613223262356321,0.0,0.0,0.0
18.640001323000035,60.0,95.25009578120853,-35.25009578120853,-0.8613223262356321,1430.0,-0.8613223262356321,0.0,0.0,0.0
18.66000058100002,60.0,95.25009578120853,-35.25009578120853,-0.8613223262356321,1430.0,-0.8613223262356321,0.0,0.0,0.0
18.680001245000028,60.0,95.25009578120853,-35.25009578120853,-0.8613223262356321,1430.0,-0.8613223262356321,0.0,0.0,0.0
18.700000928999998,60.0,95.24618801072222,-35.24618801072222,-0.8612268413896744,1430.0,-0.8612268413896744,0.0,0.0,0.0
18.720001075000027,60.0,95.24618801072222,-35.24618801072222,-0.8612268413896744,1430.0,-0.8612268413896744,0.0,0.0,0.0
18.740001258000007,60.0,95.24618801072222,-35.24618801072222,-0.8612268413896744,1430.0,-0.8612268413896744,0.0,0.0,0.0
18.760000664000017,60.0,95.24618801072222,-35.24618801072222,-0.8612268413896744,1430.0,-0.8612268413896744,0.0,0.0,0.0
18.780000884000003,60.0,95.24618801072222,-35.24618801072222,-0.8612268413896744,1430.0,-0.8612268413896744,0.0,0.0,0.0
18.80000095600002,60.0,95.24618801072222,-35.24618801072222,-0.8612268413896744,1430.0,-0.8612268413896744,0.0,0.0,0.0
18.820001417000014,60.0,95.24618801072222,-35.24618801072222,-0.8612268413896744,1430.0,-0.8612268413896744,0.0,0.0,0.0
18.840001137,60.0,95.24618801072222,-35.24618801072222,-0.8612268413896744,1430.0,-0.8612268413896744,0.0,0.0,0.0
18.86000106099999,60.0,95.24618801072222,-35.24618801072222,-0.8612268413896744,1430.0,-0.8612268413896744,0.0,0.0,0.0
18.88000083700001,60.0,95.24618801072222,-35.24618801072222,-0.8612268413896744,1430.0,-0.8612268413896744,0.0,0.0,0.0
18.900000982999984,60.0,95.24618801072222,-35.24618801072222,-0.8612268413896744,1430.0,-0.8612268413896744,0.0,0.0,0.0
18.920000870000024,60.0,95.24618801072222,-35.24618801072222,-0.8612268413896744,1430.0,-0.8612268413896744,0.0,0.0,0.0
18.940001053000003,60.0,95.24448599965058,-35.24448599965058,-0.8611852534137266,1430.0,-0.8611852534137266,0.0,0.0,0.0
18.96000125500001,60.0,95.24448599965058,-35.24448599965058,-0.8611852534137266,1430.0,-0.8611852534137266,0.0,0.0,0.0
18.98000129000002,60.0,95.24448599965058,-35.24448599965058,-0.8611852534137266,1430.0,-0.8611852534137266,0.0,0.0,0.0
19.000000898999986,60.0,95.24448599965058,-35.24448599965058,-0.8611852534137266,1430.0,-0.8611852534137266,0.0,0.0,0.0
19.020000823000032,60.0,95.24448599965058,-35.24448599965058,-0.8611852534137266,1430.0,-0.8611852534137266,0.0,0.0,0.0
19.040001136,60.0,95.24448599965058,-35.24448599965058,-0.8611852534137266,1430.0,-0.8611852534137266,0.0,0.0,0.0
19.06000093,60.0,95.24448599965058,-35.24448599965058,-0.8611852534137266,1430.0,-0.8611852534137266,0.0,0.0,0.0
19.08000107700002,60.0,95.24448599965058,-35.24448599965058,-0.8611852534137266,1430.0,-0.8611852534137266,0.0,0.0,0.0
19.100000814999987,60.0,95.24448599965058,-35.24448599965058,-0.8611852534137266,1430.0,-0.8611852534137266,0.0,0.0,0.0
19.120001220999995,60.0,95.24448599965058,-35.24448599965058,-0.8611852534137266,1430.0,-0.8611852534137266,0.0,0.0,0.0
19.140000775000033,60.0,95.24190870987701,-35.24190870987701,-0.8611222783444692,1430.0,-0.8611222783444692,0.0,0.0,0.0
19.160000846999992,60.0,95.24190870987701,-35.24190870987701,-0.8611222783444692,1430.0,-0.8611222783444692,0.0,0.0,0.0
19.18000099300002,60.0,95.24190870987701,-35.24190870987701,-0.8611222783444692,1430.0,-0.8611222783444692,0.0,0.0,0.0
19.200000880000005,60.0,95.24190870987701,-35.24190870987701,-0.8611222783444692,1430.0,-0.8611222783444692,0.0,0.0,0.0
19.220000989000027,60.0,95.24190870987701,-35.24190870987701,-0.8611222783444692,1430.0,-0.8611222783444692,0.0,0.0,0.0
19.240001209000013,60.0,95.24190870987701,-35.24190870987701,-0.8611222783444692,1430.0,-0.8611222783444692,0.0,0.0,0.0
19.260000762999994,60.0,95.24190870987701,-35.24190870987701,-0.8611222783444692,1430.0,-0.8611222783444692,0.0,0.0,0.0
19.280001056999993,60.0,95.24190870987701,-35.24190870987701,-0.8611222783444692,1430.0,-0.8611222783444692,0.0,0.0,0.0
19.300001037000015,60.0,95.24190870987701,-35.24190870987701,-0.8611222783444692,1430.0,-0.8611222783444692,0.0,0.0,0.0
19.32000116400002,60.0,95.24190870987701,-35.24190870987701,-0.8611222783444692,1430.0,-0.8611222783444692,0.0,0.0,0.0
19.340000736000036,60.0,95.23800053676632,-35.23800053676632,-0.8610267836605421,1430.0,-0.8610267836605421,0.0,0.0,0.0
19.360000882999998,60.0,95.23800053676632,-35.23800053676632,-0.8610267836605421,1430.0,-0.8610267836605421,0.0,0.0,0.0
19.380001158000027,60.0,95.23504936278664,-35.23504936278664,-0.8609546728766996,1430.0,-0.8609546728766996,0.0,0.0,0.0
19.40000065600003,60.0,95.23504936278664,-35.23504936278664,-0.8609546728766996,1430.0,-0.8609546728766996,0.0,0.0,0.0
19.420001284000023,60.0,95.23504936278664,-35.23504936278664,-0.8609546728766996,1430.0,-0.8609546728766996,0.0,0.0,0.0
19.440000708000014,60.0,95.23504936278664,-35.23504936278664,-0.8609546728766996,1430.0,-0.8609546728766996,0.0,0.0,0.0
19.460000724999986,60.0,95.23504936278664,-35.23504936278664,-0.8609546728766996,1430.0,-0.8609546728766996,0.0,0.0,0.0
19.480001388999995,60.0,95.23504936278664,-35.23504936278664,-0.8609546728766996,1430.0,-0.8609546728766996,0.0,0.0,0.0
19.500001239000028,60.0,95.23504936278664,-35.23504936278664,-0.8609546728766996,1430.0,-0.8609546728766996,0.0,0.0,0.0
19.52000162600001,60.0,95.23504936278664,-35.23504936278664,-0.8609546728766996,1430.0,-0.8609546728766996,0.0,0.0,0.0
19.540000958000007,60.0,95.23504936278664,-35.23504936278664,-0.8609546728766996,1430.0,-0.8609546728766996,0.0,0.0,0.0
19.560000828,60.0,95.23504936278664,-35.23504936278664,-0.8609546728766996,1430.0,-0.8609546728766996,0.0,0.0,0.0
19.58000081,60.0,95.23504936278664,-35.23504936278664,-0.8609546728766996,1430.0,-0.8609546728766996,0.0,0.0,0.0
19.60000082900001,60.0,95.23504936278664,-35.23504936278664,-0.8609546728766996,1430.0,-0.8609546728766996,0.0,0.0,0.0
19.62000092300002,60.0,95.23504936278664,-35.23504936278664,-0.8609546728766996,1430.0,-0.8609546728766996,0.0,0.0,0.0
19.64000071999999,60.0,95.23504936278664,-35.23504936278664,-0.8609546728766996,1430.0,-0.8609546728766996,0.0,0.0,0.0
19.66000096099998,60.0,95.23504936278664,-35.23504936278664,-0.8609546728766996,1430.0,-0.8609546728766996,0.0,0.0,0.0
19.680000795000012,60.0,95.23504936278664,-35.23504936278664,-0.8609546728766996,1430.0,-0.8609546728766996,0.0,0.0,0.0
19.70000092600003,60.0,95.23504936278664,-35.23504936278664,-0.8609546728766996,1430.0,-0.8609546728766996,0.0,0.0,0.0
19.720001056,60.0,95.23504936278664,-35.23504936278664,-0.8609546728766996,1430.0,-0.8609546728766996,0.0,0.0,0.0
19.740000779000013,60.0,95.23504936278664,-35.23504936278664,-0.8609546728766996,1430.0,-0.8609546728766996,0.0,0.0,0.0
19.760001112999987,60.0,95.23504936278664,-35.23504936278664,-0.8609546728766996,1430.0,-0.8609546728766996,0.0,0.0,0.0
19.780001002999995,60.0,95.23504936278664,-35.23504936278664,-0.8609546728766996,1430.0,-0.8609546728766996,0.0,0.0,0.0
19.800000837000027,60.0,95.23504936278664,-35.23504936278664,-0.8609546728766996,1430.0,-0.8609546728766996,0.0,0.0,0.0
19.82000069000003,60.0,95.23504936278664,-35.23504936278664,-0.8609546728766996,1430.0,-0.8609546728766996,0.0,0.0,0.0
19.84000067200003,60.0,95.23504936278664,-35.23504936278664,-0.8609546728766996,1430.0,-0.8609546728766996,0.0,0.0,0.0
19.860000802000002,60.0,95.23504936278664,-35.23504936278664,-0.8609546728766996,1430.0,-0.8609546728766996,0.0,0.0,0.0
19.880001099000026,60.0,95.23504936278664,-35.23504936278664,-0.8609546728766996,1430.0,-0.8609546728766996,0.0,0.0,0.0
19.90000115600003,60.0,95.23504936278664,-35.23504936278664,-0.8609546728766996,1430.0,-0.8609546728766996,0.0,0.0,0.0
19.92000082300001,60.0,95.23504936278664,-35.23504936278664,-0.8609546728766996,1430.0,-0.8609546728766996,0.0,0.0,0.0
19.940000880000014,60.0,95.23504936278664,-35.23504936278664,-0.8609546728766996,1430.0,-0.8609546728766996,0.0,0.0,0.0
19.960000732000026,60.0,95.23504936278664,-35.23504936278664,-0.8609546728766996,1430.0,-0.8609546728766996,0.0,0.0,0.0
19.980000881000024,60.0,95.23504936278664,-35.23504936278664,-0.8609546728766996,1430.0,-0.8609546728766996,0.0,0.0,0.0
20.00000130799998,60.0,95.23504936278664,-35.23504936278664,-0.8609546728766996,1430.0,-0.8609546728766996,0.0,0.0,0.0
20.02000104900003,60.0,95.23504936278664,-35.23504936278664,-0.8609546728766996,1430.0,-0.8609546728766996,0.0,0.0,0.0
20.040001106000034,60.0,95.23504936278664,-35.23504936278664,-0.8609546728766996,1430.0,-0.8609546728766996,0.0,0.0,0.0
20.060001032000002,60.0,95.23504936278664,-35.23504936278664,-0.8609546728766996,1430.0,-0.8609546728766996,0.0,0.0,0.0
20.080000959000017,60.0,95.23504936278664,-35.23504936278664,-0.8609546728766996,1430.0,-0.8609546728766996,0.0,0.0,0.0
20.100001090000035,60.0,95.23504936278664,-35.23504936278664,-0.8609546728766996,1430.0,-0.8609546728766996,0.0,0.0,0.0
20.12000092400001,60.0,95.23504936278664,-35.23504936278664,-0.8609546728766996,1430.0,-0.8609546728766996,0.0,0.0,0.0
20.14000105399998,60.0,95.23504936278664,-35.23504936278664,-0.8609546728766996,1430.0,-0.8609546728766996,0.0,0.0,0.0
20.160001370000032,60.0,95.23504936278664,-35.23504936278664,-0.8609546728766996,1430.0,-0.8609546728766996,0.0,0.0,0.0
20.180001167,60.0,95.23504936278664,-35.23504936278664,-0.8609546728766996,1430.0,-0.8609546728766996,0.0,0.0,0.0
20.200000982000006,60.0,95.23504936278664,-35.23504936278664,-0.8609546728766996,1430.0,-0.8609546728766996,0.0,0.0,0.0
20.22000081599998,60.0,95.23504936278664,-35.23504936278664,-0.8609546728766996,1430.0,-0.8609546728766996,0.0,0.0,0.0
20.240001205999988,60.0,95.23504936278664,-35.23504936278664,-0.8609546728766996,1430.0,-0.8609546728766996,0.0,0.0,0.0
20.26000104000002,60.0,95.23504936278664,-35.23504936278664,-0.8609546728766996,1430.0,-0.8609546728766996,0.0,0.0,0.0
20.280000967000035,60.0,95.23504936278664,-35.23504936278664,-0.8609546728766996,1430.0,-0.8609546728766996,0.0,0.0,0.0
20.30000068999999,60.0,95.23504936278664,-35.23504936278664,-0.8609546728766996,1430.0,-0.8609546728766996,0.0,0.0,0.0
20.320000987000014,60.0,95.23504936278664,-35.23504936278664,-0.8609546728766996,1430.0,-0.8609546728766996,0.0,0.0,0.0
20.34000117300002,60.0,95.23504936278664,-35.23504936278664,-0.8609546728766996,1430.0,-0.8609546728766996,0.0,0.0,0.0
20.36000069200003,60.0,95.23504936278664,-35.23504936278664,-0.8609546728766996,1430.0,-0.8609546728766996,0.0,0.0,0.0
20.38000106300001,60.0,95.23504936278664,-35.23504936278664,-0.8609546728766996,1430.0,-0.8609546728766996,0.0,0.0,0.0
20.40000091600001,60.0,95.23504936278664,-35.23504936278664,-0.8609546728766996,1430.0,-0.8609546728766996,0.0,0.0,0.0
20.42000067600003,60.0,95.23504936278664,-35.23504936278664,-0.8609546728766996,1430.0,-0.8609546728766996,0.0,0.0,0.0
20.440000714000007,60.0,95.23504936278664,-35.23504936278664,-0.8609546728766996,1430.0,-0.8609546728766996,0.0,0.0,0.0
20.46000104799998,60.0,95.23504936278664,-35.23504936278664,-0.8609546728766996,1430.0,-0.8609546728766996,0.0,0.0,0.0
20.48000129000002,60.0,95.23504936278664,-35.23504936278664,-0.8609546728766996,1430.0,-0.8609546728766996,0.0,0.0,0.0
20.50000164200003,60.0,95.23504936278664,-35.23504936278664,-0.8609546728766996,1430.0,-0.8609546728766996,0.0,0.0,0.0
20.520000828000036,60.0,95.23504936278664,-35.23504936278664,-0.8609546728766996,1430.0,-0.8609546728766996,0.0,0.0,0.0
20.540000792,60.0,95.23504936278664,-35.23504936278664,-0.8609546728766996,1430.0,-0.8609546728766996,0.0,0.0,0.0
20.560001035000028,60.0,95.23504936278664,-35.23504936278664,-0.8609546728766996,1430.0,-0.8609546728766996,0.0,0.0,0.0
20.580000778999988,60.0,95.23504936278664,-35.23504936278664,-0.8609546728766996,1430.0,-0.8609546728766996,0.0,0.0,0.0
20.60000069,60.0,95.23504936278664,-35.23504936278664,-0.8609546728766996,1430.0,-0.8609546728766996,0.0,0.0,0.0
20.620000989999994,60.0,95.23504936278664,-35.23504936278664,-0.8609546728766996,1430.0,-0.8609546728766996,0.0,0.0,0.0
20.64000121600003,60.0,95.23247168801691,-35.232471688016915,-0.8608916884002114,1430.0,-0.8608916884002114,0.0,0.0,0.0
20.660000701,60.0,95.23247168801691,-35.232471688016915,-0.8608916884002114,1430.0,-0.8608916884002114,0.0,0.0,0.0
20.680000741000015,60.0,95.23247168801691,-35.232471688016915,-0.8608916884002114,1430.0,-0.8608916884002114,0.0,0.0,0.0
20.70000076299999,60.0,95.23247168801691,-35.232471688016915,-0.8608916884002114,1430.0,-0.8608916884002114,0.0,0.0,0.0
20.720001285000023,60.0,95.23247168801691,-35.232471688016915,-0.8608916884002114,1430.0,-0.8608916884002114,0.0,0.0,0.0
20.740001122000024,60.0,95.23247168801691,-35.232471688016915,-0.8608916884002114,1430.0,-0.8608916884002114,0.0,0.0,0.0
20.760000810000008,60.0,95.23247168801691,-35.232471688016915,-0.8608916884002114,1430.0,-0.8608916884002114,0.0,0.0,0.0
20.78000085100001,60.0,95.23247168801691,-35.232471688016915,-0.8608916884002114,1430.0,-0.8608916884002114,0.0,0.0,0.0
20.800000947,60.0,95.23247168801691,-35.232471688016915,-0.8608916884002114,1430.0,-0.8608916884002114,0.0,0.0,0.0
20.82000126500003,60.0,95.23247168801691,-35.232471688016915,-0.8608916884002114,1430.0,-0.8608916884002114,0.0,0.0,0.0
20.840001083999994,60.0,95.23247168801691,-35.232471688016915,-0.8608916884002114,1430.0,-0.8608916884002114,0.0,0.0,0.0
20.860000920000004,60.0,95.23247168801691,-35.232471688016915,-0.8608916884002114,1430.0,-0.8608916884002114,0.0,0.0,0.0
20.880000886999994,60.0,95.23247168801691,-35.232471688016915,-0.8608916884002114,1430.0,-0.8608916884002114,0.0,0.0,0.0
20.900000909000028,60.0,95.23247168801691,-35.232471688016915,-0.8608916884002114,1430.0,-0.8608916884002114,0.0,0.0,0.0
20.920000893999998,60.0,95.23247168801691,-35.232471688016915,-0.8608916884002114,1430.0,-0.8608916884002114,0.0,0.0,0.0
20.940001008000024,60.0,95.23247168801691,-35.232471688016915,-0.8608916884002114,1430.0,-0.8608916884002114,0.0,0.0,0.0
20.960000734000005,60.0,95.23247168801691,-35.232471688016915,-0.8608916884002114,1430.0,-0.8608916884002114,0.0,0.0,0.0
20.980000663999988,60.0,95.23247168801691,-35.232471688016915,-0.8608916884002114,1430.0,-0.8608916884002114,0.0,0.0,0.0
21.000001037000004,60.0,95.23247168801691,-35.232471688016915,-0.8608916884002114,1430.0,-0.8608916884002114,0.0,0.0,0.0
21.020000707999998,60.0,95.23247168801691,-35.232471688016915,-0.8608916884002114,1430.0,-0.8608916884002114,0.0,0.0,0.0
21.040000803999988,60.0,95.23247168801691,-35.232471688016915,-0.8608916884002114,1430.0,-0.8608916884002114,0.0,0.0,0.0
21.060000677000005,60.0,95.23247168801691,-35.232471688016915,-0.8608916884002114,1430.0,-0.8608916884002114,0.0,0.0,0.0
21.080000773999984,60.0,95.23247168801691,-35.232471688016915,-0.8608916884002114,1430.0,-0.8608916884002114,0.0,0.0,0.0
21.100001147,60.0,95.23247168801691,-35.232471688016915,-0.8608916884002114,1430.0,-0.8608916884002114,0.0,0.0,0.0
21.120000909999987,60.0,95.23247168801691,-35.232471688016915,-0.8608916884002114,1430.0,-0.8608916884002114,0.0,0.0,0.0
21.14000080200003,60.0,95.23247168801691,-35.232471688016915,-0.8608916884002114,1430.0,-0.8608916884002114,0.0,0.0,0.0
21.160000712999988,60.0,95.23247168801691,-35.232471688016915,-0.8608916884002114,1430.0,-0.8608916884002114,0.0,0.0,0.0
21.18000086500001,60.0,95.23247168801691,-35.232471688016915,-0.8608916884002114,1430.0,-0.8608916884002114,0.0,0.0,0.0
21.200001165000003,60.0,95.23247168801691,-35.232471688016915,-0.8608916884002114,1430.0,-0.8608916884002114,0.0,0.0,0.0
21.220000835000008,60.0,95.23247168801691,-35.232471688016915,-0.8608916884002114,1430.0,-0.8608916884002114,0.0,0.0,0.0
21.240001097999993,60.0,95.23247168801691,-35.232471688016915,-0.8608916884002114,1430.0,-0.8608916884002114,0.0,0.0,0.0
21.26000085999999,60.0,95.23247168801691,-35.232471688016915,-0.8608916884002114,1430.0,-0.8608916884002114,0.0,0.0,0.0
21.28000106799999,60.0,95.23247168801691,-35.232471688016915,-0.8608916884002114,1430.0,-0.8608916884002114,0.0,0.0,0.0
21.300001052000027,60.0,95.23247168801691,-35.232471688016915,-0.8608916884002114,1430.0,-0.8608916884002114,0.0,0.0,0.0
21.320000889000028,60.0,95.23247168801691,-35.232471688016915,-0.8608916884002114,1430.0,-0.8608916884002114,0.0,0.0,0.0
21.34000068900002,60.0,95.22819256857406,-35.22819256857406,-0.8607871297875017,1430.0,-0.8607871297875017,0.0,0.0,0.0
21.36000078500001,60.0,95.22819256857406,-35.22819256857406,-0.8607871297875017,1430.0,-0.8607871297875017,0.0,0.0,0.0
21.380000752,60.0,95.22819256857406,-35.22819256857406,-0.8607871297875017,1430.0,-0.8607871297875017,0.0,0.0,0.0
21.40000084799999,60.0,95.22819256857406,-35.22819256857406,-0.8607871297875017,1430.0,-0.8607871297875017,0.0,0.0,0.0
21.420000721000008,60.0,95.22819256857406,-35.22819256857406,-0.8607871297875017,1430.0,-0.8607871297875017,0.0,0.0,0.0
21.44000077999999,60.0,95.22819256857406,-35.22819256857406,-0.8607871297875017,1430.0,-0.8607871297875017,0.0,0.0,0.0
21.460000932000014,60.0,95.22819256857406,-35.22819256857406,-0.8607871297875017,1430.0,-0.8607871297875017,0.0,0.0,0.0
21.48000106500001,60.0,95.22819256857406,-35.22819256857406,-0.8607871297875017,1430.0,-0.8607871297875017,0.0,0.0,0.0
21.500002180000024,60.0,95.22819256857406,-35.22819256857406,-0.8607871297875017,1430.0,-0.8607871297875017,0.0,0.0,0.0
21.520000960999994,60.0,95.22819256857406,-35.22819256857406,-0.8607871297875017,1430.0,-0.8607871297875017,0.0,0.0,0.0
21.540000872000007,60.0,95.22819256857406,-35.22819256857406,-0.8607871297875017,1430.0,-0.8607871297875017,0.0,0.0,0.0
21.560000933000026,60.0,95.22819256857406,-35.22819256857406,-0.8607871297875017,1430.0,-0.8607871297875017,0.0,0.0,0.0
21.580000993999988,60.0,95.22819256857406,-35.22819256857406,-0.8607871297875017,1430.0,-0.8607871297875017,0.0,0.0,0.0
21.60000113000001,60.0,95.22819256857406,-35.22819256857406,-0.8607871297875017,1430.0,-0.8607871297875017,0.0,0.0,0.0
21.62000095100001,60.0,95.22819256857406,-35.22819256857406,-0.8607871297875017,1430.0,-0.8607871297875017,0.0,0.0,0.0
21.640000883000027,60.0,95.22819256857406,-35.22819256857406,-0.8607871297875017,1430.0,-0.8607871297875017,0.0,0.0,0.0
21.660001056,60.0,95.22819256857406,-35.22819256857406,-0.8607871297875017,1430.0,-0.8607871297875017,0.0,0.0,0.0
21.68000108000001,60.0,95.22819256857406,-35.22819256857406,-0.8607871297875017,1430.0,-0.8607871297875017,0.0,0.0,0.0
21.70000090100001,60.0,95.22819256857406,-35.22819256857406,-0.8607871297875017,1430.0,-0.8607871297875017,0.0,0.0,0.0
21.720001110999988,60.0,95.22819256857406,-35.22819256857406,-0.8607871297875017,1430.0,-0.8607871297875017,0.0,0.0,0.0
21.740001006,60.0,95.22819256857406,-35.22819256857406,-0.8607871297875017,1430.0,-0.8607871297875017,0.0,0.0,0.0
21.76000067900003,60.0,95.22819256857406,-35.22819256857406,-0.8607871297875017,1430.0,-0.8607871297875017,0.0,0.0,0.0
21.780000943999994,60.0,95.22819256857406,-35.22819256857406,-0.8607871297875017,1430.0,-0.8607871297875017,0.0,0.0,0.0
21.80000124700001,60.0,95.22819256857406,-35.22819256857406,-0.8607871297875017,1430.0,-0.8607871297875017,0.0,0.0,0.0
21.82000119700001,60.0,95.22819256857406,-35.22819256857406,-0.8607871297875017,1430.0,-0.8607871297875017,0.0,0.0,0.0
21.840000722000013,60.0,95.22819256857406,-35.22819256857406,-0.8607871297875017,1430.0,-0.8607871297875017,0.0,0.0,0.0
21.860000747000015,60.0,95.22819256857406,-35.22819256857406,-0.8607871297875017,1430.0,-0.8607871297875017,0.0,0.0,0.0
21.880000697000014,60.0,95.22819256857406,-35.22819256857406,-0.8607871297875017,1430.0,-0.8607871297875017,0.0,0.0,0.0
21.90000101800001,60.0,95.22819256857406,-35.22819256857406,-0.8607871297875017,1430.0,-0.8607871297875017,0.0,0.0,0.0
21.920000747000017,60.0,95.22819256857406,-35.22819256857406,-0.8607871297875017,1430.0,-0.8607871297875017,0.0,0.0,0.0
21.94000114200003,60.0,95.22819256857406,-35.22819256857406,-0.8607871297875017,1430.0,-0.8607871297875017,0.0,0.0,0.0
21.960000944,60.0,95.22819256857406,-35.22819256857406,-0.8607871297875017,1430.0,-0.8607871297875017,0.0,0.0,0.0
21.980000913000026,60.0,95.22819256857406,-35.22819256857406,-0.8607871297875017,1430.0,-0.8607871297875017,0.0,0.0,0.0
22.000001085999997,60.0,95.22819256857406,-35.22819256857406,-0.8607871297875017,1430.0,-0.8607871297875017,0.0,0.0,0.0
22.020001018000016,60.0,95.22819256857406,-35.22819256857406,-0.8607871297875017,1430.0,-0.8607871297875017,0.0,0.0,0.0
22.040001339000014,60.0,95.22819256857406,-35.22819256857406,-0.8607871297875017,1430.0,-0.8607871297875017,0.0,0.0,0.0
22.06000095600001,60.0,95.22819256857406,-35.22819256857406,-0.8607871297875017,1430.0,-0.8607871297875017,0.0,0.0,0.0
22.08000112899998,60.0,95.22819256857406,-35.22819256857406,-0.8607871297875017,1430.0,-0.8607871297875017,0.0,0.0,0.0
22.100000856999998,60.0,95.22819256857406,-35.22819256857406,-0.8607871297875017,1430.0,-0.8607871297875017,0.0,0.0,0.0
22.12000099300002,60.0,95.22819256857406,-35.22819256857406,-0.8607871297875017,1430.0,-0.8607871297875017,0.0,0.0,0.0
22.140000961999988,60.0,95.23077044693747,-35.23077044693747,-0.8608501192387223,1430.0,-0.8608501192387223,0.0,0.0,0.0
22.160000949999983,60.0,95.23077044693747,-35.23077044693747,-0.8608501192387223,1430.0,-0.8608501192387223,0.0,0.0,0.0
22.180000752000012,60.0,95.22524179717789,-35.22524179717789,-0.8607150288406301,1430.0,-0.8607150288406301,0.0,0.0,0.0
22.200001203,60.0,95.22524179717789,-35.22524179717789,-0.8624728413406301,1430.0,-0.8607150288406301,0.0,-0.0017578124999999998,0.001953125
22.220000968000022,60.0,95.22524179717789,-35.22524179717789,-0.8631759663406301,1430.0,-0.8607150288406301,0.0,-0.0024609375,0.001953125
22.240000752000014,60.0,95.2239924878997,-35.22399248789969,-0.8599110649562379,1430.0,-0.860684502456238,0.0,0.0007734374999999998,-0.001953125
22.26000086900001,60.0,95.2239924878997,-35.22399248789969,-0.8586173149562379,1430.0,-0.860684502456238,0.0,0.0020671875,-0.001953125
22.28000104199998,60.0,95.22524179717789,-35.22524179717789,-0.8581303413406302,1430.0,-0.8607150288406301,0.0,0.0025846874999999997,-0.001953125
22.300000974,60.0,95.22524179717789,-35.22524179717789,-0.8561655288406301,1430.0,-0.8607150288406301,0.0,0.0045495,-0.00390625
22.320001073000014,60.0,95.22524179717789,-35.22524179717789,-0.8553796038406302,1430.0,-0.8607150288406301,0.0,0.005335425,-0.00390625
22.34000083799998,60.0,95.2239924878997,-35.22399248789969,-0.8585503324562379,1430.0,-0.860684502456238,0.0,0.0021341700000000003,0.0
22.360000936999995,60.0,95.2239924878997,-35.22399248789969,-0.859830834456238,1430.0,-0.860684502456238,0.0,0.0008536680000000001,0.0
22.380000961999997,60.0,95.22827219607979,-35.228272196079786,-0.8604476082545119,1430.0,-0.8607890754545119,0.0,0.0003414672000000001,0.0
22.400000911999996,60.0,95.22827219607979,-35.228272196079786,-0.8606524885745119,1430.0,-0.8607890754545119,0.0,0.00013658688000000004,0.0
22.42000112200003,60.0,95.22827219607979,-35.228272196079786,-0.8607344407025119,1430.0,-0.8607890754545119,0.0,5.463475200000002e-05,0.0
22.440001091,60.0,95.22657054774129,-35.22657054774129,-0.858967829941007,1430.0,-0.8607474963418069,0.0,0.0017796664008,-0.001953125
22.460000819000015,60.0,95.22657054774129,-35.22657054774129,-0.8582778172814869,1430.0,-0.8607474963418069,0.0,0.0024696790603199997,-0.001953125
22.480001085000026,60.0,95.22665170305191,-35.226651703051914,-0.8580037952160052,1430.0,-0.8607494793401332,0.0,0.002745684124128,-0.001953125
22.500001312999984,60.0,95.22665170305191,-35.226651703051914,-0.8578933931904821,1430.0,-0.8607494793401332,0.0,0.0028560861496512,-0.001953125
22.520000966999987,60.0,95.22665170305191,-35.226651703051914,-0.8578492323802728,1430.0,-0.8607494793401332,0.0,0.00290024695986048,-0.001953125
22.540001158999985,60.0,95.22532222965049,-35.22532222965049,-0.8595568953927473,1430.0,-0.8607169941766915,0.0,0.0011600987839441921,0.0
22.560001091999993,60.0,95.22532222965049,-35.22532222965049,-0.8602529546631138,1430.0,-0.8607169941766915,0.0,0.0004640395135776769,0.0
22.580000971000004,60.0,95.22827219607979,-35.228272196079786,-0.8606034596490808,1430.0,-0.8607890754545119,0.0,0.00018561580543107072,0.0
22.60000099900003,60.0,95.22827219607979,-35.228272196079786,-0.8589570166323395,1430.0,-0.8607890754545119,0.0,0.0018320588221724284,-0.001953125
22.620001063000018,60.0,95.22827219607979,-35.228272196079786,-0.8582984394256429,1430.0,-0.8607890754545119,0.0,0.0024906360288689715,-0.001953125
22.64000103500001,60.0,95.22665170305191,-35.226651703051914,-0.8579954124285857,1430.0,-0.8607494793401332,0.0,0.0027540669115475886,-0.001953125
22.660000932000003,60.0,95.22665170305191,-35.226651703051914,-0.8578900400755142,1430.0,-0.8607494793401332,0.0,0.0028594392646190355,-0.001953125
22.680001070999992,60.0,95.22790031726339,-35.22790031726339,-0.857878400534994,1430.0,-0.8607799887408416,0.0,0.002901588205847614,-0.001953125
22.70000098700001,60.0,95.22790031726339,-35.22790031726339,-0.8613771659585026,1430.0,-0.8607799887408416,0.0,-0.0005971772176609543,0.001953125
22.720000940000034,60.0,95.22790031726339,-35.22790031726339,-0.862776672127906,1430.0,-0.8607799887408416,0.0,-0.001996683387064382,0.001953125
22.740000818999988,60.0,95.2239924878997,-35.22399248789969,-0.8632409883110637,1430.0,-0.860684502456238,0.0,-0.0025564858548257526,0.001953125
22.760001493999994,60.0,95.2239924878997,-35.22399248789969,-0.8634649092981682,1430.0,-0.860684502456238,0.0,-0.0027804068419303007,0.001953125
22.780001132999985,60.0,95.23218002544354,-35.23218002544354,-0.8637545369758891,1430.0,-0.860884561739117,0.0,-0.0028699752367721204,0.001953125
22.800001030000033,60.0,95.23218002544354,-35.23218002544354,-0.8602747393338258,1430.0,-0.860884561739117,0.0,0.0006098224052911519,-0.001953125
22.820000632000017,60.0,95.23218002544354,-35.23218002544354,-0.8588828202770005,1430.0,-0.860884561739117,0.0,0.002001741462116461,-0.001953125
22.840000678000024,60.0,95.2239924878997,-35.22399248789969,-0.8598838058713913,1430.0,-0.860684502456238,0.0,0.0008006965848465844,0.0
22.86000075999999,60.0,95.2239924878997,-35.22399248789969,-0.8603642238222993,1430.0,-0.860684502456238,0.0,0.00032027863393863375,0.0
22.880000917000018,60.0,95.22790031726339,-35.22790031726339,-0.8606518772872661,1430.0,-0.8607799887408416,0.0,0.00012811145357545352,0.0
22.900001019,60.0,95.22790031726339,-35.22790031726339,-0.8607287441594115,1430.0,-0.8607799887408416,0.0,5.12445814301814e-05,0.0
22.92000104599998,60.0,95.22790031726339,-35.22790031726339,-0.8607594909082695,1430.0,-0.8607799887408416,0.0,2.049783257207256e-05,0.0
22.940001018000032,60.0,95.23218002544354,-35.23218002544354,-0.8608763626060881,1430.0,-0.860884561739117,0.0,8.199133028829025e-06,0.0
22.960001008000006,60.0,95.23218002544354,-35.23218002544354,-0.8608812820859054,1430.0,-0.860884561739117,0.0,3.27965321153161e-06,0.0
22.98000099799998,60.0,95.2334288605926,-35.233428860592596,-0.8609137646770644,1430.0,-0.860915076538349,0.0,1.3118612846126442e-06,0.0
23.000001062000024,60.0,95.2334288605926,-35.233428860592596,-0.8626723642938351,1430.0,-0.860915076538349,0.0,-0.0017572877554861547,0.001953125
23.02000088599999,60.0,95.2334288605926,-35.233428860592596,-0.8633758041405435,1430.0,-0.860915076538349,0.0,-0.002460727602194462,0.001953125
23.040001172000018,60.0,95.23218002544354,-35.23218002544354,-0.8601110402799947,1430.0,-0.860884561739117,0.0,0.000773521459122215,-0.001953125
23.06000105100003,60.0,95.23218002544354,-35.23218002544354,-0.8588173406554681,1430.0,-0.860884561739117,0.0,0.0020672210836488857,-0.001953125
23.080001116000005,60.0,95.2239924878997,-35.22399248789969,-0.8580998015227784,1430.0,-0.860684502456238,0.0,0.002584700933459554,-0.001953125
23.100000773000033,60.0,95.2239924878997,-35.22399248789969,-0.8596506220828541,1430.0,-0.860684502456238,0.0,0.0010338803733838217,0.0
23.12000109600001,60.0,95.2239924878997,-35.22399248789969,-0.8602709503068844,1430.0,-0.860684502456238,0.0,0.0004135521493535287,0.0
23.140001030999997,60.0,95.22952091662074,-35.22952091662074,-0.8606541665935984,1430.0,-0.8608195874533398,0.0,0.0001654208597414115,0.0
23.160000873,60.0,95.22952091662074,-35.22952091662074,-0.8607534191094431,1430.0,-0.8608195874533398,0.0,6.616834389656461e-05,0.0
23.180000956000015,60.0,95.22952091662074,-35.22952091662074,-0.8607931201157811,1430.0,-0.8608195874533398,0.0,2.6467337558625843e-05,0.0
23.200001705000034,60.0,95.22952091662074,-35.22952091662074,-0.8608090005183163,1430.0,-0.8608195874533398,0.0,1.0586935023450339e-05,0.0
23.22000069500001,60.0,95.22952091662074,-35.22952091662074,-0.8608153526793304,1430.0,-0.8608195874533398,0.0,4.234774009380135e-06,0.0
23.240001241000016,60.0,95.22952091662074,-35.22952091662074,-0.859060081043736,1430.0,-0.8608195874533398,0.0,0.001759506409603752,-0.001953125
23.26000108300002,60.0,95.22952091662074,-35.22952091662074,-0.8583579723894983,1430.0,-0.8608195874533398,0.0,0.002461615063841501,-0.001953125
23.280000943999994,60.0,95.22952091662074,-35.22952091662074,-0.8580771289278032,1430.0,-0.8608195874533398,0.0,0.0027424585255366005,-0.001953125
23.300001193000014,60.0,95.22952091662074,-35.22952091662074,-0.8632382290431251,1430.0,-0.8608195874533398,0.0,-0.0024186415897853595,0.00390625
23.320000813000036,60.0,95.22952091662074,-35.22952091662074,-0.8653026690892539,1430.0,-0.8608195874533398,0.0,-0.004483081635914144,0.00390625
23.34000069199999,60.0,95.23380042113553,-35.23380042113553,-0.862717388129497,1430.0,-0.8609241554751313,0.0,-0.0017932326543656577,0.0
23.36000092300003,60.0,95.23380042113553,-35.23380042113553,-0.8616414485368776,1430.0,-0.8609241554751313,0.0,-0.0007172930617462631,0.0
23.380000654000014,60.0,95.22952091662074,-35.22952091662074,-0.8611065046780383,1430.0,-0.8608195874533398,0.0,-0.0002869172246985053,0.0
23.400000904000024,60.0,95.22952091662074,-35.22952091662074,-0.8609343543432192,1430.0,-0.8608195874533398,0.0,-0.00011476688987940212,0.0
23.420000912000035,60.0,95.22952091662074,-35.22952091662074,-0.8608654942092915,1430.0,-0.8608195874533398,0.0,-4.590675595176084e-05,0.0
23.440000828999985,60.0,95.22952091662074,-35.22952091662074,-0.8608379501557205,1430.0,-0.8608195874533398,0.0,-1.836270238070434e-05,0.0
23.460001207999994,60.0,95.22952091662074,-35.22952091662074,-0.860826932534292,1430.0,-0.8608195874533398,0.0,-7.345080952281736e-06,0.0
23.480001087000005,60.0,95.22952091662074,-35.22952091662074,-0.8608225254857207,1430.0,-0.8608195874533398,0.0,-2.9380323809126947e-06,0.0
23.500001077000036,60.0,95.22952091662074,-35.22952091662074,-0.8608207626662921,1430.0,-0.8608195874533398,0.0,-1.175212952365078e-06,0.0
23.52000104900003,60.0,95.22952091662074,-35.22952091662074,-0.8608200575385206,1430.0,-0.8608195874533398,0.0,-4.7008518094603123e-07,0.0
23.540001297999993,60.0,95.22952091662074,-35.22952091662074,-0.8608197754874122,1430.0,-0.8608195874533398,0.0,-1.8803407237841247e-07,0.0
23.560000882999987,60.0,95.22952091662074,-35.22952091662074,-0.8608196626669687,1430.0,-0.8608195874533398,0.0,-7.5213628951365e-08,0.0
23.580000653000013,60.0,95.22952091662074,-35.22952091662074,-0.8608196175387913,1430.0,-0.8608195874533398,0.0,-3.0085451580546e-08,0.0
23.600000776,60.0,95.22952091662074,-35.22952091662074,-0.8608195994875204,1430.0,-0.8608195874533398,0.0,-1.2034180632218402e-08,0.0
23.62000100900002,60.0,95.22952091662074,-35.22952091662074,-0.860819592267012,1430.0,-0.8608195874533398,0.0,-4.8136722528873615e-09,0.0
23.640001112999983,60.0,95.22952091662074,-35.22952091662074,-0.8608195893788086,1430.0,-0.8608195874533398,0.0,-1.9254689011549448e-09,0.0
23.660000661000026,60.0,95.22952091662074,-35.22952091662074,-0.8608195882235273,1430.0,-0.8608195874533398,0.0,-7.70187560461978e-10,0.0
23.680000727999982,60.0,95.22952091662074,-35.22952091662074,-0.8608195877614148,1430.0,-0.8608195874533398,0.0,-3.0807502418479117e-10,0.0
23.70000070200001,60.0,95.22952091662074,-35.22952091662074,-0.8608195875765697,1430.0,-0.8608195874533398,0.0,-1.2323000967391647e-10,0.0
23.72000084299998,60.0,95.22952091662074,-35.22952091662074,-0.8608195875026318,1430.0,-0.8608195874533398,0.0,-4.929200386956659e-11,0.0
23.740000762000022,60.0,95.22952091662074,-35.22952091662074,-0.8608195874730565,1430.0,-0.8608195874533398,0.0,-1.971680154782664e-11,0.0
23.760000959000024,60.0,95.22952091662074,-35.22952091662074,-0.8608195874612264,1430.0,-0.8608195874533398,0.0,-7.886720619130657e-12,0.0
23.780000766,60.0,95.22952091662074,-35.22952091662074,-0.8608195874564945,1430.0,-0.8608195874533398,0.0,-3.1546882476522627e-12,0.0
23.800001148000035,60.0,95.22952091662074,-35.22952091662074,-0.8608195874546016,1430.0,-0.8608195874533398,0.0,-1.2618752990609052e-12,0.0
23.82000119600002,60.0,95.22952091662074,-35.22952091662074,-0.8608195874538445,1430.0,-0.8608195874533398,0.0,-5.047501196243621e-13,0.0
23.84000093000003,60.0,95.22952091662074,-35.22952091662074,-0.8608195874535417,1430.0,-0.8608195874533398,0.0,-2.019000478497448e-13,0.0
23.860001015000023,60.0,95.22952091662074,-35.22952091662074,-0.8608195874534205,1430.0,-0.8608195874533398,0.0,-8.076001913989793e-14,0.0
23.880001212000025,60.0,95.22952091662074,-35.22952091662074,-0.8608195874533721,1430.0,-0.8608195874533398,0.0,-3.2304007655959177e-14,0.0
23.900000834000025,60.0,95.22952091662074,-35.22952091662074,-0.8608195874533526,1430.0,-0.8608195874533398,0.0,-1.2921603062383671e-14,0.0
23.920001104999983,60.0,95.22952091662074,-35.22952091662074,-0.860819587453345,1430.0,-0.8608195874533398,0.0,-5.168641224953469e-15,0.0
23.940000690000034,60.0,95.22952091662074,-35.22952091662074,-0.8608195874533419,1430.0,-0.8608195874533398,0.0,-2.0674564899813877e-15,0.0
23.960000923999985,60.0,95.22952091662074,-35.22952091662074,-0.8608195874533405,1430.0,-0.8608195874533398,0.0,-8.269825959925551e-16,0.0
23.980000953,60.0,95.22952091662074,-35.22952091662074,-0.8608195874533401,1430.0,-0.8608195874533398,0.0,-3.3079303839702206e-16,0.0
24.00000083499998,60.0,95.22952091662074,-35.22952091662074,-0.8608195874533399,1430.0,-0.8608195874533398,0.0,-1.3231721535880883e-16,0.0
24.020000772000003,60.0,95.22952091662074,-35.22952091662074,-0.8608195874533398,1430.0,-0.8608195874533398,0.0,-5.2926886143523534e-17,0.0
24.040000931999998,60.0,95.22952091662074,-35.22952091662074,-0.8608195874533398,1430.0,-0.8608195874533398,0.0,-2.1170754457409415e-17,0.0
24.06000086900002,60.0,95.22952091662074,-35.22952091662074,-0.8608195874533398,1430.0,-0.8608195874533398,0.0,-8.468301782963767e-18,0.0
24.080000917000007,60.0,95.22952091662074,-35.22952091662074,-0.8608195874533398,1430.0,-0.8608195874533398,0.0,-3.387320713185507e-18,0.0
24.10000118800002,60.0,95.22952091662074,-35.22952091662074,-0.8608195874533398,1430.0,-0.8608195874533398,0.0,-1.3549282852742028e-18,0.0
24.120000903000005,60.0,95.22952091662074,-35.22952091662074,-0.8608195874533398,1430.0,-0.8608195874533398,0.0,-5.419713141096812e-19,0.0
24.140000858999997,60.0,95.22952091662074,-35.22952091662074,-0.8608195874533398,1430.0,-0.8608195874533398,0.0,-2.1678852564387248e-19,0.0
24.16000105500001,60.0,95.22952091662074,-35.22952091662074,-0.8608195874533398,1430.0,-0.8608195874533398,0.0,-8.671541025754899e-20,0.0
24.18000091800002,60.0,95.22952091662074,-35.22952091662074,-0.8608195874533398,1430.0,-0.8608195874533398,0.0,-3.4686164103019596e-20,0.0
24.200000799999998,60.0,95.22952091662074,-35.22952091662074,-0.8608195874533398,1430.0,-0.8608195874533398,0.0,-1.387446564120784e-20,0.0
24.22000099600001,60.0,95.22952091662074,-35.22952091662074,-0.8608195874533398,1430.0,-0.8608195874533398,0.0,-5.549786256483137e-21,0.0
24.240001137000036,60.0,95.22561257013206,-35.22561257013206,-0.8607240885329889,1430.0,-0.8607240885329889,0.0,-2.2199145025932548e-21,0.0
24.260000703999992,60.0,95.22561257013206,-35.22561257013206,-0.8607240885329889,1430.0,-0.8607240885329889,0.0,-8.87965801037302e-22,0.0
24.280000938,60.0,95.2213334506892,-35.2213334506892,-0.8606195299202792,1430.0,-0.8606195299202792,0.0,-3.551863204149208e-22,0.0
24.30000080100001,60.0,95.2213334506892,-35.2213334506892,-0.8606195299202792,1430.0,-0.8606195299202792,0.0,-1.4207452816596835e-22,0.0
24.320000942000036,60.0,95.2213334506892,-35.2213334506892,-0.8606195299202792,1430.0,-0.8606195299202792,0.0,-5.682981126638734e-23,0.0
24.340000749000012,60.0,95.2213334506892,-35.2213334506892,-0.8606195299202792,1430.0,-0.8606195299202792,0.0,-2.2731924506554937e-23,0.0
24.36000098300002,60.0,95.2213334506892,-35.2213334506892,-0.8606195299202792,1430.0,-0.8606195299202792,0.0,-9.092769802621975e-24,0.0
24.380000994,60.0,95.2213334506892,-35.2213334506892,-0.8606195299202792,1430.0,-0.8606195299202792,0.0,-3.63710792104879e-24,0.0
24.40000093200001,60.0,95.2213334506892,-35.2213334506892,-0.8606195299202792,1430.0,-0.8606195299202792,0.0,-1.454843168419516e-24,0.0
24.42000107199999,60.0,95.2213334506892,-35.2213334506892,-0.8606195299202792,1430.0,-0.8606195299202792,0.0,-5.819372673678065e-25,0.0
24.440000898999983,60.0,95.2213334506892,-35.2213334506892,-0.8606195299202792,1430.0,-0.8606195299202792,0.0,-2.327749069471226e-25,0.0
24.460000965000006,60.0,95.2213334506892,-35.2213334506892,-0.8606195299202792,1430.0,-0.8606195299202792,0.0,-9.310996277884905e-26,0.0
24.480001403000017,60.0,95.2213334506892,-35.2213334506892,-0.8606195299202792,1430.0,-0.8606195299202792,0.0,-3.724398511153962e-26,0.0
24.50000085800002,60.0,95.2213334506892,-35.2213334506892,-0.8606195299202792,1430.0,-0.8606195299202792,0.0,-1.489759404461585e-26,0.0
24.52000136999999,60.0,95.2213334506892,-35.2213334506892,-0.8606195299202792,1430.0,-0.8606195299202792,0.0,-5.959037617846341e-27,0.0
24.54000119599999,60.0,95.22391132905261,-35.22391132905261,-0.8606825193714999,1430.0,-0.8606825193714999,0.0,-2.3836150471385366e-27,0.0
24.56000081999997,60.0,95.22391132905261,-35.22391132905261,-0.8606825193714999,1430.0,-0.8606825193714999,0.0,-9.534460188554145e-28,0.0
24.580000685000016,60.0,95.22686198579976,-35.22686198579976,-0.8607546175169671,1430.0,-0.8607546175169671,0.0,-3.8137840754216584e-28,0.0
24.60000123599997,60.0,95.22686198579976,-35.22686198579976,-0.8607546175169671,1430.0,-0.8607546175169671,0.0,-1.5255136301686636e-28,0.0
24.620000898,60.0,95.22686198579976,-35.22686198579976,-0.8607546175169671,1430.0,-0.8607546175169671,0.0,-6.102054520674655e-29,0.0
24.640001153000014,60.0,95.22295312205267,-35.22295312205267,-0.8606591059576093,1430.0,-0.8606591059576093,0.0,-2.4408218082698622e-29,0.0
24.66000088900006,60.0,95.22295312205267,-35.22295312205267,-0.8606591059576093,1430.0,-0.8606591059576093,0.0,-9.76328723307945e-30,0.0
24.680001068999957,60.0,95.2186745911954,-35.218674591195395,-0.8605545617267585,1430.0,-0.8605545617267585,0.0,-3.90531489323178e-30,0.0
24.700000990999968,60.0,95.2186745911954,-35.218674591195395,-0.8605545617267585,1430.0,-0.8605545617267585,0.0,-1.562125957292712e-30,0.0
24.72000074500005,60.0,95.2186745911954,-35.218674591195395,-0.8605545617267585,1430.0,-0.8605545617267585,0.0,-6.248503829170848e-31,0.0
24.740001092,60.0,95.22125228808909,-35.22125228808909,-0.8606175467438373,1430.0,-0.8606175467438373,0.0,-2.4994015316683393e-31,0.0
24.760000699000045,60.0,95.22125228808909,-35.22125228808909,-0.8606175467438373,1430.0,-0.8606175467438373,0.0,-9.997606126673358e-32,0.0
24.780000657000016,60.0,95.22125228808909,-35.22125228808909,-0.8606175467438373,1430.0,-0.8606175467438373,0.0,-3.9990424506693434e-32,0.0
24.80000133799996,60.0,95.22125228808909,-35.22125228808909,-0.8606175467438373,1430.0,-0.8606175467438373,0.0,-1.5996169802677374e-32,0.0
24.820000925999977,60.0,95.22125228808909,-35.22125228808909,-0.8606175467438373,1430.0,-0.8606175467438373,0.0,-6.39846792107095e-33,0.0
24.84000093900005,60.0,95.2242032327556,-35.2242032327556,-0.860689651924502,1430.0,-0.860689651924502,0.0,-2.55938716842838e-33,0.0
24.860001008999973,60.0,95.2242032327556,-35.2242032327556,-0.860689651924502,1430.0,-0.860689651924502,0.0,-1.0237548673713521e-33,0.0
24.880000911999957,60.0,95.22125228808909,-35.22125228808909,-0.8606175467438373,1430.0,-0.8606175467438373,0.0,-4.0950194694854085e-34,0.0
24.90000092500003,60.0,95.22125228808909,-35.22125228808909,-0.8606175467438373,1430.0,-0.8606175467438373,0.0,-1.6380077877941634e-34,0.0
24.920000698000024,60.0,95.22125228808909,-35.22125228808909,-0.8606175467438373,1430.0,-0.8606175467438373,0.0,-6.552031151176654e-35,0.0
24.940000879000024,60.0,95.22125228808909,-35.22125228808909,-0.8606175467438373,1430.0,-0.8606175467438373,0.0,-2.620812460470662e-35,0.0
24.960000726000033,60.0,95.22125228808909,-35.22125228808909,-0.8606175467438373,1430.0,-0.8606175467438373,0.0,-1.0483249841882647e-35,0.0
24.980000665999967,60.0,95.22125228808909,-35.22125228808909,-0.8606175467438373,1430.0,-0.8606175467438373,0.0,-4.1932999367530594e-36,0.0
25.000001069000007,60.0,95.22125228808909,-35.22125228808909,-0.8606175467438373,1430.0,-0.8606175467438373,0.0,-1.6773199747012236e-36,0.0
25.020001045000015,60.0,95.22125228808909,-35.22125228808909,-0.8606175467438373,1430.0,-0.8606175467438373,0.0,-6.7092798988048945e-37,0.0
25.040001003999976,60.0,95.22553061542419,-35.22553061542419,-0.8607220860017031,1430.0,-0.8607220860017031,0.0,-2.6837119595219583e-37,0.0
25.060000795000008,60.0,95.22553061542419,-35.22553061542419,-0.8607220860017031,1430.0,-0.8607220860017031,0.0,-1.0734847838087832e-37,0.0
25.080001012999958,60.0,95.22553061542419,-35.22553061542419,-0.8607220860017031,1430.0,-0.8607220860017031,0.0,-4.2939391352351334e-38,0.0
25.10000063800004,60.0,95.22553061542419,-35.22553061542419,-0.8607220860017031,1430.0,-0.8607220860017031,0.0,-1.7175756540940534e-38,0.0
25.120000874000027,60.0,95.22553061542419,-35.22553061542419,-0.8607220860017031,1430.0,-0.8607220860017031,0.0,-6.870302616376214e-39,0.0
25.14000090600001,60.0,95.22295312205267,-35.22295312205267,-0.8606591059576093,1430.0,-0.8606591059576093,0.0,-2.748121046550486e-39,0.0
25.16000088300001,60.0,95.22295312205267,-35.22295312205267,-0.8606591059576093,1430.0,-0.8606591059576093,0.0,-1.0992484186201945e-39,0.0
25.180000914999994,60.0,95.22686198579976,-35.22686198579976,-0.8607546175169671,1430.0,-0.8607546175169671,0.0,-4.396993674480778e-40,0.0
25.200001076999968,60.0,95.22686198579976,-35.22686198579976,-0.8607546175169671,1430.0,-0.8607546175169671,0.0,-1.7587974697923113e-40,0.0
25.220000924999965,60.0,95.22686198579976,-35.22686198579976,-0.8607546175169671,1430.0,-0.8607546175169671,0.0,-7.035189879169245e-41,0.0
25.240000641999984,60.0,95.22686198579976,-35.22686198579976,-0.8607546175169671,1430.0,-0.8607546175169671,0.0,-2.8140759516676985e-41,0.0
25.260000767000008,60.0,95.22686198579976,-35.22686198579976,-0.8607546175169671,1430.0,-0.8607546175169671,0.0,-1.1256303806670794e-41,0.0
25.280001002999995,60.0,95.22686198579976,-35.22686198579976,-0.8607546175169671,1430.0,-0.8607546175169671,0.0,-4.502521522668318e-42,0.0
25.300000757999953,60.0,95.22686198579976,-35.22686198579976,-0.8607546175169671,1430.0,-0.8607546175169671,0.0,-1.8010086090673273e-42,0.0
25.320000882999977,60.0,95.22686198579976,-35.22686198579976,-0.8607546175169671,1430.0,-0.8607546175169671,0.0,-7.20403443626931e-43,0.0
25.34000067400001,60.0,95.22295312205267,-35.22295312205267,-0.8606591059576093,1430.0,-0.8606591059576093,0.0,-2.8816137745077236e-43,0.0
25.360000651000007,60.0,95.22295312205267,-35.22295312205267,-0.8606591059576093,1430.0,-0.8606591059576093,0.0,-1.1526455098030895e-43,0.0
25.38000107199997,60.0,95.2186745911954,-35.218674591195395,-0.8605545617267585,1430.0,-0.8605545617267585,0.0,-4.610582039212358e-44,0.0
25.400001105000058,60.0,95.2186745911954,-35.218674591195395,-0.8605545617267585,1430.0,-0.8605545617267585,0.0,-1.8442328156849435e-44,0.0
25.42000096999999,60.0,95.2186745911954,-35.218674591195395,-0.8605545617267585,1430.0,-0.8605545617267585,0.0,-7.376931262739774e-45,0.0
25.440001169000027,60.0,95.21572404916407,-35.215724049164066,-0.8604824663843272,1430.0,-0.8604824663843272,0.0,-2.95077250509591e-45,0.0
25.460001016000035,60.0,95.21572404916407,-35.215724049164066,-0.8604824663843272,1430.0,-0.8604824663843272,0.0,-1.1803090020383639e-45,0.0
25.48000114100006,60.0,95.21572404916407,-35.215724049164066,-0.8604824663843272,1430.0,-0.8604824663843272,0.0,-4.7212360081534564e-46,0.0
25.50000110000002,60.0,95.21572404916407,-35.215724049164066,-0.8604824663843272,1430.0,-0.8604824663843272,0.0,-1.8884944032613826e-46,0.0
25.520001168999954,60.0,95.21572404916407,-35.215724049164066,-0.8604824663843272,1430.0,-0.8604824663843272,0.0,-7.553977613045529e-47,0.0
25.540000942000063,60.0,95.21572404916407,-35.215724049164066,-0.8604824663843272,1430.0,-0.8604824663843272,0.0,-3.021591045218212e-47,0.0
25.560000938999963,60.0,95.21572404916407,-35.215724049164066,-0.8604824663843272,1430.0,-0.8604824663843272,0.0,-1.208636418087285e-47,0.0
25.58000075199999,60.0,95.21572404916407,-35.215724049164066,-0.8604824663843272,1430.0,-0.8604824663843272,0.0,-4.83454567234914e-48,0.0
25.600000916000056,60.0,95.21572404916407,-35.215724049164066,-0.8604824663843272,1430.0,-0.8604824663843272,0.0,-1.9338182689396562e-48,0.0
25.62000095100001,60.0,95.21572404916407,-35.215724049164066,-0.8604824663843272,1430.0,-0.8604824663843272,0.0,-7.735273075758625e-49,0.0
25.640001041000062,60.0,95.21572404916407,-35.215724049164066,-0.8604824663843272,1430.0,-0.8604824663843272,0.0,-3.09410923030345e-49,0.0
25.66000076100005,60.0,95.21572404916407,-35.215724049164066,-0.8604824663843272,1430.0,-0.8604824663843272,0.0,-1.23764369212138e-49,0.0
25.680000777999965,60.0,95.21572404916407,-35.215724049164066,-0.8604824663843272,1430.0,-0.8604824663843272,0.0,-4.95057476848552e-50,0.0
25.700001090000058,60.0,95.21572404916407,-35.215724049164066,-0.8604824663843272,1430.0,-0.8604824663843272,0.0,-1.9802299073942083e-50,0.0
25.720001070000023,60.0,95.22000258002134,-35.220002580021344,-0.8605870106151781,1430.0,-0.8605870106151781,0.0,-7.920919629576834e-51,0.0
25.74000095599996,60.0,95.22000258002134,-35.220002580021344,-0.8605870106151781,1430.0,-0.8605870106151781,0.0,-3.1683678518307335e-51,0.0
25.76000080600005,60.0,95.22000258002134,-35.220002580021344,-0.8605870106151781,1430.0,-0.8605870106151781,0.0,-1.2673471407322935e-51,0.0
25.780000841000003,60.0,95.22000258002134,-35.220002580021344,-0.8605870106151781,1430.0,-0.8605870106151781,0.0,-5.069388562929174e-52,0.0
25.800001320000035,60.0,95.22000258002134,-35.220002580021344,-0.8605870106151781,1430.0,-0.8605870106151781,0.0,-2.02775542517167e-52,0.0
25.820001096,60.0,95.22391132905261,-35.22391132905261,-0.8606825193714999,1430.0,-0.8606825193714999,0.0,-8.11102170068668e-53,0.0
25.840000705000023,60.0,95.22391132905261,-35.22391132905261,-0.8606825193714999,1430.0,-0.8606825193714999,0.0,-3.244408680274672e-53,0.0
25.860001091000015,60.0,95.22391132905261,-35.22391132905261,-0.8606825193714999,1430.0,-0.8606825193714999,0.0,-1.2977634721098688e-53,0.0
25.88000129300002,60.0,95.22391132905261,-35.22391132905261,-0.8606825193714999,1430.0,-0.8606825193714999,0.0,-5.191053888439476e-54,0.0
25.900000790999968,60.0,95.22391132905261,-35.22391132905261,-0.8606825193714999,1430.0,-0.8606825193714999,0.0,-2.0764215553757901e-54,0.0
25.92000091799997,60.0,95.22391132905261,-35.22391132905261,-0.8606825193714999,1430.0,-0.8606825193714999,0.0,-8.305686221503162e-55,0.0
25.94000080500001,60.0,95.22391132905261,-35.22391132905261,-0.8606825193714999,1430.0,-0.8606825193714999,0.0,-3.322274488601265e-55,0.0
25.960001042999977,60.0,95.22391132905261,-35.22391132905261,-0.8606825193714999,1430.0,-0.8606825193714999,0.0,-1.328909795440506e-55,0.0
25.98000074500004,60.0,95.22391132905261,-35.22391132905261,-0.8606825193714999,1430.0,-0.8606825193714999,0.0,-5.315639181762024e-56,0.0
26.00000109399997,60.0,95.22391132905261,-35.22391132905261,-0.8606825193714999,1430.0,-0.8606825193714999,0.0,-2.12625567270481e-56,0.0
26.02000098100001,60.0,95.22391132905261,-35.22391132905261,-0.8606825193714999,1430.0,-0.8606825193714999,0.0,-8.50502269081924e-57,0.0
26.040000830999986,60.0,95.22391132905261,-35.22391132905261,-0.8606825193714999,1430.0,-0.8606825193714999,0.0,-3.402009076327696e-57,0.0
26.06000105100003,60.0,95.22391132905261,-35.22391132905261,-0.8606825193714999,1430.0,-0.8606825193714999,0.0,-1.3608036305310785e-57,0.0
26.08000121499998,60.0,95.22391132905261,-35.22391132905261,-0.8606825193714999,1430.0,-0.8606825193714999,0.0,-5.443214522124314e-58,0.0
26.100000972000032,60.0,95.22391132905261,-35.22391132905261,-0.8606825193714999,1430.0,-0.8606825193714999,0.0,-2.177285808849726e-58,0.0
26.12000082200001,60.0,95.22391132905261,-35.22391132905261,-0.8606825193714999,1430.0,-0.8606825193714999,0.0,-8.709143235398904e-59,0.0
26.140001116000064,60.0,95.22391132905261,-35.22391132905261,-0.8606825193714999,1430.0,-0.8606825193714999,0.0,-3.4836572941595614e-59,0.0
26.160000669999988,60.0,95.22391132905261,-35.22391132905261,-0.8606825193714999,1430.0,-0.8606825193714999,0.0,-1.3934629176638246e-59,0.0
26.180001038000057,60.0,95.2213334506892,-35.2213334506892,-0.8606195299202792,1430.0,-0.8606195299202792,0.0,-5.573851670655299e-60,0.0
26.200001053999983,60.0,95.2213334506892,-35.2213334506892,-0.8606195299202792,1430.0,-0.8606195299202792,0.0,-2.2295406682621192e-60,0.0
26.22000103299996,60.0,95.2213334506892,-35.2213334506892,-0.8606195299202792,1430.0,-0.8606195299202792,0.0,-8.918162673048478e-61,0.0
26.240001124000003,60.0,95.2213334506892,-35.2213334506892,-0.8606195299202792,1430.0,-0.8606195299202792,0.0,-3.5672650692193915e-61,0.0
26.26000106600003,60.0,95.2213334506892,-35.2213334506892,-0.8606195299202792,1430.0,-0.8606195299202792,0.0,-1.4269060276877565e-61,0.0
26.280001008000056,60.0,95.2213334506892,-35.2213334506892,-0.8606195299202792,1430.0,-0.8606195299202792,0.0,-5.707624110751027e-62,0.0
26.300000673000056,60.0,95.2213334506892,-35.2213334506892,-0.8606195299202792,1430.0,-0.8606195299202792,0.0,-2.2830496443004107e-62,0.0
26.320001021999985,60.0,95.2213334506892,-35.2213334506892,-0.8606195299202792,1430.0,-0.8606195299202792,0.0,-9.132198577201644e-63,0.0
26.34000085300005,60.0,95.2213334506892,-35.2213334506892,-0.8606195299202792,1430.0,-0.8606195299202792,0.0,-3.6528794308806574e-63,0.0
26.360000943999978,60.0,95.2213334506892,-35.2213334506892,-0.8606195299202792,1430.0,-0.8606195299202792,0.0,-1.461151772352263e-63,0.0
26.38000094199998,60.0,95.2213334506892,-35.2213334506892,-0.8606195299202792,1430.0,-0.8606195299202792,0.0,-5.844607089409053e-64,0.0
26.400000661999968,60.0,95.2213334506892,-35.2213334506892,-0.8606195299202792,1430.0,-0.8606195299202792,0.0,-2.3378428357636214e-64,0.0
26.420000992999974,60.0,95.2213334506892,-35.2213334506892,-0.8606195299202792,1430.0,-0.8606195299202792,0.0,-9.351371343054486e-65,0.0
26.44000106499999,60.0,95.2213334506892,-35.2213334506892,-0.8606195299202792,1430.0,-0.8606195299202792,0.0,-3.740548537221795e-65,0.0
26.460001043999966,60.0,95.2213334506892,-35.2213334506892,-0.8606195299202792,1430.0,-0.8606195299202792,0.0,-1.496219414888718e-65,0.0
26.480001060000006,60.0,95.21742470165793,-35.21742470165793,-0.8605240211639577,1430.0,-0.8605240211639577,0.0,-5.984877659554873e-66,0.0
26.500001168999972,60.0,95.21742470165793,-35.21742470165793,-0.8605240211639577,1430.0,-0.8605240211639577,0.0,-2.393951063821949e-66,0.0
26.520001130000026,60.0,95.2131459672828,-35.2131459672828,-0.8604194719602276,1430.0,-0.8604194719602276,0.0,-9.575804255287798e-67,0.0
26.54000112800003,60.0,95.2131459672828,-35.2131459672828,-0.8604194719602276,1430.0,-0.8604194719602276,0.0,-3.830321702115119e-67,0.0
26.560000885999955,60.0,95.2131459672828,-35.2131459672828,-0.8604194719602276,1430.0,-0.8604194719602276,0.0,-1.5321286808460476e-67,0.0
26.580000868000013,60.0,95.2131459672828,-35.2131459672828,-0.8604194719602276,1430.0,-0.8604194719602276,0.0,-6.128514723384191e-68,0.0
26.600000702000045,60.0,95.2131459672828,-35.2131459672828,-0.8604194719602276,1430.0,-0.8604194719602276,0.0,-2.4514058893536762e-68,0.0
26.620000832000017,60.0,95.2131459672828,-35.2131459672828,-0.8604194719602276,1430.0,-0.8604194719602276,0.0,-9.805623557414706e-69,0.0
26.640000832,60.0,95.2131459672828,-35.2131459672828,-0.8604194719602276,1430.0,-0.8604194719602276,0.0,-3.9222494229658825e-69,0.0
26.660000943000057,60.0,95.2131459672828,-35.2131459672828,-0.8604194719602276,1430.0,-0.8604194719602276,0.0,-1.568899769186353e-69,0.0
26.680000740000025,60.0,95.2131459672828,-35.2131459672828,-0.8604194719602276,1430.0,-0.8604194719602276,0.0,-6.275599076745413e-70,0.0
26.700000998999997,60.0,95.2131459672828,-35.2131459672828,-0.8604194719602276,1430.0,-0.8604194719602276,0.0,-2.510239630698165e-70,0.0
26.720000981000055,60.0,95.21572404916407,-35.215724049164066,-0.8604824663843272,1430.0,-0.8604824663843272,0.0,-1.0040958522792661e-70,0.0
26.740001073999963,60.0,95.21572404916407,-35.215724049164066,-0.8604824663843272,1430.0,-0.8604824663843272,0.0,-4.016383409117065e-71,0.0
26.760000832999992,60.0,95.21572404916407,-35.215724049164066,-0.8604824663843272,1430.0,-0.8604824663843272,0.0,-1.6065533636468256e-71,0.0
26.780000907999977,60.0,95.21572404916407,-35.215724049164066,-0.8604824663843272,1430.0,-0.8604824663843272,0.0,-6.426213454587303e-72,0.0
26.800000722999982,60.0,95.21572404916407,-35.215724049164066,-0.8604824663843272,1430.0,-0.8604824663843272,0.0,-2.5704853818349213e-72,0.0
26.820001185999956,60.0,95.21476532481324,-35.21476532481324,-0.86045904032917,1430.0,-0.86045904032917,0.0,-1.0281941527339686e-72,0.0
26.840001038000025,60.0,95.21476532481324,-35.21476532481324,-0.86045904032917,1430.0,-0.86045904032917,0.0,-4.112776610935875e-73,0.0
26.860000834999994,60.0,95.21476532481324,-35.21476532481324,-0.86045904032917,1430.0,-0.86045904032917,0.0,-1.64511064437435e-73,0.0
26.880000928000015,60.0,95.21476532481324,-35.21476532481324,-0.86045904032917,1430.0,-0.86045904032917,0.0,-6.5804425774974e-74,0.0
26.900000723999995,60.0,95.21476532481324,-35.21476532481324,-0.86045904032917,1430.0,-0.86045904032917,0.0,-2.6321770309989603e-74,0.0
26.920000649999963,60.0,95.2186745911954,-35.218674591195395,-0.8605545617267585,1430.0,-0.8605545617267585,0.0,-1.0528708123995841e-74,0.0
26.94000085400006,60.0,95.2186745911954,-35.218674591195395,-0.8605545617267585,1430.0,-0.8605545617267585,0.0,-4.2114832495983367e-75,0.0
26.960000761999993,60.0,95.2186745911954,-35.218674591195395,-0.8605545617267585,1430.0,-0.8605545617267585,0.0,-1.6845932998393348e-75,0.0
26.98000103999999,60.0,95.2186745911954,-35.218674591195395,-0.8605545617267585,1430.0,-0.8605545617267585,0.0,-6.73837319935734e-76,0.0
27.00000080000001,60.0,95.2186745911954,-35.218674591195395,-0.8605545617267585,1430.0,-0.8605545617267585,0.0,-2.6953492797429358e-76,0.0
27.020000725999978,60.0,95.2186745911954,-35.218674591195395,-0.8605545617267585,1430.0,-0.8605545617267585,0.0,-1.0781397118971744e-76,0.0
27.04000104100004,60.0,95.2186745911954,-35.218674591195395,-0.8605545617267585,1430.0,-0.8605545617267585,0.0,-4.3125588475886976e-77,0.0
27.060000892999994,60.0,95.2186745911954,-35.218674591195395,-0.8605545617267585,1430.0,-0.8605545617267585,0.0,-1.7250235390354792e-77,0.0
27.080000745000063,60.0,95.2186745911954,-35.218674591195395,-0.8605545617267585,1430.0,-0.8605545617267585,0.0,-6.900094156141917e-78,0.0
27.100000781999995,60.0,95.2186745911954,-35.218674591195395,-0.8605545617267585,1430.0,-0.8605545617267585,0.0,-2.760037662456767e-78,0.0
27.120000671000014,60.0,95.2186745911954,-35.218674591195395,-0.8605545617267585,1430.0,-0.8605545617267585,0.0,-1.1040150649827068e-78,0.0
27.14000117200004,60.0,95.2186745911954,-35.218674591195395,-0.8605545617267585,1430.0,-0.8605545617267585,0.0,-4.416060259930827e-79,0.0
27.16000070900003,60.0,95.2186745911954,-35.218674591195395,-0.8605545617267585,1430.0,-0.8605545617267585,0.0,-1.7664241039723312e-79,0.0
27.180000745999962,60.0,95.2186745911954,-35.218674591195395,-0.8605545617267585,1430.0,-0.8605545617267585,0.0,-7.065696415889324e-80,0.0
27.200000968999973,60.0,95.2186745911954,-35.218674591195395,-0.8605545617267585,1430.0,-0.8605545617267585,0.0,-2.8262785663557298e-80,0.0
27.22000065399999,60.0,95.22125228808909,-35.22125228808909,-0.8606175467438373,1430.0,-0.8606175467438373,0.0,-1.130511426542292e-80,0.0
27.240000931999987,60.0,95.22125228808909,-35.22125228808909,-0.8606175467438373,1430.0,-0.8606175467438373,0.0,-4.522045706169168e-81,0.0
27.260001044000035,60.0,95.22125228808909,-35.22125228808909,-0.8606175467438373,1430.0,-0.8606175467438373,0.0,-1.8088182824676672e-81,0.0
27.28000072900005,60.0,95.22943947917128,-35.229439479171276,-0.8608175975610611,1430.0,-0.8608175975610611,0.0,-7.23527312987067e-82,0.0
27.30000091400001,60.0,95.22943947917128,-35.229439479171276,-0.8608175975610611,1430.0,-0.8608175975610611,0.0,-2.894109251948268e-82,0.0
27.320000804000017,60.0,95.22943947917128,-35.229439479171276,-0.8608175975610611,1430.0,-0.8608175975610611,0.0,-1.1576437007793073e-82,0.0
27.340000858999986,60.0,95.22943947917128,-35.229439479171276,-0.8608175975610611,1430.0,-0.8608175975610611,0.0,-4.630574803117229e-83,0.0
27.360000823000007,60.0,95.22943947917128,-35.229439479171276,-0.8608175975610611,1430.0,-0.8608175975610611,0.0,-1.8522299212468916e-83,0.0
27.380000767000013,60.0,95.22943947917128,-35.229439479171276,-0.8608175975610611,1430.0,-0.8608175975610611,0.0,-7.408919684987567e-84,0.0
27.40000100800006,60.0,95.22943947917128,-35.229439479171276,-0.8608175975610611,1430.0,-0.8608175975610611,0.0,-2.963567873995027e-84,0.0
27.420000822999953,60.0,95.22943947917128,-35.229439479171276,-0.8608175975610611,1430.0,-0.8608175975610611,0.0,-1.185427149598011e-84,0.0
27.440000953000037,60.0,95.22943947917128,-35.229439479171276,-0.8608175975610611,1430.0,-0.8608175975610611,0.0,-4.7417085983920444e-85,0.0
27.46000086099997,60.0,95.22943947917128,-35.229439479171276,-0.8608175975610611,1430.0,-0.8608175975610611,0.0,-1.8966834393568178e-85,0.0
27.480001380000033,60.0,95.22686198579976,-35.22686198579976,-0.8607546175169671,1430.0,-0.8607546175169671,0.0,-7.586733757427272e-86,0.0
27.500001306,60.0,95.22686198579976,-35.22686198579976,-0.8607546175169671,1430.0,-0.8607546175169671,0.0,-3.0346935029709093e-86,0.0
27.52000071399999,60.0,95.22686198579976,-35.22686198579976,-0.8607546175169671,1430.0,-0.8607546175169671,0.0,-1.2138774011883636e-86,0.0
27.540000751000036,60.0,95.22686198579976,-35.22686198579976,-0.8607546175169671,1430.0,-0.8607546175169671,0.0,-4.855509604753455e-87,0.0
27.560001030000024,60.0,95.22686198579976,-35.22686198579976,-0.8607546175169671,1430.0,-0.8607546175169671,0.0,-1.9422038419013822e-87,0.0
27.580001089000064,60.0,95.22686198579976,-35.22686198579976,-0.8607546175169671,1430.0,-0.8607546175169671,0.0,-7.768815367605527e-88,0.0
27.600000962000024,60.0,95.22686198579976,-35.22686198579976,-0.8607546175169671,1430.0,-0.8607546175169671,0.0,-3.107526147042211e-88,0.0
27.620000724000022,60.0,95.22686198579976,-35.22686198579976,-0.8607546175169671,1430.0,-0.8607546175169671,0.0,-1.2430104588168845e-88,0.0
27.640000929999985,60.0,95.22686198579976,-35.22686198579976,-0.8607546175169671,1430.0,-0.8607546175169671,0.0,-4.972041835267539e-89,0.0
27.66000106200005,60.0,95.22686198579976,-35.22686198579976,-0.8607546175169671,1430.0,-0.8607546175169671,0.0,-1.9888167341070156e-89,0.0
27.68000084299996,60.0,95.22686198579976,-35.22686198579976,-0.8607546175169671,1430.0,-0.8607546175169671,0.0,-7.955266936428062e-90,0.0
27.700000881999983,60.0,95.22686198579976,-35.22686198579976,-0.8607546175169671,1430.0,-0.8607546175169671,0.0,-3.182106774571225e-90,0.0
27.720335347999992,60.0,95.22686198579976,-35.22686198579976,-0.8607546175169671,1430.0,-0.8607546175169671,0.0,-1.27284270982849e-90,0.0
27.740001016999997,60.0,95.22686198579976,-35.22686198579976,-0.8607546175169671,1430.0,-0.8607546175169671,0.0,-5.091370839313961e-91,0.0
27.760001297999963,60.0,95.22686198579976,-35.22686198579976,-0.8607546175169671,1430.0,-0.8607546175169671,0.0,-2.0365483357255844e-91,0.0
27.78000111500006,60.0,95.22686198579976,-35.22686198579976,-0.8607546175169671,1430.0,-0.8607546175169671,0.0,-8.146193342902338e-92,0.0
27.804118803999984,60.0,95.22686198579976,-35.22686198579976,-0.8607546175169671,1430.0,-0.8607546175169671,0.0,-3.258477337160935e-92,0.0
27.82000075000002,60.0,95.22686198579976,-35.22686198579976,-0.8607546175169671,1430.0,-0.8607546175169671,0.0,-1.3033909348643744e-92,0.0
27.840000660000044,60.0,95.22686198579976,-35.22686198579976,-0.8607546175169671,1430.0,-0.8607546175169671,0.0,-5.213563739457498e-93,0.0
27.860000756000034,60.0,95.22686198579976,-35.22686198579976,-0.8607546175169671,1430.0,-0.8607546175169671,0.0,-2.085425495782999e-93,0.0
27.880001184000037,60.0,95.22686198579976,-35.22686198579976,-0.8607546175169671,1430.0,-0.8607546175169671,0.0,-8.341701983131997e-94,0.0
27.900000798000008,60.0,95.22686198579976,-35.22686198579976,-0.8607546175169671,1430.0,-0.8607546175169671,0.0,-3.336680793252799e-94,0.0
27.920001782000043,60.0,95.22686198579976,-35.22686198579976,-0.8607546175169671,1430.0,-0.8607546175169671,0.0,-1.3346723173011197e-94,0.0
27.94000128500005,60.0,95.22686198579976,-35.22686198579976,-0.8607546175169671,1430.0,-0.8607546175169671,0.0,-5.3386892692044786e-95,0.0
27.960000675999993,60.0,95.22686198579976,-35.22686198579976,-0.8607546175169671,1430.0,-0.8607546175169671,0.0,-2.1354757076817916e-95,0.0
27.980000419999953,60.0,95.22686198579976,-35.22686198579976,-0.8607546175169671,1430.0,-0.8607546175169671,0.0,-8.541902830727167e-96,0.0
28.00000062600003,90.0,95.22686198579976,-5.226861985799758,-0.12771633167934882,1430.0,-0.12771633167934882,0.0,0.0,0.0
28.020000683999967,90.0,95.22686198579976,-5.226861985799758,-0.12771633167934882,1430.0,-0.12771633167934882,0.0,0.0,0.0
28.040000445999965,90.0,95.22686198579976,-5.226861985799758,-0.12771633167934882,1430.0,-0.12771633167934882,0.0,0.0,0.0
28.060000301000002,90.0,95.22686198579976,-5.226861985799758,-0.12771633167934882,1430.0,-0.12771633167934882,0.0,0.0,0.0
28.080000396000003,90.0,95.23114090164893,-5.231140901648928,-0.1278208853173261,1430.0,-0.1278208853173261,0.0,0.0,0.0
28.10000028799999,90.0,95.23114090164893,-5.231140901648928,-0.1278208853173261,1430.0,-0.1278208853173261,0.0,0.0,0.0
28.120000308999977,90.0,95.23114090164893,-5.231140901648928,-0.1278208853173261,1430.0,-0.1278208853173261,0.0,0.0,0.0
28.14000034899999,90.0,95.23114090164893,-5.231140901648928,-0.1278208853173261,1430.0,-0.1278208853173261,0.0,0.0,0.0
28.160000498999977,90.0,95.23114090164893,-5.231140901648928,-0.1278208853173261,1430.0,-0.1278208853173261,0.0,0.0,0.0
28.18000033499999,90.0,95.22686198579976,-5.226861985799758,-0.12771633167934882,1430.0,-0.12771633167934882,0.0,0.0,0.0
28.200000819999957,90.0,95.22686198579976,-5.226861985799758,-0.12771633167934882,1430.0,-0.12771633167934882,0.0,0.0,0.0
28.220000341000002,90.0,95.22686198579976,-5.226861985799758,-0.12771633167934882,1430.0,-0.12771633167934882,0.0,0.0,0.0
28.240000380000026,90.0,95.22686198579976,-5.226861985799758,-0.12771633167934882,1430.0,-0.12771633167934882,0.0,0.0,0.0
28.260000365000053,90.0,95.22686198579976,-5.226861985799758,-0.12771633167934882,1430.0,-0.12771633167934882,0.0,0.0,0.0
28.28000042299999,90.0,95.22686198579976,-5.226861985799758,-0.12771633167934882,1430.0,-0.12771633167934882,0.0,0.0,0.0
28.300000443999977,90.0,95.22686198579976,-5.226861985799758,-0.12771633167934882,1430.0,-0.12771633167934882,0.0,0.0,0.0
28.320000391000065,90.0,95.22943947917128,-5.229439479171276,-0.12777931172344267,1430.0,-0.12777931172344267,0.0,0.0,0.0
28.34000037499999,90.0,95.22943947917128,-5.229439479171276,-0.12777931172344267,1430.0,-0.12777931172344267,0.0,0.0,0.0
28.36000030400004,90.0,95.22943947917128,-5.229439479171276,-0.12777931172344267,1430.0,-0.12777931172344267,0.0,0.0,0.0
28.38000027000004,90.0,95.23239053852774,-5.2323905385277385,-0.12785141970651154,1430.0,-0.12785141970651154,0.0,0.0,0.0
28.400000291000026,90.0,95.23239053852774,-5.2323905385277385,-0.12785141970651154,1430.0,-0.12785141970651154,0.0,0.0,0.0
28.420000386000027,90.0,95.23239053852774,-5.2323905385277385,-0.12785141970651154,1430.0,-0.12785141970651154,0.0,0.0,0.0
28.440000278000014,90.0,95.23239053852774,-5.2323905385277385,-0.12785141970651154,1430.0,-0.12785141970651154,0.0,0.0,0.0
28.460000428,90.0,95.23239053852774,-5.2323905385277385,-0.12785141970651154,1430.0,-0.12785141970651154,0.0,0.0,0.0
28.48000078299998,90.0,95.23239053852774,-5.2323905385277385,-0.12785141970651154,1430.0,-0.12785141970651154,0.0,0.0,0.0
28.500000544999978,90.0,95.23239053852774,-5.2323905385277385,-0.12785141970651154,1430.0,-0.12785141970651154,0.0,0.0,0.0
28.52000038099999,90.0,95.23239053852774,-5.2323905385277385,-0.12785141970651154,1430.0,-0.12785141970651154,0.0,0.0,0.0
28.540000365000026,90.0,95.23239053852774,-5.2323905385277385,-0.12785141970651154,1430.0,-0.12785141970651154,0.0,0.0,0.0
28.56000038799999,90.0,95.23239053852774,-5.2323905385277385,-0.12785141970651154,1430.0,-0.12785141970651154,0.0,0.0,0.0
28.580000429999984,90.0,95.22943947917128,-5.229439479171276,-0.12777931172344267,1430.0,-0.12777931172344267,0.0,0.0,0.0
28.600000305000037,90.0,95.22943947917128,-5.229439479171276,-0.12777931172344267,1430.0,-0.12777931172344267,0.0,0.0,0.0
28.620000625000046,90.0,95.22943947917128,-5.229439479171276,-0.12777931172344267,1430.0,-0.12777931172344267,0.0,0.0,0.0
28.640000425999972,90.0,95.22943947917128,-5.229439479171276,-0.12777931172344267,1430.0,-0.12777931172344267,0.0,0.0,0.0
28.660000265000065,90.0,95.22943947917128,-5.229439479171276,-0.12777931172344267,1430.0,-0.12777931172344267,0.0,0.0,0.0
28.680000436000057,90.0,95.22943947917128,-5.229439479171276,-0.12777931172344267,1430.0,-0.12777931172344267,0.0,0.0,0.0
28.700000404000036,90.0,95.22943947917128,-5.229439479171276,-0.12777931172344267,1430.0,-0.12777931172344267,0.0,0.0,0.0
28.720000298000002,90.0,95.22943947917128,-5.229439479171276,-0.12777931172344267,1430.0,-0.12777931172344267,0.0,0.0,0.0
28.740000414000008,90.0,95.22943947917128,-5.229439479171276,-0.12777931172344267,1430.0,-0.12777931172344267,0.0,0.0,0.0
28.760000345000037,90.0,95.22943947917128,-5.229439479171276,-0.12777931172344267,1430.0,-0.12777931172344267,0.0,0.0,0.0
28.780000332000043,90.0,95.22686198579976,-5.226861985799758,-0.12771633167934882,1430.0,-0.12771633167934882,0.0,0.0,0.0
28.80000043000001,90.0,95.22686198579976,-5.226861985799758,-0.12771633167934882,1430.0,-0.12771633167934882,0.0,0.0,0.0
28.820000323999977,90.0,95.22686198579976,-5.226861985799758,-0.12771633167934882,1430.0,-0.12771633167934882,0.0,0.0,0.0
28.840000477000046,90.0,95.22686198579976,-5.226861985799758,-0.12771633167934882,1430.0,-0.12771633167934882,0.0,0.0,0.0
28.860000426,90.0,95.22686198579976,-5.226861985799758,-0.12771633167934882,1430.0,-0.12771633167934882,0.0,0.0,0.0
28.880000635000044,90.0,95.22686198579976,-5.226861985799758,-0.12771633167934882,1430.0,-0.12771633167934882,0.0,0.0,0.0
28.90000043599997,90.0,95.22686198579976,-5.226861985799758,-0.12771633167934882,1430.0,-0.12771633167934882,0.0,0.0,0.0
28.920000275000064,90.0,95.22686198579976,-5.226861985799758,-0.12771633167934882,1430.0,-0.12771633167934882,0.0,0.0,0.0
28.940000390999955,90.0,95.22686198579976,-5.226861985799758,-0.12771633167934882,1430.0,-0.12771633167934882,0.0,0.0,0.0
28.96000030299996,90.0,95.22686198579976,-5.226861985799758,-0.12771633167934882,1430.0,-0.12771633167934882,0.0,0.0,0.0
28.980000327000027,90.0,95.22686198579976,-5.226861985799758,-0.12771633167934882,1430.0,-0.12771633167934882,0.0,0.0,0.0
29.000000424999996,90.0,95.22686198579976,-5.226861985799758,-0.12771633167934882,1430.0,-0.12771633167934882,0.0,0.0,0.0
29.02000055900004,90.0,95.22686198579976,-5.226861985799758,-0.12771633167934882,1430.0,-0.12771633167934882,0.0,0.0,0.0
29.040000620000058,90.0,95.22686198579976,-5.226861985799758,-0.12771633167934882,1430.0,-0.12771633167934882,0.0,0.0,0.0
29.060000420999984,90.0,95.22686198579976,-5.226861985799758,-0.12771633167934882,1430.0,-0.12771633167934882,0.0,0.0,0.0
29.08000024100005,90.0,95.22391132905261,-5.223911329052612,-0.12764423353388138,1430.0,-0.12764423353388138,0.0,0.0,0.0
29.100000319999992,90.0,95.22391132905261,-5.223911329052612,-0.12764423353388138,1430.0,-0.12764423353388138,0.0,0.0,0.0
29.120000325000035,90.0,95.22000258002134,-5.220002580021344,-0.1275487247775597,1430.0,-0.1275487247775597,0.0,0.0,0.0
29.140000386000054,90.0,95.22000258002134,-5.220002580021344,-0.1275487247775597,1430.0,-0.1275487247775597,0.0,0.0,0.0
29.160000371999956,90.0,95.22000258002134,-5.220002580021344,-0.1275487247775597,1430.0,-0.1275487247775597,0.0,0.0,0.0
29.180000285000062,90.0,95.2131459672828,-5.213145967282799,-0.12738118612260918,1430.0,-0.12738118612260918,0.0,0.0,0.0
29.20000041899999,90.0,95.2131459672828,-5.213145967282799,-0.12738118612260918,1430.0,-0.12738118612260918,0.0,0.0,0.0
29.22000061,90.0,95.2131459672828,-5.213145967282799,-0.12738118612260918,1430.0,-0.12738118612260918,0.0,0.0,0.0
29.240000373999976,90.0,95.2131459672828,-5.213145967282799,-0.12738118612260918,1430.0,-0.12738118612260918,0.0,0.0,0.0
29.26000037900002,90.0,95.2131459672828,-5.213145967282799,-0.12738118612260918,1430.0,-0.12738118612260918,0.0,0.0,0.0
29.280000272999985,90.0,95.2131459672828,-5.213145967282799,-0.12738118612260918,1430.0,-0.12738118612260918,0.0,0.0,0.0
29.300000334000003,90.0,95.2131459672828,-5.213145967282799,-0.12738118612260918,1430.0,-0.12738118612260918,0.0,0.0,0.0
29.320000394000033,90.0,95.2131459672828,-5.213145967282799,-0.12738118612260918,1430.0,-0.12738118612260918,0.0,0.0,0.0
29.340000307000025,90.0,95.2131459672828,-5.213145967282799,-0.12738118612260918,1430.0,-0.12738118612260918,0.0,0.0,0.0
29.360000385999967,90.0,95.2131459672828,-5.213145967282799,-0.12738118612260918,1430.0,-0.12738118612260918,0.0,0.0,0.0
29.380000242999984,90.0,95.2131459672828,-5.213145967282799,-0.12738118612260918,1430.0,-0.12738118612260918,0.0,0.0,0.0
29.400000377000026,90.0,95.2131459672828,-5.213145967282799,-0.12738118612260918,1430.0,-0.12738118612260918,0.0,0.0,0.0
29.420000270999992,90.0,95.2131459672828,-5.213145967282799,-0.12738118612260918,1430.0,-0.12738118612260918,0.0,0.0,0.0
29.440000610000027,90.0,95.2131459672828,-5.213145967282799,-0.12738118612260918,1430.0,-0.12738118612260918,0.0,0.0,0.0
29.460000280999964,90.0,95.2131459672828,-5.213145967282799,-0.12738118612260918,1430.0,-0.12738118612260918,0.0,0.0,0.0
29.480000657000062,90.0,95.2131459672828,-5.213145967282799,-0.12738118612260918,1430.0,-0.12738118612260918,0.0,0.0,0.0
29.500000772999954,90.0,95.2131459672828,-5.213145967282799,-0.12738118612260918,1430.0,-0.12738118612260918,0.0,0.0,0.0
29.520001166999975,90.0,95.2131459672828,-5.213145967282799,-0.12738118612260918,1430.0,-0.12738118612260918,0.0,0.0,0.0
29.540000745999976,90.0,95.2131459672828,-5.213145967282799,-0.12738118612260918,1430.0,-0.12738118612260918,0.0,0.0,0.0
29.560000382000055,90.0,95.2131459672828,-5.213145967282799,-0.12738118612260918,1430.0,-0.12738118612260918,0.0,0.0,0.0
29.580000333999976,90.0,95.2131459672828,-5.213145967282799,-0.12738118612260918,1430.0,-0.12738118612260918,0.0,0.0,0.0
29.600000545,90.0,95.2131459672828,-5.213145967282799,-0.12738118612260918,1430.0,-0.12738118612260918,0.0,0.0,0.0
29.62000038599996,90.0,95.2131459672828,-5.213145967282799,-0.12738118612260918,1430.0,-0.12738118612260918,0.0,0.0,0.0
29.640000504000056,90.0,95.2131459672828,-5.213145967282799,-0.12738118612260918,1430.0,-0.12738118612260918,0.0,0.0,0.0
29.660000271,90.0,95.2131459672828,-5.213145967282799,-0.12738118612260918,1430.0,-0.12738118612260918,0.0,0.0,0.0
29.68000029700005,90.0,95.2131459672828,-5.213145967282799,-0.12738118612260918,1430.0,-0.12738118612260918,0.0,0.0,0.0
29.700000286000034,90.0,95.2131459672828,-5.213145967282799,-0.12738118612260918,1430.0,-0.12738118612260918,0.0,0.0,0.0
29.720000404000018,90.0,95.21742470165793,-5.217424701657933,-0.1274857353263393,1430.0,-0.1274857353263393,0.0,0.0,0.0
29.740000356000053,90.0,95.21742470165793,-5.217424701657933,-0.1274857353263393,1430.0,-0.1274857353263393,0.0,0.0,0.0
29.76000036299996,90.0,95.21742470165793,-5.217424701657933,-0.1274857353263393,1430.0,-0.1274857353263393,0.0,0.0,0.0
29.780000278000045,90.0,95.2213334506892,-5.221333450689201,-0.12758124408266094,1430.0,-0.12758124408266094,0.0,0.0,0.0
29.800000545000046,90.0,95.2213334506892,-5.221333450689201,-0.12758124408266094,1430.0,-0.12758124408266094,0.0,0.0,0.0
29.820000755999956,90.0,95.2213334506892,-5.221333450689201,-0.12758124408266094,1430.0,-0.12758124408266094,0.0,0.0,0.0
29.840000484999962,90.0,95.2213334506892,-5.221333450689201,-0.12758124408266094,1430.0,-0.12758124408266094,0.0,0.0,0.0
29.86000051100001,90.0,95.2213334506892,-5.221333450689201,-0.12758124408266094,1430.0,-0.12758124408266094,0.0,0.0,0.0
29.880000499999994,90.0,95.2213334506892,-5.221333450689201,-0.12758124408266094,1430.0,-0.12758124408266094,0.0,0.0,0.0
29.900000304000002,90.0,95.2213334506892,-5.221333450689201,-0.12758124408266094,1430.0,-0.12758124408266094,0.0,0.0,0.0
29.92000033000005,90.0,95.2213334506892,-5.221333450689201,-0.12758124408266094,1430.0,-0.12758124408266094,0.0,0.0,0.0
29.940000393000048,90.0,95.2213334506892,-5.221333450689201,-0.12758124408266094,1430.0,-0.12758124408266094,0.0,0.0,0.0
29.960000288999993,90.0,95.2213334506892,-5.221333450689201,-0.12758124408266094,1430.0,-0.12758124408266094,0.0,0.0,0.0
29.980000406999977,90.0,95.2213334506892,-5.221333450689201,-0.12758124408266094,1430.0,-0.12758124408266094,0.0,0.0,0.0
30.000000544999978,90.0,95.2213334506892,-5.221333450689201,-0.12758124408266094,1430.0,-0.12758124408266094,0.0,0.0,0.0
30.020000441000036,90.0,95.2213334506892,-5.221333450689201,-0.12758124408266094,1430.0,-0.12758124408266094,0.0,0.0,0.0
30.040000374000044,90.0,95.2213334506892,-5.221333450689201,-0.12758124408266094,1430.0,-0.12758124408266094,0.0,0.0,0.0
30.06000026999999,90.0,95.2213334506892,-5.221333450689201,-0.12758124408266094,1430.0,-0.12758124408266094,0.0,0.0,0.0
30.080000315000063,90.0,95.2213334506892,-5.221333450689201,-0.12758124408266094,1430.0,-0.12758124408266094,0.0,0.0,0.0
30.10000032199997,90.0,95.2213334506892,-5.221333450689201,-0.12758124408266094,1430.0,-0.12758124408266094,0.0,0.0,0.0
30.120000293000032,90.0,95.2213334506892,-5.221333450689201,-0.12758124408266094,1430.0,-0.12758124408266094,0.0,0.0,0.0
30.140000373999953,90.0,95.2213334506892,-5.221333450689201,-0.12758124408266094,1430.0,-0.12758124408266094,0.0,0.0,0.0
30.160000604000004,90.0,95.2213334506892,-5.221333450689201,-0.12758124408266094,1430.0,-0.12758124408266094,0.0,0.0,0.0
30.180000481000036,90.0,95.2213334506892,-5.221333450689201,-0.12758124408266094,1430.0,-0.12758124408266094,0.0,0.0,0.0
30.200000489000047,90.0,95.2213334506892,-5.221333450689201,-0.12758124408266094,1430.0,-0.12758124408266094,0.0,0.0,0.0
30.220000422000055,90.0,95.2213334506892,-5.221333450689201,-0.12758124408266094,1430.0,-0.12758124408266094,0.0,0.0,0.0
30.240000502999976,90.0,95.2213334506892,-5.221333450689201,-0.12758124408266094,1430.0,-0.12758124408266094,0.0,0.0,0.0
30.26000032600001,90.0,95.2213334506892,-5.221333450689201,-0.12758124408266094,1430.0,-0.12758124408266094,0.0,0.0,0.0
30.28000025900002,90.0,95.2213334506892,-5.221333450689201,-0.12758124408266094,1430.0,-0.12758124408266094,0.0,0.0,0.0
30.300000377000003,90.0,95.2213334506892,-5.221333450689201,-0.12758124408266094,1430.0,-0.12758124408266094,0.0,0.0,0.0
30.320000365999988,90.0,95.2213334506892,-5.221333450689201,-0.12758124408266094,1430.0,-0.12758124408266094,0.0,0.0,0.0
30.340000354999972,90.0,95.2213334506892,-5.221333450689201,-0.12758124408266094,1430.0,-0.12758124408266094,0.0,0.0,0.0
30.36000047400006,90.0,95.2213334506892,-5.221333450689201,-0.12758124408266094,1430.0,-0.12758124408266094,0.0,0.0,0.0
30.38000042599998,90.0,95.2213334506892,-5.221333450689201,-0.12758124408266094,1430.0,-0.12758124408266094,0.0,0.0,0.0
30.400000562999992,90.0,95.2213334506892,-5.221333450689201,-0.12758124408266094,1430.0,-0.12758124408266094,0.0,0.0,0.0
30.420000440000024,90.0,95.2213334506892,-5.221333450689201,-0.12758124408266094,1430.0,-0.12758124408266094,0.0,0.0,0.0
30.440000336999958,90.0,95.2213334506892,-5.221333450689201,-0.12758124408266094,1430.0,-0.12758124408266094,0.0,0.0,0.0
30.460000251000054,90.0,95.2213334506892,-5.221333450689201,-0.12758124408266094,1430.0,-0.12758124408266094,0.0,0.0,0.0
30.48000070300003,90.0,95.2213334506892,-5.221333450689201,-0.12758124408266094,1430.0,-0.12758124408266094,0.0,0.0,0.0
30.500000562000025,90.0,95.2213334506892,-5.221333450689201,-0.12758124408266094,1430.0,-0.12758124408266094,0.0,0.0,0.0
30.52000032899997,90.0,95.2213334506892,-5.221333450689201,-0.12758124408266094,1430.0,-0.12758124408266094,0.0,0.0,0.0
30.540000355000018,90.0,95.2213334506892,-5.221333450689201,-0.12758124408266094,1430.0,-0.12758124408266094,0.0,0.0,0.0
30.560000382000055,90.0,95.2213334506892,-5.221333450689201,-0.12758124408266094,1430.0,-0.12758124408266094,0.0,0.0,0.0
30.58000037300002,90.0,95.2213334506892,-5.221333450689201,-0.12758124408266094,1430.0,-0.12758124408266094,0.0,0.0,0.0
30.600000512999998,90.0,95.2213334506892,-5.221333450689201,-0.12758124408266094,1430.0,-0.12758124408266094,0.0,0.0,0.0
30.62000037399997,90.0,95.2213334506892,-5.221333450689201,-0.12758124408266094,1430.0,-0.12758124408266094,0.0,0.0,0.0
30.64000031000006,90.0,95.2213334506892,-5.221333450689201,-0.12758124408266094,1430.0,-0.12758124408266094,0.0,0.0,0.0
30.660000411999988,90.0,95.2213334506892,-5.221333450689201,-0.12758124408266094,1430.0,-0.12758124408266094,0.0,0.0,0.0
30.680000421999978,90.0,95.2131459672828,-5.213145967282799,-0.12738118612260918,1430.0,-0.12738118612260918,0.0,0.0,0.0
30.700000413000055,90.0,95.2131459672828,-5.213145967282799,-0.12738118612260918,1430.0,-0.12738118612260918,0.0,0.0,0.0
30.720000977999973,90.0,95.21019582781986,-5.2101958278198595,-0.12730910061677936,1430.0,-0.12730910061677936,0.0,0.0,0.0
30.74000078399996,90.0,95.21019582781986,-5.2101958278198595,-0.12730910061677936,1430.0,-0.12730910061677936,0.0,0.0,0.0
30.760000312000045,90.0,95.21019582781986,-5.2101958278198595,-0.12730910061677936,1430.0,-0.12730910061677936,0.0,0.0,0.0
30.780000303999998,90.0,95.21019582781986,-5.2101958278198595,-0.12730910061677936,1430.0,-0.12730910061677936,0.0,0.0,0.0
30.800000461000025,90.0,95.21019582781986,-5.2101958278198595,-0.12730910061677936,1430.0,-0.12730910061677936,0.0,0.0,0.0
30.82000030399996,90.0,95.2131459672828,-5.213145967282799,-0.12738118612260918,1430.0,-0.12738118612260918,0.0,0.0,0.0
30.840000332999978,90.0,95.2131459672828,-5.213145967282799,-0.12738118612260918,1430.0,-0.12738118612260918,0.0,0.0,0.0
30.860000305000028,90.0,95.2131459672828,-5.213145967282799,-0.12738118612260918,1430.0,-0.12738118612260918,0.0,0.0,0.0
30.880000574000007,90.0,95.2131459672828,-5.213145967282799,-0.12562337362260917,1430.0,-0.12738118612260918,0.0,0.0017578124999999998,-0.001953125
30.900000379999994,90.0,95.2131459672828,-5.213145967282799,-0.12492024862260918,1430.0,-0.12738118612260918,0.0,0.0024609375,-0.001953125
30.92000057499996,90.0,95.21181489756441,-5.211814897564409,-0.12460647445378589,1430.0,-0.12734866195378589,0.0,0.0027421875,-0.001953125
30.940000269999985,90.0,95.21181489756441,-5.211814897564409,-0.1262517869537859,1430.0,-0.12734866195378589,0.0,0.001096875,0.0
30.96000029800001,90.0,95.21181489756441,-5.211814897564409,-0.1269099119537859,1430.0,-0.12734866195378589,0.0,0.00043875,0.0
30.98000043799999,90.0,95.21572404916407,-5.215724049164066,-0.12726868054670898,1430.0,-0.12744418054670897,0.0,0.0001755,0.0
31.000000502999967,90.0,95.21572404916407,-5.215724049164066,-0.12737398054670898,1430.0,-0.12744418054670897,0.0,7.020000000000001e-05,0.0
31.02000042000003,90.0,95.21705471631407,-5.217054716314067,-0.12744861487893086,1430.0,-0.12747669487893087,0.0,2.8080000000000006e-05,0.0
31.040000521999957,90.0,95.21705471631407,-5.217054716314067,-0.12746546287893087,1430.0,-0.12747669487893087,0.0,1.1232000000000004e-05,0.0
31.060000420999984,90.0,95.21705471631407,-5.217054716314067,-0.12747220207893087,1430.0,-0.12747669487893087,0.0,4.492800000000001e-06,0.0
31.08000035599997,90.0,95.2213334506892,-5.221333450689201,-0.12582163446266095,1430.0,-0.12758124408266094,0.0,0.0017596096199999998,-0.001953125
31.100000403000024,90.0,95.2213334506892,-5.221333450689201,-0.12511958773466095,1430.0,-0.12758124408266094,0.0,0.002461656348,-0.001953125
31.120000505000064,90.0,95.2213334506892,-5.221333450689201,-0.12483876904346095,1430.0,-0.12758124408266094,0.0,0.0027424750392000003,-0.001953125
31.140000385000064,90.0,95.2213334506892,-5.221333450689201,-0.12824206656698095,1430.0,-0.12758124408266094,0.0,-0.0006608224843199998,0.001953125
31.160000283999977,90.0,95.2213334506892,-5.221333450689201,-0.12960338557638895,1430.0,-0.12758124408266094,0.0,-0.0020221414937279998,0.001953125
31.18000036799998,90.0,95.2213334506892,-5.221333450689201,-0.12487447568015214,1430.0,-0.12758124408266094,0.0,0.0027067684025087997,-0.00390625
31.200000674000023,90.0,95.2213334506892,-5.221333450689201,-0.12298291172165743,1430.0,-0.12758124408266094,0.0,0.00459833236100352,-0.00390625
31.22000025699998,90.0,95.2213334506892,-5.221333450689201,-0.12222628613825953,1430.0,-0.12758124408266094,0.0,0.005354957944401408,-0.00390625
31.240000285999997,90.0,95.2213334506892,-5.221333450689201,-0.12368144840490038,1430.0,-0.12758124408266094,0.0,0.0038997956777605636,-0.001953125
31.260000518000027,90.0,95.2213334506892,-5.221333450689201,-0.12426351331155672,1430.0,-0.12758124408266094,0.0,0.0033177307711042257,-0.001953125
31.280000268000038,90.0,95.21838319648464,-5.2183831964846386,-0.12618206346472266,1430.0,-0.12750915577316435,0.0,0.0013270923084416904,0.0
31.300000443999977,90.0,95.21838319648464,-5.2183831964846386,-0.12697831884978766,1430.0,-0.12750915577316435,0.0,0.0005308369233766761,0.0
31.32000039799999,90.0,95.21838319648464,-5.2183831964846386,-0.12729682100381368,1430.0,-0.12750915577316435,0.0,0.00021233476935067047,0.0
31.340000352999994,90.0,95.21838319648464,-5.2183831964846386,-0.12918203436542408,1430.0,-0.12750915577316435,0.0,-0.0016728785922597317,0.001953125
31.360000455000034,90.0,95.21838319648464,-5.2183831964846386,-0.12993611971006824,1430.0,-0.12750915577316435,0.0,-0.002426963936903893,0.001953125
31.380000316000007,90.0,95.2213334506892,-5.221333450689201,-0.1285520296574225,1430.0,-0.12758124408266094,0.0,-0.0009707855747615572,0.0
31.400000325999997,90.0,95.2213334506892,-5.221333450689201,-0.12796955831256557,1430.0,-0.12758124408266094,0.0,-0.00038831422990462286,0.0
31.42000028000001,90.0,95.22266231592755,-5.2226623159275505,-0.12776904007783713,1430.0,-0.12761371438587527,0.0,-0.00015532569196184914,0.0
31.440000438000027,90.0,95.22266231592755,-5.2226623159275505,-0.12767584466266,1430.0,-0.12761371438587527,0.0,-6.213027678473966e-05,0.0
31.46000039200004,90.0,95.22266231592755,-5.2226623159275505,-0.12763856649658917,1430.0,-0.12761371438587527,0.0,-2.485211071389586e-05,0.0
31.480000735000033,90.0,95.22266231592755,-5.2226623159275505,-0.12938146773016082,1430.0,-0.12761371438587527,0.0,-0.0017677533442855583,0.001953125
31.500000725999996,90.0,95.22266231592755,-5.2226623159275505,-0.13007862822358948,1430.0,-0.12761371438587527,0.0,-0.0024649138377142235,0.001953125
31.520000402999983,90.0,95.22266231592755,-5.2226623159275505,-0.12684186742096096,1430.0,-0.12761371438587527,0.0,0.0007718469649143106,-0.001953125
31.54000043100001,90.0,95.22266231592755,-5.2226623159275505,-0.12554716309990954,1430.0,-0.12761371438587527,0.0,0.002066551285965724,-0.001953125
31.56000040500004,90.0,95.22266231592755,-5.2226623159275505,-0.12502928137148897,1430.0,-0.12761371438587527,0.0,0.0025844330143862896,-0.001953125
31.58000026899998,90.0,95.22819024490173,-5.228190244901725,-0.1249572014661028,1430.0,-0.1277487871718573,0.0,0.0027915857057545157,-0.001953125
31.600000577000003,90.0,95.22819024490173,-5.228190244901725,-0.1248743403895555,1430.0,-0.1277487871718573,0.0,0.0028744467823018064,-0.001953125
31.620000293000032,90.0,95.22266231592755,-5.2226623159275505,-0.12470612317295454,1430.0,-0.12761371438587527,0.0,0.002907591212920723,-0.001953125
31.640000379000014,90.0,95.22266231592755,-5.2226623159275505,-0.12469286540070698,1430.0,-0.12761371438587527,0.0,0.002920848985168289,-0.001953125
31.66000031699997,90.0,95.22266231592755,-5.2226623159275505,-0.12468756229180795,1430.0,-0.12761371438587527,0.0,0.0029261520940673156,-0.001953125
31.680000328000062,90.0,95.22266231592755,-5.2226623159275505,-0.12644325354824834,1430.0,-0.12761371438587527,0.0,0.0011704608376269263,0.0
31.700000321999994,90.0,95.22266231592755,-5.2226623159275505,-0.1271455300508245,1430.0,-0.12761371438587527,0.0,0.00046818433505077056,0.0
31.720000501000015,90.0,95.22266231592755,-5.2226623159275505,-0.12742644065185496,1430.0,-0.12761371438587527,0.0,0.00018727373402030825,0.0
31.740000346000045,90.0,95.22266231592755,-5.2226623159275505,-0.12753880489226715,1430.0,-0.12761371438587527,0.0,7.49094936081233e-05,0.0
31.760000264999974,90.0,95.22266231592755,-5.2226623159275505,-0.12758375058843202,1430.0,-0.12761371438587527,0.0,2.996379744324932e-05,0.0
31.78000038800002,90.0,95.22266231592755,-5.2226623159275505,-0.12935954136689798,1430.0,-0.12761371438587527,0.0,-0.0017458269810227004,0.001953125
31.800000641000054,90.0,95.22266231592755,-5.2226623159275505,-0.13006985767828436,1430.0,-0.12761371438587527,0.0,-0.00245614329240908,0.001953125
31.820000282999956,90.0,95.21875368163785,-5.21875368163785,-0.12850066575018262,1430.0,-0.12751820843321898,0.0,-0.0009824573169636322,0.0
31.840000645999964,90.0,95.21875368163785,-5.21875368163785,-0.12791119136000442,1430.0,-0.12751820843321898,0.0,-0.0003929829267854528,0.0
31.860000491999983,90.0,95.21875368163785,-5.21875368163785,-0.12767540160393318,1430.0,-0.12751820843321898,0.0,-0.00015719317071418115,0.0
31.88000065199998,90.0,95.21447456219505,-5.214474562195051,-0.1274765270887965,1430.0,-0.12741364982051084,0.0,-6.287726828567246e-05,0.0
31.90000034899998,90.0,95.21447456219505,-5.214474562195051,-0.12743880072782512,1430.0,-0.12741364982051084,0.0,-2.5150907314268986e-05,0.0
31.920000304999974,90.0,95.21838319648464,-5.2183831964846386,-0.12927702863609006,1430.0,-0.12750915577316435,0.0,-0.0017678728629257074,0.001953125
31.94000033599997,90.0,95.21838319648464,-5.2183831964846386,-0.12997411741833464,1430.0,-0.12750915577316435,0.0,-0.002464961645170283,0.001953125
31.960000551000064,90.0,95.21838319648464,-5.2183831964846386,-0.13025295293123246,1430.0,-0.12750915577316435,0.0,-0.0027437971580681134,0.001953125
31.98000039699997,90.0,95.21875368163785,-5.21875368163785,-0.13213135229644624,1430.0,-0.12751820843321898,0.0,-0.004613143863227245,0.00390625
32.000000446,90.0,95.21875368163785,-5.21875368163785,-0.1328790909785099,1430.0,-0.12751820843321898,0.0,-0.005360882545290898,0.00390625
32.02000051299996,90.0,95.22819024490173,-5.228190244901725,-0.13165095268997368,1430.0,-0.1277487871718573,0.0,-0.0039021655181163597,0.001953125
32.04000028399997,90.0,95.22819024490173,-5.228190244901725,-0.13106746587910384,1430.0,-0.1277487871718573,0.0,-0.003318678707246544,0.001953125
32.060000333000005,90.0,95.22819024490173,-5.228190244901725,-0.13083407115475593,1430.0,-0.1277487871718573,0.0,-0.0030852839828986174,0.001953125
32.08000028999999,90.0,95.22694182044233,-5.226941820442335,-0.12543677100082642,1430.0,-0.12771828240766697,0.0,0.002281511406840553,-0.00390625
32.100000265000006,90.0,95.22694182044233,-5.226941820442335,-0.12329005284493075,1430.0,-0.12771828240766697,0.0,0.004428229562736221,-0.00390625
32.120000405999974,90.0,95.22819024490173,-5.228190244901725,-0.1259774953467628,1430.0,-0.1277487871718573,0.0,0.0017712918250944885,0.0
32.14000034400004,90.0,95.22819024490173,-5.228190244901725,-0.1270402704418195,1430.0,-0.1277487871718573,0.0,0.0007085167300377955,0.0
32.16000076300003,90.0,95.22819024490173,-5.228190244901725,-0.12746538047984218,1430.0,-0.1277487871718573,0.0,0.0002834066920151182,0.0
32.18000038700001,90.0,95.22819024490173,-5.228190244901725,-0.12763542449505128,1430.0,-0.1277487871718573,0.0,0.00011336267680604729,0.0
32.200000527999975,90.0,95.22819024490173,-5.228190244901725,-0.12770344210113488,1430.0,-0.1277487871718573,0.0,4.534507072241892e-05,0.0
32.22000031800002,90.0,95.22819024490173,-5.228190244901725,-0.12773064914356835,1430.0,-0.1277487871718573,0.0,1.8138028288967568e-05,0.0
32.24000045899999,90.0,95.22819024490173,-5.228190244901725,-0.12774153196054172,1430.0,-0.1277487871718573,0.0,7.255211315587029e-06,0.0
32.260000305000005,90.0,95.22819024490173,-5.228190244901725,-0.12774588508733106,1430.0,-0.1277487871718573,0.0,2.9020845262348116e-06,0.0
32.28000037199996,90.0,95.22819024490173,-5.228190244901725,-0.12774762633804682,1430.0,-0.1277487871718573,0.0,1.1608338104939248e-06,0.0
32.30000042099999,90.0,95.22819024490173,-5.228190244901725,-0.12774832283833312,1430.0,-0.1277487871718573,0.0,4.643335241975699e-07,0.0
32.32000035900006,90.0,95.22819024490173,-5.228190244901725,-0.12774860143844763,1430.0,-0.1277487871718573,0.0,1.8573340967902797e-07,0.0
32.34000039000006,90.0,95.22819024490173,-5.228190244901725,-0.12774871287849343,1430.0,-0.1277487871718573,0.0,7.42933638716112e-08,0.0
32.360000308999986,90.0,95.22819024490173,-5.228190244901725,-0.12774875745451175,1430.0,-0.1277487871718573,0.0,2.9717345548644483e-08,0.0
32.380000320999955,90.0,95.22819024490173,-5.228190244901725,-0.1277487752849191,1430.0,-0.1277487871718573,0.0,1.1886938219457792e-08,0.0
32.400000444,90.0,95.22819024490173,-5.228190244901725,-0.127748782417082,1430.0,-0.1277487871718573,0.0,4.754775287783118e-09,0.0
32.420000510999955,90.0,95.22819024490173,-5.228190244901725,-0.1277487852699472,1430.0,-0.1277487871718573,0.0,1.901910115113247e-09,0.0
32.44000039400004,90.0,95.22819024490173,-5.228190244901725,-0.12774878641109327,1430.0,-0.1277487871718573,0.0,7.607640460452987e-10,0.0
32.46000038699998,90.0,95.22819024490173,-5.228190244901725,-0.1277487868675517,1430.0,-0.1277487871718573,0.0,3.0430561841811953e-10,0.0
32.480000769000014,90.0,95.22819024490173,-5.228190244901725,-0.12774878705013507,1430.0,-0.1277487871718573,0.0,1.217222473672478e-10,0.0
32.50000065199998,90.0,95.22819024490173,-5.228190244901725,-0.12774878712316842,1430.0,-0.1277487871718573,0.0,4.868889894689912e-11,0.0
32.52000046000006,90.0,95.22819024490173,-5.228190244901725,-0.12774878715238175,1430.0,-0.1277487871718573,0.0,1.9475559578759652e-11,0.0
32.54000026800003,90.0,95.22819024490173,-5.228190244901725,-0.1277487871640671,1430.0,-0.1277487871718573,0.0,7.790223831503862e-12,0.0
32.56000030000001,90.0,95.22819024490173,-5.228190244901725,-0.12774878716874122,1430.0,-0.1277487871718573,0.0,3.1160895326015443e-12,0.0
32.580000407,90.0,95.22819024490173,-5.228190244901725,-0.12774878717061086,1430.0,-0.1277487871718573,0.0,1.2464358130406178e-12,0.0
32.60000042100006,90.0,95.22819024490173,-5.228190244901725,-0.12774878717135874,1430.0,-0.1277487871718573,0.0,4.985743252162472e-13,0.0
32.62000038000002,90.0,95.22819024490173,-5.228190244901725,-0.12774878717165788,1430.0,-0.1277487871718573,0.0,1.994297300864989e-13,0.0
32.640000541999996,90.0,95.22819024490173,-5.228190244901725,-0.12774878717177754,1430.0,-0.1277487871718573,0.0,7.977189203459956e-14,0.0
32.66000037099997,90.0,95.22819024490173,-5.228190244901725,-0.1277487871718254,1430.0,-0.1277487871718573,0.0,3.190875681383983e-14,0.0
32.680000347999965,90.0,95.22819024490173,-5.228190244901725,-0.12774878717184454,1430.0,-0.1277487871718573,0.0,1.276350272553593e-14,0.0
32.70000038100005,90.0,95.22819024490173,-5.228190244901725,-0.1277487871718522,1430.0,-0.1277487871718573,0.0,5.1054010902143724e-15,0.0
32.72000037699996,90.0,95.22819024490173,-5.228190244901725,-0.12774878717185525,1430.0,-0.1277487871718573,0.0,2.042160436085749e-15,0.0
32.74000035399996,90.0,95.22819024490173,-5.228190244901725,-0.1277487871718565,1430.0,-0.1277487871718573,0.0,8.168641744342997e-16,0.0
32.76000036800002,90.0,95.22819024490173,-5.228190244901725,-0.12774878717185698,1430.0,-0.1277487871718573,0.0,3.267456697737199e-16,0.0
32.78000041900003,90.0,95.22819024490173,-5.228190244901725,-0.12774878717185717,1430.0,-0.1277487871718573,0.0,1.3069826790948796e-16,0.0
32.80000039600003,90.0,95.22819024490173,-5.228190244901725,-0.12774878717185725,1430.0,-0.1277487871718573,0.0,5.2279307163795183e-17,0.0
32.82000105900005,90.0,95.22819024490173,-5.228190244901725,-0.12774878717185728,1430.0,-0.1277487871718573,0.0,2.0911722865518073e-17,0.0
32.84000123900006,90.0,95.22819024490173,-5.228190244901725,-0.1277487871718573,1430.0,-0.1277487871718573,0.0,8.36468914620723e-18,0.0
32.86000108700006,90.0,95.22819024490173,-5.228190244901725,-0.1277487871718573,1430.0,-0.1277487871718573,0.0,3.345875658482892e-18,0.0
32.880000878999965,90.0,95.22819024490173,-5.228190244901725,-0.1277487871718573,1430.0,-0.1277487871718573,0.0,1.338350263393157e-18,0.0
32.90000079999999,90.0,95.22819024490173,-5.228190244901725,-0.1277487871718573,1430.0,-0.1277487871718573,0.0,5.353401053572627e-19,0.0
32.92000098099999,90.0,95.22819024490173,-5.228190244901725,-0.1277487871718573,1430.0,-0.1277487871718573,0.0,2.1413604214290513e-19,0.0
32.94000075499997,90.0,95.22819024490173,-5.228190244901725,-0.1277487871718573,1430.0,-0.1277487871718573,0.0,8.565441685716206e-20,0.0
32.96000086199996,90.0,95.22819024490173,-5.228190244901725,-0.1277487871718573,1430.0,-0.1277487871718573,0.0,3.4261766742864825e-20,0.0
32.98000078299998,90.0,95.22819024490173,-5.228190244901725,-0.1277487871718573,1430.0,-0.1277487871718573,0.0,1.370470669714593e-20,0.0
33.00000096399998,90.0,95.22819024490173,-5.228190244901725,-0.1277487871718573,1430.0,-0.1277487871718573,0.0,5.4818826788583724e-21,0.0
33.02000090400003,90.0,95.22819024490173,-5.228190244901725,-0.1277487871718573,1430.0,-0.1277487871718573,0.0,2.1927530715433493e-21,0.0
33.040001011000015,90.0,95.22819024490173,-5.228190244901725,-0.1277487871718573,1430.0,-0.1277487871718573,0.0,8.771012286173399e-22,0.0
33.060001062000026,90.0,95.22819024490173,-5.228190244901725,-0.1277487871718573,1430.0,-0.1277487871718573,0.0,3.508404914469359e-22,0.0
33.080000780000034,90.0,95.22819024490173,-5.228190244901725,-0.1277487871718573,1430.0,-0.1277487871718573,0.0,1.4033619657877437e-22,0.0
33.100000961000035,90.0,95.22819024490173,-5.228190244901725,-0.1277487871718573,1430.0,-0.1277487871718573,0.0,5.613447863150975e-23,0.0
33.12000090099997,90.0,95.23114090164893,-5.231140901648928,-0.1278208853173261,1430.0,-0.1278208853173261,0.0,2.24537914526039e-23,0.0
33.140000971000006,90.0,95.23114090164893,-5.231140901648928,-0.1278208853173261,1430.0,-0.1278208853173261,0.0,8.98151658104156e-24,0.0
33.16000105899997,90.0,95.23114090164893,-5.231140901648928,-0.1278208853173261,1430.0,-0.1278208853173261,0.0,3.592606632416624e-24,0.0
33.180001035999965,90.0,95.23114090164893,-5.231140901648928,-0.1278208853173261,1430.0,-0.1278208853173261,0.0,1.4370426529666495e-24,0.0
33.20000116099999,90.0,95.23114090164893,-5.231140901648928,-0.1278208853173261,1430.0,-0.1278208853173261,0.0,5.748170611866599e-25,0.0
33.22000089800002,90.0,95.2337181914225,-5.233718191422497,-0.1278838603865836,1430.0,-0.1278838603865836,0.0,2.2992682447466395e-25,0.0
33.24000113400001,90.0,95.2337181914225,-5.233718191422497,-0.1278838603865836,1430.0,-0.1278838603865836,0.0,9.197072978986559e-26,0.0
33.26000105600002,90.0,95.22943947917128,-5.229439479171276,-0.12777931172344267,1430.0,-0.12777931172344267,0.0,3.6788291915946236e-26,0.0
33.28000097700004,90.0,95.22943947917128,-5.229439479171276,-0.12777931172344267,1430.0,-0.12777931172344267,0.0,1.4715316766378494e-26,0.0
33.300001140000006,90.0,95.22943947917128,-5.229439479171276,-0.12777931172344267,1430.0,-0.12777931172344267,0.0,5.886126706551399e-27,0.0
33.320001023999964,90.0,95.2337181914225,-5.233718191422497,-0.1278838603865836,1430.0,-0.1278838603865836,0.0,2.3544506826205596e-27,0.0
33.34000079800006,90.0,95.2337181914225,-5.233718191422497,-0.1278838603865836,1430.0,-0.1278838603865836,0.0,9.41780273048224e-28,0.0
33.36000088600002,90.0,95.23666925077896,-5.236669250778959,-0.12795596836965245,1430.0,-0.12795596836965245,0.0,3.767121092192896e-28,0.0
33.38000082599996,90.0,95.23666925077896,-5.236669250778959,-0.12795596836965245,1430.0,-0.12795596836965245,0.0,1.5068484368771584e-28,0.0
33.400000859000045,90.0,95.23666925077896,-5.236669250778959,-0.12795596836965245,1430.0,-0.12795596836965245,0.0,6.027393747508634e-29,0.0
33.420001040000045,90.0,95.23666925077896,-5.236669250778959,-0.12795596836965245,1430.0,-0.12795596836965245,0.0,2.410957499003454e-29,0.0
33.440001091000056,90.0,95.23666925077896,-5.236669250778959,-0.12795596836965245,1430.0,-0.12795596836965245,0.0,9.643829996013817e-30,0.0
33.460001068000054,90.0,95.23924615563226,-5.239246155632259,-0.12801893403353343,1430.0,-0.12801893403353343,0.0,3.857531998405527e-30,0.0
33.480001415000004,90.0,95.23924615563226,-5.239246155632259,-0.12801893403353343,1430.0,-0.12801893403353343,0.0,1.543012799362211e-30,0.0
33.500001503999954,90.0,95.23924615563226,-5.239246155632259,-0.12801893403353343,1430.0,-0.12801893403353343,0.0,6.172051197448844e-31,0.0
33.52000114699996,90.0,95.23924615563226,-5.239246155632259,-0.12801893403353343,1430.0,-0.12801893403353343,0.0,2.468820478979538e-31,0.0
33.54000099499996,90.0,95.23924615563226,-5.239246155632259,-0.12801893403353343,1430.0,-0.12801893403353343,0.0,9.875281915918153e-32,0.0
33.56000086199998,90.0,95.23924615563226,-5.239246155632259,-0.12801893403353343,1430.0,-0.12801893403353343,0.0,3.950112766367261e-32,0.0
33.580000730999984,90.0,95.23924615563226,-5.239246155632259,-0.12801893403353343,1430.0,-0.12801893403353343,0.0,1.5800451065469046e-32,0.0
33.60000082100004,90.0,95.23924615563226,-5.239246155632259,-0.12801893403353343,1430.0,-0.12801893403353343,0.0,6.320180426187618e-33,0.0
33.62000068900005,90.0,95.23924615563226,-5.239246155632259,-0.12801893403353343,1430.0,-0.12801893403353343,0.0,2.528072170475048e-33,0.0
33.640000964999956,90.0,95.23924615563226,-5.239246155632259,-0.12801893403353343,1430.0,-0.12801893403353343,0.0,1.0112288681900191e-33,0.0
33.660001110999985,90.0,95.24743362488675,-5.247433624886753,-0.12821899164778885,1430.0,-0.12821899164778885,0.0,4.0449154727600765e-34,0.0
33.680000979,90.0,95.24743362488675,-5.247433624886753,-0.12821899164778885,1430.0,-0.12821899164778885,0.0,1.617966189104031e-34,0.0
33.700001051000015,90.0,95.24743362488675,-5.247433624886753,-0.12821899164778885,1430.0,-0.12821899164778885,0.0,6.471864756416124e-35,0.0
33.72000104900002,90.0,95.24743362488675,-5.247433624886753,-0.12821899164778885,1430.0,-0.12821899164778885,0.0,2.5887459025664495e-35,0.0
33.740000862000045,90.0,95.24743362488675,-5.247433624886753,-0.12821899164778885,1430.0,-0.12821899164778885,0.0,1.0354983610265799e-35,0.0
33.76000089600001,90.0,95.25038520151668,-5.2503852015166785,-0.12829111227023282,1430.0,-0.12829111227023282,0.0,4.14199344410632e-36,0.0
33.78000091300004,90.0,95.25038520151668,-5.2503852015166785,-0.12829111227023282,1430.0,-0.12829111227023282,0.0,1.656797377642528e-36,0.0
33.800000763000014,90.0,95.25038520151668,-5.2503852015166785,-0.12829111227023282,1430.0,-0.12829111227023282,0.0,6.627189510570113e-37,0.0
33.820000852999954,90.0,95.25038520151668,-5.2503852015166785,-0.12829111227023282,1430.0,-0.12829111227023282,0.0,2.6508758042280454e-37,0.0
33.84000118399996,90.0,95.25038520151668,-5.2503852015166785,-0.12829111227023282,1430.0,-0.12829111227023282,0.0,1.0603503216912182e-37,0.0
33.86000088600002,90.0,95.24743362488675,-5.247433624886753,-0.12821899164778885,1430.0,-0.12821899164778885,0.0,4.241401286764873e-38,0.0
33.880001179999965,90.0,95.24743362488675,-5.247433624886753,-0.12821899164778885,1430.0,-0.12821899164778885,0.0,1.6965605147059495e-38,0.0
33.90000089999995,90.0,95.24743362488675,-5.247433624886753,-0.12821899164778885,1430.0,-0.12821899164778885,0.0,6.786242058823798e-39,0.0
33.92000067600003,90.0,95.24743362488675,-5.247433624886753,-0.12821899164778885,1430.0,-0.12821899164778885,0.0,2.7144968235295193e-39,0.0
33.94000089599996,90.0,95.24743362488675,-5.247433624886753,-0.12821899164778885,1430.0,-0.12821899164778885,0.0,1.0857987294118078e-39,0.0
33.96000078200001,90.0,95.24743362488675,-5.247433624886753,-0.12821899164778885,1430.0,-0.12821899164778885,0.0,4.3431949176472316e-40,0.0
33.98000105800003,90.0,95.24743362488675,-5.247433624886753,-0.12821899164778885,1430.0,-0.12821899164778885,0.0,1.7372779670588927e-40,0.0
34.00000098200002,90.0,95.24743362488675,-5.247433624886753,-0.12821899164778885,1430.0,-0.12821899164778885,0.0,6.94911186823557e-41,0.0
34.02000072000004,90.0,95.24743362488675,-5.247433624886753,-0.12821899164778885,1430.0,-0.12821899164778885,0.0,2.7796447472942283e-41,0.0
34.04000090300002,90.0,95.24743362488675,-5.247433624886753,-0.12821899164778885,1430.0,-0.12821899164778885,0.0,1.1118578989176913e-41,0.0
34.06000099400006,90.0,95.24485692371138,-5.244856923711382,-0.1281560309606985,1430.0,-0.1281560309606985,0.0,4.447431595670765e-42,0.0
34.080000751,90.0,95.24485692371138,-5.244856923711382,-0.1281560309606985,1430.0,-0.1281560309606985,0.0,1.778972638268306e-42,0.0
34.10000071200005,90.0,95.24485692371138,-5.244856923711382,-0.1281560309606985,1430.0,-0.1281560309606985,0.0,7.115890553073225e-43,0.0
34.120000839000056,90.0,95.24485692371138,-5.244856923711382,-0.1281560309606985,1430.0,-0.1281560309606985,0.0,2.84635622122929e-43,0.0
34.14000081900002,90.0,95.24485692371138,-5.244856923711382,-0.1281560309606985,1430.0,-0.1281560309606985,0.0,1.1385424884917161e-43,0.0
34.16000087200001,90.0,95.24485692371138,-5.244856923711382,-0.1281560309606985,1430.0,-0.1281560309606985,0.0,4.554169953966865e-44,0.0
34.18000062900006,90.0,95.24485692371138,-5.244856923711382,-0.1281560309606985,1430.0,-0.1281560309606985,0.0,1.821667981586746e-44,0.0
34.20000133100001,90.0,95.24485692371138,-5.244856923711382,-0.1281560309606985,1430.0,-0.1281560309606985,0.0,7.286671926346984e-45,0.0
34.22000088400006,90.0,95.24485692371138,-5.244856923711382,-0.1281560309606985,1430.0,-0.1281560309606985,0.0,2.914668770538794e-45,0.0
34.240000864000024,90.0,95.24485692371138,-5.244856923711382,-0.1281560309606985,1430.0,-0.1281560309606985,0.0,1.1658675082155177e-45,0.0
34.26000093500005,90.0,95.2419057497317,-5.2419057497317,-0.12808392017685605,1430.0,-0.12808392017685605,0.0,4.663470032862071e-46,0.0
34.28000082199998,90.0,95.2419057497317,-5.2419057497317,-0.12808392017685605,1430.0,-0.12808392017685605,0.0,1.8653880131448285e-46,0.0
34.30000102399998,90.0,95.2419057497317,-5.2419057497317,-0.12808392017685605,1430.0,-0.12808392017685605,0.0,7.461552052579313e-47,0.0
34.32000100299996,90.0,95.2419057497317,-5.2419057497317,-0.12808392017685605,1430.0,-0.12808392017685605,0.0,2.9846208210317255e-47,0.0
34.34000087099997,90.0,95.2419057497317,-5.2419057497317,-0.12808392017685605,1430.0,-0.12808392017685605,0.0,1.1938483284126902e-47,0.0
34.36000090600004,90.0,95.23762665256015,-5.237626652560153,-0.12797936210833724,1430.0,-0.12797936210833724,0.0,4.775393313650761e-48,0.0
34.380001015000005,90.0,95.23762665256015,-5.237626652560153,-0.12797936210833724,1430.0,-0.12797936210833724,0.0,1.9101573254603047e-48,0.0
34.40000079099997,90.0,95.23762665256015,-5.237626652560153,-0.12797936210833724,1430.0,-0.12797936210833724,0.0,7.640629301841219e-49,0.0
34.42000110400005,90.0,95.23762665256015,-5.237626652560153,-0.12797936210833724,1430.0,-0.12797936210833724,0.0,3.056251720736487e-49,0.0
34.44000104599996,90.0,95.23762665256015,-5.237626652560153,-0.12797936210833724,1430.0,-0.12797936210833724,0.0,1.222500688294595e-49,0.0
34.46000096999995,90.0,95.23762665256015,-5.237626652560153,-0.12797936210833724,1430.0,-0.12797936210833724,0.0,4.89000275317838e-50,0.0
34.480001153000046,90.0,95.23762665256015,-5.237626652560153,-0.12797936210833724,1430.0,-0.12797936210833724,0.0,1.9560011012713521e-50,0.0
34.500002410000036,90.0,95.23762665256015,-5.237626652560153,-0.12797936210833724,1430.0,-0.12797936210833724,0.0,7.824004405085409e-51,0.0
34.52000107400005,90.0,95.23762665256015,-5.237626652560153,-0.12797936210833724,1430.0,-0.12797936210833724,0.0,3.129601762034164e-51,0.0
34.540000905,90.0,95.23762665256015,-5.237626652560153,-0.12797936210833724,1430.0,-0.12797936210833724,0.0,1.2518407048136656e-51,0.0
34.560000942000045,90.0,95.2337181914225,-5.233718191422497,-0.1278838603865836,1430.0,-0.1278838603865836,0.0,5.007362819254663e-52,0.0
34.58000081200004,90.0,95.2337181914225,-5.233718191422497,-0.1278838603865836,1430.0,-0.1278838603865836,0.0,2.0029451277018654e-52,0.0
34.60000105299997,90.0,95.2337181914225,-5.233718191422497,-0.1278838603865836,1430.0,-0.1278838603865836,0.0,8.011780510807462e-53,0.0
34.62000123800004,90.0,95.2337181914225,-5.233718191422497,-0.1278838603865836,1430.0,-0.1278838603865836,0.0,3.204712204322985e-53,0.0
34.64000073799997,90.0,95.2337181914225,-5.233718191422497,-0.1278838603865836,1430.0,-0.1278838603865836,0.0,1.281884881729194e-53,0.0
34.660000997000054,90.0,95.2337181914225,-5.233718191422497,-0.1278838603865836,1430.0,-0.1278838603865836,0.0,5.127539526916776e-54,0.0
34.68000079400002,90.0,95.2337181914225,-5.233718191422497,-0.1278838603865836,1430.0,-0.1278838603865836,0.0,2.0510158107667107e-54,0.0
34.700000830999954,90.0,95.2337181914225,-5.233718191422497,-0.1278838603865836,1430.0,-0.1278838603865836,0.0,8.204063243066843e-55,0.0
34.72000081200002,90.0,95.2337181914225,-5.233718191422497,-0.1278838603865836,1430.0,-0.1278838603865836,0.0,3.281625297226738e-55,0.0
34.740000775000055,90.0,95.2337181914225,-5.233718191422497,-0.1278838603865836,1430.0,-0.1278838603865836,0.0,1.3126501188906952e-55,0.0
34.760000701000024,90.0,95.23666925077896,-5.236669250778959,-0.12795596836965245,1430.0,-0.12795596836965245,0.0,5.250600475562781e-56,0.0
34.780001053000035,90.0,95.23666925077896,-5.236669250778959,-0.12795596836965245,1430.0,-0.12795596836965245,0.0,2.1002401902251123e-56,0.0
34.80000103399999,90.0,95.23666925077896,-5.236669250778959,-0.12795596836965245,1430.0,-0.12795596836965245,0.0,8.400960760900451e-57,0.0
34.820001053,90.0,95.23666925077896,-5.236669250778959,-0.12795596836965245,1430.0,-0.12795596836965245,0.0,3.3603843043601806e-57,0.0
34.840000664,90.0,95.23666925077896,-5.236669250778959,-0.12795596836965245,1430.0,-0.12795596836965245,0.0,1.344153721744072e-57,0.0
34.86000149800003,90.0,95.23666925077896,-5.236669250778959,-0.12795596836965245,1430.0,-0.12795596836965245,0.0,5.3766148869762885e-58,0.0
34.88000096000002,90.0,95.23666925077896,-5.236669250778959,-0.12795596836965245,1430.0,-0.12795596836965245,0.0,2.1506459547905155e-58,0.0
34.90000075699999,90.0,95.23666925077896,-5.236669250778959,-0.12795596836965245,1430.0,-0.12795596836965245,0.0,8.602583819162062e-59,0.0
34.920000904999995,90.0,95.2349676469832,-5.234967646983193,-0.1279143903453317,1430.0,-0.1279143903453317,0.0,3.4410335276648255e-59,0.0
34.94000081200005,90.0,95.2349676469832,-5.234967646983193,-0.1279143903453317,1430.0,-0.1279143903453317,0.0,1.3764134110659302e-59,0.0
34.96000071999998,90.0,95.23105866854621,-5.231058668546211,-0.12781887598357097,1430.0,-0.12781887598357097,0.0,5.505653644263722e-60,0.0
34.98000103500004,90.0,95.23105866854621,-5.231058668546211,-0.12781887598357097,1430.0,-0.12781887598357097,0.0,2.2022614577054888e-60,0.0
35.00000123800004,90.0,95.23105866854621,-5.231058668546211,-0.12781887598357097,1430.0,-0.12781887598357097,0.0,8.809045830821956e-61,0.0
35.02000123800002,90.0,95.23105866854621,-5.231058668546211,-0.12781887598357097,1430.0,-0.12781887598357097,0.0,3.523618332328783e-61,0.0
35.04000072000002,90.0,95.23105866854621,-5.231058668546211,-0.12781887598357097,1430.0,-0.12781887598357097,0.0,1.4094473329315131e-61,0.0
35.06000077499999,90.0,95.23105866854621,-5.231058668546211,-0.12781887598357097,1430.0,-0.12781887598357097,0.0,5.637789331726053e-62,0.0
35.080000998,90.0,95.23105866854621,-5.231058668546211,-0.12781887598357097,1430.0,-0.12781887598357097,0.0,2.2551157326904212e-62,0.0
35.10000110900006,90.0,95.23105866854621,-5.231058668546211,-0.12781887598357097,1430.0,-0.12781887598357097,0.0,9.020462930761687e-63,0.0
35.12000105299995,90.0,95.22848156009076,-5.228481560090756,-0.12775590534475081,1430.0,-0.12775590534475081,0.0,3.6081851723046747e-63,0.0
35.14000077600002,90.0,95.22848156009076,-5.228481560090756,-0.12775590534475081,1430.0,-0.12775590534475081,0.0,1.44327406892187e-63,0.0
35.16000079400004,90.0,95.23105866854621,-5.231058668546211,-0.12781887598357097,1430.0,-0.12781887598357097,0.0,5.77309627568748e-64,0.0
35.180000904999986,90.0,95.23105866854621,-5.231058668546211,-0.12781887598357097,1430.0,-0.12781887598357097,0.0,2.309238510274992e-64,0.0
35.20000084999998,90.0,95.23105866854621,-5.231058668546211,-0.12781887598357097,1430.0,-0.12781887598357097,0.0,9.236954041099968e-65,0.0
35.22000083100005,90.0,95.23924615563226,-5.239246155632259,-0.12801893403353343,1430.0,-0.12801893403353343,0.0,3.6947816164399874e-65,0.0
35.24000079399997,90.0,95.23924615563226,-5.239246155632259,-0.12801893403353343,1430.0,-0.12801893403353343,0.0,1.4779126465759948e-65,0.0
35.260001071999966,90.0,95.23924615563226,-5.239246155632259,-0.12801893403353343,1430.0,-0.12801893403353343,0.0,5.91165058630398e-66,0.0
35.280001089999985,90.0,95.23924615563226,-5.239246155632259,-0.12801893403353343,1430.0,-0.12801893403353343,0.0,2.364660234521592e-66,0.0
35.30000070199998,90.0,95.23924615563226,-5.239246155632259,-0.12801893403353343,1430.0,-0.12801893403353343,0.0,9.458640938086369e-67,0.0
35.320000978999985,90.0,95.24219761766483,-5.242197617664829,-0.12809105185583575,1430.0,-0.12809105185583575,0.0,3.783456375234548e-67,0.0
35.34000109100003,90.0,95.24219761766483,-5.242197617664829,-0.12809105185583575,1430.0,-0.12809105185583575,0.0,1.5133825500938196e-67,0.0
35.36000068300001,90.0,95.24743362488675,-5.247433624886753,-0.12821899164778885,1430.0,-0.12821899164778885,0.0,6.053530200375277e-68,0.0
35.38000112800006,90.0,95.24743362488675,-5.247433624886753,-0.12821899164778885,1430.0,-0.12821899164778885,0.0,2.421412080150111e-68,0.0
35.40000066500005,90.0,95.24743362488675,-5.247433624886753,-0.12821899164778885,1430.0,-0.12821899164778885,0.0,9.685648320600445e-69,0.0
35.420001128000024,90.0,95.25000994121342,-5.2500099412134205,-0.1282819429312514,1430.0,-0.1282819429312514,0.0,3.874259328240178e-69,0.0
35.440000998000016,90.0,95.25000994121342,-5.2500099412134205,-0.1282819429312514,1430.0,-0.1282819429312514,0.0,1.5497037312960714e-69,0.0
35.46000096100005,90.0,95.25171290322896,-5.251712903228963,-0.12832355414314203,1430.0,-0.12832355414314203,0.0,6.198814925184286e-70,0.0
35.480001498000036,90.0,95.25171290322896,-5.251712903228963,-0.13008136664314204,1430.0,-0.12832355414314203,0.0,-0.0017578124999999998,0.001953125
35.50000122,90.0,95.25171290322896,-5.251712903228963,-0.13078449164314204,1430.0,-0.12832355414314203,0.0,-0.0024609375,0.001953125
35.52000110900002,90.0,95.25562107633965,-5.255621076339652,-0.12940342382706924,1430.0,-0.12841904882706923,0.0,-0.000984375,0.0
35.540001054000015,90.0,95.25562107633965,-5.255621076339652,-0.12881279882706922,1430.0,-0.12841904882706923,0.0,-0.00039375000000000006,0.0
35.56000135100004,90.0,95.25562107633965,-5.255621076339652,-0.12857654882706923,1430.0,-0.12841904882706923,0.0,-0.00015750000000000003,0.0
35.58000087199997,90.0,95.25562107633965,-5.255621076339652,-0.12848204882706923,1430.0,-0.12841904882706923,0.0,-6.300000000000001e-05,0.0
35.600001004000035,90.0,95.25562107633965,-5.255621076339652,-0.12844424882706923,1430.0,-0.12841904882706923,0.0,-2.520000000000001e-05,0.0
35.620000876000006,90.0,95.25990073953471,-5.259900739534714,-0.12677588822615163,1430.0,-0.12852362072615162,0.0,0.0017477324999999998,-0.001953125
35.64000091500003,90.0,95.25990073953471,-5.259900739534714,-0.12606671522615162,1430.0,-0.12852362072615162,0.0,0.0024569055,-0.001953125
35.66000097299997,90.0,95.25562107633965,-5.255621076339652,-0.12567847412706923,1430.0,-0.12841904882706923,0.0,0.0027405746999999998,-0.001953125
35.68000103100002,90.0,95.25562107633965,-5.255621076339652,-0.12908063144706922,1430.0,-0.12841904882706923,0.0,-0.00066158262,0.001953125
35.700000977,90.0,95.25562107633965,-5.255621076339652,-0.13044149437506922,1430.0,-0.12841904882706923,0.0,-0.002022445548,0.001953125
35.720001405000005,90.0,95.25857276750025,-5.2585727675002545,-0.1293001504672256,1430.0,-0.1284911722480256,0.0,-0.0008089782191999999,0.0
35.74000129699999,90.0,95.25857276750025,-5.2585727675002545,-0.1288147635357056,1430.0,-0.1284911722480256,0.0,-0.00032359128767999997,0.0
35.76000092800001,90.0,95.25562107633965,-5.255621076339652,-0.12854848534214122,1430.0,-0.12841904882706923,0.0,-0.000129436515072,0.0
35.780001227000014,90.0,95.25562107633965,-5.255621076339652,-0.128470823433098,1430.0,-0.12841904882706923,0.0,-5.17746060288e-05,0.0
35.80000098800002,90.0,95.25562107633965,-5.255621076339652,-0.12843975866948074,1430.0,-0.12841904882706923,0.0,-2.070984241152e-05,0.0
35.82000104599996,90.0,95.25562107633965,-5.255621076339652,-0.12666952026403383,1430.0,-0.12841904882706923,0.0,0.001749528563035392,-0.001953125
35.84000108499998,90.0,95.25562107633965,-5.255621076339652,-0.12596142490185508,1430.0,-0.12841904882706923,0.0,0.002457623925214157,-0.001953125
35.860001383,90.0,95.2530445789181,-5.253044578918093,-0.12561523104853808,1430.0,-0.12835609311862375,0.0,0.0027408620700856627,-0.001953125
35.88000070000004,90.0,95.2530445789181,-5.253044578918093,-0.1272597482905895,1430.0,-0.12835609311862375,0.0,0.0010963448280342653,0.0
35.90000109099998,90.0,95.2530445789181,-5.253044578918093,-0.12791755518741005,1430.0,-0.12835609311862375,0.0,0.0004385379312137061,0.0
35.920000648999974,90.0,95.25009329038187,-5.250093290381869,-0.12986637686315144,1430.0,-0.12828397953563692,0.0,-0.0015823973275145176,0.001953125
35.94000107699998,90.0,95.25009329038187,-5.250093290381869,-0.13067475096664272,1430.0,-0.12828397953563692,0.0,-0.002390771431005807,0.001953125
35.96000076499996,90.0,95.2530445789181,-5.253044578918093,-0.13107021419102607,1430.0,-0.12835609311862375,0.0,-0.0027141210724023227,0.001953125
35.98000085899997,90.0,95.2530445789181,-5.253044578918093,-0.12944174154758467,1430.0,-0.12835609311862375,0.0,-0.001085648428960929,0.0
36.00000074999997,90.0,95.2530445789181,-5.253044578918093,-0.12879035249020812,1430.0,-0.12835609311862375,0.0,-0.0004342593715843717,0.0
36.02000103000006,90.0,95.25009329038187,-5.250093290381869,-0.12845768328427065,1430.0,-0.12828397953563692,0.0,-0.0001737037486337487,0.0
36.04000092100006,90.0,95.25009329038187,-5.250093290381869,-0.1283534610350904,1430.0,-0.12828397953563692,0.0,-6.948149945349948e-05,0.0
36.060001108999984,90.0,95.25009329038187,-5.250093290381869,-0.1283117721354183,1430.0,-0.12828397953563692,0.0,-2.7792599781399792e-05,0.0
36.080000685000016,90.0,95.25009329038187,-5.250093290381869,-0.12829509657554947,1430.0,-0.12828397953563692,0.0,-1.1117039912559918e-05,0.0
36.10000085400003,90.0,95.25009329038187,-5.250093290381869,-0.12828842635160195,1430.0,-0.12828397953563692,0.0,-4.446815965023967e-06,0.0
36.120001040999966,90.0,95.25009329038187,-5.250093290381869,-0.12828575826202293,1430.0,-0.12828397953563692,0.0,-1.7787263860095872e-06,0.0
36.140001025000004,90.0,95.25009329038187,-5.250093290381869,-0.12828469102619133,1430.0,-0.12828397953563692,0.0,-7.114905544038349e-07,0.0
36.16000067500005,90.0,95.2488455929032,-5.248845592903194,-0.12825377713115826,1430.0,-0.1282534925349365,0.0,-2.8459622176153397e-07,0.0
36.180001084000025,90.0,95.2488455929032,-5.248845592903194,-0.1282536063734252,1430.0,-0.1282534925349365,0.0,-1.1383848870461361e-07,0.0
36.200001309000015,90.0,95.2488455929032,-5.248845592903194,-0.128253538070332,1430.0,-0.1282534925349365,0.0,-4.5535395481845446e-08,0.0
36.22000094100002,90.0,95.24456552205311,-5.244565522053108,-0.128148928889121,1430.0,-0.1281489106749628,0.0,-1.8214158192738182e-08,0.0
36.24000098000005,90.0,95.24456552205311,-5.244565522053108,-0.12814891796062608,1430.0,-0.1281489106749628,0.0,-7.285663277095273e-09,0.0
36.26000098200001,90.0,95.2488455929032,-5.248845592903194,-0.1282534954492018,1430.0,-0.1282534925349365,0.0,-2.914265310838109e-09,0.0
36.28000111399996,90.0,95.2488455929032,-5.248845592903194,-0.12649568120064264,1430.0,-0.1282534925349365,0.0,0.0017578113342938755,-0.001953125
36.300000727000054,90.0,95.2488455929032,-5.248845592903194,-0.12579255550121896,1430.0,-0.1282534925349365,0.0,0.0024609370337175503,-0.001953125
36.32000087700004,90.0,95.24198825469836,-5.241988254698356,-0.12710156134001338,1430.0,-0.1280859361535004,0.0,0.00098437481348702,0.0
36.34000100899999,90.0,95.24198825469836,-5.241988254698356,-0.12769218622810558,1430.0,-0.1280859361535004,0.0,0.00039374992539480797,0.0
36.360000659000036,90.0,95.24589579617924,-5.245895796179241,-0.12802391543364203,1430.0,-0.12818141540379996,0.0,0.0001574999701579232,0.0
36.380000865,90.0,95.24589579617924,-5.245895796179241,-0.1281184154157368,1430.0,-0.12818141540379996,0.0,6.299998806316928e-05,0.0
36.40000094099997,90.0,95.24589579617924,-5.245895796179241,-0.1281562154085747,1430.0,-0.12818141540379996,0.0,2.519999522526771e-05,0.0
36.42000110999999,90.0,95.24589579617924,-5.245895796179241,-0.12817133540570985,1430.0,-0.12818141540379996,0.0,1.0079998090107085e-05,0.0
36.440000871999985,90.0,95.24589579617924,-5.245895796179241,-0.12817738340456392,1430.0,-0.12818141540379996,0.0,4.031999236042834e-06,0.0
36.460000707000006,90.0,95.25017607085056,-5.250176070850557,-0.12828438944437143,1430.0,-0.12828600224406583,0.0,1.6127996944171336e-06,0.0
36.480001024000046,90.0,95.25017607085056,-5.250176070850557,-0.12828535712418807,1430.0,-0.12828600224406583,0.0,6.451198777668535e-07,0.0
36.500000915000044,90.0,95.25017607085056,-5.250176070850557,-0.12828574419611471,1430.0,-0.12828600224406583,0.0,2.5804795110674144e-07,0.0
36.52000119500002,90.0,95.25017607085056,-5.250176070850557,-0.12828589902488538,1430.0,-0.12828600224406583,0.0,1.0321918044269658e-07,0.0
36.54000117900006,90.0,95.25017607085056,-5.250176070850557,-0.12828596095639366,1430.0,-0.12828600224406583,0.0,4.128767217707864e-08,0.0
36.560001014999955,90.0,95.24589579617924,-5.245895796179241,-0.1281813988887311,1430.0,-0.12818141540379996,0.0,1.6515068870831454e-08,0.0
36.58000070500003,90.0,95.24589579617924,-5.245895796179241,-0.1281814087977724,1430.0,-0.12818141540379996,0.0,6.606027548332582e-09,0.0
36.60000067200002,90.0,95.24589579617924,-5.245895796179241,-0.12818141276138895,1430.0,-0.12818141540379996,0.0,2.642411019333033e-09,0.0
36.620000843000014,90.0,95.24589579617924,-5.245895796179241,-0.12818141434683555,1430.0,-0.12818141540379996,0.0,1.0569644077332133e-09,0.0
36.64000095800003,90.0,95.24589579617924,-5.245895796179241,-0.1281814149810142,1430.0,-0.12818141540379996,0.0,4.2278576309328536e-10,0.0
36.66000081400006,90.0,95.25017607085056,-5.250176070850557,-0.12828600207495153,1430.0,-0.12828600224406583,0.0,1.6911430523731416e-10,0.0
36.68000066999997,90.0,95.25017607085056,-5.250176070850557,-0.1282860021764201,1430.0,-0.12828600224406583,0.0,6.764572209492566e-11,0.0
36.700001008000015,90.0,95.25017607085056,-5.250176070850557,-0.12828600221700753,1430.0,-0.12828600224406583,0.0,2.7058288837970268e-11,0.0
36.720001068000045,90.0,95.25017607085056,-5.250176070850557,-0.12828600223324252,1430.0,-0.12828600224406583,0.0,1.0823315535188107e-11,0.0
36.74000079399997,90.0,95.25017607085056,-5.250176070850557,-0.12828600223973652,1430.0,-0.12828600224406583,0.0,4.329326214075243e-12,0.0
36.76000068700006,90.0,95.25017607085056,-5.250176070850557,-0.1282860022423341,1430.0,-0.12828600224406583,0.0,1.7317304856300972e-12,0.0
36.78000102499999,90.0,95.25017607085056,-5.250176070850557,-0.12828600224337314,1430.0,-0.12828600224406583,0.0,6.92692194252039e-13,0.0
36.80000093699999,90.0,95.25017607085056,-5.250176070850557,-0.12828600224378875,1430.0,-0.12828600224406583,0.0,2.770768777008156e-13,0.0
36.82000112600002,90.0,95.25570413487821,-5.255704134878215,-0.12842107832991614,1430.0,-0.12842107833002697,0.0,1.1083075108032625e-13,0.0
36.840001038000025,90.0,95.25570413487821,-5.255704134878215,-0.12842107832998265,1430.0,-0.12842107833002697,0.0,4.433230043213051e-14,0.0
36.860000911999975,90.0,95.25570413487821,-5.255704134878215,-0.12842107833000924,1430.0,-0.12842107833002697,0.0,1.7732920172852203e-14,0.0
36.88000080499995,90.0,95.25570413487821,-5.255704134878215,-0.12842107833001987,1430.0,-0.12842107833002697,0.0,7.093168069140882e-15,0.0
36.90000084700006,90.0,95.25570413487821,-5.255704134878215,-0.12842107833002414,1430.0,-0.12842107833002697,0.0,2.8372672276563528e-15,0.0
36.92000125800001,90.0,95.25570413487821,-5.255704134878215,-0.12842107833002583,1430.0,-0.12842107833002697,0.0,1.1349068910625413e-15,0.0
36.94000104000003,90.0,95.25570413487821,-5.255704134878215,-0.12842107833002653,1430.0,-0.12842107833002697,0.0,4.539627564250166e-16,0.0
36.960000971000056,90.0,95.25570413487821,-5.255704134878215,-0.12842107833002678,1430.0,-0.12842107833002697,0.0,1.8158510257000663e-16,0.0
36.98000091900002,90.0,95.25570413487821,-5.255704134878215,-0.1284210783300269,1430.0,-0.12842107833002697,0.0,7.263404102800266e-17,0.0
37.000001016,90.0,95.25570413487821,-5.255704134878215,-0.12842107833002694,1430.0,-0.12842107833002697,0.0,2.9053616411201065e-17,0.0
37.02000102000005,90.0,95.25570413487821,-5.255704134878215,-0.12842107833002697,1430.0,-0.12842107833002697,0.0,1.1621446564480426e-17,0.0
37.04000117300001,90.0,95.25570413487821,-5.255704134878215,-0.12842107833002697,1430.0,-0.12842107833002697,0.0,4.648578625792171e-18,0.0
37.06000082500003,90.0,95.25570413487821,-5.255704134878215,-0.12842107833002697,1430.0,-0.12842107833002697,0.0,1.8594314503168687e-18,0.0
37.080000902999984,90.0,95.25570413487821,-5.255704134878215,-0.12842107833002697,1430.0,-0.12842107833002697,0.0,7.437725801267474e-19,0.0
37.10000111100004,90.0,95.25570413487821,-5.255704134878215,-0.12842107833002697,1430.0,-0.12842107833002697,0.0,2.97509032050699e-19,0.0
37.12000111599997,90.0,95.25570413487821,-5.255704134878215,-0.12842107833002697,1430.0,-0.12842107833002697,0.0,1.190036128202796e-19,0.0
37.14000112000002,90.0,95.25570413487821,-5.255704134878215,-0.12842107833002697,1430.0,-0.12842107833002697,0.0,4.7601445128111836e-20,0.0
37.16000099399997,90.0,95.25570413487821,-5.255704134878215,-0.12842107833002697,1430.0,-0.12842107833002697,0.0,1.9040578051244736e-20,0.0
37.18000075800006,90.0,95.25570413487821,-5.255704134878215,-0.12842107833002697,1430.0,-0.12842107833002697,0.0,7.616231220497895e-21,0.0
37.20000129900001,90.0,95.25570413487821,-5.255704134878215,-0.12842107833002697,1430.0,-0.12842107833002697,0.0,3.0464924881991578e-21,0.0
37.22000122900005,90.0,95.25570413487821,-5.255704134878215,-0.12842107833002697,1430.0,-0.12842107833002697,0.0,1.2185969952796633e-21,0.0
37.240000734000034,90.0,95.25570413487821,-5.255704134878215,-0.12842107833002697,1430.0,-0.12842107833002697,0.0,4.874387981118653e-22,0.0
37.260000737999974,90.0,95.25570413487821,-5.255704134878215,-0.12842107833002697,1430.0,-0.12842107833002697,0.0,1.9497551924474613e-22,0.0
37.28000102000004,90.0,95.25570413487821,-5.255704134878215,-0.12842107833002697,1430.0,-0.12842107833002697,0.0,7.799020769789845e-23,0.0
37.30000067199995,90.0,95.25570413487821,-5.255704134878215,-0.12842107833002697,1430.0,-0.12842107833002697,0.0,3.119608307915938e-23,0.0
37.32000104700006,90.0,95.25142406402813,-5.25142406402813,-0.1283164964700533,1430.0,-0.1283164964700533,0.0,1.2478433231663753e-23,0.0
37.34000095799996,90.0,95.25142406402813,-5.25142406402813,-0.1283164964700533,1430.0,-0.1283164964700533,0.0,4.991373292665502e-24,0.0
37.36000101799999,90.0,95.25142406402813,-5.25142406402813,-0.1283164964700533,1430.0,-0.1283164964700533,0.0,1.996549317066201e-24,0.0
37.38000074500002,90.0,95.25142406402813,-5.25142406402813,-0.1283164964700533,1430.0,-0.1283164964700533,0.0,7.9861972682648045e-25,0.0
37.40000080500005,90.0,95.25142406402813,-5.25142406402813,-0.1283164964700533,1430.0,-0.1283164964700533,0.0,3.1944789073059216e-25,0.0
37.42000110500004,90.0,95.25142406402813,-5.25142406402813,-0.1283164964700533,1430.0,-0.1283164964700533,0.0,1.2777915629223687e-25,0.0
37.44000084999999,90.0,95.25142406402813,-5.25142406402813,-0.1283164964700533,1430.0,-0.1283164964700533,0.0,5.111166251689475e-26,0.0
37.460000632,90.0,95.24751640803163,-5.247516408031629,-0.12822101442160938,1430.0,-0.12822101442160938,0.0,2.0444665006757897e-26,0.0
37.48000146999999,90.0,95.24751640803163,-5.247516408031629,-0.12822101442160938,1430.0,-0.12822101442160938,0.0,8.17786600270316e-27,0.0
37.50000095499996,90.0,95.24751640803163,-5.247516408031629,-0.12822101442160938,1430.0,-0.12822101442160938,0.0,3.271146401081264e-27,0.0
37.52000097800004,90.0,95.24751640803163,-5.247516408031629,-0.12822101442160938,1430.0,-0.12822101442160938,0.0,1.3084585604325055e-27,0.0
37.540001055999994,90.0,95.24751640803163,-5.247516408031629,-0.12822101442160938,1430.0,-0.12822101442160938,0.0,5.233834241730022e-28,0.0
37.56000087700005,90.0,95.24751640803163,-5.247516408031629,-0.12822101442160938,1430.0,-0.12822101442160938,0.0,2.093533696692009e-28,0.0
37.58000075299998,90.0,95.24751640803163,-5.247516408031629,-0.12822101442160938,1430.0,-0.12822101442160938,0.0,8.374134786768037e-29,0.0
37.60000076,90.0,95.24751640803163,-5.247516408031629,-0.12822101442160938,1430.0,-0.12822101442160938,0.0,3.3496539147072153e-29,0.0
37.62000098799996,90.0,95.24751640803163,-5.247516408031629,-0.12822101442160938,1430.0,-0.12822101442160938,0.0,1.3398615658828864e-29,0.0
37.640000939000004,90.0,95.24751640803163,-5.247516408031629,-0.12822101442160938,1430.0,-0.12822101442160938,0.0,5.3594462635315454e-30,0.0
37.660000945000036,90.0,95.24751640803163,-5.247516408031629,-0.12822101442160938,1430.0,-0.12822101442160938,0.0,2.1437785054126182e-30,0.0
37.68000113700003,90.0,95.24751640803163,-5.247516408031629,-0.12822101442160938,1430.0,-0.12822101442160938,0.0,8.575114021650473e-31,0.0
37.700000791000036,90.0,95.24751640803163,-5.247516408031629,-0.12822101442160938,1430.0,-0.12822101442160938,0.0,3.4300456086601898e-31,0.0
37.720000853000045,90.0,95.24751640803163,-5.247516408031629,-0.12822101442160938,1430.0,-0.12822101442160938,0.0,1.372018243464076e-31,0.0
37.740001414999995,90.0,95.24751640803163,-5.247516408031629,-0.12822101442160938,1430.0,-0.12822101442160938,0.0,5.488072973856304e-32,0.0
37.76000123600005,90.0,95.24751640803163,-5.247516408031629,-0.12822101442160938,1430.0,-0.12822101442160938,0.0,2.1952291895425216e-32,0.0
37.780000908999966,90.0,95.24751640803163,-5.247516408031629,-0.12822101442160938,1430.0,-0.12822101442160938,0.0,8.780916758170087e-33,0.0
37.800001119,90.0,95.24751640803163,-5.247516408031629,-0.12822101442160938,1430.0,-0.12822101442160938,0.0,3.512366703268035e-33,0.0
37.82000095899997,90.0,95.24751640803163,-5.247516408031629,-0.12822101442160938,1430.0,-0.12822101442160938,0.0,1.404946681307214e-33,0.0
37.84000137200002,90.0,95.24751640803163,-5.247516408031629,-0.12822101442160938,1430.0,-0.12822101442160938,0.0,5.619786725228856e-34,0.0
37.860001470999975,90.0,95.25400094637837,-5.254000946378369,-0.1283794615840808,1430.0,-0.1283794615840808,0.0,2.2479146900915426e-34,0.0
37.88000116300003,90.0,95.25400094637837,-5.254000946378369,-0.1283794615840808,1430.0,-0.1283794615840808,0.0,8.991658760366171e-35,0.0
37.90000098399997,90.0,95.25400094637837,-5.254000946378369,-0.1283794615840808,1430.0,-0.1283794615840808,0.0,3.5966635041464685e-35,0.0
37.920001472000024,90.0,95.25400094637837,-5.254000946378369,-0.1283794615840808,1430.0,-0.1283794615840808,0.0,1.4386654016585876e-35,0.0
37.940000699999985,90.0,95.25400094637837,-5.254000946378369,-0.1283794615840808,1430.0,-0.1283794615840808,0.0,5.754661606634351e-36,0.0
37.96000081799997,90.0,95.25009329038187,-5.250093290381869,-0.12828397953563692,1430.0,-0.12828397953563692,0.0,2.3018646426537406e-36,0.0
37.98000128699999,90.0,95.25009329038187,-5.250093290381869,-0.12828397953563692,1430.0,-0.12828397953563692,0.0,9.207458570614964e-37,0.0
