t,ref,angle,err,u,pwm,state,P,I,D,gz
6.479999683506321e-07,0.0,0.018673219777269878,-0.018673219777269878,0.0,1500,idle,0.0,0.0,0.0,0.0
0.020001384999886795,0.0,0.018673219777269878,-0.018673219777269878,0.0,1500,idle,0.0,0.0,0.0,0.0
0.04000077099999544,0.0,0.018673219777269878,-0.018673219777269878,0.0,1500,idle,0.0,0.0,0.0,0.0
0.06000067500008299,0.0,0.018673219777269878,-0.018673219777269878,0.0,1500,idle,0.0,0.0,0.0,0.0
0.08000072699996963,0.0,0.014787804730133303,-0.014787804730133303,0.0,1500,idle,0.0,0.0,0.0,0.0
0.10000074200024756,0.0,0.014787804730133303,-0.014787804730133303,0.0,1500,idle,0.0,0.0,0.0,0.0
0.12000114600004963,0.0,0.014787804730133303,-0.014787804730133303,0.0,1500,idle,0.0,0.0,0.0,0.0
0.14000084700001025,0.0,0.012418742142557448,-0.012418742142557448,0.0,1500,idle,0.0,0.0,0.0,0.0
0.1600009730000238,0.0,0.012418742142557448,-0.012418742142557448,0.0,1500,idle,0.0,0.0,0.0,0.0
0.18000085900030172,0.0,0.012418742142557448,-0.012418742142557448,0.0,1500,idle,0.0,0.0,0.0,0.0
0.20000079999999798,0.0,0.012418742142557448,-0.012418742142557448,0.0,1500,idle,0.0,0.0,0.0,0.0
0.220000648000223,0.0,0.012418742142557448,-0.012418742142557448,0.0,1500,idle,0.0,0.0,0.0,0.0
0.24000084899989815,0.0,0.009085477881882298,-0.009085477881882298,0.0,1500,idle,0.0,0.0,0.0,0.0
0.26000101199997516,0.0,0.009085477881882298,-0.009085477881882298,0.0,1500,idle,0.0,0.0,0.0,0.0
0.2800010089999887,0.0,0.009085477881882298,-0.009085477881882298,0.0,1500,idle,0.0,0.0,0.0,0.0
0.30000108000012915,0.0,0.009085477881882298,-0.009085477881882298,0.0,1500,idle,0.0,0.0,0.0,0.0
0.3200008550002167,0.0,0.009085477881882298,-0.009085477881882298,0.0,1500,idle,0.0,0.0,0.0,0.0
0.3400010190002831,0.0,0.009085477881882298,-0.009085477881882298,0.0,1500,idle,0.0,0.0,0.0,0.0
0.3600007190002543,0.0,0.009085477881882298,-0.009085477881882298,0.0,1500,idle,0.0,0.0,0.0,0.0
0.3800009940000564,0.0,0.009085477881882298,-0.009085477881882298,0.0,1500,idle,0.0,0.0,0.0,0.0
0.40000065799995355,0.0,0.009085477881882298,-0.009085477881882298,0.0,1500,idle,0.0,0.0,0.0,0.0
0.42000093200022093,0.0,0.009085477881882298,-0.009085477881882298,0.0,1500,idle,0.0,0.0,0.0,0.0
0.440000892000171,0.0,0.0033832589473377084,-0.0033832589473377084,0.0,1500,idle,0.0,0.0,0.0,0.0
0.4600010369999836,0.0,0.0033832589473377084,-0.0033832589473377084,0.0,1500,idle,0.0,0.0,0.0,0.0
0.48000095999987025,0.0,0.0033832589473377084,-0.0033832589473377084,0.0,1500,idle,0.0,0.0,0.0,0.0
0.5000008649999472,0.0,0.0033832589473377084,-0.0033832589473377084,0.0,1500,idle,0.0,0.0,0.0,0.0
0.5200009360000877,0.0,0.0033832589473377084,-0.0033832589473377084,0.0,1500,idle,0.0,0.0,0.0,0.0
0.5400009700001647,0.0,-0.0007781417792500633,0.0007781417792500633,0.0,1500,idle,0.0,0.0,0.0,0.0
0.5600008000001253,0.0,-0.0007781417792500633,0.0007781417792500633,0.0,1500,idle,0.0,0.0,0.0,0.0
0.580000648999885,0.0,-0.004110501975844727,0.004110501975844727,0.0,1500,idle,0.0,0.0,0.0,0.0
0.6000009610002053,0.0,-0.004110501975844727,0.004110501975844727,0.0,1500,idle,0.0,0.0,0.0,0.0
0.6200009580002188,0.0,-0.004110501975844727,0.004110501975844727,0.0,1500,idle,0.0,0.0,0.0,0.0
0.6400008620003064,0.0,-0.00648045717309742,0.00648045717309742,0.0,1500,idle,0.0,0.0,0.0,0.0
0.6600008220002564,0.0,-0.00648045717309742,0.00648045717309742,0.0,1500,idle,0.0,0.0,0.0,0.0
0.6800007639999421,0.0,-0.01215721665721503,0.01215721665721503,0.0,1500,idle,0.0,0.0,0.0,0.0
0.7000010010001461,0.0,-0.01215721665721503,0.01215721665721503,0.0,1500,idle,0.0,0.0,0.0,0.0
0.7200010540000221,0.0,-0.01215721665721503,0.01215721665721503,0.0,1500,idle,0.0,0.0,0.0,0.0
0.7400016800002049,0.0,-0.01215721665721503,0.01215721665721503,0.0,1500,idle,0.0,0.0,0.0,0.0
0.7600009370003136,0.0,-0.01215721665721503,0.01215721665721503,0.0,1500,idle,0.0,0.0,0.0,0.0
0.7800008039998829,0.0,-0.012711106101562564,0.012711106101562564,0.0,1500,idle,0.0,0.0,0.0,0.0
0.8000006160000339,0.0,-0.012711106101562564,0.012711106101562564,0.0,1500,idle,0.0,0.0,0.0,0.0
0.8200010020000263,0.0,-0.012711106101562564,0.012711106101562564,0.0,1500,idle,0.0,0.0,0.0,0.0
0.8400007949999235,0.0,-0.012711106101562564,0.012711106101562564,0.0,1500,idle,0.0,0.0,0.0,0.0
0.8600010330001169,0.0,-0.012711106101562564,0.012711106101562564,0.0,1500,idle,0.0,0.0,0.0,0.0
0.8800008260000141,0.0,-0.01687181838468632,0.01687181838468632,0.0,1500,idle,0.0,0.0,0.0,0.0
0.9000009900000805,0.0,-0.01687181838468632,0.01687181838468632,0.0,1500,idle,0.0,0.0,0.0,0.0
0.9200008570001046,0.0,-0.01687181838468632,0.01687181838468632,0.0,1500,idle,0.0,0.0,0.0,0.0
0.9400009840001076,0.0,-0.02020403908736057,0.02020403908736057,0.0,1500,idle,0.0,0.0,0.0,0.0
0.9600010180001846,0.0,-0.02020403908736057,0.02020403908736057,0.0,1500,idle,0.0,0.0,0.0,0.0
0.9800007550002192,0.0,-0.02020403908736057,0.02020403908736057,0.0,1500,idle,0.0,0.0,0.0,0.0
1.0000009010000213,0.0,-0.02020403908736057,0.02020403908736057,0.0,1500,idle,0.0,0.0,0.0,0.0
1.0200006750001194,0.0,-0.02020403908736057,0.02020403908736057,0.0,1500,idle,0.0,0.0,0.0,0.0
1.0400011350002387,0.0,-0.02020403908736057,0.02020403908736057,0.0,1500,idle,0.0,0.0,0.0,0.0
1.0600008169999455,0.0,-0.02020403908736057,0.02020403908736057,0.0,1500,idle,0.0,0.0,0.0,0.0
1.0800013140001283,0.0,-0.024090601248502708,0.024090601248502708,0.0,1500,idle,0.0,0.0,0.0,0.0
1.1000013850002688,0.0,-0.024090601248502708,0.024090601248502708,0.0,1500,idle,0.0,0.0,0.0,0.0
1.1200011599999016,0.0,-0.024090601248502708,0.024090601248502708,0.0,1500,idle,0.0,0.0,0.0,0.0
1.1400006200001371,0.0,-0.024090601248502708,0.024090601248502708,0.0,1500,idle,0.0,0.0,0.0,0.0
1.1600005800000872,0.0,-0.024090601248502708,0.024090601248502708,0.0,1500,idle,0.0,0.0,0.0,0.0
1.1800008730001537,0.0,-0.026460964718523883,0.026460964718523883,0.0,1500,idle,0.0,0.0,0.0,0.0
1.2000007410001672,0.0,-0.026460964718523883,0.026460964718523883,0.0,1500,idle,0.0,0.0,0.0,0.0
1.2200008859999798,0.0,-0.026460964718523883,0.026460964718523883,0.0,1500,idle,0.0,0.0,0.0,0.0
1.2400010680003106,0.0,-0.026460964718523883,0.026460964718523883,0.0,1500,idle,0.0,0.0,0.0,0.0
1.2600008990002607,0.0,-0.026460964718523883,0.026460964718523883,0.0,1500,idle,0.0,0.0,0.0,0.0
1.2800009140000839,0.0,-0.030621536814237516,0.030621536814237516,0.0,1500,idle,0.0,0.0,0.0,0.0
1.300000652000108,0.0,-0.030621536814237516,0.030621536814237516,0.0,1500,idle,0.0,0.0,0.0,0.0
1.3200009460001638,0.0,-0.030621536814237516,0.030621536814237516,0.0,1500,idle,0.0,0.0,0.0,0.0
1.3400010170003043,0.0,-0.03395323560852148,0.03395323560852148,0.0,1500,idle,0.0,0.0,0.0,0.0
1.360000718000265,0.0,-0.03395323560852148,0.03395323560852148,0.0,1500,idle,0.0,0.0,0.0,0.0
1.3800006599999506,0.0,-0.03395323560852148,0.03395323560852148,0.0,1500,idle,0.0,0.0,0.0,0.0
1.4000009540000065,0.0,-0.03395323560852148,0.03395323560852148,0.0,1500,idle,0.0,0.0,0.0,0.0
1.4200006920000305,0.0,-0.03395323560852148,0.03395323560852148,0.0,1500,idle,0.0,0.0,0.0,0.0
1.4400006519999806,0.0,-0.03395323560852148,0.03395323560852148,0.0,1500,idle,0.0,0.0,0.0,0.0
1.4600008530001105,0.0,-0.03395323560852148,0.03395323560852148,0.0,1500,idle,0.0,0.0,0.0,0.0
1.4800008870001875,0.0,-0.03395323560852148,0.03395323560852148,0.0,1500,idle,0.0,0.0,0.0,0.0
1.5000010140001905,0.0,-0.03395323560852148,0.03395323560852148,0.0,1500,idle,0.0,0.0,0.0,0.0
1.5200006780000876,0.0,-0.03395323560852148,0.03395323560852148,0.0,1500,idle,0.0,0.0,0.0,0.0
1.5400006760000906,0.0,-0.03395323560852148,0.03395323560852148,0.0,1500,idle,0.0,0.0,0.0,0.0
1.5600008020001042,0.0,-0.03395323560852148,0.03395323560852148,0.0,1500,idle,0.0,0.0,0.0,0.0
1.5800007630000437,0.0,-0.030621536814237516,0.030621536814237516,0.0,1500,idle,0.0,0.0,0.0,0.0
1.600000779000311,0.0,-0.030621536814237516,0.030621536814237516,0.0,1500,idle,0.0,0.0,0.0,0.0
1.6200009419999333,0.0,-0.030621536814237516,0.030621536814237516,0.0,1500,idle,0.0,0.0,0.0,0.0
1.640000995000264,0.0,-0.024090601248502708,0.024090601248502708,0.0,1500,idle,0.0,0.0,0.0,0.0
1.6600007330002882,0.0,-0.024090601248502708,0.024090601248502708,0.0,1500,idle,0.0,0.0,0.0,0.0
1.6800008230002277,0.0,-0.024090601248502708,0.024090601248502708,0.0,1500,idle,0.0,0.0,0.0,0.0
1.7000009500002307,0.0,-0.024090601248502708,0.024090601248502708,0.0,1500,idle,0.0,0.0,0.0,0.0
1.7200010030001067,0.0,-0.024090601248502708,0.024090601248502708,0.0,1500,idle,0.0,0.0,0.0,0.0
1.7400013520000357,0.0,-0.024090601248502708,0.024090601248502708,0.0,1500,idle,0.0,0.0,0.0,0.0
1.7600012380003136,0.0,-0.024090601248502708,0.024090601248502708,0.0,1500,idle,0.0,0.0,0.0,0.0
1.7800008839999464,0.0,-0.02020403908736057,0.02020403908736057,0.0,1500,idle,0.0,0.0,0.0,0.0
1.8000010480000128,0.0,-0.02020403908736057,0.02020403908736057,0.0,1500,idle,0.0,0.0,0.0,0.0
1.8200012490001427,0.0,-0.02020403908736057,0.02020403908736057,0.0,1500,idle,0.0,0.0,0.0,0.0
1.840000745999987,0.0,-0.02020403908736057,0.02020403908736057,0.0,1500,idle,0.0,0.0,0.0,0.0
1.8600007250001909,0.0,-0.02020403908736057,0.02020403908736057,0.0,1500,idle,0.0,0.0,0.0,0.0
1.880001054999866,0.0,-0.02020403908736057,0.02020403908736057,0.0,1500,idle,0.0,0.0,0.0,0.0
1.90000090500007,0.0,-0.02020403908736057,0.02020403908736057,0.0,1500,idle,0.0,0.0,0.0,0.0
1.9200008830002844,0.0,-0.02020403908736057,0.02020403908736057,0.0,1500,idle,0.0,0.0,0.0,0.0
1.9400008810002873,0.0,-0.012711106101562564,0.012711106101562564,0.0,1500,idle,0.0,0.0,0.0,0.0
1.960000711000248,0.0,-0.012711106101562564,0.012711106101562564,0.0,1500,idle,0.0,0.0,0.0,0.0
1.9800006899999971,0.0,-0.010341290956773719,0.010341290956773719,0.0,1500,idle,0.0,0.0,0.0,0.0
2.0000007799999366,-60.0,-0.010341290956773719,-59.989658709043226,-3.1410511848614857,1670,kick,-3.1410511848614857,0.0,0.0,0.0
2.0200007399998867,-60.0,-0.010341290956773719,-59.989658709043226,-3.1410511848614857,1670,kick,-3.1410511848614857,0.0,0.0,0.0
2.040000682000027,-60.0,-0.007008618170544878,-59.992991381829455,-3.14122568320052,1670,kick,-3.14122568320052,0.0,0.0,0.0
2.0600007719999667,-60.0,-0.007008618170544878,-59.992991381829455,-3.14122568320052,1670,kick,-3.14122568320052,0.0,0.0,0.0
2.0800006580002446,-60.0,-0.007008618170544878,-59.992991381829455,-3.14122568320052,1670,kick,-3.14122568320052,0.0,0.0,0.0
2.1000008040000466,-60.0,-0.007008618170544878,-59.992991381829455,-3.13829599570052,1670,kick,-3.14122568320052,0.0,0.001171875,-0.001953125
2.1200013010002294,-60.0,-0.007008618170544878,-59.992991381829455,-3.1371241207005203,1670,kick,-3.14122568320052,0.0,0.001640625,-0.001953125
2.1400008169998728,-60.0,-0.004667387031503267,-59.9953326129685,-3.130918582276299,1670,kick,-3.141348269776299,0.0,0.004171874999999999,-0.005859375
2.1600009990002036,-60.0,-0.004667387031503267,-59.9953326129685,-3.128387332276299,1670,kick,-3.141348269776299,0.0,0.005184375,-0.005859375
2.180001089000143,-60.0,-0.019516574021764654,-59.980483425978235,-3.1265973306636266,1670,kick,-3.1405707681636263,0.0,0.005589375,-0.005859375
2.200000920000093,-60.0,-0.019516574021764654,-59.980483425978235,-3.1144735806636263,1670,kick,-3.1405707681636263,0.0,0.010438875,-0.013671875
2.220000861000244,-60.0,-0.019516574021764654,-59.980483425978235,-3.109624080663626,1670,kick,-3.1405707681636263,0.0,0.012378675,-0.013671875
2.2400006920001942,-60.0,-0.06143018471189521,-59.938569815288105,-3.0967006266398007,1670,kick,-3.1383761766398006,0.0,0.01667022,-0.01953125
2.2600008750000598,-60.0,-0.06143018471189521,-59.938569815288105,-3.0924090816398007,1670,kick,-3.1383761766398006,0.0,0.018386838,-0.01953125
2.2800006870002107,-60.0,-0.1151579058338541,-59.884842094166146,-3.0878792867402862,1670,kick,-3.1355629997402863,0.0,0.0190734852,-0.01953125
2.300000851000277,-60.0,-0.1151579058338541,-59.884842094166146,-3.0813332645402864,1670,kick,-3.1355629997402863,0.0,0.02169189408,-0.0234375
2.3200010340001427,-60.0,-0.1151579058338541,-59.884842094166146,-3.0787148556602864,1670,kick,-3.1355629997402863,0.0,0.022739257632,-0.0234375
2.340000976000283,-60.0,-0.17169813496121833,-59.82830186503878,-3.068847677633973,1670,kick,-3.1326025602659726,0.0,0.0255019530528,-0.02734375
2.3600008630000957,-60.0,-0.17169813496121833,-59.82830186503878,-3.0660849822131726,1670,kick,-3.1326025602659726,0.0,0.02660703122112,-0.02734375
2.3800010079999083,-60.0,-0.2402755124546161,-59.759724487545384,-3.061389200955924,1670,kick,-3.129011857177044,0.0,0.027049062488448003,-0.02734375
2.400001080000038,-60.0,-0.2402755124546161,-59.759724487545384,-3.052158107188596,1670,kick,-3.129011857177044,0.0,0.0307414999953792,-0.033203125
2.4200008550001257,-60.0,-0.2402755124546161,-59.759724487545384,-3.048465669681665,1670,kick,-3.129011857177044,0.0,0.03221847499815168,-0.033203125
2.440001057000245,-60.0,-0.32495607439602736,-59.67504392560397,-3.0366954558239425,1670,kick,-3.1245779933220943,0.0,0.03515301499926067,-0.037109375
2.4600009800001317,-60.0,-0.32495607439602736,-59.67504392560397,-3.0337609158228336,1670,kick,-3.1245779933220943,0.0,0.03632683099970427,-0.037109375
2.4800010330000077,-60.0,-0.41731541224098123,-59.58268458775902,-3.0277511762013214,1670,kick,-3.119742069701026,0.0,0.03679635739988171,-0.037109375
2.5000007160001587,-60.0,-0.41731541224098123,-59.58268458775902,-3.0155628998011443,1695.0,run,-3.119742069701026,0.0,0.04167166795995268,-0.044921875
2.520000751000225,-60.0,-0.41731541224098123,-59.58268458775902,-3.010687589241073,1720.0,run,-3.119742069701026,0.0,0.04362179218398107,-0.044921875
2.540001026000027,-60.0,-0.5228251833813715,-59.47717481661863,-2.997353611318768,1745.0,run,-3.114217591002749,0.0,0.04674559187359243,-0.048828125
2.560000876000231,-60.0,-0.5228251833813715,-59.47717481661863,-2.9942298116291566,1770.0,run,-3.114217591002749,0.0,0.04799511174943698,-0.048828125
2.5800007620000542,-60.0,-0.6524995689603657,-59.347500431039634,-2.9861905568017497,1795.0,run,-3.1074278560511868,0.0,0.04849491969977479,-0.048828125
2.6000010380003005,-60.0,-0.6524995689603657,-59.347500431039634,-2.965182936351412,1820.0,run,-3.1074278560511868,0.0,0.056897967879909916,-0.0625
2.6200010719999227,-60.0,-0.6524995689603657,-59.347500431039634,-2.956779888171277,1845.0,run,-3.1074278560511868,0.0,0.06025918715196397,-0.0625
2.6400007550000737,-60.0,-0.8275983576343151,-59.172401642365685,-2.8973755177633804,1870.0,run,-3.0982597049153444,0.0,0.08035367486078558,-0.09375
2.6600008820000767,-60.0,-0.8275983576343151,-59.172401642365685,-2.877281030054559,1895.0,run,-3.0982597049153444,0.0,0.08839146994431424,-0.09375
2.6800007689998893,-60.0,-1.1089534810436703,-58.89104651895633,-2.8545115151584852,1900.0,run,-3.0835279851027995,0.0,0.0916065879777257,-0.09375
2.7000009520002095,-60.0,-1.1089534810436703,-58.89104651895633,-2.7721948346250738,1900.0,run,-3.0835279851027995,0.0,0.12453326019109029,-0.146484375
2.720000968000022,-60.0,-1.1089534810436703,-58.89104651895633,-2.739268162411709,1900.0,run,-3.0835279851027995,0.0,0.1377039290764361,-0.146484375
2.740001243000279,-60.0,-1.5710900714081504,-58.42890992859185,-2.5788532032389613,1900.0,run,-3.0593305698153976,0.0,0.19219094663057446,-0.228515625
2.7600008889999117,-60.0,-1.5710900714081504,-58.42890992859185,-2.524366185684823,1900.0,run,-3.0593305698153976,0.0,0.2139857536522298,-0.228515625
2.780000923999978,-60.0,-2.2694292170492076,-57.73057078295079,-2.466006426502166,1900.0,run,-3.022765617654396,0.0,0.22270367646089193,-0.228515625
2.800000884000383,-60.0,-2.2694292170492076,-57.73057078295079,-2.3342416286935044,1900.0,run,-3.022765617654396,0.0,0.27540959558435674,-0.310546875
2.8200009369998043,-60.0,-2.2694292170492076,-57.73057078295079,-2.2815357095700395,1900.0,run,-3.022765617654396,0.0,0.2964919632337427,-0.310546875
2.840000990000135,-60.0,-3.2064312704652593,-56.79356872953474,-2.08541546663048,1900.0,run,-2.9737043048642224,0.0,0.3553155352934971,-0.39453125
2.860000840000339,-60.0,-3.2064312704652593,-56.79356872953474,-2.0265918945707253,1900.0,run,-2.9737043048642224,0.0,0.3788449641173988,-0.39453125
2.8800009490000775,-60.0,-4.3874492476953435,-55.61255075230466,-1.9412245090630988,1900.0,run,-2.9118663481804976,0.0,0.3882567356469595,-0.39453125
2.900000871999964,-60.0,-4.3874492476953435,-55.61255075230466,-1.811695550033538,1900.0,run,-2.9118663481804976,0.0,0.44006831925878376,-0.474609375
2.9200006850001046,-60.0,-4.3874492476953435,-55.61255075230466,-1.7598839664217139,1900.0,run,-2.9118663481804976,0.0,0.4607929527035135,-0.474609375
2.9400006640003085,-60.0,-5.802735261142175,-54.197264738857825,-1.5361488806007682,1900.0,run,-2.8377621458042817,0.0,0.5206453060814054,-0.560546875
2.9600009390001105,-60.0,-5.802735261142175,-54.197264738857825,-1.4762965272228763,1900.0,run,-2.8377621458042817,0.0,0.5445862474325621,-0.560546875
2.9800009920004413,-60.0,-7.448418145710065,-52.551581854289935,-1.3661878315334368,1900.0,run,-2.751594391465999,0.0,0.5541626239730248,-0.560546875
3.0000010449998626,-60.0,-7.448418145710065,-52.551581854289935,-1.2247755174929742,1900.0,run,-2.751594391465999,0.0,0.6107275495892099,-0.6484375
3.020000765000532,-60.0,-7.448418145710065,-52.551581854289935,-1.168210591876789,1900.0,run,-2.751594391465999,0.0,0.633353519835684,-0.6484375
3.0400007439998262,-60.0,-9.35345711736963,-50.64654288263037,-0.9227901393275157,1880.3114855285166,run,-2.6518467841632,0.0,0.6916226579342737,-0.73046875
3.060000668000157,-60.0,-9.35345711736963,-50.64654288263037,-0.8645210012289264,1865.4528553133762,run,-2.6518467841632,0.0,0.7149303131737095,-0.73046875
3.080000813999959,-60.0,-11.489715217283077,-48.51028478271692,-0.6004528834418277,1840.4528553133762,run,-2.539992571615537,0.0,0.7758158752694837,-0.81640625
3.100000941000417,-60.0,-11.489715217283077,-48.51028478271692,-0.5395673213460532,1815.4528553133762,run,-2.539992571615537,0.0,0.8001701001077934,-0.81640625
3.1200009380004303,-60.0,-11.489715217283077,-48.51028478271692,-0.5152130965077433,1790.4528553133762,run,-2.539992571615537,0.0,0.8099117900431174,-0.81640625
3.140000992000296,-60.0,-13.85551936988304,-46.14448063011696,-0.27905912831174806,1765.4528553133762,run,-2.4161193558548657,0.0,0.854824091017247,-0.884765625
3.160000897000373,-60.0,-13.85551936988304,-46.14448063011696,-0.23414682733761882,1740.4528553133762,run,-2.4161193558548657,0.0,0.8727890114068988,-0.884765625
3.1800009129997306,-60.0,-16.41123602166877,-43.58876397833123,-0.009122708482847575,1500,idle,-2.2823023448897466,0.0,0.9092718545627596,-0.93359375
3.2000007250003364,-60.0,-16.41123602166877,-43.58876397833123,0.027360134673013015,1500,idle,-2.2823023448897466,0.0,0.9238649918251038,-0.93359375
3.2200007229998846,-60.0,-16.41123602166877,-43.58876397833123,0.04195327193535725,1500,idle,-2.2823023448897466,0.0,0.9297022467300415,-0.93359375
3.240001054000004,-60.0,-19.08621513278362,-40.91378486721638,0.22007866807337084,1500,idle,-2.1422407661566707,0.0,0.9449277736920165,-0.955078125
3.2600010510000175,-60.0,-19.08621513278362,-40.91378486721638,0.2353041950353454,1500,idle,-2.1422407661566707,0.0,0.9510179844768065,-0.955078125
3.280000864000158,-60.0,-21.790287605853706,-38.209712394146294,0.37126055942299185,1500,dwell,-2.0006558625538147,0.0,0.9487665687907226,-0.947265625
3.3000007880004887,-60.0,-21.790287605853706,-38.209712394146294,0.36900914373690785,1500,dwell,-2.0006558625538147,0.0,0.947866002516289,-0.947265625
3.320001081999635,-60.0,-21.790287605853706,-38.209712394146294,0.3681085774624746,1500,dwell,-2.0006558625538147,0.0,0.9475057760065156,-0.947265625
3.3400010430000293,-60.0,-24.46813690313803,-35.53186309686197,0.5050305247821849,1500,dwell,-1.8604440012243306,0.0,0.9461898104026063,-0.9453125
3.3600010040004236,-60.0,-24.46813690313803,-35.53186309686197,0.5037145591782752,1500,dwell,-1.8604440012243306,0.0,0.9456634241610424,-0.9453125
3.3800007800005005,-60.0,-27.159452960537408,-32.84054703946259,0.6499645271769472,1500,dwell,-1.7195270219840952,0.0,0.947796619664417,-0.94921875
3.4000009070000488,-60.0,-27.159452960537408,-32.84054703946259,0.6520977226803217,1500,dwell,-1.7195270219840952,0.0,0.9486498978657667,-0.94921875
3.4200007750000623,-60.0,-27.159452960537408,-32.84054703946259,0.6529510008816715,1500,dwell,-1.7195270219840952,0.0,0.9489912091463066,-0.94921875
3.440000809999674,-60.0,-29.860829625939033,-30.139170374060967,0.7976657511056224,1380,kick,-1.5780832705406844,0.0,0.9502996086585227,-0.951171875
3.460000864000449,-60.0,-29.860829625939033,-30.139170374060967,0.7989741506178385,1380,kick,-1.5780832705406844,0.0,0.9508229684634091,-0.951171875
3.4800010470003144,-60.0,-32.53512358424223,-27.46487641575777,0.9365935271384727,1380,kick,-1.4380575663249364,0.0,0.9498604373853636,-0.94921875
3.5000007490002645,-60.0,-32.53512358424223,-27.46487641575777,0.9356309960604272,1380,kick,-1.4380575663249364,0.0,0.9494754249541454,-0.94921875
3.520000912999876,-60.0,-32.53512358424223,-27.46487641575777,0.9352459836292089,1380,kick,-1.4380575663249364,0.0,0.9493214199816581,-0.94921875
3.5400006519998897,-60.0,-35.2444218542002,-24.755578145799802,1.0710911293447796,1355.0,run,-1.2961990406368782,0.0,0.9469160679926631,-0.9453125
3.560000816000411,-60.0,-35.2444218542002,-24.755578145799802,1.0686857773557847,1330.0,run,-1.2961990406368782,0.0,0.9459539271970652,-0.9453125
3.5800009810004667,-60.0,-37.921971859794155,-22.078028140205845,1.1756932645134084,1305.0,run,-1.1560028501836568,0.0,0.9326784458788261,-0.923828125
3.6000010720003957,-60.0,-37.921971859794155,-22.078028140205845,1.1624177831951696,1280.0,run,-1.1560028501836568,0.0,0.9273682533515305,-0.923828125
3.620000809999965,-60.0,-37.921971859794155,-22.078028140205845,1.157107590667874,1255.0,run,-1.1560028501836568,0.0,0.9252441763406123,-0.923828125
3.6400006779999785,-60.0,-40.530111456902404,-19.469888543097596,1.2505297586204873,1230.0,run,-1.0194409802201247,0.0,0.9079882955362448,-0.896484375
3.660000657999717,-60.0,-40.530111456902404,-19.469888543097596,1.23327387781612,1205.0,run,-1.0194409802201247,0.0,0.901085943214498,-0.896484375
3.6800009149997095,-60.0,-43.016428645387634,-16.983571354612366,1.25401572655836,1180.0,run,-0.8892577166561377,0.0,0.8573093772857991,-0.828125
3.7000007090005056,-60.0,-43.016428645387634,-16.983571354612366,1.2102391606296612,1155.0,run,-0.8892577166561377,0.0,0.8397987509143197,-0.828125
3.7200007440001173,-60.0,-43.016428645387634,-16.983571354612366,1.1927285342581815,1130.0,run,-0.8892577166561377,0.0,0.8327945003657278,-0.828125
3.740001298000152,-60.0,-45.26751445177425,-14.732485548225753,1.086793985908664,1105.0,run,-0.7713911394570638,0.0,0.7432740501462911,-0.68359375
3.760001351000483,-60.0,-45.26751445177425,-14.732485548225753,0.9972735356892273,1100.8179392932318,run,-0.7713911394570638,0.0,0.7074658700585165,-0.68359375
3.7800008680001156,-60.0,-47.000585474920484,-12.999414525079516,0.671349367175879,1125.8179392932318,run,-0.6806477528826376,0.0,0.5407988480234066,-0.4296875
3.800000976999854,-60.0,-47.000585474920484,-12.999414525079516,0.5046823451407692,1150.8179392932318,run,-0.6806477528826376,0.0,0.47413203920936264,-0.4296875
3.820000641000206,-60.0,-47.000585474920484,-12.999414525079516,0.4380155363267251,1175.8179392932318,run,-0.6806477528826376,0.0,0.44746531568374504,-0.4296875
3.8400009909996697,-60.0,-47.93094029268997,-12.069059707310032,-0.02040667285328457,1500,idle,-0.6319344885370296,0.0,0.24461112627349801,-0.109375
3.860001026000191,-60.0,-47.93094029268997,-12.069059707310032,-0.2232608622635316,1500,idle,-0.6319344885370296,0.0,0.1634694505093992,-0.109375
3.880001005000395,-60.0,-47.96172234562556,-12.03827765437444,-0.7158767310048826,1500,dwell,-0.6303227440142818,0.0,-0.03422159479624032,0.166015625
3.9000006700002814,-60.0,-47.96172234562556,-12.03827765437444,-0.9135677763105221,1500,dwell,-0.6303227440142818,0.0,-0.11329801291849613,0.166015625
3.9200010569998085,-60.0,-47.96172234562556,-12.03827765437444,-0.992644194432778,1500,dwell,-0.6303227440142818,0.0,-0.14492858016739846,0.166015625
3.9400011470002028,-60.0,-47.33234671744316,-12.667653282556842,-1.209572542512452,1500,dwell,-0.6632767748450534,0.0,-0.2185183070669594,0.267578125
3.9600009410000894,-60.0,-47.33234671744316,-12.667653282556842,-1.2831622694120128,1500,dwell,-0.6632767748450534,0.0,-0.24795419782678377,0.267578125
3.9800009579998914,-60.0,-46.543968266036956,-13.456031733963044,-1.3655963093582741,1500,dwell,-0.7045561740314905,0.0,-0.2644160541307135,0.275390625
4.000001011000222,-60.0,-46.543968266036956,-13.456031733963044,-1.382058165662204,1500,dwell,-0.7045561740314905,0.0,-0.2710007966522854,0.275390625
4.020000824000363,-60.0,-46.543968266036956,-13.456031733963044,-1.388642908183776,1500,dwell,-0.7045561740314905,0.0,-0.27363469366091414,0.275390625
4.040001155000482,-60.0,-45.7639643473845,-14.236035652615499,-1.4174692773692348,1670,kick,-0.7453970837083205,0.0,-0.2688288774643657,0.265625
4.0600008940004955,-60.0,-45.7639643473845,-14.236035652615499,-1.412663461172686,1670,kick,-0.7453970837083205,0.0,-0.2669065509857463,0.265625
4.08000087299979,-60.0,-44.98682618194718,-15.01317381805282,-1.442642931383436,1670,kick,-0.7860879428976895,0.0,-0.26262199539429854,0.259765625
4.100000668000121,-60.0,-44.98682618194718,-15.01317381805282,-1.438358375791988,1670,kick,-0.7860879428976895,0.0,-0.2609081731577194,0.259765625
4.120000925000113,-60.0,-44.98682618194718,-15.01317381805282,-1.4366445535554089,1670,kick,-0.7860879428976895,0.0,-0.2602226442630878,0.259765625
4.140000810999936,-60.0,-44.25879312611704,-15.741206873882959,-1.433063121323552,1670,kick,-0.8242076645604643,0.0,-0.2435421827052351,0.232421875
4.16000066100014,-60.0,-44.25879312611704,-15.741206873882959,-1.4163826597656994,1670,kick,-0.8242076645604643,0.0,-0.23686999808209402,0.232421875
4.180000937000386,-60.0,-43.62229493757894,-16.377705062421057,-1.3961624423614667,1670,kick,-0.8575346317793727,0.0,-0.2154511242328376,0.201171875
4.2000006760004,-60.0,-43.62229493757894,-16.377705062421057,-1.3747435685122102,1670,kick,-0.8575346317793727,0.0,-0.20688357469313504,0.201171875
4.220001080999737,-60.0,-43.62229493757894,-16.377705062421057,-1.3661760189725078,1670,kick,-0.8575346317793727,0.0,-0.203456554877254,0.201171875
4.240000653000152,-60.0,-43.09210296454549,-16.90789703545451,-1.328986348447863,1670,kick,-0.8852954185706089,0.0,-0.1774763719509016,0.16015625
4.260000855000271,-60.0,-43.09210296454549,-16.90789703545451,-1.3030061655215106,1670,kick,-0.8852954185706089,0.0,-0.16708429878036063,0.16015625
4.280000889999883,-60.0,-42.672856060417445,-17.327143939582555,-1.2413236214184518,1670,kick,-0.9072471351380911,0.0,-0.13363059451214426,0.111328125
4.300001035999685,-60.0,-42.672856060417445,-17.327143939582555,-1.2078699171502354,1670,kick,-0.9072471351380911,0.0,-0.1202491128048577,0.111328125
4.320000960000016,-60.0,-42.37569104928605,-17.624308950713953,-1.2100479590408542,1670,kick,-0.9228066587359965,0.0,-0.11489652012194307,0.111328125
4.340000866000537,-60.0,-42.37569104928605,-17.624308950713953,-1.1490313038579396,1670,kick,-0.9228066587359965,0.0,-0.09048985804877724,0.07421875
4.360000957000466,-60.0,-42.37569104928605,-17.624308950713953,-1.1246246417847738,1670,kick,-0.9228066587359965,0.0,-0.0807271932195109,0.07421875
4.3800010660002044,-60.0,-42.20693858386204,-17.79306141613796,-1.0621743978830278,1670,kick,-0.9316425171635169,0.0,-0.05221275228780436,0.033203125
4.400000656999964,-60.0,-42.20693858386204,-17.79306141613796,-1.0336599569513212,1670,kick,-0.9316425171635169,0.0,-0.040806975915121745,0.033203125
4.420000655000422,-60.0,-42.20693858386204,-17.79306141613796,-1.0222541805786387,1670,kick,-0.9316425171635169,0.0,-0.0362446653660487,0.033203125
4.4400008019997586,-60.0,-42.14779595328943,-17.85220404671057,-0.9592651334249137,1670,kick,-0.934739218058865,0.0,-0.009810366146419482,-0.0078125
4.460000966999814,-60.0,-42.14779595328943,-17.85220404671057,-0.9328308342052845,1670,kick,-0.934739218058865,0.0,0.0007633535414322068,-0.0078125
4.480001168000399,-60.0,-42.18993424294524,-17.81006575705476,-0.8731757588304738,1670,kick,-0.932532862371906,0.0,0.02374284141657288,-0.0390625
4.500000722000095,-60.0,-42.18993424294524,-17.81006575705476,-0.8501962709553331,1670,kick,-0.932532862371906,0.0,0.03293463656662915,-0.0390625
4.520000738999897,-60.0,-42.33042595147859,-17.66957404852141,-0.8336483471482996,1670,kick,-0.9251767337149288,0.0,0.03661135462665166,-0.0390625
4.540000755999699,-60.0,-42.33042595147859,-17.66957404852141,-0.7977450665882772,1695.0,run,-0.9251767337149288,0.0,0.05097266685066066,-0.060546875
4.56000069799984,-60.0,-42.33042595147859,-17.66957404852141,-0.7833837543642681,1720.0,run,-0.9251767337149288,0.0,0.05671719174026426,-0.060546875
4.580000919000213,-60.0,-42.5229324396816,-17.477067560318403,-0.7382627383228821,1745.0,run,-0.9150971175631464,0.0,0.0707337516961057,-0.080078125
4.600000916999761,-60.0,-42.5229324396816,-17.477067560318403,-0.7242461783670406,1770.0,run,-0.9150971175631464,0.0,0.07634037567844228,-0.080078125
4.620000915000219,-60.0,-42.77548477676146,-17.22451522323854,-0.7054159449377537,1795.0,run,-0.9018735081161959,0.0,0.07858302527137691,-0.080078125
4.640001154000402,-60.0,-42.77548477676146,-17.22451522323854,-0.6592279828448191,1813.1031356254289,run,-0.9018735081161959,0.0,0.09705821010855076,-0.109375
4.6600009300004785,-60.0,-42.77548477676146,-17.22451522323854,-0.6407527980076452,1808.3919634919496,run,-0.9018735081161959,0.0,0.10444828404342031,-0.109375
4.680001095000534,-60.0,-43.13313601231215,-16.86686398768785,-0.5472533366702196,1784.549600850906,run,-0.8831469332136399,0.0,0.13435743861736812,-0.154296875
4.700000815999829,-60.0,-43.13313601231215,-16.86686398768785,-0.5173441820962719,1776.9227664345494,run,-0.8831469332136399,0.0,0.14632110044694724,-0.154296875
4.720001072999821,-60.0,-43.635251898439236,-16.364748101560764,-0.4790897939482329,1767.1678974567994,run,-0.8568562068951802,0.0,0.1511065651787789,-0.154296875
4.740001368000321,-60.0,-43.635251898439236,-16.364748101560764,-0.38934339171640125,1744.2825648876824,run,-0.8568562068951802,0.0,0.18700512607151157,-0.2109375
4.760001031999764,-60.0,-43.635251898439236,-16.364748101560764,-0.3534448308236686,1735.1284318600356,run,-0.8568562068951802,0.0,0.20136455042860463,-0.2109375
4.780000938000285,-60.0,-44.28778550986783,-15.712214490132169,-0.23753601396850077,1710.1284318600356,run,-0.8226896268971053,0.0,0.23406144517144184,-0.255859375
4.80000089899977,-60.0,-44.28778550986783,-15.712214490132169,-0.20483911922566356,1697.2339754025443,run,-0.8226896268971053,0.0,0.24714020306857673,-0.255859375
4.820001063999825,-60.0,-45.07135380471877,-14.928646195281232,-0.15073282135036892,1683.436869444344,run,-0.7816620869189456,0.0,0.25237170622743066,-0.255859375
4.840000747999966,-60.0,-45.07135380471877,-14.928646195281232,-0.0898372556915149,1667.9085002013362,run,-0.7816620869189456,0.0,0.2767299324909723,-0.29296875
4.860000987000149,-60.0,-45.07135380471877,-14.928646195281232,-0.06547902942797335,1661.697152504133,run,-0.7816620869189456,0.0,0.2864732229963889,-0.29296875
4.880000724999718,-60.0,-45.93951037113243,-14.060489628867572,0.016088020097624778,1500,idle,-0.7362055153987641,0.0,0.30091741419855556,-0.310546875
4.900001020000218,-60.0,-45.93951037113243,-14.060489628867572,0.030532211299791445,1500,idle,-0.7362055153987641,0.0,0.30669509067942224,-0.310546875
4.920000907000485,-60.0,-46.8590507908836,-13.1409492091164,0.08445691157014423,1500,idle,-0.688058491609278,0.0,0.3090061612717689,-0.310546875
4.9400010909998855,-60.0,-46.8590507908836,-13.1409492091164,0.09848673216249093,1500,idle,-0.688058491609278,0.0,0.31461808950870757,-0.318359375
4.960001015000216,-60.0,-46.8590507908836,-13.1409492091164,0.10409866039942961,1500,idle,-0.688058491609278,0.0,0.316862860803483,-0.318359375
4.980000828000357,-60.0,-47.77090710084826,-12.229092899151738,0.15408811643611287,1500,idle,-0.64031380686737,0.0,0.3177607693213932,-0.318359375
5.000000843999715,-60.0,-47.77090710084826,-12.229092899151738,0.15498602495402314,1500,idle,-0.64031380686737,0.0,0.31811993272855726,-0.318359375
5.020001305999813,-60.0,-48.692683169728355,-11.307316830271645,0.20360927046533017,1500,idle,-0.5920497247632271,0.0,0.3182635980914229,-0.318359375
5.040001247999953,-60.0,-48.692683169728355,-11.307316830271645,0.20082324832819587,1500,idle,-0.5920497247632271,0.0,0.3171491892365692,-0.31640625
5.060001154000474,-60.0,-48.692683169728355,-11.307316830271645,0.19970883947334217,1500,idle,-0.5920497247632271,0.0,0.3167034256946277,-0.31640625
5.0800010970001495,-60.0,-49.62248488020231,-10.377515119797692,0.25380675464673697,1500,idle,-0.5433654210478907,0.0,0.31886887027785105,-0.3203125
5.100001780000184,-60.0,-49.62248488020231,-10.377515119797692,0.2559721992299604,1500,idle,-0.5433654210478907,0.0,0.3197350481111404,-0.3203125
5.120001036999838,-60.0,-50.538342766647105,-9.461657233352895,0.3038017614312012,1500,idle,-0.49541121425143636,-0.003302741428342909,0.32008151924445616,-0.3203125
5.140000609999788,-60.0,-50.538342766647105,-9.461657233352895,0.29729803513601405,1500,idle,-0.49541121425143636,-0.006605482856685818,0.31787635769778244,-0.31640625
5.160000719000436,-60.0,-50.538342766647105,-9.461657233352895,0.2941020511608375,1500,idle,-0.49541121425143636,-0.009908224285028727,0.316994293079113,-0.31640625
5.18000045800045,-60.0,-51.45288643096242,-8.547113569037577,0.3372806416889067,1500,idle,-0.44752581996476815,-0.012891729751460515,0.31546959223164517,-0.314453125
5.200000493000061,-60.0,-51.45288643096242,-8.547113569037577,0.33486088920150925,1500,idle,-0.44752581996476815,-0.015875235217892303,0.31485971189265805,-0.314453125
5.220000492000054,-60.0,-52.35913851587607,-7.640861484123931,0.38090210792342066,1500,dwell,-0.4000745717603491,-0.018542399029627964,0.31461575975706324,-0.314453125
5.240000989999771,-60.0,-52.35913851587607,-7.640861484123931,0.379858006644305,1500,dwell,-0.4000745717603491,-0.021209562841363626,0.3145181789028253,-0.314453125
5.260000783999658,-60.0,-52.35913851587607,-7.640861484123931,0.3789602766465463,1500,dwell,-0.4000745717603491,-0.023876726653099287,0.3144791465611301,-0.314453125
5.280000950000158,-60.0,-53.27849919644754,-6.721500803552459,0.41170654555471076,1500,dwell,-0.35193695909230494,-0.026222973047047987,0.308604158624452,-0.3046875
5.300000910999643,-60.0,-53.27849919644754,-6.721500803552459,0.4051276836998481,1500,dwell,-0.35193695909230494,-0.028569219440996687,0.3062541634497808,-0.3046875
5.320001057999889,-60.0,-54.18171355628246,-5.81828644371754,0.44946059228481117,1500,dwell,-0.3046447658010684,-0.030600184546337145,0.3053141653799123,-0.3046875
5.340000945000156,-60.0,-54.18171355628246,-5.81828644371754,0.4420519296833406,1500,dwell,-0.3046447658010684,-0.0326311496516776,0.3025944161519649,-0.30078125
5.360000999000022,-60.0,-54.18171355628246,-5.81828644371754,0.4387228909237911,1500,dwell,-0.3046447658010684,-0.03466211475701805,0.30150651646078597,-0.30078125
5.380000886999824,-60.0,-55.07440472365748,-4.92559527634252,0.4809306968239526,1380,kick,-0.2579035655785708,-0.03638147186087519,0.2998994815843144,-0.298828125
5.400000848000218,-60.0,-55.07440472365748,-4.92559527634252,0.47880785481632393,1380,kick,-0.2579035655785708,-0.038100828964732325,0.29925666763372577,-0.298828125
5.42000084700021,-60.0,-55.95300640931018,-4.046993590689823,0.5237447173725829,1380,kick,-0.21190008889393544,-0.03951349622402523,0.29899954205349033,-0.298828125
5.440000752999822,-60.0,-55.95300640931018,-4.046993590689823,0.5142747291145595,1380,kick,-0.21190008889393544,-0.04092616348331814,0.29538106682139614,-0.29296875
5.460001046999878,-60.0,-55.95300640931018,-4.046993590689823,0.5102324537046774,1380,kick,-0.21190008889393544,-0.04233883074261104,0.29393367672855847,-0.29296875
5.480000750000272,-60.0,-56.810939950486215,-3.1890600495137846,0.5328645886948414,1355.0,run,-0.1669787937234868,-0.043452022700767624,0.2851515956914234,-0.279296875
5.500001026000518,-60.0,-56.810939950486215,-3.1890600495137846,0.5237485500702592,1330.0,run,-0.1669787937234868,-0.044565214658924206,0.28163876327656934,-0.279296875
5.520000912999876,-60.0,-57.63209637878599,-2.367903621214012,0.5629834014112881,1305.0,run,-0.12398314368024346,-0.04539176895012583,0.28023363031062776,-0.279296875
5.5400009859999955,-60.0,-57.63209637878599,-2.367903621214012,0.5291037396579862,1280.0,run,-0.12398314368024346,-0.04621832324132746,0.2667809521242511,-0.2578125
5.5600006879999455,-60.0,-57.63209637878599,-2.367903621214012,0.515403095184249,1255.0,run,-0.12398314368024346,-0.04704487753252908,0.26139988084970045,-0.2578125
5.580001020000509,-60.0,-58.36728166530057,-1.6327183346994332,0.5073296326312009,1247.8011102106398,run,-0.08548893209455166,-0.04761480374649276,0.24284120233988019,-0.23046875
5.60000083299974,-60.0,-58.36728166530057,-1.6327183346994332,0.48859997625719165,1253.4200071228424,run,-0.08548893209455166,-0.04818472996045644,0.23541773093595209,-0.23046875
5.620000739000261,-60.0,-58.99596784403627,-1.0040321559637277,0.5139892941939176,1245.8032117418247,run,-0.05257100075239281,-0.04853520329880572,0.23244834237438083,-0.23046875
5.640000793999661,-60.0,-58.99596784403627,-1.0040321559637277,0.0,1500,idle,-0.05257100075239281,-0.04853520329880572,0.23244834237438083,-0.1484375
5.660000958999717,-60.0,-58.99596784403627,-1.0040321559637277,0.0,1500,idle,-0.05257100075239281,-0.04853520329880572,0.23244834237438083,-0.1484375
5.680000697999731,-60.0,-59.33282766268675,-0.6671723373132465,0.0,1500,idle,-0.05257100075239281,-0.04853520329880572,0.23244834237438083,-0.03125
5.70000101100004,-60.0,-59.33282766268675,-0.6671723373132465,0.0,1500,idle,-0.05257100075239281,-0.04853520329880572,0.23244834237438083,-0.03125
5.720000806000371,-60.0,-59.38220970868511,-0.6177902913148898,0.0,1500,idle,-0.05257100075239281,-0.04853520329880572,0.23244834237438083,-0.03125
5.740001323000342,-60.0,-59.38220970868511,-0.6177902913148898,0.0,1500,idle,-0.05257100075239281,-0.04853520329880572,0.23244834237438083,0.01953125
5.760001488000398,-60.0,-59.38220970868511,-0.6177902913148898,0.0,1500,idle,-0.05257100075239281,-0.04853520329880572,0.23244834237438083,0.01953125
5.780001079000158,-60.0,-59.338388730841274,-0.6616112691587261,0.0,1500,idle,-0.05257100075239281,-0.04853520329880572,0.23244834237438083,0.03125
5.800000726000235,-60.0,-59.338388730841274,-0.6616112691587261,0.0,1500,idle,-0.05257100075239281,-0.04853520329880572,0.23244834237438083,0.03125
5.820000762000291,-60.0,-59.275825092784174,-0.7241749072158257,0.0,1500,idle,-0.05257100075239281,-0.04853520329880572,0.23244834237438083,0.03125
5.840000871000029,-60.0,-59.275825092784174,-0.7241749072158257,0.0,1500,idle,-0.05257100075239281,-0.04853520329880572,0.23244834237438083,0.025390625
5.860000740000487,-60.0,-59.275825092784174,-0.7241749072158257,0.0,1500,idle,-0.05257100075239281,-0.04853520329880572,0.23244834237438083,0.025390625
5.8800005910002255,-60.0,-59.21963427501666,-0.7803657249833407,0.0,1500,idle,-0.05257100075239281,-0.04853520329880572,0.23244834237438083,0.013671875
5.9000006820001545,-60.0,-59.21963427501666,-0.7803657249833407,0.0,1500,idle,-0.05257100075239281,-0.04853520329880572,0.23244834237438083,0.013671875
5.920000773000083,-60.0,-59.229380761530166,-0.770619238469834,0.0,1500,idle,-0.05257100075239281,-0.04853520329880572,0.23244834237438083,0.013671875
5.940000826999949,-60.0,-59.229380761530166,-0.770619238469834,0.0,1500,idle,-0.05257100075239281,-0.04853520329880572,0.23244834237438083,-0.001953125
5.960000659000343,-60.0,-59.229380761530166,-0.770619238469834,0.0,1500,idle,-0.05257100075239281,-0.04853520329880572,0.23244834237438083,-0.001953125
5.980001028000061,-60.0,-59.30503577459355,-0.6949642254064514,0.0,1500,idle,-0.05257100075239281,-0.04853520329880572,0.23244834237438083,-0.01171875
6.00000074799982,-60.0,-59.30503577459355,-0.6949642254064514,0.0,1500,idle,-0.05257100075239281,-0.04853520329880572,0.23244834237438083,-0.01171875
6.02000093200013,-60.0,-60.36689309547634,0.3668930954763425,0.0,1500,idle,-0.05257100075239281,-0.04853520329880572,0.23244834237438083,-0.01171875
6.0400007829998685,-60.0,-60.36689309547634,0.3668930954763425,0.0,1500,idle,-0.05257100075239281,-0.04853520329880572,0.23244834237438083,-0.01953125
6.060000928999671,-60.0,-60.36689309547634,0.3668930954763425,0.0,1500,idle,-0.05257100075239281,-0.04853520329880572,0.23244834237438083,-0.01953125
6.080000649999874,-60.0,-61.029229947117344,1.0292299471173436,0.0,1500,idle,-0.05257100075239281,-0.04853520329880572,0.23244834237438083,-0.009765625
6.100000982000438,-60.0,-61.029229947117344,1.0292299471173436,0.0,1500,idle,-0.05257100075239281,-0.04853520329880572,0.23244834237438083,-0.009765625
6.1200012770000285,-60.0,-61.43307741581047,1.433077415810473,0.0,1500,idle,-0.05257100075239281,-0.04853520329880572,0.23244834237438083,-0.009765625
6.140001811999809,-60.0,-61.43307741581047,1.433077415810473,0.0,1500,idle,-0.05257100075239281,-0.04853520329880572,0.23244834237438083,-0.0078125
6.160000792000119,-60.0,-61.43307741581047,1.433077415810473,0.0,1500,idle,-0.05257100075239281,-0.04853520329880572,0.23244834237438083,-0.0078125
6.180000902000302,-60.0,-61.729488673948055,1.7294886739480546,0.0,1500,idle,-0.05257100075239281,-0.04853520329880572,0.23244834237438083,-0.001953125
6.200000919000104,-60.0,-61.729488673948055,1.7294886739480546,0.0,1500,idle,-0.05257100075239281,-0.04853520329880572,0.23244834237438083,-0.001953125
6.220000769000308,-60.0,-61.94137848212715,1.9413784821271491,0.0,1500,idle,-0.05257100075239281,-0.04853520329880572,0.23244834237438083,-0.001953125
6.2400007310002366,-60.0,-61.94137848212715,1.9413784821271491,0.0,1500,idle,-0.05257100075239281,-0.04853520329880572,0.23244834237438083,0.0078125
6.260000673999912,-60.0,-61.94137848212715,1.9413784821271491,0.0,1500,idle,-0.05257100075239281,-0.04853520329880572,0.23244834237438083,0.0078125
6.280001061999883,-60.0,-62.10322178325481,2.10322178325481,0.0,1500,idle,-0.05257100075239281,-0.04853520329880572,0.23244834237438083,0.001953125
6.300001060000341,-60.0,-62.10322178325481,2.10322178325481,0.0,1500,idle,-0.05257100075239281,-0.04853520329880572,0.23244834237438083,0.001953125
6.320000948000143,-60.0,-62.26556111490177,2.2655611149017716,0.0,1500,idle,-0.05257100075239281,-0.04853520329880572,0.23244834237438083,0.001953125
6.3400012990000505,-60.0,-62.26556111490177,2.2655611149017716,0.0,1500,idle,-0.05257100075239281,-0.04853520329880572,0.23244834237438083,-0.005859375
6.3600006310002755,-60.0,-62.26556111490177,2.2655611149017716,0.0,1500,idle,-0.05257100075239281,-0.04853520329880572,0.23244834237438083,-0.005859375
6.380000851999739,-60.0,-62.3812356917482,2.381235691748202,0.0,1500,idle,-0.05257100075239281,-0.04853520329880572,0.23244834237438083,-0.001953125
6.400001055000303,-60.0,-62.3812356917482,2.381235691748202,0.0,1500,idle,-0.05257100075239281,-0.04853520329880572,0.23244834237438083,-0.001953125
6.4200009050005065,-60.0,-62.442296307674425,2.4422963076744253,0.0,1500,idle,-0.05257100075239281,-0.04853520329880572,0.23244834237438083,-0.001953125
6.44000101499978,-60.0,-62.442296307674425,2.4422963076744253,0.0,1500,idle,-0.05257100075239281,-0.04853520329880572,0.23244834237438083,0.001953125
6.460000976999709,-60.0,-62.442296307674425,2.4422963076744253,0.0,1500,idle,-0.05257100075239281,-0.04853520329880572,0.23244834237438083,0.001953125
6.480001123999955,-60.0,-62.49846126670937,2.49846126670937,0.0,1500,idle,-0.05257100075239281,-0.04853520329880572,0.23244834237438083,0.0
6.5000008640004125,-60.0,-62.49846126670937,2.49846126670937,0.0,1500,idle,-0.05257100075239281,-0.04853520329880572,0.23244834237438083,0.0
6.520001047999813,-60.0,-62.54980498414099,2.549804984140991,0.0,1500,idle,-0.05257100075239281,-0.04853520329880572,0.23244834237438083,0.0
6.540001101999678,-60.0,-62.54980498414099,2.549804984140991,0.0,1500,idle,-0.05257100075239281,-0.04853520329880572,0.23244834237438083,-0.001953125
6.5600008599999455,-60.0,-62.54980498414099,2.549804984140991,0.0,1500,idle,-0.05257100075239281,-0.04853520329880572,0.23244834237438083,-0.001953125
6.58000067400053,-60.0,-62.598182236568164,2.5981822365681637,0.0,1500,idle,-0.05257100075239281,-0.04853520329880572,0.23244834237438083,0.001953125
6.600001023999994,-60.0,-62.598182236568164,2.5981822365681637,0.0,1500,idle,-0.05257100075239281,-0.04853520329880572,0.23244834237438083,0.001953125
6.620000911999796,-60.0,-62.637553977101604,2.6375539771016037,0.0,1500,idle,-0.05257100075239281,-0.04853520329880572,0.23244834237438083,0.001953125
6.640000800000507,-60.0,-62.637553977101604,2.6375539771016037,0.0,1500,idle,-0.05257100075239281,-0.04853520329880572,0.23244834237438083,0.0
6.660001114000352,-60.0,-62.637553977101604,2.6375539771016037,0.0,1500,idle,-0.05257100075239281,-0.04853520329880572,0.23244834237438083,0.0
6.680000742000175,-60.0,-62.688611995344104,2.688611995344104,0.0,1500,idle,-0.05257100075239281,-0.04853520329880572,0.23244834237438083,-0.001953125
6.700000741000167,-60.0,-62.688611995344104,2.688611995344104,0.0,1500,idle,-0.05257100075239281,-0.04853520329880572,0.23244834237438083,-0.001953125
6.720000683999842,-60.0,-62.73943742441834,2.739437424418341,0.0,1500,idle,-0.05257100075239281,-0.04853520329880572,0.23244834237438083,-0.001953125
6.740001090000533,-60.0,-62.73943742441834,2.739437424418341,0.0,1500,idle,-0.05257100075239281,-0.04853520329880572,0.23244834237438083,-0.001953125
6.760001310999996,-60.0,-62.73943742441834,2.739437424418341,0.0,1500,idle,-0.05257100075239281,-0.04853520329880572,0.23244834237438083,-0.001953125
6.780001014000391,-60.0,-62.770239960514175,2.770239960514175,0.0,1500,idle,-0.05257100075239281,-0.04853520329880572,0.23244834237438083,0.001953125
6.800000698000531,-60.0,-62.770239960514175,2.770239960514175,0.0,1500,idle,-0.05257100075239281,-0.04853520329880572,0.23244834237438083,0.001953125
6.820000936999804,-60.0,-62.7938671041713,2.793867104171298,0.0,1500,idle,-0.05257100075239281,-0.04853520329880572,0.23244834237438083,0.001953125
6.84000086199967,-60.0,-62.7938671041713,2.793867104171298,0.0,1500,idle,-0.05257100075239281,-0.04853520329880572,0.23244834237438083,0.0
6.860000879999916,-60.0,-62.7938671041713,2.793867104171298,0.0,1500,idle,-0.05257100075239281,-0.04853520329880572,0.23244834237438083,0.0
6.8800008599996545,-60.0,-62.84214593148212,2.842145931482122,0.0,1500,idle,-0.05257100075239281,-0.04853520329880572,0.23244834237438083,-0.00390625
6.9000007110003025,-60.0,-62.84214593148212,2.842145931482122,0.0,1500,idle,-0.05257100075239281,-0.04853520329880572,0.23244834237438083,-0.00390625
6.92000096899983,-60.0,-62.87017017161892,2.8701701716189234,0.0,1500,idle,-0.05257100075239281,-0.04853520329880572,0.23244834237438083,-0.00390625
6.940001041999949,-60.0,-62.87017017161892,2.8701701716189234,0.0,1500,idle,-0.05257100075239281,-0.04853520329880572,0.23244834237438083,0.001953125
6.9600007809999624,-60.0,-62.87017017161892,2.8701701716189234,0.0,1500,idle,-0.05257100075239281,-0.04853520329880572,0.23244834237438083,0.001953125
6.980000910000399,-60.0,-62.89488757029058,2.894887570290578,0.0,1500,idle,-0.05257100075239281,-0.04853520329880572,0.23244834237438083,-0.001953125
7.000000723000539,-60.0,-62.89488757029058,2.894887570290578,0.0,1500,idle,-0.05257100075239281,-0.04853520329880572,0.23244834237438083,-0.001953125
7.0200009810000665,-60.0,-62.925459421451976,2.9254594214519756,0.0,1500,idle,-0.05257100075239281,-0.04853520329880572,0.23244834237438083,-0.001953125
7.040000905999932,-60.0,-62.925459421451976,2.9254594214519756,0.0,1500,idle,-0.05257100075239281,-0.04853520329880572,0.23244834237438083,-0.00390625
7.060000922999734,-60.0,-62.925459421451976,2.9254594214519756,0.0,1500,idle,-0.05257100075239281,-0.04853520329880572,0.23244834237438083,-0.00390625
7.0800006820004455,-60.0,-62.95544665296583,2.9554466529658328,0.0,1500,idle,-0.05257100075239281,-0.04853520329880572,0.23244834237438083,0.0
7.100000717000057,-60.0,-62.95544665296583,2.9554466529658328,0.0,1500,idle,-0.05257100075239281,-0.04853520329880572,0.23244834237438083,0.0
7.120000753000113,-60.0,-62.97779725596169,2.97779725596169,0.0,1500,idle,-0.05257100075239281,-0.04853520329880572,0.23244834237438083,0.0
7.140000918999704,-60.0,-62.97779725596169,2.97779725596169,0.0,1500,idle,-0.05257100075239281,-0.04853520329880572,0.23244834237438083,0.001953125
7.160000936000415,-60.0,-62.97779725596169,2.97779725596169,0.0,1500,idle,-0.05257100075239281,-0.04853520329880572,0.23244834237438083,0.001953125
7.1800006569997095,-60.0,-63.00024983472521,3.00024983472521,0.0,1500,idle,-0.05257100075239281,-0.04853520329880572,0.23244834237438083,-0.00390625
7.200000897000336,-60.0,-63.00024983472521,3.00024983472521,0.0,1500,idle,-0.05257100075239281,-0.04853520329880572,0.23244834237438083,-0.00390625
7.220001080999737,-60.0,-63.02643954591866,3.026439545918663,0.0,1500,idle,-0.05257100075239281,-0.04853520329880572,0.23244834237438083,-0.00390625
7.2400008019999404,-60.0,-63.02643954591866,3.026439545918663,0.0,1500,idle,-0.05257100075239281,-0.04853520329880572,0.23244834237438083,-0.00390625
7.260000708000462,-60.0,-63.02643954591866,3.026439545918663,0.0,1500,idle,-0.05257100075239281,-0.04853520329880572,0.23244834237438083,-0.00390625
7.2800009850002425,-60.0,-63.05258807347957,3.052588073479569,0.0,1500,idle,-0.05257100075239281,-0.04853520329880572,0.23244834237438083,0.0
7.300000798999918,-60.0,-63.05258807347957,3.052588073479569,0.0,1500,idle,-0.05257100075239281,-0.04853520329880572,0.23244834237438083,0.0
7.32000079799991,-60.0,-63.06889221640097,3.068892216400968,0.0,1500,idle,-0.05257100075239281,-0.04853520329880572,0.23244834237438083,0.0
7.340000982999754,-60.0,-63.06889221640097,3.068892216400968,0.0,1500,idle,-0.05257100075239281,-0.04853520329880572,0.23244834237438083,-0.001953125
7.360001167000064,-60.0,-63.06889221640097,3.068892216400968,0.0,1500,idle,-0.05257100075239281,-0.04853520329880572,0.23244834237438083,-0.001953125
7.3800010919999295,-60.0,-63.08898992465454,3.088989924654541,0.0,1500,idle,-0.05257100075239281,-0.04853520329880572,0.23244834237438083,-0.001953125
7.400001090999922,-60.0,-63.08898992465454,3.088989924654541,0.0,1500,idle,-0.05257100075239281,-0.04853520329880572,0.23244834237438083,-0.001953125
7.420000868000443,-60.0,-63.110110631698475,3.1101106316984755,0.0,1500,idle,-0.05257100075239281,-0.04853520329880572,0.23244834237438083,-0.001953125
7.440000645000055,-60.0,-63.110110631698475,3.1101106316984755,0.0,1500,idle,-0.05257100075239281,-0.04853520329880572,0.23244834237438083,0.0
7.460000829000364,-60.0,-63.110110631698475,3.1101106316984755,0.0,1500,idle,-0.05257100075239281,-0.04853520329880572,0.23244834237438083,0.0
7.480000662000293,-60.0,-63.125959402219365,3.1259594022193653,0.0,1500,idle,-0.05257100075239281,-0.04853520329880572,0.23244834237438083,0.0
7.500000976000138,-60.0,-63.125959402219365,3.1259594022193653,0.0,1500,idle,-0.05257100075239281,-0.04853520329880572,0.23244834237438083,0.0
7.5200006970003415,-60.0,-63.13643276306084,3.1364327630608386,0.0,1500,idle,-0.05257100075239281,-0.04853520329880572,0.23244834237438083,0.0
7.540001011000186,-60.0,-63.13643276306084,3.1364327630608386,0.0,1500,idle,-0.05257100075239281,-0.04853520329880572,0.23244834237438083,-0.001953125
7.560000769000453,-60.0,-63.13643276306084,3.1364327630608386,0.0,1500,idle,-0.05257100075239281,-0.04853520329880572,0.23244834237438083,-0.001953125
7.580001065000488,-60.0,-63.166871157109654,3.1668711571096537,0.0,1500,idle,-0.05257100075239281,-0.04853520329880572,0.23244834237438083,0.0
7.600000656999782,-60.0,-63.166871157109654,3.1668711571096537,0.0,1500,idle,-0.05257100075239281,-0.04853520329880572,0.23244834237438083,0.0
7.620000970000092,-60.0,-63.177608457183425,3.1776084571834247,0.0,1500,idle,-0.05257100075239281,-0.04853520329880572,0.23244834237438083,0.0
7.640001080999809,-60.0,-63.177608457183425,3.1776084571834247,0.0,1500,idle,-0.05257100075239281,-0.04853520329880572,0.23244834237438083,0.00390625
7.66000076499995,-60.0,-63.177608457183425,3.1776084571834247,0.0,1500,idle,-0.05257100075239281,-0.04853520329880572,0.23244834237438083,0.00390625
7.6800007460001325,-60.0,-63.18304430014666,3.183044300146662,0.0,1500,idle,-0.05257100075239281,-0.04853520329880572,0.23244834237438083,-0.001953125
7.700000782000188,-60.0,-63.18304430014666,3.183044300146662,0.0,1500,idle,-0.05257100075239281,-0.04853520329880572,0.23244834237438083,-0.001953125
7.720000984999842,-60.0,-63.198820728640115,3.198820728640115,0.0,1500,idle,-0.05257100075239281,-0.04853520329880572,0.23244834237438083,-0.001953125
7.74000133599975,-60.0,-63.198820728640115,3.198820728640115,0.0,1500,idle,-0.05257100075239281,-0.04853520329880572,0.23244834237438083,0.0
7.760001113000271,-60.0,-63.198820728640115,3.198820728640115,0.0,1500,idle,-0.05257100075239281,-0.04853520329880572,0.23244834237438083,0.0
7.7800009819998195,-60.0,-63.21110659187909,3.211106591879087,0.0,1500,idle,-0.05257100075239281,-0.04853520329880572,0.23244834237438083,0.001953125
7.800000888999875,-60.0,-63.21110659187909,3.211106591879087,0.0,1500,idle,-0.05257100075239281,-0.04853520329880572,0.23244834237438083,0.001953125
7.820001368999783,-60.0,-63.219584212165245,3.2195842121652447,0.0,1500,idle,-0.05257100075239281,-0.04853520329880572,0.23244834237438083,0.001953125
7.8400009239999235,-60.0,-63.219584212165245,3.2195842121652447,0.0,1500,idle,-0.05257100075239281,-0.04853520329880572,0.23244834237438083,0.001953125
7.860000811999726,-60.0,-63.219584212165245,3.2195842121652447,0.0,1500,idle,-0.05257100075239281,-0.04853520329880572,0.23244834237438083,0.001953125
7.88000062600031,-60.0,-63.22728104299138,3.227281042991379,0.0,1500,idle,-0.05257100075239281,-0.04853520329880572,0.23244834237438083,-0.001953125
7.900000920999901,-60.0,-63.22728104299138,3.227281042991379,0.0,1500,idle,-0.05257100075239281,-0.04853520329880572,0.23244834237438083,-0.001953125
7.920001050000337,-60.0,-63.24693076243338,3.2469307624333794,0.0,1500,idle,-0.05257100075239281,-0.04853520329880572,0.23244834237438083,-0.001953125
7.940000938000139,-60.0,-63.24693076243338,3.2469307624333794,0.0,1500,idle,-0.05257100075239281,-0.04853520329880572,0.23244834237438083,-0.00390625
7.960000993000449,-60.0,-63.24693076243338,3.2469307624333794,0.0,1500,idle,-0.05257100075239281,-0.04853520329880572,0.23244834237438083,-0.00390625
7.980000881000251,-60.0,-63.25042080873317,3.2504208087331676,0.0,1500,idle,-0.05257100075239281,-0.04853520329880572,0.23244834237438083,0.00390625
8.000001009999778,-60.0,-63.25042080873317,3.2504208087331676,0.0,1500,idle,-0.05257100075239281,-0.04853520329880572,0.23244834237438083,0.00390625
8.020000693999918,-60.0,-63.2604431788055,3.2604431788055024,0.0,1500,idle,-0.05257100075239281,-0.04853520329880572,0.23244834237438083,0.00390625
8.040000804000101,-60.0,-63.2604431788055,3.2604431788055024,0.0,1500,idle,-0.05257100075239281,-0.04853520329880572,0.23244834237438083,0.001953125
8.060001006999755,-60.0,-63.2604431788055,3.2604431788055024,0.0,1500,idle,-0.05257100075239281,-0.04853520329880572,0.23244834237438083,0.001953125
8.080000784000276,-60.0,-63.264314768073135,3.2643147680731346,0.0,1500,idle,-0.05257100075239281,-0.04853520329880572,0.23244834237438083,0.0
8.100000857000396,-60.0,-63.264314768073135,3.2643147680731346,0.0,1500,idle,-0.05257100075239281,-0.04853520329880572,0.23244834237438083,0.0
8.120001578000029,-60.0,-63.272781917310226,3.272781917310226,0.0,1500,idle,-0.05257100075239281,-0.04853520329880572,0.23244834237438083,0.0
8.140001041000232,-60.0,-63.272781917310226,3.272781917310226,0.0,1500,idle,-0.05257100075239281,-0.04853520329880572,0.23244834237438083,0.0
8.160001058000034,-60.0,-63.272781917310226,3.272781917310226,0.0,1500,idle,-0.05257100075239281,-0.04853520329880572,0.23244834237438083,0.0
8.180000945999836,-60.0,-63.2735594043628,3.2735594043628,0.0,1500,idle,-0.05257100075239281,-0.04853520329880572,0.23244834237438083,-0.001953125
8.20000103800021,-60.0,-63.2735594043628,3.2735594043628,0.0,1500,idle,-0.05257100075239281,-0.04853520329880572,0.23244834237438083,-0.001953125
8.220000869999694,-60.0,-63.28014305283523,3.2801430528352284,0.0,1500,idle,-0.05257100075239281,-0.04853520329880572,0.23244834237438083,-0.001953125
8.240000647000215,-60.0,-63.28014305283523,3.2801430528352284,0.0,1500,idle,-0.05257100075239281,-0.04853520329880572,0.23244834237438083,-0.001953125
8.260001035999721,-60.0,-63.28014305283523,3.2801430528352284,0.0,1500,idle,-0.05257100075239281,-0.04853520329880572,0.23244834237438083,-0.001953125
8.280001071999777,-60.0,-63.28667461091993,3.286674610919931,0.0,1500,idle,-0.05257100075239281,-0.04853520329880572,0.23244834237438083,0.0
8.300000720000298,-60.0,-63.28667461091993,3.286674610919931,0.0,1500,idle,-0.05257100075239281,-0.04853520329880572,0.23244834237438083,0.0
8.32000071900029,-60.0,-63.291711924100156,3.291711924100156,0.0,1500,idle,-0.05257100075239281,-0.04853520329880572,0.23244834237438083,0.0
8.340001144000325,-60.0,-63.291711924100156,3.291711924100156,0.0,1500,idle,-0.05257100075239281,-0.04853520329880572,0.23244834237438083,0.00390625
8.360001088000445,-60.0,-63.291711924100156,3.291711924100156,0.0,1500,idle,-0.05257100075239281,-0.04853520329880572,0.23244834237438083,0.00390625
8.38000079099993,-60.0,-63.29325822659929,3.293258226599292,0.0,1500,idle,-0.05257100075239281,-0.04853520329880572,0.23244834237438083,0.0
8.400000901999647,-60.0,-63.29325822659929,3.293258226599292,0.0,1500,idle,-0.05257100075239281,-0.04853520329880572,0.23244834237438083,0.0
8.42000110500021,-60.0,-63.292481330928666,3.2924813309286662,0.0,1500,idle,-0.05257100075239281,-0.04853520329880572,0.23244834237438083,0.0
8.440000955999949,-60.0,-63.292481330928666,3.2924813309286662,0.0,1500,idle,-0.05257100075239281,-0.04853520329880572,0.23244834237438083,0.001953125
8.460000641000534,-60.0,-63.292481330928666,3.2924813309286662,0.0,1500,idle,-0.05257100075239281,-0.04853520329880572,0.23244834237438083,0.001953125
8.480001065999659,-60.0,-63.304050217836945,3.304050217836945,0.0,1500,idle,-0.05257100075239281,-0.04853520329880572,0.23244834237438083,0.0
8.500000640000053,-60.0,-63.304050217836945,3.304050217836945,0.0,1500,idle,-0.05257100075239281,-0.04853520329880572,0.23244834237438083,0.0
8.520001028000024,-60.0,-63.30133406755445,3.30133406755445,0.0,1500,idle,-0.05257100075239281,-0.04853520329880572,0.23244834237438083,0.0
8.540001009000207,-60.0,-63.30133406755445,3.30133406755445,0.0,1500,idle,-0.05257100075239281,-0.04853520329880572,0.23244834237438083,-0.001953125
8.560000748999755,-60.0,-63.30133406755445,3.30133406755445,0.0,1500,idle,-0.05257100075239281,-0.04853520329880572,0.23244834237438083,-0.001953125
8.580000970999663,-60.0,-63.31058036026121,3.3105803602612127,0.0,1500,idle,-0.05257100075239281,-0.04853520329880572,0.23244834237438083,0.0
8.600000656000248,-60.0,-63.31058036026121,3.3105803602612127,0.0,1500,idle,-0.05257100075239281,-0.04853520329880572,0.23244834237438083,0.0
8.620000692000303,-60.0,-63.32214852391874,3.3221485239187416,0.0,1500,idle,-0.05257100075239281,-0.04853520329880572,0.23244834237438083,0.0
8.640000894999957,-60.0,-63.32214852391874,3.3221485239187416,0.0,1500,idle,-0.05257100075239281,-0.04853520329880572,0.23244834237438083,0.0
8.660001116999865,-60.0,-63.32214852391874,3.3221485239187416,0.0,1500,idle,-0.05257100075239281,-0.04853520329880572,0.23244834237438083,0.0
8.68000080200045,-60.0,-63.32718711162468,3.3271871116246814,0.0,1500,idle,-0.05257100075239281,-0.04853520329880572,0.23244834237438083,-0.001953125
8.700000801000442,-60.0,-63.32718711162468,3.3271871116246814,0.0,1500,idle,-0.05257100075239281,-0.04853520329880572,0.23244834237438083,-0.001953125
8.720000873999652,-60.0,-63.331395556706056,3.331395556706056,0.0,1500,idle,-0.05257100075239281,-0.04853520329880572,0.23244834237438083,-0.001953125
8.740001411000321,-60.0,-63.331395556706056,3.331395556706056,0.0,1500,idle,-0.05257100075239281,-0.04853520329880572,0.23244834237438083,0.001953125
8.760001318000377,-60.0,-63.331395556706056,3.331395556706056,0.0,1500,idle,-0.05257100075239281,-0.04853520329880572,0.23244834237438083,0.001953125
8.780001038999671,-60.0,-63.33560434276296,3.335604342762963,0.0,1500,idle,-0.05257100075239281,-0.04853520329880572,0.23244834237438083,0.0
8.800001039000108,-60.0,-63.33560434276296,3.335604342762963,0.0,1500,idle,-0.05257100075239281,-0.04853520329880572,0.23244834237438083,0.0
8.820000983000227,-60.0,-63.33792496488002,3.337924964880017,0.0,1500,idle,-0.05257100075239281,-0.04853520329880572,0.23244834237438083,0.0
8.840000722999775,-60.0,-63.33792496488002,3.337924964880017,0.0,1500,idle,-0.05257100075239281,-0.04853520329880572,0.23244834237438083,0.001953125
8.86000090800053,-60.0,-63.33792496488002,3.337924964880017,0.0,1500,idle,-0.05257100075239281,-0.04853520329880572,0.23244834237438083,0.001953125
8.880000628999824,-60.0,-63.33792496488002,3.337924964880017,0.0,1500,idle,-0.05257100075239281,-0.04853520329880572,0.23244834237438083,0.0
8.90000074000045,-60.0,-63.33792496488002,3.337924964880017,0.0,1500,idle,-0.05257100075239281,-0.04853520329880572,0.23244834237438083,0.0
8.92000107299964,-60.0,-63.34450866832994,3.3445086683299365,0.0,1500,idle,-0.05257100075239281,-0.04853520329880572,0.23244834237438083,0.0
8.940001108999695,-60.0,-63.34450866832994,3.3445086683299365,0.0,1500,idle,-0.05257100075239281,-0.04853520329880572,0.23244834237438083,0.0
8.96000090500047,-60.0,-63.34450866832994,3.3445086683299365,0.0,1500,idle,-0.05257100075239281,-0.04853520329880572,0.23244834237438083,0.0
8.980000775000462,-60.0,-63.35103709009431,3.3510370900943087,0.0,1500,idle,-0.05257100075239281,-0.04853520329880572,0.23244834237438083,0.001953125
9.0000007929998,-60.0,-63.35103709009431,3.3510370900943087,0.0,1500,idle,-0.05257100075239281,-0.04853520329880572,0.23244834237438083,0.001953125
9.02000107000049,-60.0,-63.34682860870646,3.34682860870646,0.0,1500,idle,-0.05257100075239281,-0.04853520329880572,0.23244834237438083,0.001953125
9.040001476999805,-60.0,-63.34682860870646,3.34682860870646,0.0,1500,idle,-0.05257100075239281,-0.04853520329880572,0.23244834237438083,0.0
9.06000142000039,-60.0,-63.34682860870646,3.34682860870646,0.0,1500,idle,-0.05257100075239281,-0.04853520329880572,0.23244834237438083,0.0
9.080001068000001,-60.0,-63.35607638327372,3.3560763832737166,0.0,1500,idle,-0.05257100075239281,-0.04853520329880572,0.23244834237438083,0.001953125
9.100000881999676,-60.0,-63.35607638327372,3.3560763832737166,0.0,1500,idle,-0.05257100075239281,-0.04853520329880572,0.23244834237438083,0.001953125
9.120001030000367,-60.0,-63.35103709009431,3.3510370900943087,0.0,1500,idle,-0.05257100075239281,-0.04853520329880572,0.23244834237438083,0.001953125
9.140000826000232,-60.0,-63.35103709009431,3.3510370900943087,0.0,1500,idle,-0.05257100075239281,-0.04853520329880572,0.23244834237438083,-0.001953125
9.160000917999696,-60.0,-63.35103709009431,3.3510370900943087,0.0,1500,idle,-0.05257100075239281,-0.04853520329880572,0.23244834237438083,-0.001953125
9.18000073200028,-60.0,-63.35103709009431,3.3510370900943087,0.0,1500,idle,-0.05257100075239281,-0.04853520329880572,0.23244834237438083,0.0
9.200001046000125,-60.0,-63.35103709009431,3.3510370900943087,0.0,1500,idle,-0.05257100075239281,-0.04853520329880572,0.23244834237438083,0.0
9.220000972000435,-60.0,-63.35103709009431,3.3510370900943087,0.0,1500,idle,-0.05257100075239281,-0.04853520329880572,0.23244834237438083,0.0
9.240000711999983,-60.0,-63.35103709009431,3.3510370900943087,0.0,1500,idle,-0.05257100075239281,-0.04853520329880572,0.23244834237438083,0.001953125
9.260001025999827,-60.0,-63.35103709009431,3.3510370900943087,0.0,1500,idle,-0.05257100075239281,-0.04853520329880572,0.23244834237438083,0.001953125
9.280000711000412,-60.0,-63.355301377755836,3.3553013777558363,0.0,1500,idle,-0.05257100075239281,-0.04853520329880572,0.23244834237438083,0.0
9.300000748000002,-60.0,-63.355301377755836,3.3553013777558363,0.0,1500,idle,-0.05257100075239281,-0.04853520329880572,0.23244834237438083,0.0
9.320001024999783,-60.0,-63.35762076215782,3.357620762157822,0.0,1500,idle,-0.05257100075239281,-0.04853520329880572,0.23244834237438083,0.0
9.340000765999775,-60.0,-63.35762076215782,3.357620762157822,0.0,1500,idle,-0.05257100075239281,-0.04853520329880572,0.23244834237438083,0.0
9.360001006000402,-60.0,-63.35762076215782,3.357620762157822,0.0,1500,idle,-0.05257100075239281,-0.04853520329880572,0.23244834237438083,0.0
9.380000950000522,-60.0,-63.36686923133601,3.366869231336011,0.0,1500,idle,-0.05257100075239281,-0.04853520329880572,0.23244834237438083,0.0
9.400000764999731,-60.0,-63.36686923133601,3.366869231336011,0.0,1500,idle,-0.05257100075239281,-0.04853520329880572,0.23244834237438083,0.0
9.420000691000041,-60.0,-63.36764380405182,3.3676438040518235,0.0,1500,idle,-0.05257100075239281,-0.04853520329880572,0.23244834237438083,0.0
9.440000820000478,-60.0,-63.36764380405182,3.3676438040518235,0.0,1500,idle,-0.05257100075239281,-0.04853520329880572,0.23244834237438083,0.0
9.460000911999941,-60.0,-63.36764380405182,3.3676438040518235,0.0,1500,idle,-0.05257100075239281,-0.04853520329880572,0.23244834237438083,0.0
9.480000857000505,-60.0,-63.37689231736579,3.3768923173657868,0.0,1500,idle,-0.05257100075239281,-0.04853520329880572,0.23244834237438083,-0.001953125
9.50000067100018,-60.0,-63.37689231736579,3.3768923173657868,0.0,1500,idle,-0.05257100075239281,-0.04853520329880572,0.23244834237438083,-0.001953125
9.520000744999834,-60.0,-63.37921093046491,3.3792109304649074,0.0,1500,idle,-0.05257100075239281,-0.04853520329880572,0.23244834237438083,-0.001953125
9.54000074500027,-60.0,-63.37921093046491,3.3792109304649074,0.0,1500,idle,-0.05257100075239281,-0.04853520329880572,0.23244834237438083,0.00390625
9.560000984999988,-60.0,-63.37921093046491,3.3792109304649074,0.0,1500,idle,-0.05257100075239281,-0.04853520329880572,0.23244834237438083,0.00390625
9.580001558999811,-60.0,-63.37926819313586,3.3792681931358572,0.0,1500,idle,-0.05257100075239281,-0.04853520329880572,0.23244834237438083,-0.001953125
9.60000078100029,-60.0,-63.37926819313586,3.3792681931358572,0.0,1500,idle,-0.05257100075239281,-0.04853520329880572,0.23244834237438083,-0.001953125
9.620001077000325,-60.0,-63.38851719629386,3.3885171962938614,0.0,1500,idle,-0.05257100075239281,-0.04853520329880572,0.23244834237438083,-0.001953125
9.640000853999936,-60.0,-63.38851719629386,3.3885171962938614,0.0,1500,idle,-0.05257100075239281,-0.04853520329880572,0.23244834237438083,0.0
9.66000103899978,-60.0,-63.38851719629386,3.3885171962938614,0.0,1500,idle,-0.05257100075239281,-0.04853520329880572,0.23244834237438083,0.0
9.680000816999836,-60.0,-63.39587587575468,3.395875875754683,0.0,1500,idle,-0.05257100075239281,-0.04853520329880572,0.23244834237438083,0.0
9.700001094000527,-60.0,-63.39587587575468,3.395875875754683,0.0,1500,idle,-0.05257100075239281,-0.04853520329880572,0.23244834237438083,0.0
9.720000965000054,-60.0,-63.39587587575468,3.395875875754683,0.0,1500,idle,-0.05257100075239281,-0.04853520329880572,0.23244834237438083,0.0
9.740001501000279,-60.0,-63.39587587575468,3.395875875754683,0.0,1500,idle,-0.05257100075239281,-0.04853520329880572,0.23244834237438083,0.0
9.760001316000398,-60.0,-63.39587587575468,3.395875875754683,0.0,1500,idle,-0.05257100075239281,-0.04853520329880572,0.23244834237438083,0.0
9.780000760000348,-60.0,-63.39587587575468,3.395875875754683,0.0,1500,idle,-0.05257100075239281,-0.04853520329880572,0.23244834237438083,-0.001953125
9.800000814999748,-60.0,-63.39587587575468,3.395875875754683,0.0,1500,idle,-0.05257100075239281,-0.04853520329880572,0.23244834237438083,-0.001953125
9.820000666999931,-60.0,-63.40085757436469,3.400857574364693,0.0,1500,idle,-0.05257100075239281,-0.04853520329880572,0.23244834237438083,-0.001953125
9.840000943999712,-60.0,-63.40085757436469,3.400857574364693,0.0,1500,idle,-0.05257100075239281,-0.04853520329880572,0.23244834237438083,-0.001953125
9.860000889000275,-60.0,-63.40085757436469,3.400857574364693,0.0,1500,idle,-0.05257100075239281,-0.04853520329880572,0.23244834237438083,-0.001953125
9.880000740000014,-60.0,-63.40085757436469,3.400857574364693,0.0,1500,idle,-0.05257100075239281,-0.04853520329880572,0.23244834237438083,0.0
9.900001110000176,-60.0,-63.40085757436469,3.400857574364693,0.0,1500,idle,-0.05257100075239281,-0.04853520329880572,0.23244834237438083,0.0
9.92000068399966,-60.0,-63.398539517287304,3.398539517287304,0.0,1500,idle,-0.05257100075239281,-0.04853520329880572,0.23244834237438083,0.0
9.940000850999695,-60.0,-63.398539517287304,3.398539517287304,0.0,1500,idle,-0.05257100075239281,-0.04853520329880572,0.23244834237438083,0.0
9.960000906000005,-60.0,-63.398539517287304,3.398539517287304,0.0,1500,idle,-0.05257100075239281,-0.04853520329880572,0.23244834237438083,0.0
9.980001090999849,-60.0,-63.39349954324834,3.393499543248339,0.0,1500,idle,-0.05257100075239281,-0.04853520329880572,0.23244834237438083,0.0
10.00000073900037,0.0,-63.39349954324834,63.39349954324834,1.6596379370868073,1380,kick,1.6596379370868073,0.0,0.0,0.0
10.02000068300049,0.0,-63.39349954324834,63.39349954324834,1.6596379370868073,1380,kick,1.6596379370868073,0.0,0.0,0.0
10.040000868000334,0.0,-63.39349954324834,63.39349954324834,1.6596379370868073,1380,kick,1.6596379370868073,0.0,0.0,0.0
10.060000830000263,0.0,-63.39349954324834,63.39349954324834,1.6596379370868073,1380,kick,1.6596379370868073,0.0,0.0,0.0
10.08000092300017,0.0,-63.391954283621715,63.391954283621715,1.6595974822843833,1380,kick,1.6595974822843833,0.0,0.0,0.0
10.100001051999698,0.0,-63.391954283621715,63.391954283621715,1.6595974822843833,1355.0,run,1.6595974822843833,0.0,0.0,0.0
10.12000101500007,0.0,-63.38659613851246,63.38659613851246,1.6594572063734492,1330.0,run,1.6594572063734492,0.0,0.0,0.0
10.140000681000402,0.0,-63.38659613851246,63.38659613851246,1.6535978313734492,1305.0,run,1.6594572063734492,0.0,-0.00234375,0.00390625
10.160000755000056,0.0,-63.38659613851246,63.38659613851246,1.651254081373449,1280.0,run,1.6594572063734492,0.0,-0.00328125,0.00390625
10.180000736000238,0.0,-63.36351506259294,63.36351506259294,1.6409232577189017,1255.0,run,1.6588529452189016,0.0,-0.007171875,0.009765625
10.20000086600021,0.0,-63.36351506259294,63.36351506259294,1.6370326327189015,1230.0,run,1.6588529452189016,0.0,-0.008728125,0.009765625
10.220000773000265,0.0,-63.31761864094702,63.31761864094702,1.6342748172099941,1205.0,run,1.657651379709994,0.0,-0.009350625,0.009765625
10.240000901999792,0.0,-63.31761864094702,63.31761864094702,1.5984960672099942,1180.0,run,1.657651379709994,0.0,-0.023662125,0.033203125
10.260000976000356,0.0,-63.31761864094702,63.31761864094702,1.5841845672099941,1155.0,run,1.657651379709994,0.0,-0.029386725,0.033203125
10.28000092100001,0.0,-63.1595721420602,63.1595721420602,1.4483457570447575,1130.0,run,1.6535137320447575,0.0,-0.08206719,0.1171875
10.300000902000193,0.0,-63.1595721420602,63.1595721420602,1.3956652920447574,1105.0,run,1.6535137320447575,0.0,-0.103139376,0.1171875
10.3200009950001,0.0,-62.69074245356775,62.69074245356775,1.107436361001818,1100.0,run,1.6412397995018182,0.0,-0.21352137540000002,0.287109375
10.340000716999839,0.0,-62.69074245356775,62.69074245356775,0.9970543616018182,1100.8836915194545,run,1.6412397995018182,0.0,-0.25767417516,0.287109375
10.360000809999747,0.0,-62.69074245356775,62.69074245356775,0.9529015618418182,1114.1295314474546,run,1.6412397995018182,0.0,-0.275335295064,0.287109375
10.3800009950005,0.0,-61.64694989280048,61.64694989280048,0.5182655790980006,1139.1295314474546,run,1.6139133741620006,0.0,-0.4382591180256,0.546875
10.400000995000028,0.0,-61.64694989280048,61.64694989280048,0.3553417561364005,1164.1295314474546,run,1.6139133741620006,0.0,-0.50342864721024,0.546875
10.42000084700021,0.0,-59.81991768385812,59.81991768385812,-0.20297186442728332,1500,idle,1.5660817827829567,0.0,-0.707621458884096,0.84375
10.440000865000457,0.0,-59.81991768385812,59.81991768385812,-0.40716467610113916,1500,dwell,1.5660817827829567,0.0,-0.7892985835536384,0.84375
10.460000995000428,0.0,-59.81991768385812,59.81991768385812,-0.4888418007706816,1500,dwell,1.5660817827829567,0.0,-0.8219694334214553,0.84375
10.480000883999764,0.0,-57.17432754269369,57.17432754269369,-0.9628443510709297,1500,dwell,1.4968203948505256,0.0,-0.9838658983685822,1.091796875
10.500001032000455,0.0,-57.17432754269369,57.17432754269369,-1.1247408160180563,1500,dwell,1.4968203948505256,0.0,-1.0486244843474328,1.091796875
10.520000957999855,0.0,-53.963901628454494,53.963901628454494,-1.364368468389142,1500,dwell,1.412771640958291,0.0,-1.1108560437389732,1.15234375
10.540000716999657,0.0,-53.963901628454494,53.963901628454494,-1.4266000277806818,1500,dwell,1.412771640958291,0.0,-1.1357486674955892,1.15234375
10.56000068000003,0.0,-53.963901628454494,53.963901628454494,-1.451492651537298,1500,dwell,1.412771640958291,0.0,-1.1457057169982356,1.15234375
10.580000810000001,0.0,-50.673752091609,50.673752091609,-1.547585614491325,1500,dwell,1.3266357275069105,0.0,-1.1496885367992942,1.15234375
10.60000103199991,0.0,-50.673752091609,50.673752091609,-1.5515684342923837,1670,kick,1.3266357275069105,0.0,-1.1512816647197177,1.15234375
10.620000958000219,0.0,-47.402588491190215,47.402588491190215,-1.621222300010857,1670,kick,1.2409968647088605,0.0,-1.144887665887887,1.140625
10.640000791999682,0.0,-47.402588491190215,47.402588491190215,-1.6148283011790263,1670,kick,1.2409968647088605,0.0,-1.1423300663551548,1.140625
10.660000698999738,0.0,-47.402588491190215,47.402588491190215,-1.6122707016462945,1670,kick,1.2409968647088605,0.0,-1.141307026542062,1.140625
10.68000103300028,0.0,-44.14774615857078,44.14774615857078,-1.652513922339454,1670,kick,1.1557852917026081,0.0,-1.1233196856168248,1.111328125
10.700000717999956,0.0,-44.14774615857078,44.14774615857078,-1.6345265814142165,1670,kick,1.1557852917026081,0.0,-1.1161247492467299,1.111328125
10.720001033000244,0.0,-40.99053479591362,40.99053479591362,-1.657252870233738,1670,kick,1.0731296915129918,0.0,-1.092153024698692,1.076171875
10.740001458999814,0.0,-40.99053479591362,40.99053479591362,-1.6332811456857,1670,kick,1.0731296915129918,0.0,-1.0825643348794767,1.076171875
10.760001162000208,0.0,-40.99053479591362,40.99053479591362,-1.6236924558664845,1670,kick,1.0731296915129918,0.0,-1.0787288589517905,1.076171875
10.780001329000243,0.0,-37.96092843235368,37.96092843235368,-1.6464375140640386,1670,kick,0.993814782387752,0.0,-1.0561009185807162,1.041015625
10.800001218000489,0.0,-37.96092843235368,37.96092843235368,-1.6238095736929647,1670,kick,0.993814782387752,0.0,-1.0470497424322867,1.041015625
10.820001124999635,0.0,-35.02761124871856,35.02761124871856,-1.6300290243341748,1670,kick,0.9170207180981118,0.0,-1.0188198969729148,1.0
10.840001013999881,0.0,-35.02761124871856,35.02761124871856,-1.601799178874803,1670,kick,0.9170207180981118,0.0,-1.007527958789166,1.0
10.860000940000191,0.0,-35.02761124871856,35.02761124871856,-1.590507240691054,1670,kick,0.9170207180981118,0.0,-1.0030111835156663,1.0
10.88000064400012,0.0,-32.200602128923066,32.200602128923066,-1.5779701411040614,1670,kick,0.8430097924116047,0.0,-0.9683919734062665,0.9453125
10.900000828999964,0.0,-32.200602128923066,32.200602128923066,-1.5433509309946616,1670,kick,0.8430097924116047,0.0,-0.9545442893625066,0.9453125
10.920000737000464,0.0,-29.544372487363376,29.544372487363376,-1.53166036385233,1670,kick,0.7734698630101766,0.0,-0.9220520907450026,0.900390625
10.940000736999991,0.0,-29.544372487363376,29.544372487363376,-1.4991681652348259,1670,kick,0.7734698630101766,0.0,-0.909055211298001,0.900390625
10.960000903000491,0.0,-29.544372487363376,29.544372487363376,-1.4861712857878242,1670,kick,0.7734698630101766,0.0,-0.9038564595192004,0.900390625
10.980000885000209,0.0,-27.02011366885762,27.02011366885762,-1.4796746628421649,1670,kick,0.7073849216770354,0.0,-0.8748238338076801,0.85546875
11.000000681000074,0.0,-27.02011366885762,27.02011366885762,-1.450642037130645,1670,kick,0.7073849216770354,0.0,-0.8632107835230721,0.85546875
11.020000773999982,0.0,-24.595418930700845,24.595418930700845,-1.435124534150963,1670,kick,0.6439065618721092,0.0,-0.8316124384092289,0.810546875
11.04000121800027,0.0,-24.595418930700845,24.595418930700845,-1.4035261890371196,1670,kick,0.6439065618721092,0.0,-0.8189731003636915,0.810546875
11.060000699999819,0.0,-22.301567920893433,22.301567920893433,-1.4509397299985867,1670,kick,0.5838536828651051,0.0,-0.8139173651454766,0.810546875
11.080000663000192,0.0,-22.301567920893433,22.301567920893433,-1.3814308697803714,1670,kick,0.5838536828651051,0.0,-0.7861138210581906,0.767578125
11.10000097800048,0.0,-22.301567920893433,22.301567920893433,-1.3536273256930855,1695.0,run,0.5838536828651051,0.0,-0.7749924034232762,0.767578125
11.120001329999923,0.0,-20.14747735314711,20.14747735314711,-1.331517054748162,1720.0,run,0.5274597236751142,0.0,-0.7435907113693105,0.72265625
11.140000867000253,0.0,-20.14747735314711,20.14747735314711,-1.3001153626941966,1745.0,run,0.5274597236751142,0.0,-0.7310300345477243,0.72265625
11.160001069999907,0.0,-18.10940538894681,18.10940538894681,-1.340911285124435,1770.0,run,0.4741031244232893,0.0,-0.7260057638190898,0.72265625
11.18000092200009,0.0,-18.10940538894681,18.10940538894681,-1.2597151393958002,1795.0,run,0.4741031244232893,0.0,-0.6935273055276359,0.671875
11.200001052000061,0.0,-18.10940538894681,18.10940538894681,-1.2272366811043462,1820.0,run,0.4741031244232893,0.0,-0.6805359222110543,0.671875
11.220001088999652,0.0,-16.216503741708493,16.216503741708493,-1.1700513470288643,1845.0,run,0.4245470751821899,0.0,-0.6378393688844217,0.609375
11.240000719000363,0.0,-16.216503741708493,16.216503741708493,-1.127354793702232,1870.0,run,0.4245470751821899,0.0,-0.6207607475537686,0.609375
11.260000681999827,0.0,-14.537282648498348,14.537282648498348,-1.1542380777897625,1895.0,run,0.38058516976400647,0.0,-0.6139292990215075,0.609375
11.280000719000327,0.0,-14.537282648498348,14.537282648498348,-1.0185003792575014,1900.0,run,0.38058516976400647,0.0,-0.559634219608603,0.5234375
11.300000831000489,0.0,-14.537282648498348,14.537282648498348,-0.9642052998445966,1890.872351460372,run,0.38058516976400647,0.0,-0.5379161878434412,0.5234375
11.320000776000143,0.0,-13.123102840880136,13.123102840880136,-0.8213072838666715,1865.872351460372,run,0.34356202897676985,0.0,-0.4659477251373765,0.41796875
11.340001164999649,0.0,-13.123102840880136,13.123102840880136,-0.7493388211606069,1840.872351460372,run,0.34356202897676985,0.0,-0.43716034005495064,0.41796875
11.360000850000233,0.0,-11.997106884527284,11.997106884527284,-0.7500299412819302,1836.2576350268923,run,0.3140835237730204,0.0,-0.42564538602198027,0.41796875
11.380000925000331,0.0,-11.997106884527284,11.997106884527284,-0.5598040497489599,1811.2576350268923,run,0.3140835237730204,0.0,-0.34955502940879213,0.298828125
11.400000981000176,0.0,-11.997106884527284,11.997106884527284,-0.4837136931357717,1786.2576350268923,run,0.3140835237730204,0.0,-0.31911888676351685,0.298828125
11.420001074000083,0.0,-11.197252504520065,11.197252504520065,-0.3394520641919323,1761.2576350268923,run,0.29314338507158455,0.0,-0.25303817970540676,0.208984375
11.440000685000541,0.0,-11.197252504520065,11.197252504520065,-0.2733713571338222,1736.2576350268923,run,0.29314338507158455,0.0,-0.2266058968821627,0.208984375
11.460000945000047,0.0,-10.669472831531891,10.669472831531891,-0.260756313838692,1711.4928600288665,run,0.2793261455434707,0.0,-0.2160329837528651,0.208984375
11.480000760000166,0.0,-10.669472831531891,10.669472831531891,-0.1300662132093945,1686.4928600288665,run,0.2793261455434707,0.0,-0.16375694350114606,0.12890625
11.500000759999693,0.0,-10.669472831531891,10.669472831531891,-0.07779017295767543,1664.8364941042073,run,0.2793261455434707,0.0,-0.14284652740045845,0.12890625
11.520000816000447,0.0,-10.338187389698646,10.338187389698646,0.03405658555714078,1500,idle,0.27065311295759925,0.0,-0.09463861096018339,0.0625
11.540000964000228,0.0,-10.338187389698646,10.338187389698646,0.08226450199741586,1500,idle,0.27065311295759925,0.0,-0.07535544438407335,0.0625
11.560000724000474,0.0,-10.15476881193149,10.15476881193149,0.09674578143648263,1500,idle,0.265851225820556,0.0,-0.06764217775362934,0.0625
11.580000743000255,0.0,-10.15476881193149,10.15476881193149,0.15719342306692663,1500,idle,0.265851225820556,0.0,-0.043463121101451736,0.02734375
11.60000068799991,0.0,-10.15476881193149,10.15476881193149,0.18137247971910422,1500,idle,0.265851225820556,0.0,-0.0337914984405807,0.02734375
11.62000081799988,0.0,-10.075354663275562,10.075354663275562,0.235840044829904,1500,idle,0.2637721682704847,0.0,-0.01117284937623228,-0.00390625
11.640001133000169,0.0,-10.075354663275562,10.075354663275562,0.2584586938942524,1500,idle,0.2637721682704847,0.0,-0.0021253897504929123,-0.00390625
11.6600006700005,0.0,-10.079299579887675,10.079299579887675,0.2676094311953888,1500,idle,0.26387544594588175,0.0,0.0014935940998028348,-0.00390625
11.680001096000069,0.0,-10.079299579887675,10.079299579887675,0.30345497754568457,1500,idle,0.26387544594588175,0.0,0.015831812639921134,-0.025390625
11.700000838000506,0.0,-10.079299579887675,10.079299579887675,0.31779319608580286,1500,idle,0.26387544594588175,0.0,0.021567100055968454,-0.025390625
11.720000726999842,0.0,-10.12717077105387,10.12717077105387,0.3511489358559028,1500,dwell,0.26512871079993433,0.0,0.03440809002238738,-0.04296875
11.740001394000046,0.0,-10.12717077105387,10.12717077105387,0.3639899258223217,1500,dwell,0.26512871079993433,0.0,0.03954448600895495,-0.04296875
11.760001320000356,0.0,-10.218759345582868,10.218759345582868,0.3715241050829981,1500,dwell,0.26752649407404316,0.0,0.041599044403581975,-0.04296875
11.780001079999693,0.0,-10.218759345582868,10.218759345582868,0.37650835097762514,1500,dwell,0.26752649407404316,0.0,0.04359274276143279,-0.044921875
11.800000949999685,0.0,-10.218759345582868,10.218759345582868,0.37850204933547593,1500,dwell,0.26752649407404316,0.0,0.044390222104573114,-0.044921875
11.820000914000502,0.0,-10.331530717863728,10.331530717863728,0.38811125130105617,1500,dwell,0.27047884169648306,0.0,0.04705296384182925,-0.048828125
11.840001117999691,0.0,-10.331530717863728,10.331530717863728,0.39077399303831234,1500,dwell,0.27047884169648306,0.0,0.048118060536731705,-0.048828125
11.860000729000149,0.0,-10.441702505223276,10.441702505223276,0.39472338038156163,1500,dwell,0.2733631323448299,0.0,0.04854409921469269,-0.048828125
11.880001154999718,0.0,-10.441702505223276,10.441702505223276,0.3951494190595226,1380,kick,0.2733631323448299,0.0,0.04871451468587708,-0.048828125
11.900000803999774,0.0,-10.441702505223276,10.441702505223276,0.39531983453070696,1380,kick,0.2733631323448299,0.0,0.04878268087435084,-0.048828125
11.920001044999935,0.0,-10.564388154687975,10.564388154687975,0.4015295910113406,1380,kick,0.2765750351369898,0.0,0.049981822349740336,-0.05078125
11.940000748999864,0.0,-10.564388154687975,10.564388154687975,0.40272873248673013,1380,kick,0.2765750351369898,0.0,0.05046147893989614,-0.05078125
11.96000102700009,0.0,-10.696842888945696,10.696842888945696,0.4066760459108629,1380,kick,0.2800426919709668,0.0,0.05065334157595845,-0.05078125
11.980000842000209,0.0,-10.696842888945696,10.696842888945696,0.4010085335469253,1355.0,run,0.2800426919709668,0.0,0.04838633663038338,-0.046875
12.0000007499998,0.0,-10.696842888945696,10.696842888945696,0.3987415286013502,1330.0,run,0.2800426919709668,0.0,0.04747953465215335,-0.046875
12.02000087999977,0.0,-10.800270578305998,10.800270578305998,0.38003464469872095,1305.0,run,0.28275042254656757,0.0,0.03891368886086134,-0.033203125
12.04000080600008,0.0,-10.800270578305998,10.800270578305998,0.3714687989074289,1288.5593603277714,run,0.28275042254656757,0.0,0.035487350544344536,-0.033203125
12.060001010000178,0.0,-9.850330090909779,9.850330090909779,0.34368883886380047,1296.8933483408598,run,0.257881038741972,0.0034384138498929602,0.034116815217737816,-0.033203125
12.080000807000488,0.0,-9.850330090909779,9.850330090909779,0.30474812811467766,1308.5755615655967,run,0.257881038741972,0.0068768276997859205,0.01833422608709513,-0.0078125
12.100001066000459,0.0,-9.850330090909779,9.850330090909779,0.2894813010615189,1313.1556096815443,run,0.257881038741972,0.010315241549678882,0.012021190434838052,-0.0078125
12.120001011000113,0.0,-9.154202286410396,9.154202286410396,0.2126886200153458,1336.1934139953962,run,0.23965645543718156,0.013510660955507969,-0.01159777382606478,0.02734375
12.140000734000296,0.0,-9.154202286410396,9.154202286410396,0.18954896866531734,1343.1353094004048,run,0.23965645543718156,0.016706080361337056,-0.02104535953042591,0.02734375
12.160000753000077,0.0,-8.580181146118946,8.580181146118946,0.16552280188400104,1350.3431594347996,run,0.22462861712597443,0.01970112858968338,-0.024824393812170366,0.02734375
12.180000974999984,0.0,-8.580181146118946,8.580181146118946,0.09481021233650852,1371.5569362990475,run,0.22462861712597443,0.022696176818029705,-0.053289132524868145,0.072265625
12.200000846000421,0.0,-8.580181146118946,8.580181146118946,0.06679473085806267,1379.9615807425812,run,0.22462861712597443,0.02569122504637603,-0.06467502800994726,0.072265625
12.220000697999694,0.0,-8.036567790237655,8.036567790237655,0.012300989701565374,1500,idle,0.21039685274905812,0.02849651641636347,-0.08094813620397891,0.091796875
12.240001032000237,0.0,-8.036567790237655,8.036567790237655,-0.003551324786968152,1500,idle,0.21039685274905812,0.031301807786350916,-0.08745737948159156,0.091796875
12.2600008659997,0.0,-7.534762702491548,7.534762702491548,-0.022803275288678898,1500,idle,0.1972596262724152,0.033931936136649785,-0.09006107679263663,0.091796875
12.280001051000454,0.0,-7.534762702491548,7.534762702491548,-0.019153078347179137,1500,idle,0.1972596262724152,0.03656206448694865,-0.08875880571705466,0.087890625
12.300000755999918,0.0,-7.534762702491548,7.534762702491548,-0.01745628801905233,1500,idle,0.1972596262724152,0.03919219283724752,-0.08823789728682187,0.087890625
12.32000086800008,0.0,-7.102472210335861,7.102472210335861,-0.013232396133289498,1500,idle,0.18594228765264,0.04167142333928272,-0.08217015891472876,0.078125
12.340000868000516,0.0,-7.102472210335861,7.102472210335861,-0.0067927731858910545,1500,idle,0.18594228765264,0.044150653841317916,-0.0797430635658915,0.078125
12.360000942999704,0.0,-6.750527407848693,6.750527407848693,-0.013226114431537872,1500,idle,0.1767283942696167,0.04650703243157947,-0.0787722254263566,0.078125
12.380000925000331,0.0,-6.750527407848693,6.750527407848693,0.005676305496536277,1500,idle,0.1767283942696167,0.048863411021841024,-0.07135264017054263,0.06640625
12.400000944000112,0.0,-6.750527407848693,6.750527407848693,0.013449347540889445,1500,idle,0.1767283942696167,0.05121978961210258,-0.06838480606821705,0.06640625
12.42000068599964,0.0,-6.499364548497681,6.499364548497681,0.02776018429359317,1500,idle,0.17015296598801882,0.053488495825276164,-0.06016642242728682,0.0546875
12.440000963999864,0.0,-6.499364548497681,6.499364548497681,0.03631887386649946,1500,idle,0.17015296598801882,0.05575720203844975,-0.05687906897091473,0.0546875
12.460000872000364,0.0,-6.315645541525129,6.315645541525129,0.03512716139488889,1500,idle,0.16534321363277063,0.05796177822022002,-0.055564127588365896,0.0546875
12.48000065000042,0.0,-6.315645541525129,6.315645541525129,0.06313997670470328,1500,idle,0.16534321363277063,0.060166354401990293,-0.04449127603534636,0.037109375
12.500000688000455,0.0,-6.315645541525129,6.315645541525129,0.07454351468498835,1500,idle,0.16534321363277063,0.062370930583760566,-0.04006213541413854,0.037109375
12.520000818000426,0.0,-6.1965806004796775,6.1965806004796775,0.11133624464032281,1500,idle,0.16222610076536653,0.06453394526063212,-0.024227979165655417,0.013671875
12.540000688999953,0.0,-6.1965806004796775,6.1965806004796775,0.12749485309033667,1500,idle,0.16222610076536653,0.06669695993750367,-0.017894316666262167,0.013671875
12.56000104199984,0.0,-6.126841877828014,6.126841877828014,0.13232356079067142,1500,idle,0.16040034527575653,0.0688356312078471,-0.015360851666504867,0.013671875
12.580000894000023,0.0,-6.126841877828014,6.126841877828014,0.17326376398098026,1380,kick,0.16040034527575653,0.07097430247819052,0.0008869093333980522,-0.01171875
12.600000988000374,0.0,-6.126841877828014,6.126841877828014,0.18983232567143468,1380,kick,0.16040034527575653,0.07311297374853394,0.00738601373335922,-0.01171875
12.620000895999965,0.0,-6.114715657756022,6.114715657756022,0.2109825696354326,1380,kick,0.16008288157664,0.07524741216955581,0.01584503049334369,-0.021484375
12.640000970000528,0.0,-6.114715657756022,6.114715657756022,0.21976175215857033,1380,kick,0.16008288157664,0.07738185059057769,0.019228637197337476,-0.021484375
12.660001044999717,0.0,-6.143563954336855,6.143563954336855,0.22422228175738523,1380,kick,0.16083812821503105,0.0795263589667781,0.02058207987893499,-0.021484375
12.680001045999688,0.0,-6.143563954336855,6.143563954336855,0.2258974006954128,1355.0,run,0.16083812821503105,0.0816708673429785,0.021123456951573995,-0.021484375
12.70000069400021,0.0,-6.143563954336855,6.143563954336855,0.2267604540244819,1331.9718637926553,run,0.16083812821503105,0.08381537571917891,0.021340007780629597,-0.021484375
12.720000638999863,0.0,-6.1649955912297685,6.1649955912297685,0.207353069709661,1337.7940790871016,run,0.16139920715684086,0.08596736514793679,0.013223503112251837,-0.0078125
12.740001288000258,0.0,-6.1649955912297685,6.1649955912297685,0.1995593634555969,1340.132190963321,run,0.16139920715684086,0.08811935457669468,0.009976901244900735,-0.0078125
12.760000640999806,0.0,-6.148319252694705,6.148319252694705,0.19619810130959453,1341.1405696071217,run,0.16096262163491976,0.09026552286516028,0.008678260497960295,-0.0078125
12.780000901000221,0.0,-6.148319252694705,6.148319252694705,0.18057294830592394,1345.8281155082227,run,0.16096262163491976,0.09241169115362588,0.0022994291991841184,0.001953125
12.800000827000531,0.0,-6.148319252694705,6.148319252694705,0.17451604225041759,1347.6451873248748,run,0.16096262163491976,0.09455785944209148,-0.0002521033203263525,0.001953125
12.820000680000248,0.0,-6.084261269246014,6.084261269246014,0.14130917182095531,1357.6072484537135,run,0.1592855875498682,0.09668166727608972,-0.01299146632813054,0.021484375
12.840000847000283,0.0,-6.084261269246014,6.084261269246014,0.12888837998825087,1361.3334860035247,run,0.1592855875498682,0.09880547511008796,-0.018087211531252215,0.021484375
12.86000081100019,0.0,-5.98697890751825,5.98697890751825,0.12155926599328175,1363.5322202020154,run,0.15673874127546983,0.10089532499376089,-0.020125509612500887,0.021484375
12.880000810999718,0.0,-5.98697890751825,5.98697890751825,0.10811569539458403,1367.5652913816248,run,0.15673874127546983,0.10298517487743382,-0.025628328845000353,0.029296875
12.900001219000387,0.0,-5.98697890751825,5.98697890751825,0.10292635364463548,1369.1220939066093,run,0.15673874127546983,0.10507502476110675,-0.02782945653800014,0.029296875
12.920000886999787,0.0,-5.8658464874569916,5.8658464874569916,0.09786112161403701,1370.6416635157889,run,0.15356750193400315,0.10712259145356012,-0.028709907615200057,0.029296875
12.940000795000287,0.0,-5.8658464874569916,5.8658464874569916,0.09728780554070511,1370.8136583377884,run,0.15356750193400315,0.1091701581460135,-0.02906208804608002,0.029296875
12.960000610000407,0.0,-5.768068829308106,5.768068829308106,0.09467782738310312,1371.596651785069,run,0.15100768882962187,0.11118359399707511,-0.02920296021843201,0.029296875
12.980001147999701,0.0,-5.768068829308106,5.768068829308106,0.10948740808841038,1367.1537775734769,run,0.15100768882962187,0.11319702984813673,-0.023399934087372804,0.01953125
13.000001019000138,0.0,-5.768068829308106,5.768068829308106,0.11559244959712882,1365.3222651208614,run,0.15100768882962187,0.11521046569919835,-0.02107872363494912,0.01953125
13.020000779000384,0.0,-5.70251502915238,5.70251502915238,0.13114448606339435,1360.6566541809816,run,0.1492914943547542,0.11720101895726173,-0.01429086445397965,0.009765625
13.040000704999784,0.0,-5.70251502915238,5.70251502915238,0.1382309282330733,1358.530721530078,run,0.1492914943547542,0.11919157221532511,-0.01157572078159186,0.009765625
13.060000891000072,0.0,-5.648925471381887,5.648925471381887,0.139838877609813,1358.0483367170561,run,0.14788852301307995,0.12116341918883285,-0.010489663312636744,0.009765625
13.080001040000298,0.0,-5.648925471381887,5.648925471381887,0.1529394621247943,1354.1181613625618,run,0.14788852301307995,0.12313526616234058,-0.005367740325054698,0.001953125
13.100000947999888,0.0,-5.648925471381887,5.648925471381887,0.1583571621584025,1352.4928513524792,run,0.14788852301307995,0.12510711313584832,-0.003318971130021879,0.001953125
13.120000966999669,0.0,-5.623331302117123,5.623331302117123,0.16588968950741823,1350.2330931477745,run,0.14721846922860565,0.1270700260588964,-0.00015571345200875186,-0.001953125
13.140000671000507,0.0,-5.623331302117123,5.623331302117123,0.16934738412388856,1349.1957847628335,run,0.14721846922860565,0.12903293898194446,0.0011095896191964992,-0.001953125
13.16000076499995,0.0,-5.612759327946549,5.612759327946549,0.17062979694970942,1348.8110609150872,run,0.14694169559203718,0.13099216158983829,0.0016157108476785996,-0.001953125
13.180000969000048,0.0,-5.612759327946549,5.612759327946549,0.1714298015693756,1348.5710595291873,run,0.14694169559203718,0.13295138419773211,0.00181815933907144,-0.001953125
13.200000932000421,0.0,-5.612759327946549,5.612759327946549,0.1719261334519525,1348.4221599644143,run,0.14694169559203718,0.13491060680562594,0.001899138735628576,-0.001953125
13.220000951999737,0.0,-5.607223585728434,5.607223585728434,0.16336671849653736,1350.9899844510387,run,0.14679677019966555,0.1368678970749548,-0.0015840945057485696,0.00390625
13.2400008970003,0.0,-5.607223585728434,5.607223585728434,0.16017707879555954,1351.9468763613322,run,0.14679677019966555,0.13882518734428367,-0.002977387802299428,0.00390625
13.26000071200042,0.0,-5.576433780666662,5.576433780666662,0.1582696916774222,1352.5190924967733,run,0.14599069498810285,0.14077172994412504,-0.003534705120919771,0.00390625
13.280000842999925,0.0,-5.576433780666662,5.576433780666662,0.15507466824877805,1353.4775995253667,run,0.14599069498810285,0.1427182725439664,-0.004929507048367908,0.005859375
13.300000714000362,0.0,-5.576433780666662,5.576433780666662,0.15397184771130612,1353.8084456866081,run,0.14599069498810285,0.14466481514380777,-0.005487427819347163,0.005859375
13.320000973999868,0.0,-5.547610547891139,5.547610547891139,0.15880918367986163,1352.3572448960415,run,0.14523610451860042,0.14660129653738913,-0.0033668461277388652,0.001953125
13.340000753000368,0.0,-5.547610547891139,5.547610547891139,0.16122023758050713,1351.633928725848,run,0.14523610451860042,0.14853777793097048,-0.002518613451095546,0.001953125
13.360000660999958,0.0,-5.523741604854536,5.523741604854536,0.1617328052238132,1351.4801584328561,run,0.14461121705116087,0.15046592749165263,-0.0021793203804382185,0.001953125
13.38000066199993,0.0,-5.523741604854536,5.523741604854536,0.15650194572857287,1353.0494162814282,run,0.14461121705116087,0.1523940770523348,-0.004387353152175287,0.005859375
13.400000959999943,0.0,-5.523741604854536,5.523741604854536,0.15458313539093813,1353.6250593827185,run,0.14461121705116087,0.15432222661301695,-0.0052705662608701145,0.005859375
13.420000978999724,0.0,-5.490392740145467,5.490392740145467,0.1472549523374096,1355.8235142987771,run,0.14373814581469777,0.1562387352238796,-0.007967601504348045,0.009765625
13.440000664999843,0.0,-5.490392740145467,5.490392740145467,0.14484539338556104,1356.5463819843317,run,0.14373814581469777,0.15815524383474225,-0.009046415601739218,0.009765625
13.460000851000132,0.0,-5.458768928097527,5.458768928097527,0.14322449029746986,1357.032652910759,run,0.14291023635129516,0.1600607136527595,-0.009477941240695687,0.009765625
13.480001018999701,0.0,-5.458768928097527,5.458768928097527,0.14307878513121597,1357.0763644606352,run,0.14291023635129516,0.16196618347077676,-0.009650551496278276,0.009765625
13.500000927000201,0.0,-5.458768928097527,5.458768928097527,0.143191995348336,1357.0424013954992,run,0.14291023635129516,0.16387165328879402,-0.009719595598511311,0.009765625
13.5200010020003,0.0,-5.420200583353534,5.420200583353534,0.14239703538075668,1357.280889385773,run,0.14190051944705478,0.16576366021475475,-0.009747213239404525,0.009765625
13.540001058999678,0.0,-5.420200583353534,5.420200583353534,0.14265321877875758,1357.2040343663728,run,0.14190051944705478,0.16765566714071548,-0.00975826029576181,0.009765625
13.560000873999797,0.0,-5.3839546554973765,5.3839546554973765,0.1419751587566544,1357.4074523730037,run,0.14095160327475936,0.1695350218510456,-0.009762679118304723,0.009765625
13.580000894000023,0.0,-5.3839546554973765,5.3839546554973765,0.145182330640661,1356.4453008078017,run,0.14095160327475936,0.17141437656137573,-0.008592571647321889,0.0078125
13.600000932000057,0.0,-5.3839546554973765,5.3839546554973765,0.14663434131819336,1356.009697604542,run,0.14095160327475936,0.17329373127170586,-0.008124528658928756,0.0078125
13.620001081000282,0.0,-5.356880754647705,5.356880754647705,0.15253345186022454,1354.2399644419327,run,0.14024281020798146,0.17516363540781227,-0.005593561463571503,0.00390625
13.640000804000465,0.0,-5.356880754647705,5.356880754647705,0.15534490467599774,1353.3965285972006,run,0.14024281020798146,0.17703353954391868,-0.004581174585428601,0.00390625
13.660000989999844,0.0,-5.340195872927069,5.340195872927069,0.1562000943741963,1353.139971687741,run,0.13980600102598512,0.17889761955759848,-0.00417621983417144,0.00390625
13.680000898999879,0.0,-5.340195872927069,5.340195872927069,0.15395497362750543,1353.8135079117483,run,0.13980600102598512,0.18076169957127827,-0.005186112933668576,0.005859375
13.700000770000315,0.0,-5.340195872927069,5.340195872927069,0.15322469253006024,1354.032592240982,run,0.13980600102598512,0.18262577958495807,-0.0055900701734674305,0.005859375
13.72000069700016,0.0,-5.322934678520795,5.322934678520795,0.15850692148546325,1352.447923554361,run,0.13935410401316065,0.18448383430513354,-0.003407903069386972,0.001953125
13.740001290000237,0.0,-5.322934678520795,5.322934678520795,0.16096779679757,1351.709660960729,run,0.13935410401316065,0.18634188902530902,-0.002535036227754789,0.001953125
13.760001125000144,0.0,-5.306506541455036,5.306506541455036,0.16168842404933362,1351.4934727851999,run,0.13892401639051102,0.18819420924384916,-0.0021858894911019155,0.001953125
13.780000848000327,0.0,-5.306506541455036,5.306506541455036,0.16231541881876752,1351.3053743543696,run,0.13892401639051102,0.1900465294623893,-0.002046230796440766,0.001953125
13.800001052000425,0.0,-5.306506541455036,5.306506541455036,0.1627329255462097,1351.1801223361372,run,0.13892401639051102,0.19189884968092946,-0.0019903673185763067,0.001953125
13.820001368000248,0.0,-5.29495485183935,5.29495485183935,0.162763609684858,1351.1709170945426,run,0.13862159386356776,0.19374713759911036,-0.0019680219274305225,0.001953125
13.840000999000495,0.0,-5.29495485183935,5.29495485183935,0.16306319826373092,1351.0810405208808,run,0.13862159386356776,0.19559542551729125,-0.001959083770972209,0.001953125
13.860000850999768,0.0,-5.271073058268001,5.271073058268001,0.16272290526647665,1351.183128420057,run,0.13799636996991532,0.19743537711689013,-0.001955508508388884,0.001953125
13.880000722999739,0.0,-5.271073058268001,5.271073058268001,0.1600727857689998,1351.9781642693001,run,0.13799636996991532,0.199275328716489,-0.0031259534033555537,0.00390625
13.90000085299971,0.0,-5.271073058268001,5.271073058268001,0.15917833361397296,1352.246499915808,run,0.13799636996991532,0.20111528031608789,-0.0035941313613422213,0.00390625
13.920000706000337,0.0,-5.248631801357902,5.248631801357902,0.15839746264241122,1352.4807612072766,run,0.13740885923786456,0.2029473984392594,-0.0037814025445368884,0.00390625
13.94000141100014,0.0,-5.248631801357902,5.248631801357902,0.15848500917769232,1352.4544972466924,run,0.13740885923786456,0.20477951656243093,-0.003856311017814755,0.00390625
13.960000892999687,0.0,-5.225270393422932,5.225270393422932,0.1580720949928809,1352.5783715021357,run,0.1367972590083144,0.2066034800158751,-0.003886274407125902,0.00390625
13.980000783000378,0.0,-5.225270393422932,5.225270393422932,0.1583157261215864,1352.505282163524,run,0.1367972590083144,0.2084274434693193,-0.003898259762850361,0.00390625
14.000000931999693,0.0,-5.225270393422932,5.225270393422932,0.15857733528387857,1352.4267994148365,run,0.1367972590083144,0.21025140692276348,-0.0039030539051401443,0.00390625
14.02000102500051,0.0,-5.207988249681932,5.207988249681932,0.1583927853035501,1352.482164408935,run,0.13634481354318936,0.212069337770006,-0.0039049715620560576,0.00390625
14.040000841000165,0.0,-5.207988249681932,5.207988249681932,0.15866355727372058,1352.4009328178838,run,0.13634481354318936,0.21388726861724852,-0.003905738624822423,0.00390625
14.060001045999797,0.0,-5.185220672406302,5.185220672406302,0.15833823395123914,1352.4985298146282,run,0.1357487597639464,0.21569725208076782,-0.0039060454499289694,0.00390625
14.080000806000044,0.0,-5.185220672406302,5.185220672406302,0.1615391121456605,1351.5382663563018,run,0.1357487597639464,0.2175072355442871,-0.0027342931799715876,0.001953125
14.100000937000459,0.0,-5.185220672406302,5.185220672406302,0.16298236193514576,1351.1052914194563,run,0.1357487597639464,0.2193172190078064,-0.002265592271988635,0.001953125
14.12000084500005,0.0,-5.172499790356056,5.172499790356056,0.15167011238552805,1354.4989662843416,run,0.13541572785064443,0.221122762045815,-0.006765611908795454,0.009765625
14.140000883000084,0.0,-5.172499790356056,5.172499790356056,0.1474409242044225,1355.7677227386732,run,0.13541572785064443,0.22292830508382358,-0.008565619763518183,0.009765625
14.160000938999929,0.0,-5.143085495140696,5.143085495140696,0.1451401432285126,1356.4579570314463,run,0.13464566340265194,0.22472358059585895,-0.009285622905407274,0.009765625
14.180000847999963,0.0,-5.143085495140696,5.143085495140696,0.1476191189134288,1355.7142643259713,run,0.13464566340265194,0.22651885610789432,-0.00840174916216291,0.0078125
14.200000977999935,0.0,-5.143085495140696,5.143085495140696,0.14877228398347847,1355.3683148049565,run,0.13464566340265194,0.2283141316199297,-0.008048199664865164,0.0078125
14.220000683000308,0.0,-5.129874712768469,5.129874712768469,0.15197826311889437,1354.4065210643316,run,0.13429980592891227,0.23010479569898185,-0.006734904865946065,0.005859375
14.240000776000215,0.0,-5.129874712768469,5.129874712768469,0.15356015752967128,1353.9319527410985,run,0.13429980592891227,0.231895459778034,-0.006209586946378426,0.005859375
14.260001314999954,0.0,-5.107421997199225,5.107421997199225,0.153765088720613,1353.870473383816,run,0.1337119952098666,0.2336782863808322,-0.00599945977855137,0.005859375
14.280000668000412,0.0,-5.107421997199225,5.107421997199225,0.16010201487885978,1351.969395536342,run,0.1337119952098666,0.23546111298363043,-0.0035716589114205477,0.001953125
14.300000687000193,0.0,-5.107421997199225,5.107421997199225,0.16279723973641033,1351.160828079077,run,0.1337119952098666,0.23724393958642864,-0.002600538564568219,0.001953125
14.32000102200027,0.0,-5.097668681844851,5.097668681844851,0.16377993219240597,1350.8660203422783,run,0.1334566540109879,0.23902336163990848,-0.0022120904258272874,0.001953125
14.340000763999797,0.0,-5.097668681844851,5.097668681844851,0.16443529363916887,1350.6694119082495,run,0.1334566540109879,0.2408027836933883,-0.002056711170330915,0.001953125
14.360000764999768,0.0,-5.084459614972303,5.084459614972303,0.16451108201550002,1350.64667539535,run,0.13311084144892482,0.2425775949127073,-0.001994559468132366,0.001953125
14.380000655000458,0.0,-5.084459614972303,5.084459614972303,0.16190976790059639,1351.427069629821,run,0.13311084144892482,0.2443524061320263,-0.0031415737872529464,0.00390625
14.400000694000028,0.0,-5.084459614972303,5.084459614972303,0.16102897526437368,1351.691307420688,run,0.13311084144892482,0.2461272173513453,-0.0036003795149011785,0.00390625
14.42000091700038,0.0,-5.070096140454552,5.070096140454552,0.16045960426631461,1351.8621187201056,run,0.13273480656538322,0.24789701477221707,-0.003783901805960471,0.00390625
14.440000955000414,0.0,-5.070096140454552,5.070096140454552,0.16054155158838607,1351.8375345234842,run,0.13273480656538322,0.24966681219308884,-0.0038573107223841886,0.00390625
14.460000882000259,0.0,-5.054823908696505,5.054823908696505,0.1603329865404499,1351.900104037865,run,0.13233498047292488,0.2514312785993945,-0.0038866742889536753,0.00390625
14.480000660999849,0.0,-5.054823908696505,5.054823908696505,0.16056829293482625,1351.8295121195522,run,0.13233498047292488,0.2531957450057002,-0.00389841971558147,0.00390625
14.500000829000328,0.0,-5.054823908696505,5.054823908696505,0.1608212174691443,1351.7536347592568,run,0.13233498047292488,0.25496021141200587,-0.003903117886232588,0.00390625
14.520000830999834,0.0,-5.041615863803116,5.041615863803116,0.1578050243811143,1352.6584926856658,run,0.1319891946662136,0.2567200673408887,-0.005076872154493035,0.005859375
14.540000868999869,0.0,-5.041615863803116,5.041615863803116,0.15689524850218628,1352.931425449344,run,0.1319891946662136,0.25847992326977154,-0.005546373861797214,0.005859375
14.560000832999776,0.0,-5.023192647862913,5.023192647862913,0.15620644188143998,1353.138067435568,run,0.1315068760007699,0.2602333482831151,-0.005734174544718885,0.005859375
14.580000796999684,0.0,-5.023192647862913,5.023192647862913,0.15628165495051982,1353.115503514844,run,0.1315068760007699,0.2619867732964587,-0.005809294817887554,0.005859375
14.600000984000417,0.0,-5.023192647862913,5.023192647862913,0.15646954842935268,1353.0591354711942,run,0.1315068760007699,0.2637401983098023,-0.005839342927155022,0.005859375
14.620001040000261,0.0,-5.005376191621508,5.005376191621508,0.15623514747094439,1353.1294557587166,run,0.13104044226709488,0.26548740420669686,-0.005851362170862009,0.005859375
14.640000931000486,0.0,-5.005376191621508,5.005376191621508,0.15648520911177158,1353.0544372664685,run,0.13104044226709488,0.26723461010359145,-0.005856169868344804,0.005859375
14.660001153999929,0.0,-4.988109871849275,4.988109871849275,0.15628954704184234,1353.1131358874472,run,0.1305884110725034,0.2689757889178915,-0.005858092947337921,0.005859375
14.680001006999646,0.0,-4.988109871849275,4.988109871849275,0.15361911328499422,1353.9142660145017,run,0.1305884110725034,0.2707169677321915,-0.007030737178935168,0.0078125
14.700000674999956,0.0,-4.988109871849275,4.988109871849275,0.15270764587554198,1354.1877062373374,run,0.1305884110725034,0.27245814654649153,-0.007499794871574067,0.0078125
14.720000658000117,0.0,-4.9693556727523855,4.9693556727523855,0.15200779925325672,1354.397660224023,run,0.1300974272882805,0.2741927789103353,-0.0076874179486296264,0.0078125
14.740001528999983,0.0,-4.9693556727523855,4.9693556727523855,0.15208037103077773,1354.3758886907667,run,0.1300974272882805,0.275927411274179,-0.00776246717945185,0.0078125
14.7600012529997,0.0,-4.954083303813178,4.954083303813178,0.15186488731131165,1354.4405338066065,run,0.12969759760442778,0.2776567125755714,-0.00779248687178074,0.0078125
14.780000995000137,0.0,-4.954083303813178,4.954083303813178,0.1550239503141916,1353.4928149057425,run,0.12969759760442778,0.27938601387696377,-0.006632619748712296,0.005859375
14.800000976999854,0.0,-4.954083303813178,4.954083303813178,0.1564432126324689,1353.0670362102594,run,0.12969759760442778,0.28111531517835614,-0.006168672899484919,0.005859375
14.82000099700008,0.0,-4.938811465443905,4.938811465443905,0.15676593925175367,1352.970218224474,run,0.12929778181086343,0.282839285602501,-0.0059830941597939676,0.005859375
14.840000812999733,0.0,-4.938811465443905,4.938811465443905,0.15721011355506634,1352.83696593348,run,0.12929778181086343,0.28456325602664584,-0.005908862663917587,0.005859375
14.860000944000149,0.0,-4.928146082250322,4.928146082250322,0.15726316309733399,1352.8210510707997,run,0.1290185627317911,0.28628350352973636,-0.005879170065567034,0.005859375
14.880000796999866,0.0,-4.928146082250322,4.928146082250322,0.1604805803211481,1351.8558259036556,run,0.1290185627317911,0.2880037510328269,-0.004695418026226814,0.00390625
14.900000780000028,0.0,-4.928146082250322,4.928146082250322,0.1619223694859519,1351.4232891542144,run,0.1290185627317911,0.2897239985359174,-0.004221917210490726,0.00390625
14.920001040000443,0.0,-4.918423666089183,4.918423666089183,0.16239886610274032,1351.2803401691779,run,0.12876403047189963,0.29144085227554273,-0.004032516884196291,0.00390625
14.94000087500035,0.0,-4.918423666089183,4.918423666089183,0.16284579448997855,1351.1462616530064,run,0.12876403047189963,0.29315770601516805,-0.003956756753678516,0.00390625
14.960000913000385,0.0,-4.910333713033793,4.910333713033793,0.16296686461676618,1351.1099406149701,run,0.12855223599617716,0.2948717358284504,-0.0039264527014714065,0.00390625
14.980001043999891,0.0,-4.910333713033793,4.910333713033793,0.16325427314096566,1351.0237180577103,run,0.12855223599617716,0.2965857656417327,-0.003914331080588563,0.00390625
15.00000110100018,0.0,-4.910333713033793,4.910333713033793,0.16352349923384085,1350.9429502298478,run,0.12855223599617716,0.29829979545501506,-0.003909482432235425,0.00390625
15.020001028000024,0.0,-4.896513771326767,4.896513771326767,0.1634229235158987,1350.9731229452304,run,0.1281904307683452,0.300009001198593,-0.00390754297289417,0.00390625
15.040000696000334,0.0,-4.896513771326767,4.896513771326767,0.16368124383677665,1350.895626848967,run,0.1281904307683452,0.3017182069421709,-0.003906767189157668,0.00390625
15.060000992999903,0.0,-4.8867921640671454,4.8867921640671454,0.1636833803769848,1350.8949858869046,run,0.12793591968544593,0.3034240192046435,-0.003906456875663067,0.00390625
15.08000073500034,0.0,-4.8867921640671454,4.8867921640671454,0.16686925002985029,1349.939224991045,run,0.12793591968544593,0.30512983146711614,-0.0027344577502652267,0.001953125
15.100001051000163,0.0,-4.8867921640671454,4.8867921640671454,0.16829712099461902,1349.5108637016142,run,0.12793591968544593,0.30683564372958877,-0.0022656581001060908,0.001953125
15.120001034000325,0.0,-4.879609783572931,4.879609783572931,0.1717630696339532,1348.4710791098141,run,0.12774788540381335,0.3085389488683063,-0.0009062632400424364,0.0
15.140000906000296,0.0,-4.879609783572931,4.879609783572931,0.17337796026482447,1347.9866119205526,run,0.12774788540381335,0.3102422540070238,-0.00036250529601697455,0.0
15.160001018000457,0.0,-4.873007789210419,4.873007789210419,0.1740040284918052,1347.7987914524583,run,0.12757504559557745,0.31194325461496486,-0.00014500211840678983,0.0
15.180000871000175,0.0,-4.873007789210419,4.873007789210419,0.16861730676060654,1349.414807971818,run,0.12757504559557745,0.3136442552229059,-0.002401750847362716,0.00390625
15.200000872000146,0.0,-4.873007789210419,4.873007789210419,0.16661570812284177,1350.0152875631475,run,0.12757504559557745,0.31534525583084694,-0.0033044503389450864,0.00390625
15.22000105899997,0.0,-4.856067100145992,4.856067100145992,0.1684534530074491,1349.4639640977653,run,0.12713153939298116,0.31704034302275336,-0.002493655135578035,0.001953125
15.240000875000533,0.0,-4.856067100145992,4.856067100145992,0.1695185112896021,1349.1444466131193,run,0.12713153939298116,0.3187354302146598,-0.002169337054231214,0.001953125
15.260000708999996,0.0,-4.846345716439458,4.846345716439458,0.16984207820898115,1349.0473765373056,run,0.12687703416268803,0.3204271240034956,-0.0020396098216924857,0.001953125
15.28000087800001,0.0,-4.846345716439458,4.846345716439458,0.17022555950984525,1348.9323321470465,run,0.12687703416268803,0.3221188177923314,-0.001987718928676994,0.001953125
15.300000861000171,0.0,-4.846345716439458,4.846345716439458,0.1705312044711861,1348.8406386586441,run,0.12687703416268803,0.32381051158116725,-0.001966962571470798,0.001953125
15.320000955000523,0.0,-4.836587516989113,4.836587516989113,0.167620047394377,1349.713985781687,run,0.12662156509847577,0.3254987991158136,-0.003130535028588319,0.00390625
15.340000640999733,0.0,-4.836587516989113,4.836587516989113,0.16670971806745644,1349.9870845797632,run,0.12662156509847577,0.3271870866504599,-0.0035959640114353276,0.00390625
15.360000660999958,0.0,-4.816202919642279,4.816202919642279,0.16596279736919192,1350.2111607892425,run,0.1260878975878825,0.3288682586182984,-0.003782135604574131,0.00390625
15.380000978000226,0.0,-4.816202919642279,4.816202919642279,0.1572397390712289,1352.8280782786314,run,0.1260878975878825,0.33054943058613684,-0.007372229241829653,0.009765625
15.400000701999943,0.0,-4.816202919642279,4.816202919642279,0.15390182122914914,1353.8294536312553,run,0.1260878975878825,0.3322306025539753,-0.008808266696731862,0.009765625
15.420000796000295,0.0,-4.795234285500015,4.795234285500015,0.1580272790961635,1352.591816271151,run,0.1255389400297396,0.33390445508770517,-0.007038931678692744,0.005859375
15.440000779000457,0.0,-4.795234285500015,4.795234285500015,0.1600476919942621,1351.9856924017213,run,0.1255389400297396,0.33557830762143503,-0.006331197671477098,0.005859375
15.460001021000153,0.0,-4.780545600964729,4.780545600964729,0.16062118592192215,1351.8136442234234,run,0.1251543911678483,0.33724703283700636,-0.006048104068590839,0.005859375
15.480000930000188,0.0,-4.780545600964729,4.780545600964729,0.16115458830714408,1351.6536235078568,run,0.1251543911678483,0.3389157580525777,-0.005934866627436336,0.005859375
15.500001060999693,0.0,-4.780545600964729,4.780545600964729,0.16151813453063432,1351.5445596408097,run,0.1251543911678483,0.340584483268149,-0.005889571650974534,0.005859375
15.52000069199994,0.0,-4.760123016420636,4.760123016420636,0.16127800695231362,1351.6165979143059,run,0.12461972915475629,0.3422460796568791,-0.005871453660389814,0.005859375
15.54000115700046,0.0,-4.760123016420636,4.760123016420636,0.16154536440120784,1351.5363906796376,run,0.12461972915475629,0.3439076760456092,-0.005864206464155926,0.005859375
15.560001047000242,0.0,-4.745752780482775,4.745752780482775,0.16142488673485092,1351.5725339795447,run,0.12424351725765016,0.3455642562757112,-0.005861307585662371,0.005859375
15.580000862999896,0.0,-4.745752780482775,4.745752780482775,0.16460596014785978,1350.618211955642,run,0.12424351725765016,0.3472208365058132,-0.004688273034264948,0.00390625
15.60000066099974,0.0,-4.745752780482775,4.745752780482775,0.1660274817337725,1350.1917554798683,run,0.12424351725765016,0.3488774167359152,-0.004219059213705979,0.00390625
15.620000737000282,0.0,-4.732872031134605,4.732872031134605,0.1664072909250135,1350.077812722496,run,0.12390630002827563,0.35052950073629224,-0.004031373685482392,0.00390625
15.64000070100019,0.0,-4.732872031134605,4.732872031134605,0.1668427890532936,1349.9471632840118,run,0.12390630002827563,0.3521815847366693,-0.0039562994741929565,0.00390625
15.66000096200014,0.0,-4.726273908985064,4.726273908985064,0.16699259195383437,1349.9022224138498,run,0.12373356159433826,0.3538313655579271,-0.003926269789677183,0.00390625
15.680001019000429,0.0,-4.726273908985064,4.726273908985064,0.17312946376153882,1348.0611608715383,run,0.12373356159433826,0.35548114637918493,-0.0015705079158708731,0.0
15.700001038999744,0.0,-4.726273908985064,4.726273908985064,0.17573269275853381,1347.28019217244,run,0.12373356159433826,0.35713092720044276,-0.0006282031663483493,0.0
15.720000910999715,0.0,-4.720579053664778,4.720579053664778,0.17384338798567217,1347.8469836042984,run,0.12358447063069272,0.3587787201421853,-0.0014231562665393397,0.001953125
15.740001245999792,0.0,-4.720579053664778,4.720579053664778,0.17329560382674258,1348.0113188519772,run,0.12358447063069272,0.36042651308392787,-0.0017411375066157357,0.001953125
15.760001303000081,0.0,-4.709327176993952,4.709327176993952,0.17292962893864136,1348.1211113184077,run,0.12328989718829132,0.36207037837977174,-0.0018683300026462943,0.001953125
15.780001063999862,0.0,-4.709327176993952,4.709327176993952,0.16718964123698737,1349.843107628904,run,0.12328989718829132,0.3637142436756156,-0.004262957001058517,0.005859375
15.800000712999918,0.0,-4.709327176993952,4.709327176993952,0.1650415940329517,1350.4875217901144,run,0.12328989718829132,0.3653581089714595,-0.005220807800423406,0.005859375
15.820001345000037,0.0,-4.687453786209517,4.687453786209517,0.16668622120825444,1349.9941336375236,run,0.12271725315664564,0.3669943390135481,-0.004432073120169362,0.00390625
15.840000698000495,0.0,-4.687453786209517,4.687453786209517,0.16772039039482178,1349.6838828815535,run,0.12271725315664564,0.36863056905563674,-0.004116579248067745,0.00390625
15.860000959000445,0.0,-4.673669681649869,4.673669681649869,0.16791973002570215,1349.6240809922892,run,0.12235638614313812,0.37026198753754525,-0.0039903816992270975,0.00390625
15.880000738000035,0.0,-4.673669681649869,4.673669681649869,0.16829064034682908,1349.5128078959513,run,0.12235638614313812,0.37189340601945375,-0.003939902679690839,0.00390625
15.90000064700007,0.0,-4.673669681649869,4.673669681649869,0.16858583213865164,1349.4242503584046,run,0.12235638614313812,0.37352482450136226,-0.003919711071876336,0.00390625
15.920000648000041,0.0,-4.66241641046247,4.66241641046247,0.168555537348091,1349.4333387955726,run,0.12206177619237824,0.37515231485059397,-0.003911634428750534,0.00390625
15.940000891000182,0.0,-4.66241641046247,4.66241641046247,0.16880773754360157,1349.3576787369195,run,0.12206177619237824,0.3767798051998257,-0.003908403771500214,0.00390625
15.96000083700028,0.0,-4.6517971136370875,4.6517971136370875,0.16877652318738084,1349.3670430437858,run,0.12178376365160398,0.3784035887151804,-0.003907111508600085,0.00390625
15.98000061599987,0.0,-4.6517971136370875,4.6517971136370875,0.16902138297758415,1349.2935851067248,run,0.12178376365160398,0.38002737223053507,-0.003906594603440034,0.00390625
16.00000100599982,0.0,-4.6517971136370875,4.6517971136370875,0.16926546741004742,1349.2203597769858,run,0.12178376365160398,0.38165115574588976,-0.003906387841376014,0.00390625
16.02000087799979,0.0,-4.633946519567559,4.633946519567559,0.1690409795845694,1349.2877061246293,run,0.1213164361916786,0.3832687082284455,-0.003906305136550405,0.00390625
16.040000843000144,0.0,-4.633946519567559,4.633946519567559,0.16928369516177838,1349.2148914514664,run,0.1213164361916786,0.38488626071100124,-0.003906272054620162,0.00390625
16.060000937000495,0.0,-4.626759352077386,4.626759352077386,0.16933782519198848,1349.1986524424035,run,0.12112827658678488,0.386501304398825,-0.0039062588218480646,0.00390625
16.08000123500051,0.0,-4.626759352077386,4.626759352077386,0.16958009497793414,1349.1259715066199,run,0.12112827658678488,0.3881163480866488,-0.003906253528739226,0.00390625
16.100000699000248,0.0,-4.626759352077386,4.626759352077386,0.16982235682421654,1349.053292952735,run,0.12112827658678488,0.3897313917744726,-0.00390625141149569,0.00390625
16.12000118199967,0.0,-4.608907959275314,4.608907959275314,0.1725260199271978,1348.2421940218405,run,0.12066092821609042,0.3913402041506871,-0.002734375564598276,0.001953125
16.14000077599985,0.0,-4.608907959275314,4.608907959275314,0.1739392176305274,1347.8182347108418,run,0.12066092821609042,0.3929490165269016,-0.00226562522583931,0.001953125
16.160001018999992,0.0,-4.598290815810742,4.598290815810742,0.17437077774746662,1347.68876667576,run,0.12038297205017036,0.3945541228209039,-0.0020781250903357243,0.001953125
16.180001039000217,0.0,-4.598290815810742,4.598290815810742,0.17186935632707057,1348.4391931018788,run,0.12038297205017036,0.3961592291149062,-0.00317500003613429,0.00390625
16.20000065100021,0.0,-4.598290815810742,4.598290815810742,0.17101324732537232,1348.6960258023882,run,0.12038297205017036,0.3977643354089085,-0.0036137500144537158,0.00390625
16.220000968000477,0.0,-4.581340153317512,4.581340153317512,0.1674409209501888,1349.7677237149433,run,0.11993920474381861,0.39936352480549275,-0.004961125005781486,0.005859375
16.24000080199994,0.0,-4.581340153317512,4.581340153317512,0.16633342436834866,1350.0999726894954,run,0.11993920474381861,0.400962714202077,-0.005500075002312595,0.005859375
16.260000859999764,0.0,-4.57325187700738,4.57325187700738,0.1658221787015136,1350.2533463895459,run,0.1197274541651843,0.40255908025761283,-0.005715655000925038,0.005859375
16.28000086200018,0.0,-4.57325187700738,4.57325187700738,0.16877574111123156,1349.3672776666306,run,0.1197274541651843,0.40415544631314865,-0.004630012000370015,0.00390625
16.300001011000404,0.0,-4.57325187700738,4.57325187700738,0.17010083902011694,1348.969748293965,run,0.1197274541651843,0.40575181236868446,-0.004195754800148006,0.00390625
16.320000735999656,0.0,-4.559468340921569,4.559468340921569,0.1733426647935103,1347.997200561947,run,0.11936660203428703,0.407343367062475,-0.0028501769200592027,0.001953125
16.340000960000452,0.0,-4.559468340921569,4.559468340921569,0.17492697587766765,1347.5219072366997,run,0.11936660203428703,0.4089349217562655,-0.0023119457680236813,0.001953125
16.36000079500036,0.0,-4.545684946135452,4.545684946135452,0.17534237010522846,1347.3972889684314,run,0.1190057536026071,0.4105216651376336,-0.0020966533072094727,0.001953125
16.380000759000268,0.0,-4.545684946135452,4.545684946135452,0.17579567407324787,1347.2612977780257,run,0.1190057536026071,0.4121084085190017,-0.002010536322883789,0.001953125
16.400000909000028,0.0,-4.545684946135452,4.545684946135452,0.17611980256477877,1347.1640592305664,run,0.1190057536026071,0.4136951519003698,-0.0019760895291535156,0.001953125
16.420000689000062,0.0,-4.53849683223882,4.53849683223882,0.17327401261519387,1348.0177962154419,run,0.11881756922085021,0.41527938615664783,-0.0031341858116614063,0.00390625
16.440000987000076,0.0,-4.53849683223882,4.53849683223882,0.1723535514711277,1348.2939345586617,run,0.11881756922085021,0.41686362041292585,-0.0035974243246645627,0.00390625
16.460000747999857,0.0,-4.519017353944804,4.519017353944804,0.17161695660426582,1348.5149130187203,run,0.1183075976716482,0.41844105504854784,-0.0037827197298658253,0.00390625
16.48000063900008,0.0,-4.519017353944804,4.519017353944804,0.16580890139440785,1350.2573295816776,run,0.1183075976716482,0.4200184896841698,-0.00620058789194633,0.0078125
16.50000080699965,0.0,-4.519017353944804,4.519017353944804,0.16362764842767064,1350.9117054716987,run,0.1183075976716482,0.4215959243197918,-0.007167735156778532,0.0078125
16.52000106800051,0.0,-4.5083540154545005,4.5083540154545005,0.17140645497821833,1348.5780635065346,run,0.11802843212278252,0.4231696367480956,-0.004038969062711413,0.001953125
16.540000847999636,0.0,-4.5083540154545005,4.5083540154545005,0.174771277936531,1347.5686166190408,run,0.11802843212278252,0.4247433491763994,-0.0027874626250845654,0.001953125
16.56000096100024,0.0,-4.490552787245235,4.490552787245235,0.17579187410354813,1347.2624377689356,run,0.11756239705805668,0.42631084780384015,-0.002286860050033826,0.001953125
16.58000062899964,0.0,-4.490552787245235,4.490552787245235,0.167738538972715,1349.6784383081854,run,0.11756239705805668,0.4278783464312809,-0.00560224402001353,0.0078125
16.6000010570001,0.0,-4.490552787245235,4.490552787245235,0.1646582797968514,1350.6025160609447,run,0.11756239705805668,0.4294458450587217,-0.006928397608005412,0.0078125
16.620000725999944,0.0,-4.472700293433917,4.472700293433917,0.1689583140535364,1349.312505783939,run,0.11709501986300755,0.43100711199022845,-0.005115109043202165,0.00390625
16.640000875999704,0.0,-4.472700293433917,4.472700293433917,0.17100579265806565,1348.6982622025803,run,0.11709501986300755,0.4325683789217352,-0.0043897936172808665,0.00390625
16.66000100700012,0.0,-4.461440946437676,4.461440946437676,0.17166993957061943,1348.4990181288142,run,0.11680025084794415,0.4341257155997078,-0.004099667446912347,0.00390625
16.680000713000027,0.0,-4.461440946437676,4.461440946437676,0.16926397874268387,1349.2208063771948,run,0.11680025084794415,0.4356830522776804,-0.005155491978764939,0.005859375
16.70000091799966,0.0,-4.461440946437676,4.461440946437676,0.16844175471252718,1349.4674735862418,run,0.11680025084794415,0.437240388955653,-0.0055778217915059755,0.005859375
16.720001252999737,0.0,-4.443641230982678,4.443641230982678,0.1677860979496484,1349.6641706151054,run,0.11633425538703238,0.43879151236081343,-0.0057467537166023906,0.005859375
16.7400109590003,0.0,-4.443641230982678,4.443641230982678,0.1678498345353261,1349.6450496394023,run,0.11633425538703238,0.4403426357659739,-0.005814326486640957,0.005859375
16.760001146000377,0.0,-4.42985860182867,4.42985860182867,0.16765338023180842,1349.7039859304575,run,0.1159734269995542,0.4418889481259679,-0.005841355594656383,0.005859375
16.780001073999756,0.0,-4.42985860182867,4.42985860182867,0.17371767297779211,1347.8846981066624,run,0.1159734269995542,0.44343526048596194,-0.0035084172378625532,0.001953125
16.800000927000383,0.0,-4.42985860182867,4.42985860182867,0.17628255818858504,1347.1152325434246,run,0.1159734269995542,0.44498157284595596,-0.0025752418951450213,0.001953125
16.8200008179997,0.0,-4.422614163919604,4.422614163919604,0.17139826712646553,1348.5805198620603,run,0.11578376805859995,0.44652535642007063,-0.004545721758058008,0.005859375
16.840000968000368,0.0,-4.422614163919604,4.422614163919604,0.16965935479966973,1349.102193560099,run,0.11578376805859995,0.4480691399941853,-0.005333913703223203,0.005859375
16.860001044,0.0,-4.414526991903585,4.414526991903585,0.18060933527900316,1345.817199416299,run,0.11557204639031793,0.4496101006127229,-0.0009616904812892811,-0.001953125
16.880000896999718,0.0,-4.414526991903585,4.414526991903585,0.18521270259371772,1344.4361892218847,run,0.11557204639031793,0.4511510612312605,0.0007871988074842876,-0.001953125
16.900001010000324,0.0,-4.414526991903585,4.414526991903585,0.18719273597527192,1343.8421792074184,run,0.11557204639031793,0.45269202184979807,0.001486754522993715,-0.001953125
16.920000937999703,0.0,-4.407989568651544,4.407989568651544,0.1791628816443641,1346.2511355066908,run,0.1154008970498011,0.45423070047712877,-0.001749048190802514,0.00390625
16.940000940000118,0.0,-4.407989568651544,4.407989568651544,0.17615788072466748,1347.1526357825996,run,0.1154008970498011,0.45576937910445947,-0.0030433692763210058,0.00390625
16.960000886000216,0.0,-4.396728795512985,4.396728795512985,0.17772865296916388,1346.6814041092507,run,0.11510609069841912,0.4573041269804384,-0.0023892227105284025,0.001953125
16.98000077700044,0.0,-4.396728795512985,4.396728795512985,0.1786130117163533,1346.416096485094,run,0.11510609069841912,0.4588388748564173,-0.002127564084211361,0.001953125
17.000001019000138,0.0,-4.396728795512985,4.396728795512985,0.17910488252406717,1346.2685352427798,run,0.11510609069841912,0.4603736227323962,-0.0020229006336845443,0.001953125
17.020001039999897,0.0,-4.389539238834544,4.389539238834544,0.17925115955798715,1346.2246521326038,run,0.11491786854472281,0.46190586097965913,-0.001981035253473818,0.001953125
17.040000708000207,0.0,-4.389539238834544,4.389539238834544,0.1795228606752873,1346.1431417974138,run,0.11491786854472281,0.4634380992269221,-0.001964289101389527,0.001953125
17.06000067299965,0.0,-4.38145309702071,4.38145309702071,0.17662763697741385,1347.0117089067758,run,0.11470617384707091,0.46496751487821636,-0.0031294656405558108,0.00390625
17.080000989999917,0.0,-4.38145309702071,4.38145309702071,0.1756918727859417,1347.2924381642174,run,0.11470617384707091,0.46649693052951063,-0.0035955362562223245,0.00390625
17.100000843000544,0.0,-4.38145309702071,4.38145309702071,0.1754552145179693,1347.3634356446091,run,0.11470617384707091,0.4680263461808049,-0.00378196450248893,0.00390625
17.120000975000494,0.0,-4.366773667931852,4.366773667931852,0.17511312345141672,1347.466062964575,run,0.11432186729220052,0.4695506377447009,-0.003856535800995572,0.00390625
17.140000957999746,0.0,-4.366773667931852,4.366773667931852,0.17526719588749448,1347.4198412337516,run,0.11432186729220052,0.4710749293085969,-0.0038863643203982286,0.00390625
17.16000073799978,0.0,-4.357005134773118,4.357005134773118,0.17813944752341085,1346.5581657429768,run,0.11406612769213528,0.4725958110111587,-0.0027264207281592918,0.001953125
17.180001035999794,0.0,-4.357005134773118,4.357005134773118,0.1795275233710341,1346.1417429886897,run,0.11406612769213528,0.47411669271372053,-0.0022624432912637165,0.001953125
17.200000926000484,0.0,-4.357005134773118,4.357005134773118,0.18021963306331393,1345.9341100810059,run,0.11406612769213528,0.47563757441628235,-0.0020768523165054864,0.001953125
17.220000742999673,0.0,-4.347425730475834,4.347425730475834,0.1715930039989694,1348.522098800309,run,0.11381533947408434,0.4771551122759368,-0.005518240926602195,0.0078125
17.24000087400009,0.0,-4.347425730475834,4.347425730475834,0.16837924606782084,1349.4862261796538,run,0.11381533947408434,0.4786726501355913,-0.006894796370640877,0.0078125
17.26000071000044,0.0,-4.332746094351478,4.332746094351478,0.17270461570373313,1348.18861528888,run,0.11343102749903726,0.48018506383557846,-0.005101668548256351,0.00390625
17.280000897000264,0.0,-4.332746094351478,4.332746094351478,0.17472460558111574,1347.5826183256654,run,0.11343102749903726,0.48169747753556563,-0.00438441741930254,0.00390625
17.300001029000214,0.0,-4.332746094351478,4.332746094351478,0.17566871876506765,1347.2993843704796,run,0.11343102749903726,0.4832098912355528,-0.004097516967721016,0.00390625
17.32000073500012,0.0,-4.324659920698252,4.324659920698252,0.1818297373493796,1345.451078795186,run,0.11321933196783204,0.48471948232845724,-0.0016390067870884065,0.0
17.340001033000135,0.0,-4.324659920698252,4.324659920698252,0.1845146861939479,1344.6455941418155,run,0.11321933196783204,0.4862290734213617,-0.0006556027148353627,0.0
17.360000979999768,0.0,-4.317471642461385,4.317471642461385,0.17674690136859408,1346.9759295894219,run,0.11303114328365788,0.4877361553318105,-0.0037778660859341447,0.005859375
17.380000814999676,0.0,-4.317471642461385,4.317471642461385,0.1738507002840626,1347.8447899147811,run,0.11303114328365788,0.48924323724225927,-0.005026771434373658,0.005859375
17.40000092800028,0.0,-4.317471642461385,4.317471642461385,0.17282785722219043,1348.151642833343,run,0.11303114328365788,0.49075031915270806,-0.0055263335737494625,0.005859375
17.42000072699966,0.0,-4.302792338935149,4.302792338935149,0.17216928549519797,1348.3492143514407,run,0.11264684001600922,0.4922522770195882,-0.005726158429499785,0.005859375
17.440000858000076,0.0,-4.302792338935149,4.302792338935149,0.1721947543194797,1348.341573704156,run,0.11264684001600922,0.4937542348864683,-0.005806088371799914,0.005859375
17.460000767999645,0.0,-4.292426606101202,4.292426606101202,0.1691385135577079,1349.2584459326877,run,0.11237546576500755,0.49525257443000176,-0.007009935348719965,0.0078125
17.480001010999786,0.0,-4.292426606101202,4.292426606101202,0.16815941751231786,1349.5521747463047,run,0.11237546576500755,0.4967509139735352,-0.007491474139487986,0.0078125
17.500000679000095,0.0,-4.292426606101202,4.292426606101202,0.1679026296530799,1349.6292111040761,run,0.11237546576500755,0.49824925351706867,-0.007684089655795194,0.0078125
17.520000699999855,0.0,-4.278644501664047,4.278644501664047,0.17343260378857867,1347.9702188634265,run,0.11201465111458442,0.49974278219859647,-0.005417385862318078,0.00390625
17.540000886999678,0.0,-4.278644501664047,4.278644501664047,0.17573789025226635,1347.2786329243202,run,0.11201465111458442,0.5,-0.004510704344927232,0.00390625
17.560000908000347,0.0,-4.27205166159203,4.27205166159203,0.17940165912018602,1346.1795022639442,run,0.11184205096511327,0.5,-0.0029761567379708925,0.001953125
17.580000798999663,0.0,-4.27205166159203,4.27205166159203,0.18093620672714236,1345.7191379818573,run,0.11184205096511327,0.5,-0.0023623376951883573,0.001953125
17.600000652999825,0.0,-4.27205166159203,4.27205166159203,0.1815500257699249,1345.5349922690225,run,0.11184205096511327,0.5,-0.002116810078075343,0.001953125
17.620000895999965,0.0,-4.271154605527556,4.271154605527556,0.1817720685141878,1345.4683794457437,run,0.11181856609226318,0.5,-0.0020185990312301372,0.001953125
17.64000100899966,0.0,-4.271154605527556,4.271154605527556,0.18187027956103302,1345.4389161316901,run,0.11181856609226318,0.5,-0.0019793146124920547,0.001953125
17.66000114100052,0.0,-4.267976470847714,4.267976470847714,0.1847560481084185,1344.5731855674744,run,0.11173536272091059,0.5,-0.0007917258449968219,0.0
17.680000660999667,0.0,-4.267976470847714,4.267976470847714,0.18594363687591375,1344.216908937226,run,0.11173536272091059,0.5,-0.0003166903379987288,0.0
17.70000105200006,0.0,-4.257373379378862,4.257373379378862,0.18614108409737948,1344.1576747707861,run,0.11145777443537822,0.5,-0.0001266761351994915,0.0
17.720001054000477,0.0,-4.257373379378862,4.257373379378862,0.18633109830017872,1344.1006705099464,run,0.11145777443537822,0.5,-5.0670454079796605e-05,0.0
17.74000109400049,0.0,-4.257373379378862,4.257373379378862,0.1864071039812984,1344.0778688056105,run,0.11145777443537822,0.5,-2.0268181631918642e-05,0.0
17.760001187999933,0.0,-4.253297651737427,4.253297651737427,0.1804714289536099,1345.858571313917,run,0.11135107213524181,0.5,-0.0023518572726527673,0.00390625
17.780000856999777,0.0,-4.253297651737427,4.253297651737427,0.17813983986258905,1346.5580480412232,run,0.11135107213524181,0.5,-0.0032844929090611067,0.00390625
17.80000071099994,0.0,-4.253297651737427,4.253297651737427,0.17720720422618072,1346.8378387321459,run,0.11135107213524181,0.5,-0.0036575471636244427,0.00390625
17.82000067600029,0.0,-4.235506751549565,4.235506751549565,0.1734386977938596,1347.968390661842,run,0.11088530745748403,0.5,-0.0049786438654497766,0.005859375
17.840000900000177,0.0,-4.235506751549565,4.235506751549565,0.17211760109203425,1348.3647196723898,run,0.11088530745748403,0.5,-0.00550708254617991,0.005859375
17.860000809999747,0.0,-4.221725987993011,4.221725987993011,0.17122838286505307,1348.631485140484,run,0.11052452791123296,0.5,-0.0057184580184719645,0.005859375
17.88000075700029,0.0,-4.221725987993011,4.221725987993011,0.17101700739276102,1348.6948977821717,run,0.11052452791123296,0.5,-0.005803008207388785,0.005859375
17.900000998999985,0.0,-4.206383894413591,4.206383894413591,0.17053080213317923,1348.8407593600461,run,0.11012287284056801,0.5,-0.005836828282955514,0.005859375
17.9200010010004,0.0,-4.206383894413591,4.206383894413591,0.1734266695576125,1347.9719991327163,run,0.11012287284056801,0.5,-0.004678481313182206,0.00390625
17.940001078000478,0.0,-4.206383894413591,4.206383894413591,0.17458501652738578,1347.6244950417843,run,0.11012287284056801,0.5,-0.004215142525272882,0.00390625
17.96000078299994,0.0,-4.199791775426888,4.199791775426888,0.17780546154379334,1346.658361536862,run,0.10995029156906623,0.5,-0.0028579320101091528,0.001953125
17.98000098900002,0.0,-4.199791775426888,4.199791775426888,0.17916267205895708,1346.2511983823129,run,0.10995029156906623,0.5,-0.0023150478040436613,0.001953125
