t,ref,angle,err,u,pwm,state,P,I,D,gz
7.040002856228966e-07,0.0,0.009344434744747332,-0.009344434744747332,0.0,1500,idle,0.0,0.0,0.0,-0.001953125
0.020001084000341507,0.0,0.009344434744747332,-0.009344434744747332,0.0,1500,idle,0.0,0.0,0.0,-0.001953125
0.04000046500004828,0.0,0.009344434744747332,-0.009344434744747332,0.0,1500,idle,0.0,0.0,0.0,0.0
0.06000027100026273,0.0,0.009344434744747332,-0.009344434744747332,0.0,1500,idle,0.0,0.0,0.0,0.0
0.08000031900019167,0.0,0.009344434744747332,-0.009344434744747332,0.0,1500,idle,0.0,0.0,0.0,0.001953125
0.1000004219999937,0.0,0.009344434744747332,-0.009344434744747332,0.0,1500,idle,0.0,0.0,0.0,0.001953125
0.12000026600026104,0.0,0.011150034369762807,-0.011150034369762807,0.0,1500,idle,0.0,0.0,0.0,0.001953125
0.1400006840003698,0.0,0.011150034369762807,-0.011150034369762807,0.0,1500,idle,0.0,0.0,0.0,0.0
0.1600003620001189,0.0,0.011150034369762807,-0.011150034369762807,0.0,1500,idle,0.0,0.0,0.0,0.0
0.18000035400018533,0.0,0.011150034369762807,-0.011150034369762807,0.0,1500,idle,0.0,0.0,0.0,-0.001953125
0.20000032799998735,0.0,0.011150034369762807,-0.011150034369762807,0.0,1500,idle,0.0,0.0,0.0,-0.001953125
0.2200003010002547,0.0,0.007825557804693517,-0.007825557804693517,0.0,1500,idle,0.0,0.0,0.0,-0.001953125
0.240000331000374,0.0,0.007825557804693517,-0.007825557804693517,0.0,1500,idle,0.0,0.0,0.0,0.0
0.26000039700011257,0.0,0.007825557804693517,-0.007825557804693517,0.0,1500,idle,0.0,0.0,0.0,0.0
0.2800002779999886,0.0,0.00865864521011872,-0.00865864521011872,0.0,1500,idle,0.0,0.0,0.0,0.0
0.3000003070001185,0.0,0.00865864521011872,-0.00865864521011872,0.0,1500,idle,0.0,0.0,0.0,0.0
0.32000028100037525,0.0,0.010177653506161732,-0.010177653506161732,0.0,1500,idle,0.0,0.0,0.0,0.0
0.34000034700011383,0.0,0.010177653506161732,-0.010177653506161732,0.0,1500,idle,0.0,0.0,0.0,0.00390625
0.36000028400030715,0.0,0.010177653506161732,-0.010177653506161732,0.0,1500,idle,0.0,0.0,0.0,0.00390625
0.3800003680003101,0.0,0.01671018776875144,-0.01671018776875144,0.0,1500,idle,0.0,0.0,0.0,-0.001953125
0.4000003790001756,0.0,0.01671018776875144,-0.01671018776875144,0.0,1500,idle,0.0,0.0,0.0,-0.001953125
0.4200003160003689,0.0,0.00865864521011872,-0.00865864521011872,0.0,1500,idle,0.0,0.0,0.0,-0.001953125
0.44000041900017095,0.0,0.00865864521011872,-0.00865864521011872,0.0,1500,idle,0.0,0.0,0.0,0.0
0.460000392999973,0.0,0.00865864521011872,-0.00865864521011872,0.0,1500,idle,0.0,0.0,0.0,0.0
0.4800005150000288,0.0,0.00865864521011872,-0.00865864521011872,0.0,1500,idle,0.0,0.0,0.0,0.0
0.5000002660003702,0.0,0.00865864521011872,-0.00865864521011872,0.0,1500,idle,0.0,0.0,0.0,0.0
0.5200003510003626,0.0,0.00865864521011872,-0.00865864521011872,0.0,1500,idle,0.0,0.0,0.0,0.0
0.5400003800000377,0.0,0.00865864521011872,-0.00865864521011872,0.0,1500,idle,0.0,0.0,0.0,0.0
0.560000539000157,0.0,0.00865864521011872,-0.00865864521011872,0.0,1500,idle,0.0,0.0,0.0,0.0
0.5800004570000965,0.0,0.0062835676587553735,-0.0062835676587553735,0.0,1500,idle,0.0,0.0,0.0,0.0
0.600000375000036,0.0,0.0062835676587553735,-0.0062835676587553735,0.0,1500,idle,0.0,0.0,0.0,0.0
0.6200002929999755,0.0,0.0062835676587553735,-0.0062835676587553735,0.0,1500,idle,0.0,0.0,0.0,0.0
0.6400003970002217,0.0,0.0062835676587553735,-0.0062835676587553735,0.0,1500,idle,0.0,0.0,0.0,0.0
0.6600002780000978,0.0,0.0062835676587553735,-0.0062835676587553735,0.0,1500,idle,0.0,0.0,0.0,0.0
0.6800006590001431,0.0,0.0062835676587553735,-0.0062835676587553735,0.0,1500,idle,0.0,0.0,0.0,0.0
0.7000006690000191,0.0,0.0062835676587553735,-0.0062835676587553735,0.0,1500,idle,0.0,0.0,0.0,0.0
0.7200004020000961,0.0,0.0062835676587553735,-0.0062835676587553735,0.0,1500,idle,0.0,0.0,0.0,0.0
0.7400003760003528,0.0,0.0062835676587553735,-0.0062835676587553735,0.0,1500,idle,0.0,0.0,0.0,0.0
0.760000405000028,0.0,0.0062835676587553735,-0.0062835676587553735,0.0,1500,idle,0.0,0.0,0.0,0.0
0.7800003600000309,0.0,0.010177653506161732,-0.010177653506161732,0.0,1500,idle,0.0,0.0,0.0,0.0
0.8000003900001502,0.0,0.010177653506161732,-0.010177653506161732,0.0,1500,idle,0.0,0.0,0.0,0.0
0.8200003080000897,0.0,0.011011668757589632,-0.011011668757589632,0.0,1500,idle,0.0,0.0,0.0,0.0
0.840000467000209,0.0,0.011011668757589632,-0.011011668757589632,0.0,1500,idle,0.0,0.0,0.0,0.0
0.8600003110000216,0.0,0.011011668757589632,-0.011011668757589632,0.0,1500,idle,0.0,0.0,0.0,0.0
0.8800003579999611,0.0,0.011011668757589632,-0.011011668757589632,0.0,1500,idle,0.0,0.0,0.0,0.0
0.9000003500000275,0.0,0.011011668757589632,-0.011011668757589632,0.0,1500,idle,0.0,0.0,0.0,0.0
0.9200003430000834,0.0,0.012530012014451586,-0.012530012014451586,0.0,1500,idle,0.0,0.0,0.0,0.0
0.9400004090002767,0.0,0.012530012014451586,-0.012530012014451586,0.0,1500,idle,0.0,0.0,0.0,0.0
0.9600003270002162,0.0,0.012530012014451586,-0.012530012014451586,0.0,1500,idle,0.0,0.0,0.0,0.0
0.9800003010000182,0.0,0.012530012014451586,-0.012530012014451586,0.0,1500,idle,0.0,0.0,0.0,0.0
1.000000404000275,0.0,0.012530012014451586,-0.012530012014451586,0.0,1500,idle,0.0,0.0,0.0,0.0
1.0200003410000136,0.0,0.01668821997714076,-0.01668821997714076,0.0,1500,idle,0.0,0.0,0.0,0.0
1.0400002960000165,0.0,0.01668821997714076,-0.01668821997714076,0.0,1500,idle,0.0,0.0,0.0,0.0
1.0600003439999455,0.0,0.01668821997714076,-0.01668821997714076,0.0,1500,idle,0.0,0.0,0.0,0.0
1.0800003920003292,0.0,0.01668821997714076,-0.01668821997714076,0.0,1500,idle,0.0,0.0,0.0,0.0
1.1000002730002052,0.0,0.01668821997714076,-0.01668821997714076,0.0,1500,idle,0.0,0.0,0.0,0.0
1.1200002470000072,0.0,0.01668821997714076,-0.01668821997714076,0.0,1500,idle,0.0,0.0,0.0,0.0
1.1400003880003169,0.0,0.01668821997714076,-0.01668821997714076,0.0,1500,idle,0.0,0.0,0.0,0.0
1.1600003070002458,0.0,0.01668821997714076,-0.01668821997714076,0.0,1500,idle,0.0,0.0,0.0,0.0
1.1800004110000373,0.0,0.01668821997714076,-0.01668821997714076,0.0,1500,idle,0.0,0.0,0.0,0.0
1.2000004220003575,0.0,0.01668821997714076,-0.01668821997714076,0.0,1500,idle,0.0,0.0,0.0,0.0
1.2200004510000326,0.0,0.019063235685308655,-0.019063235685308655,0.0,1500,idle,0.0,0.0,0.0,0.0
1.240000352000152,0.0,0.019063235685308655,-0.019063235685308655,0.0,1500,idle,0.0,0.0,0.0,0.0
1.2600003440002183,0.0,0.019063235685308655,-0.019063235685308655,0.0,1500,idle,0.0,0.0,0.0,0.0
1.2800002630001472,0.0,0.02628013449478317,-0.02628013449478317,0.0,1500,idle,0.0,0.0,0.0,0.0
1.3000002920002771,0.0,0.02628013449478317,-0.02628013449478317,0.0,1500,idle,0.0,0.0,0.0,0.0
1.3200003960000686,0.0,0.02628013449478317,-0.02628013449478317,0.0,1500,idle,0.0,0.0,0.0,0.0
1.3400003700003253,0.0,0.02628013449478317,-0.02628013449478317,0.0,1500,idle,0.0,0.0,0.0,0.0
1.3600003450001168,0.0,0.02628013449478317,-0.02628013449478317,0.0,1500,idle,0.0,0.0,0.0,0.0
1.3800004110003101,0.0,0.02628013449478317,-0.02628013449478317,0.0,1500,idle,0.0,0.0,0.0,0.0
1.400000404000366,0.0,0.02628013449478317,-0.02628013449478317,0.0,1500,idle,0.0,0.0,0.0,0.0
1.4200002669999776,0.0,0.022956346285269547,-0.022956346285269547,0.0,1500,idle,0.0,0.0,0.0,0.0
1.4400002780002978,0.0,0.022956346285269547,-0.022956346285269547,0.0,1500,idle,0.0,0.0,0.0,0.0
1.4600004190001528,0.0,0.022956346285269547,-0.022956346285269547,0.0,1500,idle,0.0,0.0,0.0,0.0
1.4800005040001452,0.0,0.024739883309905508,-0.024739883309905508,0.0,1500,idle,0.0,0.0,0.0,0.0
1.500000404000275,0.0,0.024739883309905508,-0.024739883309905508,0.0,1500,idle,0.0,0.0,0.0,0.0
1.5200003410000136,0.0,0.024739883309905508,-0.024739883309905508,0.0,1500,idle,0.0,0.0,0.0,0.0
1.540000278000207,0.0,0.024739883309905508,-0.024739883309905508,0.0,1500,idle,0.0,0.0,0.0,0.0
1.560000864000358,0.0,0.024739883309905508,-0.024739883309905508,0.0,1500,idle,0.0,0.0,0.0,0.0
1.580000819000361,0.0,0.02863254227992229,-0.02863254227992229,0.0,1500,idle,0.0,0.0,0.0,0.0
1.6000008490000255,0.0,0.02863254227992229,-0.02863254227992229,0.0,1500,idle,0.0,0.0,0.0,0.0
1.6200004710003668,0.0,0.02863254227992229,-0.02863254227992229,0.0,1500,idle,0.0,0.0,0.0,0.0
1.6400006120002217,0.0,0.02863254227992229,-0.02863254227992229,0.0,1500,idle,0.0,0.0,0.0,0.0
1.6600004199999603,0.0,0.02863254227992229,-0.02863254227992229,0.0,1500,idle,0.0,0.0,0.0,0.0
1.6800002459999632,0.0,0.02863254227992229,-0.02863254227992229,0.0,1500,idle,0.0,0.0,0.0,0.0
1.70000034900022,0.0,0.02863254227992229,-0.02863254227992229,0.0,1500,idle,0.0,0.0,0.0,0.0
1.720000361000075,0.0,0.02863254227992229,-0.02863254227992229,0.0,1500,idle,0.0,0.0,0.0,0.0
1.7400003350003317,0.0,0.02863254227992229,-0.02863254227992229,0.0,1500,idle,0.0,0.0,0.0,0.0
1.760000420000324,0.0,0.02863254227992229,-0.02863254227992229,0.0,1500,idle,0.0,0.0,0.0,0.0
1.7800002640001367,0.0,0.02863254227992229,-0.02863254227992229,0.0,1500,idle,0.0,0.0,0.0,0.0
1.8000002570001925,0.0,0.02863254227992229,-0.02863254227992229,0.0,1500,idle,0.0,0.0,0.0,0.0
1.8200002500002483,0.0,0.032791439781846066,-0.032791439781846066,0.0,1500,idle,0.0,0.0,0.0,0.0
1.8400005200001033,0.0,0.032791439781846066,-0.032791439781846066,0.0,1500,idle,0.0,0.0,0.0,0.0
1.8600003090000428,0.0,0.032791439781846066,-0.032791439781846066,0.0,1500,idle,0.0,0.0,0.0,0.0
1.880000320000363,0.0,0.02863254227992229,-0.02863254227992229,0.0,1500,idle,0.0,0.0,0.0,0.0
1.900000312999964,0.0,0.02863254227992229,-0.02863254227992229,0.0,1500,idle,0.0,0.0,0.0,0.0
1.9200003800001468,0.0,0.02863254227992229,-0.02863254227992229,0.0,1500,idle,0.0,0.0,0.0,0.0
1.9400003539999489,0.0,0.02863254227992229,-0.02863254227992229,0.0,1500,idle,0.0,0.0,0.0,0.0
1.9600004210001316,0.0,0.02863254227992229,-0.02863254227992229,0.0,1500,idle,0.0,0.0,0.0,0.0
1.980000339000071,0.0,0.02863254227992229,-0.02863254227992229,0.0,1500,idle,0.0,0.0,0.0,0.0
2.0000004240000635,-60.0,0.02863254227992229,-60.02863254227992,-3.1430918499977967,1670,kick,-3.1430918499977967,0.0,0.0,0.0
2.0200003990003097,-60.0,0.02863254227992229,-60.02863254227992,-3.1430918499977967,1670,kick,-3.1430918499977967,0.0,0.0,0.0
2.040000391000376,-60.0,0.02863254227992229,-60.02863254227992,-3.1430918499977967,1670,kick,-3.1430918499977967,0.0,0.0,0.0
2.0600003280001147,-60.0,0.02863254227992229,-60.02863254227992,-3.1430918499977967,1670,kick,-3.1430918499977967,0.0,0.0,0.0
2.0800002470000436,-60.0,0.02863254227992229,-60.02863254227992,-3.1430918499977967,1670,kick,-3.1430918499977967,0.0,0.0,0.0
2.100000741000258,-60.0,0.02863254227992229,-60.02863254227992,-3.1430918499977967,1670,kick,-3.1430918499977967,0.0,0.0,0.0
2.120000863000314,-60.0,0.03192497735099664,-60.031924977351,-3.143264241494992,1670,kick,-3.143264241494992,0.0,0.0,0.0
2.1400003749999996,-60.0,0.03192497735099664,-60.031924977351,-3.143264241494992,1670,kick,-3.143264241494992,0.0,0.0,0.0
2.160000479000246,-60.0,0.03192497735099664,-60.031924977351,-3.143264241494992,1670,kick,-3.143264241494992,0.0,0.0,0.0
2.180000380000365,-60.0,0.0018135871748938825,-60.001813587174894,-3.124109487792215,1670,kick,-3.141687612792215,0.0,0.007031249999999999,-0.01171875
2.200000354000167,-60.0,0.0018135871748938825,-60.001813587174894,-3.117078237792215,1670,kick,-3.141687612792215,0.0,0.009843749999999998,-0.01171875
2.2200004220003393,-60.0,-0.033826039635869165,-59.96617396036413,-3.112399651296125,1670,kick,-3.139821526296125,0.0,0.01096875,-0.01171875
2.240000304000205,-60.0,-0.033826039635869165,-59.96617396036413,-3.102485588796125,1670,kick,-3.139821526296125,0.0,0.014934375,-0.017578125
2.260000370999933,-60.0,-0.033826039635869165,-59.96617396036413,-3.0985199637961247,1670,kick,-3.139821526296125,0.0,0.016520624999999997,-0.017578125
2.28000032700038,-60.0,-0.07591467579317168,-59.92408532420683,-3.1005893329602685,1670,kick,-3.1376177704602686,0.0,0.014811375,-0.013671875
2.3000002640001185,-60.0,-0.07591467579317168,-59.92408532420683,-3.1022985829602687,1670,kick,-3.1376177704602686,0.0,0.014127675000000001,-0.013671875
2.3200003870001638,-60.0,-0.11716514854757065,-59.88283485145243,-3.100822413257563,1670,kick,-3.135457900757563,0.0,0.013854195000000001,-0.013671875
2.3400003990000187,-60.0,-0.11716514854757065,-59.88283485145243,-3.086447455757563,1670,kick,-3.135457900757563,0.0,0.019604178,-0.0234375
2.360000410000339,-60.0,-0.11716514854757065,-59.88283485145243,-3.080697472757563,1670,kick,-3.135457900757563,0.0,0.0219041712,-0.0234375
2.38000027399994,-60.0,-0.16960585737436418,-59.830394142625636,-3.0697923154642415,1670,kick,-3.1327121116642416,0.0,0.025167918480000002,-0.02734375
2.4000002860002496,-60.0,-0.16960585737436418,-59.830394142625636,-3.066528568184242,1670,kick,-3.1327121116642416,0.0,0.026473417392,-0.02734375
2.420000297000115,-60.0,-0.23461167009878636,-59.765388329901214,-3.061819372877314,1670,kick,-3.129308415269314,0.0,0.0269956169568,-0.02734375
2.4400003460000335,-60.0,-0.23461167009878636,-59.765388329901214,-3.061297173312514,1670,kick,-3.129308415269314,0.0,0.02720449678272,-0.02734375
2.460000358000343,-60.0,-0.23461167009878636,-59.765388329901214,-3.061088293486594,1670,kick,-3.129308415269314,0.0,0.027288048713088,-0.02734375
2.4800005360002615,-60.0,-0.2929218574325603,-59.70707814256744,-3.0433031897869385,1670,kick,-3.1262553010000267,0.0,0.0331808444852352,-0.037109375
2.500000325000201,-60.0,-0.2929218574325603,-59.70707814256744,-3.0374103940147914,1695.0,run,-3.1262553010000267,0.0,0.03553796279409408,-0.037109375
2.5200002810001934,-60.0,-0.377206140695705,-59.622793859304295,-3.0306401609540563,1720.0,run,-3.1218421862481502,0.0,0.03648081011763764,-0.037109375
2.5400003300001117,-60.0,-0.377206140695705,-59.622793859304295,-3.0267676261305128,1745.0,run,-3.1218421862481502,0.0,0.03802982404705506,-0.0390625
2.5600004160000935,-60.0,-0.377206140695705,-59.622793859304295,-3.0252186122010953,1770.0,run,-3.1218421862481502,0.0,0.03864942961882202,-0.0390625
2.580000372000086,-60.0,-0.46799709214710106,-59.5320029078529,-3.0022670785277925,1795.0,run,-3.1170883831466147,0.0,0.04592852184752881,-0.05078125
2.600000643000385,-60.0,-0.46799709214710106,-59.5320029078529,-2.994987986299086,1820.0,run,-3.1170883831466147,0.0,0.04884015873901153,-0.05078125
2.62000078400024,-60.0,-0.602709473966712,-59.39729052603329,-2.985022825589735,1845.0,run,-3.1100348593287466,0.0,0.05000481349560461,-0.05078125
2.6400002960003803,-60.0,-0.602709473966712,-59.39729052603329,-2.939912858333142,1870.0,run,-3.1100348593287466,0.0,0.06804880039824185,-0.080078125
2.6600002889999814,-60.0,-0.602709473966712,-59.39729052603329,-2.9218688714305046,1895.0,run,-3.1100348593287466,0.0,0.07526639515929673,-0.080078125
2.6800002820000373,-60.0,-0.8552623647825328,-59.14473763521747,-2.8135370132289523,1900.0,run,-3.0968112208882492,0.0,0.11330968306371869,-0.138671875
2.700000275000093,-60.0,-0.8552623647825328,-59.14473763521747,-2.7754937253245306,1900.0,run,-3.0968112208882492,0.0,0.12852699822548747,-0.138671875
2.7200003240000115,-60.0,-1.2977711249141919,-58.70222887508581,-2.7371067056631158,1900.0,run,-3.0736415163886033,0.0,0.13461392429019498,-0.138671875
2.7400003540001308,-60.0,-1.2977711249141919,-58.70222887508581,-2.6167619670984084,1900.0,run,-3.0736415163886033,0.0,0.18275181971607798,-0.21484375
2.7600003470001866,-60.0,-1.2977711249141919,-58.70222887508581,-2.5686240716725255,1900.0,run,-3.0736415163886033,0.0,0.20200697788643118,-0.21484375
2.780000396000105,-60.0,-1.9605125877891396,-58.03948741221086,-2.3769725391522174,1900.0,run,-3.0389404545386487,0.0,0.2647871661545725,-0.306640625
2.8000011670001186,-60.0,-1.9605125877891396,-58.03948741221086,-2.3141923508840763,1900.0,run,-3.0389404545386487,0.0,0.289899241461829,-0.306640625
2.8200012150000475,-60.0,-2.880509351690961,-57.11949064830904,-2.240909357663481,1900.0,run,-2.9907695366253098,0.0,0.2999440715847316,-0.306640625
2.840000894000241,-60.0,-2.880509351690961,-57.11949064830904,-2.1136770275405783,1900.0,run,-2.9907695366253098,0.0,0.3508370036338926,-0.384765625
2.860000960999969,-60.0,-2.880509351690961,-57.11949064830904,-2.062784095491417,1900.0,run,-2.9907695366253098,0.0,0.371194176453557,-0.384765625
2.8800009730002785,-60.0,-4.0365111211292515,-55.96348887887075,-1.8559222490650167,1900.0,run,-2.930241425518574,0.0,0.4297276705814228,-0.46875
2.9000009660003343,-60.0,-4.0365111211292515,-55.96348887887075,-1.7973887549371508,1900.0,run,-2.930241425518574,0.0,0.45314106823256917,-0.46875
2.920000995999999,-60.0,-5.440303841734419,-54.55969615826558,-1.7004729423157374,1900.0,run,-2.856739010548307,0.0,0.4625064272930277,-0.46875
2.9400010819999807,-60.0,-5.440303841734419,-54.55969615826558,-1.559271645755279,1900.0,run,-2.856739010548307,0.0,0.5189869459172111,-0.556640625
2.960000890000174,-60.0,-5.440303841734419,-54.55969615826558,-1.5027911271310956,1900.0,run,-2.856739010548307,0.0,0.5415791533668844,-0.556640625
2.9800008270003673,-60.0,-7.073079334554848,-52.92692066544515,-1.2804491822946535,1900.0,run,-2.771247085661538,0.0,0.5963191613467538,-0.6328125
3.000000857000032,-60.0,-7.073079334554848,-52.92692066544515,-1.2257091743147843,1900.0,run,-2.771247085661538,0.0,0.6182151645387015,-0.6328125
3.0200008500000877,-60.0,-8.936714020757819,-51.06328597924218,-1.1062334871369972,1900.0,run,-2.673667401675699,0.0,0.6269735658154807,-0.6328125
3.0400008810001964,-60.0,-8.936714020757819,-51.06328597924218,-0.9685688358602185,1891.9850531443558,run,-2.673667401675699,0.0,0.6820394263261922,-0.71875
3.060000670000136,-60.0,-8.936714020757819,-51.06328597924218,-0.9135029753495068,1877.943258714124,run,-2.673667401675699,0.0,0.7040657705304769,-0.71875
3.0800009780000437,-60.0,-11.041666232421107,-48.95833376757889,-0.6582147160732386,1852.943258714124,run,-2.5634523616037157,0.0,0.7620950582121908,-0.80078125
3.100000676000036,-60.0,-11.041666232421107,-48.95833376757889,-0.6001854283915247,1827.943258714124,run,-2.5634523616037157,0.0,0.7853067732848764,-0.80078125
3.120001040000261,-60.0,-13.372823680379355,-46.627176319620645,-0.34065678227106044,1802.943258714124,run,-2.441393243055937,0.0,0.8402945843139505,-0.876953125
3.140000977999989,-60.0,-13.372823680379355,-46.627176319620645,-0.2856689712419862,1777.943258714124,run,-2.441393243055937,0.0,0.8622897087255802,-0.876953125
3.1600010080001084,-60.0,-13.372823680379355,-46.627176319620645,-0.2636738468303568,1752.943258714124,run,-2.441393243055937,0.0,0.8710877584902321,-0.876953125
3.1800007060001008,-60.0,-15.902363107724597,-44.0976368922754,-0.03453879736714516,1500,idle,-2.3089468683573773,0.0,0.9097632283960928,-0.935546875
3.2000009400003364,-60.0,-15.902363107724597,-44.0976368922754,0.0041366725387153025,1500,idle,-2.3089468683573773,0.0,0.925233416358437,-0.935546875
3.2200008780000644,-60.0,-18.589512120931147,-41.41048787906885,0.20132127881757267,1500,idle,-2.1682480750408644,0.0,0.9478277415433749,-0.962890625
3.2400007240003106,-60.0,-18.589512120931147,-41.41048787906885,0.22391560400251054,1500,idle,-2.1682480750408644,0.0,0.95686547161735,-0.962890625
3.260000680000303,-60.0,-18.589512120931147,-41.41048787906885,0.23295333407648577,1500,idle,-2.1682480750408644,0.0,0.96048056364694,-0.962890625
3.2800011180002,-60.0,-21.326133111644225,-38.673866888355775,0.36520912860747234,1500,dwell,-2.024958935039468,0.0,0.9560672254587761,-0.953125
3.3000009450001926,-60.0,-21.326133111644225,-38.673866888355775,0.3607957904193082,1500,dwell,-2.024958935039468,0.0,0.9543018901835105,-0.953125
3.320000939000238,-60.0,-24.02824171266181,-35.97175828733819,0.5005125306466871,1500,dwell,-1.8834768595368239,0.0,0.9535957560734043,-0.953125
3.3400010990003466,-60.0,-24.02824171266181,-35.97175828733819,0.49980639653658043,1500,dwell,-1.8834768595368239,0.0,0.9533133024293617,-0.953125
3.360000759000286,-60.0,-24.02824171266181,-35.97175828733819,0.4995239428925382,1500,dwell,-1.8834768595368239,0.0,0.9532003209717448,-0.953125
3.38000114200031,-60.0,-26.729959617112456,-33.270040382887544,0.6467319551131574,1500,dwell,-1.7420152408585876,0.0,0.955498878388698,-0.95703125
3.4000008950001757,-60.0,-26.729959617112456,-33.270040382887544,0.6490305125301106,1500,dwell,-1.7420152408585876,0.0,0.9564183013554792,-0.95703125
3.4200008330003584,-60.0,-29.46564053869639,-30.53435946130361,0.7931898535937891,1500,dwell,-1.5987753227616903,0.0,0.9567860705421918,-0.95703125
3.4400006969999595,-60.0,-29.46564053869639,-30.53435946130361,0.7935576227805015,1380,kick,-1.5987753227616903,0.0,0.9569331782168767,-0.95703125
3.4600008940001317,-60.0,-29.46564053869639,-30.53435946130361,0.7937047304551863,1380,kick,-1.5987753227616903,0.0,0.9569920212867506,-0.95703125
3.4800010540002404,-60.0,-32.19206259752815,-27.80793740247185,0.9423780737019107,1380,kick,-1.45602019758484,0.0,0.9593593085147003,-0.9609375
3.5000008810002328,-60.0,-32.19206259752815,-27.80793740247185,0.9447453609298602,1380,kick,-1.45602019758484,0.0,0.9603062234058801,-0.9609375
3.520000653000352,-60.0,-34.90660437435656,-25.09339562564344,1.0761066008868188,1380,kick,-1.3138871225190614,0.0,0.9559974893623521,-0.953125
3.5400010910002493,-60.0,-34.90660437435656,-25.09339562564344,1.071797866843291,1355.0,run,-1.3138871225190614,0.0,0.9542739957449409,-0.953125
3.5600011210003686,-60.0,-34.90660437435656,-25.09339562564344,1.0700743732258795,1330.0,run,-1.3138871225190614,0.0,0.9535845982979764,-0.953125
3.5800009110002975,-60.0,-37.61314414085086,-22.386855859149136,1.1993803165633672,1305.0,run,-1.172173031734609,0.0,0.9486213393191905,-0.9453125
3.600000757000089,-60.0,-37.61314414085086,-22.386855859149136,1.1944170575845816,1280.0,run,-1.172173031734609,0.0,0.9466360357276762,-0.9453125
3.620000787000208,-60.0,-40.287318837477216,-19.712681162522784,1.2972949636820181,1255.0,run,-1.032153572045658,0.0,0.9317794142910705,-0.921875
3.6400007810002535,-60.0,-40.287318837477216,-19.712681162522784,1.2824383422454124,1230.0,run,-1.032153572045658,0.0,0.9258367657164281,-0.921875
3.660000977999971,-60.0,-40.287318837477216,-19.712681162522784,1.2764956936707703,1205.0,run,-1.032153572045658,0.0,0.9234597062865713,-0.921875
3.6800007680003546,-60.0,-42.856567406531894,-17.143432593468106,1.3266129247373843,1180.0,run,-0.8976280315491869,0.0,0.8896963825146285,-0.8671875
3.7000010950000615,-60.0,-42.856567406531894,-17.143432593468106,1.2928496009654418,1155.0,run,-0.8976280315491869,0.0,0.8761910530058514,-0.8671875
3.7200008480003817,-60.0,-45.21579392259957,-14.784206077400427,1.2036543329738725,1130.0,run,-0.7740992200319792,0.0,0.7911014212023406,-0.734375
3.740000952000173,-60.0,-45.21579392259957,-14.784206077400427,1.1185647011703612,1105.0,run,-0.7740992200319792,0.0,0.7570655684809362,-0.734375
3.760001076000208,-60.0,-45.21579392259957,-14.784206077400427,1.0845288484489573,1100.0,run,-0.7740992200319792,0.0,0.7434512273923746,-0.734375
3.7800007170003482,-60.0,-47.1103644342073,-12.889635565792702,0.8156217998766401,1125.0,run,-0.6748997400157345,0.0,0.5962086159569499,-0.498046875
3.8000007109999387,-60.0,-47.1103644342073,-12.889635565792702,0.6683791884412155,1150.0,run,-0.6748997400157345,0.0,0.53731157138278,-0.498046875
3.8200006490001215,-60.0,-48.24610914940803,-11.753890850591972,0.18848084809417953,1175.0,run,-0.6154322857886004,0.0,0.321565253553112,-0.177734375
3.840000995000082,-60.0,-48.24610914940803,-11.753890850591972,-0.02726546973548849,1500,idle,-0.6154322857886004,0.0,0.2352667264212448,-0.177734375
3.8600007290001486,-60.0,-48.24610914940803,-11.753890850591972,-0.11356399686735563,1500,idle,-0.6154322857886004,0.0,0.20074731556849792,-0.177734375
3.880000999999993,-60.0,-48.45979118008714,-11.540208819912863,-0.5909966052570085,1500,dwell,-0.6042439208255064,0.0,0.005298926227399178,0.125
3.9000012530000276,-60.0,-48.45979118008714,-11.540208819912863,-0.7864449945981071,1500,dwell,-0.6042439208255064,0.0,-0.07288042950904032,0.125
3.92000108000002,-60.0,-47.95071046829929,-12.049289531700708,-1.0553422540718294,1500,dwell,-0.6308993245627891,0.0,-0.16977717180361612,0.234375
3.9400008140000864,-60.0,-47.95071046829929,-12.049289531700708,-1.1522389963664053,1500,dwell,-0.6308993245627891,0.0,-0.20853586872144647,0.234375
3.960000938000121,-60.0,-47.95071046829929,-12.049289531700708,-1.1909976932842357,1500,dwell,-0.6308993245627891,0.0,-0.2240393474885786,0.234375
3.9800010610001664,-60.0,-47.24400621427566,-12.755993785724343,-1.2757306827630561,1500,dwell,-0.6679022727744774,0.0,-0.24313136399543145,0.255859375
4.000000905999968,-60.0,-47.24400621427566,-12.755993785724343,-1.294822699269909,1500,dwell,-0.6679022727744774,0.0,-0.2507681705981726,0.255859375
4.020000732999961,-60.0,-46.49938871610183,-13.500611283898166,-1.3473069619059383,1500,dwell,-0.7068903538077658,0.0,-0.256166643239269,0.259765625
4.040000782000334,-60.0,-46.49938871610183,-13.500611283898166,-1.3527054345470348,1670,kick,-0.7068903538077658,0.0,-0.2583260322957076,0.259765625
4.060000795000178,-60.0,-46.49938871610183,-13.500611283898166,-1.3548648236034735,1670,kick,-0.7068903538077658,0.0,-0.25918978791828307,0.259765625
4.08000075200016,-60.0,-45.73383002669502,-14.266169973304983,-1.3958131384682537,1670,kick,-0.7469749130499705,0.0,-0.25953529016731325,0.259765625
4.100001005000195,-60.0,-45.73383002669502,-14.266169973304983,-1.3961586407172837,1670,kick,-0.7469749130499705,0.0,-0.2596734910669253,0.259765625
4.12000099900024,-60.0,-45.011094397026085,-14.988905602973915,-1.3931235656944878,1670,kick,-0.7848172621275624,0.0,-0.2433225214267701,0.232421875
4.140001104000021,-60.0,-45.011094397026085,-14.988905602973915,-1.3767725960543324,1670,kick,-0.7848172621275624,0.0,-0.23678213357070804,0.232421875
4.1600009870003305,-60.0,-44.37347116620444,-15.626528833795561,-1.403618082493395,1670,kick,-0.8182031364226869,0.0,-0.2341659784282832,0.232421875
4.180000778000249,-60.0,-44.37347116620444,-15.626528833795561,-1.3482675523509702,1670,kick,-0.8182031364226869,0.0,-0.21202576637131326,0.197265625
4.200000715999977,-60.0,-44.37347116620444,-15.626528833795561,-1.3261273402940001,1670,kick,-0.8182031364226869,0.0,-0.2031696815485253,0.197265625
4.220000931999948,-60.0,-43.84441538857419,-16.15558461142581,-1.2834491137102526,1670,kick,-0.8459044321617273,0.0,-0.17501787261941013,0.15625
4.240001019000374,-60.0,-43.84441538857419,-16.15558461142581,-1.2552973047811373,1670,kick,-0.8459044321617273,0.0,-0.16375714904776406,0.15625
4.260001161000218,-60.0,-43.4171683782244,-16.582831621775597,-1.2664071823592096,1670,kick,-0.8682750333114455,0.0,-0.15925285961910562,0.15625
4.280001303000063,-60.0,-43.4171683782244,-16.582831621775597,-1.2062388304305511,1670,kick,-0.8682750333114455,0.0,-0.13518551884764224,0.119140625
4.300000779000129,-60.0,-43.4171683782244,-16.582831621775597,-1.1821714896590878,1670,kick,-0.8682750333114455,0.0,-0.12555858253905688,0.119140625
4.320000680000248,-60.0,-43.114943437701356,-16.885056562298644,-1.129775264231816,1670,kick,-0.8840994941927591,0.0,-0.09827030801562275,0.080078125
4.340000952000082,-60.0,-43.114943437701356,-16.885056562298644,-1.1024869897083818,1670,kick,-0.8840994941927591,0.0,-0.08735499820624909,0.080078125
4.3600007430000005,-60.0,-42.9346081938113,-17.0653918061887,-1.1010140111888136,1670,kick,-0.8935418254825646,0.0,-0.08298887428249963,0.080078125
4.380000737000046,-60.0,-42.9346081938113,-17.0653918061887,-1.0351244497650642,1670,kick,-0.8935418254825646,0.0,-0.05663304971299985,0.0390625
4.400001027000144,-60.0,-42.9346081938113,-17.0653918061887,-1.0087686251955643,1670,kick,-0.8935418254825646,0.0,-0.04609071988519994,0.0390625
4.42000113200038,-60.0,-42.86223864201236,-17.137761357987642,-0.9317030562390168,1670,kick,-0.8973310863538169,0.0,-0.013748787954079977,-0.0078125
4.440000866999981,-60.0,-42.86223864201236,-17.137761357987642,-0.8993611243078968,1670,kick,-0.8973310863538169,0.0,-0.0008120151816319908,-0.0078125
4.460000713000227,-60.0,-42.90083407851955,-17.09916592148045,-0.884403499205564,1670,kick,-0.8953102340239321,0.0,0.004362693927347203,-0.0078125
4.480000800000198,-60.0,-42.90083407851955,-17.09916592148045,-0.8382131650965848,1670,kick,-0.8953102340239321,0.0,0.02283882757093888,-0.03515625
4.500001072000032,-60.0,-42.90083407851955,-17.09916592148045,-0.8197370314529931,1670,kick,-0.8953102340239321,0.0,0.03022928102837555,-0.03515625
4.520000695000363,-60.0,-43.033508617244536,-16.966491382755464,-0.7673138178926096,1670,kick,-0.8883634114209851,0.0,0.04841983741135022,-0.060546875
4.5400008000001435,-60.0,-43.033508617244536,-16.966491382755464,-0.7491232615096348,1695.0,run,-0.8883634114209851,0.0,0.055696059964540086,-0.060546875
4.5600013500002206,-60.0,-43.22605296222039,-16.773947037779607,-0.7317654406286714,1720.0,run,-0.8782818130932115,0.0,0.058606548985816034,-0.060546875
4.580001048000213,-60.0,-43.22605296222039,-16.773947037779607,-0.6966283891073954,1745.0,run,-0.8782818130932115,0.0,0.07266136959432641,-0.08203125
4.600000838000142,-60.0,-43.22605296222039,-16.773947037779607,-0.6825735684988851,1770.0,run,-0.8782818130932115,0.0,0.07828329783773057,-0.08203125
4.620000795000124,-60.0,-43.47074287787569,-16.529257122124307,-0.6260537687316441,1795.0,run,-0.8654698790693747,0.0,0.09576644413509222,-0.107421875
4.640000919000158,-60.0,-43.47074287787569,-16.529257122124307,-0.6085706224342824,1800.185508720742,run,-0.8654698790693747,0.0,0.10275970265403689,-0.107421875
4.660000950000267,-60.0,-43.82250316557608,-16.17749683442392,-0.5831592383209351,1793.7056057718385,run,-0.847051753474972,0.0,0.10555700606161475,-0.107421875
4.680001129000175,-60.0,-43.82250316557608,-16.17749683442392,-0.5129791224133572,1775.809676215406,run,-0.847051753474972,0.0,0.1336290524246459,-0.15234375
4.700000827000167,-60.0,-43.82250316557608,-16.17749683442392,-0.48490707605032607,1768.651304392833,run,-0.847051753474972,0.0,0.14485787096985836,-0.15234375
4.720000877000075,-60.0,-44.3050731323377,-15.694926867662303,-0.3693093906314243,1743.651304392833,run,-0.8217844491012827,0.0,0.18099002338794334,-0.205078125
4.740000796999993,-60.0,-44.3050731323377,-15.694926867662303,-0.33317723821333933,1729.9601957444015,run,-0.8217844491012827,0.0,0.19544288435517734,-0.205078125
4.760000920000039,-60.0,-44.94583660084018,-15.054163399159819,-0.2851740804905032,1717.7193905250783,run,-0.7882341523456806,0.0,0.20122402874207096,-0.205078125
4.780000969999946,-60.0,-44.94583660084018,-15.054163399159819,-0.2061507486036097,1697.5684408939205,run,-0.7882341523456806,0.0,0.23283336149682837,-0.25390625
4.800000796999939,-60.0,-44.94583660084018,-15.054163399159819,-0.1745414158488523,1689.5080610414573,run,-0.7882341523456806,0.0,0.24547709459873135,-0.25390625
4.820001050999963,-60.0,-45.70362947423183,-14.296370525768168,-0.07534474068045072,1664.5080610414573,run,-0.7485562102791821,0.0,0.26928458783949255,-0.28515625
4.840000915000019,-60.0,-45.70362947423183,-14.296370525768168,-0.05153724743968957,1500,idle,-0.7485562102791821,0.0,0.278807585135797,-0.28515625
4.860000928000318,-60.0,-46.551755915686726,-13.448244084313274,0.0023935464864472955,1500,idle,-0.7041484136493497,0.0,0.2826167840543188,-0.28515625
4.880000718000247,-60.0,-46.551755915686726,-13.448244084313274,0.03549962040496912,1500,idle,-0.7041484136493497,0.0,0.2958592136217275,-0.3046875
4.9000009900000805,-60.0,-46.551755915686726,-13.448244084313274,0.048742049972377854,1500,idle,-0.7041484136493497,0.0,0.301156185448691,-0.3046875
4.920001039999988,-60.0,-47.44286737058019,-12.557132629419812,0.10362719596972503,1500,idle,-0.657489926978966,0.0,0.3044468491794764,-0.306640625
4.940001052000298,-60.0,-47.44286737058019,-12.557132629419812,0.10691785970051038,1500,idle,-0.657489926978966,0.0,0.30576311467179057,-0.306640625
4.960000898000089,-60.0,-48.34387748152943,-11.656122518470568,0.15541090428229576,1500,idle,-0.6103131478894949,0.0,0.30628962086871625,-0.306640625
4.980000947999997,-60.0,-48.34387748152943,-11.656122518470568,0.16472647297922138,1500,idle,-0.6103131478894949,0.0,0.3100158483474865,-0.3125
5.000000904999979,-60.0,-48.34387748152943,-11.656122518470568,0.16845270045799177,1500,idle,-0.6103131478894949,0.0,0.31150633933899463,-0.3125
5.020001103000141,-60.0,-49.26166204195093,-10.738337958049073,0.22678734115947152,1500,idle,-0.5622580606795231,0.0,0.31561816073559784,-0.318359375
5.040001041000323,-60.0,-49.26166204195093,-10.738337958049073,0.23089916255607468,1500,idle,-0.5622580606795231,0.0,0.3172628892942391,-0.318359375
5.060001387000284,-60.0,-50.193005789647344,-9.806994210352656,0.28028194967804543,1500,idle,-0.5134930160840256,-0.003423286773893504,0.31792078071769564,-0.318359375
5.080000956000276,-60.0,-50.193005789647344,-9.806994210352656,0.27991285506933394,1500,idle,-0.5134930160840256,-0.006846573547787008,0.3181839372870783,-0.318359375
5.100000894999994,-60.0,-50.193005789647344,-9.806994210352656,0.27914902560654853,1500,idle,-0.5134930160840256,-0.010269860321680513,0.3182891999148313,-0.318359375
5.120001000000229,-60.0,-51.120441326684784,-8.879558673315216,0.32688483418837677,1500,idle,-0.46493260492011024,-0.013369411021147914,0.31833130496593254,-0.318359375
5.140001087000201,-60.0,-51.120441326684784,-8.879558673315216,0.3259970740296378,1500,idle,-0.46493260492011024,-0.016468961720615315,0.31834814698637304,-0.318359375
5.160001082000235,-60.0,-52.04602247151564,-7.953977528484359,0.37364429288609907,1500,dwell,-0.41646928950507933,-0.019245423650649178,0.31835488379454924,-0.318359375
5.180000817000291,-60.0,-52.04602247151564,-7.953977528484359,0.3698884036152651,1500,dwell,-0.41646928950507933,-0.02202188558068304,0.3171857035178197,-0.31640625
5.2000006270000085,-60.0,-52.04602247151564,-7.953977528484359,0.36788628475952534,1500,dwell,-0.41646928950507933,-0.024798347510716905,0.3167180314071279,-0.31640625
5.220001010000033,-60.0,-52.970949546426056,-7.029050453573944,0.4092522256006926,1500,dwell,-0.36804022111099843,-0.027251948984790227,0.3141872125628512,-0.3125
5.2400007450000885,-60.0,-52.970949546426056,-7.029050453573944,0.4059853263141936,1500,dwell,-0.36804022111099843,-0.02970555045886355,0.31317488502514046,-0.3125
5.26000070300006,-60.0,-53.88824786518555,-6.111752134814452,0.45236260524565797,1500,dwell,-0.3200105934549136,-0.03183895441522964,0.3127699540100562,-0.3125
5.280001068000274,-60.0,-53.88824786518555,-6.111752134814452,0.4513176530436638,1500,dwell,-0.3200105934549136,-0.03397235837159573,0.3126079816040225,-0.3125
5.300001025000256,-60.0,-53.88824786518555,-6.111752134814452,0.4505156594507204,1500,dwell,-0.3200105934549136,-0.03610576232796182,0.312543192641609,-0.3125
5.3200010380001,-60.0,-54.7915102032882,-5.2084897967118025,0.4942704566397125,1380,kick,-0.2727158880274532,-0.03792386824814484,0.3113454020566436,-0.310546875
5.340000866000082,-60.0,-54.7915102032882,-5.2084897967118025,0.49252723427869194,1380,kick,-0.2727158880274532,-0.03974197416832786,0.3108662858226574,-0.310546875
5.360000953000053,-60.0,-55.69256456507176,-4.307435434928237,0.5387761405185044,1380,kick,-0.2255367919697151,-0.04124555278145929,0.3106746393290629,-0.310546875
5.380000892000226,-60.0,-55.69256456507176,-4.307435434928237,0.5322740454409706,1380,kick,-0.2255367919697151,-0.042749131394590724,0.30825423073162517,-0.306640625
5.400000960999932,-60.0,-55.69256456507176,-4.307435434928237,0.5294025632595935,1380,kick,-0.2255367919697151,-0.04425271000772216,0.30728606729265007,-0.306640625
5.420001233000221,-60.0,-56.58184242972945,-3.4181575702705516,0.5629201813070426,1355.0,run,-0.1789743118595717,-0.045445872086785966,0.30221130191706,-0.298828125
5.44000063500016,-60.0,-56.58184242972945,-3.4181575702705516,0.5574874673077335,1330.0,run,-0.1789743118595717,-0.046639034165849774,0.300181395766824,-0.298828125
5.460001055000248,-60.0,-57.43430013060389,-2.565699869396113,0.5998234625381834,1305.0,run,-0.13433973101685198,-0.04753463237262879,0.2993694333067296,-0.298828125
5.480001365000135,-60.0,-57.43430013060389,-2.565699869396113,0.5665162581160552,1280.0,run,-0.13433973101685198,-0.048430230579407804,0.28615402332269185,-0.27734375
5.500000730000011,-60.0,-57.43430013060389,-2.565699869396113,0.553032168669984,1255.0,run,-0.13433973101685198,-0.04932582878618682,0.28086785932907676,-0.27734375
5.5200006869999925,-60.0,-58.241926860428805,-1.758073139571195,0.5459038238753888,1236.2288528373833,run,-0.09205249432917349,-0.04993951208171464,0.2611752687316307,-0.248046875
5.540001182000196,-60.0,-58.241926860428805,-1.758073139571195,0.5260271282892844,1242.1918615132147,run,-0.09205249432917349,-0.05055319537724246,0.25329823249265226,-0.248046875
5.560001195000041,-60.0,-58.944991958762756,-1.0550080412372438,0.5548520143319339,1233.54439570042,run,-0.05524009186381804,-0.050921462656334585,0.2501474179970609,-0.248046875
5.5800010970001495,-60.0,-58.944991958762756,-1.0550080412372438,0.4402625946526148,1258.54439570042,run,-0.05524009186381804,-0.05128972993542671,0.20435584219882436,-0.173828125
5.600000832000205,-60.0,-58.944991958762756,-1.0550080412372438,0.3943605386706507,1281.6918383988047,run,-0.05524009186381804,-0.05165799721451883,0.18603921187952976,-0.173828125
5.620000807999986,-60.0,-59.380018793545105,-0.6199812064548951,0.0,1500,idle,-0.05524009186381804,-0.05165799721451883,0.18603921187952976,-0.05078125
5.640000914000211,-60.0,-59.380018793545105,-0.6199812064548951,0.0,1500,idle,-0.05524009186381804,-0.05165799721451883,0.18603921187952976,-0.05078125
5.660001038000246,-60.0,-59.46051105256069,-0.5394889474393096,0.0,1500,idle,-0.05524009186381804,-0.05165799721451883,0.18603921187952976,-0.05078125
5.680000846999974,-60.0,-59.46051105256069,-0.5394889474393096,0.0,1500,idle,-0.05524009186381804,-0.05165799721451883,0.18603921187952976,0.0546875
5.7000006940002095,-60.0,-59.46051105256069,-0.5394889474393096,0.0,1500,idle,-0.05524009186381804,-0.05165799721451883,0.18603921187952976,0.0546875
5.720000966000043,-60.0,-59.29580296277851,-0.7041970372214905,0.0,1500,idle,-0.05524009186381804,-0.05165799721451883,0.18603921187952976,0.099609375
5.740000885999962,-60.0,-59.29580296277851,-0.7041970372214905,0.0,1500,idle,-0.05524009186381804,-0.05165799721451883,0.18603921187952976,0.099609375
5.760000936000324,-60.0,-59.03317105084659,-0.9668289491534097,0.0,1500,idle,-0.05524009186381804,-0.05165799721451883,0.18603921187952976,0.099609375
5.780001079000158,-60.0,-59.03317105084659,-0.9668289491534097,0.0,1500,idle,-0.05524009186381804,-0.05165799721451883,0.18603921187952976,0.123046875
5.80000077700015,-60.0,-59.03317105084659,-0.9668289491534097,0.0,1500,idle,-0.05524009186381804,-0.05165799721451883,0.18603921187952976,0.123046875
5.820000939000238,-60.0,-58.69859076549821,-1.30140923450179,0.0,1500,idle,-0.05524009186381804,-0.05165799721451883,0.18603921187952976,0.1328125
5.840001211000072,-60.0,-58.69859076549821,-1.30140923450179,0.0,1500,idle,-0.05524009186381804,-0.05165799721451883,0.18603921187952976,0.1328125
5.860000983000191,-60.0,-58.34676973104877,-1.6532302689512335,0.0,1500,idle,-0.05524009186381804,-0.05165799721451883,0.18603921187952976,0.1328125
5.880000793000363,-60.0,-58.34676973104877,-1.6532302689512335,0.0,1500,idle,-0.05524009186381804,-0.05165799721451883,0.18603921187952976,0.130859375
5.9000009540000065,-60.0,-58.34676973104877,-1.6532302689512335,0.0,1500,idle,-0.05524009186381804,-0.05165799721451883,0.18603921187952976,0.130859375
5.9200008740003796,-60.0,-58.00046219346278,-1.9995378065372194,0.0,1500,idle,-0.05524009186381804,-0.05165799721451883,0.18603921187952976,0.12890625
5.940001017000213,-60.0,-58.00046219346278,-1.9995378065372194,0.0,1500,idle,-0.05524009186381804,-0.05165799721451883,0.18603921187952976,0.12890625
5.960000678000142,-60.0,-57.67326152090679,-2.3267384790932084,0.0,1500,idle,-0.05524009186381804,-0.05165799721451883,0.18603921187952976,0.12890625
5.980001043000357,-60.0,-57.67326152090679,-2.3267384790932084,0.0,1500,idle,-0.05524009186381804,-0.05165799721451883,0.18603921187952976,0.1171875
6.000001019000138,-60.0,-57.67326152090679,-2.3267384790932084,0.0,1500,idle,-0.05524009186381804,-0.05165799721451883,0.18603921187952976,0.1171875
6.020000995000373,-60.0,-57.37764559323925,-2.622354406760749,0.0,1500,idle,-0.05524009186381804,-0.05165799721451883,0.18603921187952976,0.099609375
6.0400010820003445,-60.0,-57.37764559323925,-2.622354406760749,0.0,1500,idle,-0.05524009186381804,-0.05165799721451883,0.18603921187952976,0.099609375
6.060001040000316,-60.0,-58.44796113857444,-1.552038861425558,0.0,1500,idle,-0.05524009186381804,-0.05165799721451883,0.18603921187952976,0.099609375
6.080000738000308,-60.0,-58.44796113857444,-1.552038861425558,0.0,1500,idle,-0.05524009186381804,-0.05165799721451883,0.18603921187952976,0.080078125
6.100001215000248,-60.0,-58.44796113857444,-1.552038861425558,0.0,1500,idle,-0.05524009186381804,-0.05165799721451883,0.18603921187952976,0.080078125
6.120000914000229,-60.0,-59.03972344222797,-0.9602765577720334,0.0,1500,idle,-0.05524009186381804,-0.05165799721451883,0.18603921187952976,0.05859375
6.140001111999936,-60.0,-59.03972344222797,-0.9602765577720334,0.0,1500,idle,-0.05524009186381804,-0.05165799721451883,0.18603921187952976,0.05859375
6.160000977999971,-60.0,-59.35315777997096,-0.6468422200290433,0.0,1500,idle,-0.05524009186381804,-0.05165799721451883,0.18603921187952976,0.05859375
6.18000086200027,-60.0,-59.35315777997096,-0.6468422200290433,0.0,1500,idle,-0.05524009186381804,-0.05165799721451883,0.18603921187952976,0.033203125
6.200000838000051,-60.0,-59.35315777997096,-0.6468422200290433,0.0,1500,idle,-0.05524009186381804,-0.05165799721451883,0.18603921187952976,0.033203125
6.220001037000202,-60.0,-59.564516726468014,-0.435483273531986,0.0,1500,idle,-0.05524009186381804,-0.05165799721451883,0.18603921187952976,0.009765625
6.240000698000131,-60.0,-59.564516726468014,-0.435483273531986,0.0,1500,idle,-0.05524009186381804,-0.05165799721451883,0.18603921187952976,0.009765625
6.260000823000155,-60.0,-59.76751785836419,-0.23248214163581338,0.0,1500,idle,-0.05524009186381804,-0.05165799721451883,0.18603921187952976,0.009765625
6.280000855000253,-60.0,-59.76751785836419,-0.23248214163581338,0.0,1500,idle,-0.05524009186381804,-0.05165799721451883,0.18603921187952976,-0.013671875
6.30000092399996,-60.0,-59.76751785836419,-0.23248214163581338,0.0,1500,idle,-0.05524009186381804,-0.05165799721451883,0.18603921187952976,-0.013671875
6.3200007710001955,-60.0,-59.92297506674856,-0.07702493325143678,0.0,1500,idle,-0.05524009186381804,-0.05165799721451883,0.18603921187952976,-0.025390625
6.340000914000029,-60.0,-59.92297506674856,-0.07702493325143678,0.0,1500,idle,-0.05524009186381804,-0.05165799721451883,0.18603921187952976,-0.025390625
6.360000834999937,-60.0,-60.04030101402232,0.04030101402231878,0.0,1500,idle,-0.05524009186381804,-0.05165799721451883,0.18603921187952976,-0.025390625
6.380000738000035,-60.0,-60.04030101402232,0.04030101402231878,0.0,1500,idle,-0.05524009186381804,-0.05165799721451883,0.18603921187952976,-0.033203125
6.400000787999943,-60.0,-60.04030101402232,0.04030101402231878,0.0,1500,idle,-0.05524009186381804,-0.05165799721451883,0.18603921187952976,-0.033203125
6.420001005000358,-60.0,-60.16999048084995,0.16999048084994683,0.0,1500,idle,-0.05524009186381804,-0.05165799721451883,0.18603921187952976,-0.03125
6.440000870999938,-60.0,-60.16999048084995,0.16999048084994683,0.0,1500,idle,-0.05524009186381804,-0.05165799721451883,0.18603921187952976,-0.03125
6.460001014000227,-60.0,-60.29134543074615,0.2913454307461478,0.0,1500,idle,-0.05524009186381804,-0.05165799721451883,0.18603921187952976,-0.03125
6.480000990000008,-60.0,-60.29134543074615,0.2913454307461478,0.0,1500,idle,-0.05524009186381804,-0.05165799721451883,0.18603921187952976,-0.03125
6.5000006889999895,-60.0,-60.29134543074615,0.2913454307461478,0.0,1500,idle,-0.05524009186381804,-0.05165799721451883,0.18603921187952976,-0.03125
6.52000103599994,-60.0,-60.39408322692441,0.39408322692440834,0.0,1500,idle,-0.05524009186381804,-0.05165799721451883,0.18603921187952976,-0.033203125
6.540000975000112,-60.0,-60.39408322692441,0.39408322692440834,0.0,1500,idle,-0.05524009186381804,-0.05165799721451883,0.18603921187952976,-0.033203125
6.560001137000199,-60.0,-60.49856331850674,0.49856331850673996,0.0,1500,idle,-0.05524009186381804,-0.05165799721451883,0.18603921187952976,-0.033203125
6.580000965000181,-60.0,-60.49856331850674,0.49856331850673996,0.0,1500,idle,-0.05524009186381804,-0.05165799721451883,0.18603921187952976,-0.029296875
6.600000886000089,-60.0,-60.49856331850674,0.49856331850673996,0.0,1500,idle,-0.05524009186381804,-0.05165799721451883,0.18603921187952976,-0.029296875
6.620000806999997,-60.0,-60.59106844355523,0.5910684435552298,0.0,1500,idle,-0.05524009186381804,-0.05165799721451883,0.18603921187952976,-0.02734375
6.640000691000296,-60.0,-60.59106844355523,0.5910684435552298,0.0,1500,idle,-0.05524009186381804,-0.05165799721451883,0.18603921187952976,-0.02734375
6.660000982000383,-60.0,-60.665385097335104,0.6653850973351041,0.0,1500,idle,-0.05524009186381804,-0.05165799721451883,0.18603921187952976,-0.02734375
6.680000681000365,-60.0,-60.665385097335104,0.6653850973351041,0.0,1500,idle,-0.05524009186381804,-0.05165799721451883,0.18603921187952976,-0.025390625
6.7000009349999345,-60.0,-60.665385097335104,0.6653850973351041,0.0,1500,idle,-0.05524009186381804,-0.05165799721451883,0.18603921187952976,-0.025390625
6.720001004000096,-60.0,-60.73268961330868,0.7326896133086791,0.0,1500,idle,-0.05524009186381804,-0.05165799721451883,0.18603921187952976,-0.021484375
6.740001148000374,-60.0,-60.73268961330868,0.7326896133086791,0.0,1500,idle,-0.05524009186381804,-0.05165799721451883,0.18603921187952976,-0.021484375
6.760000976000356,-60.0,-60.799162350135504,0.7991623501355036,0.0,1500,idle,-0.05524009186381804,-0.05165799721451883,0.18603921187952976,-0.021484375
6.780001045000063,-60.0,-60.799162350135504,0.7991623501355036,0.0,1500,idle,-0.05524009186381804,-0.05165799721451883,0.18603921187952976,-0.01953125
6.800000762000309,-60.0,-60.799162350135504,0.7991623501355036,0.0,1500,idle,-0.05524009186381804,-0.05165799721451883,0.18603921187952976,-0.01953125
6.820000739000079,-60.0,-60.85338301475656,0.8533830147565595,0.0,1500,idle,-0.05524009186381804,-0.05165799721451883,0.18603921187952976,-0.01953125
6.840001252000093,-60.0,-60.85338301475656,0.8533830147565595,0.0,1500,idle,-0.05524009186381804,-0.05165799721451883,0.18603921187952976,-0.01953125
6.860000692000085,-60.0,-60.90056657814645,0.9005665781464529,0.0,1500,idle,-0.05524009186381804,-0.05165799721451883,0.18603921187952976,-0.01953125
6.88000092700031,-60.0,-60.90056657814645,0.9005665781464529,0.0,1500,idle,-0.05524009186381804,-0.05165799721451883,0.18603921187952976,-0.015625
6.9000008110001545,-60.0,-60.90056657814645,0.9005665781464529,0.0,1500,idle,-0.05524009186381804,-0.05165799721451883,0.18603921187952976,-0.015625
6.920000899000115,-60.0,-60.946492682259276,0.9464926822592759,0.0,1500,idle,-0.05524009186381804,-0.05165799721451883,0.18603921187952976,-0.013671875
6.940000949000023,-60.0,-60.946492682259276,0.9464926822592759,0.0,1500,idle,-0.05524009186381804,-0.05165799721451883,0.18603921187952976,-0.013671875
6.9600009630003115,-60.0,-60.98870672747974,0.9887067274797374,0.0,1500,idle,-0.05524009186381804,-0.05165799721451883,0.18603921187952976,-0.013671875
6.980000735999965,-60.0,-60.98870672747974,0.9887067274797374,0.0,1500,idle,-0.05524009186381804,-0.05165799721451883,0.18603921187952976,-0.01171875
7.000001046000307,-60.0,-60.98870672747974,0.9887067274797374,0.0,1500,idle,-0.05524009186381804,-0.05165799721451883,0.18603921187952976,-0.01171875
7.020000892000098,-60.0,-61.01558457455549,1.01558457455549,0.0,1500,idle,-0.05524009186381804,-0.05165799721451883,0.18603921187952976,-0.009765625
7.040000758000133,-60.0,-61.01558457455549,1.01558457455549,0.0,1500,idle,-0.05524009186381804,-0.05165799721451883,0.18603921187952976,-0.009765625
7.060000900999967,-60.0,-61.045957845320146,1.045957845320146,0.0,1500,idle,-0.05524009186381804,-0.05165799721451883,0.18603921187952976,-0.009765625
7.080001025999991,-60.0,-61.045957845320146,1.045957845320146,0.0,1500,idle,-0.05524009186381804,-0.05165799721451883,0.18603921187952976,-0.0078125
7.100001059000078,-60.0,-61.045957845320146,1.045957845320146,0.0,1500,idle,-0.05524009186381804,-0.05165799721451883,0.18603921187952976,-0.0078125
7.12000101700005,-60.0,-61.07155269972992,1.0715526997299207,0.0,1500,idle,-0.05524009186381804,-0.05165799721451883,0.18603921187952976,-0.01171875
7.140001067999947,-60.0,-61.07155269972992,1.0715526997299207,0.0,1500,idle,-0.05524009186381804,-0.05165799721451883,0.18603921187952976,-0.01171875
7.1600007120000555,-60.0,-61.09974298851927,1.0997429885192673,0.0,1500,idle,-0.05524009186381804,-0.05165799721451883,0.18603921187952976,-0.01171875
7.180001263000122,-60.0,-61.09974298851927,1.0997429885192673,0.0,1500,idle,-0.05524009186381804,-0.05165799721451883,0.18603921187952976,-0.0078125
7.200000943000305,-60.0,-61.09974298851927,1.0997429885192673,0.0,1500,idle,-0.05524009186381804,-0.05165799721451883,0.18603921187952976,-0.0078125
7.220000828000138,-60.0,-61.12576278907153,1.1257627890715298,0.0,1500,idle,-0.05524009186381804,-0.05165799721451883,0.18603921187952976,-0.00390625
7.24000065600012,-60.0,-61.12576278907153,1.1257627890715298,0.0,1500,idle,-0.05524009186381804,-0.05165799721451883,0.18603921187952976,-0.00390625
7.260000966999996,-60.0,-61.14937802986739,1.1493780298673926,0.0,1500,idle,-0.05524009186381804,-0.05165799721451883,0.18603921187952976,-0.00390625
7.280000944000221,-60.0,-61.14937802986739,1.1493780298673926,0.0,1500,idle,-0.05524009186381804,-0.05165799721451883,0.18603921187952976,-0.001953125
7.300000958000055,-60.0,-61.14937802986739,1.1493780298673926,0.0,1500,idle,-0.05524009186381804,-0.05165799721451883,0.18603921187952976,-0.001953125
7.320000990000153,-60.0,-61.16796455195356,1.1679645519535597,0.0,1500,idle,-0.05524009186381804,-0.05165799721451883,0.18603921187952976,-0.001953125
7.340000967000378,-60.0,-61.16796455195356,1.1679645519535597,0.0,1500,idle,-0.05524009186381804,-0.05165799721451883,0.18603921187952976,-0.001953125
7.360000926000339,-60.0,-61.17823503763,1.178235037630003,0.0,1500,idle,-0.05524009186381804,-0.05165799721451883,0.18603921187952976,-0.001953125
7.380000791000384,-60.0,-61.17823503763,1.178235037630003,0.0,1500,idle,-0.05524009186381804,-0.05165799721451883,0.18603921187952976,-0.001953125
7.400000972000271,-60.0,-61.17823503763,1.178235037630003,0.0,1500,idle,-0.05524009186381804,-0.05165799721451883,0.18603921187952976,-0.001953125
7.420000764000179,-60.0,-61.190672086025344,1.1906720860253444,0.0,1500,idle,-0.05524009186381804,-0.05165799721451883,0.18603921187952976,-0.00390625
7.440000944000076,-60.0,-61.190672086025344,1.1906720860253444,0.0,1500,idle,-0.05524009186381804,-0.05165799721451883,0.18603921187952976,-0.00390625
7.460000792000301,-60.0,-61.21429540222937,1.214295402229368,0.0,1500,idle,-0.05524009186381804,-0.05165799721451883,0.18603921187952976,-0.00390625
7.480000935000135,-60.0,-61.21429540222937,1.214295402229368,0.0,1500,idle,-0.05524009186381804,-0.05165799721451883,0.18603921187952976,-0.001953125
7.50000065300037,-60.0,-61.21429540222937,1.214295402229368,0.0,1500,idle,-0.05524009186381804,-0.05165799721451883,0.18603921187952976,-0.001953125
7.5200009449999925,-60.0,-61.2223657375383,1.222365737538297,0.0,1500,idle,-0.05524009186381804,-0.05165799721451883,0.18603921187952976,-0.001953125
7.540000737000355,-60.0,-61.2223657375383,1.222365737538297,0.0,1500,idle,-0.05524009186381804,-0.05165799721451883,0.18603921187952976,-0.001953125
7.560001027999988,-60.0,-61.2295800966082,1.2295800966082027,0.0,1500,idle,-0.05524009186381804,-0.05165799721451883,0.18603921187952976,-0.001953125
7.5800007650000225,-60.0,-61.2295800966082,1.2295800966082027,0.0,1500,idle,-0.05524009186381804,-0.05165799721451883,0.18603921187952976,-0.001953125
7.600001075000364,-60.0,-61.2295800966082,1.2295800966082027,0.0,1500,idle,-0.05524009186381804,-0.05165799721451883,0.18603921187952976,-0.001953125
7.620001236999997,-60.0,-61.238973585906976,1.238973585906976,0.0,1500,idle,-0.05524009186381804,-0.05165799721451883,0.18603921187952976,0.0
7.640000825000243,-60.0,-61.238973585906976,1.238973585906976,0.0,1500,idle,-0.05524009186381804,-0.05165799721451883,0.18603921187952976,0.0
7.660000932000003,-60.0,-61.25055545329383,1.2505554532938277,0.0,1500,idle,-0.05524009186381804,-0.05165799721451883,0.18603921187952976,0.0
7.680000742000175,-60.0,-61.25055545329383,1.2505554532938277,0.0,1500,idle,-0.05524009186381804,-0.05165799721451883,0.18603921187952976,0.0
7.7000008300001355,-60.0,-61.25055545329383,1.2505554532938277,0.0,1500,idle,-0.05524009186381804,-0.05165799721451883,0.18603921187952976,0.0
7.720000918000096,-60.0,-61.25359943846777,1.2535994384677736,0.0,1500,idle,-0.05524009186381804,-0.05165799721451883,0.18603921187952976,-0.00390625
7.7400008019999404,-60.0,-61.25359943846777,1.2535994384677736,0.0,1500,idle,-0.05524009186381804,-0.05165799721451883,0.18603921187952976,-0.00390625
7.760000705000039,-60.0,-61.26630228213132,1.2663022821313206,0.0,1500,idle,-0.05524009186381804,-0.05165799721451883,0.18603921187952976,-0.00390625
7.780001090000042,-60.0,-61.26630228213132,1.2663022821313206,0.0,1500,idle,-0.05524009186381804,-0.05165799721451883,0.18603921187952976,0.0
7.800001010999949,-60.0,-61.26630228213132,1.2663022821313206,0.0,1500,idle,-0.05524009186381804,-0.05165799721451883,0.18603921187952976,0.0
7.820001080000111,-60.0,-61.271329189766476,1.271329189766476,0.0,1500,idle,-0.05524009186381804,-0.05165799721451883,0.18603921187952976,0.0
7.840001243000188,-60.0,-61.271329189766476,1.271329189766476,0.0,1500,idle,-0.05524009186381804,-0.05165799721451883,0.18603921187952976,0.0
7.860000775000117,-60.0,-61.29098803413447,1.2909880341344717,0.0,1500,idle,-0.05524009186381804,-0.05165799721451883,0.18603921187952976,0.0
7.88000104799994,-60.0,-61.29098803413447,1.2909880341344717,0.0,1500,idle,-0.05524009186381804,-0.05165799721451883,0.18603921187952976,0.0
7.9000009330002285,-60.0,-61.29098803413447,1.2909880341344717,0.0,1500,idle,-0.05524009186381804,-0.05165799721451883,0.18603921187952976,0.0
7.920000669000274,-60.0,-61.30018732447266,1.3001873244726596,0.0,1500,idle,-0.05524009186381804,-0.05165799721451883,0.18603921187952976,0.001953125
7.940000720000171,-60.0,-61.30018732447266,1.3001873244726596,0.0,1500,idle,-0.05524009186381804,-0.05165799721451883,0.18603921187952976,0.001953125
7.960000901000058,-60.0,-61.30607466095421,1.3060746609542093,0.0,1500,idle,-0.05524009186381804,-0.05165799721451883,0.18603921187952976,0.001953125
7.980000859000029,-60.0,-61.30607466095421,1.3060746609542093,0.0,1500,idle,-0.05524009186381804,-0.05165799721451883,0.18603921187952976,0.001953125
8.000000817,-60.0,-61.30607466095421,1.3060746609542093,0.0,1500,idle,-0.05524009186381804,-0.05165799721451883,0.18603921187952976,0.001953125
8.020000887000151,-60.0,-61.30759711406853,1.3075971140685283,0.0,1500,idle,-0.05524009186381804,-0.05165799721451883,0.18603921187952976,0.0
8.040000753000186,-60.0,-61.30759711406853,1.3075971140685283,0.0,1500,idle,-0.05524009186381804,-0.05165799721451883,0.18603921187952976,0.0
8.060001026000009,-60.0,-61.312628456372735,1.3126284563727353,0.0,1500,idle,-0.05524009186381804,-0.05165799721451883,0.18603921187952976,0.0
8.080001003000234,-60.0,-61.312628456372735,1.3126284563727353,0.0,1500,idle,-0.05524009186381804,-0.05165799721451883,0.18603921187952976,0.001953125
8.100001036000322,-60.0,-61.312628456372735,1.3126284563727353,0.0,1500,idle,-0.05524009186381804,-0.05165799721451883,0.18603921187952976,0.001953125
8.120000679999976,-60.0,-61.32182810920892,1.3218281092089228,0.0,1500,idle,-0.05524009186381804,-0.05165799721451883,0.18603921187952976,0.0
8.140000954000243,-60.0,-61.32182810920892,1.3218281092089228,0.0,1500,idle,-0.05524009186381804,-0.05165799721451883,0.18603921187952976,0.0
8.160000802000013,-60.0,-61.32923701573651,1.3292370157365099,0.0,1500,idle,-0.05524009186381804,-0.05165799721451883,0.18603921187952976,0.0
8.18000107600028,-60.0,-61.32923701573651,1.3292370157365099,0.0,1500,idle,-0.05524009186381804,-0.05165799721451883,0.18603921187952976,-0.001953125
8.200000664000072,-60.0,-61.32923701573651,1.3292370157365099,0.0,1500,idle,-0.05524009186381804,-0.05165799721451883,0.18603921187952976,-0.001953125
8.220001030000276,-60.0,-61.33757884929747,1.337578849297472,0.0,1500,idle,-0.05524009186381804,-0.05165799721451883,0.18603921187952976,0.001953125
8.240000693000184,-60.0,-61.33757884929747,1.337578849297472,0.0,1500,idle,-0.05524009186381804,-0.05165799721451883,0.18603921187952976,0.001953125
8.260001041000123,-60.0,-61.33578746351593,1.3357874635159277,0.0,1500,idle,-0.05524009186381804,-0.05165799721451883,0.18603921187952976,0.001953125
8.280000795999968,-60.0,-61.33578746351593,1.3357874635159277,0.0,1500,idle,-0.05524009186381804,-0.05165799721451883,0.18603921187952976,0.0
8.300000829000055,-60.0,-61.33578746351593,1.3357874635159277,0.0,1500,idle,-0.05524009186381804,-0.05165799721451883,0.18603921187952976,0.0
8.320000658000026,-60.0,-61.33578746351593,1.3357874635159277,0.0,1500,idle,-0.05524009186381804,-0.05165799721451883,0.18603921187952976,0.0
8.340000988000156,-60.0,-61.33578746351593,1.3357874635159277,0.0,1500,idle,-0.05524009186381804,-0.05165799721451883,0.18603921187952976,0.0
8.360000965000381,-60.0,-61.34233842145743,1.342338421457427,0.0,1500,idle,-0.05524009186381804,-0.05165799721451883,0.18603921187952976,0.0
8.380000794000352,-60.0,-61.34233842145743,1.342338421457427,0.0,1500,idle,-0.05524009186381804,-0.05165799721451883,0.18603921187952976,0.0
8.400000901000112,-60.0,-61.34233842145743,1.342338421457427,0.0,1500,idle,-0.05524009186381804,-0.05165799721451883,0.18603921187952976,0.0
8.420000655999957,-60.0,-61.344987933896846,1.3449879338968458,0.0,1500,idle,-0.05524009186381804,-0.05165799721451883,0.18603921187952976,0.001953125
8.44000091199996,-60.0,-61.344987933896846,1.3449879338968458,0.0,1500,idle,-0.05524009186381804,-0.05165799721451883,0.18603921187952976,0.001953125
8.460001019000174,-60.0,-61.34233988809092,1.342339888090919,0.0,1500,idle,-0.05524009186381804,-0.05165799721451883,0.18603921187952976,0.001953125
8.480000792000283,-60.0,-61.34233988809092,1.342339888090919,0.0,1500,idle,-0.05524009186381804,-0.05165799721451883,0.18603921187952976,0.0
8.50000082500037,-60.0,-61.34233988809092,1.342339888090919,0.0,1500,idle,-0.05524009186381804,-0.05165799721451883,0.18603921187952976,0.0
8.52000069199994,-60.0,-61.34651029510243,1.3465102951024335,0.0,1500,idle,-0.05524009186381804,-0.05165799721451883,0.18603921187952976,0.001953125
8.540000725000027,-60.0,-61.34651029510243,1.3465102951024335,0.0,1500,idle,-0.05524009186381804,-0.05165799721451883,0.18603921187952976,0.001953125
8.560001331999956,-60.0,-61.34736827994527,1.3473682799452718,0.0,1500,idle,-0.05524009186381804,-0.05165799721451883,0.18603921187952976,0.001953125
8.58000075300015,-60.0,-61.34736827994527,1.3473682799452718,0.0,1500,idle,-0.05524009186381804,-0.05165799721451883,0.18603921187952976,0.0
8.600001156999951,-60.0,-61.34736827994527,1.3473682799452718,0.0,1500,idle,-0.05524009186381804,-0.05165799721451883,0.18603921187952976,0.0
8.620000855999933,-60.0,-61.34233988809092,1.342339888090919,0.0,1500,idle,-0.05524009186381804,-0.05165799721451883,0.18603921187952976,0.0
8.640000981999947,-60.0,-61.34233988809092,1.342339888090919,0.0,1500,idle,-0.05524009186381804,-0.05165799721451883,0.18603921187952976,0.0
8.660000718999981,-60.0,-61.34736827994527,1.3473682799452718,0.0,1500,idle,-0.05524009186381804,-0.05165799721451883,0.18603921187952976,0.0
8.680000752000069,-60.0,-61.34736827994527,1.3473682799452718,0.0,1500,idle,-0.05524009186381804,-0.05165799721451883,0.18603921187952976,0.0
8.700001007000083,-60.0,-61.34736827994527,1.3473682799452718,0.0,1500,idle,-0.05524009186381804,-0.05165799721451883,0.18603921187952976,0.0
8.720000984000308,-60.0,-61.35154050021937,1.3515405002193717,0.0,1500,idle,-0.05524009186381804,-0.05165799721451883,0.18603921187952976,0.0
8.740001036000194,-60.0,-61.35154050021937,1.3515405002193717,0.0,1500,idle,-0.05524009186381804,-0.05165799721451883,0.18603921187952976,0.0
8.760000680000303,-60.0,-61.35154050021937,1.3515405002193717,0.0,1500,idle,-0.05524009186381804,-0.05165799721451883,0.18603921187952976,0.0
8.78000086100019,-60.0,-61.35154050021937,1.3515405002193717,0.0,1500,idle,-0.05524009186381804,-0.05165799721451883,0.18603921187952976,0.0
8.800000857000214,-60.0,-61.35154050021937,1.3515405002193717,0.0,1500,idle,-0.05524009186381804,-0.05165799721451883,0.18603921187952976,0.0
8.820000816000174,-60.0,-61.36074381490755,1.3607438149075506,0.0,1500,idle,-0.05524009186381804,-0.05165799721451883,0.18603921187952976,0.0
8.840001200000188,-60.0,-61.36074381490755,1.3607438149075506,0.0,1500,idle,-0.05524009186381804,-0.05165799721451883,0.18603921187952976,0.0
8.86000077000017,-60.0,-61.36226536502335,1.3622653650233474,0.0,1500,idle,-0.05524009186381804,-0.05165799721451883,0.18603921187952976,0.0
8.880000933000247,-60.0,-61.36226536502335,1.3622653650233474,0.0,1500,idle,-0.05524009186381804,-0.05165799721451883,0.18603921187952976,0.0
8.900000892000207,-60.0,-61.36226536502335,1.3622653650233474,0.0,1500,idle,-0.05524009186381804,-0.05165799721451883,0.18603921187952976,0.0
8.920000758000242,-60.0,-61.36226536502335,1.3622653650233474,0.0,1500,idle,-0.05524009186381804,-0.05165799721451883,0.18603921187952976,0.0
8.94000149500016,-60.0,-61.36226536502335,1.3622653650233474,0.0,1500,idle,-0.05524009186381804,-0.05165799721451883,0.18603921187952976,0.0
8.960000917000343,-60.0,-61.367293907463676,1.3672939074636759,0.0,1500,idle,-0.05524009186381804,-0.05165799721451883,0.18603921187952976,0.0
8.980000819999987,-60.0,-61.367293907463676,1.3672939074636759,0.0,1500,idle,-0.05524009186381804,-0.05165799721451883,0.18603921187952976,0.001953125
9.000001037999937,-60.0,-61.367293907463676,1.3672939074636759,0.0,1500,idle,-0.05524009186381804,-0.05165799721451883,0.18603921187952976,0.001953125
9.020000960000289,-60.0,-61.367293907463676,1.3672939074636759,0.0,1500,idle,-0.05524009186381804,-0.05165799721451883,0.18603921187952976,-0.001953125
9.040000697000323,-60.0,-61.367293907463676,1.3672939074636759,0.0,1500,idle,-0.05524009186381804,-0.05165799721451883,0.18603921187952976,-0.001953125
9.060000711000157,-60.0,-61.369672945277955,1.369672945277955,0.0,1500,idle,-0.05524009186381804,-0.05165799721451883,0.18603921187952976,-0.001953125
9.080000874000234,-60.0,-61.369672945277955,1.369672945277955,0.0,1500,idle,-0.05524009186381804,-0.05165799721451883,0.18603921187952976,-0.001953125
9.100000963000184,-60.0,-61.369672945277955,1.369672945277955,0.0,1500,idle,-0.05524009186381804,-0.05165799721451883,0.18603921187952976,-0.001953125
9.120000904000335,-60.0,-61.368815388959234,1.3688153889592343,0.0,1500,idle,-0.05524009186381804,-0.05165799721451883,0.18603921187952976,0.001953125
9.14000090000036,-60.0,-61.368815388959234,1.3688153889592343,0.0,1500,idle,-0.05524009186381804,-0.05165799721451883,0.18603921187952976,0.001953125
9.160000693000256,-60.0,-61.369672945277955,1.369672945277955,0.0,1500,idle,-0.05524009186381804,-0.05165799721451883,0.18603921187952976,0.001953125
9.18000107800026,-60.0,-61.369672945277955,1.369672945277955,0.0,1500,idle,-0.05524009186381804,-0.05165799721451883,0.18603921187952976,0.0
9.20000064900023,-60.0,-61.369672945277955,1.369672945277955,0.0,1500,idle,-0.05524009186381804,-0.05165799721451883,0.18603921187952976,0.0
9.220000830000117,-60.0,-61.369672945277955,1.369672945277955,0.0,1500,idle,-0.05524009186381804,-0.05165799721451883,0.18603921187952976,0.0
9.240000975000385,-60.0,-61.369672945277955,1.369672945277955,0.0,1500,idle,-0.05524009186381804,-0.05165799721451883,0.18603921187952976,0.0
9.260000675000356,-60.0,-61.37146696246813,1.3714669624681335,0.0,1500,idle,-0.05524009186381804,-0.05165799721451883,0.18603921187952976,0.0
9.280000764000306,-60.0,-61.37146696246813,1.3714669624681335,0.0,1500,idle,-0.05524009186381804,-0.05165799721451883,0.18603921187952976,0.0
9.300000946000182,-60.0,-61.37146696246813,1.3714669624681335,0.0,1500,idle,-0.05524009186381804,-0.05165799721451883,0.18603921187952976,0.0
9.320000886000344,-60.0,-61.372324368271606,1.372324368271606,0.0,1500,idle,-0.05524009186381804,-0.05165799721451883,0.18603921187952976,0.001953125
9.34000082700004,-60.0,-61.372324368271606,1.372324368271606,0.0,1500,idle,-0.05524009186381804,-0.05165799721451883,0.18603921187952976,0.001953125
9.360000805000254,-60.0,-61.365771928894446,1.3657719288944463,0.0,1500,idle,-0.05524009186381804,-0.05165799721451883,0.18603921187952976,0.001953125
9.380001042000004,-60.0,-61.365771928894446,1.3657719288944463,0.0,1500,idle,-0.05524009186381804,-0.05165799721451883,0.18603921187952976,-0.001953125
9.40000107600008,-60.0,-61.365771928894446,1.3657719288944463,0.0,1500,idle,-0.05524009186381804,-0.05165799721451883,0.18603921187952976,-0.001953125
9.420000961000369,-60.0,-61.36577475877279,1.3657747587727869,0.0,1500,idle,-0.05524009186381804,-0.05165799721451883,0.18603921187952976,0.0
9.440000956999938,-60.0,-61.36577475877279,1.3657747587727869,0.0,1500,idle,-0.05524009186381804,-0.05165799721451883,0.18603921187952976,0.0
9.46000089800009,-60.0,-61.36577475877279,1.3657747587727869,0.0,1500,idle,-0.05524009186381804,-0.05165799721451883,0.18603921187952976,0.0
9.48000085800004,-60.0,-61.36577475877279,1.3657747587727869,0.0,1500,idle,-0.05524009186381804,-0.05165799721451883,0.18603921187952976,0.0
9.50000092800019,-60.0,-61.36577475877279,1.3657747587727869,0.0,1500,idle,-0.05524009186381804,-0.05165799721451883,0.18603921187952976,0.0
9.520000961000278,-60.0,-61.37080244437695,1.3708024443769489,0.0,1500,idle,-0.05524009186381804,-0.05165799721451883,0.18603921187952976,0.0
9.540000828000302,-60.0,-61.37080244437695,1.3708024443769489,0.0,1500,idle,-0.05524009186381804,-0.05165799721451883,0.18603921187952976,0.0
9.560001027999988,-60.0,-61.37080244437695,1.3708024443769489,0.0,1500,idle,-0.05524009186381804,-0.05165799721451883,0.18603921187952976,0.0
9.58000071000015,-60.0,-61.37080244437695,1.3708024443769489,0.0,1500,idle,-0.05524009186381804,-0.05165799721451883,0.18603921187952976,0.0
9.600000853999973,-60.0,-61.37080244437695,1.3708024443769489,0.0,1500,idle,-0.05524009186381804,-0.05165799721451883,0.18603921187952976,0.0
9.620001036000303,-60.0,-61.368422918530044,1.3684229185300438,0.0,1500,idle,-0.05524009186381804,-0.05165799721451883,0.18603921187952976,0.0
9.64000084700001,-60.0,-61.368422918530044,1.3684229185300438,0.0,1500,idle,-0.05524009186381804,-0.05165799721451883,0.18603921187952976,0.0
9.660000881000087,-60.0,-61.36842657812767,1.3684265781276679,0.0,1500,idle,-0.05524009186381804,-0.05165799721451883,0.18603921187952976,0.0
9.680001025000365,-60.0,-61.36842657812767,1.3684265781276679,0.0,1500,idle,-0.05524009186381804,-0.05165799721451883,0.18603921187952976,0.0
9.700000799000009,-60.0,-61.36842657812767,1.3684265781276679,0.0,1500,idle,-0.05524009186381804,-0.05165799721451883,0.18603921187952976,0.0
9.720000796000022,-60.0,-61.36842657812767,1.3684265781276679,0.0,1500,idle,-0.05524009186381804,-0.05165799721451883,0.18603921187952976,0.0
9.74000082900011,-60.0,-61.36842657812767,1.3684265781276679,0.0,1500,idle,-0.05524009186381804,-0.05165799721451883,0.18603921187952976,0.0
9.760000992000187,-60.0,-61.36842657812767,1.3684265781276679,0.0,1500,idle,-0.05524009186381804,-0.05165799721451883,0.18603921187952976,0.0
9.780001026000264,-60.0,-61.36842657812767,1.3684265781276679,0.0,1500,idle,-0.05524009186381804,-0.05165799721451883,0.18603921187952976,0.0
9.800000652000108,-60.0,-61.36842657812767,1.3684265781276679,0.0,1500,idle,-0.05524009186381804,-0.05165799721451883,0.18603921187952976,0.0
9.820000722000259,-60.0,-61.372600736818015,1.3726007368180149,0.0,1500,idle,-0.05524009186381804,-0.05165799721451883,0.18603921187952976,0.0
9.840001292000125,-60.0,-61.372600736818015,1.3726007368180149,0.0,1500,idle,-0.05524009186381804,-0.05165799721451883,0.18603921187952976,0.0
9.860000863000096,-60.0,-61.372600736818015,1.3726007368180149,0.0,1500,idle,-0.05524009186381804,-0.05165799721451883,0.18603921187952976,0.0
9.88000073000012,-60.0,-61.372600736818015,1.3726007368180149,0.0,1500,idle,-0.05524009186381804,-0.05165799721451883,0.18603921187952976,0.0
9.90000093000026,-60.0,-61.372600736818015,1.3726007368180149,0.0,1500,idle,-0.05524009186381804,-0.05165799721451883,0.18603921187952976,0.0
9.920000982000147,-60.0,-61.372600736818015,1.3726007368180149,0.0,1500,idle,-0.05524009186381804,-0.05165799721451883,0.18603921187952976,0.001953125
9.940000756000245,-60.0,-61.372600736818015,1.3726007368180149,0.0,1500,idle,-0.05524009186381804,-0.05165799721451883,0.18603921187952976,0.001953125
9.960001086000375,-60.0,-61.372600736818015,1.3726007368180149,0.0,1500,idle,-0.05524009186381804,-0.05165799721451883,0.18603921187952976,0.001953125
9.980000860000018,-60.0,-61.372600736818015,1.3726007368180149,0.0,1500,idle,-0.05524009186381804,-0.05165799721451883,0.18603921187952976,0.0
10.000000838000233,0.0,-61.372600736818015,61.372600736818015,1.6067309300540582,1380,kick,1.6067309300540582,0.0,0.0,0.0
10.02000061200033,0.0,-61.372600736818015,61.372600736818015,1.6125903050540582,1380,kick,1.6067309300540582,0.0,0.00234375,-0.00390625
10.040000664000218,0.0,-61.372600736818015,61.372600736818015,1.6149340550540583,1380,kick,1.6067309300540582,0.0,0.00328125,-0.00390625
10.060000827000295,0.0,-61.37497985215893,61.37497985215893,1.6159338401480339,1380,kick,1.606793215148034,0.0,0.0036562499999999998,-0.00390625
10.080000953000308,0.0,-61.37497985215893,61.37497985215893,1.6133791526480339,1380,kick,1.606793215148034,0.0,0.002634375,-0.001953125
10.100000876000195,0.0,-61.37497985215893,61.37497985215893,1.612357277648034,1355.0,run,1.606793215148034,0.0,0.002225625,-0.001953125
10.120001077000325,0.0,-61.3774166014356,61.3774166014356,1.606152946594919,1330.0,run,1.606857009094919,0.0,-0.00028162499999999987,0.001953125
10.14000101800002,0.0,-61.3774166014356,61.3774166014356,1.603645696594919,1305.0,run,1.606857009094919,0.0,-0.001284525,0.001953125
10.160000737000246,0.0,-61.37171634199265,61.37171634199265,1.5995638766516733,1280.0,run,1.6067077766516733,0.0,-0.00285756,0.00390625
10.180001012000048,0.0,-61.37171634199265,61.37171634199265,1.5979908416516733,1255.0,run,1.6067077766516733,0.0,-0.0034867739999999998,0.00390625
10.200000953000199,0.0,-61.37171634199265,61.37171634199265,1.5973616276516733,1230.0,run,1.6067077766516733,0.0,-0.0037384595999999997,0.00390625
10.220000820000223,0.0,-61.33216742534172,61.33216742534172,1.5579886163349395,1205.0,run,1.6056723884349395,0.0,-0.01907350884,0.029296875
10.240000891000363,0.0,-61.33216742534172,61.33216742534172,1.5426535670949395,1180.0,run,1.6056723884349395,0.0,-0.025207528536,0.029296875
10.26000068400026,0.0,-61.18001142947736,61.18001142947736,1.403629862742214,1155.0,run,1.601688953778214,0.0,-0.0792236364144,0.115234375
10.28000114400038,0.0,-61.18001142947736,61.18001142947736,1.3496137548638139,1130.0,run,1.601688953778214,0.0,-0.10083007956576,0.115234375
10.300000900000214,0.0,-61.18001142947736,61.18001142947736,1.328007311712454,1105.0,run,1.601688953778214,0.0,-0.109472656826304,0.115234375
10.320000860000164,0.0,-60.71410636808724,60.71410636808724,1.0464251809674638,1100.0,run,1.5894915877937679,0.0,-0.2172265627305216,0.2890625
10.34000104200004,0.0,-60.71410636808724,60.71410636808724,0.9386712750632462,1118.3986174810261,run,1.5894915877937679,0.0,-0.26032812509220865,0.2890625
10.360000928000318,0.0,-59.663719795363406,59.663719795363406,0.4725628440324048,1143.3986174810261,run,1.5619925316246133,0.0,-0.4357718750368834,0.552734375
10.380000943000141,0.0,-59.663719795363406,59.663719795363406,0.29711909408772996,1168.3986174810261,run,1.5619925316246133,0.0,-0.5059493750147533,0.552734375
10.400000977000218,0.0,-59.663719795363406,59.663719795363406,0.2269415941098598,1193.3986174810261,run,1.5619925316246133,0.0,-0.5340203750059014,0.552734375
10.420000751000316,0.0,-57.83568026180615,57.83568026180615,-0.25914361895708127,1500,idle,1.51413456854882,0.0,-0.7093112750023605,0.826171875
10.440000933000192,0.0,-57.83568026180615,57.83568026180615,-0.43443451895354057,1500,dwell,1.51413456854882,0.0,-0.7794276350009441,0.826171875
10.460000986000068,0.0,-55.26571291930314,55.26571291930314,-0.9116762166452337,1500,dwell,1.4468529808557107,0.0,-0.9434116790003777,1.052734375
10.480000853000092,0.0,-55.26571291930314,55.26571291930314,-1.0756602606446668,1500,dwell,1.4468529808557107,0.0,-1.009005296600151,1.052734375
10.500001091000286,0.0,-55.26571291930314,55.26571291930314,-1.1412538782444401,1500,dwell,1.4468529808557107,0.0,-1.0352427436400604,1.052734375
10.52000097600012,0.0,-52.12524948416598,52.12524948416598,-1.4137709657568016,1500,dwell,1.3646358403832584,0.0,-1.111362722456024,1.162109375
10.540000844000133,0.0,-52.12524948416598,52.12524948416598,-1.4898909445727657,1500,dwell,1.3646358403832584,0.0,-1.1418107139824096,1.162109375
10.560001322000062,0.0,-48.74743930512193,48.74743930512193,-1.693730737296698,1500,dwell,1.2762049766857115,0.0,-1.1879742855929638,1.21875
10.580000671000107,0.0,-48.74743930512193,48.74743930512193,-1.739894308907252,1500,dwell,1.2762049766857115,0.0,-1.2064397142371854,1.21875
10.600000705000184,0.0,-48.74743930512193,48.74743930512193,-1.758359737551474,1670,kick,1.2762049766857115,0.0,-1.2138258856948743,1.21875
10.620001035000314,0.0,-45.23719657693616,45.23719657693616,-1.9074485362357079,1670,kick,1.1843070369591664,0.0,-1.2367022292779497,1.251953125
10.640000902000338,0.0,-45.23719657693616,45.23719657693616,-1.9303248798187833,1670,kick,1.1843070369591664,0.0,-1.2458527667111798,1.251953125
10.660000862000288,0.0,-41.6569163127823,41.6569163127823,-1.9980506853824993,1670,kick,1.0905755188286808,0.0,-1.235450481684472,1.228515625
10.6800010070001,0.0,-41.6569163127823,41.6569163127823,-1.9876484003557913,1670,kick,1.0905755188286808,0.0,-1.2312895676737887,1.228515625
10.700000985000315,0.0,-41.6569163127823,41.6569163127823,-1.983487486345108,1670,kick,1.0905755188286808,0.0,-1.2296252020695155,1.228515625
10.720000778000212,0.0,-38.15716541574105,38.15716541574105,-2.023641697470327,1670,kick,0.9989522545991885,0.0,-1.2090375808278062,1.1953125
10.740000923000025,0.0,-38.15716541574105,38.15716541574105,-2.0030540762286178,1670,kick,0.9989522545991885,0.0,-1.2008025323311224,1.1953125
10.760000846000366,0.0,-34.7761813659892,34.7761813659892,-2.0247392331703065,1670,kick,0.9104382991608161,0.0,-1.174071012932449,1.15625
10.780000917000052,0.0,-34.7761813659892,34.7761813659892,-1.9980077137716328,1670,kick,0.9104382991608161,0.0,-1.1633784051729796,1.15625
10.80000095100013,0.0,-34.7761813659892,34.7761813659892,-1.9873151060121637,1670,kick,0.9104382991608161,0.0,-1.159101362069192,1.15625
10.820001003000016,0.0,-31.516881593675635,31.516881593675635,-1.986335081412936,1670,kick,0.8251100306562562,0.0,-1.1245780448276768,1.1015625
10.840001167000082,0.0,-31.516881593675635,31.516881593675635,-1.951811764171421,1670,kick,0.8251100306562562,0.0,-1.1107687179310708,1.1015625
10.860000719000254,0.0,-28.39337767028053,28.39337767028053,-1.9553224537681226,1670,kick,0.7433368891629482,0.0,-1.0794637371724283,1.05859375
10.880000846000257,0.0,-28.39337767028053,28.39337767028053,-1.9240174730094803,1670,kick,0.7433368891629482,0.0,-1.0669417448689713,1.05859375
10.900000639000154,0.0,-25.40132860896668,25.40132860896668,-1.9898271419577216,1670,kick,0.6650052279112497,0.0,-1.0619329479475885,1.05859375
10.920001006000348,0.0,-25.40132860896668,25.40132860896668,-1.9145058450363392,1670,kick,0.6650052279112497,0.0,-1.0318044291790356,1.01171875
10.940000688000055,0.0,-25.40132860896668,25.40132860896668,-1.8843773262677863,1670,kick,0.6650052279112497,0.0,-1.0197530216716144,1.01171875
10.960000703000333,0.0,-22.52980886313884,22.52980886313884,-1.8918380674114545,1670,kick,0.5898290167601599,0.0,-0.9926668336686457,0.974609375
10.980000848000145,0.0,-22.52980886313884,22.52980886313884,-1.8647518794084856,1670,kick,0.5898290167601599,0.0,-0.9818323584674582,0.974609375
11.000001049000275,0.0,-19.762796931860805,19.762796931860805,-1.9263576071714514,1670,kick,0.5173888137960068,0.0,-0.9774985683869832,0.974609375
11.020000972000162,0.0,-19.762796931860805,19.762796931860805,-1.8575706920909767,1670,kick,0.5173888137960068,0.0,-0.9499838023547933,0.931640625
11.040000672000133,0.0,-19.762796931860805,19.762796931860805,-1.8300559260587865,1670,kick,0.5173888137960068,0.0,-0.9389778959419173,0.931640625
11.060000816999946,0.0,-17.1280147868533,17.1280147868533,-1.8265050174006197,1670,kick,0.4484103785412973,0.0,-0.9099661583767669,0.890625
11.08000103700033,0.0,-17.1280147868533,17.1280147868533,-1.7974932798354692,1670,kick,0.4484103785412973,0.0,-0.8983614633507067,0.890625
11.100000775000353,0.0,-14.62229103829398,14.62229103829398,-1.8514882791460714,1695.0,run,0.3828106842046353,0.0,-0.8937195853402826,0.890625
11.120000808999976,0.0,-14.62229103829398,14.62229103829398,-1.7853229636356476,1720.0,run,0.3828106842046353,0.0,-0.8672534591361131,0.849609375
11.14000078800018,0.0,-14.62229103829398,14.62229103829398,-1.7588568374314777,1745.0,run,0.3828106842046353,0.0,-0.8566670086544452,0.849609375
11.160001081000246,0.0,-12.220746231312887,12.220746231312887,-1.7437598704737978,1770.0,run,0.3199383881806476,0.0,-0.8254793034617781,0.8046875
11.180000912000196,0.0,-12.220746231312887,12.220746231312887,-1.7125721652811303,1795.0,run,0.3199383881806476,0.0,-0.8130042213847113,0.8046875
11.200000724000347,0.0,-9.961555566034718,9.961555566034718,-1.7587209706834583,1820.0,run,0.2607929148715099,0.0034772388649534653,-0.8080141885538845,0.8046875
11.220001073000276,0.0,-9.961555566034718,9.961555566034718,-1.6594593520228886,1845.0,run,0.2607929148715099,0.006954477729906931,-0.7685181754215538,0.7421875
11.240000997000152,0.0,-9.961555566034718,9.961555566034718,-1.6194417530608145,1870.0,run,0.2607929148715099,0.010431716594860396,-0.7527197701686215,0.7421875
11.26000090100024,0.0,-7.89519993934789,7.89519993934789,-1.528420769909942,1895.0,run,0.20669585106731592,0.013187661275757942,-0.6948379080674486,0.65625
11.280000787000063,0.0,-7.89519993934789,7.89519993934789,-1.4701255161066344,1900.0,run,0.20669585106731592,0.015943605956655487,-0.6716851632269795,0.65625
11.300001155000245,0.0,-6.080803865985786,6.080803865985786,-1.494155159243415,1900.0,run,0.15919507294417798,0.018066206929244526,-0.6624240652907918,0.65625
11.320000912000069,0.0,-6.080803865985786,6.080803865985786,-1.332231921161339,1900.0,run,0.15919507294417798,0.020188807901833566,-0.5977821261163168,0.5546875
11.340001076000135,0.0,-6.080803865985786,6.080803865985786,-1.2672715918409754,1900.0,run,0.15919507294417798,0.022311408874422605,-0.5719253504465267,0.5546875
11.36000081400016,0.0,-4.5749514811722065,4.5749514811722065,-1.1077468330177975,1900.0,run,0.11977194969816955,0.02390836820373153,-0.4924420151786107,0.439453125
11.380000681000183,0.0,-4.5749514811722065,4.5749514811722065,-1.0280239538504852,1900.0,run,0.11977194969816955,0.025505327533040457,-0.4606486810714443,0.439453125
11.400001049000366,0.0,-3.395339179574279,3.395339179574279,-1.0269350180394705,1900.0,run,0.08888977185830124,0.02669052449115114,-0.44793134742857776,0.439453125
11.420000972000253,0.0,-3.395339179574279,3.395339179574279,-0.8411883423528872,1875.0,run,0.08888977185830124,0.027875721449261825,-0.3737037889714311,0.32421875
11.440001044000383,0.0,-3.395339179574279,3.395339179574279,-0.7667830043520238,1850.0,run,0.08888977185830124,0.02906091840737251,-0.3440127655885724,0.32421875
11.460000689000026,0.0,-2.5524568633206,2.5524568633206,-0.5891030670785193,1825.0,run,0.06682316442010704,0.029951893932973934,-0.26416760623542895,0.2109375
11.480000853000092,0.0,-2.5524568633206,2.5524568633206,-0.5091242613965355,1800.0,run,0.06682316442010704,0.03084286945857536,-0.23222954249417158,0.2109375
11.50000073900037,0.0,-2.0266425719403856,2.0266425719403856,-0.4908458688562923,1775.0,run,0.05305737846216867,0.031550301171404276,-0.21945431699766862,0.2109375
11.520000773999982,0.0,-2.0266425719403856,2.0266425719403856,0.0,1500,idle,0.05305737846216867,0.031550301171404276,-0.21945431699766862,0.111328125
11.540001029999985,0.0,-2.0266425719403856,2.0266425719403856,0.0,1500,idle,0.05305737846216867,0.031550301171404276,-0.21945431699766862,0.111328125
11.560001435000231,0.0,-1.7530868804499562,1.7530868804499562,0.0,1500,idle,0.05305737846216867,0.031550301171404276,-0.21945431699766862,0.037109375
11.580000877000202,0.0,-1.7530868804499562,1.7530868804499562,0.0,1500,idle,0.05305737846216867,0.031550301171404276,-0.21945431699766862,0.037109375
11.600000707000163,0.0,-1.6707690976559775,1.6707690976559775,0.0,1500,idle,0.05305737846216867,0.031550301171404276,-0.21945431699766862,0.037109375
11.620000797000102,0.0,-1.6707690976559775,1.6707690976559775,0.0,1500,idle,0.05305737846216867,0.031550301171404276,-0.21945431699766862,0.005859375
11.640000924000105,0.0,-1.6707690976559775,1.6707690976559775,0.0,1500,idle,0.05305737846216867,0.031550301171404276,-0.21945431699766862,0.005859375
11.660000736000256,0.0,-1.6617942438318778,1.6617942438318778,0.0,1500,idle,0.05305737846216867,0.031550301171404276,-0.21945431699766862,-0.021484375
11.680001215000175,0.0,-1.6617942438318778,1.6617942438318778,0.0,1500,idle,0.05305737846216867,0.031550301171404276,-0.21945431699766862,-0.021484375
11.700000953000199,0.0,-1.702811333011823,1.702811333011823,0.0,1500,idle,0.05305737846216867,0.031550301171404276,-0.21945431699766862,-0.021484375
11.72000076500035,0.0,-1.702811333011823,1.702811333011823,0.0,1500,idle,0.05305737846216867,0.031550301171404276,-0.21945431699766862,-0.03125
11.740000836000036,0.0,-1.702811333011823,1.702811333011823,0.0,1500,idle,0.05305737846216867,0.031550301171404276,-0.21945431699766862,-0.03125
11.760000760000366,0.0,-1.7812854389535175,1.7812854389535175,0.0,1500,idle,0.05305737846216867,0.031550301171404276,-0.21945431699766862,-0.03515625
11.78000101600037,0.0,-1.7812854389535175,1.7812854389535175,0.0,1500,idle,0.05305737846216867,0.031550301171404276,-0.21945431699766862,-0.03515625
11.800000753999939,0.0,-1.8697147472197742,1.8697147472197742,0.0,1500,idle,0.05305737846216867,0.031550301171404276,-0.21945431699766862,-0.03515625
11.820000955000069,0.0,-1.8697147472197742,1.8697147472197742,0.0,1500,idle,0.05305737846216867,0.031550301171404276,-0.21945431699766862,-0.03125
11.840001303999998,0.0,-1.8697147472197742,1.8697147472197742,0.0,1500,idle,0.05305737846216867,0.031550301171404276,-0.21945431699766862,-0.03125
11.86000096800035,0.0,-1.2804932442824963,1.2804932442824963,0.0,1500,idle,0.05305737846216867,0.031550301171404276,-0.21945431699766862,-0.029296875
11.88000081700011,0.0,-1.2804932442824963,1.2804932442824963,0.0,1500,idle,0.05305737846216867,0.031550301171404276,-0.21945431699766862,-0.029296875
11.900000685000123,0.0,-0.7316934286629078,0.7316934286629078,0.0,1500,idle,0.05305737846216867,0.031550301171404276,-0.21945431699766862,-0.029296875
11.920000905000052,0.0,-0.7316934286629078,0.7316934286629078,0.0,1500,idle,0.05305737846216867,0.031550301171404276,-0.21945431699766862,-0.02734375
11.940000865000002,0.0,-0.7316934286629078,0.7316934286629078,0.0,1500,idle,0.05305737846216867,0.031550301171404276,-0.21945431699766862,-0.02734375
11.960001029000068,0.0,-0.42551779197330575,0.42551779197330575,0.0,1500,idle,0.05305737846216867,0.031550301171404276,-0.21945431699766862,-0.0234375
11.980000951999955,0.0,-0.42551779197330575,0.42551779197330575,0.0,1500,idle,0.05305737846216867,0.031550301171404276,-0.21945431699766862,-0.0234375
12.000000838000233,0.0,-0.20572351015198365,0.20572351015198365,0.0,1500,idle,0.05305737846216867,0.031550301171404276,-0.21945431699766862,-0.0234375
12.020000706000246,0.0,-0.20572351015198365,0.20572351015198365,0.0,1500,idle,0.05305737846216867,0.031550301171404276,-0.21945431699766862,-0.015625
12.040000796000186,0.0,-0.20572351015198365,0.20572351015198365,0.0,1500,idle,0.05305737846216867,0.031550301171404276,-0.21945431699766862,-0.015625
12.060000701000263,0.0,-0.023049554982748077,0.023049554982748077,0.0,1500,idle,0.05305737846216867,0.031550301171404276,-0.21945431699766862,-0.009765625
12.08000086500033,0.0,-0.023049554982748077,0.023049554982748077,0.0,1500,idle,0.05305737846216867,0.031550301171404276,-0.21945431699766862,-0.009765625
12.100001048000195,0.0,0.12720253321475639,-0.12720253321475639,0.0,1500,idle,0.05305737846216867,0.031550301171404276,-0.21945431699766862,-0.009765625
12.120000879000145,0.0,0.12720253321475639,-0.12720253321475639,0.0,1500,idle,0.05305737846216867,0.031550301171404276,-0.21945431699766862,0.001953125
12.140000969000084,0.0,0.12720253321475639,-0.12720253321475639,0.0,1500,idle,0.05305737846216867,0.031550301171404276,-0.21945431699766862,0.001953125
12.16000087500015,0.0,0.23107991679080442,-0.23107991679080442,0.0,1500,idle,0.05305737846216867,0.031550301171404276,-0.21945431699766862,0.001953125
12.180001057000027,0.0,0.23107991679080442,-0.23107991679080442,0.0,1500,idle,0.05305737846216867,0.031550301171404276,-0.21945431699766862,0.001953125
12.20000103700022,0.0,0.29891269107835683,-0.29891269107835683,0.0,1500,idle,0.05305737846216867,0.031550301171404276,-0.21945431699766862,0.001953125
12.22000099700017,0.0,0.29891269107835683,-0.29891269107835683,0.0,1500,idle,0.05305737846216867,0.031550301171404276,-0.21945431699766862,0.005859375
12.240000643000258,0.0,0.29891269107835683,-0.29891269107835683,0.0,1500,idle,0.05305737846216867,0.031550301171404276,-0.21945431699766862,0.005859375
12.260001567000018,0.0,0.3659736377327363,-0.3659736377327363,0.0,1500,idle,0.05305737846216867,0.031550301171404276,-0.21945431699766862,0.001953125
12.280000694000137,0.0,0.3659736377327363,-0.3659736377327363,0.0,1500,idle,0.05305737846216867,0.031550301171404276,-0.21945431699766862,0.001953125
12.300000748000002,0.0,0.411428985837091,-0.411428985837091,0.0,1500,idle,0.05305737846216867,0.031550301171404276,-0.21945431699766862,0.001953125
12.320000931000322,0.0,0.411428985837091,-0.411428985837091,0.0,1500,idle,0.05305737846216867,0.031550301171404276,-0.21945431699766862,-0.00390625
12.340000964999945,0.0,0.411428985837091,-0.411428985837091,0.0,1500,idle,0.05305737846216867,0.031550301171404276,-0.21945431699766862,-0.00390625
12.360001111000201,0.0,0.4454197978685386,-0.4454197978685386,0.0,1500,idle,0.05305737846216867,0.031550301171404276,-0.21945431699766862,-0.001953125
12.38000096099995,0.0,0.4454197978685386,-0.4454197978685386,0.0,1500,idle,0.05305737846216867,0.031550301171404276,-0.21945431699766862,-0.001953125
12.400000996000017,0.0,0.49134133194598917,-0.49134133194598917,0.0,1500,idle,0.05305737846216867,0.031550301171404276,-0.21945431699766862,-0.001953125
12.420001085999957,0.0,0.49134133194598917,-0.49134133194598917,0.0,1500,idle,0.05305737846216867,0.031550301171404276,-0.21945431699766862,0.001953125
12.440000880000298,0.0,0.49134133194598917,-0.49134133194598917,0.0,1500,idle,0.05305737846216867,0.031550301171404276,-0.21945431699766862,0.001953125
12.460000841000237,0.0,0.5226402168009372,-0.5226402168009372,0.0,1500,idle,0.05305737846216867,0.031550301171404276,-0.21945431699766862,0.00390625
12.480000819999987,0.0,0.5226402168009372,-0.5226402168009372,0.0,1500,idle,0.05305737846216867,0.031550301171404276,-0.21945431699766862,0.00390625
12.500001281000095,0.0,0.5529087564809174,-0.5529087564809174,0.0,1500,idle,0.05305737846216867,0.031550301171404276,-0.21945431699766862,0.00390625
12.52000074200032,0.0,0.5529087564809174,-0.5529087564809174,0.0,1500,idle,0.05305737846216867,0.031550301171404276,-0.21945431699766862,0.0
12.540000887000133,0.0,0.5529087564809174,-0.5529087564809174,0.0,1500,idle,0.05305737846216867,0.031550301171404276,-0.21945431699766862,0.0
12.560001107000062,0.0,0.5824496835127206,-0.5824496835127206,0.0,1500,idle,0.05305737846216867,0.031550301171404276,-0.21945431699766862,-0.001953125
12.580008661000193,0.0,0.5824496835127206,-0.5824496835127206,0.0,1500,idle,0.05305737846216867,0.031550301171404276,-0.21945431699766862,-0.001953125
12.600000844000078,0.0,0.613415699044424,-0.613415699044424,0.0,1500,idle,0.05305737846216867,0.031550301171404276,-0.21945431699766862,-0.001953125
12.620001064000007,0.0,0.613415699044424,-0.613415699044424,0.0,1500,idle,0.05305737846216867,0.031550301171404276,-0.21945431699766862,0.0
12.640001043000211,0.0,0.613415699044424,-0.613415699044424,0.0,1500,idle,0.05305737846216867,0.031550301171404276,-0.21945431699766862,0.0
12.660000818000299,0.0,0.6348359029273638,-0.6348359029273638,0.0,1500,idle,0.05305737846216867,0.031550301171404276,-0.21945431699766862,-0.001953125
12.680000927000037,0.0,0.6348359029273638,-0.6348359029273638,0.0,1500,idle,0.05305737846216867,0.031550301171404276,-0.21945431699766862,-0.001953125
12.700000906000241,0.0,0.6542515807771849,-0.6542515807771849,0.0,1500,idle,0.05305737846216867,0.031550301171404276,-0.21945431699766862,-0.001953125
12.720000978000371,0.0,0.6542515807771849,-0.6542515807771849,0.0,1500,idle,0.05305737846216867,0.031550301171404276,-0.21945431699766862,0.0
12.740000791000057,0.0,0.6542515807771849,-0.6542515807771849,0.0,1500,idle,0.05305737846216867,0.031550301171404276,-0.21945431699766862,0.0
12.760000955000123,0.0,0.6811800691240819,-0.6811800691240819,0.0,1500,idle,0.05305737846216867,0.031550301171404276,-0.21945431699766862,0.001953125
12.780001008999989,0.0,0.6811800691240819,-0.6811800691240819,0.0,1500,idle,0.05305737846216867,0.031550301171404276,-0.21945431699766862,0.001953125
12.800000858000203,0.0,0.7031261016302608,-0.7031261016302608,0.0,1500,idle,0.05305737846216867,0.031550301171404276,-0.21945431699766862,0.001953125
12.820000966999942,0.0,0.7031261016302608,-0.7031261016302608,0.0,1500,idle,0.05305737846216867,0.031550301171404276,-0.21945431699766862,0.001953125
12.840001354000378,0.0,0.7031261016302608,-0.7031261016302608,0.0,1500,idle,0.05305737846216867,0.031550301171404276,-0.21945431699766862,0.001953125
12.86000066600036,0.0,0.7205187992167339,-0.7205187992167339,0.0,1500,idle,0.05305737846216867,0.031550301171404276,-0.21945431699766862,-0.00390625
12.880000979000215,0.0,0.7205187992167339,-0.7205187992167339,0.0,1500,idle,0.05305737846216867,0.031550301171404276,-0.21945431699766862,-0.00390625
12.900000827999975,0.0,0.7364624689169261,-0.7364624689169261,0.0,1500,idle,0.05305737846216867,0.031550301171404276,-0.21945431699766862,-0.00390625
12.920001030000094,0.0,0.7364624689169261,-0.7364624689169261,0.0,1500,idle,0.05305737846216867,0.031550301171404276,-0.21945431699766862,0.0
12.940001046000361,0.0,0.7364624689169261,-0.7364624689169261,0.0,1500,idle,0.05305737846216867,0.031550301171404276,-0.21945431699766862,0.0
12.960000970000237,0.0,0.760501780940416,-0.760501780940416,0.0,1500,idle,0.05305737846216867,0.031550301171404276,-0.21945431699766862,0.001953125
12.980000671000198,0.0,0.760501780940416,-0.760501780940416,0.0,1500,idle,0.05305737846216867,0.031550301171404276,-0.21945431699766862,0.001953125
13.000000706000264,0.0,0.7820151286064174,-0.7820151286064174,0.0,1500,idle,0.05305737846216867,0.031550301171404276,-0.21945431699766862,0.001953125
13.020000944999992,0.0,0.7820151286064174,-0.7820151286064174,0.0,1500,idle,0.05305737846216867,0.031550301171404276,-0.21945431699766862,-0.001953125
13.040000775999943,0.0,0.7820151286064174,-0.7820151286064174,0.0,1500,idle,0.05305737846216867,0.031550301171404276,-0.21945431699766862,-0.001953125
13.060001032999935,0.0,0.7886921278523857,-0.7886921278523857,0.0,1500,idle,0.05305737846216867,0.031550301171404276,-0.21945431699766862,0.0
13.08000073500034,0.0,0.7886921278523857,-0.7886921278523857,0.0,1500,idle,0.05305737846216867,0.031550301171404276,-0.21945431699766862,0.0
13.100001028999941,0.0,0.8036503049715407,-0.8036503049715407,0.0,1500,idle,0.05305737846216867,0.031550301171404276,-0.21945431699766862,0.0
13.120000767999954,0.0,0.8036503049715407,-0.8036503049715407,0.0,1500,idle,0.05305737846216867,0.031550301171404276,-0.21945431699766862,0.0
13.14000128500038,0.0,0.8036503049715407,-0.8036503049715407,0.0,1500,idle,0.05305737846216867,0.031550301171404276,-0.21945431699766862,0.0
13.160001042000204,0.0,0.8143759365977985,-0.8143759365977985,0.0,1500,idle,0.05305737846216867,0.031550301171404276,-0.21945431699766862,0.001953125
13.180000652000217,0.0,0.8143759365977985,-0.8143759365977985,0.0,1500,idle,0.05305737846216867,0.031550301171404276,-0.21945431699766862,0.001953125
13.200000853000347,0.0,0.8223025403480904,-0.8223025403480904,0.0,1500,idle,0.05305737846216867,0.031550301171404276,-0.21945431699766862,0.001953125
13.220000870000149,0.0,0.8223025403480904,-0.8223025403480904,0.0,1500,idle,0.05305737846216867,0.031550301171404276,-0.21945431699766862,-0.001953125
13.240001072000268,0.0,0.8223025403480904,-0.8223025403480904,0.0,1500,idle,0.05305737846216867,0.031550301171404276,-0.21945431699766862,-0.001953125
13.260000922000017,0.0,0.8329596068116132,-0.8329596068116132,0.0,1500,idle,0.05305737846216867,0.031550301171404276,-0.21945431699766862,0.001953125
13.280000753999957,0.0,0.8329596068116132,-0.8329596068116132,0.0,1500,idle,0.05305737846216867,0.031550301171404276,-0.21945431699766862,0.001953125
13.300000678000288,0.0,0.847441965496671,-0.847441965496671,0.0,1500,idle,0.05305737846216867,0.031550301171404276,-0.21945431699766862,0.001953125
13.320001008999952,0.0,0.847441965496671,-0.847441965496671,0.0,1500,idle,0.05305737846216867,0.031550301171404276,-0.21945431699766862,0.001953125
13.340000711000357,0.0,0.847441965496671,-0.847441965496671,0.0,1500,idle,0.05305737846216867,0.031550301171404276,-0.21945431699766862,0.001953125
13.360000875999958,0.0,0.8524408887239474,-0.8524408887239474,0.0,1500,idle,0.05305737846216867,0.031550301171404276,-0.21945431699766862,-0.00390625
13.380000763000226,0.0,0.8524408887239474,-0.8524408887239474,0.0,1500,idle,0.05305737846216867,0.031550301171404276,-0.21945431699766862,-0.00390625
13.400000798000292,0.0,0.8589304462176415,-0.8589304462176415,0.0,1500,idle,0.05305737846216867,0.031550301171404276,-0.21945431699766862,-0.00390625
13.420000834000348,0.0,0.8589304462176415,-0.8589304462176415,0.0,1500,idle,0.05305737846216867,0.031550301171404276,-0.21945431699766862,0.0
13.44000109100034,0.0,0.8589304462176415,-0.8589304462176415,0.0,1500,idle,0.05305737846216867,0.031550301171404276,-0.21945431699766862,0.0
13.460001034000015,0.0,0.8657564030195886,-0.8657564030195886,0.0,1500,idle,0.05305737846216867,0.031550301171404276,-0.21945431699766862,0.0
13.480000662000293,0.0,0.8657564030195886,-0.8657564030195886,0.0,1500,idle,0.05305737846216867,0.031550301171404276,-0.21945431699766862,0.0
13.500001012000212,0.0,0.8742239829778384,-0.8742239829778384,0.0,1500,idle,0.05305737846216867,0.031550301171404276,-0.21945431699766862,0.0
13.520000917000289,0.0,0.8742239829778384,-0.8742239829778384,0.0,1500,idle,0.05305737846216867,0.031550301171404276,-0.21945431699766862,-0.001953125
13.540001118999953,0.0,0.8742239829778384,-0.8742239829778384,0.0,1500,idle,0.05305737846216867,0.031550301171404276,-0.21945431699766862,-0.001953125
13.56000102500002,0.0,0.8836724744448361,-0.8836724744448361,0.0,1500,idle,0.05305737846216867,0.031550301171404276,-0.21945431699766862,-0.001953125
13.580000893000033,0.0,0.8836724744448361,-0.8836724744448361,0.0,1500,idle,0.05305737846216867,0.031550301171404276,-0.21945431699766862,-0.001953125
13.600001003000216,0.0,0.8924145763809008,-0.8924145763809008,0.0,1500,idle,0.05305737846216867,0.031550301171404276,-0.21945431699766862,-0.001953125
13.62000087100023,0.0,0.8924145763809008,-0.8924145763809008,0.0,1500,idle,0.05305737846216867,0.031550301171404276,-0.21945431699766862,0.001953125
13.640000666000105,0.0,0.8924145763809008,-0.8924145763809008,0.0,1500,idle,0.05305737846216867,0.031550301171404276,-0.21945431699766862,0.001953125
13.660000738000235,0.0,0.9000690156062774,-0.9000690156062774,0.0,1500,idle,0.05305737846216867,0.031550301171404276,-0.21945431699766862,0.001953125
13.68000092200009,0.0,0.9000690156062774,-0.9000690156062774,0.0,1500,idle,0.05305737846216867,0.031550301171404276,-0.21945431699766862,0.001953125
13.70000086400023,0.0,0.9081081252159038,-0.9081081252159038,0.0,1500,idle,0.05305737846216867,0.031550301171404276,-0.21945431699766862,0.001953125
13.72000069600017,0.0,0.9081081252159038,-0.9081081252159038,0.0,1500,idle,0.05305737846216867,0.031550301171404276,-0.21945431699766862,0.0
13.740000861000226,0.0,0.9081081252159038,-0.9081081252159038,0.0,1500,idle,0.05305737846216867,0.031550301171404276,-0.21945431699766862,0.0
13.760000674000366,0.0,0.910022830242184,-0.910022830242184,0.0,1500,idle,0.05305737846216867,0.031550301171404276,-0.21945431699766862,0.0
13.780000931000359,0.0,0.910022830242184,-0.910022830242184,0.0,1500,idle,0.05305737846216867,0.031550301171404276,-0.21945431699766862,0.0
13.800000633000309,0.0,0.9225561116116978,-0.9225561116116978,0.0,1500,idle,0.05305737846216867,0.031550301171404276,-0.21945431699766862,0.0
13.820000964999963,0.0,0.9225561116116978,-0.9225561116116978,0.0,1500,idle,0.05305737846216867,0.031550301171404276,-0.21945431699766862,0.001953125
13.840001074000156,0.0,0.9225561116116978,-0.9225561116116978,0.0,1500,idle,0.05305737846216867,0.031550301171404276,-0.21945431699766862,0.001953125
13.860000887000297,0.0,0.9257159741258079,-0.9257159741258079,0.0,1500,idle,0.05305737846216867,0.031550301171404276,-0.21945431699766862,-0.001953125
13.880001163000088,0.0,0.9257159741258079,-0.9257159741258079,0.0,1500,idle,0.05305737846216867,0.031550301171404276,-0.21945431699766862,-0.001953125
13.900000920000366,0.0,0.9279391771578958,-0.9279391771578958,0.0,1500,idle,0.05305737846216867,0.031550301171404276,-0.21945431699766862,-0.001953125
13.920000825999978,0.0,0.9279391771578958,-0.9279391771578958,0.0,1500,idle,0.05305737846216867,0.031550301171404276,-0.21945431699766862,0.0
13.940000806000171,0.0,0.9279391771578958,-0.9279391771578958,0.0,1500,idle,0.05305737846216867,0.031550301171404276,-0.21945431699766862,0.0
13.960000821999984,0.0,0.9305943311783267,-0.9305943311783267,0.0,1500,idle,0.05305737846216867,0.031550301171404276,-0.21945431699766862,0.0
13.980000672000187,0.0,0.9305943311783267,-0.9305943311783267,0.0,1500,idle,0.05305737846216867,0.031550301171404276,-0.21945431699766862,0.0
14.00000105900017,0.0,0.9332486160155611,-0.9332486160155611,0.0,1500,idle,0.05305737846216867,0.031550301171404276,-0.21945431699766862,0.0
14.020001039000363,0.0,0.9332486160155611,-0.9332486160155611,0.0,1500,idle,0.05305737846216867,0.031550301171404276,-0.21945431699766862,0.0
14.040000814999985,0.0,0.9332486160155611,-0.9332486160155611,0.0,1500,idle,0.05305737846216867,0.031550301171404276,-0.21945431699766862,0.0
14.060000702000252,0.0,0.9409775419051698,-0.9409775419051698,0.0,1500,idle,0.05305737846216867,0.031550301171404276,-0.21945431699766862,0.001953125
14.080000905000361,0.0,0.9409775419051698,-0.9409775419051698,0.0,1500,idle,0.05305737846216867,0.031550301171404276,-0.21945431699766862,0.001953125
14.1000008660003,0.0,0.9443371006214534,-0.9443371006214534,0.0,1500,idle,0.05305737846216867,0.031550301171404276,-0.21945431699766862,0.001953125
14.120001087000219,0.0,0.9443371006214534,-0.9443371006214534,0.0,1500,idle,0.05305737846216867,0.031550301171404276,-0.21945431699766862,-0.001953125
14.140001086000211,0.0,0.9443371006214534,-0.9443371006214534,0.0,1500,idle,0.05305737846216867,0.031550301171404276,-0.21945431699766862,-0.001953125
14.160000992000278,0.0,0.9493258942531781,-0.9493258942531781,0.0,1500,idle,0.05305737846216867,0.031550301171404276,-0.21945431699766862,-0.001953125
14.180000675999963,0.0,0.9493258942531781,-0.9493258942531781,0.0,1500,idle,0.05305737846216867,0.031550301171404276,-0.21945431699766862,-0.001953125
14.200001008000072,0.0,0.9490153305242757,-0.9490153305242757,0.0,1500,idle,0.05305737846216867,0.031550301171404276,-0.21945431699766862,-0.001953125
14.220001025000329,0.0,0.9490153305242757,-0.9490153305242757,0.0,1500,idle,0.05305737846216867,0.031550301171404276,-0.21945431699766862,0.001953125
14.240000764000342,0.0,0.9490153305242757,-0.9490153305242757,0.0,1500,idle,0.05305737846216867,0.031550301171404276,-0.21945431699766862,0.001953125
14.260001170000123,0.0,0.9523749528092935,-0.9523749528092935,0.0,1500,idle,0.05305737846216867,0.031550301171404276,-0.21945431699766862,0.0
14.280001223999989,0.0,0.9523749528092935,-0.9523749528092935,0.0,1500,idle,0.05305737846216867,0.031550301171404276,-0.21945431699766862,0.0
14.300001149000309,0.0,0.9531896775187079,-0.9531896775187079,0.0,1500,idle,0.05305737846216867,0.031550301171404276,-0.21945431699766862,0.0
14.320000944000185,0.0,0.9531896775187079,-0.9531896775187079,0.0,1500,idle,0.05305737846216867,0.031550301171404276,-0.21945431699766862,0.0
14.340000887000315,0.0,0.9531896775187079,-0.9531896775187079,0.0,1500,idle,0.05305737846216867,0.031550301171404276,-0.21945431699766862,0.0
14.360000978000244,0.0,0.9604126935092836,-0.9604126935092836,0.0,1500,idle,0.05305737846216867,0.031550301171404276,-0.21945431699766862,0.0
14.3800010140003,0.0,0.9604126935092836,-0.9604126935092836,0.0,1500,idle,0.05305737846216867,0.031550301171404276,-0.21945431699766862,0.0
14.400000883000303,0.0,0.9604126935092836,-0.9604126935092836,0.0,1500,idle,0.05305737846216867,0.031550301171404276,-0.21945431699766862,0.0
14.420001308000337,0.0,0.9604126935092836,-0.9604126935092836,0.0,1500,idle,0.05305737846216867,0.031550301171404276,-0.21945431699766862,0.0
14.440000843000234,0.0,0.9604126935092836,-0.9604126935092836,0.0,1500,idle,0.05305737846216867,0.031550301171404276,-0.21945431699766862,0.0
14.460000861000026,0.0,0.9645873821422128,-0.9645873821422128,0.0,1500,idle,0.05305737846216867,0.031550301171404276,-0.21945431699766862,0.0
14.480000767000092,0.0,0.9645873821422128,-0.9645873821422128,0.0,1500,idle,0.05305737846216867,0.031550301171404276,-0.21945431699766862,0.0
14.500000895000085,0.0,0.9684503227636867,-0.9684503227636867,0.0,1500,idle,0.05305737846216867,0.031550301171404276,-0.21945431699766862,0.0
14.52000093100014,0.0,0.9684503227636867,-0.9684503227636867,0.0,1500,idle,0.05305737846216867,0.031550301171404276,-0.21945431699766862,0.001953125
14.540000726000017,0.0,0.9684503227636867,-0.9684503227636867,0.0,1500,idle,0.05305737846216867,0.031550301171404276,-0.21945431699766862,0.001953125
14.560001371999988,0.0,0.9759855552889576,-0.9759855552889576,0.0,1500,idle,0.05305737846216867,0.031550301171404276,-0.21945431699766862,0.0
14.580000964000192,0.0,0.9759855552889576,-0.9759855552889576,0.0,1500,idle,0.05305737846216867,0.031550301171404276,-0.21945431699766862,0.0
14.600000870000258,0.0,0.9791444446526327,-0.9791444446526327,0.0,1500,idle,0.05305737846216867,0.031550301171404276,-0.21945431699766862,0.0
14.620000794000134,0.0,0.9791444446526327,-0.9791444446526327,0.0,1500,idle,0.05305737846216867,0.031550301171404276,-0.21945431699766862,0.001953125
14.64000083000019,0.0,0.9791444446526327,-0.9791444446526327,0.0,1500,idle,0.05305737846216867,0.031550301171404276,-0.21945431699766862,0.001953125
14.660000958000182,0.0,0.9863671978093862,-0.9863671978093862,0.0,1500,idle,0.05305737846216867,0.031550301171404276,-0.21945431699766862,-0.001953125
14.680000845999984,0.0,0.9863671978093862,-0.9863671978093862,0.0,1500,idle,0.05305737846216867,0.031550301171404276,-0.21945431699766862,-0.001953125
14.700001085000167,0.0,0.9863671978093862,-0.9863671978093862,0.0,1500,idle,0.05305737846216867,0.031550301171404276,-0.21945431699766862,-0.001953125
14.72000071299999,0.0,0.9863671978093862,-0.9863671978093862,0.0,1500,idle,0.05305737846216867,0.031550301171404276,-0.21945431699766862,-0.001953125
14.740000731000237,0.0,0.9863671978093862,-0.9863671978093862,0.0,1500,idle,0.05305737846216867,0.031550301171404276,-0.21945431699766862,-0.001953125
14.760001081000155,0.0,0.9871824373207971,-0.9871824373207971,0.0,1500,idle,0.05305737846216867,0.031550301171404276,-0.21945431699766862,0.0
14.780001061000348,0.0,0.9871824373207971,-0.9871824373207971,0.0,1500,idle,0.05305737846216867,0.031550301171404276,-0.21945431699766862,0.0
14.800000893000288,0.0,0.9806632125173849,-0.9806632125173849,0.0,1500,idle,0.05305737846216867,0.031550301171404276,-0.21945431699766862,0.0
14.820000688000164,0.0,0.9806632125173849,-0.9806632125173849,0.0,1500,idle,0.05305737846216867,0.031550301171404276,-0.21945431699766862,-0.001953125
14.840001242000199,0.0,0.9806632125173849,-0.9806632125173849,0.0,1500,idle,0.05305737846216867,0.031550301171404276,-0.21945431699766862,-0.001953125
14.860000741000022,0.0,0.9806632125173849,-0.9806632125173849,0.0,1500,idle,0.05305737846216867,0.031550301171404276,-0.21945431699766862,0.001953125
14.880000684000152,0.0,0.9806632125173849,-0.9806632125173849,0.0,1500,idle,0.05305737846216867,0.031550301171404276,-0.21945431699766862,0.001953125
14.900001109000186,0.0,0.9840234780921548,-0.9840234780921548,0.0,1500,idle,0.05305737846216867,0.031550301171404276,-0.21945431699766862,0.001953125
14.92000108900038,0.0,0.9840234780921548,-0.9840234780921548,0.0,1500,idle,0.05305737846216867,0.031550301171404276,-0.21945431699766862,-0.001953125
14.940000698999938,0.0,0.9840234780921548,-0.9840234780921548,0.0,1500,idle,0.05305737846216867,0.031550301171404276,-0.21945431699766862,-0.001953125
14.960000696999941,0.0,0.9806632125173849,-0.9806632125173849,0.0,1500,idle,0.05305737846216867,0.031550301171404276,-0.21945431699766862,-0.001953125
14.980000752000251,0.0,0.9806632125173849,-0.9806632125173849,0.0,1500,idle,0.05305737846216867,0.031550301171404276,-0.21945431699766862,-0.001953125
15.000000935000116,0.0,0.9798481061894506,-0.9798481061894506,0.0,1500,idle,0.05305737846216867,0.031550301171404276,-0.21945431699766862,-0.001953125
15.0200009160003,0.0,0.9798481061894506,-0.9798481061894506,0.0,1500,idle,0.05305737846216867,0.031550301171404276,-0.21945431699766862,-0.001953125
15.040000877000239,0.0,0.9798481061894506,-0.9798481061894506,0.0,1500,idle,0.05305737846216867,0.031550301171404276,-0.21945431699766862,-0.001953125
15.060000913000295,0.0,0.9806632125173849,-0.9806632125173849,0.0,1500,idle,0.05305737846216867,0.031550301171404276,-0.21945431699766862,-0.001953125
15.08000094900035,0.0,0.9806632125173849,-0.9806632125173849,0.0,1500,idle,0.05305737846216867,0.031550301171404276,-0.21945431699766862,-0.001953125
15.100001022000015,0.0,0.9806632125173849,-0.9806632125173849,0.0,1500,idle,0.05305737846216867,0.031550301171404276,-0.21945431699766862,-0.001953125
15.120001040000261,0.0,0.9806632125173849,-0.9806632125173849,0.0,1500,idle,0.05305737846216867,0.031550301171404276,-0.21945431699766862,0.001953125
15.140000891,0.0,0.9806632125173849,-0.9806632125173849,0.0,1500,idle,0.05305737846216867,0.031550301171404276,-0.21945431699766862,0.001953125
15.160000908000256,0.0,0.9749593385890307,-0.9749593385890307,0.0,1500,idle,0.05305737846216867,0.031550301171404276,-0.21945431699766862,0.0
15.180000758999995,0.0,0.9749593385890307,-0.9749593385890307,0.0,1500,idle,0.05305737846216867,0.031550301171404276,-0.21945431699766862,0.0
15.20000103600023,0.0,0.9710969143701504,-0.9710969143701504,0.0,1500,idle,0.05305737846216867,0.031550301171404276,-0.21945431699766862,0.0
15.22000099800016,0.0,0.9710969143701504,-0.9710969143701504,0.0,1500,idle,0.05305737846216867,0.031550301171404276,-0.21945431699766862,0.0
15.240000849000353,0.0,0.9710969143701504,-0.9710969143701504,0.0,1500,idle,0.05305737846216867,0.031550301171404276,-0.21945431699766862,0.0
15.260000830000081,0.0,0.9677376181243744,-0.9677376181243744,0.0,1500,idle,0.05305737846216867,0.031550301171404276,-0.21945431699766862,0.001953125
15.280000699000084,0.0,0.9677376181243744,-0.9677376181243744,0.0,1500,idle,0.05305737846216867,0.031550301171404276,-0.21945431699766862,0.001953125
15.30000097600032,0.0,0.9677376181243744,-0.9677376181243744,0.0,1500,idle,0.05305737846216867,0.031550301171404276,-0.21945431699766862,0.001953125
15.320000994000111,0.0,0.9677376181243744,-0.9677376181243744,0.0,1500,idle,0.05305737846216867,0.031550301171404276,-0.21945431699766862,0.0
15.34000093700024,0.0,0.9677376181243744,-0.9677376181243744,0.0,1500,idle,0.05305737846216867,0.031550301171404276,-0.21945431699766862,0.0
15.36000089900017,0.0,0.9677376181243744,-0.9677376181243744,0.0,1500,idle,0.05305737846216867,0.031550301171404276,-0.21945431699766862,0.0
15.380001195000204,0.0,0.9677376181243744,-0.9677376181243744,0.0,1500,idle,0.05305737846216867,0.031550301171404276,-0.21945431699766862,0.0
15.400000879000345,0.0,0.9677376181243744,-0.9677376181243744,0.0,1500,idle,0.05305737846216867,0.031550301171404276,-0.21945431699766862,0.0
15.420000730000083,0.0,0.9677376181243744,-0.9677376181243744,0.0,1500,idle,0.05305737846216867,0.031550301171404276,-0.21945431699766862,0.00390625
15.440000913999938,0.0,0.9677376181243744,-0.9677376181243744,0.0,1500,idle,0.05305737846216867,0.031550301171404276,-0.21945431699766862,0.00390625
15.460000839000259,0.0,0.9710969143701504,-0.9710969143701504,0.0,1500,idle,0.05305737846216867,0.031550301171404276,-0.21945431699766862,0.0
15.48000096800024,0.0,0.9710969143701504,-0.9710969143701504,0.0,1500,idle,0.05305737846216867,0.031550301171404276,-0.21945431699766862,0.0
15.500001004000296,0.0,0.9749593385890307,-0.9749593385890307,0.0,1500,idle,0.05305737846216867,0.031550301171404276,-0.21945431699766862,0.0
15.520001022000088,0.0,0.9749593385890307,-0.9749593385890307,0.0,1500,idle,0.05305737846216867,0.031550301171404276,-0.21945431699766862,-0.001953125
15.540001095000207,0.0,0.9749593385890307,-0.9749593385890307,0.0,1500,idle,0.05305737846216867,0.031550301171404276,-0.21945431699766862,-0.001953125
15.560001224000189,0.0,0.9791352605732584,-0.9791352605732584,0.0,1500,idle,0.05305737846216867,0.031550301171404276,-0.21945431699766862,-0.001953125
15.58000077800034,0.0,0.9791352605732584,-0.9791352605732584,0.0,1500,idle,0.05305737846216867,0.031550301171404276,-0.21945431699766862,-0.001953125
15.600001000000248,0.0,0.977293614279148,-0.977293614279148,0.0,1500,idle,0.05305737846216867,0.031550301171404276,-0.21945431699766862,-0.001953125
15.62000086900025,0.0,0.977293614279148,-0.977293614279148,0.0,1500,idle,0.05305737846216867,0.031550301171404276,-0.21945431699766862,-0.001953125
15.640000978999979,0.0,0.977293614279148,-0.977293614279148,0.0,1500,idle,0.05305737846216867,0.031550301171404276,-0.21945431699766862,-0.001953125
15.660000997000225,0.0,0.977293614279148,-0.977293614279148,0.0,1500,idle,0.05305737846216867,0.031550301171404276,-0.21945431699766862,0.001953125
15.68000103300028,0.0,0.977293614279148,-0.977293614279148,0.0,1500,idle,0.05305737846216867,0.031550301171404276,-0.21945431699766862,0.001953125
15.700000958000146,0.0,0.9819725081240165,-0.9819725081240165,0.0,1500,idle,0.05305737846216867,0.031550301171404276,-0.21945431699766862,0.001953125
15.720000902000265,0.0,0.9819725081240165,-0.9819725081240165,0.0,1500,idle,0.05305737846216867,0.031550301171404276,-0.21945431699766862,0.001953125
15.740001049000057,0.0,0.9819725081240165,-0.9819725081240165,0.0,1500,idle,0.05305737846216867,0.031550301171404276,-0.21945431699766862,0.001953125
15.76000091900005,0.0,0.9819725081240165,-0.9819725081240165,0.0,1500,idle,0.05305737846216867,0.031550301171404276,-0.21945431699766862,-0.001953125
15.78000071400038,0.0,0.9819725081240165,-0.9819725081240165,0.0,1500,idle,0.05305737846216867,0.031550301171404276,-0.21945431699766862,-0.001953125
15.800000898000235,0.0,0.9853315416185353,-0.9853315416185353,0.0,1500,idle,0.05305737846216867,0.031550301171404276,-0.21945431699766862,-0.001953125
15.820000971000354,0.0,0.9853315416185353,-0.9853315416185353,0.0,1500,idle,0.05305737846216867,0.031550301171404276,-0.21945431699766862,0.001953125
15.840000971000336,0.0,0.9853315416185353,-0.9853315416185353,0.0,1500,idle,0.05305737846216867,0.031550301171404276,-0.21945431699766862,0.001953125
15.860001044,0.0,0.9861493220836053,-0.9861493220836053,0.0,1500,idle,0.05305737846216867,0.031550301171404276,-0.21945431699766862,0.0
15.88000074599995,0.0,0.9861493220836053,-0.9861493220836053,0.0,1500,idle,0.05305737846216867,0.031550301171404276,-0.21945431699766862,0.0
15.90000106000025,0.0,0.9895083555781241,-0.9895083555781241,0.0,1500,idle,0.05305737846216867,0.031550301171404276,-0.21945431699766862,0.0
15.920000819000052,0.0,0.9895083555781241,-0.9895083555781241,0.0,1500,idle,0.05305737846216867,0.031550301171404276,-0.21945431699766862,0.0
15.940000688000055,0.0,0.9895083555781241,-0.9895083555781241,0.0,1500,idle,0.05305737846216867,0.031550301171404276,-0.21945431699766862,0.0
15.96000072400011,0.0,0.9895083555781241,-0.9895083555781241,0.0,1500,idle,0.05305737846216867,0.031550301171404276,-0.21945431699766862,0.0
15.980000723000103,0.0,0.9895083555781241,-0.9895083555781241,0.0,1500,idle,0.05305737846216867,0.031550301171404276,-0.21945431699766862,0.0
16.000000834000275,0.0,0.9861493220836053,-0.9861493220836053,0.0,1500,idle,0.05305737846216867,0.031550301171404276,-0.21945431699766862,0.0
16.02000101800013,0.0,0.9861493220836053,-0.9861493220836053,0.0,1500,idle,0.05305737846216867,0.031550301171404276,-0.21945431699766862,0.0
16.04000098000006,0.0,0.9861493220836053,-0.9861493220836053,0.0,1500,idle,0.05305737846216867,0.031550301171404276,-0.21945431699766862,0.0
16.060000757000125,0.0,0.9895083555781241,-0.9895083555781241,0.0,1500,idle,0.05305737846216867,0.031550301171404276,-0.21945431699766862,0.001953125
16.08000094199997,0.0,0.9895083555781241,-0.9895083555781241,0.0,1500,idle,0.05305737846216867,0.031550301171404276,-0.21945431699766862,0.001953125
16.100015514999996,0.0,0.9952116193294387,-0.9952116193294387,0.0,1500,idle,0.05305737846216867,0.031550301171404276,-0.21945431699766862,0.001953125
16.12000083000021,0.0,0.9952116193294387,-0.9952116193294387,0.0,1500,idle,0.05305737846216867,0.031550301171404276,-0.21945431699766862,0.0
16.140001051000127,0.0,0.9952116193294387,-0.9952116193294387,0.0,1500,idle,0.05305737846216867,0.031550301171404276,-0.21945431699766862,0.0
16.160001070000362,0.0,0.9975550551266394,-0.9975550551266394,0.0,1500,idle,0.05305737846216867,0.031550301171404276,-0.21945431699766862,0.0
16.18000103200029,0.0,0.9975550551266394,-0.9975550551266394,0.0,1500,idle,0.05305737846216867,0.031550301171404276,-0.21945431699766862,0.0
16.200000680000358,0.0,0.9975550551266394,-0.9975550551266394,0.0,1500,idle,0.05305737846216867,0.031550301171404276,-0.21945431699766862,0.0
16.220000994000202,0.0,0.9975550551266394,-0.9975550551266394,0.0,1500,idle,0.05305737846216867,0.031550301171404276,-0.21945431699766862,-0.001953125
16.240001031000247,0.0,0.9975550551266394,-0.9975550551266394,0.0,1500,idle,0.05305737846216867,0.031550301171404276,-0.21945431699766862,-0.001953125
16.260000714999933,0.0,1.0017317935397614,-1.0017317935397614,0.0,1500,idle,0.05305737846216867,0.031550301171404276,-0.21945431699766862,0.0
16.280000900000232,0.0,1.0017317935397614,-1.0017317935397614,0.0,1500,idle,0.05305737846216867,0.031550301171404276,-0.21945431699766862,0.0
16.300000770000224,0.0,1.0055928591131646,-1.0055928591131646,0.0,1500,idle,0.05305737846216867,0.031550301171404276,-0.21945431699766862,0.0
16.320000788000016,0.0,1.0055928591131646,-1.0055928591131646,0.0,1500,idle,0.05305737846216867,0.031550301171404276,-0.21945431699766862,-0.001953125
16.34000108400005,0.0,1.0055928591131646,-1.0055928591131646,0.0,1500,idle,0.05305737846216867,0.031550301171404276,-0.21945431699766862,-0.001953125
16.360000954000043,0.0,1.0089528613714265,-1.0089528613714265,0.0,1500,idle,0.05305737846216867,0.031550301171404276,-0.21945431699766862,0.0
16.3800007130003,0.0,1.0089528613714265,-1.0089528613714265,0.0,1500,idle,0.05305737846216867,0.031550301171404276,-0.21945431699766862,0.0
16.40000073100009,0.0,1.0089528613714265,-1.0089528613714265,0.0,1500,idle,0.05305737846216867,0.031550301171404276,-0.21945431699766862,0.0
16.42000080400021,0.0,1.0089528613714265,-1.0089528613714265,0.0,1500,idle,0.05305737846216867,0.031550301171404276,-0.21945431699766862,0.0
16.440000915000383,0.0,1.0089528613714265,-1.0089528613714265,0.0,1500,idle,0.05305737846216867,0.031550301171404276,-0.21945431699766862,0.0
16.460000804000174,0.0,1.0089528613714265,-1.0089528613714265,0.0,1500,idle,0.05305737846216867,0.031550301171404276,-0.21945431699766862,0.001953125
16.480001044000346,0.0,1.0089528613714265,-1.0089528613714265,0.0,1500,idle,0.05305737846216867,0.031550301171404276,-0.21945431699766862,0.001953125
16.5000010990002,0.0,1.0226938122496279,-1.0226938122496279,0.0,1500,idle,0.05305737846216867,0.031550301171404276,-0.21945431699766862,0.001953125
16.52000094999994,0.0,1.0226938122496279,-1.0226938122496279,0.0,1500,idle,0.05305737846216867,0.031550301171404276,-0.21945431699766862,0.0
16.54000089400006,0.0,1.0226938122496279,-1.0226938122496279,0.0,1500,idle,0.05305737846216867,0.031550301171404276,-0.21945431699766862,0.0
16.560001301000284,0.0,1.018516940930283,-1.018516940930283,0.0,1500,idle,0.05305737846216867,0.031550301171404276,-0.21945431699766862,0.001953125
16.580001023000023,0.0,1.018516940930283,-1.018516940930283,0.0,1500,idle,0.05305737846216867,0.031550301171404276,-0.21945431699766862,0.001953125
16.600000967000142,0.0,1.0260547832984912,-1.0260547832984912,0.0,1500,idle,0.05305737846216867,0.031550301171404276,-0.21945431699766862,0.001953125
16.620000837000134,0.0,1.0260547832984912,-1.0260547832984912,0.0,1500,idle,0.05305737846216867,0.031550301171404276,-0.21945431699766862,0.0
16.640000929000053,0.0,1.0260547832984912,-1.0260547832984912,0.0,1500,idle,0.05305737846216867,0.031550301171404276,-0.21945431699766862,0.0
16.660000744000172,0.0,1.0260547832984912,-1.0260547832984912,0.0,1500,idle,0.05305737846216867,0.031550301171404276,-0.21945431699766862,0.0
16.6800007060001,0.0,1.0260547832984912,-1.0260547832984912,0.0,1500,idle,0.05305737846216867,0.031550301171404276,-0.21945431699766862,0.0
16.700000854000336,0.0,1.0260547832984912,-1.0260547832984912,0.0,1500,idle,0.05305737846216867,0.031550301171404276,-0.21945431699766862,0.0
16.720000927,0.0,1.0260547832984912,-1.0260547832984912,0.0,1500,idle,0.05305737846216867,0.031550301171404276,-0.21945431699766862,0.0
16.74000087100012,0.0,1.0260547832984912,-1.0260547832984912,0.0,1500,idle,0.05305737846216867,0.031550301171404276,-0.21945431699766862,0.0
16.76000094500023,0.0,1.0283971185560574,-1.0283971185560574,0.0,1500,idle,0.05305737846216867,0.031550301171404276,-0.21945431699766862,0.00390625
16.780000982000274,0.0,1.0283971185560574,-1.0283971185560574,0.0,1500,idle,0.05305737846216867,0.031550301171404276,-0.21945431699766862,0.00390625
16.800001500000235,0.0,1.0317585425582365,-1.0317585425582365,0.0,1500,idle,0.05305737846216867,0.031550301171404276,-0.21945431699766862,0.0
16.82000111000025,0.0,1.0317585425582365,-1.0317585425582365,0.0,1500,idle,0.05305737846216867,0.031550301171404276,-0.21945431699766862,0.0
16.840001147000294,0.0,1.0317585425582365,-1.0317585425582365,0.0,1500,idle,0.05305737846216867,0.031550301171404276,-0.21945431699766862,0.0
16.86000081300017,0.0,1.0317585425582365,-1.0317585425582365,0.0,1500,idle,0.05305737846216867,0.031550301171404276,-0.21945431699766862,0.0
16.880000739000025,0.0,1.0317585425582365,-1.0317585425582365,0.0,1500,idle,0.05305737846216867,0.031550301171404276,-0.21945431699766862,0.0
16.900000942000133,0.0,1.0317585425582365,-1.0317585425582365,0.0,1500,idle,0.05305737846216867,0.031550301171404276,-0.21945431699766862,-0.001953125
16.92000096000038,0.0,1.0317585425582365,-1.0317585425582365,0.0,1500,idle,0.05305737846216867,0.031550301171404276,-0.21945431699766862,-0.001953125
16.940000830000372,0.0,1.0317585425582365,-1.0317585425582365,0.0,1500,idle,0.05305737846216867,0.031550301171404276,-0.21945431699766862,-0.001953125
16.960000774000036,0.0,1.0374624133545183,-1.0374624133545183,0.0,1500,idle,0.05305737846216867,0.031550301171404276,-0.21945431699766862,0.0
16.980000699000357,0.0,1.0374624133545183,-1.0374624133545183,0.0,1500,idle,0.05305737846216867,0.031550301171404276,-0.21945431699766862,0.0
17.000000903,0.0,1.0374624133545183,-1.0374624133545183,0.0,1500,idle,0.05305737846216867,0.031550301171404276,-0.21945431699766862,0.001953125
17.020000921000246,0.0,1.0374624133545183,-1.0374624133545183,0.0,1500,idle,0.05305737846216867,0.031550301171404276,-0.21945431699766862,0.001953125
17.040001050000228,0.0,1.0374624133545183,-1.0374624133545183,0.0,1500,idle,0.05305737846216867,0.031550301171404276,-0.21945431699766862,0.001953125
17.060000883000157,0.0,1.0317585425582365,-1.0317585425582365,0.0,1500,idle,0.05305737846216867,0.031550301171404276,-0.21945431699766862,0.0
17.08000090099995,0.0,1.0317585425582365,-1.0317585425582365,0.0,1500,idle,0.05305737846216867,0.031550301171404276,-0.21945431699766862,0.0
17.100001105000047,0.0,1.0309437569755744,-1.0309437569755744,0.0,1500,idle,0.05305737846216867,0.031550301171404276,-0.21945431699766862,0.0
17.120000937999976,0.0,1.0309437569755744,-1.0309437569755744,0.0,1500,idle,0.05305737846216867,0.031550301171404276,-0.21945431699766862,0.0
17.14000069800022,0.0,1.0309437569755744,-1.0309437569755744,0.0,1500,idle,0.05305737846216867,0.031550301171404276,-0.21945431699766862,0.0
17.160001068000383,0.0,1.023721015081719,-1.023721015081719,0.0,1500,idle,0.05305737846216867,0.031550301171404276,-0.21945431699766862,-0.001953125
17.180000827000185,0.0,1.023721015081719,-1.023721015081719,0.0,1500,idle,0.05305737846216867,0.031550301171404276,-0.21945431699766862,-0.001953125
17.200001049000093,0.0,1.023721015081719,-1.023721015081719,0.0,1500,idle,0.05305737846216867,0.031550301171404276,-0.21945431699766862,0.0
17.220000735000212,0.0,1.023721015081719,-1.023721015081719,0.0,1500,idle,0.05305737846216867,0.031550301171404276,-0.21945431699766862,0.0
17.240000994000184,0.0,1.023721015081719,-1.023721015081719,0.0,1500,idle,0.05305737846216867,0.031550301171404276,-0.21945431699766862,0.0
17.260000735000176,0.0,1.0195446939628425,-1.0195446939628425,0.0,1500,idle,0.05305737846216867,0.031550301171404276,-0.21945431699766862,0.0
17.280001123000147,0.0,1.0195446939628425,-1.0195446939628425,0.0,1500,idle,0.05305737846216867,0.031550301171404276,-0.21945431699766862,0.0
17.30000088299994,0.0,1.0195446939628425,-1.0195446939628425,0.0,1500,idle,0.05305737846216867,0.031550301171404276,-0.21945431699766862,0.0
17.320001290000164,0.0,1.0195446939628425,-1.0195446939628425,0.0,1500,idle,0.05305737846216867,0.031550301171404276,-0.21945431699766862,0.0
17.340000659999987,0.0,1.0195446939628425,-1.0195446939628425,0.0,1500,idle,0.05305737846216867,0.031550301171404276,-0.21945431699766862,0.0
17.360000809000212,0.0,1.0260632175643138,-1.0260632175643138,0.0,1500,idle,0.05305737846216867,0.031550301171404276,-0.21945431699766862,0.0
17.38000114200031,0.0,1.0260632175643138,-1.0260632175643138,0.0,1500,idle,0.05305737846216867,0.031550301171404276,-0.21945431699766862,0.0
17.400000938000176,0.0,1.0260632175643138,-1.0260632175643138,0.0,1500,idle,0.05305737846216867,0.031550301171404276,-0.21945431699766862,0.0
17.420000753000295,0.0,1.0260632175643138,-1.0260632175643138,0.0,1500,idle,0.05305737846216867,0.031550301171404276,-0.21945431699766862,0.0
17.44000069699996,0.0,1.0260632175643138,-1.0260632175643138,0.0,1500,idle,0.05305737846216867,0.031550301171404276,-0.21945431699766862,0.0
17.460000790000322,0.0,1.0294250316775901,-1.0294250316775901,0.0,1500,idle,0.05305737846216867,0.031550301171404276,-0.21945431699766862,0.001953125
17.480001068000092,0.0,1.0294250316775901,-1.0294250316775901,0.0,1500,idle,0.05305737846216867,0.031550301171404276,-0.21945431699766862,0.001953125
17.50000101200021,0.0,1.0294250316775901,-1.0294250316775901,0.0,1500,idle,0.05305737846216867,0.031550301171404276,-0.21945431699766862,0.0
17.520000920000257,0.0,1.0294250316775901,-1.0294250316775901,0.0,1500,idle,0.05305737846216867,0.031550301171404276,-0.21945431699766862,0.0
17.54000066000026,0.0,1.0294250316775901,-1.0294250316775901,0.0,1500,idle,0.05305737846216867,0.031550301171404276,-0.21945431699766862,0.0
17.56000119700002,0.0,1.0260632175643138,-1.0260632175643138,0.0,1500,idle,0.05305737846216867,0.031550301171404276,-0.21945431699766862,-0.001953125
17.580000938000012,0.0,1.0260632175643138,-1.0260632175643138,0.0,1500,idle,0.05305737846216867,0.031550301171404276,-0.21945431699766862,-0.001953125
17.600000716000068,0.0,1.0294250316775901,-1.0294250316775901,0.0,1500,idle,0.05305737846216867,0.031550301171404276,-0.21945431699766862,0.0
17.620000678999986,0.0,1.0294250316775901,-1.0294250316775901,0.0,1500,idle,0.05305737846216867,0.031550301171404276,-0.21945431699766862,0.0
17.640000920000148,0.0,1.0294250316775901,-1.0294250316775901,0.0,1500,idle,0.05305737846216867,0.031550301171404276,-0.21945431699766862,0.0
17.660001012000066,0.0,1.0260632175643138,-1.0260632175643138,0.0,1500,idle,0.05305737846216867,0.031550301171404276,-0.21945431699766862,0.0
17.68000092000011,0.0,1.0260632175643138,-1.0260632175643138,0.0,1500,idle,0.05305737846216867,0.031550301171404276,-0.21945431699766862,0.0
17.70000086400023,0.0,1.030239671460663,-1.030239671460663,0.0,1500,idle,0.05305737846216867,0.031550301171404276,-0.21945431699766862,0.001953125
17.720000772000276,0.0,1.030239671460663,-1.030239671460663,0.0,1500,idle,0.05305737846216867,0.031550301171404276,-0.21945431699766862,0.001953125
17.74000080900032,0.0,1.0260632175643138,-1.0260632175643138,0.0,1500,idle,0.05305737846216867,0.031550301171404276,-0.21945431699766862,0.001953125
17.76000103100023,0.0,1.0260632175643138,-1.0260632175643138,0.0,1500,idle,0.05305737846216867,0.031550301171404276,-0.21945431699766862,0.001953125
17.780000864000158,0.0,1.0260632175643138,-1.0260632175643138,0.0,1500,idle,0.05305737846216867,0.031550301171404276,-0.21945431699766862,0.001953125
17.80000101199994,0.0,1.030239671460663,-1.030239671460663,0.0,1500,idle,0.05305737846216867,0.031550301171404276,-0.21945431699766862,-0.001953125
17.820000771000196,0.0,1.030239671460663,-1.030239671460663,0.0,1500,idle,0.05305737846216867,0.031550301171404276,-0.21945431699766862,-0.001953125
17.840001142000347,0.0,1.0294250316775901,-1.0294250316775901,0.0,1500,idle,0.05305737846216867,0.031550301171404276,-0.21945431699766862,-0.001953125
17.860001123000075,0.0,1.0294250316775901,-1.0294250316775901,0.0,1500,idle,0.05305737846216867,0.031550301171404276,-0.21945431699766862,0.0
17.880000994000056,0.0,1.0294250316775901,-1.0294250316775901,0.0,1500,idle,0.05305737846216867,0.031550301171404276,-0.21945431699766862,0.0
17.90000071600025,0.0,1.0222018996279587,-1.0222018996279587,0.0,1500,idle,0.05305737846216867,0.031550301171404276,-0.21945431699766862,0.0
17.920000883000284,0.0,1.0222018996279587,-1.0222018996279587,0.0,1500,idle,0.05305737846216867,0.031550301171404276,-0.21945431699766862,0.0
17.940000734000023,0.0,1.0279055118238318,-1.0279055118238318,0.0,1500,idle,0.05305737846216867,0.031550301171404276,-0.21945431699766862,0.0
17.960000901000058,0.0,1.0279055118238318,-1.0279055118238318,0.0,1500,idle,0.05305737846216867,0.031550301171404276,-0.21945431699766862,0.001953125
17.98000103100003,0.0,1.0279055118238318,-1.0279055118238318,0.0,1500,idle,0.05305737846216867,0.031550301171404276,-0.21945431699766862,0.001953125
