wall,t,tgt,ref,angle,err,u,pwm,dir,held,P,I,D,gz
1786720716.9586096,2.259000211779494e-06,0.0,0.0,0.0035680502265336145,-0.0035680502265336145,-8.718391406135755e-05,1430.0,1,1,-8.718391406135755e-05,-7.472906919544933e-07,0.0,0.0
1786720716.975869,0.020001600999876246,0.0,0.0,0.5664830504785812,-0.5664830504785812,-0.09118628943332141,1430.0,1,1,-0.013841792142629471,-7.472906919544933e-07,-0.07734374999999999,0.0859375
1786720716.9898064,0.04000094299999546,0.0,0.0,0.5664830504785812,-0.5664830504785812,-0.12212378943332142,1430.0,1,1,-0.013841792142629471,-7.472906919544933e-07,-0.10828125,0.0859375
1786720717.0110471,0.06000072999995609,0.0,0.0,0.8197897169870885,-0.8197897169870885,-0.140688238920276,1430.0,1,1,-0.020031241629584053,-7.472906919544933e-07,-0.12065624999999999,0.0859375
1786720717.032401,0.08000098000002254,0.0,0.0,0.8197897169870885,-0.8197897169870885,-0.147396051420276,1430.0,1,1,-0.020031241629584053,-7.472906919544933e-07,-0.1273640625,0.087890625
1786720717.0497909,0.10000063699999373,0.0,0.0,0.8197897169870885,-0.8197897169870885,-0.15007917642027602,1430.0,1,1,-0.020031241629584053,-7.472906919544933e-07,-0.13004718750000002,0.087890625
1786720717.0756283,0.1200006270000813,0.0,0.0,1.0650996498582117,-1.0650996498582117,-0.15187304134330232,1430.0,1,1,-0.02602529405261037,-7.472906919544933e-07,-0.125847,0.08203125
1786720717.0897694,0.14000082099983047,0.0,0.0,1.0650996498582117,-1.0650996498582117,-0.15019296634330234,1430.0,1,1,-0.02602529405261037,-7.472906919544933e-07,-0.12416692500000001,0.08203125
1786720717.1109962,0.16000071899998147,0.0,0.0,1.284643687549078,-1.284643687549078,-0.15488540917846172,1430.0,1,1,-0.031389766887769774,-7.472906919544933e-07,-0.123494895,0.08203125
1786720717.1330354,0.18000063499994212,0.0,0.0,1.284643687549078,-1.284643687549078,-0.1458275346784617,1430.0,1,1,-0.031389766887769774,-7.472906919544933e-07,-0.11443702049999999,0.072265625
1786720717.1497736,0.20000099600019894,0.0,0.0,1.284643687549078,-1.284643687549078,-0.1422043848784617,1430.0,1,1,-0.031389766887769774,-7.472906919544933e-07,-0.1108138707,0.072265625
1786720717.1756968,0.2200009680000221,0.0,0.0,1.4744986846990287,-1.474498684699029,-0.13308947018074524,1430.0,1,1,-0.0360287996100533,-7.472906919544933e-07,-0.09705992327999999,0.05859375
1786720717.190403,0.2400008469999193,0.0,0.0,1.4744986846990287,-1.474498684699029,-0.12758789121274525,1430.0,1,1,-0.0360287996100533,-7.472906919544933e-07,-0.091558344312,0.05859375
1786720717.2109694,0.2600008190001972,0.0,0.0,1.6326746711683313,-1.6326746711683313,-0.12925222809161632,1430.0,1,1,-0.03989376807612436,-7.472906919544933e-07,-0.0893577127248,0.05859375
1786720717.2337437,0.2800006420002319,0.0,0.0,1.6326746711683313,-1.6326746711683313,-0.11958291295673631,1430.0,1,1,-0.03989376807612436,-7.472906919544933e-07,-0.07968839758992,0.048828125
1786720717.2504435,0.3000009659999705,0.0,0.0,1.6326746711683313,-1.6326746711683313,-0.11571518690278432,1430.0,1,1,-0.03989376807612436,-7.472906919544933e-07,-0.075820671535968,0.048828125
1786720717.2756577,0.32000106800023786,0.0,0.0,1.7582478036979126,-1.7582478036979126,-0.10844736444176166,1430.0,1,1,-0.04296209853668251,-7.472906919544933e-07,-0.0654845186143872,0.0390625
1786720717.2904494,0.3400010390000716,0.0,0.0,1.7582478036979126,-1.7582478036979126,-0.10431290327312935,1430.0,1,1,-0.04296209853668251,-7.472906919544933e-07,-0.06135005744575489,0.0390625
1786720717.3116422,0.36000091899995823,0.0,0.0,1.8525608320881304,-1.8525608320881306,-0.1049636208277871,1430.0,1,1,-0.045266600558793176,-7.472906919544933e-07,-0.05969627297830196,0.0390625
1786720717.333693,0.3800009090000458,0.0,0.0,1.8525608320881304,-1.8525608320881306,-0.09023960704080591,1430.0,1,1,-0.045266600558793176,-7.472906919544933e-07,-0.044972259191320786,0.0234375
1786720717.3504338,0.40000089900013336,0.0,0.0,1.8525608320881304,-1.8525608320881306,-0.08435000152601344,1430.0,1,1,-0.045266600558793176,-7.472906919544933e-07,-0.039082653676528314,0.0234375
1786720717.3764307,0.42000094500008345,0.0,0.0,1.909329022254667,-1.909329022254667,-0.0710765803804225,1430.0,1,1,-0.04665370911911923,-7.472906919544933e-07,-0.024422123970611324,0.009765625
1786720717.3911936,0.4400011389998326,0.0,0.0,1.909329022254667,-1.909329022254667,-0.06521236849805571,1430.0,1,1,-0.04665370911911923,-7.472906919544933e-07,-0.018557912088244533,0.009765625
1786720717.4123733,0.460000926000248,0.0,0.0,1.9232949436075444,-1.9232949436075446,-0.06320793558006421,1430.0,1,1,-0.04699496095407444,-7.472906919544933e-07,-0.016212227335297813,0.009765625
1786720717.4338155,0.48000104599987026,0.0,0.0,1.9232949436075444,-1.9232949436075446,-0.05172278667888552,1430.0,1,1,-0.04699496095407444,-7.472906919544933e-07,-0.004727078434119125,-0.001953125
1786720717.451076,0.5000006660002327,0.0,0.0,1.9232949436075444,-1.9232949436075446,-0.047128727118414045,1430.0,1,1,-0.04699496095407444,-7.472906919544933e-07,-0.00013301887364765015,-0.001953125
1786720717.4764862,0.5200008599999819,0.0,0.0,1.9020120040856057,-1.9020120040856057,-0.03949762547740053,1430.0,1,1,-0.04647492063724952,-7.472906919544933e-07,0.006978042450540939,-0.0078125
1786720717.490463,0.5400007019998156,0.0,0.0,1.9020120040856057,-1.9020120040856057,-0.0366532009477251,1430.0,1,1,-0.04647492063724952,-7.472906919544933e-07,0.009822466980216375,-0.0078125
1786720717.5122814,0.5600007849998292,0.0,0.0,1.8776216479836023,-1.8776216479836025,-0.03491946230825553,1430.0,1,1,-0.04587895180965013,-7.472906919544933e-07,0.01096023679208655,-0.0078125
1786720717.5342007,0.58000105300016,0.0,0.0,1.8776216479836023,-1.8776216479836025,-0.030948729383507463,1430.0,1,1,-0.04587895180965013,-7.472906919544933e-07,0.01493096971683462,-0.01171875
1786720717.5503054,0.6000007839998034,0.0,0.0,1.8776216479836023,-1.8776216479836025,-0.02936043621360824,1430.0,1,1,-0.04587895180965013,-7.472906919544933e-07,0.016519262886733846,-0.01171875
1786720717.576217,0.6200009039998804,0.0,0.0,1.8531044299533903,-1.8531044299533903,-0.03164167529636942,1430.0,1,1,-0.04527988316037101,-7.472906919544933e-07,0.013638955154693537,-0.0078125
1786720717.5908577,0.6400008949999574,0.0,0.0,1.8531044299533903,-1.8531044299533903,-0.032793798389185544,1430.0,1,1,-0.04527988316037101,-7.472906919544933e-07,0.012486832061877416,-0.0078125
1786720717.6123004,0.6600008660002459,0.0,0.0,1.8457847117135202,-1.8457847117135204,-0.03307579316926637,1430.0,1,1,-0.045101028703325385,-7.472906919544933e-07,0.012025982824750966,-0.0078125
1786720717.6343246,0.6800013199999739,0.0,0.0,1.8457847117135202,-1.8457847117135204,-0.04204919536411695,1430.0,1,1,-0.045101028703325385,-7.472906919544933e-07,0.003052580629900387,0.001953125
1786720717.6509547,0.7000010689998817,0.0,0.0,1.8457847117135202,-1.8457847117135204,-0.045638556242057184,1430.0,1,1,-0.045101028703325385,-7.472906919544933e-07,-0.0005367802480398451,0.001953125
1786720717.676801,0.7200012260000221,0.0,0.0,1.853211460836377,-1.8532114608363772,-0.04901358280811211,1430.0,1,1,-0.04528249841820422,-7.472906919544933e-07,-0.0037303370992159382,0.00390625
1786720717.6912014,0.7400011059999088,0.0,0.0,1.853211460836377,-1.8532114608363772,-0.05029100554858255,1430.0,1,1,-0.04528249841820422,-7.472906919544933e-07,-0.005007759839686375,0.00390625
1786720717.71266,0.7600012070001867,0.0,0.0,1.8707193338116213,-1.8707193338116213,-0.05122977268458524,1430.0,1,1,-0.04571029645801874,-7.472906919544933e-07,-0.00551872893587455,0.00390625
1786720717.7344594,0.7800015490001897,0.0,0.0,1.8707193338116213,-1.8707193338116213,-0.04967634782306051,1430.0,1,1,-0.04571029645801874,-7.472906919544933e-07,-0.00396530407434982,0.001953125
1786720717.7509701,0.8000005399999282,0.0,0.0,1.8707193338116213,-1.8707193338116213,-0.04905497787845062,1430.0,1,1,-0.04571029645801874,-7.472906919544933e-07,-0.003343934129739928,0.001953125
1786720717.773851,0.8200007519999417,0.0,0.0,1.8844601724077563,-1.8844601724077565,-0.04562655692628941,1430.0,1,1,-0.04604604848370149,-7.472906919544933e-07,0.0004202388481040288,-0.001953125
1786720717.7906241,0.8400005019998389,0.0,0.0,1.8844601724077563,-1.8844601724077565,-0.044120887735151826,1430.0,1,1,-0.04604604848370149,-7.472906919544933e-07,0.0019259080392416115,-0.001953125
1786720717.811277,0.8600003810001908,0.0,0.0,1.881141881450759,-1.881141881450759,-0.04343753891486253,1430.0,1,1,-0.04596496733986722,-7.472906919544933e-07,0.0025281757156966444,-0.001953125
1786720717.831005,0.8800002970001515,0.0,0.0,1.881141881450759,-1.881141881450759,-0.04319663184428051,1430.0,1,1,-0.04596496733986722,-7.472906919544933e-07,0.0027690827862786576,-0.001953125
1786720717.850603,0.9000002689999747,0.0,0.0,1.881141881450759,-1.881141881450759,-0.04310026901604771,1430.0,1,1,-0.04596496733986722,-7.472906919544933e-07,0.0028654456145114633,-0.001953125
1786720717.8735695,0.9200005369998507,0.0,0.0,1.8775897019883416,-1.8775897019883414,-0.04473274026661732,1430.0,1,1,-0.04587817122172995,-7.472906919544933e-07,0.0011461782458045853,0.0
1786720717.890617,0.9400003050000123,0.0,0.0,1.8775897019883416,-1.8775897019883414,-0.04542044721410007,1430.0,1,1,-0.04587817122172995,-7.472906919544933e-07,0.00045847129832183415,0.0
1786720717.9120755,0.9600003330001528,0.0,0.0,1.8775897019883416,-1.8775897019883414,-0.04569552999309317,1430.0,1,1,-0.04587817122172995,-7.472906919544933e-07,0.00018338851932873368,0.0
1786720717.9324017,0.9800003790001028,0.0,0.0,1.8775897019883416,-1.8775897019883414,-0.04756337560469041,1430.0,1,1,-0.04587817122172995,-7.472906919544933e-07,-0.0016844570922685063,0.001953125
1786720717.9506333,1.000000332000127,0.0,0.0,1.8775897019883416,-1.8775897019883414,-0.0483105138493293,1430.0,1,1,-0.04587817122172995,-7.472906919544933e-07,-0.0024315953369074025,0.001953125
1786720717.972645,1.020000285000151,0.0,0.0,1.8844601724077563,-1.8844601724077565,-0.0522928714091564,1430.0,1,1,-0.04604604848370149,-7.472906919544933e-07,-0.006246075634762961,0.005859375
1786720717.9906178,1.0400002940000377,0.0,0.0,1.8844601724077563,-1.8844601724077565,-0.05381866352829862,1430.0,1,1,-0.04604604848370149,-7.472906919544933e-07,-0.007771867753905183,0.005859375
1786720718.0118878,1.0600003029999243,0.0,0.0,1.8915556281662305,-1.8915556281662305,-0.05460235506683646,1430.0,1,1,-0.046219423174582434,-7.472906919544933e-07,-0.008382184601562074,0.005859375
1786720718.0324068,1.0800004230000013,0.0,0.0,1.8915556281662305,-1.8915556281662305,-0.04957304430589922,1430.0,1,1,-0.046219423174582434,-7.472906919544933e-07,-0.0033528738406248294,0.0
1786720718.0497866,1.1000002840000889,0.0,0.0,1.8915556281662305,-1.8915556281662305,-0.04756132000152432,1430.0,1,1,-0.046219423174582434,-7.472906919544933e-07,-0.0013411495362499319,0.0
1786720718.0726473,1.1200004040001659,0.0,0.0,1.8882368429914038,-1.8882368429914038,-0.04491772455992042,1430.0,1,1,-0.046138329954728496,-7.472906919544933e-07,0.0012213526855000272,-0.001953125
1786720718.0905864,1.1400003940002534,0.0,0.0,1.8882368429914038,-1.8882368429914038,-0.043892723671220435,1430.0,1,1,-0.046138329954728496,-7.472906919544933e-07,0.002246353574200011,-0.001953125
1786720718.1117249,1.1600003290000132,0.0,0.0,1.8844601724077563,-1.8844601724077565,-0.04339044184471343,1430.0,1,1,-0.04604604848370149,-7.472906919544933e-07,0.002656353929680004,-0.001953125
1786720718.1315827,1.1800003190001007,0.0,0.0,1.8844601724077563,-1.8844601724077565,-0.043226441702521434,1430.0,1,1,-0.04604604848370149,-7.472906919544933e-07,0.002820354071872002,-0.001953125
1786720718.150617,1.2000002730001142,0.0,0.0,1.8844601724077563,-1.8844601724077565,-0.04316084164564464,1430.0,1,1,-0.04604604848370149,-7.472906919544933e-07,0.0028859541287488007,-0.001953125
1786720718.1727166,1.2200002999998105,0.0,0.0,1.8845886245395889,-1.8845886245395889,-0.04841117780057826,1430.0,1,1,-0.046049187161385834,-7.472906919544933e-07,-0.0023612433485004796,0.00390625
1786720718.1905966,1.2400002720000884,0.0,0.0,1.8845886245395889,-1.8845886245395889,-0.05051005679147798,1430.0,1,1,-0.046049187161385834,-7.472906919544933e-07,-0.004460122339400192,0.00390625
1786720718.2134926,1.2600005220001549,0.0,0.0,1.8879074097144155,-1.8879074097144155,-0.05143070160769181,1430.0,1,1,-0.04613028038123978,-7.472906919544933e-07,-0.005299673935760077,0.00390625
1786720718.2327633,1.2800003639999886,0.0,0.0,1.8879074097144155,-1.8879074097144155,-0.04825089724623576,1430.0,1,1,-0.04613028038123978,-7.472906919544933e-07,-0.002119869574304031,0.0
1786720718.2506013,1.3000003729998753,0.0,0.0,1.8879074097144155,-1.8879074097144155,-0.04697897550165334,1430.0,1,1,-0.04613028038123978,-7.472906919544933e-07,-0.0008479478297216123,0.0
1786720718.2730653,1.320000288999836,0.0,0.0,1.8882368429914038,-1.8882368429914038,-0.04472044387730909,1430.0,1,1,-0.046138329954728496,-7.472906919544933e-07,0.001418633368111355,-0.001953125
1786720718.29062,1.3400003719998494,0.0,0.0,1.8882368429914038,-1.8882368429914038,-0.0438138113981759,1430.0,1,1,-0.046138329954728496,-7.472906919544933e-07,0.002325265847244542,-0.001953125
1786720718.311635,1.3600003440001274,0.0,0.0,1.8883648576596954,-1.8883648576596954,-0.04345428639495618,1430.0,1,1,-0.046141457943162045,-7.472906919544933e-07,0.0026879188388978167,-0.001953125
1786720718.3316188,1.380000371999813,0.0,0.0,1.8883648576596954,-1.8883648576596954,-0.04155141269829487,1430.0,1,1,-0.046141457943162045,-7.472906919544933e-07,0.004590792535559126,-0.00390625
1786720718.3505943,1.400000398999964,0.0,0.0,1.8883648576596954,-1.8883648576596954,-0.04079026321963035,1430.0,1,1,-0.046141457943162045,-7.472906919544933e-07,0.005351942014223651,-0.00390625
1786720718.3726604,1.4200003149999247,0.0,0.0,1.8883648576596954,-1.8883648576596954,-0.04224361592816454,1430.0,1,1,-0.046141457943162045,-7.472906919544933e-07,0.0038985893056894603,-0.001953125
1786720718.3906262,1.4400003239998114,0.0,0.0,1.8883648576596954,-1.8883648576596954,-0.042824957011578214,1430.0,1,1,-0.046141457943162045,-7.472906919544933e-07,0.003317248222275784,-0.001953125
1786720718.4124336,1.4600003519999518,0.0,0.0,1.8845886245395889,-1.8845886245395889,-0.04296522266316747,1430.0,1,1,-0.046049187161385834,-7.472906919544933e-07,0.0030847117889103133,-0.001953125
1786720718.433208,1.4800004349999654,0.0,0.0,1.8845886245395889,-1.8845886245395889,-0.04657386223651366,1430.0,1,1,-0.046049187161385834,-7.472906919544933e-07,-0.0005239277844358745,0.001953125
1786720718.4506092,1.5000005360002433,0.0,0.0,1.8845886245395889,-1.8845886245395889,-0.04801731806585213,1430.0,1,1,-0.046049187161385834,-7.472906919544933e-07,-0.00196738361377435,0.001953125
1786720718.472641,1.52000041600013,0.0,0.0,1.8883648576596954,-1.8883648576596954,-0.048686971179363735,1430.0,1,1,-0.046141457943162045,-7.472906919544933e-07,-0.00254476594550974,0.001953125
1786720718.4905896,1.5400002579999637,0.0,0.0,1.8883648576596954,-1.8883648576596954,-0.04891792411205789,1430.0,1,1,-0.046141457943162045,-7.472906919544933e-07,-0.002775718878203896,0.001953125
1786720718.5116456,1.5600002850001147,0.0,0.0,1.8916836994814332,-1.891683699481433,-0.04909139988913465,1430.0,1,1,-0.046222552547161136,-7.472906919544933e-07,-0.002868100051281558,0.001953125
1786720718.5315676,1.5800004050001917,0.0,0.0,1.8916836994814332,-1.891683699481433,-0.04912835235836571,1430.0,1,1,-0.046222552547161136,-7.472906919544933e-07,-0.0029050525205126234,0.001953125
1786720718.5495005,1.6000003399999514,0.0,0.0,1.8916836994814332,-1.891683699481433,-0.04914313334605814,1430.0,1,1,-0.046222552547161136,-7.472906919544933e-07,-0.0029198335082050494,0.001953125
1786720718.5726442,1.620000293999965,0.0,0.0,1.8916836994814332,-1.891683699481433,-0.045633420741135106,1430.0,1,1,-0.046222552547161136,-7.472906919544933e-07,0.0005898790967179801,-0.001953125
1786720718.5906866,1.640000561999841,0.0,0.0,1.8916836994814332,-1.891683699481433,-0.04422953569916589,1430.0,1,1,-0.046222552547161136,-7.472906919544933e-07,0.0019937641386871922,-0.001953125
1786720718.6117527,1.6600003110002035,0.0,0.0,1.8883648576596954,-1.8883648576596954,-0.04358688707837912,1430.0,1,1,-0.046141457943162045,-7.472906919544933e-07,0.002555318155474877,-0.001953125
1786720718.6333115,1.6800006170001325,0.0,0.0,1.8883648576596954,-1.8883648576596954,-0.04512007797166405,1430.0,1,1,-0.046141457943162045,-7.472906919544933e-07,0.0010221272621899508,0.0
1786720718.6507552,1.7000005889999557,0.0,0.0,1.8883648576596954,-1.8883648576596954,-0.045733354328978015,1430.0,1,1,-0.046141457943162045,-7.472906919544933e-07,0.00040885090487598034,0.0
1786720718.6726978,1.7200003379998634,0.0,0.0,1.8848128697997026,-1.8848128697997029,-0.044134060935496766,1430.0,1,1,-0.04605466650675521,-7.472906919544933e-07,0.001921352861950392,-0.001953125
1786720718.690601,1.7400004030000673,0.0,0.0,1.8848128697997026,-1.8848128697997029,-0.043529060152667005,1430.0,1,1,-0.04605466650675521,-7.472906919544933e-07,0.0025263536447801566,-0.001953125
1786720718.711636,1.7600002630001654,0.0,0.0,1.8814633161140648,-1.8814633161140648,-0.043205214803133725,1430.0,1,1,-0.045972821470353836,-7.472906919544933e-07,0.002768353957912063,-0.001953125
1786720718.731987,1.780000439000105,0.0,0.0,1.8814633161140648,-1.8814633161140648,-0.043108414677880964,1430.0,1,1,-0.045972821470353836,-7.472906919544933e-07,0.0028651540831648253,-0.001953125
1786720718.7505984,1.8000003739998647,0.0,0.0,1.8814633161140648,-1.8814633161140648,-0.04306969462777986,1430.0,1,1,-0.045972821470353836,-7.472906919544933e-07,0.0029038741332659303,-0.001953125
1786720718.7736301,1.8200008640001215,0.0,0.0,1.8809084304520525,-1.8809084304520525,-0.04304064819325551,1430.0,1,1,-0.04595926305586993,-7.472906919544933e-07,0.002919362153306372,-0.001953125
1786720718.7906368,1.8400002990001667,0.0,0.0,1.8809084304520525,-1.8809084304520525,-0.04303445298523933,1430.0,1,1,-0.04595926305586993,-7.472906919544933e-07,0.0029255573613225488,-0.001953125
1786720718.8124907,1.8600003269998524,0.0,0.0,1.8776865888193015,-1.8776865888193013,-0.042953250459775785,1430.0,1,1,-0.04588053861361285,-7.472906919544933e-07,0.0029280354445290193,-0.001953125
1786720718.8324819,1.8800004280001303,0.0,0.0,1.8776865888193015,-1.8776865888193013,-0.0429522592264932,1430.0,1,1,-0.04588053861361285,-7.472906919544933e-07,0.0029290266778116076,-0.001953125
1786720718.85061,1.9000002520001544,0.0,0.0,1.8776865888193015,-1.8776865888193013,-0.04295186273318016,1430.0,1,1,-0.04588053861361285,-7.472906919544933e-07,0.002929423171124643,-0.001953125
1786720718.8736236,1.920000464000168,0.0,0.0,1.8739094239535916,-1.8739094239535916,-0.04461722308723875,1430.0,1,1,-0.04578824506499665,-7.472906919544933e-07,0.0011717692684498574,0.0
1786720718.8906174,1.9400002699999277,0.0,0.0,1.8739094239535916,-1.8739094239535916,-0.04532028464830866,1430.0,1,1,-0.04578824506499665,-7.472906919544933e-07,0.000468707707379943,0.0
1786720718.9131992,1.9600002970000787,0.0,0.0,1.8775575402207494,-1.8775575402207494,-0.04569064956923709,1430.0,1,1,-0.04587738536149711,-7.472906919544933e-07,0.00018748308295197722,0.0
1786720718.9316132,1.9800003619998279,0.0,0.0,1.8775575402207494,-1.8775575402207494,-0.049318764419008274,1430.0,1,1,-0.04587738536149711,-7.472906919544933e-07,-0.003440631766819209,0.00390625
1786720718.950614,2.0000004080002327,0.0,0.0,1.8775575402207494,-1.8775575402207494,-0.05077001035891675,1430.0,1,1,-0.04587738536149711,-7.472906919544933e-07,-0.0048918777067276835,0.00390625
1786720718.9726536,2.0200003790000665,0.0,0.0,1.877655167015547,-1.8776551670155472,-0.047837269207490485,1430.0,1,1,-0.04587977083410746,-7.472906919544933e-07,-0.0019567510826910737,0.0
1786720718.990585,2.040000387999953,0.0,0.0,1.877655167015547,-1.8776551670155472,-0.046663218557875835,1430.0,1,1,-0.04587977083410746,-7.472906919544933e-07,-0.0007827004330764295,0.0
1786720719.011686,2.0600003230001676,0.0,0.0,1.8813028219516923,-1.8813028219516925,-0.04628272732208728,1430.0,1,1,-0.04596889985816476,-7.472906919544933e-07,-0.00031308017323057185,0.0
1786720719.0316806,2.080000406000181,0.0,0.0,1.8813028219516923,-1.8813028219516925,-0.044337066718148944,1430.0,1,1,-0.04596889985816476,-7.472906919544933e-07,0.0016325804307077713,-0.001953125
1786720719.050188,2.100000340999941,0.0,0.0,1.8813028219516923,-1.8813028219516925,-0.04355880247657361,1430.0,1,1,-0.04596889985816476,-7.472906919544933e-07,0.002410844672283108,-0.001953125
1786720719.0726538,2.1200003690000813,0.0,0.0,1.8846223689326678,-1.884622368932668,-0.04684423361423319,1430.0,1,1,-0.046050011692454484,-7.472906919544933e-07,-0.0007934746310867566,0.001953125
1786720719.0905874,2.1400003220001054,0.0,0.0,1.8846223689326678,-1.884622368932668,-0.04812596133558114,1430.0,1,1,-0.046050011692454484,-7.472906919544933e-07,-0.002075202352434703,0.001953125
1786720719.1117148,2.1600003869998545,0.0,0.0,1.8846223689326678,-1.884622368932668,-0.04863865242412032,1430.0,1,1,-0.046050011692454484,-7.472906919544933e-07,-0.002587893440973881,0.001953125
1786720719.1316233,2.1800004140000055,0.0,0.0,1.8846223689326678,-1.884622368932668,-0.04708591635953599,1430.0,1,1,-0.046050011692454484,-7.472906919544933e-07,-0.0010351573763895524,0.0
1786720719.1506014,2.200000275000093,0.0,0.0,1.8846223689326678,-1.884622368932668,-0.04646482193370226,1430.0,1,1,-0.046050011692454484,-7.472906919544933e-07,-0.000414062950555821,0.0
1786720719.1726468,2.220000413999969,0.0,0.0,1.8813028219516923,-1.8813028219516925,-0.04437745982907904,1430.0,1,1,-0.04596889985816476,-7.472906919544933e-07,0.0015921873197776717,-0.001953125
1786720719.1905978,2.240000255999803,0.0,0.0,1.8813028219516923,-1.8813028219516925,-0.04357495972094565,1430.0,1,1,-0.04596889985816476,-7.472906919544933e-07,0.0023946874279110685,-0.001953125
1786720719.2116244,2.2600002650001443,0.0,0.0,1.8775251626753402,-1.87752516267534,-0.043161654048345086,1430.0,1,1,-0.04587659422881756,-7.472906919544933e-07,0.0027156874711644274,-0.001953125
1786720719.2316496,2.280000441000084,0.0,0.0,1.8775251626753402,-1.87752516267534,-0.043033254031043744,1430.0,1,1,-0.04587659422881756,-7.472906919544933e-07,0.002844087488465771,-0.001953125
1786720719.2506168,2.3000002829999175,0.0,0.0,1.8775251626753402,-1.87752516267534,-0.0429818940241232,1430.0,1,1,-0.04587659422881756,-7.472906919544933e-07,0.0028954474953863086,-0.001953125
1786720719.273695,2.320000587999857,0.0,0.0,1.873877507739195,-1.8738775077391947,-0.042872220997297684,1430.0,1,1,-0.04578746520476026,-7.472906919544933e-07,0.0029159914981545234,-0.001953125
1786720719.2906275,2.340000338000209,0.0,0.0,1.873877507739195,-1.8738775077391947,-0.0428640033961904,1430.0,1,1,-0.04578746520476026,-7.472906919544933e-07,0.0029242090992618094,-0.001953125
1786720719.312008,2.360000327999842,0.0,0.0,1.8742061101692968,-1.874206110169297,-0.042868745627816965,1430.0,1,1,-0.045795494476829735,-7.472906919544933e-07,0.002927496139704724,-0.001953125
1786720719.3316174,2.3800003559999823,0.0,0.0,1.8742061101692968,-1.874206110169297,-0.0446252433116398,1430.0,1,1,-0.045795494476829735,-7.472906919544933e-07,0.0011709984558818897,0.0
1786720719.3506224,2.4000003830001333,0.0,0.0,1.8742061101692968,-1.874206110169297,-0.04532784238516893,1430.0,1,1,-0.045795494476829735,-7.472906919544933e-07,0.0004683993823527559,0.0
1786720719.372646,2.4200003740002103,0.0,0.0,1.874304039213456,-1.874304039213456,-0.04561127487253605,1430.0,1,1,-0.0457978873347852,-7.472906919544933e-07,0.00018735975294110238,0.0
1786720719.390702,2.4400005870002133,0.0,0.0,1.874304039213456,-1.874304039213456,-0.045723690724300714,1430.0,1,1,-0.0457978873347852,-7.472906919544933e-07,7.494390117644096e-05,0.0
1786720719.4124541,2.46000035499992,0.0,0.0,1.874304039213456,-1.874304039213456,-0.04576865706500658,1430.0,1,1,-0.0457978873347852,-7.472906919544933e-07,2.9977560470576384e-05,0.0
1786720719.4332337,2.480000382000071,0.0,0.0,1.874304039213456,-1.874304039213456,-0.04754445610128892,1430.0,1,1,-0.0457978873347852,-7.472906919544933e-07,-0.0017458214758117692,0.001953125
1786720719.4506173,2.500000373000148,0.0,0.0,1.874304039213456,-1.874304039213456,-0.04825477571580186,1430.0,1,1,-0.0457978873347852,-7.472906919544933e-07,-0.0024561410903247076,0.001953125
1786720719.4726698,2.5200003999998444,0.0,0.0,1.8775251626753402,-1.87752516267534,-0.046859797955639396,1430.0,1,1,-0.04587659422881756,-7.472906919544933e-07,-0.0009824564361298831,0.0
1786720719.4905918,2.5400002979999954,0.0,0.0,1.8775251626753402,-1.87752516267534,-0.046270324093961465,1430.0,1,1,-0.04587659422881756,-7.472906919544933e-07,-0.0003929825744519532,0.0
1786720719.5116236,2.560000326000136,0.0,0.0,1.8775251626753402,-1.87752516267534,-0.046034534549290296,1430.0,1,1,-0.04587659422881756,-7.472906919544933e-07,-0.0001571930297807813,0.0
1786720719.531583,2.580000372000086,0.0,0.0,1.8775251626753402,-1.87752516267534,-0.045940218731421824,1430.0,1,1,-0.04587659422881756,-7.472906919544933e-07,-6.287721191231253e-05,0.0
1786720719.5507069,2.600000399000237,0.0,0.0,1.8775251626753402,-1.87752516267534,-0.045902492404274436,1430.0,1,1,-0.04587659422881756,-7.472906919544933e-07,-2.515088476492501e-05,0.0
1786720719.5726862,2.6200004080001236,0.0,0.0,1.8776235294411947,-1.8776235294411947,-0.04764761792692966,1430.0,1,1,-0.04587899778233174,-7.472906919544933e-07,-0.00176787285390597,0.001953125
1786720719.5905972,2.6400003799999467,0.0,0.0,1.8776235294411947,-1.8776235294411947,-0.04834470671458608,1430.0,1,1,-0.04587899778233174,-7.472906919544933e-07,-0.002464961641562388,0.001953125
1786720719.6110473,2.660000258999844,0.0,0.0,1.884491897699661,-1.8844918976996612,-0.04879136812613824,1430.0,1,1,-0.04604682367882133,-7.472906919544933e-07,-0.0027437971566249553,0.001953125
1786720719.632631,2.680000545999974,0.0,0.0,1.884491897699661,-1.8844918976996612,-0.04890290233216327,1430.0,1,1,-0.04604682367882133,-7.472906919544933e-07,-0.002855331362649982,0.001953125
1786720719.6507676,2.700000537000051,0.0,0.0,1.884491897699661,-1.8844918976996612,-0.04894751601457328,1430.0,1,1,-0.04604682367882133,-7.472906919544933e-07,-0.0028999450450599928,0.001953125
1786720719.6727393,2.720000268000149,0.0,0.0,1.8776235294411947,-1.8776235294411947,-0.04528191059104769,1430.0,1,1,-0.04587899778233174,-7.472906919544933e-07,0.0005978344819760027,-0.001953125
1786720719.690604,2.7400003319999087,0.0,0.0,1.8776235294411947,-1.8776235294411947,-0.04388279878023329,1430.0,1,1,-0.04587899778233174,-7.472906919544933e-07,0.0019969462927904007,-0.001953125
1786720719.7116408,2.7600003779998588,0.0,0.0,1.8808446529031073,-1.8808446529031073,-0.04340186094994059,1430.0,1,1,-0.0459577046763648,-7.472906919544933e-07,0.0025565910171161605,-0.001953125
1786720719.7315612,2.7800003319998723,0.0,0.0,1.8808446529031073,-1.8808446529031073,-0.04317800306021029,1430.0,1,1,-0.0459577046763648,-7.472906919544933e-07,0.0027804489068464643,-0.001953125
1786720719.7505987,2.8000002849998964,0.0,0.0,1.8808446529031073,-1.8808446529031073,-0.043088459904318165,1430.0,1,1,-0.0459577046763648,-7.472906919544933e-07,0.0028699920627385856,-0.001953125
1786720719.7726736,2.820000313000037,0.0,0.0,1.884491897699661,-1.8844918976996612,-0.04489957414441785,1430.0,1,1,-0.04604682367882133,-7.472906919544933e-07,0.0011479968250954343,0.0
1786720719.7906127,2.8400003960000504,0.0,0.0,1.884491897699661,-1.8844918976996612,-0.04558837223947511,1430.0,1,1,-0.04604682367882133,-7.472906919544933e-07,0.00045919873003817376,0.0
1786720719.811641,2.860000386000138,0.0,0.0,1.8812707231623165,-1.8812707231623167,-0.045785183335456725,1430.0,1,1,-0.04596811553678004,-7.472906919544933e-07,0.00018367949201526952,0.0
1786720719.8316417,2.880000357999961,0.0,0.0,1.8812707231623165,-1.8812707231623167,-0.04589539103066589,1430.0,1,1,-0.04596811553678004,-7.472906919544933e-07,7.34717968061078e-05,0.0
1786720719.8506107,2.900000403999911,0.0,0.0,1.8812707231623165,-1.8812707231623167,-0.04593947410874955,1430.0,1,1,-0.04596811553678004,-7.472906919544933e-07,2.9388718722443123e-05,0.0
1786720719.8729587,2.920000247000189,0.0,0.0,1.8776235294411947,-1.8776235294411947,-0.04411017708553471,1430.0,1,1,-0.04587899778233174,-7.472906919544933e-07,0.0017695679874889774,-0.001953125
1786720719.8905966,2.9400004220001392,0.0,0.0,1.8776235294411947,-1.8776235294411947,-0.0434141053780281,1430.0,1,1,-0.04587899778233174,-7.472906919544933e-07,0.002465639694995591,-0.001953125
1786720719.9125896,2.960000356999899,0.0,0.0,1.8812707231623165,-1.8812707231623167,-0.043224794449473754,1430.0,1,1,-0.04596811553678004,-7.472906919544933e-07,0.0027440683779982366,-0.001953125
1786720719.931631,2.980000422000103,0.0,0.0,1.8812707231623165,-1.8812707231623167,-0.0448712354762727,1430.0,1,1,-0.04596811553678004,-7.472906919544933e-07,0.0010976273511992946,0.0
1786720719.9506674,3.0000004309999895,90.0,0.7000000000000001,1.8812707231623165,-1.1812707231623163,-0.028863888867235604,1430.0,1,1,-0.028863888867235604,0.0,0.0,0.0
1786720719.9719918,3.020000366000204,90.0,1.4000000000000001,1.8808446529031073,-0.48084465290310724,-0.011749251337275944,1430.0,1,1,-0.011749251337275944,0.0,0.0,0.0
1786720719.9905949,3.0400002820001646,90.0,2.1,1.8808446529031073,0.2191553470968928,0.005354975332268485,1428.286407893674,1,0,0.005354975332268485,0.0,0.0,0.0
1786720720.011669,3.060000308999861,90.0,2.8000000000000003,1.8775251626753402,0.9224748373246601,0.022540312449360157,1422.7871000162047,1,0,0.022540312449360157,0.0001932026781373728,0.0,0.0
1786720720.0324311,3.080000356000255,90.0,3.5000000000000004,1.8775251626753402,1.6224748373246602,0.03983774179704196,1417.2519226249465,1,0,0.03964453911890459,0.0005330130134422693,0.0,0.0
1786720720.0505927,3.100000291000015,90.0,4.2,1.8775251626753402,2.32247483732466,0.057281778801891274,1411.669830783395,1,0,0.05674876578844901,0.0010194310059146894,0.0,0.0
1786720720.0719695,3.120000336999965,90.0,4.9,1.8808446529031073,3.019155347096893,0.07479131301636088,1406.0667798347645,1,0,0.0737718820104462,0.0016517614231470854,0.0,0.0
1786720720.0905998,3.140000289999989,90.0,5.6000000000000005,1.8808446529031073,3.7191553470968937,0.09252787010313773,1400.391081566996,1,0,0.09087610867999064,0.002430699497547005,0.0,0.0
1786720720.1109607,3.160000261999812,90.0,6.300000000000001,1.8811724074719223,4.418827592528078,0.11040302629217211,1394.671031586505,1,0,0.1079723267946251,0.0033561765843580773,0.0,0.0
1786720720.131613,3.1800002899999527,90.0,7.000000000000001,1.8811724074719223,5.118827592528079,0.1284327300485276,1388.9015263844713,1,0,0.12507655346416952,0.004428261328336673,0.0,0.0
1786720720.1506252,3.2000004100000297,90.0,7.700000000000001,1.8811724074719223,5.818827592528079,0.14660904146205064,1383.0851067321437,1,0,0.14218078013371396,0.0056469537294827924,0.0,0.0
1786720720.1719875,3.2200003259999903,90.0,8.4,1.8841658308738545,6.515834169126146,0.1578275674007632,1379.4951784317557,1,0,0.1592118636712804,0.007011626846665196,-0.007031249999999999,0.0078125
1786720720.1906228,3.240000391000194,90.0,9.1,1.8841658308738545,7.215834169126145,0.17348396718749,1374.4851305000032,1,0,0.17631609034082482,0.008522907621015123,-0.00984375,0.0078125
1786720720.2118347,3.2600005849999434,90.0,9.799999999999999,1.9017781237866416,7.898221876213357,0.19054412513116906,1369.0258799580258,1,0,0.19298996751015393,0.010177107342530729,-0.01096875,0.0078125
1786720720.2320552,3.280000371999904,90.0,10.499999999999998,1.9017781237866416,8.598221876213357,0.20533692652222904,1364.2921835128868,1,0,0.21009419417969832,0.011977914721213857,-0.014934375,0.01171875
1786720720.25063,3.300000251000256,90.0,11.199999999999998,1.9017781237866416,9.298221876213356,0.22265571057045658,1358.750172617454,1,0,0.22719842084924274,0.013925329757064508,-0.016520624999999997,0.01171875
1786720720.2720945,3.320000370999878,90.0,11.899999999999997,1.9436767120655816,9.956323287934415,0.24004907663148461,1353.184295477925,1,0,0.24327887187442013,0.016010577230273826,-0.017155125,0.01171875
1786720720.2905953,3.340000343000156,90.0,12.599999999999996,1.9436767120655816,10.656323287934415,0.2589847507742383,1347.1248797522437,1,0,0.2603830985439645,0.01824243236065066,-0.017408925,0.01171875
1786720720.3116612,3.360000260000106,90.0,13.299999999999995,2.018301896357656,11.28169810364234,0.2763958753350337,1341.5533198927892,1,0,0.275663887974383,0.020605265686145374,-0.017510445,0.01171875
1786720720.3313131,3.380000380000183,90.0,13.999999999999995,2.018301896357656,11.981698103642339,0.2782442023300728,1340.9618552543766,1,0,0.29276811464392744,0.023114706668807612,-0.035129178,0.03125
1786720720.3505795,3.400000407999869,90.0,14.699999999999994,2.018301896357656,12.681698103642338,0.29081037678227944,1336.9406794296706,1,0,0.30987234131347186,0.02577075530863737,-0.0421766712,0.03125
1786720720.372058,3.4200002689999565,90.0,15.399999999999993,2.1445570212302982,13.255442978769695,0.2765416601344918,1341.5066687569627,1,0,0.3238915733058544,0.028546968794116123,-0.07312066848,0.0625
1786720720.3906567,3.440000500000224,90.0,16.099999999999994,2.1445570212302982,13.955442978769696,0.28404450137751497,1339.1057595591951,1,0,0.34099579997539886,0.031469789936762395,-0.085498267392,0.0625
1786720720.4117982,3.4600002870001845,90.0,16.799999999999994,2.37266347611407,14.427336523885923,0.29354681746902245,1336.065018409913,1,0,0.35252633448906,0.034491444232382915,-0.09044930695680001,0.0625
1786720720.4317865,3.480000350999944,90.0,17.499999999999993,2.37266347611407,15.127336523885925,0.2677469701082674,1344.3209695653545,1,0,0.3696305611586045,0.03765970618517095,-0.13637503528272,0.111328125
1786720720.4505959,3.500000416000148,90.0,18.199999999999992,2.37266347611407,15.827336523885922,0.2696491674002318,1343.7122664319259,1,0,0.38673478782814885,0.04097457579512651,-0.15474532661308799,0.111328125
1786720720.4720457,3.5200003320001088,90.0,18.89999999999999,2.7337461702389305,16.16625382976106,0.22467848250935407,1358.1028855970067,1,0,0.39501609985946273,0.04436042807963619,-0.2113121931452352,0.166015625
1786720720.4906187,3.5400003409999954,90.0,19.59999999999999,2.7337461702389305,16.86625382976106,0.2225418148505492,1358.7866192478243,1,0,0.4121203265290071,0.04789288802131339,-0.2339389397580941,0.166015625
1786720720.5119913,3.560000738999861,90.0,20.29999999999999,3.255392181861936,17.044607818138054,0.22138158621082205,1359.157892412537,1,0,0.41647833659274625,0.0514627023349655,-0.24298963840323762,0.166015625
1786720720.5316586,3.5800003590002234,90.0,20.99999999999999,3.255392181861936,17.744607818138054,0.1874587852359611,1370.0131887244925,1,0,0.43358256326229067,0.055179124305785136,-0.29758648036129504,0.22265625
1786720720.550608,3.600000293999983,90.0,21.69999999999999,3.255392181861936,18.444607818138053,0.18644069709310218,1370.3389769302073,1,0,0.45068678993183503,0.05904215393377229,-0.319425217144518,0.22265625
1786720720.5728571,3.620000432999859,90.0,22.399999999999988,3.924392694067791,18.475607305932197,0.14189600488761556,1384.593278435963,1,0,0.45144425031165053,0.06291167607930072,-0.36859039935780724,0.267578125
1786720720.5906289,3.6400003869998727,90.0,23.099999999999987,3.924392694067791,19.175607305932196,0.14320368081737278,1384.1748221384407,1,0,0.46854847698119495,0.06692780588199668,-0.3882564722431229,0.267578125
1786720720.611723,3.660000339999897,90.0,23.799999999999986,4.70512235362915,19.094877646370836,0.1373807837572386,1386.0381491976837,1,0,0.4665758792724911,0.07092702770433232,-0.39612290139724915,0.267578125
1786720720.6319592,3.6800007189999633,90.0,24.499999999999986,4.70512235362915,19.794877646370836,0.12545484808746826,1389.8544486120102,1,0,0.4836801059420356,0.07507285718383548,-0.42915228555889967,0.30078125
1786720720.650785,3.7000005429999874,90.0,25.199999999999985,4.70512235362915,20.494877646370835,0.13349315057185562,1387.2821918170062,1,0,0.50078433261158,0.07936529432050617,-0.4423640392235598,0.30078125
1786720720.6726644,3.7200002929998846,90.0,25.899999999999984,5.58351167122791,20.316488328772074,0.10704826292318426,1395.7445558645811,1,0,0.4964254592921021,0.08362036968586704,-0.468742490689424,0.32421875
1786720720.690622,3.7400002839999615,90.0,26.599999999999984,5.58351167122791,21.016488328772073,0.11785618437174389,1392.286021001042,1,0,0.5135296859616464,0.08802205270839544,-0.47929387127576956,0.32421875
1786720720.7118075,3.760000441000102,90.0,27.299999999999983,6.500595298596522,20.79940470140346,0.11273296149007739,1393.9254523231753,1,0,0.5082253322919897,0.09237826984232679,-0.4835144235103078,0.32421875
1786720720.7309933,3.780000394000126,90.0,27.999999999999982,6.500595298596522,21.49940470140346,0.1219583093997379,1390.9733409920839,1,0,0.5253295589615342,0.09688109463342566,-0.4957495194041231,0.3359375
1786720720.7506258,3.800000311000076,90.0,28.69999999999998,6.500595298596522,22.19940470140346,0.13867132250285497,1385.6251767990864,1,0,0.5424337856310786,0.10153052708169205,-0.5006435577616493,0.3359375
1786720720.7725282,3.8200005049998254,90.0,29.39999999999998,7.449064370796123,21.950935629203858,0.13880751984914902,1385.5815936482722,1,0,0.5363625408721167,0.10612792028916733,-0.4990855481046597,0.33203125
1786720720.790611,3.8400002550001773,90.0,30.09999999999998,7.449064370796123,22.650935629203858,0.1611323435889644,1378.4376500515314,1,0,0.553466767541661,0.11087192115381014,-0.4984623442418639,0.33203125
1786720720.8110197,3.860000338000191,90.0,30.79999999999998,8.39354276330323,22.40645723669675,0.16015189193980078,1378.7513945792637,1,0,0.5474930334827361,0.11556471858366217,-0.49821306269674553,0.33203125
1786720720.8313377,3.880000364999887,90.0,31.49999999999998,8.39354276330323,23.10645723669675,0.18204862865724436,1371.7444388296817,1,0,0.5645972601522805,0.12040412367068173,-0.4981133500786983,0.33203125
1786720720.8506086,3.900000337000165,90.0,32.19999999999998,8.39354276330323,23.80645723669675,0.20403214546102744,1364.7097134524713,1,0,0.581701486821825,0.12539013641486882,-0.4980734650314793,0.33203125
1786720720.8734217,3.920000383000115,90.0,32.899999999999984,9.3446745999712,23.555325400028785,0.1905931163550908,1369.0102027663709,1,0,0.5755651784528137,0.13032355223017864,-0.5103621985125918,0.345703125
1786720720.8906288,3.9400005040001815,90.0,33.59999999999999,9.3446745999712,24.255325400028788,0.20771526544750007,1363.5311150568,1,0,0.5926694051223582,0.135403575702656,-0.5152776919050368,0.345703125
1786720720.9110327,3.9600002719998884,90.0,34.29999999999999,10.320120505436535,23.979879494563455,0.20409867841688956,1364.6884229065954,1,0,0.5859389919762483,0.14042590991959525,-0.5172438892620147,0.345703125
1786720720.9313934,3.980000447999828,90.0,34.99999999999999,10.320120505436535,24.67987949456346,0.23422782286058208,1355.0470966846137,1,0,0.6030432186457928,0.14559485179370205,-0.509241305704806,0.3359375
1786720720.9506414,4.000000364000243,90.0,35.699999999999996,10.320120505436535,25.37987949456346,0.2597020248271169,1346.8953520553225,1,0,0.6201474453153373,0.15091040132497638,-0.5060402722819224,0.3359375
1786720720.9723,4.0200003360000665,90.0,36.4,11.29896674675274,25.10103325324726,0.231359488702655,1355.9649636151503,1,0,0.6133339462904476,0.15616754943603736,-0.5328848589127689,0.3671875
1786720720.9906232,4.040000400999816,90.0,37.1,11.29896674675274,25.80103325324726,0.24298302883092193,1352.245430774105,1,0,0.6304381729599922,0.16157130520426585,-0.5436226935651076,0.3671875
1786720721.0110366,4.060000261999903,90.0,37.800000000000004,12.348551394705567,25.451448605294438,0.23554968636853213,1354.6241003620698,1,0,0.6218962085903093,0.16690184413503995,-0.547917827426043,0.3671875
1786720721.0310464,4.080000530000234,90.0,38.50000000000001,12.348551394705567,26.151448605294444,0.24571952342447656,1351.3697525041675,1,0,0.6390004352598537,0.17237899072298155,-0.5601827559704171,0.37890625
1786720721.0506518,4.10000042799993,90.0,39.20000000000001,12.348551394705567,26.851448605294443,0.26339492526421293,1345.713623915452,1,0,0.6561046619293982,0.17800274496809068,-0.5650887273881668,0.37890625
1786720721.0726116,4.120000363000145,90.0,39.90000000000001,13.447440052209402,26.45255994779061,0.23445803985099944,1354.97342724768,1,0,0.6463579733381756,0.18354295616813218,-0.5899026784552668,0.404296875
1786720721.0906315,4.140000334999968,90.0,40.600000000000016,13.447440052209402,27.152559947790614,0.2471768972937457,1350.9033928660015,1,0,0.6634622000077202,0.1892297750253412,-0.5998282588821067,0.404296875
1786720721.1110334,4.160000307000246,90.0,41.30000000000002,14.62760559464482,26.6723944053552,0.23716082644204706,1354.1085355385449,1,0,0.6517295424695485,0.19481602824650876,-0.6037984910528427,0.404296875
1786720721.1309643,4.180000279000069,90.0,42.00000000000002,14.62760559464482,27.3723944053552,0.23013821346446484,1356.3557716913713,1,0,0.6688337691390931,0.20054888912484387,-0.633511583921137,0.435546875
1786720721.1506333,4.200000380999882,90.0,42.700000000000024,14.62760559464482,28.072394405355208,0.24109006386502674,1352.8511795631914,1,0,0.6859379958086376,0.20642835766034648,-0.6453968210684548,0.435546875
1786720721.172604,4.220000241999969,90.0,43.40000000000003,15.899069638507683,27.500930361492347,0.20188474927056677,1365.3968802334186,1,0,0.6719744950376021,0.21218813904638306,-0.6765181034273818,0.46484375
1786720721.19062,4.2400003440002365,90.0,44.10000000000003,15.899069638507683,28.200930361492347,0.212300244382577,1362.0639217975754,1,0,0.6890787217071466,0.21809452808958718,-0.6889666163709527,0.46484375
1786720721.2110229,4.260000390000187,90.0,44.80000000000003,17.25558711251685,27.544412887483183,0.197185480122682,1366.9006463607418,1,0,0.6730369735814759,0.22386341643457128,-0.693946021548381,0.46484375
1786720721.231031,4.280000399000073,90.0,45.500000000000036,17.25558711251685,28.244412887483186,0.18994183306623924,1369.2186134188034,1,0,0.6901412002510204,0.22977891243672285,-0.7240627836193525,0.49609375
1786720721.25065,4.300000333999833,90.0,46.20000000000004,17.25558711251685,28.94441288748319,0.20091485090954675,1365.707247708945,1,0,0.7072454269205649,0.235841016096042,-0.736109488447741,0.49609375
1786720721.2725835,4.3200004169998465,90.0,46.90000000000004,18.68746718213501,28.212532817865032,0.16318131891512355,1377.7819779471604,1,0,0.6893622231981779,0.24174983515202636,-0.7620219203790963,0.51953125
1786720721.2906904,4.3400003149999975,90.0,47.600000000000044,18.68746718213501,28.91253281786503,0.17582939186811009,1373.7345946022047,1,0,0.7064664498677223,0.2478052618651783,-0.7723868931516386,0.51953125
1786720721.3111029,4.36000041699981,90.0,48.30000000000005,20.18067070306597,28.119329296934076,0.15835721116212542,1379.32569242812,1,0,0.6870848315576026,0.25369456042138633,-0.7765328822606554,0.51953125
1786720721.3317907,4.380000443999961,90.0,49.00000000000005,20.18067070306597,28.81932929693408,0.16562984074427123,1376.9984509618332,1,0,0.7041890582271471,0.25973046663476185,-0.7922537779042621,0.53515625
1786720721.3506646,4.400000323999848,90.0,49.70000000000005,20.18067070306597,29.51932929693408,0.1824816153697486,1371.6058830816805,1,0,0.7212932848966915,0.26591298050530493,-0.7985421361617048,0.53515625
1786720721.3725946,4.420000370000253,90.0,50.400000000000055,21.71734168103214,28.682658318967917,0.16922068228736797,1375.8493816680423,1,0,0.7008495562467448,0.2719202624159913,-0.7975418544646818,0.53125
1786720721.3900487,4.440000472000065,90.0,51.10000000000006,21.71734168103214,29.382658318967916,0.1927323035464078,1368.3256628651495,1,0,0.7179537829162893,0.2780741519838452,-0.7971417417858728,0.53125
1786720721.411599,4.460000406999825,90.0,51.80000000000006,23.23930168257877,28.56069831742129,0.17896196650042462,1372.7321707198641,1,0,0.6978695112309284,0.2840558906515389,-0.796981696714349,0.53125
1786720721.431656,4.480000416000166,90.0,52.500000000000064,23.23930168257877,29.260698317421294,0.1827760123662724,1371.5116760427927,1,0,0.714973737900473,0.2901842369764001,-0.8162536161857396,0.552734375
1786720721.4499457,4.500000350999926,90.0,53.20000000000007,23.23930168257877,29.960698317421297,0.19829981757212167,1366.5440583769212,1,0,0.7320779645700175,0.2964591909584288,-0.8239623839742959,0.552734375
1786720721.472577,4.520000249000077,90.0,53.90000000000007,24.787983658142366,29.112016341857707,0.18778530175244712,1369.9087034392169,1,0,0.7113407518837368,0.3,-0.8200146410897184,0.544921875
1786720721.4899843,4.54000047999989,90.0,54.60000000000007,24.787983658142366,29.812016341857706,0.21000943461739385,1362.796980922434,1,0,0.7284449785532813,0.3,-0.8184355439358874,0.544921875
1786720721.5115297,4.56000050800003,90.0,55.300000000000075,26.36416881699921,28.935831183000865,0.18923183124810006,1369.445814000608,1,0,0.7070357363224552,0.3,-0.8178039050743551,0.544921875
1786720721.5314991,4.580000256999938,90.0,56.00000000000008,26.36416881699921,29.63583118300087,0.20131527596225773,1365.5791116920775,1,0,0.7241399629919999,0.3,-0.8228246870297421,0.55078125
1786720721.5499415,4.600000359000205,90.0,56.70000000000008,26.36416881699921,30.33583118300087,0.21641118984964747,1360.748419248113,1,0,0.7412441896615443,0.3,-0.8248329998118968,0.55078125
1786720721.572508,4.6200002569999015,90.0,57.400000000000084,27.925570272946715,29.47442972705337,0.19104423151392602,1368.8658459155436,1,0,0.7201961814386848,0.3,-0.8291519499247588,0.5546875
1786720721.5899093,4.640000339999915,90.0,58.10000000000009,27.925570272946715,30.17442972705337,0.20642087813832566,1363.9453189957358,1,0,0.7373004081082292,0.3,-0.8308795299699034,0.5546875
1786720721.611582,4.6600003680000555,90.0,58.80000000000009,29.509681200607503,29.290318799392587,0.184126940823509,1371.079378936477,1,0,0.7156975028114704,0.3,-0.8315705619879613,0.5546875
1786720721.63171,4.680000543999995,90.0,59.50000000000009,29.509681200607503,29.99031879939259,0.19919694218583017,1366.2569785005344,1,0,0.7328017294810147,0.3,-0.8336047872951846,0.556640625
1786720721.6501386,4.700000515999818,90.0,60.200000000000095,29.509681200607503,30.690318799392596,0.21548747873248564,1361.0440068056046,1,0,0.7499059561505594,0.3,-0.8344184774180738,0.556640625
1786720721.6725757,4.7200003030002335,90.0,60.9000000000001,31.104099002808653,29.79590099719145,0.18979162793172377,1369.2666790618484,1,0,0.7280512063989534,0.3,-0.8382595784672295,0.560546875
1786720721.6901746,4.740000626999972,90.0,61.6000000000001,31.104099002808653,30.49590099719145,0.20535941418160597,1364.284987461886,1,0,0.7451554330684979,0.3,-0.8397960188868918,0.560546875
1786720721.7115843,4.7600003389998164,90.0,62.300000000000104,32.70266299304262,29.597337006957485,0.18278877777652403,1371.5075911115123,1,0,0.7231993728312807,0.3,-0.8404105950547567,0.560546875
1786720721.7315156,4.78000040400002,90.0,63.00000000000011,32.70266299304262,30.297337006957484,0.1961315489789225,1367.2379043267447,1,0,0.7403035995008251,0.3,-0.8441720505219027,0.564453125
1786720721.7499242,4.80000032099997,90.0,63.70000000000011,32.70266299304262,30.997337006957487,0.2117311934616085,1362.2460180922853,1,0,0.7574078261703696,0.3,-0.8456766327087611,0.564453125
1786720721.7725878,4.820000532999984,90.0,64.4000000000001,34.2986517135038,30.101348286496304,0.19099403856097497,1368.881907660488,1,0,0.7355146916444794,0.3,-0.8445206530835043,0.5625
1786720721.7898636,4.840000431000135,90.0,65.10000000000011,34.2986517135038,30.801348286496303,0.2085606570806221,1363.260589734201,1,0,0.7526189183140238,0.3,-0.8440582612334017,0.5625
1786720721.8114147,4.860000422000212,90.0,65.80000000000011,35.89429039641038,29.905709603589727,0.1868610323257397,1370.2044696557632,1,0,0.7307343368191005,0.3,-0.8438733044933607,0.5625
1786720721.8314686,4.880000468000162,90.0,66.50000000000011,35.89429039641038,30.60570960358973,0.2093126791913007,1363.0199426587837,1,0,0.747838563488645,0.3,-0.8385258842973442,0.556640625
1786720721.8497427,4.90000032900025,90.0,67.20000000000012,35.89429039641038,31.305709603589737,0.22855587393925192,1356.8621203394393,1,0,0.7649427901581896,0.3,-0.8363869162189377,0.556640625
1786720721.8725328,4.9200002460002,90.0,67.90000000000012,37.486129580777316,30.4138704192228,0.21113534393890931,1362.436689939549,1,0,0.7431510479264843,0.3,-0.832015703987575,0.552734375
1786720721.8897316,4.940000661999875,90.0,68.60000000000012,37.486129580777316,31.11387041922281,0.229988055500999,1356.4038222396803,1,0,0.7602552745960289,0.3,-0.83026721909503,0.552734375
1786720721.9112563,4.960000430000036,90.0,69.30000000000013,39.06521263323992,30.234787366760205,0.2092073983284808,1363.0536325348862,1,0,0.7387752234664926,0.3,-0.8295678251380119,0.552734375
1786720721.931279,4.98000027299986,90.0,70.00000000000013,39.06521263323992,30.934787366760204,0.22483357008083238,1358.0532575741336,1,0,0.7558794501360371,0.3,-0.8310458800552047,0.5546875
1786720721.94962,5.000000337000074,90.0,70.70000000000013,39.06521263323992,31.634787366760207,0.24134657478349963,1352.76909606928,1,0,0.7729836768055816,0.3,-0.831637102022082,0.5546875
1786720721.9723115,5.0200009019999925,90.0,71.40000000000013,40.64046211166499,30.759537888335146,0.21972370675191633,1359.6884138393868,1,0,0.751597297560749,0.3,-0.8318735908088327,0.5546875
1786720721.989574,5.0400003929999,90.0,72.10000000000014,40.64046211166499,31.45953788833515,0.23673333790676043,1354.2453318698367,1,0,0.7687015242302935,0.3,-0.8319681863235331,0.5546875
1786720722.011125,5.060000291000051,90.0,72.80000000000014,42.217335974886225,30.582664025113914,0.21526942924783,1361.1137826406944,1,0,0.7472754537772434,0.3,-0.8320060245294133,0.5546875
1786720722.0311284,5.080000299999938,90.0,73.50000000000014,42.217335974886225,31.282664025113913,0.23235852063502238,1355.6452733967928,1,0,0.7643796804467878,0.3,-0.8320211598117654,0.5546875
1786720722.0495348,5.100000345999888,90.0,74.20000000000014,42.217335974886225,31.982664025113923,0.24945669319162622,1350.1738581786797,1,0,0.7814839071163324,0.3,-0.8320272139247062,0.5546875
1786720722.0720599,5.120000318000166,90.0,74.90000000000015,43.802142745063236,31.097857254936915,0.224318738609514,1358.2180036449554,1,0,0.7598639991793966,0.3,-0.8355452605698825,0.55859375
1786720722.0895205,5.140000272000179,90.0,75.60000000000015,43.802142745063236,31.797857254936915,0.240015746620988,1353.194961081284,1,0,0.7769682258489411,0.3,-0.836952479227953,0.55859375
1786720722.1110868,5.1600003180001295,90.0,76.30000000000015,45.39562553227165,30.904374467728502,0.21762095613240406,1360.3612940376306,1,0,0.7551363228235853,0.3,-0.8375153666911812,0.55859375
1786720722.1309497,5.180000382999879,90.0,77.00000000000016,45.39562553227165,31.6043744677285,0.23274221531665717,1355.5224910986697,1,0,0.7722405494931298,0.3,-0.8394983341764726,0.560546875
1786720722.1495256,5.200000262000231,90.0,77.70000000000016,45.39562553227165,32.30437446772851,0.24905325499208542,1350.3029584025326,1,0,0.7893447761626744,0.3,-0.840291521170589,0.560546875
1786720722.1719534,5.220000252999853,90.0,78.40000000000016,46.99782310433176,31.402176895668404,0.22317550980411205,1358.5838368626842,1,0,0.7672999307723477,0.3,-0.8441244209682356,0.564453125
1786720722.1895201,5.240000392000184,90.0,79.10000000000016,46.99782310433176,32.10217689566841,0.23874657655459774,1353.6010955025288,1,0,0.7844041574418922,0.3,-0.8456575808872944,0.564453125
1786720722.2107751,5.260000364000007,90.0,79.80000000000017,48.60221885650253,31.197781143497636,0.21603475552397144,1360.868878232329,1,0,0.7623056003788894,0.3,-0.8462708448549179,0.564453125
1786720722.230841,5.2800002799999675,90.0,80.50000000000017,48.60221885650253,31.89778114349764,0.23289367660646665,1355.4740234859307,1,0,0.7794098270484338,0.3,-0.8465161504419672,0.564453125
1786720722.2495255,5.300000345000171,90.0,81.20000000000017,48.60221885650253,32.59778114349764,0.2498997810411917,1350.0320700668187,1,0,0.7965140537179785,0.3,-0.8466142726767868,0.564453125
1786720722.2717721,5.320000262000121,90.0,81.90000000000018,50.216041427552824,31.683958572447352,0.22577382194584927,1357.7523769773281,1,0,0.774185156016564,0.3,-0.8484113340707148,0.56640625
1786720722.2895296,5.340000252000209,90.0,82.60000000000018,50.216041427552824,32.383958572447355,0.24215922405782253,1352.5090483014967,1,0,0.7912893826861085,0.3,-0.849130158628286,0.56640625
1786720722.3111882,5.360000446999948,90.0,83.30000000000018,51.83089456857218,31.469105431428005,0.21951761495859456,1359.7543632132497,1,0,0.768935303409909,0.3,-0.8494176884513144,0.56640625
1786720722.3308582,5.380000289000236,90.0,84.00000000000018,51.83089456857218,32.16910543142801,0.23826464219892773,1353.755314496343,1,0,0.7860395300794535,0.3,-0.8477748878805257,0.564453125
1786720722.3495417,5.400000316999922,90.0,84.70000000000019,51.83089456857218,32.86910543142801,0.25602598909678775,1348.071683489028,1,0,0.8031437567489981,0.3,-0.8471177676522104,0.564453125
1786720722.3721101,5.4200002890002,90.0,85.40000000000019,53.446620082086525,31.953379917913665,0.23391344183063634,1355.1476986141963,1,0,0.7807683613915204,0.3,-0.8468549195608841,0.564453125
1786720722.3895674,5.440000353999949,90.0,86.1000000000002,53.446620082086525,32.65337991791367,0.25112280773671125,1349.6407015242523,1,0,0.7978725880610649,0.3,-0.8467497803243537,0.564453125
1786720722.4110637,5.460000289000163,90.0,86.8000000000002,55.05562095794295,31.744379042057247,0.22895378196923388,1356.734789769845,1,0,0.7756615065989754,0.3,-0.8467077246297415,0.564453125
1786720722.4312365,5.4800005759998385,90.0,87.5000000000002,55.05562095794295,32.44437904205725,0.2460748309166232,1351.2560541066805,1,0,0.7927657332685198,0.3,-0.8466909023518967,0.564453125
1786720722.4495873,5.50000032600019,90.0,88.2000000000002,55.05562095794295,33.14437904205726,0.26318578649730573,1345.7805483208622,1,0,0.8098699599380644,0.3,-0.8466841734407586,0.564453125
1786720722.4721243,5.520000242000151,90.0,88.9000000000002,56.668306993124276,32.23169300687593,0.23912953867051923,1353.4785476254337,1,0,0.7875688330468227,0.3,-0.8484392943763035,0.56640625
1786720722.4895148,5.540000381000027,90.0,89.60000000000021,56.668306993124276,32.93169300687593,0.25553171696584576,1348.2298505709293,1,0,0.8046730597163673,0.3,-0.8491413427505214,0.56640625
1786720722.511072,5.560000372000104,90.0,90.0,58.28482253473368,31.715177465266322,0.225525815372281,1357.8317390808702,1,0,0.7749479774724896,0.3,-0.8494221621002085,0.56640625
1786720722.5310156,5.580000288000065,90.0,90.0,58.28482253473368,31.715177465266322,0.22717130013240594,1357.30518395763,1,0,0.7749479774724896,0.3,-0.8477766773400836,0.564453125
1786720722.5495164,5.600000334000015,90.0,90.0,58.28482253473368,31.715177465266322,0.22782949403645614,1357.094561908334,1,0,0.7749479774724896,0.3,-0.8471184834360334,0.564453125
1786720722.5720766,5.620000325000092,90.0,90.0,59.90648840683019,30.09351159316981,0.1849523742286432,1370.8152402468343,1,0,0.7353232051030565,0.3,-0.8503708308744133,0.568359375
1786720722.5895386,5.640000353000232,90.0,90.0,59.90648840683019,30.09351159316981,0.1836514352532912,1371.2315407189467,1,0,0.7353232051030565,0.3,-0.8516717698497653,0.568359375
1786720722.611148,5.6600004540000555,90.0,90.0,61.520110382008454,28.479889617991546,0.14370283677399753,1384.0150922323207,1,0,0.6958949822139036,0.3,-0.8521921454399061,0.568359375
1786720722.6309795,5.680000612000185,90.0,90.0,61.520110382008454,28.479889617991546,0.14876812403794126,1382.3942003078587,1,0,0.6958949822139036,0.3,-0.8471268581759623,0.5625
1786720722.6497176,5.7000005650002095,90.0,90.0,61.520110382008454,28.479889617991546,0.15079423894351862,1381.745843538074,1,0,0.6958949822139036,0.3,-0.845100743270385,0.5625
1786720722.6719172,5.720000370999969,90.0,90.0,63.11156737002739,26.888432629972616,0.13029617982302633,1388.3052224566316,1,0,0.6570083521311804,0.3,-0.826712172308154,0.54296875
1786720722.689541,5.740000379999856,90.0,90.0,63.11156737002739,26.888432629972616,0.13765160820791877,1385.951485373466,1,0,0.6570083521311804,0.3,-0.8193567439232615,0.54296875
1786720722.7107775,5.76000044500006,90.0,90.0,64.64219238122644,25.357807618773563,0.10319355507955774,1396.9780623745414,1,0,0.6196081276488624,0.3,-0.8164145725693046,0.54296875
1786720722.7306888,5.78000024999983,90.0,90.0,64.64219238122644,25.357807618773563,0.1201907361211405,1391.538964441235,1,0,0.6196081276488624,0.3,-0.7994173915277218,0.525390625
1786720722.7498329,5.800001037000129,90.0,90.0,64.64219238122644,25.357807618773563,0.12698960853777352,1389.3633252679124,1,0,0.6196081276488624,0.3,-0.7926185191110888,0.525390625
1786720722.772207,5.820000619999973,90.0,90.0,66.08521754256262,23.914782457437383,0.1366369011482126,1386.276191632572,1,0,0.5843483712926482,0.3,-0.7477114701444355,0.478515625
1786720722.7897582,5.8400007589998495,90.0,90.0,66.08521754256262,23.914782457437383,0.15459972073487382,1380.5280893648403,1,0,0.5843483712926482,0.3,-0.7297486505577743,0.478515625
1786720722.8122199,5.8600008789999265,90.0,90.0,67.4350621152455,22.5649378847545,0.15516911101264919,1380.3458844759523,1,0,0.551365446235759,0.3,-0.6961963352231098,0.44921875
1786720722.8298464,5.880000685000141,90.0,90.0,67.4350621152455,22.5649378847545,0.168590037146515,1376.0511881131151,1,0,0.551365446235759,0.3,-0.682775409089244,0.44921875
1786720722.8497794,5.900000824000017,90.0,90.0,67.4350621152455,22.5649378847545,0.17395840760006132,1374.3333095679805,1,0,0.551365446235759,0.3,-0.6774070386356976,0.44921875
1786720722.8730836,5.9200007590002315,90.0,90.0,68.66671574830929,21.333284251690717,0.19171390518392162,1368.6515503411451,1,0,0.5212704706382006,0.3,-0.629556565454279,0.3984375
1786720722.8898125,5.940001174999907,90.0,90.0,68.66671574830929,21.333284251690717,0.21085409445648895,1362.5266897739234,1,0,0.5212704706382006,0.3,-0.6104163761817116,0.3984375
1786720722.9129019,5.960000665999814,90.0,90.0,69.80482882484642,20.195171175153575,0.22585707154171064,1357.7257371066526,1,0,0.49346112201439524,0.3,-0.5676040504726846,0.359375
1786720722.9299114,5.980000971000209,90.0,90.0,69.80482882484642,20.195171175153575,0.24298200182532137,1352.2457594158973,1,0,0.49346112201439524,0.3,-0.5504791201890739,0.359375
1786720722.9498253,6.000001017000159,90.0,90.0,69.80482882484642,20.195171175153575,0.24983197393876566,1350.053768339595,1,0,0.49346112201439524,0.3,-0.5436291480756296,0.359375
1786720722.9728136,6.020000655999866,90.0,90.0,70.8309921343768,19.169007865623204,0.25210743800389,1349.3256198387553,1,0,0.46838722223414186,0.3,-0.5162797842302519,0.33203125
1786720722.9897625,6.040001035999921,90.0,90.0,70.8309921343768,19.169007865623204,0.26304718354204115,1345.824901266547,1,0,0.46838722223414186,0.3,-0.5053400386921008,0.33203125
1786720723.0128212,6.0600007670000196,90.0,90.0,71.75862964884618,18.24137035115382,0.2623347463077913,1346.0528811815068,1,0,0.44572076178463166,0.3,-0.48338601547684035,0.3125
1786720723.029841,6.080000628000107,90.0,90.0,71.75862964884618,18.24137035115382,0.2711163555938955,1343.2427662099535,1,0,0.44572076178463166,0.3,-0.47460440619073613,0.3125
1786720723.0498028,6.100000896999973,90.0,90.0,71.75862964884618,18.24137035115382,0.27462899930833723,1342.118720221332,1,0,0.44572076178463166,0.3,-0.4710917624762944,0.3125
1786720723.0734923,6.12000075800006,90.0,90.0,72.65033388876799,17.34966611123201,0.26830811187723314,1344.1414041992855,1,0,0.423932316867751,0.3,-0.4556242049905178,0.296875
1786720723.0897472,6.140000988999873,90.0,90.0,72.65033388876799,17.34966611123201,0.27449513487154387,1342.161556841106,1,0,0.423932316867751,0.3,-0.4494371819962071,0.296875
1786720723.1121614,6.160001035999812,90.0,90.0,73.49308762410533,16.50691237589467,0.25989321061810383,1346.8341726022068,1,0,0.40333995841658665,0.3,-0.44344674779848287,0.29296875
1786720723.1297784,6.18000076699991,90.0,90.0,73.49308762410533,16.50691237589467,0.2622893842971935,1346.0673970248981,1,0,0.40333995841658665,0.3,-0.4410505741193932,0.29296875
1786720723.14978,6.200000795000051,90.0,90.0,73.49308762410533,16.50691237589467,0.2632478537688294,1345.7606867939746,1,0,0.40333995841658665,0.3,-0.4400921046477573,0.29296875
1786720723.17291,6.220000841000001,90.0,90.0,74.32487583197002,15.675124168029981,0.25033807148838116,1349.891817123718,1,0,0.38301553834748403,0.3,-0.4326774668591029,0.28515625
1786720723.1897504,6.2400009240000145,90.0,90.0,74.32487583197002,15.675124168029981,0.25330392660384293,1348.9427434867703,1,0,0.38301553834748403,0.3,-0.42971161174364114,0.28515625
1786720723.2137437,6.260001211000144,90.0,90.0,75.135390268127,14.864609731873001,0.24347472738578907,1352.0880872365474,1,0,0.3632109345832455,0.3,-0.41973620719745647,0.275390625
1786720723.2298949,6.280000943000232,90.0,90.0,75.135390268127,14.864609731873001,0.2474648892042629,1350.8112354546358,1,0,0.3632109345832455,0.3,-0.41574604537898263,0.275390625
1786720723.2498157,6.300000748000002,90.0,90.0,75.135390268127,14.864609731873001,0.2490609539316525,1350.3004947418713,1,0,0.3632109345832455,0.3,-0.41414998065159303,0.275390625
1786720723.273671,6.320000849999815,90.0,90.0,75.92344873706955,14.076551262930453,0.23747472884882598,1354.0080867683757,1,0,0.34395503360946333,0.3,-0.4064803047606373,0.267578125
1786720723.2898061,6.340000673999839,90.0,90.0,75.92344873706955,14.076551262930453,0.24054259920520832,1353.0263682543334,1,0,0.34395503360946333,0.3,-0.40341243440425495,0.267578125
1786720723.313527,6.360000776000106,90.0,90.0,76.68616995538571,13.313830044614292,0.23016420219954614,1356.3474552961452,1,0,0.3253182384612481,0.3,-0.395154036261702,0.259765625
1786720723.3297691,6.3800007479999294,90.0,90.0,76.68616995538571,13.313830044614292,0.23346756145656733,1355.2903803338984,1,0,0.3253182384612481,0.3,-0.3918506770046808,0.259765625
1786720723.3497598,6.400000756999816,90.0,90.0,76.68616995538571,13.313830044614292,0.23478890515937584,1354.8675503489997,1,0,0.3253182384612481,0.3,-0.3905293333018723,0.259765625
1786720723.3742235,6.4200008779998825,90.0,90.0,77.42163059227966,12.578369407720345,0.22965143665483978,1356.5115402704512,1,0,0.3073475449755887,0.3,-0.37769610832074896,0.24609375
1786720723.3899295,6.440001146000213,90.0,90.0,77.42163059227966,12.578369407720345,0.23478472664728917,1354.8688874728675,1,0,0.3073475449755887,0.3,-0.37256281832829957,0.24609375
1786720723.4143023,6.460000951999973,90.0,90.0,78.11157606822269,11.88842393177731,0.23755761934404546,1353.9815618099055,1,0,0.2904889966753653,0.3,-0.3529313773313198,0.2265625
1786720723.4299128,6.480000924000251,90.0,90.0,78.11157606822269,11.88842393177731,0.2454101957428373,1351.4687373622921,1,0,0.2904889966753653,0.3,-0.34507880093252796,0.2265625
1786720723.449856,6.500000766000085,90.0,90.0,78.11157606822269,11.88842393177731,0.2485512263023541,1350.4636075832468,1,0,0.2904889966753653,0.3,-0.34193777037301115,0.2265625
1786720723.474921,6.520000757000162,90.0,90.0,78.75516646479468,11.244833535205316,0.2516598834900046,1349.4688372831986,1,0,0.27476311663920905,0.3,-0.32310323314920447,0.20703125
1786720723.489769,6.540000821999911,90.0,90.0,78.75516646479468,11.244833535205316,0.2591936983795273,1347.0580165185513,1,0,0.27476311663920905,0.3,-0.31556941825968177,0.20703125
1786720723.5149808,6.560000941999988,90.0,90.0,79.33831690006156,10.661683099938443,0.2637784836535534,1345.590885230863,1,0,0.26051406345742606,0.3,-0.29673557980387266,0.189453125
1786720723.5297818,6.5800006360000225,90.0,90.0,79.33831690006156,10.661683099938443,0.271312019035877,1343.1801539085193,1,0,0.26051406345742606,0.3,-0.28920204442154906,0.189453125
1786720723.5497913,6.600000774999899,90.0,90.0,79.33831690006156,10.661683099938443,0.2743254331888064,1342.2158613795818,1,0,0.26051406345742606,0.3,-0.2861886302686196,0.189453125
1786720723.5756037,6.620000970000092,90.0,90.0,79.88092315989479,10.119076840105208,0.27457711426354764,1342.1353234356648,1,0,0.24725569137099554,0.3,-0.27267857710744786,0.17578125
1786720723.5897565,6.640000886000053,90.0,90.0,79.88092315989479,10.119076840105208,0.2799811355280164,1340.4060366310348,1,0,0.24725569137099554,0.3,-0.2672745558429791,0.17578125
1786720723.6134984,6.6600010440001824,90.0,90.0,80.37229801759747,9.627701982402527,0.2806830662540013,1340.1814187987195,1,0,0.23524913859119298,0.3,-0.25456607233719164,0.1640625
1786720723.630039,6.680001016000006,90.0,90.0,80.37229801759747,9.627701982402527,0.28576645965631625,1338.5547329099788,1,0,0.23524913859119298,0.3,-0.2494826789348767,0.1640625
1786720723.6512318,6.700000821000231,90.0,90.0,80.8441026380487,9.155897361951304,0.2762714553430478,1341.5931342902247,1,0,0.22372077691699851,0.3,-0.24744932157395066,0.1640625
1786720723.6716359,6.720000794000043,90.0,90.0,80.8441026380487,9.155897361951304,0.2841160482874182,1339.0828645480262,1,0,0.22372077691699851,0.3,-0.23960472862958027,0.15625
1786720723.6897626,6.740001024999856,90.0,90.0,80.8441026380487,9.155897361951304,0.2872538854651664,1338.0787566511467,1,0,0.22372077691699851,0.3,-0.2364668914518321,0.15625
1786720723.7156746,6.760000923000007,90.0,90.0,81.3045587254669,8.695441274533096,0.2790157681354477,1340.7149541966567,1,0,0.21246971221618052,0.3,-0.23345394408073286,0.154296875
1786720723.7300422,6.780000951000147,90.0,90.0,81.3045587254669,8.695441274533096,0.2802209470838874,1340.329296933156,1,0,0.21246971221618052,0.3,-0.23224876513229314,0.154296875
1786720723.7510805,6.800000812000235,90.0,90.0,81.74545951171439,8.254540488285615,0.26992978011075286,1343.6224703645591,1,0,0.20169647366367013,0.3,-0.23176669355291724,0.154296875
1786720723.7725353,6.820001320999836,90.0,90.0,81.74545951171439,8.254540488285615,0.27539604624250313,1341.8732652023991,1,0,0.20169647366367013,0.3,-0.22630042742116693,0.1484375
1786720723.7897956,6.8400010340001245,90.0,90.0,81.74545951171439,8.254540488285615,0.2775825526952033,1341.173583137535,1,0,0.20169647366367013,0.3,-0.22411392096846677,0.1484375
1786720723.8156424,6.860001005999948,90.0,90.0,82.18059101157934,7.819408988420662,0.2730983244837849,1342.6085361651888,1,0,0.19106420537117158,0.3,-0.2179658808873867,0.142578125
1786720723.8299682,6.880000997000025,90.0,90.0,82.18059101157934,7.819408988420662,0.2755575405162169,1341.8215870348106,1,0,0.19106420537117158,0.3,-0.21550666485495468,0.142578125
1786720723.851052,6.900000876999911,90.0,90.0,82.52558569772395,7.474414302276045,0.26811141648403847,1344.2043467251076,1,0,0.18263439492602035,0.3,-0.21452297844198187,0.142578125
1786720723.8724267,6.920001034000052,90.0,90.0,82.52558569772395,7.474414302276045,0.27026270354922755,1343.5159348642471,1,0,0.18263439492602035,0.3,-0.21237169137679276,0.140625
1786720723.8899457,6.9400009689998114,90.0,90.0,82.52558569772395,7.474414302276045,0.27112321837530323,1343.240570119903,1,0,0.18263439492602035,0.3,-0.2115111765507171,0.140625
1786720723.9156544,6.9600008669999625,90.0,90.0,82.89057008949544,7.109429910504559,0.2730960482090116,1342.6092645731162,1,0,0.17371614382929848,0.3,-0.20062009562028688,0.12890625
1786720723.9298234,6.980000858000039,90.0,90.0,82.89057008949544,7.109429910504559,0.2774524805811837,1341.2152062140212,1,0,0.17371614382929848,0.3,-0.19626366324811478,0.12890625
1786720723.951024,7.000000829999863,90.0,90.0,83.244876144123,6.755123855877002,0.2705377234318501,1343.4279285018079,1,0,0.16505881373109602,0.3,-0.1945210902992459,0.12890625
1786720723.9722943,7.020000858000003,90.0,90.0,83.244876144123,6.755123855877002,0.2765081901113977,1341.5173791643529,1,0,0.16505881373109602,0.3,-0.18855062361969835,0.123046875
1786720723.9897628,7.040000773999964,90.0,90.0,83.244876144123,6.755123855877002,0.2788963767832167,1340.7531594293707,1,0,0.16505881373109602,0.3,-0.18616243694787932,0.123046875
1786720724.0150032,7.060001061000094,90.0,90.0,83.59385783660503,6.406142163394975,0.27835567006375306,1340.926185579599,1,0,0.15653158234290482,0.3,-0.17817591227915172,0.115234375
1786720724.0298424,7.080000756000118,90.0,90.0,83.59385783660503,6.406142163394975,0.28155027993124415,1339.903910422002,1,0,0.15653158234290482,0.3,-0.17498130241166068,0.115234375
1786720724.0523112,7.100000653999814,90.0,90.0,83.93852391049597,6.061476089504026,0.2744063429451937,1342.1899702575379,1,0,0.14810980140985805,0.3,-0.17370345846466428,0.115234375
1786720724.0729623,7.120001052000134,90.0,90.0,83.93852391049597,6.061476089504026,0.2801909180239923,1340.3389062323224,1,0,0.14810980140985805,0.3,-0.16791888338586572,0.109375
1786720724.090443,7.140000894999957,90.0,90.0,83.93852391049597,6.061476089504026,0.28250474805551173,1339.5984806222364,1,0,0.14810980140985805,0.3,-0.1656050533543463,0.109375
1786720724.1155958,7.160000848999971,90.0,90.0,84.27255558528464,5.7274444147153645,0.28054178402470115,1340.2266291120957,1,0,0.13994786786643973,0.3,-0.15940608384173854,0.103515625
1786720724.1310542,7.180000654000196,90.0,90.0,84.27255558528464,5.7274444147153645,0.2830213718297443,1339.4331610144818,1,0,0.13994786786643973,0.3,-0.1569264960366954,0.103515625
1786720724.1523314,7.2000009230000614,90.0,90.0,84.60115739132385,5.398842608676148,0.27598395013102384,1341.6851359580724,1,0,0.13191861104570196,0.3,-0.15593466091467814,0.103515625
1786720724.1736104,7.220001024999874,90.0,90.0,84.60115739132385,5.398842608676148,0.28165412167983067,1339.8706810624542,1,0,0.13191861104570196,0.3,-0.15026448936587128,0.09765625
1786720724.1910403,7.240000755999972,90.0,90.0,84.60115739132385,5.398842608676148,0.28392219029935345,1339.1448991042068,1,0,0.13191861104570196,0.3,-0.1479964207463485,0.09765625
1786720724.2163057,7.260000876000049,90.0,90.0,84.91570984132306,5.084290158676936,0.278901263955381,1340.751595534278,1,0,0.12423264475392046,0.3,-0.1453313807985394,0.095703125
1786720724.230936,7.280000867000126,90.0,90.0,84.91570984132306,5.084290158676936,0.27996727993450465,1340.4104704209585,1,0,0.12423264475392046,0.3,-0.14426536481941576,0.095703125
1786720724.2510238,7.300000951000129,90.0,90.0,85.20881213132282,4.791187868677185,0.2732318463182709,1342.5658091781534,1,0,0.11707080474603719,0.3,-0.1438389584277663,0.095703125
1786720724.2743638,7.320001366999804,90.0,90.0,85.20881213132282,4.791187868677185,0.28043365887493066,1340.2612291600221,1,0,0.11707080474603719,0.3,-0.13663714587110654,0.087890625
1786720724.2908823,7.34000078400004,90.0,90.0,85.20881213132282,4.791187868677185,0.28331438389759456,1339.3393971527698,1,0,0.11707080474603719,0.3,-0.1337564208484426,0.087890625
1786720724.316174,7.3600010149998525,90.0,90.0,85.4884569721537,4.511543027846301,0.28114928641446,1340.032228347373,1,0,0.11023779225383704,0.3,-0.12908850583937706,0.083984375
1786720724.3310897,7.380000951000056,90.0,90.0,85.4884569721537,4.511543027846301,0.2830164524180862,1339.4347352262125,1,0,0.11023779225383704,0.3,-0.12722133983575085,0.083984375
1786720724.35227,7.40000079299989,90.0,90.0,85.75708646950841,4.242913530491592,0.27719946194399275,1341.2961721779222,1,0,0.10367393537829313,0.3,-0.12647447343430035,0.083984375
1786720724.37406,7.4200011359998825,90.0,90.0,85.75708646950841,4.242913530491592,0.28277164600457294,1339.5130732785367,1,0,0.10367393537829313,0.3,-0.12090228937372015,0.078125
1786720724.3904479,7.440000829999917,90.0,90.0,85.75708646950841,4.242913530491592,0.285000519628805,1338.7998337187823,1,0,0.10367393537829313,0.3,-0.11867341574948806,0.078125
1786720724.4162934,7.460000765000132,90.0,90.0,85.99628282687331,4.003717173126688,0.28532083698578553,1338.6973321645487,1,0,0.09782926578558075,0.3,-0.11250842879979522,0.072265625
1786720724.4310117,7.4800012380001135,90.0,90.0,85.99628282687331,4.003717173126688,0.28778683176566267,1337.908213834988,1,0,0.09782926578558075,0.3,-0.11004243401991809,0.072265625
1786720724.451736,7.500000673000159,90.0,90.0,86.21506238148208,3.7849376185179158,0.2834274366880558,1339.3032202598222,1,0,0.09248347279602301,0.3,-0.10905603610796723,0.072265625
1786720724.4740827,7.520001071000024,90.0,90.0,86.21506238148208,3.7849376185179158,0.28909543335283616,1337.4894613270924,1,0,0.09248347279602301,0.3,-0.10338803944318689,0.06640625
1786720724.4907908,7.540000710000186,90.0,90.0,86.21506238148208,3.7849376185179158,0.2913626320187483,1336.7639577540006,1,0,0.09248347279602301,0.3,-0.10112084077727475,0.06640625
1786720724.5160894,7.560000682000009,90.0,90.0,86.4185935470399,3.5814064529600955,0.2925697444279452,1336.3776817830576,1,0,0.08751026823885512,0.3,-0.09494052381090991,0.060546875
1786720724.5301585,7.580001042999811,90.0,90.0,86.4185935470399,3.5814064529600955,0.2950418712144911,1335.586601211363,1,0,0.08751026823885512,0.3,-0.09246839702436396,0.060546875
1786720724.5529792,7.600000996999825,90.0,90.0,86.61301487504028,3.386985124959722,0.2912801126955206,1336.7903639374333,1,0,0.0827596590052662,0.3,-0.09147954630974559,0.060546875
1786720724.5740404,7.620000691999849,90.0,90.0,86.61301487504028,3.386985124959722,0.291675652981368,1336.6637910459622,1,0,0.0827596590052662,0.3,-0.09108400602389823,0.060546875
1786720724.5907857,7.6400008670002535,90.0,90.0,86.61301487504028,3.386985124959722,0.2918338690957069,1336.6131618893737,1,0,0.0827596590052662,0.3,-0.09092578990955928,0.060546875
1786720724.6163697,7.660000784000204,90.0,90.0,86.81666320614124,3.183336793858757,0.2886789005899777,1337.622751811207,1,0,0.07778359155380145,0.3,-0.0891046909638237,0.05859375
1786720724.6310284,7.680001107999942,90.0,90.0,86.81666320614124,3.183336793858757,0.28940734016827196,1337.389651146153,1,0,0.07778359155380145,0.3,-0.08837625138552949,0.05859375
1786720724.653892,7.700001061999956,90.0,90.0,87.0109129808078,2.9890870191921977,0.2849522986047257,1338.8152644464878,1,0,0.0730371741589375,0.3,-0.0880848755542118,0.05859375
1786720724.6734664,7.720000811999853,90.0,90.0,87.0109129808078,2.9890870191921977,0.2868266614372528,1338.215468340079,1,0,0.0730371741589375,0.3,-0.08621051272168472,0.056640625
1786720724.6908011,7.740000692000194,90.0,90.0,87.0109129808078,2.9890870191921977,0.2875764065702636,1337.9755498975155,1,0,0.0730371741589375,0.3,-0.08546076758867388,0.056640625
1786720724.7161405,7.760000664000017,90.0,90.0,87.2146500816022,2.7853499183977988,0.2846558806192062,1338.910118201854,1,0,0.06805893765467574,0.3,-0.08340305703546955,0.0546875
1786720724.7307749,7.78000076599983,90.0,90.0,87.2146500816022,2.7853499183977988,0.2854789648404879,1338.646731251044,1,0,0.06805893765467574,0.3,-0.08257997281418783,0.0546875
1786720724.7544281,7.800000738000108,90.0,90.0,87.41392837396256,2.5860716260374375,0.28093891126778436,1340.099548394309,1,0,0.06318965039345951,0.3,-0.08225073912567514,0.0546875
1786720724.7740555,7.8200009140000475,90.0,90.0,87.41392837396256,2.5860716260374375,0.28634404224318943,1338.3699064821794,1,0,0.06318965039345951,0.3,-0.07684560815027006,0.048828125
1786720724.7908494,7.840000868000061,90.0,90.0,87.41392837396256,2.5860716260374375,0.2885060946333515,1337.6780497173274,1,0,0.06318965039345951,0.3,-0.07468355576010803,0.048828125
1786720724.816154,7.860000914000011,90.0,90.0,87.59736040369955,2.402639596300446,0.288404450567879,1337.7105758182788,1,0,0.05870756037192221,0.3,-0.07030310980404322,0.044921875
1786720724.8308623,7.880001034000088,90.0,90.0,87.59736040369955,2.402639596300446,0.2901566289503049,1337.1498787359023,1,0,0.05870756037192221,0.3,-0.06855093142161728,0.044921875
1786720724.8542657,7.900000895000176,90.0,90.0,87.77141611866847,2.228583881331531,0.2866045168719068,1338.2865546009898,1,0,0.05445457694055373,0.3,-0.06785006006864691,0.044921875
1786720724.8742547,7.920000905000052,90.0,90.0,87.77141611866847,2.228583881331531,0.28864267791309495,1337.6343430678096,1,0,0.05445457694055373,0.3,-0.06581189902745876,0.04296875
1786720724.8905792,7.940001172999928,90.0,90.0,87.77141611866847,2.228583881331531,0.28945794232957023,1337.3734584545375,1,0,0.05445457694055373,0.3,-0.0649966346109835,0.04296875
1786720724.9161594,7.960000720000153,90.0,90.0,87.9451527633451,2.0548472366548935,0.29081229852279555,1336.9400644727054,1,0,0.050209389867189,0.3,-0.059397091344393395,0.037109375
1786720724.9308648,7.98000084000023,90.0,90.0,87.9451527633451,2.0548472366548935,0.29305211582943164,1336.2233229345818,1,0,0.050209389867189,0.3,-0.057157274037757354,0.037109375
1786720724.9541235,8.000000904999979,90.0,90.0,88.10405105425673,1.895948945743271,0.2900654250590066,1337.179063981118,1,0,0.04632677217410957,0.3,-0.05626134711510294,0.037109375
1786720724.9740732,8.020000783999876,90.0,90.0,88.10405105425673,1.895948945743271,0.28866598332806837,1337.6268853350182,1,0,0.04632677217410957,0.3,-0.05766078884604118,0.0390625
1786720724.9907815,8.04000084900008,90.0,90.0,88.10405105425673,1.895948945743271,0.2881062066356931,1337.8060138765782,1,0,0.04632677217410957,0.3,-0.058220565538416466,0.0390625
1786720725.0154202,8.060000691999903,90.0,90.0,88.26344843300058,1.7365515669994238,0.285745295749363,1338.561505360204,1,0,0.042431959464729586,0.3,-0.056686663715366584,0.037109375
1786720725.030837,8.080001126999832,90.0,90.0,88.26344843300058,1.7365515669994238,0.28635885647858295,1338.3651659268535,1,0,0.042431959464729586,0.3,-0.05607310298614663,0.037109375
1786720725.0540974,8.100000748000184,90.0,90.0,88.41199522882448,1.5880047711755196,0.2829745978176901,1339.4481286983391,1,0,0.038802276512148744,0.3,-0.055827678694458656,0.037109375
1786720725.074045,8.120000849999997,90.0,90.0,88.41199522882448,1.5880047711755196,0.28834620503436525,1337.7292143890031,1,0,0.038802276512148744,0.3,-0.05045607147778346,0.03125
1786720725.0907865,8.140000748000148,90.0,90.0,88.41199522882448,1.5880047711755196,0.29049484792103536,1337.0416486652687,1,0,0.038802276512148744,0.3,-0.04830742859111338,0.03125
1786720725.1161828,8.160000887000024,90.0,90.0,88.5565321103137,1.4434678896863034,0.286064790314131,1338.459267099478,1,0,0.035270574250576406,0.3,-0.04920578393644535,0.033203125
1786720725.1308558,8.180000822000238,90.0,90.0,88.5565321103137,1.4434678896863034,0.28570544817599824,1338.5742565836806,1,0,0.035270574250576406,0.3,-0.04956512607457814,0.033203125
1786720725.154113,8.200000719999935,90.0,90.0,88.6952955897188,1.3047044102812038,0.2821710798847459,1339.7052544368812,1,0,0.03187994281457714,0.3,-0.04970886292983125,0.033203125
1786720725.1726906,8.220000878000064,90.0,90.0,88.6952955897188,1.3047044102812038,0.2821135851426446,1339.7236527543537,1,0,0.03187994281457714,0.3,-0.04976635767193251,0.033203125
1786720725.190804,8.240000979999877,90.0,90.0,88.6952955897188,1.3047044102812038,0.2820905872458041,1339.7310120813427,1,0,0.03187994281457714,0.3,-0.049789355568773,0.033203125
1786720725.2154255,8.260000656000102,90.0,90.0,88.81435783804545,1.1856421619545472,0.28092996103968976,1340.1024124672992,1,0,0.028970703267198968,0.3,-0.048040742227509196,0.03125
1786720725.2308478,8.280001145999904,90.0,90.0,88.81435783804545,1.1856421619545472,0.28162940637619527,1339.8785899596176,1,0,0.028970703267198968,0.3,-0.04734129689100368,0.03125
1786720725.25414,8.300000656000066,90.0,90.0,88.9283627590213,1.071637240978703,0.2791235187824913,1340.680473989603,1,0,0.02618503753889277,0.3,-0.047061518756401466,0.03125
1786720725.2741404,8.320001332000174,90.0,90.0,88.9283627590213,1.071637240978703,0.28802449253633217,1337.8321623883737,1,0,0.02618503753889277,0.3,-0.03816054500256059,0.021484375
1786720725.2907753,8.340000710999902,90.0,90.0,88.9283627590213,1.071637240978703,0.29158488203786853,1336.692837747882,1,0,0.02618503753889277,0.3,-0.03460015550102423,0.021484375
1786720725.3154635,8.360000776000106,90.0,90.0,89.0325788637931,0.9674211362068946,0.29222037051186306,1336.4894814362037,1,0,0.02363855771227277,0.3,-0.031418187200409696,0.01953125
1786720725.3308098,8.38000098900011,90.0,90.0,89.0325788637931,0.9674211362068946,0.29349315783210883,1336.082189493725,1,0,0.02363855771227277,0.3,-0.030145399880163876,0.01953125
1786720725.3540635,8.40000090600006,90.0,90.0,89.11228539885923,0.8877146011407717,0.292054674699043,1336.5425040963062,1,0,0.021690959651108548,0.3,-0.02963628495206555,0.01953125
1786720725.3740993,8.42000080400021,90.0,90.0,89.11228539885923,0.8877146011407717,0.2957739456702823,1335.3523373855096,1,0,0.021690959651108548,0.3,-0.025917013980826218,0.015625
1786720725.3909853,8.440000777000023,90.0,90.0,89.11228539885923,0.8877146011407717,0.2972616540587781,1334.876270701191,1,0,0.021690959651108548,0.3,-0.024429305592330485,0.015625
1786720725.4155316,8.460000860000036,90.0,90.0,89.19158948513348,0.808410514866523,0.30119241053209656,1333.6184286297291,1,0,0.019753195269028752,0.3,-0.018560784736932196,0.009765625
1786720725.4309216,8.480000851000113,90.0,90.0,89.19158948513348,0.808410514866523,0.30353981887425585,1332.867257960238,1,0,0.019753195269028752,0.3,-0.016213376394772876,0.009765625
1786720725.4534562,8.500001044999863,90.0,90.0,89.2608485105846,0.7391514894154056,0.3027864649679372,1333.10833121026,1,0,0.018060878025846383,0.3,-0.015274413057909152,0.009765625
1786720725.4740915,8.520000758000151,90.0,90.0,89.2608485105846,0.7391514894154056,0.2996464253026827,1334.1131439031415,1,0,0.018060878025846383,0.3,-0.018414452723163662,0.013671875
1786720725.4907827,8.540000971000154,90.0,90.0,89.2608485105846,0.7391514894154056,0.2983904094365809,1334.515068980294,1,0,0.018060878025846383,0.3,-0.019670468589265466,0.013671875
1786720725.5147197,8.56000086999984,90.0,90.0,89.3350357422944,0.6649642577056056,0.29431745455135383,1335.8184145435669,1,0,0.01624814198706005,0.3,-0.021930687435706187,0.015625
1786720725.5307932,8.580000805000054,90.0,90.0,89.3350357422944,0.6649642577056056,0.29341336701277754,1336.107722555911,1,0,0.01624814198706005,0.3,-0.022834774974282476,0.015625
1786720725.5541074,8.600000833000195,90.0,90.0,89.40481073919636,0.595189260803636,0.2913468071932355,1336.7690216981646,1,0,0.014543217182948551,0.3,-0.02319640998971299,0.015625
1786720725.5744336,8.620001046000198,90.0,90.0,89.40481073919636,0.595189260803636,0.2894443406870633,1337.3778109801397,1,0,0.014543217182948551,0.3,-0.025098876495885193,0.017578125
1786720725.590969,8.640000759000031,90.0,90.0,89.40481073919636,0.595189260803636,0.28868335408459445,1337.6213266929299,1,0,0.014543217182948551,0.3,-0.02585986309835408,0.017578125
1786720725.615545,8.660000879000108,90.0,90.0,89.48898045275098,0.5110195472490204,0.28456449285882296,1338.9393622851767,1,0,0.012486563098164592,0.3,-0.02792207023934163,0.01953125
1786720725.6311078,8.68000149999989,90.0,90.0,89.48898045275098,0.5110195472490204,0.2837396100024279,1339.203324799223,1,0,0.012486563098164592,0.3,-0.028746953095736653,0.01953125
1786720725.6543777,8.700001139000051,90.0,90.0,89.56860569485781,0.43139430514219157,0.2814640451604234,1339.9315055486645,1,0,0.010540951398718086,0.3,-0.02907690623829466,0.01953125
1786720725.6727662,8.720001000000138,90.0,90.0,89.56860569485781,0.43139430514219157,0.2795742514034002,1340.536239550912,1,0,0.010540951398718086,0.3,-0.030966699995317863,0.021484375
1786720725.6909158,8.740000880000025,90.0,90.0,89.56860569485781,0.43139430514219157,0.2788183339005909,1340.7781331518108,1,0,0.010540951398718086,0.3,-0.031722617498127145,0.021484375
1786720725.7154803,8.76000068500025,90.0,90.0,89.64778378350309,0.35221621649691315,0.28361253122025276,1339.2439900095192,1,0,0.008606265719503623,0.3,-0.02499373449925086,0.013671875
1786720725.730755,8.780000934999862,90.0,90.0,89.64778378350309,0.35221621649691315,0.28630408441980326,1338.382692985663,1,0,0.008606265719503623,0.3,-0.022302181299700345,0.013671875
1786720725.7541654,8.80000090800013,90.0,90.0,89.71717185735474,0.2828281426452577,0.2856852352091638,1338.5807247330677,1,0,0.006910795229043904,0.3,-0.02122556001988014,0.013671875
1786720725.7740562,8.82000082400009,90.0,90.0,89.71717185735474,0.2828281426452577,0.28435807122109186,1339.0054172092505,1,0,0.006910795229043904,0.3,-0.02255272400795206,0.015625
1786720725.7908304,8.840000703999976,90.0,90.0,89.71717185735474,0.2828281426452577,0.2838272056258631,1339.1752941997238,1,0,0.006910795229043904,0.3,-0.023083589603180823,0.015625
1786720725.8152392,8.86000091699998,90.0,90.0,89.78169096403349,0.21830903596651297,0.28555398520898617,1338.6227247331244,1,0,0.005334296050258522,0.3,-0.019780310841272332,0.01171875
1786720725.8309405,8.880000723000194,90.0,90.0,89.78169096403349,0.21830903596651297,0.2868752967137496,1338.1999050516001,1,0,0.005334296050258522,0.3,-0.018458999336508932,0.01171875
1786720725.8541508,8.900000954000006,90.0,90.0,89.83135892102587,0.16864107897413305,0.28619020418049657,1338.419134662241,1,0,0.004120678915100164,0.3,-0.01793047473460357,0.01171875
1786720725.874313,8.920000945000083,90.0,90.0,89.83135892102587,0.16864107897413305,0.2899172390212587,1337.2264835131973,1,0,0.004120678915100164,0.3,-0.01420343989384143,0.0078125
1786720725.8909724,8.940001435999875,90.0,90.0,89.83135892102587,0.16864107897413305,0.29140805295756356,1336.7494230535797,1,0,0.004120678915100164,0.3,-0.012712625957536573,0.0078125
1786720725.9151719,8.960000666999804,90.0,90.0,89.87073224283358,0.12926775716641717,0.29104230678789683,1336.866461827873,1,0,0.0031586071709114646,0.3,-0.01211630038301463,0.0078125
1786720725.9308698,8.980001083999923,90.0,90.0,89.87073224283358,0.12926775716641717,0.29128083701770563,1336.7901321543343,1,0,0.0031586071709114646,0.3,-0.011877770153205852,0.0078125
1786720725.9535205,9.000001000999873,90.0,90.0,89.90067811451951,0.09932188548049226,0.2906445334280103,1336.9937493030368,1,0,0.002426891489292676,0.3,-0.011782358061282342,0.0078125
1786720725.9734712,9.020000917999823,90.0,90.0,89.90067811451951,0.09932188548049226,0.2941983232647797,1335.8565365552704,1,0,0.002426891489292676,0.3,-0.008228568224512938,0.00390625
1786720725.990797,9.040000611999858,90.0,90.0,89.90067811451951,0.09932188548049226,0.2956198391994875,1335.401651456164,1,0,0.002426891489292676,0.3,-0.006807052289805176,0.00390625
1786720726.0152237,9.060000936000051,90.0,90.0,89.93062255880363,0.06937744119636591,0.29721457726975736,1334.8913352736777,1,0,0.0016952106856794745,0.3,-0.004480633415922071,0.001953125
1786720726.030882,9.080001001000255,90.0,90.0,89.93062255880363,0.06937744119636591,0.29814514481931065,1334.5935536578206,1,0,0.0016952106856794745,0.3,-0.0035500658663688285,0.001953125
1786720726.0535626,9.100000751000152,90.0,90.0,89.960136039713,0.03986396028699346,0.29779622145730167,1334.7052091336634,1,0,0.0009740603038492192,0.3,-0.0031778388465475314,0.001953125
1786720726.0734653,9.120000798000092,90.0,90.0,89.960136039713,0.03986396028699346,0.2926716747652302,1336.3450640751264,1,0,0.0009740603038492192,0.3,-0.008302385538619013,0.0078125
1786720726.090771,9.140000715000042,90.0,90.0,89.960136039713,0.03986396028699346,0.29062185608840163,1337.0010060517116,1,0,0.0009740603038492192,0.3,-0.010352204215447604,0.0078125
1786720726.1150987,9.160000945999855,90.0,90.0,89.98520688205178,0.014793117948215695,0.2891893323745861,1337.4594136401324,1,0,0.00036146406076512463,0.3,-0.011172131686179042,0.0078125
1786720726.130919,9.180001011000058,90.0,90.0,89.98520688205178,0.014793117948215695,0.28886136138629354,1337.564364356386,1,0,0.00036146406076512463,0.3,-0.011500102674471617,0.0078125
1786720726.1535647,9.200000723999892,90.0,90.0,90.01472048737907,-0.014720487379065617,0.2880090195690432,1337.8371137379063,1,0,-0.0003596893611681518,0.2999969169483328,-0.011631291069788647,0.0078125
1786720726.172296,9.220000882000022,90.0,90.0,90.01472048737907,-0.014720487379065617,0.2879534611592492,1337.8548924290403,1,0,-0.0003596893611681518,0.2999938338966657,-0.011683766427915458,0.0078125
1786720726.190779,9.240000668999983,90.0,90.0,90.01472048737907,-0.014720487379065617,0.2879293879643313,1337.862595851414,1,0,-0.0003596893611681518,0.2999907508449985,-0.011704756571166184,0.0078125
1786720726.215122,9.26000079000005,90.0,90.0,90.03967277270766,-0.0396727727076609,0.2908238345065304,1336.9363729579104,1,0,-0.0009693887100016398,0.29998244179891276,-0.008197527628466475,0.00390625
1786720726.2308562,9.280001020999862,90.0,90.0,90.03967277270766,-0.0396727727076609,0.29221841703752455,1336.4901065479921,1,0,-0.0009693887100016398,0.299974132752827,-0.006794636051386589,0.00390625
1786720726.253509,9.300000715999886,90.0,90.0,90.06925761240649,-0.06925761240648853,0.2920483706162838,1336.544521402789,1,0,-0.0016922827159886176,0.29995962747240423,-0.006233479420554636,0.00390625
1786720726.2734993,9.320000706999963,90.0,90.0,90.06925761240649,-0.06925761240648853,0.2922583279881938,1336.477335043778,1,0,-0.0016922827159886176,0.2999451221919815,-0.006009016768221854,0.00390625
1786720726.2909014,9.340000882999902,90.0,90.0,90.06925761240649,-0.06925761240648853,0.29233360776870415,1336.4532455140147,1,0,-0.0016922827159886176,0.29993061691155876,-0.005919231707288741,0.00390625
1786720726.3152072,9.360000633000254,90.0,90.0,90.08879633496059,-0.08879633496059114,0.2936354079563708,1336.0366694539614,1,0,-0.0021697037722724906,0.29991201945065354,-0.004125505182915497,0.001953125
1786720726.330842,9.380000976000247,90.0,90.0,90.08879633496059,-0.08879633496059114,0.29433430110521486,1335.8130236463312,1,0,-0.0021697037722724906,0.29989342198974833,-0.0034080145731661985,0.001953125
1786720726.3535492,9.400000781000017,90.0,90.0,90.11386246737254,-0.1138624673725417,0.2939902187303482,1335.9231300062886,1,0,-0.002782184930133657,0.2998695746903472,-0.0031210183292664792,0.001953125
1786720726.3734667,9.420000790999893,90.0,90.0,90.11386246737254,-0.1138624673725417,0.29408116992850697,1335.8940256228777,1,0,-0.002782184930133657,0.299845727390946,-0.0030062198317065917,0.001953125
1786720726.390838,9.440000966999833,90.0,90.0,90.11386246737254,-0.1138624673725417,0.2941032420281297,1335.8869625509985,1,0,-0.002782184930133657,0.29982188009154487,-0.002960300432682637,0.001953125
1786720726.4151118,9.460000754000248,90.0,90.0,90.12859838071626,-0.12859838071625518,0.29022207119974724,1337.1289372160809,1,0,-0.003142251218724571,0.2997949465096701,-0.006457557673073054,0.005859375
1786720726.4309266,9.480000930000188,90.0,90.0,90.12859838071626,-0.12859838071625518,0.2887962347217163,1337.5852048890508,1,0,-0.003142251218724571,0.2997680129277953,-0.007856460569229222,0.005859375
1786720726.452896,9.50000090200001,90.0,90.0,90.1581157200863,-0.15811572008630037,0.2874884953195689,1338.003681497738,1,0,-0.0038634958805347434,0.2997348972488193,-0.008416021727691687,0.005859375
1786720726.473494,9.520000671000162,90.0,90.0,90.1581157200863,-0.15811572008630037,0.2889893676772079,1337.5234023432936,1,0,-0.0038634958805347434,0.2997017815698433,-0.006882033691076674,0.00390625
1786720726.4907975,9.540000754000175,90.0,90.0,90.1581157200863,-0.15811572008630037,0.2895698472128779,1337.337648891879,1,0,-0.0038634958805347434,0.29966866589086727,-0.00626843847643067,0.00390625
1786720726.5144217,9.56000104199984,90.0,90.0,90.17324641919231,-0.17324641919230999,0.2876546443952205,1337.9505137935294,1,0,-0.0042332086050745465,0.2996323812456809,-0.007780812890572268,0.005859375
1786720726.5308065,9.580000921000192,90.0,90.0,90.17324641919231,-0.17324641919230999,0.28701340998437747,1338.1557088049992,1,0,-0.0042332086050745465,0.2995960966004945,-0.008385762656228906,0.005859375
1786720726.5528347,9.600000875000205,90.0,90.0,90.19784647519066,-0.19784647519065857,0.2861340526702438,1338.437103145522,1,0,-0.004834301367759175,0.29955465973162804,-0.008627742562491561,0.005859375
1786720726.5727503,9.620000643999902,90.0,90.0,90.19784647519066,-0.19784647519065857,0.2877536363388722,1337.918836371561,1,0,-0.004834301367759175,0.2995132228627615,-0.006966722024996625,0.00390625
1786720726.5908024,9.640000912000232,90.0,90.0,90.19784647519066,-0.19784647519065857,0.28837660768500367,1337.7194855407988,1,0,-0.004834301367759175,0.299471785993895,-0.00630231380999865,0.00390625
1786720726.6141508,9.660000663000119,90.0,90.0,90.21792055538009,-0.2179205553800898,0.28986824429107544,1337.2421618268559,1,0,-0.005324803678820094,0.29942614481950514,-0.004278738023999459,0.001953125
1786720726.6310785,9.680001189999984,90.0,90.0,90.21792055538009,-0.2179205553800898,0.29063203343108523,1336.9977493020529,1,0,-0.005324803678820094,0.29938050364511526,-0.003469307709599784,0.001953125
1786720726.6532001,9.700000830000135,90.0,90.0,90.22736471084977,-0.22736471084976984,0.29067940013123267,1336.9825919580055,1,0,-0.005555567930042701,0.29933288449142914,-0.0031455355838399136,0.001953125
1786720726.6731226,9.720000764999895,90.0,90.0,90.22736471084977,-0.22736471084976984,0.2925191023278505,1336.3938872550877,1,0,-0.005555567930042701,0.299285265337743,-0.0012582142335359654,0.0
1786720726.6908576,9.740001014999962,90.0,90.0,90.22736471084977,-0.22736471084976984,0.29322641171428593,1336.1675482514286,1,0,-0.005555567930042701,0.29923764618405696,-0.0005032856934143863,0.0
1786720726.7140923,9.760001023999848,90.0,90.0,90.24732742568443,-0.247327425684432,0.29299298283454633,1336.2422454929451,1,0,-0.006043349072144899,0.2991858460491528,-0.00020131427736575446,0.0
1786720726.7308393,9.780000867000126,90.0,90.0,90.24732742568443,-0.247327425684432,0.29306197126606165,1336.2201691948603,1,0,-0.006043349072144899,0.29913404591424875,-8.05257109463018e-05,0.0
1786720726.7529044,9.800000914000066,90.0,90.0,90.26217720179659,-0.26217720179658954,0.29269563807684773,1336.3373958154089,1,0,-0.006406197553022511,0.29907913564950855,-3.2210284378520717e-05,0.0
1786720726.7730174,9.820001330000196,90.0,90.0,90.26217720179659,-0.26217720179658954,0.29090224148273464,1336.9112827255249,1,0,-0.006406197553022511,0.29902422538476836,-0.0017706966137514082,0.001953125
1786720726.7908106,9.840000729000167,90.0,90.0,90.26217720179659,-0.26217720179658954,0.2901519366862453,1337.1513802604015,1,0,-0.006406197553022511,0.2989693151200281,-0.002466091145500563,0.001953125
1786720726.8145742,9.860001052999905,90.0,90.0,90.27197019689794,-0.27197019689793933,0.28782176809739507,1337.8970342088337,1,0,-0.006645485564432834,0.29891235381519016,-0.004502061458200226,0.00390625
1786720726.8309703,9.880000839999866,90.0,90.0,90.27197019689794,-0.27197019689793933,0.2869504186674772,1338.1758660264072,1,0,-0.006645485564432834,0.29885539251035215,-0.00531644958328009,0.00390625
1786720726.8529327,9.90000077500008,90.0,90.0,90.28682002486755,-0.2868200248675521,0.286204852364613,1338.4144472433238,1,0,-0.0070083353124271155,0.29879532106481704,-0.005642204833312036,0.00390625
1786720726.872796,9.920001043999946,90.0,90.0,90.28682002486755,-0.2868200248675521,0.2877722913190651,1337.9128667778991,1,0,-0.0070083353124271155,0.298735249619282,-0.0040146944333248145,0.001953125
1786720726.8910077,9.94000097900016,90.0,90.0,90.28682002486755,-0.2868200248675521,0.28836322403352493,1337.7237683092721,1,0,-0.0070083353124271155,0.2986751781737469,-0.0033636902733299254,0.001953125
1786720726.9145403,9.960000877999846,90.0,90.0,90.29702835113443,-0.29702835113442916,0.2883141177857231,1337.7394823085685,1,0,-0.007257771778691872,0.2986129687013581,-0.0031032886093319704,0.001953125
1786720726.9308786,9.98000096099986,90.0,90.0,90.29702835113443,-0.29702835113442916,0.28835606897893346,1337.7260579267413,1,0,-0.007257771778691872,0.29855075922896934,-0.002999127943732788,0.001953125
1786720726.9521437,10.000000970000201,90.0,90.0,90.30647623901007,-0.3064762390100669,0.2881046683216796,1337.8065061370626,1,0,-0.007488627229796654,0.2984865709955711,-0.002957463677493115,0.001953125
1786720726.97301,10.020000943000014,90.0,90.0,90.30647623901007,-0.3064762390100669,0.28981495829477716,1337.2592133456712,1,0,-0.007488627229796654,0.2984223827621728,-0.001182985470997246,0.0
1786720726.9908504,10.040000655999847,90.0,90.0,90.30647623901007,-0.3064762390100669,0.29046056134397724,1337.0526203699274,1,0,-0.007488627229796654,0.2983581945287746,-0.00047319418839889845,0.0
1786720727.014635,10.060000850000051,90.0,90.0,90.31169795603796,-0.31169795603796047,0.29055269900697656,1337.0231363177675,1,0,-0.007616217846438528,0.29829291266151936,-0.00018927767535955936,0.0
1786720727.0308607,10.080000712000128,90.0,90.0,90.31169795603796,-0.31169795603796047,0.29060098374493704,1337.0076852016202,1,0,-0.007616217846438528,0.2982276307942642,-7.571107014382375e-05,0.0
1786720727.052898,10.10000107299993,90.0,90.0,90.31169795603796,-0.31169795603796047,0.29058112851976814,1337.0140388736743,1,0,-0.007616217846438528,0.298162348927009,-3.0284428057529503e-05,0.0
1786720727.072786,10.120000971000081,90.0,90.0,90.31169795603796,-0.31169795603796047,0.29053401730934747,1337.0291144610087,1,0,-0.007616217846438528,0.2980970670597538,-1.2113771223011801e-05,0.0
1786720727.0908325,10.140000740000232,90.0,90.0,90.31169795603796,-0.31169795603796047,0.29047600370482607,1337.0476788144556,1,0,-0.007616217846438528,0.2980317851924986,-4.845508489204721e-06,0.0
1786720727.114513,10.160000879000108,90.0,90.0,90.31657531756764,-0.31657531756764,0.28853664021816017,1337.6682751301887,1,0,-0.00773539427094275,0.2979654818130334,-0.0017597507033956816,0.001953125
1786720727.1307824,10.180000888999984,90.0,90.0,90.31657531756764,-0.31657531756764,0.28776837476073236,1337.9141200765657,1,0,-0.00773539427094275,0.29789917843356817,-0.002461712781358273,0.001953125
1786720727.15288,10.200000897999871,90.0,90.0,90.31657531756764,-0.31657531756764,0.2874212865500821,1338.0251883039737,1,0,-0.00773539427094275,0.29783287505410294,-0.0027424976125433095,0.001953125
1786720727.1729083,10.220000963000075,90.0,90.0,90.31657531756764,-0.31657531756764,0.2925161067381428,1336.3948458437944,1,0,-0.00773539427094275,0.2977665716746377,0.002418625954982676,-0.00390625
1786720727.190782,10.240000917000089,90.0,90.0,90.31657531756764,-0.31657531756764,0.294514252785688,1335.7554391085798,1,0,-0.00773539427094275,0.29770026829517254,0.00448307538199307,-0.00390625
1786720727.2145019,10.260001000000102,90.0,90.0,90.3215612447488,-0.321561244748807,0.2916362749932206,1336.6763920021695,1,0,-0.00785722345474921,0.2976329206655604,0.0017932301527972283,0.0
1786720727.230856,10.280000954000116,90.0,90.0,90.3215612447488,-0.321561244748807,0.29049298927193007,1337.0422434329823,1,0,-0.00785722345474921,0.29756557303594827,0.0007172920611188914,0.0
1786720727.2529097,10.300001168000108,90.0,90.0,90.32665591710048,-0.3266559171004815,0.28987078007606076,1337.2413503756607,1,0,-0.007981709784335071,0.29749715838065394,0.00028691682444755657,0.0
1786720727.2728293,10.320001009999942,90.0,90.0,90.32665591710048,-0.3266559171004815,0.28787240282609794,1337.8808310956488,1,0,-0.007981709784335071,0.2974287437253596,-0.0016430457702209774,0.001953125
1786720727.2907917,10.340000760999828,90.0,90.0,90.32665591710048,-0.3266559171004815,0.28703200313293614,1338.1497589974604,1,0,-0.007981709784335071,0.2973603290700653,-0.0024150308080883908,0.001953125
1786720727.314493,10.360001010999895,90.0,90.0,90.3369337801762,-0.3369337801761958,0.28991928389145843,1337.2258291547332,1,0,-0.008232845355371582,0.2972897618241621,0.0007918001767646436,-0.001953125
1786720727.3308325,10.380000650000056,90.0,90.0,90.3369337801762,-0.3369337801761958,0.29113144903949634,1336.8379363073611,1,0,-0.008232845355371582,0.29721919457825896,0.0020745325707058576,-0.001953125
1786720727.3528438,10.400000993000049,90.0,90.0,90.34146810145614,-0.3414681014561438,0.29146318038122004,1336.7317822780096,1,0,-0.008343639725321254,0.29714767766632766,0.002587625528282343,-0.001953125
1786720727.3728328,10.42000065000002,90.0,90.0,90.34146810145614,-0.3414681014561438,0.2863234631523193,1338.3764917912579,1,0,-0.008343639725321254,0.2970761607543963,-0.002480574788687063,0.00390625
1786720727.3908255,10.440000715000224,90.0,90.0,90.34146810145614,-0.3414681014561438,0.2842246661136002,1339.048106843648,1,0,-0.008343639725321254,0.297004643842465,-0.004507854915474825,0.00390625
1786720727.4146516,10.460001058000216,90.0,90.0,90.35133178994585,-0.3513317899458457,0.2848590342742029,1338.845109032255,1,0,-0.008584655102072163,0.2969310610844472,-0.0035609544661899303,0.001953125
1786720727.4309053,10.480000696999923,90.0,90.0,90.35133178994585,-0.3513317899458457,0.28516421169589906,1338.7474522573123,1,0,-0.008584655102072163,0.2968574783264295,-0.0031821942864759725,0.001953125
1786720727.451514,10.500000650999937,90.0,90.0,90.35631844763219,-0.3563184476321908,0.2851202859763517,1338.7615084875674,1,0,-0.00870650213548741,0.29678285116526815,-0.003030690214590389,0.001953125
1786720727.4720495,10.520000679000077,90.0,90.0,90.35631844763219,-0.3563184476321908,0.2851062604439446,1338.7659966579376,1,0,-0.00870650213548741,0.29670822400410685,-0.0029700885858361557,0.001953125
1786720727.4908042,10.540000836000218,90.0,90.0,90.35631844763219,-0.3563184476321908,0.285055873934285,1338.7821203410288,1,0,-0.00870650213548741,0.2966335968429455,-0.002945847934334462,0.001953125
1786720727.5137937,10.56000080900003,90.0,90.0,90.36652372846709,-0.3665237284670866,0.28825720598140087,1337.7576940859517,1,0,-0.008955864187810861,0.2965568322927643,0.0005794733262662152,-0.001953125
1786720727.5307977,10.580000874000234,90.0,90.0,90.36652372846709,-0.3665237284670866,0.28959056993545995,1337.3310176206528,1,0,-0.008955864187810861,0.29648006774258306,0.001989601830506486,-0.001953125
1786720727.552128,10.600000846000057,90.0,90.0,90.36652372846709,-0.3665237284670866,0.2900778567869748,1337.175085828168,1,0,-0.008955864187810861,0.2964033031924018,0.0025536532322025943,-0.001953125
1786720727.5720818,10.620001021999997,90.0,90.0,90.36652372846709,-0.3665237284670866,0.288468900297472,1337.6899519048088,1,0,-0.008955864187810861,0.2963265386422206,0.0010214612928810378,0.0
1786720727.5907726,10.640000938999947,90.0,90.0,90.36652372846709,-0.3665237284670866,0.28777925897156215,1337.9106371291,1,0,-0.008955864187810861,0.29624977409203934,0.0004085845171524151,0.0
1786720727.6138582,10.660000838000087,90.0,90.0,90.37105955673388,-0.3710595567338828,0.2891043250185046,1337.4866159940784,1,0,-0.009066695380395732,0.29617205956020737,0.001921246306860966,-0.001953125
1786720727.6311345,10.680001125000217,90.0,90.0,90.37105955673388,-0.3710595567338828,0.289631675202556,1337.317863935182,1,0,-0.009066695380395732,0.2960943450283754,0.002526311022744386,-0.001953125
1786720727.6524093,10.70000109700004,90.0,90.0,90.38126460564013,-0.3812646056401263,0.28954663017184007,1337.3450783450112,1,0,-0.009316051765633125,0.29601449315609857,0.0027683369090977547,-0.001953125
1786720727.672174,10.720000866000191,90.0,90.0,90.38126460564013,-0.3812646056401263,0.2895635886541046,1337.3396516306866,1,0,-0.009316051765633125,0.2959346412838217,0.002865147263639102,-0.001953125
1786720727.6911886,10.74000130100012,90.0,90.0,90.38126460564013,-0.3812646056401263,0.2895224609236442,1337.3528125044338,1,0,-0.009316051765633125,0.2958547894115448,0.0029038714054556406,-0.001953125
1786720727.71415,10.760000959000081,90.0,90.0,90.3759368581176,-0.3759368581175977,0.28783046763847026,1337.8942503556896,1,0,-0.009185870335256792,0.2957760533800997,0.0011615485621822564,0.0
1786720727.730839,10.780000708999978,90.0,90.0,90.3759368581176,-0.3759368581175977,0.2870548024697158,1338.142463209691,1,0,-0.009185870335256792,0.2956973173486547,0.0004646194248729026,0.0
1786720727.752655,10.800000941000235,90.0,90.0,90.3862128578848,-0.3862128578848001,0.2864462047415265,1338.3372144827115,1,0,-0.009436960377077384,0.29561642911685115,0.000185847769949161,0.0
1786720727.7721045,10.820000801999868,90.0,90.0,90.3862128578848,-0.3862128578848001,0.28625380784775345,1338.398781488719,1,0,-0.009436960377077384,0.2955355408850476,7.433910797966442e-05,0.0
1786720727.7908123,10.840000959999998,90.0,90.0,90.3862128578848,-0.3862128578848001,0.2861283161511621,1338.438938831628,1,0,-0.009436960377077384,0.29545465265324405,2.9735643191865768e-05,0.0
1786720727.8139381,10.860000821000085,90.0,90.0,90.39108988737661,-0.39108988737660866,0.28591041822215496,1338.5086661689104,1,0,-0.009556128688365882,0.29537274297877236,1.1894257276746307e-05,0.0
1786720727.8309245,10.88000064500011,90.0,90.0,90.39108988737661,-0.39108988737660866,0.2858213719933172,1338.5371609621384,1,0,-0.009556128688365882,0.2952908333043006,4.7577029106985235e-06,0.0
1786720727.852715,10.900001025000165,90.0,90.0,90.40095382289269,-0.40095382289268855,0.285495586284355,1338.6414123890063,1,0,-0.00979715010110988,0.2952068577320054,1.9030811642794094e-06,0.0
1786720727.8720913,10.920000812000126,90.0,90.0,90.40095382289269,-0.40095382289268855,0.2871682813633612,1338.1061499637244,1,0,-0.00979715010110988,0.29512288215971016,0.0017585737324657118,-0.001953125
1786720727.8909879,10.940001136999854,90.0,90.0,90.40095382289269,-0.40095382289268855,0.2877869740515866,1337.9081683034924,1,0,-0.00979715010110988,0.29503890658741494,0.0024612419929862846,-0.001953125
1786720727.9138973,10.960000776000015,90.0,90.0,90.39648809267499,-0.3964880926749857,0.2863353716576262,1338.3726810695596,1,0,-0.009688031726983275,0.2949558663154694,0.000984496797194514,0.0
1786720727.9308875,10.980001006999828,90.0,90.0,90.39648809267499,-0.3964880926749857,0.2856616333073639,1338.5882773416436,1,0,-0.009688031726983275,0.29487282604352383,0.0003937987188778056,0.0
1786720727.951207,11.00000088700017,90.0,90.0,90.39607672336274,-0.39607672336273936,0.28535236545260817,1338.6872430551653,1,0,-0.009677980078466769,0.2947898719285656,0.00015751948755112226,0.0
1786720727.972131,11.020001044999844,90.0,90.0,90.39607672336274,-0.39607672336273936,0.28341708714511926,1339.3065321135618,1,0,-0.009677980078466769,0.2947069178136073,-0.001694804704979551,0.001953125
1786720727.9907956,11.040000942999995,90.0,90.0,90.39607672336274,-0.39607672336273936,0.28259320335314875,1339.5701749269924,1,0,-0.009677980078466769,0.294623963698649,-0.0024357343819918203,0.001953125
1786720728.0139868,11.06000076700002,90.0,90.0,90.40106361863315,-0.4010636186331453,0.28384983702869654,1339.1680521508172,1,0,-0.009799832917155771,0.2945399651307877,-0.0009742937527967283,0.0
1786720728.0308008,11.08000079500016,90.0,90.0,90.40106361863315,-0.4010636186331453,0.2843504147125132,1339.0078672919958,1,0,-0.009799832917155771,0.29445596656292633,-0.00038971750111869134,0.0
1786720728.052026,11.100001082999825,90.0,90.0,90.39607672336274,-0.39607672336273936,0.28462209948401207,1338.920928165116,1,0,-0.009677980078466769,0.29437301244796804,-0.00015588700044747654,0.0
1786720728.0714114,11.12000087000024,90.0,90.0,90.39607672336274,-0.39607672336273936,0.28639049006932227,1338.355043177817,1,0,-0.009677980078466769,0.29429005833300975,0.0016954576998210093,-0.001953125
1786720728.0907803,11.14000091700018,90.0,90.0,90.39607672336274,-0.39607672336273936,0.2870480738344714,1338.1446163729693,1,0,-0.009677980078466769,0.2942071042180515,0.0024359955799284037,-0.001953125
1786720728.1130412,11.160000870000204,90.0,90.0,90.39607672336274,-0.39607672336273936,0.28550352237155613,1338.638872841102,1,0,-0.009677980078466769,0.29412415010309323,0.0009743982319713616,0.0
1786720728.1301804,11.180000731999826,90.0,90.0,90.39607672336274,-0.39607672336273936,0.284835929317415,1338.8525026184273,1,0,-0.009677980078466769,0.29404119598813494,0.00038975929278854465,0.0
1786720728.1518824,11.200001001000146,90.0,90.0,90.39607672336274,-0.39607672336273936,0.2845191196267836,1338.9538817194293,1,0,-0.009677980078466769,0.29395824187317665,0.00015590371711541787,0.0
1786720728.1717968,11.220000751000043,90.0,90.0,90.39607672336274,-0.39607672336273936,0.2843426232815561,1339.010360549902,1,0,-0.009677980078466769,0.29387528775821836,6.236148684616715e-05,0.0
1786720728.190182,11.240001019999909,90.0,90.0,90.39607672336274,-0.39607672336273936,0.28422225227449005,1339.0488792721633,1,0,-0.009677980078466769,0.29379233364326013,2.494459473846686e-05,0.0
1786720728.217407,11.260001511000155,90.0,90.0,90.40140372556567,-0.4014037255656717,0.2857519806839057,1338.5593661811502,1,0,-0.009808143297249793,0.2937082638435694,0.0017677903378953866,-0.001953125
1786720728.230249,11.280000779000147,90.0,90.0,90.40140372556567,-0.4014037255656717,0.2863650491814778,1338.363184261927,1,0,-0.009808143297249793,0.2936241940438787,0.0024649286351581547,-0.001953125
1786720728.2518673,11.300000919000013,90.0,90.0,90.40099228621528,-0.4009922862152848,0.28656988806056327,1338.2976358206197,1,0,-0.009798089937378667,0.293540210415844,0.002743783954063262,-0.001953125
1786720728.271815,11.32000091000009,90.0,90.0,90.40099228621528,-0.4009922862152848,0.2848396340600906,1338.851317100771,1,0,-0.009798089937378667,0.29345622678780936,0.0010975135816253048,0.0
1786720728.2901688,11.340000751999924,90.0,90.0,90.40099228621528,-0.4009922862152848,0.2840971422830808,1339.0889144694142,1,0,-0.009798089937378667,0.29337224315977467,0.0004390054326501219,0.0
1786720728.3128896,11.360000817000127,90.0,90.0,90.39607672336274,-0.39607672336273936,0.285627677754368,1338.5991431186021,1,0,-0.009677980078466769,0.2932892890448164,0.0019334146730600487,-0.001953125
1786720728.3301334,11.38000091999993,90.0,90.0,90.39607672336274,-0.39607672336273936,0.2861424873355736,1338.4344040526164,1,0,-0.009677980078466769,0.29320633492985815,0.0025311783692240197,-0.001953125
1786720728.3517632,11.400000651000028,90.0,90.0,90.39119969387093,-0.3911996938709308,0.2864178070103695,1338.3463017566817,1,0,-0.009558811767178271,0.29312440225756803,0.002770283847689608,-0.001953125
1786720728.3717804,11.420000939000147,90.0,90.0,90.39119969387093,-0.3911996938709308,0.2846737040294656,1338.904414710571,1,0,-0.009558811767178271,0.2930424695852779,0.0011081135390758432,0.0
1786720728.3902683,11.440000892000171,90.0,90.0,90.39119969387093,-0.3911996938709308,0.28392690323373,1339.1433909652064,1,0,-0.009558811767178271,0.29296053691298785,0.0004432454156303373,0.0
1786720728.4129963,11.460000976000174,90.0,90.0,90.39112838123071,-0.3911283812307147,0.2853385783085798,1338.6916549412545,1,0,-0.009557069270660187,0.29287861917638214,0.0019351106662521347,-0.001953125
1786720728.4302676,11.48000109700024,90.0,90.0,90.39112838123071,-0.3911283812307147,0.2858534066722228,1338.5269098648887,1,0,-0.009557069270660187,0.2927967014397765,0.002531856766500854,-0.001953125
1786720728.451432,11.50000092099981,90.0,90.0,90.39112838123071,-0.3911283812307147,0.28601018737571665,1338.4767400397707,1,0,-0.009557069270660187,0.29271478370317083,0.0027705552066003415,-0.001953125
1786720728.4717712,11.52000081899996,90.0,90.0,90.39112838123071,-0.3911283812307147,0.28602374901515076,1338.4724003151518,1,0,-0.009557069270660187,0.2926328659665651,0.0028660345826401366,-0.001953125
1786720728.4901843,11.540000662000239,90.0,90.0,90.39112838123071,-0.3911283812307147,0.285980023028961,1338.4863926307326,1,0,-0.009557069270660187,0.2925509482299595,0.0029042263330560543,-0.001953125
1786720728.513013,11.560000764000051,90.0,90.0,90.39112838123071,-0.3911283812307147,0.28239775699252173,1339.632717762393,1,0,-0.009557069270660187,0.29246903049335377,-0.0005961219667775782,0.001953125
1786720728.5301213,11.580000792000192,90.0,90.0,90.39112838123071,-0.3911283812307147,0.28091569993598253,1340.1069760204855,1,0,-0.009557069270660187,0.2923871127567481,-0.001996261286711031,0.001953125
1786720728.5516567,11.60000096900012,90.0,90.0,90.39112838123071,-0.3911283812307147,0.28027372647140353,1340.312407529151,1,0,-0.009557069270660187,0.29230519502014246,-0.0025563170146844123,0.001953125
1786720728.571653,11.620000626000092,90.0,90.0,90.39112838123071,-0.3911283812307147,0.2799677864436085,1340.4103083380453,1,0,-0.009557069270660187,0.29222327728353675,-0.002780339305873765,0.001953125
1786720728.5900316,11.640000654000232,90.0,90.0,90.39112838123071,-0.3911283812307147,0.2797962597905271,1340.4651968670314,1,0,-0.009557069270660187,0.2921413595469311,-0.0028699482223495058,0.001953125
1786720728.6128085,11.660000774999844,90.0,90.0,90.39112838123071,-0.3911283812307147,0.2831941234873311,1339.377880484054,1,0,-0.009557069270660187,0.2920594418103254,0.0006098332110601975,-0.001953125
1786720728.6301641,11.680000914000175,90.0,90.0,90.39112838123071,-0.3911283812307147,0.2845041183240893,1338.9586821362914,1,0,-0.009557069270660187,0.29197752407371974,0.002001745784424079,-0.001953125
1786720728.6516752,11.70000131200004,90.0,90.0,90.39112838123071,-0.3911283812307147,0.28497896561682917,1338.8067310026147,1,0,-0.009557069270660187,0.2918956063371141,0.0025585108137696315,-0.001953125
1786720728.6715155,11.72000085899981,90.0,90.0,90.39112838123071,-0.3911283812307147,0.28336194139196175,1339.3241787545721,1,0,-0.009557069270660187,0.2918136886005084,0.0010234043255078528,0.0
1786720728.6898959,11.740000924000014,90.0,90.0,90.39112838123071,-0.3911283812307147,0.2826659810600513,1339.5468860607837,1,0,-0.009557069270660187,0.29173177086390273,0.000409361730203141,0.0
1786720728.712631,11.760000619000039,90.0,90.0,90.39112838123071,-0.3911283812307147,0.2840962587853238,1339.0891971886963,1,0,-0.009557069270660187,0.291649853127297,0.0019215571920812565,-0.001953125
1786720728.729974,11.780000962000031,90.0,90.0,90.39112838123071,-0.3911283812307147,0.28461921923346933,1338.92184984529,1,0,-0.009557069270660187,0.29156793539069137,0.0025264353768325023,-0.001953125
1786720728.7514539,11.800000933999854,90.0,90.0,90.38614197721819,-0.38614197721818755,0.2849010936057587,1338.8316500461572,1,0,-0.009435228435665629,0.29148706200409996,0.0027683866507330008,-0.001953125
1786720728.771405,11.820000961999995,90.0,90.0,90.38614197721819,-0.38614197721818755,0.28315918822872754,1339.3890597668071,1,0,-0.009435228435665629,0.29140618861750855,0.0011073546602932004,0.0
1786720728.7897787,11.840000990000135,90.0,90.0,90.38614197721819,-0.38614197721818755,0.28241390204596023,1339.6275513452927,1,0,-0.009435228435665629,0.29132531523091715,0.0004429418641172802,0.0
1786720728.812553,11.860000702999969,90.0,90.0,90.38092363474493,-0.3809236347449314,0.28219477170161544,1339.697673055483,1,0,-0.009307720274948653,0.2912455347714176,0.0001771767456469121,0.0
1786720728.8298478,11.880000824000035,90.0,90.0,90.38092363474493,-0.3809236347449314,0.28200868519472777,1339.757220737687,1,0,-0.009307720274948653,0.29116575431191805,7.087069825876485e-05,0.0
1786720728.8512719,11.900000944000112,90.0,90.0,90.38126460564013,-0.3812646056401263,0.2818780508255884,1339.7990237358117,1,0,-0.009316051765633125,0.29108590243964116,2.8348279303505942e-05,0.0
1786720728.871254,11.920000712999808,90.0,90.0,90.38126460564013,-0.3812646056401263,0.2800233774857295,1340.3925192045665,1,0,-0.009316051765633125,0.29100605056736434,-0.0017464731882785975,0.001953125
1786720728.8900254,11.940001000999928,90.0,90.0,90.38126460564013,-0.3812646056401263,0.2792335970264198,1340.6452489515457,1,0,-0.009316051765633125,0.29092619869508746,-0.002456401775311439,0.001953125
1786720728.9123852,11.960000992000005,90.0,90.0,90.38126460564013,-0.3812646056401263,0.28238539871932977,1339.6366724098145,1,0,-0.009316051765633125,0.2908463468228106,0.0007752517898754243,-0.001953125
1786720728.929866,11.98000068600004,90.0,90.0,90.38126460564013,-0.3812646056401263,0.28359820827312765,1339.2485733525991,1,0,-0.009316051765633125,0.2907664949505337,0.00206791321595017,-0.001953125
1786720728.9516351,12.000001140000222,90.0,90.0,90.37645900929232,-0.37645900929231857,0.2841528438415881,1339.071089970692,1,0,-0.009198628895325642,0.29068764956000237,0.0025849777863800683,-0.001953125
1786720728.9710915,12.020000705000257,90.0,90.0,90.37645900929232,-0.37645900929231857,0.2825230117792288,1339.5926362306468,1,0,-0.009198628895325642,0.290608804169471,0.0010339911145520273,0.0
1786720728.9897785,12.040000899999995,90.0,90.0,90.37645900929232,-0.37645900929231857,0.28182377171996614,1339.8163930496107,1,0,-0.009198628895325642,0.2905299587789396,0.00041359644582081095,0.0
1786720729.0122283,12.060000854000009,90.0,90.0,90.37615593822716,-0.3761559382271571,0.28150417388507876,1339.9186643567748,1,0,-0.00919122347218921,0.2904511768634637,0.00016543857832832437,0.0
1786720729.0297751,12.080001012000139,90.0,90.0,90.37615593822716,-0.3761559382271571,0.2813261288226058,1339.9756387767661,1,0,-0.00919122347218921,0.29037239494798783,6.617543133132975e-05,0.0
1786720729.0516152,12.100000983999962,90.0,90.0,90.37615593822716,-0.3761559382271571,0.2812076416483312,1340.0135546725342,1,0,-0.00919122347218921,0.2902936130325119,2.6470172532531897e-05,0.0
1786720729.0714903,12.120000641999923,90.0,90.0,90.37615593822716,-0.3761559382271571,0.2811129776293357,1340.0438471586126,1,0,-0.00919122347218921,0.290214831117036,1.058806901301276e-05,0.0
1786720729.0897748,12.140000929000053,90.0,90.0,90.37615593822716,-0.3761559382271571,0.281027842872452,1340.0710902808153,1,0,-0.00919122347218921,0.29013604920156005,4.235227605205104e-06,0.0
1786720729.112617,12.160000883000066,90.0,90.0,90.37127877743973,-0.37127877743972704,0.28282350383985866,1339.4964787712452,1,0,-0.00907205195274347,0.29005828875625084,0.001759506591042082,-0.001953125
1786720729.1297603,12.180001041000196,90.0,90.0,90.37127877743973,-0.37127877743972704,0.2834478519399242,1339.2966873792243,1,0,-0.00907205195274347,0.2899805283109416,0.0024616151364168326,-0.001953125
1786720729.1514373,12.20000073600022,90.0,90.0,90.37169227766844,-0.37169227766844415,0.2836408311961365,1339.2349340172364,1,0,-0.009082155669371879,0.28990268126234703,0.002742458554566733,-0.001953125
1786720729.1714823,12.220000763999906,90.0,90.0,90.37169227766844,-0.37169227766844415,0.28191750901480184,1339.7863971152633,1,0,-0.009082155669371879,0.28982483421375244,0.0010969834218266933,0.0
1786720729.1897645,12.240000921000046,90.0,90.0,90.37169227766844,-0.37169227766844415,0.2811814719131112,1340.0219289878044,1,0,-0.009082155669371879,0.2897469871651578,0.0004387933687306773,0.0
1786720729.2126663,12.260000913000113,90.0,90.0,90.37169227766844,-0.37169227766844415,0.2790825363432782,1340.693588370151,1,0,-0.009082155669371879,0.2896691401165632,-0.001582295152507729,0.001953125
1786720729.2297556,12.280000959000063,90.0,90.0,90.37169227766844,-0.37169227766844415,0.27819625388618824,1340.9771987564197,1,0,-0.009082155669371879,0.2895912930679686,-0.0023907305610030914,0.001953125
1786720729.2515461,12.300001006000002,90.0,90.0,90.37656902631602,-0.3765690263160195,0.27767587122522613,1341.1437212079277,1,0,-0.009201317118341198,0.2895124246355257,-0.0027141047244012366,0.001953125
1786720729.2715104,12.320000977999825,90.0,90.0,90.37656902631602,-0.3765690263160195,0.28098327812742396,1340.0853509992244,1,0,-0.009201317118341198,0.28943355620308275,0.0006721706102395053,-0.001953125
1786720729.289822,12.340000931999839,90.0,90.0,90.37656902631602,-0.3765690263160195,0.28225891982883733,1339.6771456547722,1,0,-0.009201317118341198,0.2893546877706398,0.0020266807440958022,-0.001953125
1786720729.3125823,12.360001052999905,90.0,90.0,90.37615593822716,-0.3761559382271571,0.2827319490960889,1339.5257762892516,1,0,-0.00919122347218921,0.2892759058551639,0.002568484797638321,-0.001953125
1786720729.3298302,12.380001043999982,90.0,90.0,90.37615593822716,-0.3761559382271571,0.28286988880203,1339.4816355833505,1,0,-0.00919122347218921,0.289197123939688,0.0027852064190553283,-0.001953125
1786720729.3513393,12.400000683000144,90.0,90.0,90.37169227766844,-0.37169227766844415,0.28298686333793827,1339.4442037318597,1,0,-0.009082155669371879,0.28911927689109335,0.002871895067622131,-0.001953125
1786720729.3712702,12.420000989000073,90.0,90.0,90.37169227766844,-0.37169227766844415,0.2811858792487703,1340.0205186403934,1,0,-0.009082155669371879,0.28904142984249875,0.0011487580270488525,0.0
1786720729.3898396,12.440000924999822,90.0,90.0,90.37169227766844,-0.37169227766844415,0.28041877738394644,1340.265991237137,1,0,-0.009082155669371879,0.28896358279390416,0.00045950321081954107,0.0
1786720729.4125059,12.460000971000227,90.0,90.0,90.37667917293885,-0.37667917293885017,0.2799433755701711,1340.4181198175452,1,0,-0.009204008508060883,0.2888846912924065,0.00018380128432781643,0.0
1786720729.4298465,12.480001220999839,90.0,90.0,90.37667917293885,-0.37667917293885017,0.27975420329807676,1340.4786549446155,1,0,-0.009204008508060883,0.2888057997909088,7.352051373112658e-05,0.0
1786720729.4513993,12.500001045999852,90.0,90.0,90.37667917293885,-0.37667917293885017,0.2796311994883404,1340.518016163731,1,0,-0.009204008508060883,0.28872690828941117,2.940820549245063e-05,0.0
1786720729.4710932,12.520000963000257,90.0,90.0,90.37667917293885,-0.37667917293885017,0.2812924755635473,1339.986407819665,1,0,-0.009204008508060883,0.28864801678791346,0.0017695757821969802,-0.001953125
1786720729.4897559,12.540000639000027,90.0,90.0,90.37667917293885,-0.37667917293885017,0.2819096510927314,1339.7889116503259,1,0,-0.009204008508060883,0.2885691252864158,0.002465642812878792,-0.001953125
1786720729.512261,12.56000074099984,90.0,90.0,90.37667917293885,-0.37667917293885017,0.28210918640350646,1339.7250603508778,1,0,-0.009204008508060883,0.28849023378491817,0.0027440696251515165,-0.001953125
1786720729.5298483,12.580000917000234,90.0,90.0,90.37667917293885,-0.37667917293885017,0.28214166562691795,1339.7146669993863,1,0,-0.009204008508060883,0.28841134228342047,0.0028554403500606067,-0.001953125
1786720729.551036,12.600001020000036,90.0,90.0,90.37667917293885,-0.37667917293885017,0.28210732241538383,1339.7256568270773,1,0,-0.009204008508060883,0.2883324507819228,0.002899988640024243,-0.001953125
1786720729.5709388,12.620000824999806,90.0,90.0,90.37667917293885,-0.37667917293885017,0.2820462502298717,1339.745199926441,1,0,-0.009204008508060883,0.2882535592804251,0.0029178079560096973,-0.001953125
1786720729.5897665,12.640000891,90.0,90.0,90.37667917293885,-0.37667917293885017,0.28197448645476814,1339.7681643344742,1,0,-0.009204008508060883,0.2881746677789275,0.0029249356824038787,-0.001953125
1786720729.612142,12.66000080799995,90.0,90.0,90.38155592158643,-0.3815559215864255,0.2765058470948588,1341.5181289296452,1,0,-0.009323169957030203,0.2880947548935815,-0.002345650727038448,0.00390625
1786720729.6300447,12.680001595000249,90.0,90.0,90.38155592158643,-0.3815559215864255,0.27431769964573594,1342.2183361133646,1,0,-0.009323169957030203,0.2880148420082355,-0.004453885290815379,0.00390625
1786720729.6524448,12.700000937999903,90.0,90.0,90.38620314200335,-0.38620314200335315,0.2767965649186014,1341.4250992260477,1,0,-0.00943672297330801,0.2879339558113215,-0.0017815541163261517,0.0
1786720729.6698248,12.720000854999853,90.0,90.0,90.38620314200335,-0.38620314200335315,0.277784611191483,1341.1089244187256,1,0,-0.00943672297330801,0.2878530696144074,-0.0007126216465304608,0.0
1786720729.6898394,12.740000678999877,90.0,90.0,90.38620314200335,-0.38620314200335315,0.2781312979824872,1340.997984645604,1,0,-0.00943672297330801,0.28777218341749333,-0.0002850486586121843,0.0
1786720729.7122695,12.76000102199987,90.0,90.0,90.38665314103446,-0.3866531410344578,0.28348388293012744,1339.2851574623592,1,0,-0.009447718523920994,0.28769120297300255,0.005159418036555126,-0.005859375
1786720729.7298563,12.78000067999983,90.0,90.0,90.38665314103446,-0.3866531410344578,0.2855806891637036,1338.6141794676148,1,0,-0.009447718523920994,0.2876102225285118,0.00733720471462205,-0.005859375
1786720729.7521884,12.800000652000108,90.0,90.0,90.38173982320052,-0.3817398232005189,0.2794596283931985,1340.5729189141764,1,0,-0.009327663521162129,0.2875302711269019,0.0011770693858488201,0.001953125
1786720729.769803,12.820000903000164,90.0,90.0,90.38173982320052,-0.3817398232005189,0.27691562286007926,1341.3870006847746,1,0,-0.009327663521162129,0.2874503197252919,-0.0012869847456604719,0.001953125
1786720729.7897685,12.84000093099985,90.0,90.0,90.38173982320052,-0.3817398232005189,0.2758500498058655,1341.7279840621231,1,0,-0.009327663521162129,0.28737036832368196,-0.002272606398264189,0.001953125
1786720729.8128276,12.860000829,90.0,90.0,90.38173982320052,-0.3817398232005189,0.2753758497432141,1341.8797280821714,1,0,-0.009327663521162129,0.287290416922072,-0.0026668550593056755,0.001953125
1786720729.8297565,12.880000913000003,90.0,90.0,90.38173982320052,-0.3817398232005189,0.2751381988771876,1341.9557763593,1,0,-0.009327663521162129,0.2872104655204621,-0.0028245545237222704,0.001953125
1786720729.852948,12.900001181999869,90.0,90.0,90.38672726891042,-0.3867272689104198,0.27838892640134794,1340.9155435515686,1,0,-0.009449529809625259,0.28712946955066526,0.0006279906905110918,-0.001953125
1786720729.869801,12.92000082100003,90.0,90.0,90.38672726891042,-0.3867272689104198,0.2796889485172444,1340.4995364744818,1,0,-0.009449529809625259,0.2870484735808685,0.0020090087762044363,-0.001953125
1786720729.8900034,12.94000112699996,90.0,90.0,90.38672726891042,-0.3867272689104198,0.280160359781725,1340.348684869848,1,0,-0.009449529809625259,0.2869674776110717,0.0025614160104817747,-0.001953125
1786720729.9135478,12.96000102500011,90.0,90.0,90.38140002998654,-0.381400029986537,0.2821883082086062,1339.699741373246,1,0,-0.009319360806658244,0.28688759737558606,0.0045401914041927095,-0.00390625
1786720729.9298682,12.980000867999934,90.0,90.0,90.38140002998654,-0.381400029986537,0.2828999381306049,1339.4720197982065,1,0,-0.009319360806658244,0.2868077171401004,0.0053317015616770845,-0.00390625
1786720729.952213,13.00000087799981,90.0,90.0,90.37648528614443,-0.37648528614442967,0.27798331430482465,1341.045339422456,1,0,-0.009199270959946599,0.286728866246158,0.00037486812467083376,0.001953125
1786720729.9697757,13.020000683000035,90.0,90.0,90.37648528614443,-0.37648528614442967,0.2759217300360797,1341.7050463884545,1,0,-0.009199270959946599,0.2866500153522156,-0.0016078652501316667,0.001953125
1786720729.98979,13.040000804000101,90.0,90.0,90.37648528614443,-0.37648528614442967,0.27504978579221634,1341.9840685464908,1,0,-0.009199270959946599,0.28657116445827324,-0.0024009586000526668,0.001953125
1786720730.012226,13.06000073999985,90.0,90.0,90.38188682621603,-0.3818868262160322,0.27276390053580657,1342.715551828542,1,0,-0.009331255482445623,0.2864911822684237,-0.0044760084400210665,0.00390625
1786720730.0297716,13.080001045000245,90.0,90.0,90.38188682621603,-0.3818868262160322,0.27185389840996965,1343.0067525088098,1,0,-0.009331255482445623,0.2864112000785742,-0.005306028376008427,0.00390625
1786720730.0536282,13.100001000000248,90.0,90.0,90.38680126734425,-0.3868012673442536,0.27483745079570915,1342.052015745373,1,0,-0.009451337932461666,0.2863301886105816,-0.002122411350403371,0.0
1786720730.0697865,13.120000713000081,90.0,90.0,90.38680126734425,-0.3868012673442536,0.2760298861379586,1341.6704364358532,1,0,-0.009451337932461666,0.28624917714258913,-0.0008489645401613485,0.0
1786720730.0897577,13.14000103699982,90.0,90.0,90.38680126734425,-0.3868012673442536,0.27645825339406294,1341.5333589139,1,0,-0.009451337932461666,0.28616816567459663,-0.0003395858160645394,0.0
1786720730.1134748,13.160001010000087,90.0,90.0,90.38188682621603,-0.3818868262160322,0.2784588883657252,1340.893155722968,1,0,-0.009331255482445623,0.28608818348474707,0.0016219781735741842,-0.001953125
1786720730.1297576,13.1800009640001,90.0,90.0,90.38188682621603,-0.3818868262160322,0.27916353177173114,1340.6676698330461,1,0,-0.009331255482445623,0.2860082012948975,0.002406603769429674,-0.001953125
1786720730.15284,13.20000088100005,90.0,90.0,90.37689857527522,-0.3768985752752201,0.27776147328418976,1341.1163285490593,1,0,-0.009209369518479596,0.285929263841882,0.0009626415077718694,0.0
1786720730.1698673,13.220000760999937,90.0,90.0,90.37689857527522,-0.3768985752752201,0.2771049509265111,1341.3264157035164,1,0,-0.009209369518479596,0.2858503263888665,0.0003850566031087478,0.0
1786720730.1898253,13.24000097399994,90.0,90.0,90.37689857527522,-0.3768985752752201,0.27679497951163035,1341.4256065562784,1,0,-0.009209369518479596,0.28577138893585097,0.00015402264124349913,0.0
1786720730.213515,13.260000853999827,90.0,90.0,90.38676233885877,-0.38676233885877315,0.27286698626222894,1342.6825643960867,1,0,-0.009450386730119439,0.28569038562102134,-0.0034540159435026,0.00390625
1786720730.229781,13.280000642000232,90.0,90.0,90.38676233885877,-0.38676233885877315,0.27134276751350084,1343.1703143956797,1,0,-0.009450386730119439,0.28560938230619176,-0.00489723137740104,0.00390625
1786720730.2542987,13.30000094800016,90.0,90.0,90.39175064898114,-0.3917506489811444,0.2723204031150676,1342.8574710031785,1,0,-0.009572274140163754,0.2855273342421332,-0.0037167050509604163,0.001953125
1786720730.2698812,13.320000772000185,90.0,90.0,90.39175064898114,-0.3917506489811444,0.2727105655815853,1342.7326190138926,1,0,-0.009572274140163754,0.2854452861780747,-0.003244494520384167,0.001953125
1786720730.2897964,13.340000873999998,90.0,90.0,90.39175064898114,-0.3917506489811444,0.27281740172975727,1342.6984314464776,1,0,-0.009572274140163754,0.28536323811401615,-0.003055610308153667,0.001953125
1786720730.3149734,13.360000773000138,90.0,90.0,90.39175064898114,-0.3917506489811444,0.2763265323505909,1341.575509647811,1,0,-0.009572274140163754,0.2852811900499576,0.0005355683767385331,-0.001953125
1786720730.329766,13.380000949000078,90.0,90.0,90.39175064898114,-0.3917506489811444,0.2776809557604893,1341.1420941566435,1,0,-0.009572274140163754,0.2851991419858991,0.001972039850695413,-0.001953125
1786720730.3543227,13.400000828999964,90.0,90.0,90.38188682621603,-0.3818868262160322,0.27665670244373164,1341.469855218006,1,0,-0.009331255482445623,0.2851191597960495,0.0007888159402781653,0.0
1786720730.3697689,13.420000820000041,90.0,90.0,90.38188682621603,-0.3818868262160322,0.27610343068971516,1341.6469021792911,1,0,-0.009331255482445623,0.28503917760619996,0.00031552637611126616,0.0
1786720730.3911157,13.44000086699998,90.0,90.0,90.38188682621603,-0.3818868262160322,0.2758341326741988,1341.7330775442565,1,0,-0.009331255482445623,0.28495919541635045,0.00012621055044450646,0.0
1786720730.4109633,13.460000838999804,90.0,90.0,90.3868751363384,-0.38687513633840354,0.27379872424403834,1342.3844082419077,1,0,-0.00945314289248994,0.28487816847727193,-0.0017073282798221972,0.001953125
1786720730.4298306,13.480000867999934,90.0,90.0,90.3868751363384,-0.38687513633840354,0.2729842817728531,1342.645029832687,1,0,-0.00945314289248994,0.28479714153819347,-0.0024407438119288787,0.001953125
1786720730.4550507,13.500000933000138,90.0,90.0,90.38653565709478,-0.38653565709478244,0.2743759961636927,1342.1996812276184,1,0,-0.009444847849729225,0.2847161856994815,-0.0009762975247715516,0.0
1786720730.4697986,13.52000103499995,90.0,90.0,90.38653565709478,-0.38653565709478244,0.27488081883984367,1342.03813797125,1,0,-0.009444847849729225,0.2846352298607695,-0.00039051900990862067,0.0
1786720730.4909945,13.540000748000239,90.0,90.0,90.3868751363384,-0.38687513633840354,0.2750258793643161,1341.9917186034188,1,0,-0.00945314289248994,0.284554202921691,-0.00015620760396344827,0.0
1786720730.5116034,13.560000832000242,90.0,90.0,90.3868751363384,-0.38687513633840354,0.27503857698761563,1341.987655363963,1,0,-0.00945314289248994,0.2844731759826125,-6.248304158537931e-05,0.0
1786720730.5297594,13.58000076799999,90.0,90.0,90.3868751363384,-0.38687513633840354,0.27499503987348844,1342.0015872404838,1,0,-0.00945314289248994,0.284392149043534,-2.4993216634151725e-05,0.0
1786720730.5556152,13.600000906999867,90.0,90.0,90.38188682621603,-0.3818868262160322,0.2750508962744347,1341.9837131921809,1,0,-0.009331255482445623,0.2843121668536845,-9.99728665366069e-06,0.0
1786720730.569758,13.620000842000081,90.0,90.0,90.38188682621603,-0.3818868262160322,0.2749769124565774,1342.0073880138953,1,0,-0.009331255482445623,0.28423218466383493,-3.998914661464276e-06,0.0
1786720730.5911415,13.64000090799982,90.0,90.0,90.38147353708524,-0.3814735370852418,0.2749094281740577,1342.0289829843016,1,0,-0.009321156923912626,0.28415228903305856,-1.5995658645857107e-06,0.0
1786720730.6122942,13.66000093599996,90.0,90.0,90.38147353708524,-0.3814735370852418,0.2748304922828001,1342.054242469504,1,0,-0.009321156923912626,0.28407239340228213,-6.398263458342843e-07,0.0
1786720730.630048,13.68000122300009,90.0,90.0,90.38147353708524,-0.3814735370852418,0.2747509805478312,1342.079686224694,1,0,-0.009321156923912626,0.28399249777150576,-2.5593053833371376e-07,0.0
1786720730.6565773,13.700001065999913,90.0,90.0,90.38181338946538,-0.38181338946537835,0.274662934315172,1342.1078610191448,1,0,-0.009329461084118397,0.2839125309622133,-1.0237221533348551e-07,0.0
1786720730.669819,13.720000927000001,90.0,90.0,90.38181338946538,-0.38181338946537835,0.2745830289292088,1342.1334307426532,1,0,-0.009329461084118397,0.28383256415292085,-4.0948886133394204e-08,0.0
1786720730.6918297,13.740000936999877,90.0,90.0,90.38181338946538,-0.38181338946537835,0.274503086689248,1342.1590122594407,1,0,-0.009329461084118397,0.2837525973436284,-1.6379554453357684e-08,0.0
1786720730.713758,13.760000853999827,90.0,90.0,90.38181338946538,-0.38181338946537835,0.2744231297076882,1342.1845984935399,1,0,-0.009329461084118397,0.283672630534336,-6.551821781343074e-09,0.0
1786720730.729761,13.780000827000094,90.0,90.0,90.38181338946538,-0.38181338946537835,0.2743431668294889,1342.2101866145636,1,0,-0.009329461084118397,0.28359266372504355,-2.6207287125372294e-09,0.0
1786720730.7566597,13.800001670000256,90.0,90.0,90.38173982320052,-0.3817398232005189,0.2742649991555899,1342.2352002702112,1,0,-0.009327663521162129,0.2835127123234336,-1.048291485014892e-09,0.0
1786720730.7705116,13.820001049999973,90.0,90.0,90.38173982320052,-0.3817398232005189,0.2741850483829549,1342.2607845174543,1,0,-0.009327663521162129,0.2834327609218236,-4.193165940059568e-10,0.0
1786720730.7916229,13.840000615000008,90.0,90.0,90.37675243664137,-0.37675243664136815,0.27422696207607256,1342.2473721356569,1,0,-0.009205798678024481,0.283353854076012,-1.6772663760238272e-10,0.0
1786720730.8136344,13.860000661999948,90.0,90.0,90.37675243664137,-0.37675243664136815,0.27414805533089687,1342.272622294113,1,0,-0.009205798678024481,0.28327494723020036,-6.709065504095309e-11,0.0
1786720730.8303328,13.880000653000025,90.0,90.0,90.37675243664137,-0.37675243664136815,0.27406914852533965,1342.2978724718914,1,0,-0.009205798678024481,0.28319604038438867,-2.6836262016381235e-11,0.0
1786720730.856387,13.9000007919999,90.0,90.0,90.37146232853286,-0.3714623285328571,0.2741195034216216,1342.281758905081,1,0,-0.009076536952032525,0.28311824149622844,-1.0734504806552494e-11,0.0
1786720730.871122,13.92000083899984,90.0,90.0,90.37146232853286,-0.3714623285328571,0.2740417045399021,1342.3066545472313,1,0,-0.009076536952032525,0.28304044260806815,-4.293801922620998e-12,0.0
1786720730.8925428,13.940001015000234,90.0,90.0,90.37146232853286,-0.3714623285328571,0.2739639056543181,1342.3315501906181,1,0,-0.009076536952032525,0.28296264371990787,-1.7175207690483993e-12,0.0
1786720730.914312,13.960000709999804,90.0,90.0,90.37146232853286,-0.3714623285328571,0.27388610676718833,1342.3564458344997,1,0,-0.009076536952032525,0.28288484483174764,-6.870083076193598e-13,0.0
1786720730.9298935,13.980001126999923,90.0,90.0,90.37146232853286,-0.3714623285328571,0.2738083078794403,1342.381341478579,1,0,-0.009076536952032525,0.28280704594358735,-2.7480332304774395e-13,0.0
1786720730.955667,14.000000840000212,90.0,90.0,90.37180249467514,-0.37180249467513704,0.2737221971645837,1342.4088969073332,1,0,-0.009084848778893756,0.28272917581119683,-1.0992132921909758e-13,0.0
1786720730.970968,14.020000924000215,90.0,90.0,90.37180249467514,-0.37180249467513704,0.2736443270322591,1342.4338153496772,1,0,-0.009084848778893756,0.28265130567880636,-4.3968531687639026e-14,0.0
1786720730.9922934,14.040000711000175,90.0,90.0,90.36681559940473,-0.3668155994047311,0.273688309738584,1342.419740883653,1,0,-0.008962995940204752,0.28257447999931884,-1.7587412675055612e-14,0.0
1786720731.0127409,14.060000924000178,90.0,90.0,90.36681559940473,-0.3668155994047311,0.273611484059107,1342.4443251010857,1,0,-0.008962995940204752,0.28249765431983137,-7.034965070022245e-15,0.0
1786720731.0308583,14.080000952999853,90.0,90.0,90.36681559940473,-0.3668155994047311,0.27353465837962376,1342.4689093185204,1,0,-0.008962995940204752,0.2824208286403439,-2.8139860280088982e-15,0.0
1786720731.056238,14.100000980999994,90.0,90.0,90.36193899159406,-0.3619389915940588,0.2735769907078126,1342.4553629735,1,0,-0.008843837932530166,0.2823450243152079,-1.1255944112035594e-15,0.0
1786720731.0707874,14.120000713000081,90.0,90.0,90.36193899159406,-0.3619389915940588,0.2735011863826773,1342.4796203575434,1,0,-0.008843837932530166,0.28226921999007193,-4.502377644814237e-16,0.0
1786720731.0922966,14.140000851999957,90.0,90.0,90.36681559940473,-0.3668155994047311,0.273306224049867,1342.5420083040426,1,0,-0.008962995940204752,0.28219239431058446,-1.8009510579256951e-16,0.0
1786720731.114025,14.16000104700015,90.0,90.0,90.36681559940473,-0.3668155994047311,0.27322939837037963,1342.5665925214785,1,0,-0.008962995940204752,0.282115568631097,-7.203804231702781e-17,0.0
1786720731.130795,14.180000944999847,90.0,90.0,90.36681559940473,-0.3668155994047311,0.27315257269089216,1342.5911767389146,1,0,-0.008962995940204752,0.28203874295160947,-2.8815216926811125e-17,0.0
1786720731.1562011,14.200000676999935,90.0,90.0,90.36640168705406,-0.36640168705406495,0.273085860798072,1342.612524544617,1,0,-0.008952882153537442,0.28196200396172205,-1.152608677072445e-17,0.0
1786720731.1707993,14.220001076000244,90.0,90.0,90.36640168705406,-0.36640168705406495,0.2730091218081846,1342.637081021381,1,0,-0.008952882153537442,0.2818852649718346,-4.610434708289781e-18,0.0
1786720731.1910338,14.240000899999814,90.0,90.0,90.36640168705406,-0.36640168705406495,0.2729323828182971,1342.661637498145,1,0,-0.008952882153537442,0.28180852598194717,-1.8441738833159125e-18,0.0
1786720731.2140725,14.260000928999943,90.0,90.0,90.36640168705406,-0.36640168705406495,0.2728556438284097,1342.686193974909,1,0,-0.008952882153537442,0.2817317869920597,-7.376695533263651e-19,0.0
1786720731.231115,14.28000093799983,90.0,90.0,90.36640168705406,-0.36640168705406495,0.27277890483852224,1342.710750451673,1,0,-0.008952882153537442,0.2816550480021722,-2.9506782133054604e-19,0.0
1786720731.2561846,14.300001058999896,90.0,90.0,90.37138858232447,-0.3713885823244709,0.2743381255099458,1342.2117998368174,1,0,-0.009074734992226446,0.28157726455938176,0.0017578124999999998,-0.001953125
1786720731.2709072,14.320001234999836,90.0,90.0,90.37138858232447,-0.3713885823244709,0.2749634670671553,1342.0116905385103,1,0,-0.009074734992226446,0.28149948111659123,0.0024609375,-0.001953125
1786720731.293808,14.34000102300024,90.0,90.0,90.371728689257,-0.3717286892569973,0.27515862324427076,1341.9492405618334,1,0,-0.009083045372320468,0.28142162644197133,0.0027421875,-0.001953125
1786720731.3141532,14.360000866000064,90.0,90.0,90.371728689257,-0.3717286892569973,0.27167764356965085,1343.0631540577117,1,0,-0.009083045372320468,0.2813437717673515,-0.0006609374999999998,0.001953125
1786720731.330849,14.38000087599994,90.0,90.0,90.371728689257,-0.3717286892569973,0.270238538895031,1343.52366755359,1,0,-0.009083045372320468,0.2812659170927316,-0.0020221874999999997,0.001953125
1786720731.3554692,14.400001200000133,90.0,90.0,90.36685166934234,-0.3668516693423385,0.2679775397976857,1344.2471872647407,1,0,-0.008963877295045886,0.28118908385877406,-0.0043245,0.00390625
1786720731.3708084,14.42000106200021,90.0,90.0,90.36685166934234,-0.3668516693423385,0.26697978156372815,1344.566469899607,1,0,-0.008963877295045886,0.28111225062481654,-0.005245425,0.00390625
1786720731.394227,14.44000086799997,90.0,90.0,90.371728689257,-0.3717286892569973,0.2664154102524961,1344.7470687192013,1,0,-0.009083045372320468,0.28103439595019664,-0.0056137949999999995,0.00390625
1786720731.4141438,14.460000617999867,90.0,90.0,90.371728689257,-0.3717286892569973,0.26970583257787617,1343.6941335750796,1,0,-0.009083045372320468,0.28095654127557673,-0.002245518,0.0
1786720731.430846,14.480000887000188,90.0,90.0,90.371728689257,-0.3717286892569973,0.27097528870325627,1343.287907614958,1,0,-0.009083045372320468,0.2808786866009569,-0.0008982072000000001,0.0
1786720731.456345,14.500000804000138,90.0,90.0,90.3664372743475,-0.36643727434750417,0.2733234645058001,1342.5364913581438,1,0,-0.008953751715156786,0.2808019401576841,0.0013985296199999998,-0.001953125
1786720731.4707897,14.520000666000215,90.0,90.0,90.3664372743475,-0.36643727434750417,0.27416541279052736,1342.2670679070313,1,0,-0.008953751715156786,0.28072519371441135,0.002317224348,-0.001953125
1786720731.4942935,14.540000785999837,90.0,90.0,90.36685166934234,-0.3668516693423385,0.27444601865856544,1342.177274029259,1,0,-0.008963877295045886,0.28064836048045383,0.0026847022392,-0.001953125
1786720731.512619,14.560000943999967,90.0,90.0,90.36685166934234,-0.3668516693423385,0.27451617658108796,1342.154823494052,1,0,-0.008963877295045886,0.2805715272464963,0.0028316933956799998,-0.001953125
1786720731.5307715,14.580000990999906,90.0,90.0,90.36685166934234,-0.3668516693423385,0.27449813980972243,1342.1605952608888,1,0,-0.008963877295045886,0.2804946940125388,0.002890489858272,-0.001953125
1786720731.5561383,14.600000630000068,90.0,90.0,90.36145081106622,-0.36145081106622,0.2710611680238943,1343.260426232354,1,0,-0.008831909431953293,0.28041899193169345,-0.0006016165566911999,0.001953125
1786720731.5707777,14.62000071400007,90.0,90.0,90.36145081106622,-0.36145081106622,0.2695886233770637,1343.7316405193396,1,0,-0.008831909431953293,0.2803432898508481,-0.00199845912267648,0.001953125
1786720731.594285,14.640000815999883,90.0,90.0,90.3664372743475,-0.36643727434750417,0.26883234198662076,1343.9736505642813,1,0,-0.008953751715156786,0.2802665434075754,-0.0025571961490705917,0.001953125
1786720731.6140924,14.66000091900014,90.0,90.0,90.3664372743475,-0.36643727434750417,0.2702899132327904,1343.5072277655072,1,0,-0.008953751715156786,0.28018979696430263,-0.0010228784596282368,0.0
1786720731.630982,14.680001002000154,90.0,90.0,90.3664372743475,-0.36643727434750417,0.27082689386529457,1343.3353939631056,1,0,-0.008953751715156786,0.28011305052102986,-0.0004091513838512947,0.0
1786720731.6564183,14.700001308000083,90.0,90.0,90.3615246671394,-0.3615246671394061,0.2711156758912265,1343.2429837148075,1,0,-0.00883371407626286,0.2800373329718048,-0.00016366055354051788,0.0
1786720731.6708157,14.720000966000043,90.0,90.0,90.3615246671394,-0.3615246671394061,0.27113815467412566,1343.2357905042797,1,0,-0.00883371407626286,0.2799616154225797,-6.546422141620716e-05,0.0
1786720731.6942,14.740000938999856,90.0,90.0,90.3615246671394,-0.3615246671394061,0.2711017156577503,1343.2474509895198,1,0,-0.00883371407626286,0.27988589787335455,-2.6185688566482865e-05,0.0
1786720731.714082,14.760001096999986,90.0,90.0,90.3615246671394,-0.3615246671394061,0.2727995220216651,1342.7041529530673,1,0,-0.00883371407626286,0.27981018032412946,0.001747338224573407,-0.001953125
1786720731.7307932,14.78000080999982,90.0,90.0,90.3615246671394,-0.3615246671394061,0.27343321403769594,1342.5013715079374,1,0,-0.00883371407626286,0.2797344627749044,0.002456747789829363,-0.001953125
1786720731.7561884,14.800001022999822,90.0,90.0,90.3615246671394,-0.3615246671394061,0.27188344781457324,1342.9972966993366,1,0,-0.00883371407626286,0.2796587452256793,0.0009826991159317452,0.0
1786720731.7708027,14.820000791999973,90.0,90.0,90.3615246671394,-0.3615246671394061,0.2712181107957891,1343.2102045453476,1,0,-0.00883371407626286,0.2795830276764542,0.00039307964637269805,0.0
1786720731.793652,14.840001227999892,90.0,90.0,90.36193899159406,-0.3619389915940588,0.2708964216024731,1343.3131450872086,1,0,-0.008843837932530166,0.2795072233513182,0.00015723185854907924,0.0
1786720731.81413,14.86000081200018,90.0,90.0,90.36193899159406,-0.3619389915940588,0.2707262781622077,1343.3675909880935,1,0,-0.008843837932530166,0.27943141902618224,6.28927434196317e-05,0.0
1786720731.8308024,14.880000655000003,90.0,90.0,90.36193899159406,-0.3619389915940588,0.2706127381910199,1343.4039237788736,1,0,-0.008843837932530166,0.27935561470104625,2.5157097367852675e-05,0.0
1786720731.8555083,14.900000960999932,90.0,90.0,90.36148773316461,-0.3614877331646085,0.2705328659309831,1343.4294829020855,1,0,-0.008832811609010366,0.27927990488725474,1.0062838947141071e-05,0.0
1786720731.8707433,14.92000071099983,90.0,90.0,90.36148773316461,-0.3614877331646085,0.2704511184138232,1343.4556421075765,1,0,-0.008832811609010366,0.2792041950734632,4.025135578856429e-06,0.0
1786720731.894285,14.940001147000203,90.0,90.0,90.35661112535394,-0.35661112535393613,0.27049215152635897,1343.442511511565,1,0,-0.00871365360133578,0.2791295066140232,1.6100542315425713e-06,0.0
1786720731.9141035,14.960000822999973,90.0,90.0,90.35661112535394,-0.35661112535393613,0.27041649703438003,1343.4667209489985,1,0,-0.00871365360133578,0.2790548181545832,6.440216926170286e-07,0.0
1786720731.930856,14.980001277000156,90.0,90.0,90.35661112535394,-0.35661112535393613,0.27034142216192447,1343.4907449081843,1,0,-0.00871365360133578,0.2789801296951432,2.5760867704681144e-07,0.0
1786720731.9554844,15.000000879000254,90.0,90.0,90.35661112535394,-0.35661112535393613,0.2702665791372782,1343.514694676071,1,0,-0.00871365360133578,0.2789054412357032,1.0304347081872459e-07,0.0
1786720731.9709468,15.02000075900014,90.0,90.0,90.35661112535394,-0.35661112535393613,0.27019182885175574,1343.538614767438,1,0,-0.00871365360133578,0.2788307527762632,4.121738832748984e-08,0.0
1786720731.994145,15.040000843000144,90.0,90.0,90.35695215560793,-0.3569521556079281,0.27010878272078925,1343.5651895293474,1,0,-0.00872198654242928,0.2787559928916138,1.6486955330995935e-08,0.0
1786720732.0123053,15.060000983000009,90.0,90.0,90.35695215560793,-0.3569521556079281,0.2700340129439666,1343.5891158579307,1,0,-0.00872198654242928,0.2786812330069644,6.594782132398374e-09,0.0
1786720732.030778,15.080000677000044,90.0,90.0,90.35695215560793,-0.3569521556079281,0.26995924910244795,1343.6130402872166,1,0,-0.00872198654242928,0.278606473122315,2.6379128529593496e-09,0.0
1786720732.0555458,15.100000891000036,90.0,90.0,90.35695215560793,-0.3569521556079281,0.27164230013505086,1343.0744639567838,1,0,-0.00872198654242928,0.2785317132376656,0.001757813555165141,-0.001953125
1786720732.0708256,15.120000900999912,90.0,90.0,90.35695215560793,-0.3569521556079281,0.27227066461730237,1342.8733873224633,1,0,-0.00872198654242928,0.27845695335301623,0.0024609379220660566,-0.001953125
1786720732.0941033,15.140000707000127,90.0,90.0,90.35173458806548,-0.351734588065483,0.2726046437049986,1342.7665140144004,1,0,-0.008594497316844082,0.27838328623315756,0.0027421876688264227,-0.001953125
1786720732.1140773,15.16000092000013,90.0,90.0,90.35173458806548,-0.351734588065483,0.26912785148384405,1343.8790875251698,1,0,-0.008594497316844082,0.2783096191132989,-0.0006609374324694307,0.001953125
1786720732.130782,15.180001004000133,90.0,90.0,90.35173458806548,-0.351734588065483,0.267692934323467,1344.3382610164906,1,0,-0.008594497316844082,0.27823595199344026,-0.002022187472987772,0.001953125
1786720732.1554832,15.200001031999818,90.0,90.0,90.34708884169208,-0.3470888416920843,0.2671882841860008,1344.4997490604796,1,0,-0.008480980318244333,0.2781632578764267,-0.0025666874891951087,0.001953125
1786720732.170799,15.22000091200016,90.0,90.0,90.34708884169208,-0.3470888416920843,0.2668977900625043,1344.5927071799986,1,0,-0.008480980318244333,0.27809056375941316,-0.0027844874956780433,0.001953125
1786720732.1941063,15.240001033000226,90.0,90.0,90.3470155080048,-0.3470155080048017,0.26673976782291164,1344.6432742966683,1,0,-0.008479188438230338,0.2780178850013712,-0.0028716074982712172,0.001953125
1786720732.2140596,15.260000691000187,90.0,90.0,90.3470155080048,-0.3470155080048017,0.2683900535638324,1344.1151828595737,1,0,-0.008479188438230338,0.2779452062433292,-0.001148642999308487,0.0
1786720732.2307837,15.280000681999809,90.0,90.0,90.3470155080048,-0.3470155080048017,0.2690065606053755,1343.9179006062798,1,0,-0.008479188438230338,0.27787252748528724,-0.0004594571997233948,0.0
1786720732.255502,15.300000988000193,90.0,90.0,90.35189245737928,-0.35189245737927877,0.26733257731351473,1344.4535752596753,1,0,-0.008598354791883124,0.2777988273013568,-0.001941595379889358,0.001953125
1786720732.2708154,15.320000905000143,90.0,90.0,90.35189245737928,-0.35189245737927877,0.2666660218575179,1344.6668730055942,1,0,-0.008598354791883124,0.2777251271174264,-0.002534450651955743,0.001953125
1786720732.2934425,15.340000673999839,90.0,90.0,90.35189245737928,-0.35189245737927877,0.26635517956476096,1344.7663425392766,1,0,-0.008598354791883124,0.277651426933496,-0.002771592760782297,0.001953125
1786720732.3141224,15.360000665999905,90.0,90.0,90.35189245737928,-0.35189245737927877,0.2679444350372999,1344.257780788064,1,0,-0.008598354791883124,0.27757772674956555,-0.001108637104312919,0.0
1786720732.3308012,15.380000935000226,90.0,90.0,90.35189245737928,-0.35189245737927877,0.26853591711595726,1344.0685065228936,1,0,-0.008598354791883124,0.27750402656563516,-0.0004434548417251677,0.0
1786720732.3547256,15.400000722000186,90.0,90.0,90.35189245737928,-0.35189245737927877,0.27048610233706194,1343.4444472521402,1,0,-0.008598354791883124,0.27743032638170473,0.0015804305633099328,-0.001953125
1786720732.37077,15.420000899000115,90.0,90.0,90.35189245737928,-0.35189245737927877,0.27122195631514556,1343.2089739791534,1,0,-0.008598354791883124,0.27735662619777435,0.002389984725323973,-0.001953125
1786720732.3942282,15.440001000999928,90.0,90.0,90.3514780623845,-0.35147806238450136,0.2714822033759085,1343.1256949197093,1,0,-0.008588229211995412,0.27728301280452866,0.0027138063901295893,-0.001953125
1786720732.4140997,15.460000917999878,90.0,90.0,90.3514780623845,-0.35147806238450136,0.26978030614858506,1343.6703020324528,1,0,-0.008588229211995412,0.277209399411283,0.0010855225560518357,0.0
1786720732.4308798,15.480000854000082,90.0,90.0,90.3514780623845,-0.35147806238450136,0.2690553792217083,1343.9022786490534,1,0,-0.008588229211995412,0.2771357860180373,0.0004342090224207343,0.0
1786720732.4555206,15.500000733999968,90.0,90.0,90.3514780623845,-0.35147806238450136,0.26872124041501017,1344.0092030671967,1,0,-0.008588229211995412,0.2770621726247916,0.00017368360896829373,0.0
1786720732.4707887,15.520000984000035,90.0,90.0,90.3514780623845,-0.35147806238450136,0.2685434168563835,1344.0661066059572,1,0,-0.008588229211995412,0.27698855923154597,6.94734435873175e-05,0.0
1786720732.4937608,15.540000976000101,90.0,90.0,90.3514780623845,-0.35147806238450136,0.26842811939698547,1344.1030017929647,1,0,-0.008588229211995412,0.2769149458383003,2.7789377434927003e-05,0.0
1786720732.5136857,15.560000725999998,90.0,90.0,90.3514780623845,-0.35147806238450136,0.2683378323772788,1344.1318936392709,1,0,-0.008588229211995412,0.2768413324450546,1.1115750973970802e-05,0.0
1786720732.5307765,15.580000901999938,90.0,90.0,90.3514780623845,-0.35147806238450136,0.26825754953344877,1344.1575841492963,1,0,-0.008588229211995412,0.2767677190518089,4.446300389588321e-06,0.0
1786720732.5554163,15.600000652999825,90.0,90.0,90.3514780623845,-0.35147806238450136,0.2681812683599693,1344.1819941248098,1,0,-0.008588229211995412,0.2766941056585632,1.7785201558353286e-06,0.0
1786720732.5707827,15.620000700000219,90.0,90.0,90.3514780623845,-0.35147806238450136,0.26810658785463015,1344.2058918865184,1,0,-0.008588229211995412,0.2766204922653176,7.114080623341314e-07,0.0
1786720732.5940983,15.640000690999841,90.0,90.0,90.3514780623845,-0.35147806238450136,0.2680325476165471,1344.229584762705,1,0,-0.008588229211995412,0.2765468788720719,2.845632249336526e-07,0.0
1786720732.6140513,15.660000756000045,90.0,90.0,90.3514780623845,-0.35147806238450136,0.26795876348536646,1344.2531956846829,1,0,-0.008588229211995412,0.2764732654788262,1.1382528997346105e-07,0.0
1786720732.631025,15.680001303000154,90.0,90.0,90.3514780623845,-0.35147806238450136,0.2678850817969468,1344.276773824977,1,0,-0.008588229211995412,0.27639965208558054,4.553011598938442e-08,0.0
1786720732.655309,15.700001257000167,90.0,90.0,90.3514780623845,-0.35147806238450136,0.2678114410856315,1344.3003388525979,1,0,-0.008588229211995412,0.27632603869233485,1.821204639575377e-08,0.0
1786720732.6708202,15.720000803999937,90.0,90.0,90.3514780623845,-0.35147806238450136,0.267737816765158,1344.3238986351494,1,0,-0.008588229211995412,0.2762524252990892,7.284818558301508e-09,0.0
1786720732.693499,15.740000757999951,90.0,90.0,90.3514780623845,-0.35147806238450136,0.26766419900102123,1344.3474563196733,1,0,-0.008588229211995412,0.27617881190584354,2.9139274233206034e-09,0.0
1786720732.7134502,15.760000953000144,90.0,90.0,90.3514780623845,-0.35147806238450136,0.2675905838594191,1344.371013164986,1,0,-0.008588229211995412,0.27610519851259785,1.1655709693282416e-09,0.0
1786720732.7308273,15.78000098099983,90.0,90.0,90.3514780623845,-0.35147806238450136,0.2675169697668308,1344.394569674614,1,0,-0.008588229211995412,0.27603158511935216,4.662283877312967e-10,0.0
1786720732.7551453,15.800001084000087,90.0,90.0,90.3514780623845,-0.35147806238450136,0.2674433560938481,1344.4181260499686,1,0,-0.008588229211995412,0.2759579717261065,1.8649135509251869e-10,0.0
1786720732.7708158,15.820000982000238,90.0,90.0,90.3514780623845,-0.35147806238450136,0.2673697425887076,1344.4416823716135,1,0,-0.008588229211995412,0.27588435833286085,7.459654203700748e-11,0.0
1786720732.792759,15.840000658999998,90.0,90.0,90.3514780623845,-0.35147806238450136,0.26729612915070405,1344.4652386717746,1,0,-0.008588229211995412,0.27581074493961516,2.983861681480299e-11,0.0
1786720732.8134782,15.860001020000254,90.0,90.0,90.3514780623845,-0.35147806238450136,0.2672225157395552,1344.4887949633423,1,0,-0.008588229211995412,0.2757371315463695,1.1935446725921197e-11,0.0
1786720732.8308067,15.88000091899994,90.0,90.0,90.3514780623845,-0.35147806238450136,0.26714890233914823,1344.5123512514726,1,0,-0.008588229211995412,0.2756635181531238,4.774178690368479e-12,0.0
1786720732.8540962,15.90000083599989,90.0,90.0,90.3514780623845,-0.35147806238450136,0.26707528894303806,1344.5359075382278,1,0,-0.008588229211995412,0.2755899047598781,1.9096714761473915e-12,0.0
1786720732.870783,15.920000697999967,90.0,90.0,90.3514780623845,-0.35147806238450136,0.26700167554864657,1344.5594638244331,1,0,-0.008588229211995412,0.27551629136663247,7.638685904589567e-13,0.0
1786720732.8936648,15.94000104099996,90.0,90.0,90.3514780623845,-0.35147806238450136,0.2669280621549426,1344.5830201104184,1,0,-0.008588229211995412,0.2754426779733868,3.055474361835827e-13,0.0
1786720732.9134765,15.960000790999857,90.0,90.0,90.3514780623845,-0.35147806238450136,0.2668544487615136,1344.6065763963156,1,0,-0.008588229211995412,0.2753690645801411,1.2221897447343307e-13,0.0
1786720732.9308705,15.980000930000188,90.0,90.0,90.3514780623845,-0.35147806238450136,0.2667808353681946,1344.6301326821776,1,0,-0.008588229211995412,0.2752954511868954,4.888758978937323e-14,0.0
1786720732.955221,16.00000066199982,90.0,90.0,90.3514780623845,-0.35147806238450136,0.26670722197491953,1344.6536889680258,1,0,-0.008588229211995412,0.2752218377936497,1.9555035915749294e-14,0.0
1786720732.9707968,16.020000635000088,90.0,90.0,90.3514780623845,-0.35147806238450136,0.26663360858166213,1344.677245253868,1,0,-0.008588229211995412,0.2751482244004041,7.822014366299717e-15,0.0
1786720732.9934702,16.040000699999837,90.0,90.0,90.3514780623845,-0.35147806238450136,0.2665599951884118,1344.7008015397082,1,0,-0.008588229211995412,0.2750746110071584,3.128805746519887e-15,0.0
1786720733.0135434,16.06000102500002,90.0,90.0,90.3514780623845,-0.35147806238450136,0.26648638179516426,1344.7243578255475,1,0,-0.008588229211995412,0.2750009976139127,1.2515222986079548e-15,0.0
1786720733.0307817,16.08000079400017,90.0,90.0,90.3514780623845,-0.35147806238450136,0.2664127684019178,1344.7479141113863,1,0,-0.008588229211995412,0.27492738422066704,5.00608919443182e-16,0.0
1786720733.0551717,16.10000098899991,90.0,90.0,90.3514780623845,-0.35147806238450136,0.26633915500867184,1344.7714703972251,1,0,-0.008588229211995412,0.27485377082742135,2.002435677772728e-16,0.0
1786720733.0707948,16.120000962000177,90.0,90.0,90.3514780623845,-0.35147806238450136,0.266265541615426,1344.7950266830637,1,0,-0.008588229211995412,0.2747801574341757,8.009742711090913e-17,0.0
1786720733.093472,16.140000805,90.0,90.0,90.3514780623845,-0.35147806238450136,0.26619192822218035,1344.8185829689023,1,0,-0.008588229211995412,0.27470654404093003,3.2038970844363654e-17,0.0
1786720733.113455,16.160000889000003,90.0,90.0,90.3514780623845,-0.35147806238450136,0.2661183148289346,1344.842139254741,1,0,-0.008588229211995412,0.27463293064768435,1.281558833774546e-17,0.0
1786720733.1307833,16.180000861999815,90.0,90.0,90.3514780623845,-0.35147806238450136,0.2660447014356889,1344.8656955405795,1,0,-0.008588229211995412,0.27455931725443866,5.126235335098184e-18,0.0
1786720733.1551237,16.200000834000093,90.0,90.0,90.35189245737928,-0.35189245737927877,0.2659609624625555,1344.8924920119823,1,0,-0.008598354791883124,0.2744856170705083,2.050494134039274e-18,0.0
1786720733.1707745,16.220000936999895,90.0,90.0,90.35189245737928,-0.35189245737927877,0.26588726227862514,1344.91607607084,1,0,-0.008598354791883124,0.27441191688657784,8.201976536157097e-19,0.0
1786720733.1935143,16.240001020999898,90.0,90.0,90.35189245737928,-0.35189245737927877,0.2658135620946947,1344.9396601296976,1,0,-0.008598354791883124,0.2743382167026474,3.280790614462839e-19,0.0
1786720733.213686,16.260001438000018,90.0,90.0,90.35189245737928,-0.35189245737927877,0.26573986191076426,1344.9632441885556,1,0,-0.008598354791883124,0.274264516518717,1.3123162457851357e-19,0.0
1786720733.2308488,16.280000836,90.0,90.0,90.35189245737928,-0.35189245737927877,0.2656661617268339,1344.986828247413,1,0,-0.008598354791883124,0.2741908163347866,5.2492649831405435e-20,0.0
1786720733.2544181,16.300000920000002,90.0,90.0,90.35155105452594,-0.3515510545259417,0.2656008035883165,1345.0077428517388,1,0,-0.008590012746470114,0.2741171876541026,2.0997059932562174e-20,0.0
1786720733.270849,16.320000707999952,90.0,90.0,90.35155105452594,-0.3515510545259417,0.2655271749076325,1345.0313040295575,1,0,-0.008590012746470114,0.27404355897341853,8.39882397302487e-21,0.0
1786720733.2926893,16.34000101399988,90.0,90.0,90.35155105452594,-0.3515510545259417,0.26545354622694844,1345.0548652073765,1,0,-0.008590012746470114,0.27396993029273453,3.359529589209948e-21,0.0
1786720733.3127997,16.36000080199983,90.0,90.0,90.35155105452594,-0.3515510545259417,0.26537991754626444,1345.0784263851954,1,0,-0.008590012746470114,0.27389630161205053,1.3438118356839793e-21,0.0
1786720733.3307726,16.380000737000046,90.0,90.0,90.35155105452594,-0.3515510545259417,0.26530628886558044,1345.1019875630143,1,0,-0.008590012746470114,0.2738226729313665,5.375247342735918e-22,0.0
1786720733.3541944,16.400000616999932,90.0,90.0,90.35155105452594,-0.3515510545259417,0.2652326601848964,1345.1255487408332,1,0,-0.008590012746470114,0.27374904425068247,2.1500989370943673e-22,0.0
1786720733.3707986,16.42000086799999,90.0,90.0,90.35155105452594,-0.3515510545259417,0.2651590315042124,1345.1491099186521,1,0,-0.008590012746470114,0.2736754155699984,8.60039574837747e-23,0.0
1786720733.3928971,16.440001359000235,90.0,90.0,90.34656433733187,-0.34656433733186987,0.2652072513109916,1345.1336795804827,1,0,-0.0084681642590068,0.27360283130492125,3.440158299350988e-23,0.0
1786720733.4129152,16.460001053999804,90.0,90.0,90.34656433733187,-0.34656433733186987,0.26513466704591443,1345.1569065453073,1,0,-0.0084681642590068,0.2735302470398441,1.3760633197403954e-23,0.0
1786720733.4308314,16.480000990000008,90.0,90.0,90.34656433733187,-0.34656433733186987,0.26506208278083726,1345.180133510132,1,0,-0.0084681642590068,0.27345766277476685,5.504253278961582e-24,0.0
1786720733.4541795,16.500000852000085,90.0,90.0,90.34656433733187,-0.34656433733186987,0.26498949851576004,1345.2033604749568,1,0,-0.0084681642590068,0.2733850785096897,2.201701311584633e-24,0.0
1786720733.4708195,16.520000898000035,90.0,90.0,90.34656433733187,-0.34656433733186987,0.26491691425068287,1345.2265874397815,1,0,-0.0084681642590068,0.27331249424461246,8.806805246338533e-25,0.0
1786720733.4928548,16.54000064899992,90.0,90.0,90.34168738795734,-0.3416873879573359,0.2649634963392598,1345.2116811714368,1,0,-0.008348997905352627,0.27324093140542377,3.5227220985354126e-25,0.0
1786720733.5127778,16.560000991999914,90.0,90.0,90.34168738795734,-0.3416873879573359,0.2648919335000711,1345.2345812799772,1,0,-0.008348997905352627,0.273169368566235,1.4090888394141652e-25,0.0
1786720733.5307922,16.580000928000118,90.0,90.0,90.34168738795734,-0.3416873879573359,0.2648203706608824,1345.2574813885176,1,0,-0.008348997905352627,0.27309780572704634,5.63635535765666e-26,0.0
1786720733.5545387,16.600001066999994,90.0,90.0,90.34168738795734,-0.3416873879573359,0.2647488078216937,1345.280381497058,1,0,-0.008348997905352627,0.2730262428878576,2.2545421430626645e-26,0.0
1786720733.5708132,16.620000836000145,90.0,90.0,90.34168738795734,-0.3416873879573359,0.26467724498250494,1345.3032816055984,1,0,-0.008348997905352627,0.27295468004866885,9.01816857225066e-27,0.0
1786720733.592806,16.640000920000148,90.0,90.0,90.34168738795734,-0.3416873879573359,0.2646056821433162,1345.3261817141388,1,0,-0.008348997905352627,0.27288311720948016,3.6072674289002634e-27,0.0
1786720733.6127622,16.660001041000214,90.0,90.0,90.34168738795734,-0.3416873879573359,0.2645341193041275,1345.3490818226792,1,0,-0.008348997905352627,0.2728115543702914,1.4429069715601056e-27,0.0
1786720733.6310296,16.680001125000217,90.0,90.0,90.34168738795734,-0.3416873879573359,0.26446255646493877,1345.3719819312196,1,0,-0.008348997905352627,0.27273999153110273,5.771627886240423e-28,0.0
1786720733.6547785,16.700001578999945,90.0,90.0,90.34202922275335,-0.3420292227533537,0.26438264102598635,1345.3975548716844,1,0,-0.008357350505116377,0.2726683570982017,2.308651154496169e-28,0.0
1786720733.6708252,16.720000940999853,90.0,90.0,90.34202922275335,-0.3420292227533537,0.2643110065930853,1345.4204778902126,1,0,-0.008357350505116377,0.27259672266530066,9.234604617984677e-29,0.0
1786720733.6930568,16.740001098999983,90.0,90.0,90.34649177713311,-0.3464917771331102,0.26413033138641784,1345.4782939563463,1,0,-0.008466391278882839,0.27252415359719595,3.6938418471938707e-29,0.0
1786720733.7128828,16.760001015999933,90.0,90.0,90.34649177713311,-0.3464917771331102,0.2640577623183131,1345.5015160581397,1,0,-0.008466391278882839,0.27245158452909124,1.4775367388775483e-29,0.0
1786720733.7308707,16.78000087800001,90.0,90.0,90.34649177713311,-0.3464917771331102,0.2639851932502084,1345.5247381599333,1,0,-0.008466391278882839,0.27237901546098653,5.910146955510194e-30,0.0
1786720733.7545116,16.800000757999896,90.0,90.0,90.34649177713311,-0.3464917771331102,0.2639126241821037,1345.5479602617268,1,0,-0.008466391278882839,0.2723064463928818,2.3640587822040775e-30,0.0
1786720733.7708154,16.8200008230001,90.0,90.0,90.34649177713311,-0.3464917771331102,0.263840055113999,1345.5711823635204,1,0,-0.008466391278882839,0.2722338773247771,9.45623512881631e-31,0.0
1786720733.7923224,16.84000072200024,90.0,90.0,90.34649177713311,-0.3464917771331102,0.2637674860458943,1345.5944044653138,1,0,-0.008466391278882839,0.2721613082566724,3.7824940515265243e-31,0.0
1786720733.812794,16.860000935000244,90.0,90.0,90.34649177713311,-0.3464917771331102,0.2636949169777896,1345.6176265671074,1,0,-0.008466391278882839,0.2720887391885677,1.51299762061061e-31,0.0
1786720733.8307781,16.880000796999866,90.0,90.0,90.34649177713311,-0.3464917771331102,0.26362234790968486,1345.6408486689008,1,0,-0.008466391278882839,0.272016170120463,6.05199048244244e-32,0.0
1786720733.8545046,16.900000843999806,90.0,90.0,90.34649177713311,-0.3464917771331102,0.26354977884158015,1345.6640707706943,1,0,-0.008466391278882839,0.27194360105235826,2.4207961929769762e-32,0.0
1786720733.8707924,16.920000964999872,90.0,90.0,90.34649177713311,-0.3464917771331102,0.26347720977347544,1345.687292872488,1,0,-0.008466391278882839,0.27187103198425355,9.683184771907904e-33,0.0
1786720733.89308,16.94000106700014,90.0,90.0,90.34649177713311,-0.3464917771331102,0.26340464070537073,1345.7105149742813,1,0,-0.008466391278882839,0.27179846291614884,3.873273908763162e-33,0.0
1786720733.9128041,16.96000111400008,90.0,90.0,90.34649177713311,-0.3464917771331102,0.263332071637266,1345.733737076075,1,0,-0.008466391278882839,0.27172589384804413,1.5493095635052648e-33,0.0
1786720733.9309192,16.98000091999984,90.0,90.0,90.34649177713311,-0.3464917771331102,0.2632595025691613,1345.7569591778683,1,0,-0.008466391278882839,0.2716533247799394,6.19723825402106e-34,0.0
1786720733.9545684,17.000000893000106,90.0,90.0,90.34649177713311,-0.3464917771331102,0.2631869335010566,1345.780181279662,1,0,-0.008466391278882839,0.2715807557118347,2.478895301608424e-34,0.0
1786720733.970802,17.020000662000257,90.0,90.0,90.34649177713311,-0.3464917771331102,0.2631143644329519,1345.8034033814554,1,0,-0.008466391278882839,0.27150818664373,9.915581206433697e-35,0.0
1786720733.992837,17.040000948999932,90.0,90.0,90.34649177713311,-0.3464917771331102,0.2630417953648472,1345.8266254832488,1,0,-0.008466391278882839,0.2714356175756253,3.966232482573479e-35,0.0
1786720734.012754,17.060000736999882,90.0,90.0,90.34649177713311,-0.3464917771331102,0.26296922629674246,1345.8498475850424,1,0,-0.008466391278882839,0.2713630485075206,1.5864929930293918e-35,0.0
1786720734.030782,17.080000747000213,90.0,90.0,90.34649177713311,-0.3464917771331102,0.26289665722863775,1345.8730696868358,1,0,-0.008466391278882839,0.27129047943941587,6.345971972117567e-36,0.0
1786720734.0545769,17.100000811999962,90.0,90.0,90.34649177713311,-0.3464917771331102,0.26282408816053304,1345.8962917886295,1,0,-0.008466391278882839,0.27121791037131115,2.5383887888470266e-36,0.0
1786720734.0708225,17.120000951999828,90.0,90.0,90.34649177713311,-0.3464917771331102,0.26275151909242833,1345.9195138904229,1,0,-0.008466391278882839,0.27114534130320644,1.0153555155388108e-36,0.0
1786720734.0928307,17.14000090599984,90.0,90.0,90.3514780623845,-0.35147806238450136,0.262557112091211,1345.9817241308124,1,0,-0.008588229211995412,0.2710717279099608,4.061422062155244e-37,0.0
1786720734.1127534,17.160000674999992,90.0,90.0,90.3514780623845,-0.35147806238450136,0.2624834986979654,1346.0052804166512,1,0,-0.008588229211995412,0.2709981145167151,1.6245688248620974e-37,0.0
1786720734.130758,17.180001129000175,90.0,90.0,90.3514780623845,-0.35147806238450136,0.2624098853047197,1346.0288367024896,1,0,-0.008588229211995412,0.27092450112346944,6.49827529944839e-38,0.0
1786720734.1545703,17.200000917000125,90.0,90.0,90.3514780623845,-0.35147806238450136,0.262336271911474,1346.0523929883284,1,0,-0.008588229211995412,0.27085088773022375,2.599310119779356e-38,0.0
1786720734.1708531,17.22000105699999,90.0,90.0,90.3514780623845,-0.35147806238450136,0.26226265851822833,1346.075949274167,1,0,-0.008588229211995412,0.27077727433697807,1.0397240479117423e-38,0.0
1786720734.192863,17.240001028999814,90.0,90.0,90.3518194058201,-0.35181940582009474,0.262180704531419,1346.1021745499459,1,0,-0.008596569805559055,0.27070358945293044,4.1588961916469696e-39,0.0
1786720734.2127705,17.26000087300008,90.0,90.0,90.3518194058201,-0.35181940582009474,0.2621070196473714,1346.1257537128413,1,0,-0.008596569805559055,0.2706299045688828,1.6635584766587877e-39,0.0
1786720734.2307703,17.280000715999904,90.0,90.0,90.3518194058201,-0.35181940582009474,0.26203333476332374,1346.1493328757365,1,0,-0.008596569805559055,0.2705562196848351,6.654233906635152e-40,0.0
1786720734.2537882,17.300000928999907,90.0,90.0,90.3518194058201,-0.35181940582009474,0.26195964987927606,1346.1729120386317,1,0,-0.008596569805559055,0.2704825348007875,2.661693562654061e-40,0.0
1786720734.270974,17.320000828000047,90.0,90.0,90.3518194058201,-0.35181940582009474,0.2618859649952284,1346.196491201527,1,0,-0.008596569805559055,0.2704088499167398,1.0646774250616244e-40,0.0
1786720734.2925296,17.340000707999934,90.0,90.0,90.34641908688394,-0.34641908688394096,0.2619442347957119,1346.1778448653722,1,0,-0.008464615121027903,0.2703362960728453,4.258709700246498e-41,0.0
1786720734.3120854,17.360000754999874,90.0,90.0,90.34641908688394,-0.34641908688394096,0.2618716809518174,1346.2010620954184,1,0,-0.008464615121027903,0.2702637422289508,1.7034838800985992e-41,0.0
1786720734.330799,17.380000784000003,90.0,90.0,90.34641908688394,-0.34641908688394096,0.26179912710792286,1346.2242793254647,1,0,-0.008464615121027903,0.2701911883850563,6.813935520394397e-42,0.0
1786720734.3537831,17.400000738000017,90.0,90.0,90.34641908688394,-0.34641908688394096,0.2617265732640284,1346.247496555511,1,0,-0.008464615121027903,0.27011863454116175,2.725574208157759e-42,0.0
1786720734.3707743,17.420001006999883,90.0,90.0,90.34641908688394,-0.34641908688394096,0.26165401942013383,1346.2707137855573,1,0,-0.008464615121027903,0.2700460806972672,1.0902296832631038e-42,0.0
1786720734.3927429,17.440000794999833,90.0,90.0,90.34676080271095,-0.34676080271094634,0.2615731158834369,1346.2966029173,1,0,-0.008472964813830289,0.2699734552845773,4.360918733052415e-43,0.0
1786720734.4120886,17.460000952999962,90.0,90.0,90.34676080271095,-0.34676080271094634,0.26150049047074697,1346.319843049361,1,0,-0.008472964813830289,0.2699008298718873,1.744367493220966e-43,0.0
1786720734.4308627,17.480000851000113,90.0,90.0,90.34676080271095,-0.34676080271094634,0.261427865058057,1346.3430831814217,1,0,-0.008472964813830289,0.2698282044591973,6.977469972883865e-44,0.0
1786720734.453947,17.500000786999863,90.0,90.0,90.34146808053447,-0.34146808053446875,0.261484565245089,1346.3249391215716,1,0,-0.008343639214108294,0.26975668755164783,2.790987989153546e-44,0.0
1786720734.4708467,17.52000076000013,90.0,90.0,90.34146808053447,-0.34146808053446875,0.26141304833753953,1346.3478245319873,1,0,-0.008343639214108294,0.2696851706440983,1.1163951956614184e-44,0.0
1786720734.492649,17.540001028999995,90.0,90.0,90.33648271840627,-0.3364827184062733,0.26146334680694777,1346.3317290217767,1,0,-0.008221823837150555,0.2696146978683513,4.4655807826456737e-45,0.0
1786720734.5120673,17.56000085400001,90.0,90.0,90.33648271840627,-0.3364827184062733,0.26139287403120076,1346.3542803100158,1,0,-0.008221823837150555,0.2695442250926043,1.7862323130582698e-45,0.0
1786720734.5308206,17.58000077099996,90.0,90.0,90.33648271840627,-0.3364827184062733,0.26132240125545375,1346.3768315982547,1,0,-0.008221823837150555,0.2694737523168573,7.14492925223308e-46,0.0
1786720734.5536716,17.60000092900009,90.0,90.0,90.33648271840627,-0.3364827184062733,0.26125192847970674,1346.3993828864939,1,0,-0.008221823837150555,0.26940327954111026,2.857971700893232e-46,0.0
1786720734.570165,17.62000097600003,90.0,90.0,90.33648271840627,-0.3364827184062733,0.26118145570395973,1346.421934174733,1,0,-0.008221823837150555,0.26933280676536325,1.143188680357293e-46,0.0
1786720734.5921385,17.64000074500018,90.0,90.0,90.33648271840627,-0.3364827184062733,0.2611109829282127,1346.444485462972,1,0,-0.008221823837150555,0.26926233398961624,4.572754721429172e-47,0.0
1786720734.61207,17.66000079200012,90.0,90.0,90.33648271840627,-0.3364827184062733,0.2610405101524657,1346.467036751211,1,0,-0.008221823837150555,0.26919186121386923,1.8291018885716687e-47,0.0
1786720734.6310725,17.68000113500011,90.0,90.0,90.33648271840627,-0.3364827184062733,0.2609700373767187,1346.48958803945,1,0,-0.008221823837150555,0.2691213884381222,7.316407554286676e-48,0.0
1786720734.6540663,17.70000119999986,90.0,90.0,90.33689766682869,-0.3368976668286905,0.2608894254982957,1346.5153838405454,1,0,-0.008231962939826545,0.26905082875578085,2.9265630217146705e-48,0.0
1786720734.6708562,17.720000635999895,90.0,90.0,90.33689766682869,-0.3368976668286905,0.2608188658159543,1346.5379629388947,1,0,-0.008231962939826545,0.2689802690734395,1.1706252086858682e-48,0.0
1786720734.6926696,17.74000070200009,90.0,90.0,90.33201996371997,-0.3320199637199721,0.26086749090446765,1346.5224029105702,1,0,-0.008112778168971886,0.2689107309748483,4.682500834743473e-49,0.0
1786720734.7121048,17.760000823000155,90.0,90.0,90.33201996371997,-0.3320199637199721,0.2607979528058764,1346.5446551021196,1,0,-0.008112778168971886,0.2688411928762571,1.8730003338973895e-49,0.0
1786720734.7308016,17.780000665999978,90.0,90.0,90.33201996371997,-0.3320199637199721,0.2607284147072852,1346.5669072936687,1,0,-0.008112778168971886,0.2687716547776659,7.492001335589559e-50,0.0
1786720734.7538908,17.800000657000055,90.0,90.0,90.33167781611473,-0.331677816114734,0.2606672368518289,1346.5864842074147,1,0,-0.008104417925836981,0.26870218833830156,2.9968005342358236e-50,0.0
1786720734.770807,17.82000092599992,90.0,90.0,90.33167781611473,-0.331677816114734,0.26059777041246457,1346.6087134680113,1,0,-0.008104417925836981,0.2686327218989373,1.1987202136943295e-50,0.0
1786720734.791989,17.840001029000177,90.0,90.0,90.33167781611473,-0.331677816114734,0.2605283039731003,1346.6309427286078,1,0,-0.008104417925836981,0.26856325545957294,4.7948808547773184e-51,0.0
1786720734.8120735,17.86000098300019,90.0,90.0,90.33167781611473,-0.331677816114734,0.26045883753373594,1346.6531719892046,1,0,-0.008104417925836981,0.2684937890202086,1.9179523419109277e-51,0.0
1786720734.8301654,17.88000077100014,90.0,90.0,90.33167781611473,-0.331677816114734,0.2603893710943716,1346.675401249801,1,0,-0.008104417925836981,0.2684243225808443,7.671809367643711e-52,0.0
1786720734.8532465,17.90000096599988,90.0,90.0,90.33655551922345,-0.3365555192234524,0.26020071988415266,1346.7357696370711,1,0,-0.008223602696691638,0.26835383455772976,3.0687237470574844e-52,0.0
1786720734.8708203,17.920000809000157,90.0,90.0,90.33655551922345,-0.3365555192234524,0.2601302318610381,1346.7583258044679,1,0,-0.008223602696691638,0.2682833465346153,1.2274894988229938e-52,0.0
1786720734.8920143,17.940001078000023,90.0,90.0,90.33655551922345,-0.3365555192234524,0.26005974383792363,1346.7808819718643,1,0,-0.008223602696691638,0.2682128585115008,4.909957995291975e-53,0.0
1786720734.9119225,17.960000847000174,90.0,90.0,90.33655551922345,-0.3365555192234524,0.25998925581480914,1346.803438139261,1,0,-0.008223602696691638,0.26814237048838624,1.9639831981167902e-53,0.0
1786720734.9302075,17.980001041999913,90.0,90.0,90.33655551922345,-0.3365555192234524,0.2599187677916946,1346.8259943066578,1,0,-0.008223602696691638,0.26807188246527175,7.855932792467161e-54,0.0
1786720734.9530926,18.00000114400018,0.0,89.3,90.33655551922345,-1.0365555192234552,-0.025327829366236138,1371.8259943066578,1,1,-0.025327829366236138,-0.00021709568028202404,0.0,0.0
1786720734.9701886,18.020001025000056,0.0,88.6,90.33655551922345,-1.736555519223458,-0.04264915171606266,1396.8259943066578,1,1,-0.04243205603578063,-0.00021709568028202404,0.0,0.0
1786720734.9917972,18.040000664000218,0.0,87.89999999999999,90.33655551922345,-2.436555519223461,-0.05975337838560716,1421.8259943066578,1,1,-0.059536282705325135,-0.00021709568028202404,0.0,0.0
1786720735.011754,18.060000841000146,0.0,87.19999999999999,90.33655551922345,-3.136555519223464,-0.07685760505515166,1430.0,1,1,-0.07664050937486963,-0.00021709568028202404,0.0,0.0
1786720735.0301933,18.080000776999896,0.0,86.49999999999999,90.33655551922345,-3.8365555192234666,-0.09396183172469615,1430.0,1,1,-0.09374473604441412,-0.00021709568028202404,0.0,0.0
1786720735.0530436,18.10000073099991,0.0,85.79999999999998,90.32661930042946,-4.5266193004294735,-0.09324514576782536,1430.0,1,1,-0.11060617508754333,-0.00021709568028202404,0.017578125,-0.01953125
1786720735.0701134,18.12000101900003,0.0,85.09999999999998,90.32661930042946,-5.226619300429476,-0.10331812243736989,1430.0,1,1,-0.12771040175708787,-0.00021709568028202404,0.024609375000000003,-0.01953125
1786720735.0918016,18.14000078800018,0.0,84.39999999999998,90.25213610425749,-5.852136104257511,-0.11578988129206082,1430.0,1,1,-0.1429946606117788,-0.00021709568028202404,0.027421875,-0.01953125
1786720735.1117492,18.160000686999865,0.0,83.69999999999997,90.25213610425749,-6.552136104257514,-0.10715973296160533,1430.0,1,1,-0.1600988872813233,-0.00021709568028202404,0.053156249999999995,-0.046875
1786720735.1301723,18.180000733999805,0.0,82.99999999999997,90.25213610425749,-7.252136104257517,-0.11397020963114983,1430.0,1,1,-0.1772031139508678,-0.00021709568028202404,0.06344999999999999,-0.046875
1786720735.1529849,18.200001003000125,0.0,82.29999999999997,90.09386285249934,-7.793862852499374,-0.10023802869526975,1430.0,1,1,-0.19043999551498772,-0.00021709568028202404,0.0904190625,-0.072265625
1786720735.1701963,18.220000808999885,0.0,81.59999999999997,90.09386285249934,-8.493862852499376,-0.10655463036481426,1430.0,1,1,-0.20754422218453222,-0.00021709568028202404,0.10120668749999999,-0.072265625
1786720735.1917775,18.24000092999995,0.0,80.89999999999996,89.86035491729899,-8.960354917299028,-0.11363813181606715,1430.0,1,1,-0.21894277363578513,-0.00021709568028202404,0.1055217375,-0.072265625
1786720735.211756,18.2600008469999,0.0,80.19999999999996,89.86035491729899,-9.660354917299031,-0.10089133848561166,1430.0,1,1,-0.23604700030532963,-0.00021709568028202404,0.1353727575,-0.103515625
1786720735.230194,18.28000076499984,0.0,79.49999999999996,89.86035491729899,-10.360354917299034,-0.10605515715515618,1430.0,1,1,-0.2531512269748742,-0.00021709568028202404,0.1473131655,-0.103515625
1786720735.253032,18.30000079299998,0.0,78.79999999999995,89.54793797570073,-10.74793797570078,-0.08789787214684003,1430.0,1,1,-0.26262166766655803,-0.00021709568028202404,0.1749408912,-0.12890625
1786720735.2702076,18.320000988000174,0.0,78.09999999999995,89.54793797570073,-11.447937975700782,-0.0939510085363845,1430.0,1,1,-0.2797258943361025,-0.00021709568028202404,0.18599198148,-0.12890625
1786720735.2917593,18.34000073900006,0.0,77.39999999999995,89.15511000835556,-11.755110008355615,-0.09703620110020306,1430.0,1,1,-0.28723152301192106,-0.00021709568028202404,0.190412417592,-0.12890625
1786720735.3116806,18.360000823000064,0.0,76.69999999999995,89.15511000835556,-12.455110008355618,-0.08776287832494756,1430.0,1,1,-0.30433574968146554,-0.00021709568028202404,0.21678996703679998,-0.15625
1786720735.3301258,18.38000096199994,0.0,75.99999999999994,89.15511000835556,-13.15511000835562,-0.09431608521657209,1430.0,1,1,-0.32143997635101007,-0.00021709568028202404,0.22734098681471998,-0.15625
1786720735.3529115,18.400000916999943,0.0,75.29999999999994,88.68864353012202,-13.388643530122081,-0.0659191652214477,1430.0,1,1,-0.32714627676705366,-0.00021709568028202404,0.26144420722588796,-0.189453125
1786720735.3700428,18.420000870999957,0.0,74.59999999999994,88.68864353012202,-14.088643530122084,-0.06938210372652504,1430.0,1,1,-0.3442505034365982,-0.00021709568028202404,0.27508549539035515,-0.189453125
1786720735.3916156,18.44000108499995,0.0,73.89999999999993,88.1275266844118,-14.22752668441187,-0.06731914410581502,1430.0,1,1,-0.34764405908167506,-0.00021709568028202404,0.28054201065614204,-0.189453125
1786720735.4116526,18.460000891000163,0.0,73.19999999999993,88.1275266844118,-14.927526684411875,-0.054115764669044775,1430.0,1,1,-0.3647482857512196,-0.00021709568028202404,0.3108496167624568,-0.220703125
1786720735.4299579,18.48000088200024,0.0,72.49999999999993,88.1275266844118,-15.627526684411876,-0.05909694889606332,1430.0,1,1,-0.381852512420764,-0.00021709568028202404,0.3229726592049827,-0.220703125
1786720735.452763,18.50000092900018,0.0,71.79999999999993,87.4713035076586,-15.671303507658678,-0.023676776501461327,1430.0,1,1,-0.3829221820031724,-0.00021709568028202404,0.3594625011819931,-0.255859375
1786720735.4699,18.520000791000257,0.0,71.09999999999992,87.4713035076586,-16.37130350765868,-0.026185066380201738,1430.0,1,1,-0.40002640867271694,-0.00021709568028202404,0.3740584379727972,-0.255859375
1786720735.491462,18.540000967000196,0.0,70.39999999999992,86.72468186538367,-16.324681865383752,-0.01920751003934179,1430.0,1,1,-0.3988872270481787,-0.00021709568028202404,0.3798968126891189,-0.255859375
1786720735.5113904,18.560000643999956,0.0,69.69999999999992,86.72468186538367,-17.02468186538376,-0.005851386822357696,1430.0,1,1,-0.4159914537177232,-0.00021709568028202404,0.4103571625756475,-0.287109375
1786720735.529797,18.58000083900015,0.0,68.99999999999991,86.72468186538367,-17.724681865383758,-0.010771473537290632,1430.0,1,1,-0.43309568038726765,-0.00021709568028202404,0.422541302530259,-0.287109375
1786720735.5525756,18.600000867999825,0.0,68.29999999999991,85.88403670190962,-17.58403670190971,0.025663792096032867,1421.7875865292694,1,0,-0.42965907073578874,-0.00021709568028202404,0.4555399585121036,-0.318359375
1786720735.5697808,18.62000091400023,0.0,67.59999999999991,85.88403670190962,-18.284036701909713,0.021759027819226173,1423.0371110978476,1,0,-0.44676329740533327,-0.004046495372327738,0.46873942090484144,-0.318359375
1786720735.591374,18.640000795000105,0.0,66.8999999999999,84.96674111893913,-18.066741118939223,0.028518945806301432,1420.8739373419835,1,0,-0.4414537646833074,-0.007830384783898945,0.4740192058619366,-0.318359375
1786720735.6112776,18.660000657000182,0.0,66.1999999999999,84.96674111893913,-18.766741118939223,0.036109931208023804,1418.4448220134325,1,0,-0.45855799135285186,-0.011760881852637675,0.5024983073447746,-0.34765625
1786720735.630016,18.680001147999974,0.0,65.4999999999999,84.96674111893913,-19.466741118939225,0.026466848062875692,1421.5306086198798,1,0,-0.4756622180223964,-0.01583798657854393,0.5138899479379098,-0.34765625
1786720735.6525705,18.700001231999977,0.0,64.7999999999999,83.9501865147709,-19.150186514771008,0.06456410022133957,1409.3394879291714,1,0,-0.4679273298752805,-0.019848792263189193,0.548329416675164,-0.380859375
1786720735.6698012,18.720000705000075,0.0,64.0999999999999,83.9501865147709,-19.85018651477101,0.05722485536205146,1411.6880462841436,1,0,-0.48503155654482494,-0.02400620560500198,0.5621052041700656,-0.380859375
1786720735.6912577,18.740000806999888,0.0,63.39999999999989,82.85617800751999,-19.456178007520094,0.06820520104355438,1408.1743356660627,1,0,-0.47540411251946996,-0.02808109799802601,0.5676155191680263,-0.380859375
1786720735.7111154,18.760000651000155,0.0,62.69999999999989,82.85617800751999,-20.156178007520097,0.0738395829801699,1406.3713334463457,1,0,-0.4925083391890145,-0.032302598048217564,0.5944290201672104,-0.408203125
1786720735.729818,18.78000104900002,0.0,61.999999999999886,82.85617800751999,-20.8561780075201,0.06323925666010766,1409.7634378687655,1,0,-0.509612565858559,-0.03667070575557664,0.6051544205668842,-0.408203125
1786720735.7522564,18.800000856000224,0.0,61.29999999999988,81.67675189859506,-20.376751898595174,0.09772746138168897,1398.7272123578596,1,0,-0.4978979760894881,-0.04093840269348654,0.6322961432267538,-0.43359375
1786720735.7697806,18.820000846999847,0.0,60.59999999999988,81.67675189859506,-21.076751898595177,0.0872122268381823,1402.0920874117817,1,0,-0.5150022027590325,-0.04535270728856396,0.6431528322907014,-0.43359375
1786720735.7912605,18.840000949000114,0.0,59.89999999999988,80.42351569404144,-20.523515694041564,0.10065870850366032,1397.7892132788288,1,0,-0.5014840921240562,-0.04965114236391301,0.6474955079162805,-0.43359375
1786720735.8115473,18.86000081100019,0.0,59.199999999999875,80.42351569404144,-21.223515694041566,0.10032905450899843,1397.8947025571206,1,0,-0.5185883187936008,-0.05409618509642959,0.6685685156665122,-0.455078125
1786720735.8297794,18.880000821000067,0.0,58.49999999999987,80.42351569404144,-21.92351569404157,0.08720898820703016,1402.0931237737504,1,0,-0.5356925454631452,-0.05868783548611369,0.6769977187666049,-0.455078125
1786720735.8528278,18.90000116400006,0.0,57.79999999999987,79.10924236812184,-21.30924236812197,0.1220922979196456,1390.9304646657133,1,0,-0.5206830166008827,-0.06315083277126411,0.701463150006642,-0.478515625
1786720735.8700979,18.92000134099999,0.0,57.099999999999866,79.10924236812184,-22.009242368121974,0.11031124646096557,1394.700401132491,1,0,-0.5377872432704272,-0.06776043771358206,0.7112493225026568,-0.478515625
1786720735.8916848,18.940001053999822,0.0,56.399999999999864,77.72570080044238,-21.32570080044252,0.12631818181940357,1389.578181817791,1,0,-0.521085171968077,-0.07222688204473701,0.7151637915010627,-0.478515625
1786720735.9114578,18.960000878999836,0.0,55.69999999999986,77.72570080044238,-22.025700800442525,0.12564923591806654,1389.7922445062186,1,0,-0.5381893986376215,-0.07683993403305948,0.7360655166004251,-0.5
1786720735.9298093,18.980000982000092,0.0,54.99999999999986,77.72570080044238,-22.725700800442524,0.1122926472999447,1394.0663528640177,1,0,-0.555293625307166,-0.08159959367854948,0.7444262066401701,-0.5
1786720735.9526215,19.00000104699984,0.0,54.299999999999855,76.29957019746166,-21.999570197461807,0.13740904392045994,1386.0291059454528,1,0,-0.5375509075570586,-0.08620717288618142,0.756559545156068,-0.509765625
1786720735.969792,19.020000724000056,0.0,53.59999999999985,76.29957019746166,-22.69957019746181,0.1205505734496427,1391.4238164961143,1,0,-0.5546551342266031,-0.09096135975098087,0.7614128805624272,-0.509765625
1786720735.9927397,19.04000091900025,0.0,52.89999999999985,74.8237900623941,-21.923790062394247,0.15075610542728035,1381.7580462632702,1,0,-0.5356992495467097,-0.09555306760423837,0.7774167147249709,-0.525390625
1786720736.0098307,19.060000687999946,0.0,52.19999999999985,74.8237900623941,-22.62379006239425,0.1354617045694958,1386.6522545377613,1,0,-0.5528034762162541,-0.10029138311466342,0.7838182483899884,-0.525390625
1786720736.0298057,19.08000088300014,0.0,51.499999999999844,74.8237900623941,-23.323790062394252,0.1161797758555333,1392.8224717262294,1,0,-0.5699077028857987,-0.10517630628225597,0.7863788618559955,-0.525390625
1786720736.0526872,19.100000893000015,0.0,50.79999999999984,73.31874126003595,-22.51874126003611,0.14253702621088482,1384.3881516125168,1,0,-0.5502366497492573,-0.10989262042296388,0.7979499822423981,-0.537109375
1786720736.0697877,19.120000995999817,0.0,50.09999999999984,73.31874126003595,-23.218741260036115,0.1253449335551935,1389.889621262338,1,0,-0.5673408764188018,-0.11475554222083932,0.8025784303969592,-0.537109375
1786720736.0925763,19.140000727999904,0.0,49.399999999999835,71.77925998496218,-22.379259984962346,0.14987703818157105,1382.0393477818973,1,0,-0.5468284792563733,-0.11944264347160824,0.8114610596587837,-0.544921875
1786720736.109796,19.160000811999907,0.0,48.69999999999983,71.77925998496218,-23.07925998496235,0.13163876196598734,1387.8755961708841,1,0,-0.5639327059259179,-0.12427635237954468,0.8150141113635135,-0.544921875
1786720736.1297588,19.18000063699992,0.0,47.99999999999983,71.77925998496218,-23.779259984962355,0.1111220470703983,1394.4409449374725,1,0,-0.5810369325954624,-0.12925666894464866,0.8164353320454054,-0.544921875
1786720736.1525316,19.20000142400022,0.0,47.29999999999983,70.22305692047851,-22.923056920478686,0.13466245633531826,1386.9080139726982,1,0,-0.5601159450381951,-0.13405766275926176,0.824035070318162,-0.552734375
1786720736.169806,19.220000916000117,0.0,46.599999999999824,70.22305692047851,-23.62305692047869,0.11579713116026336,1392.9449180287156,1,0,-0.5772201717077395,-0.1390052642310424,0.8270749656272647,-0.552734375
1786720736.19244,19.24000087000013,0.0,45.89999999999982,68.65245951782327,-22.752459517823457,0.13685382040202643,1386.2067774713516,1,0,-0.555947464117837,-0.14377052820919528,0.8318065487509059,-0.556640625
1786720736.2098234,19.260000621000017,0.0,45.19999999999982,68.65245951782327,-23.452459517823456,0.1168769630037857,1392.5993718387886,1,0,-0.5730516907873815,-0.1486823998445157,0.8336991820003624,-0.556640625
1786720736.229765,19.280000779000147,0.0,44.499999999999815,68.65245951782327,-24.15245951782346,0.09561791799870323,1399.402266240415,1,0,-0.590155917456926,-0.15374087913700366,0.8344562353001449,-0.556640625
1786720736.2523904,19.300000973999886,0.0,43.79999999999981,67.06573226952031,-23.265732269520498,0.11428690659617868,1393.4281898892227,1,0,-0.5684890833868756,-0.15861364270889114,0.836516869120058,-0.55859375
1786720736.2698512,19.320000965999952,0.0,43.09999999999981,67.06573226952031,-23.9657322695205,0.09313416988271195,1400.1970656375322,1,0,-0.5855933100564201,-0.1636330139379462,0.8373411226480232,-0.55859375
1786720736.2928472,19.340000994000093,0.0,42.39999999999981,65.47699786099867,-23.07699786099886,0.11016037831109693,1394.748678940449,1,0,-0.5638774318101663,-0.1684662490677476,0.8376708240592093,-0.55859375
1786720736.3098834,19.360000782000043,0.0,41.699999999999804,65.47699786099867,-23.77699786099886,0.0883547970762254,1401.726464935608,1,0,-0.5809816584797107,-0.17344609185471654,0.8378027046236837,-0.55859375
1786720736.3297915,19.380000940000173,0.0,40.9999999999998,65.47699786099867,-24.476997860998864,0.06632347984550147,1408.7764864494395,1,0,-0.5980858851492553,-0.17857254229885303,0.8378554568494734,-0.55859375
1786720736.3523026,19.40000080200025,0.0,40.2999999999998,63.87013111725594,-23.57013111725614,0.09040831506889146,1401.0693391779548,1,0,-0.5759269503720449,-0.1835090590163277,0.8449078077397894,-0.56640625
1786720736.369793,19.420000829999935,0.0,39.599999999999795,63.87013111725594,-24.270131117256142,0.07118851203799847,1407.2196761478406,1,0,-0.5930311770415895,-0.1885921833909699,0.8477287480959157,-0.56640625
1786720736.3922644,19.440000859000065,0.0,38.89999999999979,62.258768727105576,-23.358768727105783,0.09653379794756334,1399.1091846567797,1,0,-0.570762392899833,-0.19348443247296845,0.8558883742383663,-0.57421875
1786720736.4098141,19.46000098000013,0.0,38.19999999999979,62.258768727105576,-24.05876872710579,0.07780117265300057,1405.10362475104,1,0,-0.5878666195693776,-0.19852328921213458,0.8591522246953466,-0.57421875
1786720736.4297767,19.480001007999817,0.0,37.49999999999979,62.258768727105576,-24.75876872710579,0.05696362942708211,1411.7716385833337,1,0,-0.6049708462389219,-0.20370875360846818,0.8604577648781386,-0.57421875
1786720736.4529839,19.50000107400001,0.0,36.799999999999784,60.617758868310034,-23.81775886831025,0.07705140206545802,1405.3435513390534,1,0,-0.5819776377773292,-0.2086971333608453,0.8627377934512555,-0.576171875
1786720736.469785,19.520000899000024,0.0,36.09999999999978,60.617758868310034,-24.517758868310256,0.055870807072783135,1412.1213417367094,1,0,-0.5990818644468738,-0.21383212077038993,0.8636498048805022,-0.576171875
1786720736.492911,19.540000835000228,0.0,35.39999999999978,58.97321085403422,-23.573210854034443,0.08121153614413945,1404.0123084338754,1,0,-0.5760022025376716,-0.21876928250642713,0.871045859452201,-0.583984375
1786720736.5097773,19.560000733999914,0.0,34.699999999999775,58.97321085403422,-24.273210854034446,0.062128569567237335,1410.1188577384842,1,0,-0.593106429207216,-0.22385305189963184,0.8740042812808805,-0.583984375
1786720736.5297568,19.58000096600017,0.0,33.99999999999977,58.97321085403422,-24.97321085403445,0.04112394223595994,1416.8403384844928,1,0,-0.6102106558767606,-0.22908342895000408,0.8751876500123523,-0.583984375
1786720736.5528128,19.60000075300013,0.0,33.29999999999977,57.29826939038429,-23.99826939038452,0.06897828915504156,1407.9269474703867,1,0,-0.5863883418998952,-0.23410961473771746,0.8844500600049409,-0.59375
1786720736.5697572,19.620000892999997,0.0,32.59999999999977,57.29826939038429,-24.698269390384525,0.050552840694819245,1413.8230909776578,1,0,-0.6034925685694398,-0.23928240818259838,0.8881550240019764,-0.59375
1786720736.5935335,19.640000977,0.0,31.899999999999768,55.60980253512284,-23.70980253512307,0.07277264698835773,1406.7127529637255,1,0,-0.5793397669298345,-0.24424817761342552,0.8913948221007906,-0.595703125
1786720736.6097558,19.660000839000077,0.0,31.19999999999977,55.60980253512284,-24.40980253512307,0.051998570127511856,1413.3604575591962,1,0,-0.5964439935993788,-0.2493605547014202,0.8926907413403162,-0.595703125
1786720736.6300297,19.680001090000133,0.0,30.49999999999977,55.60980253512284,-25.10980253512307,0.03030033406578303,1420.3038930989494,1,0,-0.6135482202689233,-0.2546195394465824,0.8932091090361265,-0.595703125
1786720736.6537666,19.700001007000083,0.0,29.79999999999977,53.89463972574066,-24.09463972574089,0.057085053253465357,1411.732782958891,1,0,-0.5887431134144029,-0.2596659089901344,0.9004477061144506,-0.603515625
1786720736.6697931,19.720000720999906,0.0,29.09999999999977,53.89463972574066,-24.79463972574089,0.03782989587169849,1417.8944333210566,1,0,-0.6058473400839473,-0.26485888619085396,0.9033431449457802,-0.603515625
1786720736.693508,19.74000065700011,0.0,28.39999999999977,52.16554821664215,-23.76554821664238,0.06772960589683141,1408.3265261130139,1,0,-0.5807018908906266,-0.26983633096991644,0.913290382978312,-0.61328125
1786720736.7098188,19.760001000000102,0.0,27.699999999999772,52.16554821664215,-24.46554821664238,0.04962682966123744,1414.1194145084041,1,0,-0.597806117560171,-0.27496038340614654,0.9172692781913249,-0.61328125
1786720736.7297597,19.78000099100018,0.0,26.999999999999773,52.16554821664215,-25.165548216642378,0.02899010864066809,1420.7231652349863,1,0,-0.6149103442297155,-0.2802310434995441,0.91886083627653,-0.61328125
1786720736.7535493,19.80000083499999,0.0,26.299999999999773,50.41623019163194,-24.11623019163217,0.05175356049308577,1413.4388606422126,1,0,-0.5892706680179821,-0.2852819349396982,0.921255272010612,-0.615234375
1786720736.7700257,19.820001159000185,0.0,25.599999999999774,50.41623019163194,-24.816230191632165,0.03055621667702013,1420.2220106633536,1,0,-0.6063748946875265,-0.29047943403701987,0.9222130463042448,-0.615234375
1786720736.7942967,19.840000817000146,0.0,24.899999999999775,48.65443739743475,-23.754437397434973,0.05871756962291974,1411.2103777206657,1,0,-0.5804304023617584,-0.2954545517715492,0.9296274060216979,-0.623046875
1786720736.8098428,19.86000095700001,0.0,24.199999999999775,48.65443739743475,-24.454437397434972,0.03960396910582731,1417.3267298861354,1,0,-0.5975346290313027,-0.3,0.9325931499086793,-0.623046875
1786720736.8299015,19.88000074499996,0.0,23.499999999999776,48.65443739743475,-25.15443739743497,0.019140591762624615,1423.87501063596,1,0,-0.6146388557008472,-0.3,0.9337794474634717,-0.623046875
1786720736.8536386,19.90000105099989,0.0,22.799999999999777,46.87772071895043,-24.07772071895065,0.0476820748955058,1414.7417360334382,1,0,-0.588329704089883,-0.3,0.9360117789853888,-0.625
1786720736.8697896,19.920000857000105,0.0,22.099999999999778,46.87772071895043,-24.77772071895065,0.031470780834728096,1419.929350132887,1,0,-0.6054339307594275,-0.3,0.9369047115941556,-0.625
1786720736.8944297,19.94000136700015,0.0,21.39999999999978,45.09253017335226,-23.69253017335248,0.06361759862331717,1409.6423684405386,1,0,-0.5789177235143451,-0.3,0.9425353221376622,-0.630859375
1786720736.909808,19.960000840000248,0.0,20.69999999999978,45.09253017335226,-24.39253017335248,0.04876561617117536,1414.3950028252239,1,0,-0.5960219501838895,-0.3,0.9447875663550649,-0.630859375
1786720736.9298153,19.98000120200004,0.0,19.99999999999978,45.09253017335226,-25.09253017335248,0.03256228718859189,1419.5800680996506,1,0,-0.613126176853434,-0.3,0.9456884640420259,-0.630859375
1786720736.9543605,20.0000007120002,0.0,19.29999999999978,43.28045525584878,-23.980455255848998,0.061853575138368644,1410.206855955722,1,0,-0.5859530604784419,-0.3,0.9478066356168104,-0.6328125
1786720736.9698505,20.020000722000077,0.0,18.59999999999978,43.28045525584878,-24.680455255848997,0.04559661709873786,1415.4090825284038,1,0,-0.6030572871479862,-0.3,0.9486539042467241,-0.6328125
1786720736.9951215,20.040000880000207,0.0,17.899999999999782,41.48101162205859,-23.581011622058806,0.07280000044032486,1406.703999859096,1,0,-0.5761928112583647,-0.3,0.9489928116986897,-0.6328125
1786720737.0098653,20.060000908999882,0.0,17.199999999999783,41.48101162205859,-24.281011622058806,0.055831336751566596,1412.1339722394987,1,0,-0.5932970379279092,-0.3,0.9491283746794759,-0.6328125
1786720737.0298162,20.080000937000023,0.0,16.499999999999783,41.48101162205859,-24.981011622058805,0.038781335274336914,1417.589972712212,1,0,-0.6104012645974536,-0.3,0.9491825998717904,-0.6328125
1786720737.0550148,20.10000092900009,0.0,15.799999999999784,39.67166259719639,-23.871662597196604,0.06415172310395001,1409.471448606736,1,0,-0.5832947543447662,-0.3,0.9474464774487162,-0.630859375
1786720737.0697722,20.120000808999976,0.0,15.099999999999785,39.67166259719639,-24.571662597196603,0.046353047465175656,1415.1670248111438,1,0,-0.6003989810143107,-0.3,0.9467520284794864,-0.630859375
1786720737.094956,20.14000076299999,0.0,14.399999999999785,37.869555360594205,-23.46955536059442,0.06948920286175397,1407.7634550842388,1,0,-0.5734694210300406,-0.3,0.9429586238917946,-0.626953125
1786720737.109772,20.160001088000172,0.0,13.699999999999786,37.869555360594205,-24.16955536059442,0.05086761435713272,1413.7223634057175,1,0,-0.5905736476995851,-0.3,0.9414412620567179,-0.626953125
1786720737.1310306,20.180000876000122,0.0,12.999999999999787,37.869555360594205,-24.86955536059442,0.033156442953557796,1419.3899382548616,1,0,-0.6076778743691295,-0.3,0.9408343173226872,-0.626953125
1786720737.152282,20.20000092300006,0.0,12.299999999999788,36.08131391298258,-23.781313912982792,0.0577466074044346,1411.521085630581,1,0,-0.5810871195246403,-0.3,0.938833726929075,-0.625
1786720737.169802,20.22000072999981,0.0,11.599999999999788,36.08131391298258,-24.481313912982795,0.03984214457744506,1417.2505137352175,1,0,-0.5981913461941848,-0.3,0.9380334907716299,-0.625
1786720737.1955862,20.24000086900014,0.0,10.899999999999789,34.2986387638928,-23.398638763893008,0.0607033571280593,1410.574925719021,1,0,-0.5717366016805926,-0.3,0.9324399588086518,-0.619140625
1786720737.209758,20.26000106399988,0.0,10.19999999999979,34.2986387638928,-24.098638763893007,0.04136171767332364,1416.7642503445363,1,0,-0.5888408283501371,-0.3,0.9302025460234606,-0.619140625
1786720737.230976,20.280000888999894,0.0,9.49999999999979,32.53411950103748,-23.03411950103769,0.06647786508206677,1408.7270831737387,1,0,-0.5628297158273176,-0.3,0.9293075809093843,-0.619140625
1786720737.252289,20.30000086200016,0.0,8.799999999999791,32.53411950103748,-23.73411950103769,0.04374221486689189,1416.0024912425947,1,0,-0.5799339424968619,-0.3,0.9236761573637539,-0.61328125
1786720737.2697973,20.320000946000164,0.0,8.099999999999792,32.53411950103748,-24.43411950103769,0.02438541877909517,1422.1966659906896,1,0,-0.5970381691664064,-0.3,0.9214235879455016,-0.61328125
1786720737.295594,20.340000864000103,0.0,7.399999999999792,30.786348521416016,-23.386348521416224,0.04205501577353177,1416.5423949524697,1,0,-0.5714362944046689,-0.3,0.9134913101782007,-0.60546875
1786720737.3097754,20.360000781000053,0.0,6.6999999999997915,30.786348521416016,-24.086348521416227,0.021777877997066764,1423.0310790409387,1,0,-0.5885405210742135,-0.3,0.9103183990712802,-0.60546875
1786720737.3309767,20.380000810000183,0.0,5.999999999999791,29.0617022117531,-23.061702211753314,0.04554554603513683,1415.4254252687563,1,0,-0.5635036885933753,-0.3,0.9090492346285122,-0.60546875
1786720737.3522818,20.40000096799986,0.0,5.299999999999791,29.0617022117531,-23.76170221175331,0.01914459108848532,1423.8737308516847,1,0,-0.5806079152629197,-0.3,0.8997525063514049,-0.595703125
1786720737.3697515,20.420001015000253,0.0,4.599999999999791,29.0617022117531,-24.46170221175331,-0.001678326891902171,1430.0,1,1,-0.597712141932464,-0.3,0.8960338150405619,-0.595703125
1786720737.3957334,20.440000876999875,0.0,3.8999999999997907,27.359742080759418,-23.459742080759625,0.01955888864713551,1423.7411556329166,1,0,-0.5732296373690893,-0.3,0.8927885260162248,-0.59375
1786720737.4099555,20.46000083099989,0.0,3.1999999999997906,27.359742080759418,-24.159742080759628,0.001156546367856226,1429.629905162286,1,0,-0.5903338640386337,-0.3,0.89149041040649,-0.59375
1786720737.431746,20.480000675000156,0.0,2.4999999999997904,25.678807685782374,-23.178807685782584,0.024606049037733335,1422.1260643079254,1,0,-0.5663651151248627,-0.3,0.8909711641625959,-0.59375
1786720737.4531214,20.500001018000148,0.0,1.7999999999997902,25.678807685782374,-23.878807685782583,-0.0014949386293685585,1430.0,1,1,-0.583469341794407,-0.3,0.8819744031650385,-0.583984375
1786720737.4697757,20.520000823999908,0.0,1.09999999999979,25.678807685782374,-24.578807685782586,-0.022197869697936135,1430.0,1,1,-0.6005735684639515,-0.3,0.8783756987660154,-0.583984375
1786720737.4963672,20.54000063100011,0.0,0.39999999999978997,24.02673466615812,-23.62673466615833,-0.010920693980958518,1430.0,1,1,-0.5773100359873646,-0.3,0.8663893420064062,-0.572265625
1786720737.5098062,20.560000732999924,0.0,0.0,24.02673466615812,-24.02673466615812,-0.02548908049596532,1430.0,1,1,-0.5870838797985276,-0.3,0.8615947993025623,-0.572265625
1786720737.531703,20.580001132000234,0.0,0.0,22.401250183444773,-22.401250183444773,0.01231118105129192,1426.0604220635867,1,0,-0.547365801169733,-0.3,0.8596769822210248,-0.572265625
1786720737.5536852,20.600000937999994,0.0,0.0,22.401250183444773,-22.401250183444773,0.0009971792186770356,1429.6809026500234,1,0,-0.547365801169733,-0.3,0.84836298038841,-0.560546875
1786720737.5697691,20.62000080000007,0.0,0.0,22.401250183444773,-22.401250183444773,-0.00352842151436894,1430.0,1,1,-0.547365801169733,-0.3,0.843837379655364,-0.560546875
1786720737.5964243,20.640001032999862,0.0,0.0,20.804582145354118,-20.804582145354118,0.028401860748868746,1420.911404560362,1,0,-0.5083518411132768,-0.3,0.8367537018621456,-0.5546875
1786720737.610369,20.660000969000066,0.0,0.0,20.804582145354118,-20.804582145354118,0.02556838963158148,1421.818115317894,1,0,-0.5083518411132768,-0.3,0.8339202307448583,-0.5546875
1786720737.6319995,20.680001219000133,0.0,0.0,19.240866420667516,-19.240866420667516,0.06264378433005302,1409.953989014383,1,0,-0.47014305796789024,-0.3,0.8327868422979433,-0.5546875
1786720737.6545312,20.700001062999945,0.0,0.0,19.240866420667516,-19.240866420667516,0.04637011645128697,1415.1615627355882,1,0,-0.47014305796789024,-0.3,0.8165131744191773,-0.537109375
1786720737.6711113,20.720000979999895,0.0,0.0,19.240866420667516,-19.240866420667516,0.039860649299780615,1417.2445922240702,1,0,-0.47014305796789024,-0.3,0.8100037072676709,-0.537109375
1786720737.6964068,20.740000953000163,0.0,0.0,17.707489895990477,-17.707489895990477,0.06417744407894155,1409.4632178947386,1,0,-0.4326756013281269,-0.3,0.7968530454070684,-0.525390625
1786720737.7110288,20.760000981999838,0.0,0.0,17.707489895990477,-17.707489895990477,0.05891717933470053,1411.1465026128958,1,0,-0.4326756013281269,-0.3,0.7915927806628273,-0.525390625
1786720737.732308,20.780000658000063,0.0,0.0,16.21052602856716,-16.21052602856716,0.09339080101489894,1400.1149436752323,1,0,-0.3960978737502322,-0.3,0.7894886747651311,-0.525390625
1786720737.7542212,20.80000066799994,0.0,0.0,16.21052602856716,-16.21052602856716,0.07672884615582021,1405.4467692301375,1,0,-0.3960978737502322,-0.3,0.7728267199060523,-0.5078125
1786720737.7708974,20.820001030000185,0.0,0.0,16.21052602856716,-16.21052602856716,0.0700640642121888,1407.5794994520995,1,0,-0.3960978737502322,-0.3,0.7661619379624209,-0.5078125
1786720737.7964096,20.840000948000124,0.0,0.0,14.774204103366884,-14.774204103366884,0.08667380433339611,1402.2643826133133,1,0,-0.36100190835157225,-0.3,0.7476757126849684,-0.490234375
1786720737.8108172,20.860000958,0.0,0.0,14.774204103366884,-14.774204103366884,0.07927931422241508,1404.6306194488272,1,0,-0.36100190835157225,-0.3,0.7402812225739873,-0.490234375
1786720737.832303,20.880000782000025,0.0,0.0,13.384386362868412,-13.384386362868412,0.11028117198207976,1394.7100249657344,1,0,-0.3270422545475152,-0.3,0.7373234265295949,-0.490234375
1786720737.8537188,20.900000884999827,0.0,0.0,13.384386362868412,-13.384386362868412,0.09327774106432274,1400.1511228594168,1,0,-0.3270422545475152,-0.3,0.7203199956118379,-0.47265625
1786720737.8708138,20.92000095100002,0.0,0.0,13.384386362868412,-13.384386362868412,0.08647636869722009,1402.3275620168895,1,0,-0.3270422545475152,-0.3,0.7135186232447353,-0.47265625
1786720737.8963,20.940000830999907,0.0,0.0,12.068722086911833,-12.068722086911833,0.08777856260321226,1401.910859966972,1,0,-0.2948945116946818,-0.3,0.682673074297894,-0.44140625
1786720737.9108088,20.960000971000227,0.0,0.0,12.068722086911833,-12.068722086911833,0.07544034302447589,1405.8590902321678,1,0,-0.2948945116946818,-0.3,0.6703348547191577,-0.44140625
1786720737.9323175,20.980000888000177,0.0,0.0,10.819966441050639,-10.819966441050639,0.101017911795386,1397.6742682254765,1,0,-0.2643816550922772,-0.3,0.6653995668876631,-0.44140625
1786720737.9542398,21.000001065000106,0.0,0.0,10.819966441050639,-10.819966441050639,0.07795004666278815,1405.0559850679078,1,0,-0.2643816550922772,-0.3,0.6423317017550653,-0.41796875
1786720737.9708097,21.020000723000067,0.0,0.0,10.819966441050639,-10.819966441050639,0.06872290060974906,1408.0086718048804,1,0,-0.2643816550922772,-0.3,0.6331045557020262,-0.41796875
1786720737.9961243,21.040000844000133,0.0,0.0,9.641286886354266,-9.641286886354266,0.06922324186608242,1407.8485626028537,1,0,-0.235581080414728,-0.3,0.6048043222808104,-0.390625
1786720738.0108528,21.060000779999882,0.0,0.0,9.641286886354266,-9.641286886354266,0.05790314849759626,1411.4709924807692,1,0,-0.235581080414728,-0.3,0.5934842289123242,-0.390625
1786720738.0336964,21.08000095699981,0.0,0.0,8.543124668948508,-8.543124668948508,0.08020827613082693,1404.3333516381354,1,0,-0.20874791543410284,-0.3,0.5889561915649297,-0.390625
1786720738.0541232,21.1000006889999,0.0,0.0,8.543124668948508,-8.543124668948508,0.052029873691869066,1413.350440418602,1,0,-0.20874791543410284,-0.3,0.5607777891259719,-0.361328125
1786720738.0708587,21.12000095900021,0.0,0.0,8.543124668948508,-8.543124668948508,0.040758512716285944,1416.9572759307885,1,0,-0.20874791543410284,-0.3,0.5495064281503887,-0.361328125
1786720738.0961313,21.140000783000232,0.0,0.0,7.525378698253746,-7.525378698253747,0.03826663121859375,1417.75467801005,1,0,-0.18387969004156182,-0.3,0.5221463212601556,-0.3359375
1786720738.1108012,21.160000756000045,0.0,0.0,7.525378698253746,-7.525378698253747,0.027322588462500352,1421.2567716919998,1,0,-0.18387969004156182,-0.3,0.5112022785040622,-0.3359375
1786720738.1329632,21.180000785000175,0.0,0.0,6.584391572522463,-6.584391572522463,0.04593762434810744,1415.2999602086056,1,0,-0.16088703705351756,-0.3,0.506824661401625,-0.3359375
1786720738.153501,21.20000107299984,0.0,0.0,6.584391572522463,-6.584391572522463,0.016061577507132496,1424.8602951977175,1,0,-0.16088703705351756,-0.3,0.47694861456065,-0.3046875
1786720738.1708033,21.220000990000244,0.0,0.0,6.584391572522463,-6.584391572522463,0.004111158770742418,1428.6844291933623,1,0,-0.16088703705351756,-0.3,0.46499819582425994,-0.3046875
1786720738.1953905,21.240000834000057,0.0,0.0,5.720504597724158,-5.720504597724158,0.0011037946816395694,1429.6467857018754,1,0,-0.1397782961480644,-0.3,0.440882090829704,-0.283203125
1786720738.2109652,21.260001214000113,0.0,0.0,5.720504597724158,-5.720504597724158,-0.008542647316182816,1430.0,1,1,-0.1397782961480644,-0.3,0.4312356488318816,-0.283203125
1786720738.234306,21.28000072399982,0.0,0.0,4.925992124993456,-4.925992124993456,0.007012377920925628,1427.7560390653039,1,0,-0.120364694111827,-0.3,0.4273770720327526,-0.283203125
1786720738.2541816,21.300000827000076,0.0,0.0,4.925992124993456,-4.925992124993456,-0.017382615298725868,1430.0,1,1,-0.120364694111827,-0.3,0.4029820788131011,-0.2578125
1786720738.2708423,21.320000744000026,0.0,0.0,4.925992124993456,-4.925992124993456,-0.027140612586586566,1430.0,1,1,-0.120364694111827,-0.3,0.3932240815252404,-0.2578125
1786720738.2961566,21.340000661999966,0.0,0.0,4.19464496257865,-4.19464496257865,-0.03426737915877226,1430.0,1,1,-0.10249451176886848,-0.3,0.3682271326100962,-0.234375
1786720738.3107982,21.360000783000032,0.0,0.0,4.19464496257865,-4.19464496257865,-0.044266158724829974,1430.0,1,1,-0.10249451176886848,-0.3,0.3582283530440385,-0.234375
1786720738.334149,21.380000997000025,0.0,0.0,3.5328393901808397,-3.5328393901808397,-0.03209470980631063,1430.0,1,1,-0.086323551023926,-0.3,0.3542288412176154,-0.234375
1786720738.3540695,21.400000896000165,0.0,0.0,3.5328393901808397,-3.5328393901808397,-0.053030452036879894,1430.0,1,1,-0.086323551023926,-0.3,0.3332930989870461,-0.212890625
1786720738.3707788,21.420000684000115,0.0,0.0,3.5328393901808397,-3.5328393901808397,-0.06140474892910758,1430.0,1,1,-0.086323551023926,-0.3,0.32491880209481844,-0.212890625
1786720738.3961556,21.440000861000044,0.0,0.0,2.933969083987222,-2.933969083987222,-0.07297286809629133,1430.0,1,1,-0.07169038893421868,-0.3,0.29871752083792735,-0.1875
1786720738.4108148,21.46000074099993,0.0,0.0,2.933969083987222,-2.933969083987222,-0.08345338059904772,1430.0,1,1,-0.07169038893421868,-0.3,0.28823700833517096,-0.1875
1786720738.4340878,21.48000102900005,0.0,0.0,2.4119069701551723,-2.4119069701551723,-0.07488920169934338,1430.0,1,1,-0.05893400503341171,-0.3,0.28404480333406834,-0.1875
1786720738.4542084,21.500001094000254,0.0,0.0,2.4119069701551723,-2.4119069701551723,-0.09590202119978436,1430.0,1,1,-0.05893400503341171,-0.3,0.26303198383362736,-0.166015625
1786720738.4708047,21.520000679000077,0.0,0.0,2.4119069701551723,-2.4119069701551723,-0.1043071489999608,1430.0,1,1,-0.05893400503341171,-0.3,0.2546268560334509,-0.166015625
1786720738.4961686,21.54000076300008,0.0,0.0,1.9493566663919921,-1.949356666391992,-0.11921852656055698,1430.0,1,1,-0.04763176897393733,-0.3,0.22841324241338035,-0.140625
1786720738.5107665,21.56000095799982,0.0,0.0,1.9493566663919921,-1.949356666391992,-0.1297039720085852,1430.0,1,1,-0.04763176897393733,-0.3,0.21792779696535214,-0.140625
1786720738.534126,21.58000091299982,0.0,0.0,1.560370668972638,-1.560370668972638,-0.12439342922902585,1430.0,1,1,-0.038127048015166684,-0.3,0.21373361878614083,-0.140625
1786720738.5540786,21.600000960000216,0.0,0.0,1.560370668972638,-1.560370668972638,-0.15068047550071034,1430.0,1,1,-0.038127048015166684,-0.3,0.18744657251445634,-0.11328125
1786720738.5707846,21.620000950999838,0.0,0.0,1.560370668972638,-1.560370668972638,-0.16119529400938415,1430.0,1,1,-0.038127048015166684,-0.3,0.17693175400578254,-0.11328125
1786720738.596135,21.640000998000232,0.0,0.0,1.2449466111278866,-1.2449466111278866,-0.17878770772370492,1430.0,1,1,-0.030419784326017937,-0.3,0.151632076602313,-0.08984375
1786720738.6107743,21.660000842000045,0.0,0.0,1.2449466111278866,-1.2449466111278866,-0.18890757868509273,1430.0,1,1,-0.030419784326017937,-0.3,0.1415122056409252,-0.08984375
1786720738.632776,21.680001332999836,0.0,0.0,0.9992198268931531,-0.9992198268931533,-0.18695128904632052,1430.0,1,1,-0.024415546302690626,-0.3,0.13746425725637007,-0.08984375
1786720738.6542764,21.700001177000104,0.0,0.0,0.9992198268931531,-0.9992198268931533,-0.21142203090014255,1455.0,-1,0,-0.024415546302690626,-0.3,0.11299351540254804,-0.064453125
1786720738.6708353,21.720000835000064,0.0,0.0,0.9992198268931531,-0.9992198268931533,-0.6326615370551802,1480.0,-1,0,-0.06982846242569518,-0.858,0.295166925370515,-0.064453125
1786720738.69619,21.740000882000004,0.0,0.0,0.8243437626469472,-0.8243437626469472,-0.6969939562089713,1505.0,-1,0,-0.057607601357177365,-0.858,0.218613645148206,-0.0390625
1786720738.7107854,21.76000100300007,0.0,0.0,0.8243437626469472,-0.8243437626469472,-0.7276152682978949,1530.0,-1,0,-0.057607601357177365,-0.858,0.1879923330592824,-0.0390625
1786720738.7341568,21.780001568999978,0.0,0.0,0.7225623477439456,-0.7225623477439456,-0.7327510042206516,1555.0,-1,0,-0.050494812444364566,-0.858,0.17574380822371294,-0.0390625
1786720738.754077,21.800001022999822,0.0,0.0,0.7225623477439456,-0.7225623477439456,-0.7979785391548794,1580.0,-1,0,-0.050494812444364566,-0.858,0.11051627328948518,-0.015625
1786720738.7708154,21.820000662999973,0.0,0.0,0.7225623477439456,-0.7225623477439456,-0.8240695531285706,1605.0,-1,0,-0.050494812444364566,-0.858,0.08442525931579407,-0.015625
1786720738.795521,21.84000078400004,0.0,0.0,0.6877276052767343,-0.6877276052767343,-0.8923997279936978,1630.0,-1,0,-0.0480604567200155,-0.858,0.01366072872631763,0.0078125
1786720738.810803,21.860000923999905,0.0,0.0,0.6877276052767343,-0.6877276052767343,-0.9207055402294884,1655.0,-1,0,-0.0480604567200155,-0.858,-0.014645083509472946,0.0078125
1786720738.8340843,21.880000934000236,0.0,0.0,0.7014271550741853,-0.7014271550741853,-0.9329852305328304,1680.0,-1,0,-0.049017822129041294,-0.858,-0.02596740840378918,0.0078125
1786720738.8541355,21.900000925999848,0.0,0.0,0.7014271550741853,-0.7014271550741853,-0.967678222990557,1705.0,-1,0,-0.049017822129041294,-0.858,-0.060660400861515675,0.01953125
1786720738.8708174,21.920000899000115,0.0,0.0,0.7014271550741853,-0.7014271550741853,-0.9815554199736475,1730.0,-1,0,-0.049017822129041294,-0.858,-0.07453759784460627,0.01953125
1786720738.8956661,21.94000085300013,0.0,0.0,0.7337432553327119,-0.7337432553327119,-0.9642279255099511,1755.0,-1,0,-0.05127616762210848,-0.858,-0.05495175788784251,0.009765625
1786720738.9108515,21.960000863000005,0.0,0.0,0.7337432553327119,-0.7337432553327119,-0.9563935895272455,1780.0,-1,0,-0.05127616762210848,-0.858,-0.04711742190513701,0.009765625
1786720738.9341261,21.98000067000021,0.0,0.0,0.6114577608579452,-0.6114577608579452,-0.9447141799720832,1805.0,-1,0,-0.04273049246002838,-0.858,-0.0439836875120548,0.009765625
1786720738.9541445,22.000001106000127,0.0,0.0,0.6114577608579452,-0.6114577608579452,-0.8982145924648502,1830.0,-1,0,-0.04273049246002838,-0.858,0.0025158999951780774,-0.0078125
1786720738.970805,22.020000857000014,0.0,0.0,0.6114577608579452,-0.6114577608579452,-0.8796147574619572,1847.2632388989948,-1,0,-0.04273049246002838,-0.858,0.02111573499807123,-0.0078125
1786720738.995446,22.040000773999964,0.0,0.0,0.36916937813612094,-0.36916937813612094,-0.8150242384694166,1824.3336046566428,-1,0,-0.02579865746864517,-0.858,0.06877441899922848,-0.0234375
1786720739.0107906,22.06000102500002,0.0,0.0,0.36916937813612094,-0.36916937813612094,-0.7959607648689537,1817.5660715284785,-1,0,-0.02579865746864517,-0.858,0.08783789259969138,-0.0234375
1786720739.0341523,22.080000628000107,0.0,0.0,0.1726203568754272,-0.1726203568754272,-0.7745999434682326,1809.9829799312226,-1,0,-0.012063225508109118,-0.858,0.09546328203987654,-0.0234375
1786720739.0542028,22.10000085999991,0.0,0.0,0.1726203568754272,-0.1726203568754272,-0.7263036939421585,1792.8378113494664,-1,0,-0.012063225508109118,-0.858,0.14375953156595062,-0.041015625
1786720739.070782,22.120000963000166,0.0,0.0,0.1726203568754272,-0.1726203568754272,-0.7069851941317289,1785.9797439167637,-1,0,-0.012063225508109118,-0.858,0.16307803137638024,-0.041015625
1786720739.0954368,22.140000768999926,0.0,0.0,-0.0025017803881155487,0.002501780388115549,-0.6568556743224905,1768.1837643844842,-1,0,0.0001748318769574895,-0.8579985014410546,0.2009694938005521,-0.052734375
1786720739.1107798,22.160001131000172,0.0,0.0,-0.0025017803881155487,0.002501780388115549,-0.6416975907938763,1762.8026447318261,-1,0,0.0001748318769574895,-0.8579970028821092,0.21612607877022083,-0.052734375
1786720739.13229,22.180000789000132,0.0,0.0,-0.22505501413007778,0.2250550141300778,-0.6200807743412732,1755.128674891152,-1,0,0.015727515782747645,-0.8578621956039714,0.22218871275808835,-0.052734375
1786720739.154138,22.20000096600006,0.0,0.0,-0.22505501413007778,0.2250550141300778,-0.5722748197179883,1738.1575609998858,-1,0,0.015727515782747645,-0.8577273883258335,0.26985986010323537,-0.0703125
1786720739.170782,22.22000069900014,0.0,0.0,-0.22505501413007778,0.2250550141300778,-0.5530715535017917,1731.3404014931361,-1,0,0.015727515782747645,-0.8575925810476958,0.2889283190412941,-0.0703125
1786720739.1954448,22.240000875000078,0.0,0.0,-0.4679007134923552,0.46790071349235524,-0.5233112369575976,1720.7754891199472,-1,0,0.0326982977235805,-0.8573123099243507,0.3015830463665176,-0.072265625
1786720739.210815,22.26000070000009,0.0,0.0,-0.4679007134923552,0.46790071349235524,-0.5179690749041632,1718.879021590978,-1,0,0.0326982977235805,-0.8570320388010058,0.306644937296607,-0.072265625
1786720739.2341545,22.280000672999904,0.0,0.0,-0.7094869917970072,0.7094869917970072,-0.4987812775686241,1712.0673535368614,-1,0,0.04958106756373881,-0.856607058221888,0.30866969366864283,-0.072265625
1786720739.2541804,22.300000849999833,0.0,0.0,-0.7094869917970072,0.7094869917970072,-0.48749170694069205,1708.0595559639457,-1,0,0.04958106756373881,-0.8561820776427702,0.3195342837174571,-0.076171875
1786720739.2710314,22.320001249000143,0.0,0.0,-0.7094869917970072,0.7094869917970072,-0.48272089034204857,1706.3659160714274,-1,0,0.04958106756373881,-0.8557570970636524,0.32388011973698283,-0.076171875
1786720739.2955,22.340000945000156,0.0,0.0,-0.9617033316911545,0.9617033316911544,-0.47801397634895854,1704.6949616038803,-1,0,0.06720669781990071,-0.8551810396537676,0.31053642289479316,-0.0703125
1786720739.3108456,22.36000102900016,0.0,0.0,-0.9617033316911545,0.9617033316911544,-0.4827753976759496,1706.385266174962,-1,0,0.06720669781990071,-0.8546049822438826,0.3051989441579172,-0.0703125
1786720739.3341212,22.38000068700012,0.0,0.0,-1.1874978202444026,1.1874978202444026,-0.46855513929933923,1701.3370744512654,-1,0,0.08298589028137648,-0.8538936746128993,0.3030639526631669,-0.0703125
1786720739.3541033,22.40000073400006,0.0,0.0,-1.1874978202444026,1.1874978202444026,-0.48880720326625615,1708.526557159521,-1,0,0.08298589028137648,-0.8531823669819161,0.2821005810652667,-0.0625
1786720739.37079,22.420000726000126,0.0,0.0,-1.1874978202444026,1.1874978202444026,-0.49648124427443285,1711.2508417174236,-1,0,0.08298589028137648,-0.8524710593509328,0.27371523242610674,-0.0625
1786720739.3952498,22.440000940000118,0.0,0.0,-1.3948002167849438,1.3948002167849438,-0.5097738849440165,1715.9697291551258,-1,0,0.09747280018647349,-0.8516355782064773,0.2452243742204427,-0.052734375
1786720739.41033,22.46000104199993,0.0,0.0,-1.3948002167849438,1.3948002167849438,-0.5203347470818267,1719.7188352140486,-1,0,0.09747280018647349,-0.8508000970620219,0.23382803093817706,-0.052734375
1786720739.4341302,22.48000070099988,0.0,0.0,-1.5831718256180807,1.5831718256180807,-0.5108938332654436,1716.3673108092325,-1,0,0.11063677017130744,-0.8498517818891249,0.22926949362527083,-0.052734375
1786720739.4535623,22.500000896000074,0.0,0.0,-1.5831718256180807,1.5831718256180807,-0.5268509642677092,1722.0320923150368,-1,0,0.11063677017130744,-0.848903466716228,0.2123640474501083,-0.046875
1786720739.470808,22.520000925000204,0.0,0.0,-1.5831718256180807,1.5831718256180807,-0.5326648275648772,1724.0960137855313,-1,0,0.11063677017130744,-0.8479551515433311,0.20560186898004332,-0.046875
1786720739.4951503,22.540001027000017,0.0,0.0,-1.748287627869189,1.748287627869189,-0.5429919739370062,1727.7621507476372,-1,0,0.12217555501430769,-0.8469079325003513,0.18278762259201733,-0.0390625
1786720739.5107822,22.56000070400023,0.0,0.0,-1.748287627869189,1.748287627869189,-0.5510704534492368,1730.630010974479,-1,0,0.12217555501430769,-0.8458607134573715,0.17366192403680697,-0.0390625
1786720739.530996,22.580000991999896,0.0,0.0,-1.889705326622618,1.889705326622618,-0.5437908231551223,1728.0457422200684,-1,0,0.1320582456875263,-0.8447287856371927,0.17001164461472282,-0.0390625
1786720739.5534804,22.600000723999983,0.0,0.0,-1.889705326622618,1.889705326622618,-0.5491463508537772,1729.946954553091,-1,0,0.1320582456875263,-0.8435968578170139,0.16352418909588914,-0.037109375
1786720739.5707736,22.62000097500004,0.0,0.0,-1.889705326622618,1.889705326622618,-0.5506094052411319,1730.4663388606018,-1,0,0.1320582456875263,-0.8424649299968351,0.16092920688835566,-0.037109375
1786720739.5951045,22.64000094799985,0.0,0.0,-2.020196800311652,2.020196800311652,-0.5413963368339072,1727.195699576037,-1,0,0.1411773791575857,-0.8412548381754844,0.15989121400534229,-0.037109375
1786720739.6107814,22.660001069999907,0.0,0.0,-2.020196800311652,2.020196800311652,-0.5406014421657619,1726.9135119688456,-1,0,0.1411773791575857,-0.8400447463541336,0.15947601685213691,-0.037109375
1786720739.6340184,22.68000083900006,0.0,0.0,-2.142462632912327,2.142462632912327,-0.5310131280740308,1723.5096604662808,-1,0,0.149721680289248,-0.8387614176659401,0.1593099379908548,-0.037109375
1786720739.6536856,22.70000094199986,0.0,0.0,-2.142462632912327,2.142462632912327,-0.5448782621803502,1728.4317830740242,-1,0,0.149721680289248,-0.8374780889777466,0.14416147519634193,-0.03125
1786720739.6708407,22.720001045000117,0.0,0.0,-2.142462632912327,2.142462632912327,-0.5496543186099617,1730.1272831065364,-1,0,0.149721680289248,-0.8361947602895531,0.13810209007853677,-0.03125
1786720739.6954393,22.740001036000194,0.0,0.0,-2.258642573496388,2.258642573496388,-0.5376483993770855,1725.8651817788655,-1,0,0.15784068113105285,-0.8348418401655726,0.14070567978141474,-0.033203125
1786720739.7109947,22.76000106499987,0.0,0.0,-2.258642573496388,2.258642573496388,-0.5352540433719538,1725.0151853970435,-1,0,0.15784068113105285,-0.8334889200415921,0.1417471156625659,-0.033203125
1786720739.7335677,22.78000068600022,0.0,0.0,-2.371211944421958,2.371211944421958,-0.5256178654326749,1721.5943422285995,-1,0,0.16570736459389093,-0.8320685712022159,0.14216369001502635,-0.033203125
1786720739.7534857,22.800000714999896,0.0,0.0,-2.371211944421958,2.371211944421958,-0.5240308868523145,1721.0309648325717,-1,0,0.16570736459389093,-0.8306482223628397,0.14233031975601054,-0.033203125
1786720739.7707987,22.820000890999836,0.0,0.0,-2.371211944421958,2.371211944421958,-0.5225438861165446,1720.5030795713733,-1,0,0.16570736459389093,-0.8292278735234635,0.14239697165240423,-0.033203125
1786720739.795117,22.840000623999913,0.0,0.0,-2.480545186469584,2.4805451864695844,-0.5184836871459445,1719.0617089368102,-1,0,0.17334789771655731,-0.8277420344001787,0.13739628866096168,-0.03125
1786720739.8107772,22.860000929999842,0.0,0.0,-2.480545186469584,2.4805451864695844,-0.5189981212192367,1719.244333032829,-1,0,0.17334789771655731,-0.826256195276894,0.13539601546438468,-0.03125
1786720739.8335068,22.880000866000046,0.0,0.0,-2.585493279063712,2.585493279063712,-0.5109783055777233,1716.3972984800916,-1,0,0.18068198351341677,-0.8247074925610647,0.13459590618575387,-0.03125
1786720739.853514,22.900000858000112,0.0,0.0,-2.585493279063712,2.585493279063712,-0.5248316778233464,1721.315245627288,-1,0,0.18068198351341677,-0.8231587898452355,0.11919383122430155,-0.025390625
1786720739.8707979,22.92000092399985,0.0,0.0,-2.585493279063712,2.585493279063712,-0.5294438050920981,1722.952550807695,-1,0,0.18068198351341677,-0.8216100871294062,0.11303300123972063,-0.025390625
1786720739.895287,22.94000095199999,0.0,0.0,-2.6738020830046594,2.6738020830046594,-0.5342428392034815,1724.6562079172359,-1,0,0.18685326618003653,-0.8200084877050059,0.10051398174588826,-0.021484375
1786720739.9102218,22.960000702999878,0.0,0.0,-2.6738020830046594,2.6738020830046594,-0.5376488475766141,1725.865340889698,-1,0,0.18685326618003653,-0.8184068882806056,0.0955063739483553,-0.021484375
1786720739.9335163,22.98000102800006,0.0,0.0,-2.7511902492129536,2.7511902492129536,-0.5326421753483559,1724.0879722486663,-1,0,0.19226138210290758,-0.8167589335768664,0.09350333082934212,-0.021484375
1786720739.9535747,23.00000096399981,0.0,0.0,-2.7511902492129536,2.7511902492129536,-0.5468774691422219,1729.1415015454888,-1,0,0.19226138210290758,-0.8151109788731271,0.07762008233173685,-0.015625
1786720739.970807,23.02000084500014,0.0,0.0,-2.7511902492129536,2.7511902492129536,-0.5515828138375248,1730.8118989123213,-1,0,0.19226138210290758,-0.8134630241693879,0.07126678293269474,-0.015625
1786720739.9951265,23.040000799000154,0.0,0.0,-2.80720184364003,2.8072018436400303,-0.5485619215782574,1729.7394821602813,-1,0,0.19617563941805252,-0.8117815186886617,0.0687254631730779,-0.015625
1786720740.010784,23.06000095799982,0.0,0.0,-2.80720184364003,2.8072018436400303,-0.547896944001378,1729.503415120489,-1,0,0.19617563941805252,-0.8101000132079356,0.06770893526923116,-0.015625
1786720740.0328326,23.08000083800016,0.0,0.0,-2.863614507292624,2.863614507292624,-0.5426797644530768,1727.6513163808422,-1,0,0.20011792464716635,-0.8083847167109599,0.06730232410769246,-0.015625
1786720740.0528731,23.10000101500009,0.0,0.0,-2.863614507292624,2.863614507292624,-0.5562091436707165,1732.4542460031043,-1,0,0.20011792464716635,-0.8066694202139842,0.052057648393076986,-0.009765625
1786720740.0707796,23.120000765999976,0.0,0.0,-2.863614507292624,2.863614507292624,-0.560591717459587,1734.0100596981533,-1,0,0.20011792464716635,-0.8049541237170086,0.04595977810723079,-0.009765625
1786720740.0943155,23.140001054000095,0.0,0.0,-2.9094686051200256,2.9094686051200256,-0.5581111479265405,1733.1294575139218,-1,0,0.20332234579757577,-0.8032113607530293,0.043520629992892315,-0.009765625
1786720740.110788,23.160000972000034,0.0,0.0,-2.9094686051200256,2.9094686051200256,-0.5573440442082966,1732.8571356939453,-1,0,0.20332234579757577,-0.8014685977890501,0.04254497074715693,-0.009765625
1786720740.1329067,23.18000085199992,0.0,0.0,-2.955000954422701,2.955000954422701,-0.5528096085389662,1731.247411031333,-1,0,0.20650428220122108,-0.7996985610844682,0.042154707048862775,-0.009765625
1786720740.1527724,23.20000082500019,0.0,0.0,-2.955000954422701,2.955000954422701,-0.551195677313702,1730.6744654463641,-1,0,0.20650428220122108,-0.7979285243798863,0.04199860156954511,-0.009765625
1786720740.170789,23.220000853999863,0.0,0.0,-2.955000954422701,2.955000954422701,-0.5494880828008472,1730.0682693943008,-1,0,0.20650428220122108,-0.7961584876753044,0.04193615937781804,-0.009765625
1786720740.1944165,23.240000882999993,0.0,0.0,-2.997298717993118,2.9972987179931185,-0.5447871290698584,1728.3994308197998,-1,0,0.2094601761043188,-0.7943631147372674,0.041911182501127214,-0.009765625
1786720740.2107913,23.26000100400006,0.0,0.0,-2.997298717993118,2.9972987179931185,-0.5430017468824977,1727.7656201432867,-1,0,0.2094601761043188,-0.7925677417992304,0.041901191750450886,-0.009765625
1786720740.2328327,23.28000077300021,0.0,0.0,-3.039325512621417,3.039325512621417,-0.5382734124596769,1726.0870614231853,-1,0,0.2123971338893732,-0.7907471949373215,0.041897195450180356,-0.009765625
1786720740.2528584,23.300000617000023,0.0,0.0,-3.039325512621417,3.039325512621417,-0.5465091516178762,1729.0107488243461,-1,0,0.2123971338893732,-0.7889266480754126,0.03184090943007214,-0.005859375
1786720740.270836,23.320000701000026,0.0,0.0,-3.039325512621417,3.039325512621417,-0.5487111191640105,1729.7924473032238,-1,0,0.2123971338893732,-0.7871061012135037,0.027818395022028854,-0.005859375
1786720740.2940435,23.340000823000082,0.0,0.0,-3.0749715747241453,3.0749715747241453,-0.5510358686544707,1730.6177333723372,-1,0,0.2148881870502214,-0.7852642024673588,0.021182045508811545,-0.00390625
1786720740.3108041,23.360000924999895,0.0,0.0,-3.0749715747241453,3.0749715747241453,-0.5518485097136129,1730.9062209483325,-1,0,0.2148881870502214,-0.7834223037212141,0.018527505703524617,-0.00390625
1786720740.3328512,23.38000074999991,0.0,0.0,-3.1102150387242773,3.1102150387242773,-0.5486055084851948,1729.7549555122441,-1,0,0.2173511054546094,-0.7815592942458888,0.017465689781409846,-0.00390625
1786720740.3527608,23.4000008160001,0.0,0.0,-3.1102150387242773,3.1102150387242773,-0.5521945691287153,1731.029072040694,-1,0,0.2173511054546094,-0.7796962847705635,0.01201361966256394,-0.001953125
1786720740.3707638,23.420000808000168,0.0,0.0,-3.1102150387242773,3.1102150387242773,-0.5525123877009286,1731.1418976338296,-1,0,0.2173511054546094,-0.7778332752952383,0.009832791615025576,-0.001953125
1786720740.3944716,23.440000855000108,0.0,0.0,-3.1448118218704337,3.1448118218704337,-0.544076639277517,1728.1472069435185,-1,0,0.21976883187171106,-0.7759495424506236,0.013987804146010231,-0.00390625
1786720740.410158,23.460000623999804,0.0,0.0,-3.1448118218704337,3.1448118218704337,-0.5405309014205085,1726.8884700042804,-1,0,0.21976883187171106,-0.7740658096060089,0.015649809158404093,-0.00390625
1786720740.4328885,23.48000098600005,0.0,0.0,-3.17675349179288,3.17675349179288,-0.5357501873867736,1725.1913165223045,-1,0,0.2220010110558737,-0.7721629437969586,0.016314611163361636,-0.00390625
1786720740.4528818,23.500001088999852,0.0,0.0,-3.17675349179288,3.17675349179288,-0.5386087445257403,1726.2061043066378,-1,0,0.2220010110558737,-0.7702600779879082,0.011553188215344654,-0.001953125
1786720740.4708138,23.520000748000257,0.0,0.0,-3.17675349179288,3.17675349179288,-0.5386104478958966,1726.2067090030432,-1,0,0.2220010110558737,-0.7683572121788579,0.009648619036137862,-0.001953125
1786720740.4945068,23.54000098000006,0.0,0.0,-3.2122846535258134,3.2122846535258134,-0.5349863861782986,1724.920167093296,-1,0,0.22448403463610409,-0.7664330633105484,0.008886791364455145,-0.001953125
1786720740.5108604,23.560001027,0.0,0.0,-3.2122846535258134,3.2122846535258134,-0.5333669683786623,1724.345273774425,-1,0,0.22448403463610409,-0.7645089144422389,0.008582060295782058,-0.001953125
1786720740.5328841,23.580000944999938,0.0,0.0,-3.2367603288470264,3.2367603288470264,-0.5298542787293208,1723.0982689489088,-1,0,0.22619446784460526,-0.7625701047178566,0.008460167868312824,-0.001953125
1786720740.5527828,23.600000695999825,0.0,0.0,-3.2367603288470264,3.2367603288470264,-0.5279642259759262,1722.4273002214538,-1,0,0.22619446784460526,-0.7606312949934741,0.00841141089732513,-0.001953125
1786720740.5708447,23.62000100200021,0.0,0.0,-3.2367603288470264,3.2367603288470264,-0.5260449190399388,1721.7459462591783,-1,0,0.22619446784460526,-0.7586924852690918,0.008391908108930052,-0.001953125
1786720740.5945415,23.64000082700022,0.0,0.0,-3.257851464906878,3.257851464906878,-0.5276673426729236,1722.3219066488878,-1,0,0.22766837935259623,-0.7567410420174981,0.0033567632435720206,0.0
1786720740.6108477,23.660001041000214,0.0,0.0,-3.257851464906878,3.257851464906878,-0.5277299573674731,1722.3441348654528,-1,0,0.22766837935259623,-0.7547895987659045,0.0013427052974288084,0.0
1786720740.6330478,23.680001125000217,0.0,0.0,-3.27184612241453,3.27184612241453,-0.5256061488781419,1721.5901828517403,-1,0,0.22864636776879094,-0.7528297727564577,0.0005370821189715234,0.0
1786720740.65304,23.70000096900003,0.0,0.0,-3.27184612241453,3.27184612241453,-0.5239685721400782,1721.0088431097279,-1,0,0.22864636776879094,-0.7508699467470109,0.00021483284758860936,0.0
1786720740.670809,23.720000682999853,0.0,0.0,-3.27184612241453,3.27184612241453,-0.5221376458391844,1720.3588642729105,-1,0,0.22864636776879094,-0.7489101207375641,8.593313903544375e-05,0.0
1786720740.6934247,23.74000067499992,0.0,0.0,-3.285673460609445,3.285673460609445,-0.5192630840696938,1719.3383948447413,-1,0,0.22961266341225622,-0.7469420121940306,3.437325561417751e-05,0.0
1786720740.710827,23.760000611000123,0.0,0.0,-3.285673460609445,3.285673460609445,-0.5173155994795287,1718.6470378152326,-1,0,0.22961266341225622,-0.744973903650497,1.3749302245671003e-05,0.0
1786720740.7328348,23.780000769000253,0.0,0.0,-3.3072123910125697,3.3072123910125697,-0.5138505358047611,1717.4169402106902,-1,0,0.23111786812483753,-0.742992893352284,5.499720898268402e-06,0.0
1786720740.7527568,23.80000083499999,0.0,0.0,-3.3072123910125697,3.3072123910125697,-0.5068454815890872,1714.930145964126,-1,0,0.23111786812483753,-0.7410118830540711,0.005029543638359307,-0.001953125
1786720740.770789,23.82000101199992,0.0,0.0,-3.3072123910125697,3.3072123910125697,-0.5028548537238897,1713.5134730719808,-1,0,0.23111786812483753,-0.7390308727558582,0.0070391612053437224,-0.001953125
1786720740.7944963,23.84000102200025,0.0,0.0,-3.3244694505625603,3.3244694505625603,-0.4988640215954095,1712.0967276663703,-1,0,0.23232384292831124,-0.7370395255307584,0.00784300823213749,-0.001953125
1786720740.8108084,23.860000995000064,0.0,0.0,-3.3244694505625603,3.3244694505625603,-0.4965511355595921,1711.2756531236553,-1,0,0.23232384292831124,-0.7350481783056586,0.008164547042854997,-0.001953125
1786720740.8328314,23.880000635000215,0.0,0.0,-3.338379303415593,3.338379303415593,-0.493459110796269,1710.1779843326756,-1,0,0.2332959049422476,-0.7330484991204393,0.008293162567141998,-0.001953125
1786720740.8528752,23.90000090400008,0.0,0.0,-3.338379303415593,3.338379303415593,-0.501462672901335,1713.019248879974,-1,0,0.2332959049422476,-0.73104881993522,-0.0017100787231432003,0.001953125
1786720740.870809,23.92000095100002,0.0,0.0,-3.338379303415593,3.338379303415593,-0.5034642902322296,1713.7298230324416,-1,0,0.2332959049422476,-0.7290491407500007,-0.00571137523925728,0.001953125
1786720740.8947415,23.94000112799995,0.0,0.0,-3.342091806580669,3.342091806580669,-0.4877236576069559,1708.1418984504694,-1,0,0.23355534573874767,-0.7270472377865257,0.007770137404297088,-0.00390625
1786720740.9098253,23.960000805000163,0.0,0.0,-3.342091806580669,3.342091806580669,-0.48032914958605916,1705.516848103051,-1,0,0.23355534573874767,-0.7250453348230508,0.013162742461718835,-0.00390625
1786720740.9328456,23.980001037999955,0.0,0.0,-3.3491498759735805,3.3491498759735805,-0.4756769656544545,1703.8653228073313,-1,0,0.2340485846839088,-0.7230392040971887,0.015319784484687534,-0.00390625
1786720740.9529278,24.000001084999894,0.0,0.0,-3.3491498759735805,3.3491498759735805,-0.4828627056194049,1706.4162604948888,-1,0,0.2340485846839088,-0.7210330733713265,0.006127913793875014,0.0
1786720740.970789,24.020001038999908,0.0,0.0,-3.3491498759735805,3.3491498759735805,-0.48453332316986775,1707.0093297253031,-1,0,0.2340485846839088,-0.7190269426454644,0.0024511655175500054,0.0
1786720740.993716,24.040000956999847,0.0,0.0,-3.3530689379983016,3.3530689379983016,-0.48875135975870687,1708.5067327143408,-1,0,0.23432246042973753,-0.7170184644132095,-0.004046877542979998,0.001953125
1786720741.010792,24.060000838000178,0.0,0.0,-3.3530689379983016,3.3530689379983016,-0.489342098750664,1708.7164450564858,-1,0,0.23432246042973753,-0.7150099861809546,-0.006646094767191999,0.001953125
1786720741.0321035,24.080000643999938,0.0,0.0,-3.3490659161070084,3.3490659161070084,-0.4886530505198719,1708.4718329345546,-1,0,0.23404271731795948,-0.7130039057468006,-0.0076857816568767995,0.001953125
1786720741.0525775,24.100001413999962,0.0,0.0,-3.3490659161070084,3.3490659161070084,-0.4870628448415919,1707.9073099187651,-1,0,0.23404271731795948,-0.7109978253126468,-0.00810165641275072,0.001953125
1786720741.0708594,24.12000075700007,0.0,0.0,-3.3490659161070084,3.3490659161070084,-0.4852231143097876,1707.2542055799745,-1,0,0.23404271731795948,-0.7089917448784928,-0.008268006315100287,0.001953125
1786720741.0937593,24.140001026999926,0.0,0.0,-3.3489811219120895,3.3489811219120895,-0.4732348120078767,1702.9983582627963,-1,0,0.23403679164665628,-0.7069857152358072,0.0017201412239598844,-0.001953125
1786720741.1108377,24.16000083300014,0.0,0.0,-3.3489811219120895,3.3489811219120895,-0.467233523349567,1700.8679007890962,-1,0,0.23403679164665628,-0.7049796855931216,0.005715400239583954,-0.001953125
1786720741.132628,24.180000676999953,0.0,0.0,-3.3422144696005773,3.3422144696005773,-0.46410226395077475,1699.756303702525,-1,0,0.2335639177965133,-0.7029777091548658,0.007313503845833581,-0.001953125
1786720741.1521318,24.20000078000021,0.0,0.0,-3.3422144696005773,3.3422144696005773,-0.46146104607001903,1698.8186713548566,-1,0,0.2335639177965133,-0.70097573271661,0.007952745288333432,-0.001953125
1786720741.1708314,24.22000101200001,0.0,0.0,-3.3422144696005773,3.3422144696005773,-0.4592033730547633,1698.017197434441,-1,0,0.2335639177965133,-0.6989737562783542,0.008208441865333373,-0.001953125
1786720741.1939569,24.240001004000078,0.0,0.0,-3.3422144696005773,3.3422144696005773,-0.45709911798570757,1697.2701868849263,-1,0,0.2335639177965133,-0.6969717798400984,0.008310720496133349,-0.001953125
1786720741.2108195,24.2600007179999,0.0,0.0,-3.3422144696005773,3.3422144696005773,-0.45505623009513174,1696.5449616837718,-1,0,0.2335639177965133,-0.6949698034018426,0.00835163194845334,-0.001953125
1786720741.2326257,24.280000654000105,0.0,0.0,-3.335239866635135,3.335239866635135,-0.4535252951381563,1696.0014797740455,-1,0,0.2330765117343049,-0.6929720047298342,0.008367996529381336,-0.001953125
1786720741.2521832,24.300000868000097,0.0,0.0,-3.335239866635135,3.335239866635135,-0.4464936068837768,1693.5052304437409,-1,0,0.2330765117343049,-0.6909742060578259,0.013401886111752534,-0.00390625
1786720741.270854,24.320000860000164,0.0,0.0,-3.335239866635135,3.335239866635135,-0.44248225237882,1692.0811995944812,-1,0,0.2330765117343049,-0.6889764073858176,0.015415441944701014,-0.00390625
1786720741.293882,24.340000925999902,0.0,0.0,-3.3460940901480853,3.3460940901480853,-0.4489751933536866,1694.3861936405588,-1,0,0.2338350372542506,-0.6869721070664954,0.0061661767778804066,0.0
1786720741.3108692,24.360000954000043,0.0,0.0,-3.3460940901480853,3.3460940901480853,-0.45067059910109264,1694.9880626808879,-1,0,0.2338350372542506,-0.6849678067471733,0.0024664707111521625,0.0
1786720741.332712,24.380000667999866,0.0,0.0,-3.3488220569651332,3.3488220569651332,-0.4499555427490799,1694.7342176759234,-1,0,0.2340256757136325,-0.6829618723839136,0.000986588284460865,0.0
1786720741.3522022,24.40000075299986,0.0,0.0,-3.3488220569651332,3.3488220569651332,-0.4485415613564967,1694.2322542815564,-1,0,0.2340256757136325,-0.6809559380206538,0.00039463531378434606,0.0
1786720741.3708744,24.42000094800005,0.0,0.0,-3.3488220569651332,3.3488220569651332,-0.44677240818150754,1693.6042049044352,-1,0,0.2340256757136325,-0.6789500036573941,0.00015785412551373842,0.0
1786720741.393932,24.440001032000055,0.0,0.0,-3.348409635519374,3.3484096355193746,-0.439862663784542,1691.1512456435123,-1,0,0.23399685447264665,-0.6769443163333428,0.005090485400205496,-0.001953125
1786720741.4105802,24.460000969000248,0.0,0.0,-3.348409635519374,3.3484096355193746,-0.43588392395061404,1689.738793002468,-1,0,0.23399685447264665,-0.6749386290092916,0.007063537910082198,-0.001953125
1786720741.4326603,24.48000095999987,0.0,0.0,-3.3488220569651332,3.3488220569651332,-0.4330601943816262,1688.7363690054772,-1,0,0.2340256757136325,-0.6729326946460319,0.007852758914032879,-0.001953125
1786720741.45225,24.50000124799999,0.0,0.0,-3.3488220569651332,3.3488220569651332,-0.4357659153667862,1689.6968999552091,-1,0,0.2340256757136325,-0.6709267602827721,0.0031411035656131515,0.0
1786720741.4708245,24.520000981000067,0.0,0.0,-3.3488220569651332,3.3488220569651332,-0.4356446431428943,1689.6538483157274,-1,0,0.2340256757136325,-0.6689208259195124,0.0012564414262452607,0.0
1786720741.493881,24.540000657999826,0.0,0.0,-3.352533996420476,3.352533996420476,-0.4240784847325996,1685.547862080073,-1,0,0.2342850771164147,-0.6669126681156574,0.010557264070498102,-0.00390625
1786720741.5108109,24.560000927000146,0.0,0.0,-3.352533996420476,3.352533996420476,-0.4183499978710435,1683.5142492442205,-1,0,0.2342850771164147,-0.6649045103118025,0.014277593128199241,-0.00390625
1786720741.5321245,24.580000789000223,0.0,0.0,-3.352533996420476,3.352533996420476,-0.4148537084441082,1682.2730664976584,-1,0,0.2342850771164147,-0.6628963525079475,0.015765724751279696,-0.00390625
1786720741.5520916,24.60000092900009,0.0,0.0,-3.352533996420476,3.352533996420476,-0.432359672991021,1688.4876839118124,-1,0,0.2342850771164147,-0.6608881947040927,-0.0037483975994881207,0.00390625
1786720741.5708077,24.620000864999838,0.0,0.0,-3.352533996420476,3.352533996420476,-0.43815716412747324,1690.545793265253,-1,0,0.2342850771164147,-0.6588800369002377,-0.011554046539795249,0.00390625
1786720741.593845,24.640000672000042,0.0,0.0,-3.3486160308452213,3.3486160308452213,-0.4345177212724101,1689.2537910517055,-1,0,0.23401127799374566,-0.6568742259460056,-0.009648962365918098,0.001953125
1786720741.6108193,24.660001015000034,0.0,0.0,-3.3486160308452213,3.3486160308452213,-0.43174987664862724,1688.2712062102628,-1,0,0.23401127799374566,-0.6548684149917735,-0.00888692869636724,0.001953125
1786720741.6321168,24.68000128499989,0.0,0.0,-3.3486160308452213,3.3486160308452213,-0.42943925222657475,1687.450934540434,-1,0,0.23401127799374566,-0.6528626040375415,-0.008582115228546896,0.001953125
1786720741.6520498,24.70000105400004,0.0,0.0,-3.3486160308452213,3.3486160308452213,-0.4172568283852146,1683.126174076751,-1,0,0.23401127799374566,-0.6508567930833093,0.001594497658581241,-0.001953125
1786720741.6708384,24.72000121300016,0.0,0.0,-3.3486160308452213,3.3486160308452213,-0.4111803722761312,1680.9690321580265,-1,0,0.23401127799374566,-0.6488509821290773,0.0056651428134324965,-0.001953125
1786720741.693121,24.740000834000057,0.0,0.0,-3.3593857203414927,3.3593857203414927,-0.4067936852292846,1679.411758256396,-1,0,0.23476389602441972,-0.6468387201631537,0.007293400875372999,-0.001953125
1786720741.710234,24.76000103000024,0.0,0.0,-3.3593857203414927,3.3593857203414927,-0.4041301200385848,1678.4661926136976,-1,0,0.23476389602441972,-0.6448264581972301,0.0079447041001492,-0.001953125
1786720741.7318473,24.780000798999936,0.0,0.0,-3.373416521552201,3.373416521552201,-0.4008768225367607,1677.3112720005502,-1,0,0.23574441027040965,-0.6428057918234836,0.008205225390059679,-0.001953125
1786720741.7517688,24.800001012999928,0.0,0.0,-3.373416521552201,3.373416521552201,-0.4037792913970501,1678.3416484459528,-1,0,0.23574441027040965,-0.6407851254497373,0.003282090156023872,0.0
1786720741.7704673,24.82000148599991,0.0,0.0,-3.373416521552201,3.373416521552201,-0.4037278791169181,1678.323397086506,-1,0,0.23574441027040965,-0.6387644590759909,0.0013128360624095488,0.0
1786720741.7930038,24.840000977999807,0.0,0.0,-3.377421113045358,3.377421113045358,-0.40724240533037864,1679.5710538922845,-1,0,0.23602426307064844,-0.6367413939639568,-0.00450220932503618,0.001953125
1786720741.8102767,24.860000839999884,0.0,0.0,-3.377421113045358,3.377421113045358,-0.40754535837332284,1679.6786022225297,-1,0,0.23602426307064844,-0.6347183288519226,-0.006828227480014473,0.001953125
1786720741.8318787,24.88000094300014,0.0,0.0,-3.3841867319340793,3.3841867319340793,-0.4059798988918045,1679.1228641065907,-1,0,0.23649706470212384,-0.6326912111544759,-0.00775863474200579,0.001953125
1786720741.8518853,24.900000694000028,0.0,0.0,-3.3841867319340793,3.3841867319340793,-0.3992976003491544,1676.7506481239498,-1,0,0.23649706470212384,-0.6306640934570291,-0.003103453896802316,0.0
1786720741.8702042,24.920000686000094,0.0,0.0,-3.3841867319340793,3.3841867319340793,-0.3954084103136262,1675.3699856613373,-1,0,0.23649706470212384,-0.6286369757595823,-0.0012413815587209265,0.0
1786720741.8932145,24.940000863000023,0.0,0.0,-3.3879847824441356,3.387984782444136,-0.39237104458077043,1674.2917208261736,-1,0,0.23676248380230022,-0.6266075830412768,-0.0004965526234883706,0.0
1786720741.9104266,24.960000817000036,0.0,0.0,-3.3879847824441356,3.387984782444136,-0.3900437202883719,1673.465520702372,-1,0,0.23676248380230022,-0.6245781903229715,-0.00019862104939534825,0.0
1786720741.9317608,24.980000939000092,0.0,0.0,-3.3981822377274113,3.3981822377274113,-0.3871825263436771,1672.4497968520054,-1,0,0.2374751123990525,-0.6225426893595509,-7.94484197581393e-05,0.0
1786720741.9518723,25.00000080100017,0.0,0.0,-3.3981822377274113,3.3981822377274113,-0.3850993563284017,1671.7102714965827,-1,0,0.2374751123990525,-0.6205071883961305,-3.177936790325572e-05,0.0
1786720741.9703166,25.02000103299997,0.0,0.0,-3.3981822377274113,3.3981822377274113,-0.3830447877442393,1670.980899649205,-1,0,0.2374751123990525,-0.61847168743271,-1.271174716130229e-05,0.0
1786720741.9931238,25.040001376999953,0.0,0.0,-3.391209613963383,3.391209613963383,-0.39154361498223106,1673.9979833186921,-1,0,0.2369878446493434,-0.6164403630500013,-0.010059772198864522,0.00390625
1786720742.0102983,25.060001017000104,0.0,0.0,-3.391209613963383,3.391209613963383,-0.39353111478020364,1674.7035457469724,-1,0,0.2369878446493434,-0.6144090386672927,-0.014078596379545808,0.00390625
1786720742.0317895,25.080000822999864,0.0,0.0,-3.384151736670219,3.384151736670219,-0.39360054559042534,1674.728193684601,-1,0,0.2364946191286857,-0.612381941931904,-0.015686126051818326,0.00390625
1786720742.0518725,25.100000907999856,0.0,0.0,-3.384151736670219,3.384151736670219,-0.3821617732239456,1670.6674294945008,-1,0,0.2364946191286857,-0.6103548451965152,-0.00627445042072733,0.0
1786720742.0701792,25.12000084400006,0.0,0.0,-3.384151736670219,3.384151736670219,-0.37637000623612044,1668.6113522138228,-1,0,0.2364946191286857,-0.6083277484611265,-0.002509780168290932,0.0
1786720742.0929418,25.140000762,0.0,0.0,-3.38427265911983,3.3842726591198304,-0.3678012472282364,1665.569442766024,-1,0,0.2365030695502064,-0.6063005792935534,0.004023431682683627,-0.001953125
1786720742.110086,25.160000975999992,0.0,0.0,-3.38427265911983,3.3842726591198304,-0.36316079332027357,1663.922081628697,-1,0,0.2365030695502064,-0.6042734101259802,0.00663671642307345,-0.001953125
1786720742.131651,25.180000930000006,0.0,0.0,-3.38427265911983,3.3842726591198304,-0.3600883102565445,1662.8313501410732,-1,0,0.2365030695502064,-0.6022462409584071,0.00768203031922938,-0.001953125
1786720742.151602,25.200000700000146,0.0,0.0,-3.38427265911983,3.3842726591198304,-0.3676977030305089,1665.5326845758307,-1,0,0.2365030695502064,-0.6002190717908339,-0.0019545316223082477,0.001953125
1786720742.1700213,25.220000932999938,0.0,0.0,-3.38427265911983,3.3842726591198304,-0.3695251586395508,1666.1814313170405,-1,0,0.2365030695502064,-0.5981919026232607,-0.005809156398923299,0.001953125
1786720742.1928148,25.240000942999814,0.0,0.0,-3.384394415830002,3.384394415830002,-0.3640039869104862,1664.2214153532227,-1,0,0.23651157827234387,-0.5961646605237835,-0.00232366255956932,0.0
1786720742.2099392,25.26000093499988,0.0,0.0,-3.384394415830002,3.384394415830002,-0.36058254727526734,1663.00680428272,-1,0,0.23651157827234387,-0.5941374184243062,-0.0009294650238277281,0.0
1786720742.231503,25.280000629999904,0.0,0.0,-3.380474924359106,3.380474924359106,-0.358271531918302,1662.1863938309973,-1,0,0.23623767251553532,-0.5921125240884588,-0.0003717860095310913,0.0
1786720742.251505,25.300000713999907,0.0,0.0,-3.380474924359106,3.380474924359106,-0.350996222226736,1659.6036588904913,-1,0,0.23623767251553532,-0.5900876297526113,0.004878629346187564,-0.001953125
1786720742.2698772,25.320000705999973,0.0,0.0,-3.380474924359106,3.380474924359106,-0.346871161748601,1658.1392624207533,-1,0,0.23623767251553532,-0.5880627354167639,0.0069787954884750255,-0.001953125
1786720742.2926185,25.340000735000103,0.0,0.0,-3.3803890861751995,3.3803890861751995,-0.34401219958420676,1657.1243308523933,-1,0,0.23623167388716718,-0.5860378924977311,0.007818861945390011,-0.001953125
1786720742.3097878,25.360000949000096,0.0,0.0,-3.3803890861751995,3.3803890861751995,-0.34165133008240794,1656.2862221792548,-1,0,0.23623167388716718,-0.5840130495786983,0.008154888528156004,-0.001953125
1786720742.3313625,25.380000996000035,0.0,0.0,-3.3874478223607696,3.3874478223607696,-0.33899879098764735,1655.3445708006147,-1,0,0.2367249594297885,-0.5819839784978715,0.008289299161262401,-0.001953125
1786720742.3513017,25.400001098999837,0.0,0.0,-3.3874478223607696,3.3874478223607696,-0.3419432994035781,1656.3898712882701,-1,0,0.2367249594297885,-0.5799549074170448,0.0033157196645049606,0.0
1786720742.3697705,25.42000103600003,0.0,0.0,-3.3874478223607696,3.3874478223607696,-0.34190366012145434,1656.3757993431163,-1,0,0.2367249594297885,-0.577925836336218,0.0013262878658019844,0.0
1786720742.3925672,25.44000080500018,0.0,0.0,-3.384394415830002,3.384394415830002,-0.3358563991675533,1654.2290217044815,-1,0,0.23651157827234387,-0.5758985942367407,0.005557858896320794,-0.001953125
1786720742.409815,25.460001037999973,0.0,0.0,-3.384394415830002,3.384394415830002,-0.3321365286558685,1652.9084676728332,-1,0,0.23651157827234387,-0.5738713521372635,0.007250487308528317,-0.001953125
1786720742.431234,25.480000825999923,0.0,0.0,-3.3843086737829537,3.3843086737829537,-0.3294382271015459,1651.9505706210489,-1,0,0.2365055863623062,-0.5718441613970151,0.007927538673411328,-0.001953125
1786720742.451264,25.500000779999937,0.0,0.0,-3.3843086737829537,3.3843086737829537,-0.33719490331534435,1654.7041906769473,-1,0,0.2365055863623062,-0.5698169706567668,-0.0018563282806354688,0.001953125
1786720742.4698136,25.52000099399993,0.0,0.0,-3.3843086737829537,3.3843086737829537,-0.3390812593567148,1655.3738470716337,-1,0,0.2365055863623062,-0.5677897799165186,-0.005769875062254188,0.001953125
1786720742.4923584,25.540000948999932,0.0,0.0,-3.3913677433117755,3.3913677433117755,-0.33309883474147184,1653.2500863332225,-1,0,0.2369988951999484,-0.5657583608148047,-0.0023079500249016754,0.0
1786720742.509823,25.5600007930002,0.0,0.0,-3.3913677433117755,3.3913677433117755,-0.3296826456248169,1652.03733919681,-1,0,0.2369988951999484,-0.5637269417130909,-0.0009231800099606701,0.0
1786720742.531028,25.580000896,0.0,0.0,-3.3913677433117755,3.3913677433117755,-0.32709731851712676,1651.11954807358,-1,0,0.2369988951999484,-0.561695522611377,-0.00036927200398426807,0.0
1786720742.551021,25.60000081299995,0.0,0.0,-3.3913677433117755,3.3913677433117755,-0.31981699246302225,1648.5350323243729,-1,0,0.2369988951999484,-0.5596641035096632,0.004879634948406293,-0.001953125
1786720742.5697875,25.62000091600021,0.0,0.0,-3.3913677433117755,3.3913677433117755,-0.3156860105803523,1647.068533756025,-1,0,0.2369988951999484,-0.5576326844079493,0.006979197729362517,-0.001953125
1786720742.592208,25.640000927000074,0.0,0.0,-3.3913677433117755,3.3913677433117755,-0.3178421101162559,1647.8339490912708,-1,0,0.2369988951999484,-0.5556012653062354,0.002791679091745007,0.0
1786720742.6098082,25.66000078900015,0.0,0.0,-3.3913677433117755,3.3913677433117755,-0.317485698469589,1647.707422956704,-1,0,0.2369988951999484,-0.5535698462045217,0.0011166716366980028,0.0
1786720742.6316688,25.68000111399988,0.0,0.0,-3.3913677433117755,3.3913677433117755,-0.31612428234989404,1647.2241202342125,-1,0,0.2369988951999484,-0.5515384271028078,0.00044666865467920115,0.0
1786720742.6516132,25.70000103199982,0.0,0.0,-3.3913677433117755,3.3913677433117755,-0.3193882081909876,1648.3828139078005,-1,0,0.2369988951999484,-0.549507008001094,-0.0048486762881283195,0.001953125
1786720742.6698153,25.72000078300016,0.0,0.0,-3.3913677433117755,3.3913677433117755,-0.31947492706639685,1648.413599108571,-1,0,0.2369988951999484,-0.5474755888993801,-0.006966814265251328,0.001953125
1786720742.6927807,25.74000070000011,0.0,0.0,-3.3913677433117755,3.3913677433117755,-0.3082360756555322,1644.423806857714,-1,0,0.2369988951999484,-0.5454441697976663,0.0022406180438994685,-0.001953125
1786720742.7097802,25.76000085900023,0.0,0.0,-3.3913677433117755,3.3913677433117755,-0.3025216836301581,1642.395197688706,-1,0,0.2369988951999484,-0.5434127506959524,0.005923590967559787,-0.001953125
1786720742.7313862,25.780001016999904,0.0,0.0,-3.398218301848317,3.398218301848317,-0.29853833789151885,1640.981109951489,-1,0,0.23747763266740965,-0.5413772281302317,0.007396780137023915,-0.001953125
1786720742.7513444,25.800000898000235,0.0,0.0,-3.398218301848317,3.398218301848317,-0.3009408834080125,1641.8340136098445,-1,0,0.23747763266740965,-0.539341705564511,0.0029587120548095667,0.0
1786720742.7697752,25.820000963999973,0.0,0.0,-3.398218301848317,3.398218301848317,-0.30068058807517756,1641.741608766688,-1,0,0.23747763266740965,-0.5373061829987903,0.0011834848219238266,0.0
1786720742.7926693,25.840000900000177,0.0,0.0,-3.4021386523133117,3.4021386523133117,-0.30410853436673235,1642.95852970019,-1,0,0.23775159845328844,-0.535268312154905,-0.004553949821230469,0.001953125
1786720742.809763,25.86000087299999,0.0,0.0,-3.4021386523133117,3.4021386523133117,-0.3043656373801088,1643.0498012699386,-1,0,0.23775159845328844,-0.5332304413110197,-0.006848923678492188,0.001953125
1786720742.8314302,25.88000077300012,0.0,0.0,-3.3983410955876536,3.3983410955876536,-0.30351114067217766,1642.7464549386232,-1,0,0.2374862138602389,-0.5311948451922177,-0.007766913221396875,0.001953125
1786720742.8514183,25.90000093100025,0.0,0.0,-3.3983410955876536,3.3983410955876536,-0.2968153966205375,1640.3694658002908,-1,0,0.2374862138602389,-0.5291592490734156,-0.0031067652885587503,0.0
1786720742.8697712,25.92000103400005,0.0,0.0,-3.3983410955876536,3.3983410955876536,-0.29291574132860015,1638.985088171653,-1,0,0.2374862138602389,-0.5271236529546136,-0.0012427061154235,0.0
1786720742.8926687,25.940001136999854,0.0,0.0,-3.4020522043067274,3.4020522043067274,-0.28484783444209066,1636.1209812269421,-1,0,0.23774555720869234,-0.5250858338928248,0.004530261303830599,-0.001953125
1786720742.9098134,25.960000943000068,0.0,0.0,-3.4020522043067274,3.4020522043067274,-0.28050082841260027,1634.5777940864732,-1,0,0.23774555720869234,-0.5230480148310361,0.006839448271532239,-0.001953125
1786720742.9312863,25.980000990999997,0.0,0.0,-3.4051911604029215,3.4051911604029215,-0.2773199749474386,1633.4485911063407,-1,0,0.2379649168249847,-0.5210083155439648,0.007763123058612896,-0.001953125
1786720742.9512794,26.000001112000064,0.0,0.0,-3.4051911604029215,3.4051911604029215,-0.28496549324553494,1636.1627501021649,-1,0,0.2379649168249847,-0.5189686162568935,-0.0019220945265548415,0.001953125
1786720742.969903,26.02000071500015,0.0,0.0,-3.4051911604029215,3.4051911604029215,-0.2867998809925308,1636.8139577523484,-1,0,0.2379649168249847,-0.5169289169698221,-0.005796181560621937,0.001953125
1786720742.9923794,26.04000102200007,0.0,0.0,-3.409111940415812,3.409111940415812,-0.281008476965119,1634.7580093226172,-1,0,0.2382389126289519,-0.5148868691472882,-0.002318472624248775,0.0
1786720743.0098057,26.060000976000083,0.0,0.0,-3.409111940415812,3.409111940415812,-0.2775753455680358,1633.5392476766528,-1,0,0.2382389126289519,-0.5128448213247543,-0.00092738904969951,0.0
1786720743.0311513,26.080000652999843,0.0,0.0,-3.40919786249583,3.40919786249583,-0.27497085982440356,1632.6146552376633,-1,0,0.23824491712023058,-0.5108027220351523,-0.000370955619879804,0.0
1786720743.051192,26.100000904999888,0.0,0.0,-3.40919786249583,3.40919786249583,-0.2727061871628737,1631.8106964428202,-1,0,0.23824491712023058,-0.5087606227455503,-0.00014838224795192163,0.0
1786720743.0697954,26.12000078500023,0.0,0.0,-3.40919786249583,3.40919786249583,-0.27057505852450053,1631.0541457761976,-1,0,0.23824491712023058,-0.5067185234559484,-5.935289918076866e-05,0.0
1786720743.0922034,26.14000077699984,0.0,0.0,-3.4157517990780093,3.4157517990780093,-0.2680393388549971,1630.153965293524,-1,0,0.2387029257606236,-0.5046724983780002,-2.3741159672307465e-05,0.0
1786720743.1097689,26.160000861999833,0.0,0.0,-3.4157517990780093,3.4157517990780093,-0.2659790690812456,1629.4225695238422,-1,0,0.2387029257606236,-0.502626473300052,-9.496463868922986e-06,0.0
1786720743.1310244,26.180000945999836,0.0,0.0,-3.423021370323852,3.423021370323852,-0.2634193267993691,1628.513861013776,-1,0,0.23921094508623042,-0.5005760937707414,-3.798585547569195e-06,0.0
1786720743.1509573,26.20000115999983,0.0,0.0,-3.423021370323852,3.423021370323852,-0.27142135561873004,1631.3545812446491,-1,0,0.23921094508623042,-0.4985257142414308,-0.010056206934219028,0.00390625
1786720743.1698,26.22000065200018,0.0,0.0,-3.423021370323852,3.423021370323852,-0.27339193942888795,1632.0541384972553,-1,0,0.23921094508623042,-0.4964753347121202,-0.014077170273687612,0.00390625
1786720743.192177,26.240000680999856,0.0,0.0,-3.426072980036537,3.426072980036537,-0.26268200214492815,1628.2521107614496,-1,0,0.23942420067666706,-0.4944231272777488,-0.005630868109475045,0.0
1786720743.2100382,26.260001227999965,0.0,0.0,-3.426072980036537,3.426072980036537,-0.25725127384487173,1626.3242022149295,-1,0,0.23942420067666706,-0.4923709198433774,-0.002252347243790018,0.0
1786720743.23222,26.280000923999978,0.0,0.0,-3.429783860679862,3.429783860679862,-0.2586156744043866,1626.8085644135572,-1,0,0.23968352808650678,-0.4903164896026359,-0.005928282647516007,0.001953125
1786720743.2498856,26.300001045000045,0.0,0.0,-3.429783860679862,3.429783860679862,-0.25803161832513555,1626.601224505423,-1,0,0.23968352808650678,-0.48826205936189443,-0.007398656809006403,0.001953125
1786720743.2698038,26.320000815000185,0.0,0.0,-3.429783860679862,3.429783860679862,-0.2565653377489902,1626.0806949008916,-1,0,0.23968352808650678,-0.48620762912115295,-0.00798680647360256,0.001953125
1786720743.292943,26.340000917999987,0.0,0.0,-3.432958291423887,3.432958291423887,-0.23441495368357468,1618.217308557669,-1,0,0.2399053667770193,-0.48415129740592133,0.011887308660558975,-0.005859375
1786720743.3097832,26.360000780000064,0.0,0.0,-3.432958291423887,3.432958291423887,-0.22440897591467845,1614.6651864497107,-1,0,0.2399053667770193,-0.48209496569068977,0.01983695471422359,-0.005859375
1786720743.3329213,26.380000752999877,0.0,0.0,-3.4408901020718474,3.4408901020718474,-0.2337005184373286,1617.9636840452517,-1,0,0.24045966536767172,-0.4800338828446811,0.007934781885689435,0.0
1786720743.3497636,26.400000782000006,0.0,0.0,-3.4408901020718474,3.4408901020718474,-0.23640030472273363,1618.9221081765704,-1,0,0.24045966536767172,-0.4779727999986725,0.0031739127542757747,0.0
1786720743.3697517,26.42000088499981,0.0,0.0,-3.4408901020718474,3.4408901020718474,-0.23624356952929046,1618.866467182898,-1,0,0.24045966536767172,-0.47591171715266384,0.00126956510171031,0.0
1786720743.3928735,26.44000065499995,0.0,0.0,-3.4507009882515547,3.4507009882515547,-0.24431329924974532,1621.7312212336597,-1,0,0.2411452793622344,-0.4738447576152733,-0.009546861459315876,0.00390625
1786720743.409927,26.460000794999814,0.0,0.0,-3.4507009882515547,3.4507009882515547,-0.24657291033676523,1622.5333831695516,-1,0,0.2411452793622344,-0.47177779807788267,-0.01387343208372635,0.00390625
1786720743.43288,26.48000071300021,0.0,0.0,-3.4462025687018354,3.4462025687018354,-0.21135953577718264,1610.0326352009,-1,0,0.24083091638419057,-0.4697135330803039,0.019587345916509458,-0.009765625
1786720743.4499385,26.500000870999884,0.0,0.0,-3.4462025687018354,3.4462025687018354,-0.19591095957950955,1604.5483906507259,-1,0,0.24083091638419057,-0.4676492680827251,0.032971657116603784,-0.009765625
1786720743.4699316,26.520000788999823,0.0,0.0,-3.4462025687018354,3.4462025687018354,-0.18849297010189303,1601.915004386172,-1,0,0.24083091638419057,-0.46558500308514633,0.03832538159664151,-0.009765625
1786720743.4935591,26.540000743999826,0.0,0.0,-3.4790335148158533,3.4790335148158533,-0.2071296096049364,1608.5310114097524,-1,0,0.24312524084155332,-0.4635010724493616,0.015330152638656606,0.0
1786720743.509786,26.56000095799982,0.0,0.0,-3.4790335148158533,3.4790335148158533,-0.21424377055234567,1611.0565385460827,-1,0,0.24312524084155332,-0.46141714181357696,0.006132061055462643,0.0
1786720743.5328732,26.58000083800016,0.0,0.0,-3.4794672095815145,3.4794672095815145,-0.21580876866579438,1611.612112876357,-1,0,0.24315554872559753,-0.45933295139592895,0.002452824422185057,0.0
1786720743.5497746,26.600000681999973,0.0,0.0,-3.4794672095815145,3.4794672095815145,-0.2151962729014574,1611.3946768800174,-1,0,0.24315554872559753,-0.45724876097828093,0.000981129768874023,0.0
1786720743.5697608,26.6200007299999,0.0,0.0,-3.4794672095815145,3.4794672095815145,-0.2137007603451338,1610.8637699225226,-1,0,0.24315554872559753,-0.455164570560633,0.00039245190754960924,0.0
1786720743.5934837,26.64000088800003,0.0,0.0,-3.4754527613576442,3.4754527613576442,-0.2071052389400017,1608.5223598237005,-1,0,0.24287500710761142,-0.4530827847854249,0.005184324513019844,-0.001953125
1786720743.6097581,26.660001027999897,0.0,0.0,-3.4754527613576442,3.4754527613576442,-0.20310670412260554,1607.102879963525,-1,0,0.24287500710761142,-0.4510009990102168,0.007101073555207937,-0.001953125
1786720743.6338034,26.680001187000016,0.0,0.0,-3.479159824397726,3.479159824397726,-0.220108533106186,1613.1385292526961,-1,0,0.24313406773194762,-0.44891699271537155,-0.012241601827916823,0.005859375
1786720743.6500022,26.700001308000083,0.0,0.0,-3.479159824397726,3.479159824397726,-0.22576159696459067,1615.1453669224297,-1,0,0.24313406773194762,-0.44683298642052627,-0.01997867198116673,0.005859375
1786720743.6699193,26.720001004000096,0.0,0.0,-3.479159824397726,3.479159824397726,-0.22677241873104534,1615.5042086495212,-1,0,0.24313406773194762,-0.444748980125681,-0.023073500042466694,0.005859375
1786720743.692861,26.740000792000046,0.0,0.0,-3.4756697367625407,3.4756697367625407,-0.21108821014647025,1609.9363146019969,-1,0,0.24289016999619742,-0.4426670643828564,-0.009229400016986678,0.0
1786720743.7097971,26.760000838999986,0.0,0.0,-3.4756697367625407,3.4756697367625407,-0.20346865439345366,1607.231372309676,-1,0,0.24289016999619742,-0.44058514864003184,-0.0036917600067946713,0.0
1786720743.734302,26.78000077500019,0.0,0.0,-3.4863132826913557,3.4863132826913557,-0.19340053615468986,1603.657190334915,-1,0,0.24363397273805987,-0.4384968574451342,0.003550639747282131,-0.001953125
1786720743.7497766,26.800000656000066,0.0,0.0,-3.4863132826913557,3.4863132826913557,-0.18841528505816152,1601.8874261956473,-1,0,0.24363397273805987,-0.4364085662502366,0.006447599648912852,-0.001953125
1786720743.7697964,26.82000062899988,0.0,0.0,-3.4863132826913557,3.4863132826913557,-0.1851682099026116,1600.7347145154272,-1,0,0.24363397273805987,-0.434320275055339,0.007606383609565141,-0.001953125
1786720743.794899,26.84000084399986,0.0,0.0,-3.479250548729908,3.479250548729908,-0.1831099700425791,1600.0040393651157,-1,0,0.24314040781893384,-0.432236214416891,0.008069897193826057,-0.001953125
1786720743.8097675,26.860000927999863,0.0,0.0,-3.479250548729908,3.479250548729908,-0.18084050397042672,1599.1983789095016,-1,0,0.24314040781893384,-0.43015215377844296,0.008255302627530423,-0.001953125
1786720743.834908,26.88000090100013,0.0,0.0,-3.479556079363107,3.479556079363107,-0.1836882735163748,1600.209337098313,-1,0,0.243161759211056,-0.42806791012806245,0.003302121051012169,0.0
1786720743.8498166,26.900000986000123,0.0,0.0,-3.479556079363107,3.479556079363107,-0.18358530249660157,1600.1727823862936,-1,0,0.243161759211056,-0.42598366647768193,0.0013208484204048677,0.0
1786720743.871046,26.9200008480002,0.0,0.0,-3.479556079363107,3.479556079363107,-0.182293567898464,1599.7142166039548,-1,0,0.243161759211056,-0.4238994228273015,0.0005283393681619472,0.0
1786720743.8924322,26.940001284000118,0.0,0.0,-3.4834810596433385,3.483481059643339,-0.18527938228780125,1600.7741807121695,-1,0,0.24343604854223544,-0.42181282812551085,-0.004816008002735221,0.001953125
1786720743.9098268,26.960000850000142,0.0,0.0,-3.4834810596433385,3.483481059643339,-0.1853305265343695,1600.7923369197013,-1,0,0.24343604854223544,-0.4197262334237203,-0.006953746951094088,0.001953125
1786720743.9355981,26.98000091599988,0.0,0.0,-3.4861868266839053,3.4861868266839053,-0.17385525283914854,1596.7186147578977,-1,0,0.24362513561500937,-0.41763801797559164,0.0022458449695623643,-0.001953125
1786720743.949901,27.000000648999958,0.0,0.0,-3.4861868266839053,3.4861868266839053,-0.1680872006227573,1594.6709562210788,-1,0,0.24362513561500937,-0.415549802527463,0.005925681737824946,-0.001953125
1786720743.9710586,27.02000071500015,0.0,0.0,-3.4861868266839053,3.4861868266839053,-0.16452705046732363,1593.4071029159,-1,0,0.24362513561500937,-0.41346158707933434,0.007397616445129977,-0.001953125
1786720743.9922595,27.040000946999953,0.0,0.0,-3.489450842329802,3.489450842329802,-0.16664930573556352,1594.1605035361251,-1,0,0.24385323476571882,-0.41137141649562814,0.002959046578051991,0.0
1786720744.009786,27.06000066100023,0.0,0.0,-3.489450842329802,3.489450842329802,-0.16633456309868852,1594.0487699000344,-1,0,0.24385323476571882,-0.409281245911922,0.0011836186312207965,0.0
1786720744.0348625,27.08000083800016,0.0,0.0,-3.489666782215153,3.489666782215153,-0.16493947317032392,1593.553512975465,-1,0,0.24386832528910976,-0.40719094598087247,0.0004734474524883187,0.0
1786720744.0498672,27.10000101500009,0.0,0.0,-3.489666782215153,3.489666782215153,-0.16313324171076737,1592.9123008073225,-1,0,0.24386832528910976,-0.40510064604982293,0.00018937898099532748,0.0
1786720744.0710483,27.120000728999912,0.0,0.0,-3.4863132826913557,3.4863132826913557,-0.16139092171936492,1592.2937772103746,-1,0,0.24363397273805987,-0.40301235485492526,7.5751592398131e-05,0.0
1786720744.0922313,27.140000666000105,0.0,0.0,-3.4863132826913557,3.4863132826913557,-0.16437542522990614,1593.3532759566167,-1,0,0.24363397273805987,-0.4009240636600276,-0.004997043113040747,0.001953125
1786720744.1097567,27.160000768999907,0.0,0.0,-3.4863132826913557,3.4863132826913557,-0.16431625191718402,1593.3322694306003,-1,0,0.24363397273805987,-0.3988357724651299,-0.007026160995216299,0.001953125
1786720744.136347,27.18000072399991,0.0,0.0,-3.4863132826913557,3.4863132826913557,-0.15801226412515657,1591.0943537644305,-1,0,0.24363397273805987,-0.39674748127023224,-0.00281046439808652,0.0
1786720744.149774,27.200000715999977,0.0,0.0,-3.4863132826913557,3.4863132826913557,-0.154237694291407,1589.7543814734495,-1,0,0.24363397273805987,-0.39465919007533456,-0.0011241857592346081,0.0
1786720744.171007,27.220000689000244,0.0,0.0,-3.486529749500221,3.486529749500221,-0.15145976429459046,1588.7682163245795,-1,0,0.24364910008443794,-0.392570769217468,-0.00044967430369384324,0.0
1786720744.1915624,27.240000792000046,0.0,0.0,-3.486529749500221,3.486529749500221,-0.14910153885450758,1587.9310462933502,-1,0,0.24364910008443794,-0.39048234835960133,-0.00017986972147753734,0.0
1786720744.2097497,27.26000061700006,0.0,0.0,-3.486529749500221,3.486529749500221,-0.14690519616375441,1587.1513446381327,-1,0,0.24364910008443794,-0.38839392750173474,-7.194788859101493e-05,0.0
1786720744.2355986,27.280000886999915,0.0,0.0,-3.486529749500221,3.486529749500221,-0.1447736065727332,1586.3946303333203,-1,0,0.24364910008443794,-0.38630550664386815,-2.8779155436405975e-05,0.0
1786720744.2498279,27.30000082300012,0.0,0.0,-3.486529749500221,3.486529749500221,-0.14266791822160477,1585.6471109686697,-1,0,0.24364910008443794,-0.38421708578600156,-1.151166217456239e-05,0.0
1786720744.2712576,27.32000092599992,0.0,0.0,-3.4794672095815145,3.4794672095815145,-0.14106614172527385,1585.0784803124723,-1,0,0.24315554872559753,-0.38213289536835354,-4.604664869824956e-06,0.0
1786720744.29263,27.34000082600005,0.0,0.0,-3.4794672095815145,3.4794672095815145,-0.13897918850870394,1584.33761192059,-1,0,0.24315554872559753,-0.38004870495070553,-1.8418659479299828e-06,0.0
1786720744.3097713,27.360000705999937,0.0,0.0,-3.4794672095815145,3.4794672095815145,-0.13689389297148719,1583.597332004878,-1,0,0.24315554872559753,-0.37796451453305757,-7.367463791719932e-07,0.0
1786720744.335614,27.38000077200013,0.0,0.0,-3.4794672095815145,3.4794672095815145,-0.12978191675601172,1581.072580448384,-1,0,0.24315554872559753,-0.37588032411540956,0.00502704905144833,-0.001953125
1786720744.3504648,27.400000764000197,0.0,0.0,-3.4794672095815145,3.4794672095815145,-0.1256866120192327,1579.6187472668275,-1,0,0.24315554872559753,-0.37379613369776155,0.007038163370579332,-0.001953125
1786720744.371712,27.420000941000126,0.0,0.0,-3.482732276681247,3.4827322766812476,-0.12256980324449199,1578.5122801517946,-1,0,0.24338372135503783,-0.3717099875147184,0.007842609098231732,-0.001953125
1786720744.3930378,27.440000730000065,0.0,0.0,-3.482732276681247,3.4827322766812476,-0.1251892225203879,1579.4421739947377,-1,0,0.24338372135503783,-0.3696238413316752,0.0031370436392926934,0.0
1786720744.409817,27.46000099899993,0.0,0.0,-3.482732276681247,3.4827322766812476,-0.12498530252092029,1579.3697823949267,-1,0,0.24338372135503783,-0.367537695148632,0.0012548174557170774,0.0
1786720744.4364097,27.480000806000135,0.0,0.0,-3.4794672095815145,3.4794672095815145,-0.12890756319074764,1580.7621849327154,-1,0,0.24315554872559753,-0.365453504730984,-0.004525416767713169,0.001953125
1786720744.4505107,27.500000778999947,0.0,0.0,-3.4794672095815145,3.4794672095815145,-0.12913546646247173,1580.8430905941775,-1,0,0.24315554872559753,-0.363369314313336,-0.006837510457085268,0.001953125
1786720744.4725218,27.520000918999813,0.0,0.0,-3.476418519724632,3.476418519724632,-0.1281891650627751,1580.5071535972852,-1,0,0.24294249718339503,-0.36128695005176403,-0.007762347932834107,0.001953125
1786720744.49441,27.54000078199988,0.0,0.0,-3.476418519724632,3.476418519724632,-0.12647673579150265,1579.8992412059833,-1,0,0.24294249718339503,-0.3592045857901921,-0.008132282923133644,0.001953125
1786720744.51115,27.56000094000001,0.0,0.0,-3.476418519724632,3.476418519724632,-0.12454234552605054,1579.212532661748,-1,0,0.24294249718339503,-0.35712222152862017,-0.008280256919253458,0.001953125
1786720744.5364134,27.580000690999896,0.0,0.0,-3.4794672095815145,3.4794672095815145,-0.11225143182072403,1574.849258296357,-1,0,0.24315554872559753,-0.35503803111097215,0.0017152409822986168,-0.001953125
1786720744.5510287,27.600000924000142,0.0,0.0,-3.4794672095815145,3.4794672095815145,-0.10616904224245519,1572.6900099960717,-1,0,0.24315554872559753,-0.35295384069332414,0.005713440142919447,-0.001953125
1786720744.5722685,27.620000934000018,0.0,0.0,-3.483265086519822,3.483265086519822,-0.10222016519009408,1571.2881586424835,-1,0,0.24342095569606229,-0.3508673753587865,0.0073127198071677784,-0.001953125
1786720744.5942945,27.64000090799982,0.0,0.0,-3.483265086519822,3.483265086519822,-0.10452133173985709,1572.1050727676493,-1,0,0.24342095569606229,-0.34878091002424877,0.0029250879228671115,0.0
1786720744.6109977,27.660001028999886,0.0,0.0,-3.483265086519822,3.483265086519822,-0.10418991915903963,1571.987421301459,-1,0,0.24342095569606229,-0.34669444468971106,0.0011700351691468446,0.0
1786720744.6366765,27.680001169000207,0.0,0.0,-3.479340439052777,3.479340439052777,-0.10810708474919112,1573.378015085963,-1,0,0.2431466896228612,-0.3446103302072294,-0.0045593296823412625,0.001953125
1786720744.650051,27.700001087000146,0.0,0.0,-3.479340439052777,3.479340439052777,-0.10831471620730472,1573.451724253593,-1,0,0.2431466896228612,-0.34252621572474773,-0.006851075622936504,0.001953125
1786720744.6725154,27.720000820000223,0.0,0.0,-3.479340439052777,3.479340439052777,-0.10714730010106112,1573.0372915358766,-1,0,0.2431466896228612,-0.3404421012422661,-0.007767773999174602,0.001953125
1786720744.6937006,27.740000645000237,0.0,0.0,-3.479340439052777,3.479340439052777,-0.09537517746907473,1568.8581880015215,-1,0,0.2431466896228612,-0.33835798675978446,0.001920234150330159,-0.001953125
1786720744.7108366,27.760000785000102,0.0,0.0,-3.479340439052777,3.479340439052777,-0.08941585972679118,1566.7426302030108,-1,0,0.2431466896228612,-0.33627387227730277,0.005795437410132063,-0.001953125
1786720744.736195,27.780001036000158,0.0,0.0,-3.479340439052777,3.479340439052777,-0.09583635144038874,1569.021904761338,-1,0,0.2431466896228612,-0.33418975779482113,-0.002709168785947174,0.001953125
1786720744.7508404,27.80000099100016,0.0,0.0,-3.479340439052777,3.479340439052777,-0.09715407943633879,1569.4896981999002,-1,0,0.2431466896228612,-0.33210564331233944,-0.00611101126437887,0.001953125
1786720744.7723227,27.82000066799992,0.0,0.0,-3.472367621116206,3.472367621116206,-0.09691798326429547,1569.405884058825,-1,0,0.2426594083037955,-0.3300257055268784,-0.007471748255751548,0.001953125
1786720744.7940505,27.84000069700005,0.0,0.0,-3.472367621116206,3.472367621116206,-0.08532765277538348,1565.291316735261,-1,0,0.2426594083037955,-0.32794576774141726,0.0020386444476993807,-0.001953125
1786720744.8107708,27.86000074499998,0.0,0.0,-3.472367621116206,3.472367621116206,-0.079443557908542,1563.2024630575324,-1,0,0.2426594083037955,-0.32586582995595614,0.005842801529079752,-0.001953125
1786720744.8361838,27.880000718000247,0.0,0.0,-3.4685696546429767,3.4685696546429767,-0.07610737051796088,1562.018116533876,-1,0,0.24239399507636336,-0.3237881671410159,0.007364464361631901,-0.001953125
1786720744.8508344,27.900000951000038,0.0,0.0,-3.4685696546429767,3.4685696546429767,-0.07342104256999976,1561.06447011235,-1,0,0.24239399507636336,-0.3217105043260757,0.00797312949465276,-0.001953125
1786720744.8730564,27.92000085000018,0.0,0.0,-3.465305553094879,3.465305553094879,-0.07132801885566273,1560.3214466937602,-1,0,0.24216588992255184,-0.319634796698168,0.008216595547861104,-0.001953125
1786720744.894265,27.940001249000034,0.0,0.0,-3.465305553094879,3.465305553094879,-0.06915492480647174,1559.5499983062975,-1,0,0.24216588992255184,-0.3175590890702604,0.008313981969144442,-0.001953125
1786720744.910858,27.96000072300012,0.0,0.0,-3.465305553094879,3.465305553094879,-0.06704026261005082,1558.7992932265681,-1,0,0.24216588992255184,-0.31548338144235283,0.008352936537657776,-0.001953125
1786720744.9361405,27.98000101100024,0.0,0.0,-3.465305553094879,3.465305553094879,-0.07500366065473787,1561.6262995324319,-1,0,0.24216588992255184,-0.31340767381444523,-0.001686169134936889,0.001953125
