wall,t,tgt,ref,angle,err,u,pwm,dir,held,P,I,D,gz
1786722032.2455454,2.222999682999216e-06,0.0,0.0,-0.013901445944838997,0.013901445944838997,0.0009705040101018181,1429.6894387167674,1,0,0.0009705040101018181,2.9115120303054543e-06,0.0,0.0
1786722032.2570412,0.0200012590003098,0.0,0.0,-0.013901445944838997,0.013901445944838997,0.0009734155221321236,1429.6885070329176,1,0,0.0009705040101018181,5.8230240606109086e-06,0.0,0.0
1786722032.2814088,0.04000086999985797,0.0,0.0,0.20233083426739995,-0.20233083426739995,-0.01822109642103178,1430.0,1,1,-0.014125356945092392,-3.655304677466627e-05,-0.0041015625,0.013671875
1786722032.297041,0.06000083300023107,0.0,0.0,0.20233083426739995,-0.20233083426739995,-0.019904097491867057,1430.0,1,1,-0.014125356945092392,-3.655304677466627e-05,-0.005742187500000001,0.013671875
1786722032.3196764,0.08000079599969467,0.0,0.0,0.2432095216890957,-0.2432095216890957,-0.023414218249475788,1430.0,1,1,-0.016979227702701122,-3.655304677466627e-05,-0.0063984375000000005,0.013671875
1786722032.3398168,0.10000090599987743,0.0,0.0,0.2432095216890957,-0.2432095216890957,-0.019575155749475787,1430.0,1,1,-0.016979227702701122,-3.655304677466627e-05,-0.0025593750000000005,0.0
1786722032.3571985,0.12000094300037745,0.0,0.0,0.2432095216890957,-0.2432095216890957,-0.01803953074947579,1430.0,1,1,-0.016979227702701122,-3.655304677466627e-05,-0.0010237500000000001,0.0
1786722032.381469,0.1400009429999045,0.0,0.0,0.22580890184968894,-0.22580890184968894,-0.010351113317133807,1430.0,1,1,-0.01576443527035914,-3.655304677466627e-05,0.005449875,-0.01953125
1786722032.397253,0.16000083099970652,0.0,0.0,0.22580890184968894,-0.22580890184968894,-0.007761663317133807,1430.0,1,1,-0.01576443527035914,-3.655304677466627e-05,0.008039325,-0.01953125
1786722032.419782,0.18000096099967777,0.0,0.0,0.1676732442135176,-0.1676732442135176,-0.0026672487628803133,1430.0,1,1,-0.011705800716105648,-3.655304677466627e-05,0.009075105,-0.01953125
1786722032.4397738,0.20000094199986052,0.0,0.0,0.1676732442135176,-0.1676732442135176,-0.0004951242628803126,1430.0,1,1,-0.011705800716105648,-3.655304677466627e-05,0.0112472295,-0.025390625
1786722032.4570622,0.22000079299959907,0.0,0.0,0.1676732442135176,-0.1676732442135176,0.00037372553711968737,1429.8804078281216,1,0,-0.011705800716105648,-3.655304677466627e-05,0.0121160793,-0.025390625
1786722032.4814436,0.24000070100009907,0.0,0.0,0.10057247893678323,-0.10057247893678323,0.0036479700958672806,1428.8326495693225,1,0,-0.007021283577358053,-5.761689750674043e-05,0.01070580672,-0.01953125
1786722032.4970694,0.26000097799988,0.0,0.0,0.10057247893678323,-0.10057247893678323,0.0030627972131352064,1429.0199048917966,1,0,-0.007021283577358053,-7.868074823881459e-05,0.010141697688,-0.01953125
1786722032.5190928,0.28000086700012616,0.0,0.0,0.04444181492436883,-0.04444181492436883,0.006734749342992423,1427.8448802102425,1,0,-0.003102623983968763,-8.798862019072088e-05,0.0099160540752,-0.01953125
1786722032.539729,0.300000903000182,0.0,0.0,0.04444181492436883,-0.04444181492436883,0.005463309025920517,1428.2517411117055,1,0,-0.003102623983968763,-9.729649214262717e-05,0.00865392163008,-0.015625
1786722032.5570595,0.32000095900002634,0.0,0.0,0.04444181492436883,-0.04444181492436883,0.00494914817592061,1428.4162725837054,1,0,-0.003102623983968763,-0.00010660436409453346,0.008149068652032,-0.015625
1786722032.581481,0.3400006250003571,0.0,0.0,0.002029790762065886,-0.002029790762065886,0.0065269419690198085,1427.9113785699137,1,0,-0.00014170612769845813,-0.00010702948247762885,0.0067752524608128,-0.01171875
1786722032.5970392,0.36000086500007455,0.0,0.0,0.002029790762065886,-0.002029790762065886,0.005976990374149033,1428.0873630802723,1,0,-0.00014170612769845813,-0.00010745460086072422,0.006225725984325119,-0.01171875
1786722032.6197388,0.38000077299966506,0.0,0.0,-0.0356236697967347,0.0356236697967347,0.008385462111254441,1427.3166521243986,1,0,0.0024870013183851186,-9.999359690556887e-05,0.006005915393730047,-0.01171875
1786722032.6399717,0.4000012719998267,0.0,0.0,-0.0356236697967347,0.0356236697967347,0.007719061378971569,1427.529900358729,1,0,0.0024870013183851186,-9.253259295041352e-05,0.005332053657492019,-0.009765625
1786722032.6571503,0.42000138300045364,0.0,0.0,-0.0356236697967347,0.0356236697967347,0.007456977688431513,1427.6137671397018,1,0,0.0024870013183851186,-8.507158899525816e-05,0.005062508962996808,-0.009765625
1786722032.6803646,0.44000101199981145,0.0,0.0,-0.055809849400759504,0.05580984940075951,0.007594007004545216,1427.5699177585454,1,0,0.003896262508341751,-7.338280147023292e-05,0.003782816085198723,-0.005859375
1786722032.6970649,0.4600007529998038,0.0,0.0,-0.055809849400759504,0.05580984940075951,0.0070938186409510075,1427.7299780348958,1,0,0.003896262508341751,-6.169401394520767e-05,0.0032709389340794892,-0.005859375
1786722032.7197845,0.4800009749997116,0.0,0.0,-0.06677815773585394,0.06677815773585394,0.00766648894331368,1427.5467235381395,1,0,0.0046619948836270925,-4.7708029294326396e-05,0.0030661880736317956,-0.005859375
1786722032.739065,0.5000008999995771,0.0,0.0,-0.06677815773585394,0.06677815773585394,0.0064266995837854845,1427.9434561331886,1,0,0.0046619948836270925,-3.3722044643445116e-05,0.0018124127294527185,-0.001953125
1786722032.7570796,0.5200009000000136,0.0,0.0,-0.06677815773585394,0.06677815773585394,0.005939175430764734,1428.0994638621553,1,0,0.0046619948836270925,-1.9736059992563836e-05,0.0013109025917810873,-0.001953125
1786722032.7814658,0.5400009739996676,0.0,0.0,-0.06998130067975694,0.06998130067975694,0.004804303923479488,1428.4626227444865,1,0,0.004885616446759618,-5.079210652284984e-06,-6.157646328756503e-05,0.001953125
1786722032.7970586,0.5600006770000618,0.0,0.0,-0.06998130067975694,0.06998130067975694,0.004269969150792306,1428.6336098717466,1,0,0.004885616446759618,9.57763868799387e-06,-0.000610568085315026,0.001953125
1786722032.819728,0.5800009550002869,0.0,0.0,-0.06523325902895749,0.06523325902895749,0.0037335535120084926,1428.8052628761573,1,0,0.004554140607446509,2.3240060510333395e-05,-0.0008301647341260104,0.001953125
1786722032.8397315,0.6000008990004062,0.0,0.0,-0.06523325902895749,0.06523325902895749,0.0042453147743064384,1428.6414992722218,1,0,0.004554140607446509,3.690248233267292e-05,-0.0003320658936504042,0.0
1786722032.8570764,0.6200013990001025,0.0,0.0,-0.06523325902895749,0.06523325902895749,0.004458216732319021,1428.5733706456579,1,0,0.004554140607446509,5.056490415501245e-05,-0.00013282635746016168,0.0
1786722032.8805864,0.6400008979999257,0.0,0.0,-0.060510529216344366,0.06051052921634437,0.004221866228968681,1428.64900280673,1,0,0.004224431867797734,6.323819975840564e-05,-5.3130542984064674e-05,0.0
1786722032.8970928,0.66000095399977,0.0,0.0,-0.060510529216344366,0.06051052921634437,0.004266417850362513,1428.634746287884,1,0,0.004224431867797734,7.591149536179885e-05,-2.125221719362587e-05,0.0
1786722032.9191546,0.6800008239997624,0.0,0.0,-0.06535684623477778,0.06535684623477778,0.004630179230550473,1428.5183426462238,1,0,0.004562768622066124,8.959980122799723e-05,-8.500886877450348e-06,0.0
1786722032.9390364,0.7000007119995644,0.0,0.0,-0.06535684623477778,0.06535684623477778,0.004063030568543142,1428.6998302180662,1,0,0.004562768622066124,0.0001032881070941956,-0.0005893378547509802,0.001953125
1786722032.9570937,0.7200009340003817,0.0,0.0,-0.06535684623477778,0.06535684623477778,0.0038443840872599278,1428.7697970920767,1,0,0.004562768622066124,0.00011697641296039398,-0.0008216726419003921,0.001953125
1786722032.980511,0.7400009149996549,0.0,0.0,-0.060634542743429165,0.060634542743429165,0.004021397001456534,1428.713152959534,1,0,0.004233089645256297,0.00012967568189616287,-0.00032866905676015687,0.0
1786722032.9972785,0.7600008039999011,0.0,0.0,-0.060634542743429165,0.060634542743429165,0.004231297704448397,1428.6459847345766,1,0,0.004233089645256297,0.00014237495083193176,-0.00013146762270406276,0.0
1786722033.0192323,0.7800008960002742,0.0,0.0,-0.06682997254733891,0.06682997254733891,0.004755400141624251,1428.4782719546802,1,0,0.004665612239873944,0.0001563717875515536,-5.2587049081625106e-05,0.0
1786722033.0390606,0.8000010630003089,0.0,0.0,-0.06682997254733891,0.06682997254733891,0.004800949207792847,1428.4636962535062,1,0,0.004665612239873944,0.00017036862427117545,-2.1034819632650043e-05,0.0
1786722033.0570345,0.8200010809996456,0.0,0.0,-0.06682997254733891,0.06682997254733891,0.00482756693629206,1428.4551785803865,1,0,0.004665612239873944,0.00018436546099079727,-8.413927853060017e-06,0.0
1786722033.080346,0.8400009139995745,0.0,0.0,-0.06685510274849094,0.06685510274849094,0.003676491548730683,1428.8235227044063,1,0,0.0046673666588811094,0.0001983675609674406,-0.0011752405711412239,0.00390625
1786722033.097111,0.8600009140000111,0.0,0.0,-0.06685510274849094,0.06685510274849094,0.0032237629913920603,1428.9683958427545,1,0,0.0046673666588811094,0.0002123696609440839,-0.0016419712284564895,0.00390625
1786722033.1191285,0.8800009870001304,0.0,0.0,-0.060658565632849104,0.060658565632849104,0.002618472928882667,1429.1620886627575,1,0,0.004234766759321179,0.00022507396122204744,-0.0018286634913825958,0.00390625
1786722033.1390738,0.9000010429999747,0.0,0.0,-0.060658565632849104,0.060658565632849104,0.003728375323990188,1428.806919896323,1,0,0.004234766759321179,0.000237778261500011,-0.0007314653965530384,0.0
1786722033.1570897,0.9200007090003055,0.0,0.0,-0.060658565632849104,0.060658565632849104,0.004179958862199975,1428.662413164096,1,0,0.004234766759321179,0.0002504825617779745,-0.00029258615862121535,0.0
1786722033.1799898,0.9400008009997691,0.0,0.0,-0.060561487257132285,0.060561487257132285,0.004361437508495681,1428.6043399972814,1,0,0.004227989410166192,0.0002631665300084731,-0.00011703446344848615,0.0
1786722033.197058,0.9600008010002057,0.0,0.0,-0.060561487257132285,0.060561487257132285,0.004444342154795272,1428.5778105104655,1,0,0.004227989410166192,0.0002758504982389717,-4.681378537939446e-05,0.0
1786722033.2191696,0.9800008009997327,0.0,0.0,-0.060561487257132285,0.060561487257132285,0.004485114394253407,1428.5647633938388,1,0,0.004227989410166192,0.00028853446646947027,-1.8725514151757784e-05,0.0
1786722033.2391,1.0000009300001693,0.0,0.0,-0.060561487257132285,0.060561487257132285,0.00509497117097496,1428.369609225288,1,0,0.004227989410166192,0.00030121843469996885,0.0005784472943392969,-0.001953125
1786722033.257042,1.0200007080002251,0.0,0.0,-0.060561487257132285,0.060561487257132285,0.0053465242626018795,1428.2891122359674,1,0,0.004227989410166192,0.00031390240293046744,0.0008173164177357187,-0.001953125
1786722033.2806468,1.0400009479999426,0.0,0.0,-0.06061037236031552,0.06061037236031552,0.005458168704213846,1428.2533860146516,1,0,0.004231402234189091,0.00032659660963303466,0.0009128640670942875,-0.001953125
1786722033.2970476,1.0600007069997446,0.0,0.0,-0.06061037236031552,0.06061037236031552,0.005509081970659841,1428.2370937693888,1,0,0.004231402234189091,0.00033929081633560194,0.000951083126837715,-0.001953125
1786722033.3191102,1.0800009289996524,0.0,0.0,-0.05588928432578655,0.05588928432578655,0.005207469679343626,1428.33360970261,1,0,0.0039018081122729376,0.00035099624067242075,0.000966370750735086,-0.001953125
1786722033.3390636,1.1000007250004273,0.0,0.0,-0.05588928432578655,0.05588928432578655,0.0046393526532393925,1428.5154071509635,1,0,0.0039018081122729376,0.00036270166500923957,0.00038654830029403444,0.0
1786722033.3571913,1.1200011689998064,0.0,0.0,-0.05588928432578655,0.05588928432578655,0.004419129097399791,1428.585878688832,1,0,0.0039018081122729376,0.00037440708934605843,0.00015461932011761378,0.0
1786722033.3808334,1.1400009279996084,0.0,0.0,-0.06061037236031552,0.06061037236031552,0.0046676570515821955,1428.5063497434937,1,0,0.004231402234189091,0.00038710129604862566,6.184772804704551e-05,0.0
1786722033.397065,1.160000982999918,0.0,0.0,-0.06061037236031552,0.06061037236031552,0.004643242621456535,1428.514162361134,1,0,0.004231402234189091,0.00039979550275119293,2.4739091218818206e-05,0.0
1786722033.4191582,1.1800008529999104,0.0,0.0,-0.06061037236031552,0.06061037236031552,0.004641093373427811,1428.514850120503,1,0,0.004231402234189091,0.00041248970945376016,9.895636487527283e-06,0.0
1786722033.4390962,1.2000007050000931,0.0,0.0,-0.06061037236031552,0.06061037236031552,0.004647850198237862,1428.512687936564,1,0,0.004231402234189091,0.0004251839161563274,3.958254595010914e-06,0.0
1786722033.457133,1.220001056000001,0.0,0.0,-0.06061037236031552,0.06061037236031552,0.004658169452183423,1428.5093857753013,1,0,0.004231402234189091,0.00043787812285889466,1.5833018380043654e-06,0.0
1786722033.480744,1.240001000999655,0.0,0.0,-0.05588928432578655,0.05588928432578655,0.003168444555867034,1428.9860977421226,1,0,0.0039018081122729376,0.00044958354719571347,-0.0011712416792647982,0.00390625
1786722033.4970388,1.2600006669999857,0.0,0.0,-0.05588928432578655,0.05588928432578655,0.002711019987762732,1429.132473603916,1,0,0.0039018081122729376,0.0004612889715325323,-0.0016403716717059192,0.00390625
1786722033.519109,1.2800009820002742,0.0,0.0,-0.05116845937942571,0.05116845937942571,0.002205497660225977,1429.2942407487276,1,0,0.0035722323573758124,0.0004720056686046597,-0.0018280236686823677,0.00390625
1786722033.5390422,1.3000008700000762,0.0,0.0,-0.05116845937942571,0.05116845937942571,0.0033130285585075254,1428.9398308612776,1,0,0.0035722323573758124,0.0004827223656767871,-0.0007312094674729471,0.0
1786722033.557028,1.3200008699996033,0.0,0.0,-0.05116845937942571,0.05116845937942571,0.003762470936063421,1428.7960093004597,1,0,0.0035722323573758124,0.0004934390627489145,-0.00029248378698917886,0.0
1786722033.5808125,1.340000684000188,0.0,0.0,-0.05119281355419503,0.05119281355419503,0.003950378147474378,1428.7358789928082,1,0,0.003573932599521135,0.0005041608605474779,-0.00011699351479567155,0.0
1786722033.5970445,1.360000962000413,0.0,0.0,-0.05119281355419503,0.05119281355419503,0.004031296054150344,1428.7099852626718,1,0,0.003573932599521135,0.0005148826583460413,-4.679740591826862e-05,0.0
1786722033.6190898,1.38000096199994,0.0,0.0,-0.051216649418790894,0.051216649418790894,0.004071760352768899,1428.697036687114,1,0,0.003575596656790165,0.0005256094483164119,-1.871896236730745e-05,0.0
1786722033.6393414,1.40000112800044,0.0,0.0,-0.051216649418790894,0.051216649418790894,0.004093718520159654,1428.6900100735488,1,0,0.003575596656790165,0.0005363362382867823,-7.48758494692298e-06,0.0
1786722033.6571074,1.420000887000242,0.0,0.0,-0.051216649418790894,0.051216649418790894,0.004108937861098178,1428.6851398844485,1,0,0.003575596656790165,0.0005470630282571529,-2.9950339787691922e-06,0.0
1786722033.679522,1.4400012010000864,0.0,0.0,-0.04492392529806466,0.04492392529806466,0.003682146652150458,1428.821713071312,1,0,0.003136281637484813,0.0005564718731696073,-1.198013591507677e-06,0.0
1786722033.6972694,1.4600009050000153,0.0,0.0,-0.04492392529806466,0.04492392529806466,0.0036922743052178173,1428.8184722223302,1,0,0.003136281637484813,0.0005658807180820617,-4.792054366030708e-07,0.0
1786722033.7192035,1.4800011639999866,0.0,0.0,-0.0402496788063047,0.0402496788063047,0.0033756467080682125,1428.9197930534183,1,0,0.002809957672160792,0.0005743105910985441,-1.9168217464122832e-07,0.0
1786722033.7391,1.5000008119995982,0.0,0.0,-0.0402496788063047,0.0402496788063047,0.0033841915903894794,1428.9170586910755,1,0,0.002809957672160792,0.0005827404641150266,-7.667286985649133e-08,0.0
1786722033.7570474,1.5200007559997175,0.0,0.0,-0.0402496788063047,0.0402496788063047,0.0033926674671278757,1428.914346410519,1,0,0.002809957672160792,0.0005911703371315089,-3.066914794259653e-08,0.0
1786722033.780905,1.540000885000154,0.0,0.0,-0.0402496788063047,0.0402496788063047,0.003987053241633124,1428.7241429626774,1,0,0.002809957672160792,0.0005996002101479912,0.000585925232340823,-0.001953125
1786722033.7970645,1.5600010139996812,0.0,0.0,-0.0402496788063047,0.0402496788063047,0.0042298654752451125,1428.6464430479216,1,0,0.002809957672160792,0.0006080300831644735,0.0008203075929363292,-0.001953125
1786722033.8184566,1.58000071799961,0.0,0.0,-0.0402496788063047,0.0402496788063047,0.004332048292499797,1428.6137445464,1,0,0.002809957672160792,0.0006164599561809559,0.0009140605371745317,-0.001953125
1786722033.8383546,1.6000009210001735,0.0,0.0,-0.0402496788063047,0.0402496788063047,0.0032061043432115603,1428.9740466101723,1,0,0.002809957672160792,0.0006248898291974381,-0.00022031328513018729,0.001953125
1786722033.8571007,1.6200008280002294,0.0,0.0,-0.0402496788063047,0.0402496788063047,0.002760784687306155,1429.116548900062,1,0,0.002809957672160792,0.0006333197022139205,-0.0006740628140520749,0.001953125
1786722033.8799932,1.6400007350002852,0.0,0.0,-0.034002573504608335,0.034002573504608335,0.0027375220238203012,1429.1239929523774,1,0,0.002373827447227211,0.0006404411845556022,-0.00026962512562083,0.0
1786722033.8970268,1.6600009940002565,0.0,0.0,-0.034002573504608335,0.034002573504608335,0.002906418581534481,1429.069946053909,1,0,0.002373827447227211,0.0006475626668972839,-0.000107850050248332,0.0
1786722033.9184482,1.6800009939997835,0.0,0.0,-0.029282274860861435,0.029282274860861438,0.002648711081981937,1429.1524124537657,1,0,0.002044288435183986,0.0006536955322028359,-4.3140020099332806e-05,0.0
1786722033.9383988,1.700000660999649,0.0,0.0,-0.029282274860861435,0.029282274860861438,0.0026807279593470887,1429.142167053009,1,0,0.002044288435183986,0.0006598283975083877,-1.7256008039733124e-05,0.0
1786722033.9564888,1.7200009750004028,0.0,0.0,-0.029282274860861435,0.029282274860861438,0.0026972144294764803,1429.1368913825675,1,0,0.002044288435183986,0.0006659612628139397,-6.90240321589325e-06,0.0
1786722033.9802043,1.740000660000078,0.0,0.0,-0.03395653917047525,0.03395653917047525,0.0030338139459564514,1429.0291795372939,1,0,0.002370613644428869,0.0006730731037472264,-2.7609612863573004e-06,0.0
1786722033.9972937,1.7600013999999646,0.0,0.0,-0.03395653917047525,0.03395653917047525,0.003042582363661552,1429.0263736436284,1,0,0.002370613644428869,0.000680184944680513,-1.1043845145429203e-06,0.0
1786722034.0191824,1.7800013079995551,0.0,0.0,-0.0339323410998702,0.0339323410998702,0.003048667491284812,1429.0244264027888,1,0,0.002368924300410116,0.0006872917175817433,-4.4175380581716813e-07,0.0
1786722034.0383978,1.8000007150003512,0.0,0.0,-0.0339323410998702,0.0339323410998702,0.0030560393164695324,1429.0220674187296,1,0,0.002368924300410116,0.0006943984904829736,-1.7670152232686726e-07,0.0
1786722034.05708,1.8200009000001955,0.0,0.0,-0.0339323410998702,0.0339323410998702,0.0030632521102841592,1429.019759324709,1,0,0.002368924300410116,0.0007015052633842039,-7.068060893074691e-08,0.0
1786722034.0800772,1.8400008810003783,0.0,0.0,-0.04015525842169154,0.04015525842169154,0.004676717876931428,1428.503450279382,1,0,0.002803365885790796,0.0007099153610415764,0.0011718467277564276,-0.00390625
1786722034.0971453,1.860001232000286,0.0,0.0,-0.04015525842169154,0.04015525842169154,0.005153894937934943,1428.3507536198608,1,0,0.002803365885790796,0.0007183254586989489,0.001640613691102571,-0.00390625
1786722034.1188922,1.8800009730002785,0.0,0.0,-0.04015525842169154,0.04015525842169154,0.005349811820930773,1428.2880602173022,1,0,0.002803365885790796,0.0007267355563563213,0.0018281204764410285,-0.00390625
1786722034.1384025,1.9000010469999324,0.0,0.0,-0.04015525842169154,0.04015525842169154,0.004261349632723529,1428.6363681175285,1,0,0.002803365885790796,0.0007351456540136938,0.0007312481905764114,0.0
1786722034.1571133,1.920000656999946,0.0,0.0,-0.04015525842169154,0.04015525842169154,0.0038310108160350548,1428.7740765388687,1,0,0.002803365885790796,0.0007435557516710661,0.00029249927623056456,0.0
1786722034.1804268,1.9400011389998326,0.0,0.0,-0.04647259612812604,0.04647259612812604,0.004104954719704764,1428.6864144896945,1,0,0.003244399257541472,0.0007532889494436906,0.00011699971049222583,0.0
1786722034.1971025,1.9600009899995712,0.0,0.0,-0.04647259612812604,0.04647259612812604,0.004044488091182053,1428.7057638108217,1,0,0.003244399257541472,0.000763022147216315,4.679988419689033e-05,0.0
1786722034.2189393,1.980000970999754,0.0,0.0,-0.05112283871531531,0.05112283871531531,0.0043507895350881915,1428.6077473487717,1,0,0.003569047434193121,0.0007737292895188943,1.8719953678756132e-05,0.0
1786722034.2383595,2.000001082000381,0.0,0.0,-0.05112283871531531,0.05112283871531531,0.0049362022051835175,1428.4204152943412,1,0,0.003569047434193121,0.0007844364318214738,0.0005934254814715024,-0.001953125
1786722034.2570772,2.020001062999654,0.0,0.0,-0.05112283871531531,0.05112283871531531,0.005176791558603195,1428.343426701247,1,0,0.003569047434193121,0.0007951435741240532,0.000823307692588601,-0.001953125
1786722034.2799187,2.0400009889999637,0.0,0.0,-0.055747969367644146,0.05574796936764415,0.00501640911822482,1428.3947490821681,1,0,0.0038919424670653263,0.0008068194015252492,0.0003293230770354404,0.0
1786722034.2970548,2.0600006550002945,0.0,0.0,-0.055747969367644146,0.05574796936764415,0.004830491099404752,1428.4542428481905,1,0,0.0038919424670653263,0.0008184952289264452,0.00013172923081417615,0.0
1786722034.318897,2.080000766000012,0.0,0.0,-0.06206522585640073,0.06206522585640073,0.005204157090004556,1428.3346697311986,1,0,0.00433297016875244,0.0008314941394327025,5.269169232567046e-05,0.0
1786722034.3386364,2.1000012659997083,0.0,0.0,-0.06206522585640073,0.06206522585640073,0.004599603485115411,1428.528126884763,1,0,0.00433297016875244,0.0008444930499389598,-0.0005648608230697318,0.001953125
1786722034.357152,2.1200009690001025,0.0,0.0,-0.06206522585640073,0.06206522585640073,0.004365581389463508,1428.6030139553716,1,0,0.00433297016875244,0.0008574919604452171,-0.0008118818292278927,0.001953125
1786722034.3802485,2.1400008020000314,0.0,0.0,-0.06676077295355753,0.06676077295355753,0.004607582925617894,1428.5255734638022,1,0,0.0046607811968638335,0.0008714743040358087,-0.0009106902316911571,0.001953125
1786722034.3970692,2.1600007650004045,0.0,0.0,-0.06676077295355753,0.06676077295355753,0.004582041908223179,1428.5337465893685,1,0,0.0046607811968638335,0.0008854566476264002,-0.0009502135926764628,0.001953125
1786722034.4189866,2.180000856999868,0.0,0.0,-0.06518935613010512,0.06518935613010514,0.004470509317457749,1428.5694370184135,1,0,0.004551075606901934,0.0008991098744471059,-0.0009660229370705852,0.001953125
1786722034.43838,2.2000009679995856,0.0,0.0,-0.06518935613010512,0.06518935613010514,0.005063776306520806,1428.3795915819132,1,0,0.004551075606901934,0.0009127631012678118,-0.0003864091748282341,0.0
1786722034.456463,2.2200009859998318,0.0,0.0,-0.06518935613010512,0.06518935613010514,0.005309275038238452,1428.3010319877637,1,0,0.004551075606901934,0.0009264163280885175,-0.00015456366993129363,0.0
1786722034.480087,2.240000855999824,0.0,0.0,-0.06523576303942491,0.06523576303942491,0.005418906280471153,1428.2659499902493,1,0,0.004554315420355152,0.0009400792743495831,-6.182546797251745e-05,0.0
1786722034.497368,2.260000893000324,0.0,0.0,-0.06523576303942491,0.06523576303942491,0.005469664507515728,1428.249707357595,1,0,0.004554315420355152,0.0009537422206106486,-2.4730187189006983e-05,0.0
1786722034.518266,2.2800011339995763,0.0,0.0,-0.06051433044768828,0.06051433044768827,0.005168547389543103,1428.3460648353462,1,0,0.004224697243808058,0.0009664163123420728,-9.892074875602795e-06,0.0
1786722034.538112,2.3000008930002878,0.0,0.0,-0.06051433044768828,0.06051433044768827,0.00577309422619989,1428.152609847616,1,0,0.004224697243808058,0.000979090404073497,0.0005819806700497589,-0.001953125
1786722034.5564544,2.3200010399996245,0.0,0.0,-0.06051433044768828,0.06051433044768827,0.006022517415901459,1428.0727944269115,1,0,0.004224697243808058,0.0009917644958049212,0.0008187297680199036,-0.001953125
1786722034.5793803,2.3400008179996803,0.0,0.0,-0.06680725905596319,0.06680725905596319,0.005983282942050308,1428.085349458544,1,0,0.004664026539037425,0.0010057565754220336,0.00032749190720796144,0.0
1786722034.596447,2.360000818000117,0.0,0.0,-0.06680725905596319,0.06680725905596319,0.005800779877342644,1428.1437504392504,1,0,0.004664026539037425,0.0010197486550391458,0.00013099676288318458,0.0
1786722034.6180675,2.3800009839997074,0.0,0.0,-0.060586188924503404,0.060586188924503404,0.0053018612720640455,1428.3034043929395,1,0,0.004229713911871626,0.0010324377967747607,5.2398705153273835e-05,0.0
1786722034.638318,2.4000010019999536,0.0,0.0,-0.060586188924503404,0.060586188924503404,0.005283111190707696,1428.3094044189736,1,0,0.004229713911871626,0.0010451269385103755,2.0959482061309534e-05,0.0
1786722034.6565127,2.420001131999925,0.0,0.0,-0.060586188924503404,0.060586188924503404,0.005283224643206526,1428.3093681141738,1,0,0.004229713911871626,0.0010578160802459905,8.383792824523815e-06,0.0
1786722034.679262,2.4400006870000652,0.0,0.0,-0.05586475633270993,0.05586475633270993,0.004961265332696364,1428.4123950935373,1,0,0.003900095735320564,0.0010695163674519523,3.3535171298095263e-06,0.0
1786722034.6964836,2.460000834999846,0.0,0.0,-0.05586475633270993,0.05586475633270993,0.00497095350962444,1428.4092948769203,1,0,0.003900095735320564,0.001081216654657914,1.3414068519238105e-06,0.0
1786722034.7180781,2.480000722999648,0.0,0.0,-0.05586475633270993,0.05586475633270993,0.004981848952719248,1428.40580833513,1,0,0.003900095735320564,0.0010929169418638757,5.365627407695243e-07,0.0
1786722034.7381165,2.5000006680002116,0.0,0.0,-0.05586475633270993,0.05586475633270993,0.004993227302280748,1428.4021672632703,1,0,0.003900095735320564,0.0011046172290698373,2.1462509630780972e-07,0.0
1786722034.7565207,2.520001056000183,0.0,0.0,-0.05586475633270993,0.05586475633270993,0.005004798814428925,1428.3984643793829,1,0,0.003900095735320564,0.0011163175162757992,8.585003852312389e-08,0.0
1786722034.7793415,2.540000981999583,0.0,0.0,-0.05586475633270993,0.05586475633270993,0.005016447591611773,1428.3947367706842,1,0,0.003900095735320564,0.001128017803481761,3.434001540924956e-08,0.0
1786722034.7964475,2.560000778000358,0.0,0.0,-0.05586475633270993,0.05586475633270993,0.005028127274808489,1428.3909992720612,1,0,0.003900095735320564,0.0011397180906877226,1.3736006163699824e-08,0.0
1786722034.8180563,2.5800007959996947,0.0,0.0,-0.05586475633270993,0.05586475633270993,0.005039819320410752,1428.3872578174685,1,0,0.003900095735320564,0.0011514183778936844,5.49440246547993e-09,0.0
1786722034.8380477,2.6000009070003216,0.0,0.0,-0.05586475633270993,0.05586475633270993,0.005051516310975235,1428.383514780488,1,0,0.003900095735320564,0.001163118665099646,2.197760986191972e-09,0.0
1786722034.8565524,2.620000703000187,0.0,0.0,-0.05586475633270993,0.05586475633270993,0.005063215279524604,1428.3797711105522,1,0,0.003900095735320564,0.0011748189523056076,8.791043944767889e-10,0.0
1786722034.8792803,2.640000999000222,0.0,0.0,-0.04957150157648016,0.04957150157648016,0.004049625474615919,1428.704119848123,1,0,0.0034607436706685537,0.0011852011833176134,-0.0005859371483582422,0.001953125
1786722034.8964074,2.6600008499999603,0.0,0.0,-0.04957150157648016,0.04957150157648016,0.0038256324946428703,1428.7757976017142,1,0,0.0034607436706685537,0.001195583414329619,-0.0008203123593432969,0.001953125
1786722034.917998,2.680000942999868,0.0,0.0,-0.04959611888153859,0.04959611888153859,0.0037439832533658034,1428.801925358923,1,0,0.0034624622827735033,0.0012059708011779395,-0.0009140624437373188,0.001953125
1786722034.9379466,2.7000009610001143,0.0,0.0,-0.04959611888153859,0.04959611888153859,0.0043028081064565155,1428.623101405934,1,0,0.0034624622827735033,0.00121635818802626,-0.00036562497749492755,0.0
1786722034.956221,2.720001052999578,0.0,0.0,-0.04959611888153859,0.04959611888153859,0.004532570479801792,1428.5495774464634,1,0,0.0034624622827735033,0.0012267455748745807,-0.00014624999099797104,0.0
1786722034.9791684,2.7400010530000145,0.0,0.0,-0.055843056141384295,0.055843056141384295,0.005066826354648176,1428.3786155665125,1,0,0.003898580776172784,0.0012384413172030991,-5.8499996399188415e-05,0.0
1786722034.996443,2.760000997000134,0.0,0.0,-0.055843056141384295,0.055843056141384295,0.005113622094816208,1428.363640929659,1,0,0.003898580776172784,0.0012501370595316176,-2.3399998559675367e-05,0.0
1786722035.017872,2.780000941000253,0.0,0.0,-0.055867226302495965,0.055867226302495965,0.005141045231849076,1428.3548655258082,1,0,0.0039002681717413288,0.0012618378640468415,-9.359999423870148e-06,0.0
1786722035.037798,2.8000006820002454,0.0,0.0,-0.055867226302495965,0.055867226302495965,0.005744299536018622,1428.1618241484741,1,0,0.0039002681717413288,0.0012735386685620656,0.000582193500230452,-0.001953125
1786722035.056192,2.820000921999963,0.0,0.0,-0.055867226302495965,0.055867226302495965,0.005992621740395575,1428.0823610430734,1,0,0.0039002681717413288,0.0012852394730772895,0.0008188149000921808,-0.001953125
1786722035.0790734,2.8400007179998283,0.0,0.0,-0.049620217813867384,0.049620217813867384,0.005076910138749077,1428.3753887556004,1,0,0.003464144705634915,0.0012956319071941941,0.0003275259600368723,0.0
1786722035.0961745,2.8600009029996727,0.0,0.0,-0.049620217813867384,0.049620217813867384,0.004890786996843858,1428.43494816101,1,0,0.003464144705634915,0.0013060243413110988,0.00013101038401474894,0.0
1786722035.1177247,2.8800008839998554,0.0,0.0,-0.0543406983076693,0.0543406983076693,0.005152124908123958,1428.3513200294003,1,0,0.0037936964132069596,0.0013174054305507197,5.2404153605899574e-05,0.0
1786722035.1376755,2.9000007169997843,0.0,0.0,-0.0543406983076693,0.0543406983076693,0.005132063505200039,1428.357739678336,1,0,0.0037936964132069596,0.0013287865197903405,2.0961661442359832e-05,0.0
1786722035.1560497,2.920000717000221,0.0,0.0,-0.0543406983076693,0.0543406983076693,0.005130867597574244,1428.3581223687763,1,0,0.0037936964132069596,0.0013401676090299616,8.384664576943933e-06,0.0
1786722035.1788723,2.9400009569999384,0.0,0.0,-0.044969896232373685,0.044969896232373685,0.0038970749890011947,1428.7529360035196,1,0,0.003139491014140455,0.001349586082072383,-0.0005825836341692224,0.001953125
1786722035.196066,2.9600010129997827,0.0,0.0,-0.044969896232373685,0.044969896232373685,0.0036701061425451495,1428.8255660343855,1,0,0.003139491014140455,0.0013590045551148044,-0.0008189709536676889,0.001953125
1786722035.2175794,2.980000882999775,0.0,0.0,-0.044969896232373685,0.044969896232373685,0.0035849696877881835,1428.8528096999078,1,0,0.003139491014140455,0.0013684230281572258,-0.0009135258814670755,0.001953125
1786722035.237679,3.0000009010000213,90.0,0.4,-0.044969896232373685,0.4449698962323737,0.03106475904604973,1420.059277105264,1,0,0.03106475904604973,9.31942771381492e-05,0.0,0.0
1786722035.2560294,3.0200008640003944,90.0,0.8,-0.044969896232373685,0.8449698962323737,0.05908322135509715,1411.093369166369,1,0,0.058990027077959,0.00027016435837202616,0.0,0.0
1786722035.2786841,3.040000807999604,90.0,1.2000000000000002,-0.046566327837325616,1.2465663278373258,0.08729691141939755,1402.0649883457927,1,0,0.08702674706102552,0.0005312445995551028,0.0,0.0
1786722035.2960148,3.0600006779995965,90.0,1.6,-0.046566327837325616,1.6465663278373257,0.11548325969248989,1393.0453568984033,1,0,0.11495201509293479,0.0008761006448339072,0.0,0.0
1786722035.3174622,3.0800008630003504,90.0,2.0,-0.04034274206162536,2.0403427420616254,0.14331889551741292,1384.1379534344278,1,0,0.14244279487257902,0.0013034290294516443,0.0,0.0
1786722035.337412,3.100000659000216,90.0,2.4,-0.04034274206162536,2.4403427420616253,0.17167149193393993,1375.0651225811391,1,0,0.1703680629044883,0.0018145332181651091,0.0,0.0
1786722035.3561268,3.120001287999912,90.0,2.8,-0.04034274206162536,2.840342742061625,0.20010786415456266,1365.96548347054,1,0,0.19829333093639756,0.002409413210974302,0.0,0.0
1786722035.3786707,3.140000991999841,90.0,3.1999999999999997,-0.03575721986388203,3.2357572198638818,0.2259641323381855,1357.6914776517806,1,0,0.2258984691272112,0.0030871086183559358,-0.00234375,0.0078125
1786722035.3960507,3.16000095399977,90.0,3.5999999999999996,-0.03575721986388203,3.635757219863882,0.2536295957774764,1348.8385293512076,1,0,0.2538237371591205,0.003848579829833297,-0.00328125,0.0078125
1786722035.4173453,3.180000731999826,90.0,3.9999999999999996,-0.020093699843187096,4.020093699843187,0.28084781503361034,1340.1286991892448,1,0,0.28065548520377703,0.0046905462854446274,-0.0036562499999999998,0.0078125
1786722035.437259,3.2000007320002624,90.0,4.3999999999999995,-0.020093699843187096,4.420093699843187,0.3094650495211309,1330.971184153238,1,0,0.3085807532356863,0.0056162885451516865,-0.0038062499999999997,0.0078125
1786722035.4560356,3.2200010650003605,90.0,4.8,-0.020093699843187096,4.820093699843187,0.33825605981274726,1321.758060859921,1,0,0.3365060212675956,0.006625806608954473,-0.00386625,0.0078125
1786722035.4791288,3.2400009530001626,90.0,5.2,0.02416814754843699,5.175831852451563,0.3588033485284629,1315.182928470892,1,0,0.36134122941950847,0.007709830297212999,-0.0091636875,0.025390625
1786722035.4960392,3.2600007310002184,90.0,5.6000000000000005,0.02416814754843699,5.5758318524515635,0.3856936652486308,1306.578027120438,1,0,0.3892664974514178,0.008877629789567252,-0.0112826625,0.025390625
1786722035.5177505,3.2800008049998723,90.0,6.000000000000001,0.12099943703933036,5.8790005629606705,0.40717904349062284,1299.7027060830007,1,0,0.4104316662010556,0.010108924788170418,-0.0121302525,0.025390625
1786722035.537694,3.3000006379998013,90.0,6.400000000000001,0.12099943703933036,6.279000562960672,0.42662157052113536,1293.4810974332368,1,0,0.4383569342329649,0.011423995590869313,-0.0218442885,0.056640625
1786722035.5560753,3.3200008410003647,90.0,6.800000000000002,0.12099943703933036,6.679000562960671,0.4519762949557435,1285.3675856141622,1,0,0.46628220226487416,0.012822842197663935,-0.025729902899999997,0.056640625
1786722035.578926,3.3400009329998284,90.0,7.200000000000002,0.32424156244030655,6.875758437559695,0.44915093676645446,1286.2717002347345,1,0,0.48001849322879053,0.014262897677350306,-0.04369039866,0.111328125
1786722035.59603,3.3600008029998207,90.0,7.600000000000002,0.32424156244030655,7.275758437559696,0.4713320619740502,1279.173740168304,1,0,0.5079437612606998,0.015786728961132406,-0.050874596964,0.111328125
1786722035.6177986,3.380000932999792,90.0,8.000000000000002,0.712189343157263,7.287810656842739,0.4708236175708781,1279.336442377319,1,0,0.5087851648953456,0.017313084455818445,-0.0537482762856,0.111328125
1786722035.6381552,3.4000011549997,90.0,8.400000000000002,0.712189343157263,7.68781065684274,0.47217264436883344,1278.9047538019734,1,0,0.536710432927255,0.018923215754600205,-0.08185087301424,0.201171875
1786722035.65616,3.4200012649998826,90.0,8.800000000000002,0.712189343157263,8.08781065684274,0.4904670050080685,1273.0505583974182,1,0,0.5646357009591643,0.020617122857477698,-0.093091911705696,0.201171875
1786722035.6785498,3.4400006539999595,90.0,9.200000000000003,1.3679004983255254,7.832099501674477,0.4369999902673064,1290.160003114462,1,0,0.5467836945921071,0.02225747394125402,-0.13040082718227838,0.310546875
1786722035.6962013,3.4600009320001845,90.0,9.600000000000003,1.3679004983255254,8.232099501674478,0.451642043192359,1285.474546178445,1,0,0.5747089626240164,0.02398160082912607,-0.14532439337291136,0.310546875
1786722035.7189314,3.4800007650001135,90.0,10.000000000000004,2.365881967958444,7.6341180320415605,0.3687356990599423,1310.474546178445,1,0,0.5329619805799808,0.025580486770866013,-0.18820788234916452,0.43359375
1786722035.7360277,3.5000009679997675,90.0,10.400000000000004,2.365881967958444,8.03411803204156,0.3811064574430902,1308.0459336182112,1,0,0.56088724861189,0.02726314851670168,-0.2053612779396658,0.43359375
1786722035.7560146,3.5200008009996964,90.0,10.800000000000004,2.365881967958444,8.43411803204156,0.4038530289846346,1300.7670307249168,1,0,0.5888125166437993,0.029029586066633077,-0.2122226361758663,0.43359375
1786722035.7788432,3.540001041999858,90.0,11.200000000000005,3.7209733208288753,7.47902667917113,0.2992829056804218,1325.7670307249168,1,0,0.5221345615841353,0.030595989751385486,-0.25188124197034656,0.556640625
1786722035.796022,3.560000688999935,90.0,11.600000000000005,3.7209733208288753,7.8790266791711305,0.3129111350792914,1329.8684367746268,1,0,0.5500598296160446,0.03224616924023362,-0.26774468428813863,0.556640625
1786722035.81865,3.580000818999906,90.0,12.000000000000005,5.401573237186653,6.598426762813352,0.1889303853761939,1354.8684367746268,1,0,0.46065708985121573,0.03362814050978727,-0.30397287371525544,0.65625
1786722035.8360066,3.6000006329995813,90.0,12.400000000000006,5.401573237186653,6.998426762813353,0.20374634890681015,1364.8011683498207,1,0,0.48858235788312504,0.03509388758343664,-0.3184641494861022,0.65625
1786722035.8563197,3.6200011139999333,90.0,12.800000000000006,5.401573237186653,7.398426762813353,0.22734085370403012,1357.2509268147103,1,0,0.5165076259150343,0.03664341046118175,-0.32426065979444085,0.65625
1786722035.8795931,3.640000706999672,90.0,13.200000000000006,7.341283503294761,5.858716496705245,0.09798596777706159,1382.2509268147103,1,0,0.40901557123365617,0.03787045717488271,-0.34767301391777633,0.7265625
1786722035.8960621,3.6600009470002988,90.0,13.600000000000007,7.341283503294761,6.2587164967052455,0.11777334087333768,1392.312530920532,1,0,0.4369408392655655,0.039181279692679406,-0.3570379555671105,0.7265625
1786722035.9185462,3.6800009649996355,90.0,14.000000000000007,9.451355863700968,4.548644136299039,-0.01166457331435694,1417.312530920532,1,1,0.3175552667198078,0.04013394549283882,-0.3684011197268442,0.751953125
1786722035.936126,3.700000724000347,90.0,14.400000000000007,9.451355863700968,4.948644136299039,0.012668094853818257,1425.9462096467782,1,0,0.3454805347517171,0.04013394549283882,-0.37294638539073766,0.751953125
1786722035.956061,3.720000798000001,90.0,14.800000000000008,9.451355863700968,5.34864413629904,0.03877525662017012,1417.5919178815457,1,0,0.3734058027836264,0.04125416290118971,-0.3747644916562951,0.751953125
1786722035.9786103,3.740000927999972,90.0,15.200000000000008,11.590130935594146,3.6098690644058617,-0.07870554330225021,1430.0,1,1,0.2520164029590781,0.04201021211006695,-0.37197610916251805,0.740234375
1786722035.9963026,3.7600011869999435,90.0,15.600000000000009,11.590130935594146,4.009869064405862,-0.04890887306395286,1430.0,1,1,0.27994167099098743,0.04201021211006695,-0.37086075616500724,0.740234375
1786722036.018517,3.780000796999957,90.0,16.000000000000007,13.67428681674437,2.325713183255637,-0.1543202428365395,1430.0,1,1,0.16236541001939647,0.04201021211006695,-0.3586958649660029,0.701171875
1786722036.0360155,3.8000007789996744,90.0,16.400000000000006,13.67428681674437,2.7257131832556354,-0.12152901832502858,1430.0,1,1,0.19029067805130565,0.04201021211006695,-0.35382990848640117,0.701171875
1786722036.0560167,3.8200010379996456,90.0,16.800000000000004,13.67428681674437,3.125713183255634,-0.09165736770127875,1430.0,1,1,0.21821594608321482,0.04201021211006695,-0.3518835258945605,0.701171875
1786722036.0805511,3.8400012780002726,90.0,17.200000000000003,15.640406569615152,1.5595934303848509,-0.18498022433700276,1430.0,1,1,0.10888016141075449,0.04201021211006695,-0.3358705978578242,0.650390625
1786722036.0964036,3.860001758999715,90.0,17.6,15.640406569615152,1.9595934303848495,-0.15064978509039906,1430.0,1,1,0.13680542944266366,0.04201021211006695,-0.32946542664312967,0.650390625
1786722036.120246,3.8800011849998555,90.0,18.0,17.449790867260134,0.5502091327398659,-0.22948911478377218,1430.0,1,1,0.03841184376341276,0.04201021211006695,-0.3099111706572519,0.59375
1786722036.1364017,3.9000014619996364,90.0,18.4,17.449790867260134,0.9502091327398646,-0.19374214435751186,1430.0,1,1,0.06633711179532194,0.04201021211006695,-0.30208946826290073,0.59375
1786722036.1561265,3.9200017399998615,90.0,18.799999999999997,17.449790867260134,1.350209132739863,-0.16268819536786222,1430.0,1,1,0.09426237982723111,0.04201021211006695,-0.2989607873051603,0.59375
1786722036.178776,3.940000757999769,90.0,19.199999999999996,19.089364255261188,0.11063574473880777,-0.22981120824764437,1430.0,1,1,0.007723832064352758,0.04201021211006695,-0.27954525242206407,0.533203125
1786722036.1958113,3.9600003870000364,90.0,19.599999999999994,19.089364255261188,0.5106357447388064,-0.19411972626249674,1430.0,1,1,0.03564910009626193,0.04201021211006695,-0.2717790384688256,0.533203125
1786722036.2178633,3.9800003500004095,90.0,19.999999999999993,20.550149145783905,-0.5501491457839123,-0.2451481216613175,1430.0,1,1,-0.0384076558838542,0.04201021211006695,-0.24875067788753025,0.466796875
1786722036.2359757,4.000000590999662,90.0,20.39999999999999,20.550149145783905,-0.1501491457839137,-0.2080115093968902,1430.0,1,1,-0.010482387851945026,0.04201021211006695,-0.23953933365501212,0.466796875
1786722036.2558026,4.020000350000373,90.0,20.79999999999999,20.550149145783905,0.24985085421608488,-0.17640170367197378,1430.0,1,1,0.01744288017996415,0.04201021211006695,-0.23585479596200487,0.466796875
1786722036.2778275,4.0400003490003655,90.0,21.19999999999999,21.829757920622995,-0.629757920623007,-0.21700022809627328,1430.0,1,1,-0.04396539682153828,0.04201021211006695,-0.21504504338480196,0.40234375
1786722036.295768,4.060000274999766,90.0,21.599999999999987,21.829757920622995,-0.22975792062300826,-0.18075105903348293,1430.0,1,1,-0.016040128789629102,0.04201021211006695,-0.20672114235392078,0.40234375
1786722036.3178105,4.080000330000075,90.0,21.999999999999986,22.915702949787203,-0.9157029497872173,-0.20480168310754637,1430.0,1,1,-0.06392812577604501,0.04201021211006695,-0.1828837694415683,0.333984375
1786722036.335798,4.100000403999729,90.0,22.399999999999984,22.915702949787203,-0.5157029497872189,-0.1673414659106962,1430.0,1,1,-0.036002857744135836,0.04201021211006695,-0.17334882027662732,0.333984375
1786722036.3558748,4.120000662999701,90.0,22.799999999999983,22.915702949787203,-0.11570294978722019,-0.13560221821281065,1430.0,1,1,-0.00807758971222666,0.04201021211006695,-0.16953484061065094,0.333984375
1786722036.378634,4.140000848000454,90.0,23.19999999999998,23.802230646875103,-0.6022306468751211,-0.14694891721173808,1430.0,1,1,-0.04204363057754465,0.04201021211006695,-0.14691549874426038,0.263671875
1786722036.395768,4.160000384999876,90.0,23.59999999999998,23.802230646875103,-0.2022306468751225,-0.10997591243327268,1430.0,1,1,-0.014118362545635477,0.04201021211006695,-0.13786776199770415,0.263671875
1786722036.418542,4.180000366000058,90.0,23.99999999999998,24.487449866821038,-0.48744986682105923,-0.1063470006467561,1430.0,1,1,-0.03403042045774139,0.04201021211006695,-0.11432679229908166,0.197265625
1786722036.4357698,4.200000402999649,90.0,24.399999999999977,24.487449866821038,-0.0874498668210606,-0.06900534473539793,1430.0,1,1,-0.006105152425832217,0.04201021211006695,-0.10491040441963266,0.197265625
1786722036.4558673,4.220000624999557,90.0,24.799999999999976,24.487449866821038,0.312550133178938,-0.03731352155170915,1430.0,1,1,0.021820115606076957,0.04201021211006695,-0.10114384926785305,0.197265625
1786722036.4785225,4.240000310000141,90.0,25.199999999999974,24.982054218156662,0.21794578184331215,-0.020145904161077977,1430.0,1,1,0.015215485935996293,0.04201021211006695,-0.07737160220714122,0.123046875
1786722036.4957864,4.260000401999605,90.0,25.599999999999973,24.982054218156662,0.6179457818433107,0.017288262695115922,1424.467755937563,1,0,0.04314075396790547,0.04201021211006695,-0.06786270338285649,0.123046875
1786722036.5179355,4.2800004020000415,90.0,25.99999999999997,25.272981205719958,0.7270187942800135,0.05038624249318655,1413.8764024021802,1,0,0.05075548673626221,0.04216247857027573,-0.0423794563531426,0.05078125
1786722036.5359893,4.300000715999886,90.0,26.39999999999997,25.272981205719958,1.127018794280012,0.08865707579719007,1401.629735744899,1,0,0.07868075476817138,0.04239852083458024,-0.03218615754125704,0.05078125
1786722036.5557988,4.3200003270003435,90.0,26.79999999999997,25.272981205719958,1.5270187942800106,0.12089570561815796,1391.3133742021894,1,0,0.10660602280008055,0.042718338902980484,-0.028108838016502817,0.05078125
1786722036.578637,4.340000623000378,90.0,27.199999999999967,25.355254952225863,1.8447450477741045,0.16436386597045222,1377.4035628894553,1,0,0.12878749977407286,0.04310470140230269,-0.007141972706601127,-0.013671875
1786722036.5958047,4.36000038200018,90.0,27.599999999999966,25.355254952225863,2.244745047774103,0.20106224262564426,1365.6600823597937,1,0,0.15671276780598203,0.043574839705720646,0.001244773417359549,-0.013671875
1786722036.6185381,4.380000363000363,90.0,27.999999999999964,25.246308711569924,2.7536912884300406,0.25799635483902067,1347.4411664515133,1,0,0.19224391826635617,0.04415157146051971,0.02217759686694382,-0.072265625
1786722036.6360087,4.400000548000207,90.0,28.399999999999963,25.246308711569924,3.153691288430039,0.29487148400556257,1335.6411251182199,1,0,0.22016918629826535,0.04481207901941451,0.03055072624677753,-0.072265625
1786722036.6559527,4.420000695999988,90.0,28.79999999999996,25.246308711569924,3.553691288430038,0.3268065113483001,1325.4219163685439,1,0,0.24809445433017452,0.045556362382405034,0.033899977998711014,-0.072265625
1786722036.6785443,4.440000380999663,90.0,29.19999999999996,24.995192166554403,4.204807833445557,0.3866516930109867,1306.2714582364842,1,0,0.2935509644290972,0.04643701527569233,0.047544366199484406,-0.11328125
1786722036.6958275,4.460000269000375,90.0,29.59999999999996,24.995192166554403,4.604807833445555,0.42091536921649253,1295.3070818507224,1,0,0.32147623246100643,0.04740144397307535,0.05300212147979376,-0.11328125
1786722036.7197185,4.480000657999881,90.0,29.999999999999957,24.660639425863366,5.339360574136592,0.47710216794442606,1277.3273062577837,1,0,0.37275768787943325,0.04851971703671365,0.056943036091917504,-0.119140625
1786722036.7360258,4.500000750000254,90.0,30.399999999999956,24.660639425863366,5.73936057413659,0.5077220748848231,1267.5289360368565,1,0,0.40068295591134245,0.04972176590444767,0.058519401936767,-0.119140625
1786722036.7569525,4.520000249999612,90.0,30.799999999999955,24.660639425863366,6.139360574136589,0.537479938122406,1258.0064198008301,1,0,0.4286082239432516,0.05100759057627743,0.05914994827470681,-0.119140625
1786722036.7775524,4.540000601999964,90.0,31.199999999999953,24.332314847540744,6.8676851524592095,0.5793177539891279,1244.6183187234792,1,0,0.4794548716029678,0.05244595519108634,0.048855291809882725,-0.083984375
1786722036.7957802,4.560000231000231,90.0,31.59999999999995,24.332314847540744,7.267685152459207,0.6045635240499163,1236.5396723040267,1,0,0.5073801396348769,0.05396809560999097,0.04473742922395309,-0.083984375
1786722036.8185124,4.5800002679998215,90.0,31.99999999999995,24.145402661288443,7.854597338711507,0.6178736572151724,1232.280429691145,1,0,0.5483543399156002,0.055613158629737765,0.015551221689581235,0.0078125
1786722036.8357544,4.600000342000385,90.0,32.39999999999995,24.145402661288443,8.254597338711505,0.6357695052530797,1226.5537583190144,1,0,0.5762796079475094,0.0573419974535803,0.003876738675832494,0.0078125
1786722036.8568485,4.620000359999722,90.0,32.79999999999995,24.145402661288443,8.654597338711504,0.6607538189033318,1218.5587779509337,1,0,0.6042048759794186,0.05915461208151856,-0.0007930545296670022,0.0078125
1786722036.8782763,4.640000377999968,90.0,33.199999999999946,24.281144168928876,8.91885583107107,0.6346159893211931,1226.9228834172181,1,0,0.6226535990515414,0.06102257287867319,-0.0471922218118668,0.15625
1786722036.8958423,4.660000396000214,90.0,33.599999999999945,24.281144168928876,9.318855831071069,0.6458495512373771,1223.3281436040393,1,0,0.6505788670834506,0.06297430947992354,-0.06575188872474672,0.15625
1786722036.9185214,4.680000377000397,90.0,33.99999999999994,24.884324757285412,9.11567524271453,0.5699427401016322,1247.6183231674777,1,0,0.6363941861116073,0.06488349203825836,-0.12942575548989868,0.34375
1786722036.9357865,4.700000376999924,90.0,34.39999999999994,24.884324757285412,9.51567524271453,0.5743076439858152,1246.2215539245392,1,0,0.6643194541435163,0.06687645040068892,-0.15489530219595948,0.34375
1786722036.9568107,4.7200003030002335,90.0,34.79999999999994,24.884324757285412,9.915675242714528,0.5940380516977306,1239.9078234567262,1,0,0.6922447221754255,0.06895318456721519,-0.16508312087838378,0.34375
1786722036.9782574,4.740000617000078,90.0,35.19999999999994,26.032047934231656,9.167952065768283,0.4794871705665507,1264.9078234567262,1,0,0.640043796850689,0.07087331595776726,-0.22950981085135352,0.544921875
1786722036.9959772,4.760000616999605,90.0,35.59999999999994,26.032047934231656,9.567952065768281,0.4835618939998241,1275.2601939200563,1,0,0.6679690648825982,0.07287722315241504,-0.2552804868405414,0.544921875
1786722037.0188081,4.780000708999978,90.0,35.999999999999936,27.752887781623485,8.24711221837645,0.3267955138846892,1300.2601939200563,1,0,0.5757570479684907,0.07460449429632053,-0.3218387572362166,0.732421875
1786722037.0357916,4.800000283000372,90.0,36.399999999999935,27.752887781623485,8.64711221837645,0.3298247449022337,1324.4560816312853,1,0,0.6036823160003998,0.07641554124432172,-0.34846206539448665,0.732421875
1786722037.0568237,4.820000374999836,90.0,36.79999999999993,29.979467016436132,6.820532983563801,0.19346718180276956,1349.4560816312853,1,0,0.4761630292162425,0.07784403033197045,-0.3591113886577947,0.732421875
1786722037.077469,4.840000356999553,90.0,37.19999999999993,29.979467016436132,7.2205329835638,0.17461589711700415,1374.1229129225587,1,0,0.5040882972481516,0.0793562952237149,-0.4073164304631179,0.87890625
1786722037.0958216,4.860000263999609,90.0,37.59999999999993,29.979467016436132,7.620532983563798,0.18477141331852853,1370.8731477380709,1,0,0.5320135652800608,0.08095233591955507,-0.4265984471852472,0.87890625
1786722037.1185327,4.880000393000046,90.0,37.99999999999993,32.56041749432592,5.439582505674011,0.0053018306770347134,1395.8731477380709,1,0,0.3797544986315785,0.08209159941544981,-0.4554050038740989,0.94921875
1786722037.1357675,4.900000263000038,90.0,38.39999999999993,32.56041749432592,5.839582505674009,0.022843739529297913,1420.8731477380709,1,0,0.40767976666348765,0.08331463871544027,-0.46692762654963954,0.94921875
1786722037.1568007,4.920000336999692,90.0,38.799999999999926,35.275909795964026,3.524090204035901,-0.1421941281135946,1430.0,1,1,0.2460279087908209,0.08405272244181274,-0.4715366756198558,0.94921875
1786722037.178483,4.94000066999979,90.0,39.199999999999925,35.275909795964026,3.9240902040358994,-0.11596033348339951,1430.0,1,1,0.27395317682273007,0.08405272244181274,-0.4739662327479423,0.951171875
1786722037.1965082,4.960000336999656,90.0,39.59999999999992,35.275909795964026,4.3240902040358975,-0.08900688830272496,1430.0,1,1,0.3018784448546392,0.08405272244181274,-0.4749380555991769,0.951171875
1786722037.2186208,4.980000391999965,90.0,39.99999999999992,37.962428087054946,2.0375719129449763,-0.23144658278966163,1430.0,1,1,0.14224935450819642,0.08405272244181274,-0.45774865973967077,0.892578125
1786722037.2357771,5.000000353999894,90.0,40.39999999999992,37.962428087054946,2.437571912944975,-0.19664555641394998,1430.0,1,1,0.1701746225401056,0.08405272244181274,-0.45087290139586833,0.892578125
1786722037.2568183,5.020000262000394,90.0,40.79999999999992,40.444912678681135,0.3550873213187842,-0.3392801040601352,1430.0,1,1,0.02478977155639935,0.08405272244181274,-0.4481225980583473,0.892578125
1786722037.2781358,5.0400003719996675,90.0,41.19999999999992,40.444912678681135,0.7550873213187828,-0.28623127719321767,1430.0,1,1,0.052715039588308525,0.08405272244181274,-0.4229990392233389,0.8125
1786722037.297202,5.060000391000358,90.0,41.599999999999916,40.444912678681135,1.1550873213187813,-0.24825658562730515,1430.0,1,1,0.08064030762021769,0.08405272244181274,-0.4129496156893356,0.8125
1786722037.3191464,5.08000026100035,90.0,41.999999999999915,42.70056710436543,-0.7005671043655184,-0.34741874674328566,1430.0,1,1,-0.048908810409364144,0.08405272244181274,-0.38256265877573425,0.724609375
1786722037.337095,5.100000335000004,90.0,42.39999999999991,42.70056710436543,-0.3005671043655198,-0.3073386959459359,1430.0,1,1,-0.02098354237745497,0.08405272244181274,-0.3704078760102937,0.724609375
1786722037.3575218,5.120000390000314,90.0,42.79999999999991,44.69360522867055,-1.893605228670637,-0.41369182435543567,1430.0,1,1,-0.13219858389313097,0.08405272244181274,-0.36554596290411745,0.724609375
1786722037.3796313,5.140000649000285,90.0,43.19999999999991,44.69360522867055,-1.4936052286706387,-0.355696791081056,1430.0,1,1,-0.10427331586122181,0.08405272244181274,-0.33547619766164694,0.630859375
1786722037.3969166,5.160000277999643,90.0,43.59999999999991,44.69360522867055,-1.09360522867064,-0.31574361695215863,1430.0,1,1,-0.07634804782931262,0.08405272244181274,-0.32344829156465876,0.630859375
1786722037.4191425,5.18000027800008,90.0,43.99999999999991,46.41085549558116,-2.4108554955812522,-0.3747688714348206,1430.0,1,1,-0.16830946475076983,0.08405272244181274,-0.29051212912586355,0.537109375
1786722037.4369462,5.20000031499967,90.0,44.399999999999906,46.41085549558116,-2.0108554955812536,-0.3336691384273934,1430.0,1,1,-0.14038419671886065,0.08405272244181274,-0.27733766415034544,0.537109375
1786722037.4576216,5.22000048100017,90.0,44.799999999999905,47.860179522300655,-3.06017952230075,-0.4016559891833467,1430.0,1,1,-0.2136408334650213,0.08405272244181274,-0.27206787816013817,0.537109375
1786722037.4778893,5.240000388000226,90.0,45.1999999999999,47.860179522300655,-2.6601795223007514,-0.3417399942553547,1430.0,1,1,-0.18571556543311213,0.08405272244181274,-0.24007715126405527,0.4375
1786722037.496939,5.260000295000282,90.0,45.5999999999999,47.860179522300655,-2.260179522300753,-0.30101843546501234,1430.0,1,1,-0.15779029740120296,0.08405272244181274,-0.22728086050562213,0.4375
1786722037.5189598,5.280000331999872,90.0,45.9999999999999,49.018705389201614,-3.0187053892017133,-0.31780032701750327,1430.0,1,1,-0.2107453927570671,0.08405272244181274,-0.19110765670224886,0.333984375
1786722037.5368707,5.300000275999992,90.0,46.3999999999999,49.018705389201614,-2.6187053892017147,-0.2754057774642447,1430.0,1,1,-0.18282012472515793,0.08405272244181274,-0.17663837518089953,0.333984375
1786722037.557494,5.320000405999963,90.0,46.7999999999999,49.8865719739573,-3.0865719739574047,-0.3022813143118966,1430.0,1,1,-0.21548337418134952,0.08405272244181274,-0.1708506625723598,0.333984375
1786722037.5787113,5.340000516000146,90.0,47.199999999999896,49.8865719739573,-2.686571973957406,-0.24157221123657152,1430.0,1,1,-0.18755810614944035,0.08405272244181274,-0.13806682752894392,0.232421875
1786722037.5968573,5.360000478999609,90.0,47.599999999999895,49.8865719739573,-2.2865719739574075,-0.200533409187296,1430.0,1,1,-0.15963283811753118,0.08405272244181274,-0.12495329351157757,0.232421875
1786722037.6188953,5.380000275000384,90.0,47.99999999999989,50.4567596746906,-2.4567596746907086,-0.17728652597712896,1430.0,1,1,-0.17151418101431068,0.08405272244181274,-0.08982506740463103,0.1328125
1786722037.6371453,5.400000867000017,90.0,48.39999999999989,50.4567596746906,-2.05675967469071,-0.13530996750244118,1430.0,1,1,-0.1435889129824015,0.08405272244181274,-0.07577377696185242,0.1328125
1786722037.6583352,5.420000385999629,90.0,48.79999999999989,50.73311390826052,-1.93311390826063,-0.12105734840390263,1430.0,1,1,-0.1349568100609744,0.08405272244181274,-0.07015326078474096,0.1328125
1786722037.6778638,5.440000329999748,90.0,49.19999999999989,50.73311390826052,-1.5331139082606313,-0.05807137390114888,1430.0,1,1,-0.10703154202906523,0.08405272244181274,-0.035092554313896386,0.0234375
1786722037.6969056,5.460000478000438,90.0,49.59999999999989,50.73311390826052,-1.1331139082606327,-0.016121823280901875,1430.0,1,1,-0.07910627399715606,0.08405272244181274,-0.021068271725558554,0.0234375
1786722037.7189388,5.480000329000177,90.0,49.999999999999886,50.71584657929674,-0.7158465792968514,0.04615770726011439,1415.2295336767634,1,0,-0.049975518991474926,0.08405272244181274,0.012080503809776579,-0.068359375
1786722037.7369032,5.500000422000085,90.0,50.399999999999885,50.71584657929674,-0.3158465792968528,0.08734248550615761,1402.0504046380295,1,0,-0.02205025095956575,0.08398657168893404,0.02534001402391063,-0.068359375
1786722037.7575092,5.52000034699995,90.0,50.79999999999988,50.45000977793845,0.34999022206143593,0.13906431669753092,1385.49941865679,1,0,0.02443392689903261,0.08405987346963113,0.030643818109564253,-0.068359375
1786722037.7786777,5.540000291999604,90.0,51.19999999999988,50.45000977793845,0.7499902220614345,0.1908640956443986,1368.9234893937924,1,0,0.05235919493094179,0.08421695105442395,0.054445027243825696,-0.140625
1786722037.7968743,5.560000421000041,90.0,51.59999999999988,50.45000977793845,1.149990222061433,0.2284669249148052,1356.8905840272623,1,0,0.08028446296285095,0.0844578044433125,0.06396551089753028,-0.140625
1786722037.8189187,5.580000439000287,90.0,51.99999999999988,49.98421893841697,2.0157810615829064,0.3122955123981978,1331.8905840272623,1,0,0.14072806609587318,0.08487998864160012,0.08710964185901211,-0.205078125
1786722037.8368454,5.60000029099956,90.0,52.39999999999988,49.98421893841697,2.415781061582905,0.3499006170129873,1318.031802555844,1,0,0.16865333412778236,0.08538594864398347,0.09636729424360485,-0.205078125
1786722037.8581963,5.62000034599987,90.0,52.799999999999876,49.35749263903921,3.4425073609606684,0.4257886557330437,1293.747630165426,1,0,0.24033235189161828,0.08610694569965834,0.10007035519744195,-0.205078125
1786722037.880435,5.640000567999778,90.0,53.199999999999875,49.35749263903921,3.8425073609606666,0.4682208327021625,1280.169333535308,1,0,0.2682576199235274,0.08691171855942892,0.11385626707897678,-0.24609375
1786722037.8970742,5.660000568000214,90.0,53.59999999999987,49.35749263903921,4.242507360960666,0.5024652383464563,1269.211123729134,1,0,0.2961828879554366,0.08780026722329523,0.11937063183159072,-0.24609375
1786722037.9197755,5.680000530000143,90.0,53.99999999999987,48.62554522972084,5.37445477027903,0.5892718699194697,1244.211123729134,1,0,0.3752077249635382,0.08892589039818584,0.12626387773263628,-0.26171875
1786722037.936865,5.700000345000262,90.0,54.39999999999987,48.62554522972084,5.7744547702790285,0.6210800594866878,1231.2543809642598,1,0,0.4031329929954474,0.09013528937717219,0.12902117609305452,-0.26171875
1786722037.9575284,5.720000381999853,90.0,54.79999999999987,47.90401610881173,6.895983891188138,0.7016898810772876,1206.2543809642598,1,0,0.4814304962628935,0.09157958086596087,0.1301240954372218,-0.26171875
1786722037.979043,5.740000343999782,90.0,55.19999999999987,47.90401610881173,7.295983891188136,0.7162662333356522,1200.7948053325913,1,0,0.5093557642948027,0.09310764815884527,0.11533088817488872,-0.2109375
1786722037.9970229,5.76000054799988,90.0,55.599999999999866,47.90401610881173,7.695983891188135,0.7398022857555127,1193.263268558236,1,0,0.5372810323267119,0.09471949125582542,0.10941360526995549,-0.2109375
1786722038.019052,5.780000343999745,90.0,55.999999999999865,47.413055558520455,8.58694444147941,0.7567167461223727,1187.8506412408408,1,0,0.599481812758565,0.09651793669410112,0.0625154421079822,-0.0625
1786722038.0369043,5.800000342999738,90.0,56.399999999999864,47.413055558520455,8.986944441479409,0.7676811943277682,1184.342017815114,1,0,0.6274070807904741,0.09840015793647255,0.043756176843192884,-0.0625
1786722038.057899,5.820000288000301,90.0,56.79999999999986,47.413055558520455,9.386944441479407,0.789984977496133,1177.2048072012376,1,0,0.6553323488223833,0.1003661549829397,0.03625247073727715,-0.0625
1786722038.077819,5.8400003610004205,90.0,57.19999999999986,47.413055558520455,9.786944441479406,0.750663822632143,1189.7875767577143,1,0,0.6832576168542925,0.10241592783350259,-0.03295994920508914,0.158203125
1786722038.0969193,5.860000564999609,90.0,57.59999999999986,47.413055558520455,10.186944441479405,0.7529538955376687,1189.054753427946,1,0,0.7111828848862017,0.1045494764881612,-0.06064491718203566,0.158203125
1786722038.1189034,5.88000034200013,90.0,57.99999999999986,48.092793288150745,9.907206711849113,0.6442106418051394,1214.054753427946,1,0,0.6916535071897926,0.10662443700973058,-0.15199234187281424,0.42578125
1786722038.1368358,5.900000360999911,90.0,58.39999999999986,48.092793288150745,10.307206711849112,0.6376719004823066,1225.944991845662,1,0,0.7195787752217018,0.10878317333539568,-0.18853131174912569,0.42578125
1786722038.1578987,5.92000032299984,90.0,58.799999999999855,49.54844613449151,9.251553865508342,0.5515165771506623,1250.944991845662,1,0,0.6458803035149169,0.11072081424594044,-0.20314689969965027,0.42578125
1786722038.1786752,5.940000489999875,90.0,59.199999999999854,49.54844613449151,9.65155386550834,0.49291606341290634,1272.26685970787,1,0,0.6738055715468261,0.1127422309605809,-0.2916103223798601,0.701171875
1786722038.1968777,5.96000028599974,90.0,59.59999999999985,49.54844613449151,10.051553865508339,0.4874773790873721,1274.007238692041,1,0,0.7017308395787353,0.11484742347931712,-0.32699569145194407,0.701171875
1786722038.2189255,5.980000266999923,90.0,59.99999999999985,51.763226208183795,8.236773791816056,0.28252193653521207,1299.007238692041,1,0,0.5750352896366726,0.11657252934822712,-0.40736077658077763,0.921875
1786722038.2369375,6.000000433000423,90.0,60.39999999999985,51.763226208183795,8.636773791816054,0.2800262763844978,1324.007238692041,1,0,0.6029605576685817,0.11838141102123287,-0.43950681063231106,0.921875
1786722038.2579052,6.02000032199976,90.0,60.79999999999985,54.52359992669969,6.2764000733001595,0.10419157257431338,1349.007238692041,1,0,0.4381753858060049,0.11969593717865089,-0.4523652242529244,0.921875
1786722038.277837,6.0400003029999425,90.0,61.19999999999985,54.52359992669969,6.676400073300158,0.08668643881539512,1374.007238692041,1,0,0.46610065383791405,0.12109423914016462,-0.4991101522011698,1.060546875
1786722038.2968497,6.0600003400004425,90.0,61.599999999999845,54.52359992669969,7.076400073300157,0.09731203762952001,1398.8601479585536,1,0,0.49402592186982325,0.1225763169057741,-0.5178081233804679,1.060546875
1786722038.318942,6.080000840000139,90.0,61.999999999999844,57.62418965620225,4.375810343797596,-0.11304211567804073,1423.8601479585536,1,1,0.30548919176837236,0.12349278448107921,-0.5411076243521872,1.11328125
1786722038.3368626,6.100000358000216,90.0,62.39999999999984,57.62418965620225,4.775810343797595,-0.09352018045951421,1430.0,1,1,0.3334144598002815,0.12349278448107921,-0.5504274247408749,1.11328125
1786722038.3587508,6.120000468999933,90.0,62.79999999999984,60.79924054769492,2.0007594523049193,-0.29098320048279364,1430.0,1,1,0.13967935993247715,0.12349278448107921,-0.55415534489635,1.11328125
1786722038.3794777,6.14000059800037,90.0,63.19999999999984,60.79924054769492,2.4007594523049183,-0.25458816301307446,1430.0,1,1,0.16760462796438635,0.12349278448107921,-0.54568557545854,1.080078125
1786722038.3968525,6.160000265000235,90.0,63.59999999999984,60.79924054769492,2.800759452304917,-0.22327498720604128,1430.0,1,1,0.19552989599629553,0.12349278448107921,-0.542297667683416,1.080078125
1786722038.4189496,6.180000411999572,90.0,63.99999999999984,63.83561644299621,0.1643835570036245,-0.3796063953688751,1430.0,1,1,0.011476137223412128,0.12349278448107921,-0.5145753170733665,0.9921875
1786722038.4368618,6.20000024500041,90.0,64.39999999999984,63.83561644299621,0.5643835570036231,-0.3405921870929461,1430.0,1,1,0.0394014052553213,0.12349278448107921,-0.5034863768293466,0.9921875
1786722038.4578922,6.220000264000191,90.0,64.79999999999984,66.57994480539713,-1.7799448053972924,-0.4998216056824694,1430.0,1,1,-0.12426358943180996,0.12349278448107921,-0.4990508007317387,0.9921875
1786722038.4779148,6.240000540999972,90.0,65.19999999999985,66.57994480539713,-1.3799448053972867,-0.4408252322115166,1430.0,1,1,-0.09633832139990028,0.12349278448107921,-0.4679796952926955,0.89453125
1786722038.496871,6.260000336999838,90.0,65.59999999999985,66.57994480539713,-0.979944805397281,-0.4004715220039896,1430.0,1,1,-0.06841305336799061,0.12349278448107921,-0.4555512531170782,0.89453125
1786722038.5188768,6.280000374000338,90.0,65.99999999999986,69.04727928656797,-3.047279286568113,-0.5081866938795017,1430.0,1,1,-0.21274022711374954,0.12349278448107921,-0.4189392512468313,0.7890625
1786722038.5369096,6.300000410999928,90.0,66.39999999999986,69.04727928656797,-2.647279286568107,-0.46561662509949314,1430.0,1,1,-0.18481495908183987,0.12349278448107921,-0.40429445049873247,0.7890625
1786722038.5596118,6.320000632999836,90.0,66.79999999999987,71.21037560784072,-4.410375607840848,-0.5828460481442899,1430.0,1,1,-0.30790230242587613,0.12349278448107921,-0.398436530199493,0.7890625
1786722038.578779,6.3400003180004205,90.0,67.19999999999987,71.21037560784072,-4.010375607840842,-0.5191791744926845,1430.0,1,1,-0.2799770343939665,0.12349278448107921,-0.3626949245797972,0.677734375
1786722038.5969784,6.3600005210000745,90.0,67.59999999999988,71.21037560784072,-3.610375607840837,-0.47695726421289647,1430.0,1,1,-0.25205176636205684,0.12349278448107921,-0.34839828233191883,0.677734375
1786722038.618925,6.380000391000067,90.0,67.99999999999989,73.0676622129316,-5.067662212931708,-0.5407498424299294,1430.0,1,1,-0.3537895639782411,0.12349278448107921,-0.31045306293276753,0.5703125
1786722038.6371403,6.40000155800044,90.0,68.39999999999989,73.0676622129316,-4.6676622129317025,-0.49764648663835925,1430.0,1,1,-0.32586429594633143,0.12349278448107921,-0.295274975173107,0.5703125
1786722038.6569128,6.420000557000094,90.0,68.7999999999999,74.6149062314177,-5.814906231417808,-0.5716679933200679,1430.0,1,1,-0.40595703773190434,0.12349278448107921,-0.2892037400692428,0.5703125
1786722038.6778865,6.440000372000213,90.0,69.1999999999999,74.6149062314177,-5.4149062314178025,-0.5085017312466127,1430.0,1,1,-0.3780317696999947,0.12349278448107921,-0.25396274602769714,0.4609375
1786722038.6968894,6.460000297999613,90.0,69.59999999999991,74.6149062314177,-5.014906231417797,-0.46648006559808464,1430.0,1,1,-0.350106501668085,0.12349278448107921,-0.23986634841107884,0.4609375
1786722038.7189445,6.480000278999796,90.0,69.99999999999991,75.8365855557671,-5.836585555767186,-0.4836352324732744,1430.0,1,1,-0.40747054008992206,0.12349278448107921,-0.19965747686443153,0.345703125
1786722038.7368484,6.5000002779997885,90.0,70.39999999999992,75.8365855557671,-5.436585555767181,-0.43962641582270584,1430.0,1,1,-0.3795452720580124,0.12349278448107921,-0.18357392824577262,0.345703125
1786722038.757879,6.520000278000225,90.0,70.79999999999993,76.7373308222542,-5.937330822254268,-0.4681516108311466,1430.0,1,1,-0.41450388651391673,0.12349278448107921,-0.17714050879830906,0.345703125
1786722038.7786603,6.540000240999689,90.0,71.19999999999993,76.7373308222542,-5.537330822254262,-0.4048404750202515,1430.0,1,1,-0.3865786184820071,0.12349278448107921,-0.1417546410193236,0.236328125
1786722038.7968996,6.560000278000189,90.0,71.59999999999994,76.7373308222542,-5.137330822254256,-0.36276085987674767,1430.0,1,1,-0.3586533504500974,0.12349278448107921,-0.12760029390772945,0.236328125
1786722038.8189397,6.5800003140002445,90.0,71.99999999999994,77.31742490284984,-5.317424902849893,-0.3345158097110936,1430.0,1,1,-0.371226289129081,0.12349278448107921,-0.08678230506309179,0.119140625
1786722038.8368573,6.600000407000152,90.0,72.39999999999995,77.31742490284984,-4.917424902849888,-0.2902633461413288,1430.0,1,1,-0.3433010210971713,0.12349278448107921,-0.07045510952523672,0.119140625
1786722038.857889,6.620000277000145,90.0,72.79999999999995,77.56436337078719,-4.764363370787237,-0.2730467571556263,1430.0,1,1,-0.33261531032661085,0.12349278448107921,-0.0639242313100947,0.119140625
1786722038.8779218,6.640000295000391,90.0,73.19999999999996,77.56436337078719,-4.364363370787231,-0.20969663783765982,1430.0,1,1,-0.30469004229470115,0.12349278448107921,-0.02849938002403788,0.009765625
1786722038.8968587,6.660000406000108,90.0,73.59999999999997,77.56436337078719,-3.964363370787226,-0.16760142929132746,1430.0,1,1,-0.2767647742627915,0.12349278448107921,-0.014329439509615153,0.009765625
1786722038.9188926,6.680000350000228,90.0,73.99999999999997,77.50293982909807,-3.5029398290980964,-0.10276688789080385,1430.0,1,1,-0.244551334068037,0.12349278448107921,0.018291661696153937,-0.080078125
1786722038.9368615,6.700000404999628,90.0,74.39999999999998,77.50293982909807,-3.1029398290980907,-0.06179317937658654,1430.0,1,1,-0.21662606603612733,0.12349278448107921,0.031340102178461574,-0.080078125
1786722038.9578936,6.720000330999937,90.0,74.79999999999998,77.22423407864005,-2.424234078640069,-0.009191203192817535,1430.0,1,1,-0.16924346604528137,0.12349278448107921,0.036559478371384624,-0.080078125
1786722038.9786727,6.7400003680004374,90.0,75.19999999999999,77.22423407864005,-2.024234078640063,0.04074369031626136,1416.9620190987964,1,0,-0.1413181980133717,0.12349278448107921,0.05856910384855385,-0.146484375
1786722038.996999,6.760000590000345,90.0,75.6,77.22423407864005,-1.6242340786400575,0.07747280853903872,1405.2087012675076,1,0,-0.11339292998146203,0.12315260569113483,0.06737295403942153,-0.146484375
1786722039.0185487,6.78000029299983,90.0,76.0,76.76550815201875,-0.7655081520187537,0.15759673649256534,1380.2087012675076,1,0,-0.053442550814338116,0.12299227803869182,0.08788668161576861,-0.203125
1786722039.0368917,6.800000404000457,90.0,76.4,76.76550815201875,-0.365508152018748,0.19356716790257084,1368.0585062711773,1,0,-0.025517282782428444,0.12291572619034453,0.09609217264630744,-0.203125
1786722039.057903,6.820000329999857,90.0,76.80000000000001,76.13702570845243,0.6629742915475845,0.26857443222319616,1344.0561816885772,1,0,0.04628433697432865,0.12305457920126753,0.09937436905852298,-0.203125
1786722039.0779288,6.84000031100004,90.0,77.20000000000002,76.13702570845243,1.0629742915475902,0.31377174433091504,1329.5930418141072,1,0,0.07420960500623831,0.12327720801628624,0.11650756012340918,-0.255859375
1786722039.0968983,6.8600002920002225,90.0,77.60000000000002,76.13702570845243,1.4629742915475958,0.3487729176037979,1318.3926663667846,1,0,0.10213487303814799,0.12358361263540067,0.12336083654936367,-0.255859375
1786722039.1189291,6.880000346999623,90.0,78.00000000000003,75.36148217128107,2.6385178287189603,0.44795155369001677,1293.3926663667846,1,0,0.18420329393487062,0.12413622251720528,0.14016464711974547,-0.302734375
1786722039.1368608,6.900000255000123,90.0,78.40000000000003,75.36148217128107,3.038517828718966,0.4831509558318837,1275.3916941337973,1,0,0.2121285619667803,0.12477260820310562,0.1468861713478982,-0.302734375
1786722039.1586726,6.920000310000432,90.0,78.80000000000004,74.48573220744808,4.314267792551959,0.5755401004133824,1250.3916941337973,1,0,0.3011927111711175,0.12567618633661898,0.14957478103915928,-0.302734375
1786722039.1786773,6.940000569000404,90.0,79.20000000000005,74.48573220744808,4.714267792551965,0.60837407795531,1235.320295054301,1,0,0.3291179792030272,0.12666354027422805,0.1535799124156637,-0.3125
1786722039.1968598,6.960000271999888,90.0,79.60000000000005,74.48573220744808,5.114267792551971,0.6388887524754304,1225.5555992078623,1,0,0.35704324723493686,0.12773467001593286,0.1551819649662655,-0.3125
1786722039.2189624,6.980000290999669,90.0,80.00000000000006,73.62105385242685,6.3789461475732026,0.7148294083326809,1201.254589333542,1,0,0.4453344523302419,0.12907067337292358,0.1417602859865062,-0.265625
1786722039.2368522,7.000000289999662,90.0,80.40000000000006,73.62105385242685,6.778946147573208,0.7387220081296776,1193.6089573985032,1,0,0.4732597203621516,0.13049045253401004,0.13639161439460248,-0.265625
1786722039.258655,7.020000270999844,90.0,80.80000000000007,72.96809833848764,7.831901661512432,0.8115044810350767,1170.3185660687755,1,0,0.5467698827432256,0.1321307621822397,0.134244145757841,-0.265625
1786722039.2778418,7.040000271000281,90.0,81.20000000000007,72.96809833848764,8.231901661512438,0.7980235712605115,1174.6324571966363,1,0,0.5746951507751353,0.13385484763456512,0.09119765830313639,-0.125
1786722039.29687,7.060000307999871,90.0,81.60000000000008,72.96809833848764,8.631901661512444,0.8104543297628647,1170.6546144758834,1,0,0.602620418807045,0.13566270889098625,0.07397906332125456,-0.125
1786722039.318886,7.080000437000308,90.0,82.00000000000009,72.8041720387576,9.195827961242486,0.7750176732020435,1181.994344575346,1,0,0.6419899014825555,0.13758867859543392,-0.0026349371714981737,0.107421875
1786722039.3369877,7.100000622000152,90.0,82.40000000000009,72.8041720387576,9.595827961242492,0.7742233107412998,1182.248540562784,1,0,0.6699151695144652,0.13959842410397733,-0.03328053736859927,0.107421875
1786722039.3586729,7.120000437000272,90.0,82.8000000000001,73.36277543257228,9.437224567427819,0.7529022104633899,1189.0712926517153,1,0,0.6588425638068522,0.14157495179539786,-0.045538777447439706,0.107421875
1786722039.3787644,7.140000659000179,90.0,83.2000000000001,73.36277543257228,9.837224567427825,0.6923538351551838,1208.446772750341,1,0,0.6867678318387619,0.14363525529091414,-0.13598894847897589,0.392578125
1786722039.3968992,7.160000603000299,90.0,83.60000000000011,73.36277543257228,10.23722456742783,0.6861593382699953,1210.4290117536016,1,0,0.7146930998706715,0.14577933459052617,-0.17216901689159037,0.392578125
1786722039.419015,7.180000399000164,90.0,84.00000000000011,74.75475127475673,9.245248725243385,0.5155159120191127,1235.4290117536016,1,0,0.6454401216852227,0.14771565495558184,-0.2757035442566361,0.689453125
1786722039.4368691,7.20000030600022,90.0,84.40000000000012,74.75475127475673,9.645248725243391,0.5039636894700597,1260.4290117536016,1,0,0.6733653897171323,0.14973575112473322,-0.31711735520265444,0.689453125
1786722039.4579074,7.220000379999874,90.0,84.80000000000013,76.98080654427719,7.819193455722938,0.36193555415470635,1285.4290117536016,1,0,0.5458826826110349,0.15137339917256634,-0.3336828795810618,0.689453125
1786722039.477862,7.240000361000057,90.0,85.20000000000013,76.98080654427719,8.219193455722944,0.3081144479830863,1310.4290117536016,1,0,0.5738079506429447,0.15309482302449517,-0.4170669018324247,0.9453125
1786722039.4969025,7.260000471999774,90.0,85.60000000000014,76.98080654427719,8.61919345572295,0.3044075309663796,1332.5895900907585,1,0,0.6017332186748543,0.15490002268051972,-0.45042051073296985,0.9453125
1786722039.519345,7.280000286999893,90.0,86.00000000000014,79.85995456013114,6.140045439868999,0.06823160497844183,1357.5895900907585,1,0,0.4286560365911101,0.15618599079029305,-0.515324454293188,1.1171875
1786722039.5368497,7.300000268000076,90.0,86.40000000000015,79.85995456013114,6.540045439869004,0.07148126369603769,1382.5895900907585,1,0,0.4565813046230198,0.1575557347041621,-0.5412860317172752,1.1171875
1786722039.5579357,7.320000360000449,90.0,86.80000000000015,83.15667009671233,3.6433299032878215,-0.1397625177877918,1407.5895900907585,1,1,0.25435241019495625,0.158318791934747,-0.5516706626869101,1.1171875
1786722039.578036,7.340000563999638,90.0,87.20000000000016,83.15667009671233,4.043329903287827,-0.13690773241315124,1430.0,1,1,0.2822776782268659,0.158318791934747,-0.5775042025747641,1.189453125
1786722039.5968773,7.360000360000413,90.0,87.60000000000016,83.15667009671233,4.443329903287832,-0.11931588033638307,1430.0,1,1,0.3102029462587756,0.158318791934747,-0.5878376185299057,1.189453125
1786722039.6189327,7.380000303999623,90.0,88.00000000000017,86.58801268382462,1.411987316175555,-0.32980344482256874,1430.0,1,1,0.09857531065464649,0.158318791934747,-0.5866975474119622,1.171875
1786722039.6371489,7.400001525999869,90.0,88.40000000000018,86.58801268382462,1.8119873161755604,-0.3014221483434818,1430.0,1,1,0.12650057868655615,0.158318791934747,-0.5862415189647849,1.171875
1786722039.6587377,7.420000414000242,90.0,88.80000000000018,89.89635260182911,-1.0963526018289258,-0.5042801663100516,1430.0,1,1,-0.07653985065888465,0.158318791934747,-0.586059107585914,1.171875
1786722039.6778805,7.440000395999959,90.0,89.20000000000019,89.89635260182911,-0.6963526018289201,-0.45225849622659353,1430.0,1,1,-0.048614582626974975,0.158318791934747,-0.5619627055343656,1.091796875
1786722039.6968524,7.460000357999888,90.0,89.6000000000002,89.89635260182911,-0.29635260182891443,-0.4146946673740646,1430.0,1,1,-0.020689314595065303,0.158318791934747,-0.5523241447137462,1.091796875
1786722039.7190666,7.4800003210002615,90.0,90.0,92.94336609023719,-2.943366090237191,-0.5651668959155176,1430.0,1,1,-0.20548571746476604,0.158318791934747,-0.5179999703854985,0.990234375
1786722039.7369332,7.500000338999598,90.0,90.0,92.94336609023719,-2.943366090237191,-0.5514372261842184,1430.0,1,1,-0.20548571746476604,0.158318791934747,-0.5042703006541994,0.990234375
1786722039.758674,7.520000339000035,90.0,90.0,95.69886854192214,-5.698868541922138,-0.7383157196064121,1430.0,1,1,-0.39785607877947926,0.158318791934747,-0.49877843276167977,0.990234375
1786722039.778731,7.540000431000408,90.0,90.0,95.69886854192214,-5.698868541922138,-0.7056502224494042,1430.0,1,1,-0.39785607877947926,0.158318791934747,-0.46611293560467193,0.888671875
1786722039.7961853,7.560000374999618,90.0,90.0,95.69886854192214,-5.698868541922138,-0.6925840235866011,1430.0,1,1,-0.39785607877947926,0.158318791934747,-0.4530467367418688,0.888671875
1786722039.8189611,7.580000375000054,90.0,90.0,98.15904437801782,-8.159044378017825,-0.8268836556129762,1430.0,1,1,-0.5696087528509756,0.158318791934747,-0.41559369469674756,0.78125
1786722039.8368773,7.600000411999645,90.0,90.0,98.15904437801782,-8.159044378017825,-0.8119024387949276,1430.0,1,1,-0.5696087528509756,0.158318791934747,-0.400612477878699,0.78125
1786722039.8579304,7.6200003189997005,90.0,90.0,100.31997408754432,-10.319974087544324,-0.9567713054093165,1430.0,1,1,-0.7204701061925839,0.158318791934747,-0.3946199911514796,0.78125
1786722039.8787122,7.640000522000264,90.0,90.0,100.31997408754432,-10.319974087544324,-0.9227336857184287,1430.0,1,1,-0.7204701061925839,0.158318791934747,-0.36058237146059186,0.67578125
1786722039.896879,7.66000030000032,90.0,90.0,100.31997408754432,-10.319974087544324,-0.9091186378420737,1430.0,1,1,-0.7204701061925839,0.158318791934747,-0.34696732358423676,0.67578125
1786722039.91892,7.68000033699991,90.0,90.0,102.18010678047608,-12.18010678047608,-1.000721878754123,1430.0,1,1,-0.8503318662551752,0.158318791934747,-0.30870880443369475,0.56640625
1786722039.936836,7.70000028100003,90.0,90.0,102.18010678047608,-12.18010678047608,-0.9854184710939061,1430.0,1,1,-0.8503318662551752,0.158318791934747,-0.2934053967734779,0.56640625
1786722039.9586911,7.720000409999557,90.0,90.0,103.72855882557838,-13.728558825578375,-1.0873994540149186,1430.0,1,1,-0.9584342122402743,0.158318791934747,-0.28728403370939115,0.56640625
1786722039.978771,7.740000503000374,90.0,90.0,103.72855882557838,-13.728558825578375,-1.0544821587892836,1430.0,1,1,-0.9584342122402743,0.158318791934747,-0.25436673848375646,0.46484375
1786722039.9970076,7.760000631999901,90.0,90.0,103.72855882557838,-13.728558825578375,-1.0413152406990298,1430.0,1,1,-0.9584342122402743,0.158318791934747,-0.24119982039350257,0.46484375
1786722040.0183892,7.780000372000359,90.0,90.0,104.97436856087768,-14.974368560877677,-1.0907958379004157,1430.0,1,1,-1.0454081391777617,0.158318791934747,-0.20370649065740104,0.357421875
1786722040.0368447,7.80000039100014,90.0,90.0,104.97436856087768,-14.974368560877677,-1.0757985060059752,1430.0,1,1,-1.0454081391777617,0.158318791934747,-0.1887091587629604,0.357421875
1786722040.0579307,7.8200002980001955,90.0,90.0,105.90825333813103,-15.908253338131034,-1.1349970300374985,1430.0,1,1,-1.1106055959670613,0.158318791934747,-0.18271022600518416,0.357421875
1786722040.0772223,7.8400002979997225,90.0,90.0,105.90825333813103,-15.908253338131034,-1.099784956934388,1430.0,1,1,-1.1106055959670613,0.158318791934747,-0.1474981529020737,0.248046875
1786722040.0969152,7.860000333999778,90.0,90.0,105.90825333813103,-15.908253338131034,-1.0857001276931437,1430.0,1,1,-1.1106055959670613,0.158318791934747,-0.13341332366082947,0.248046875
1786722040.1182456,7.880000279000342,90.0,90.0,106.54369587004305,-16.543695870043052,-1.0927878285529415,1430.0,1,1,-1.1549678535233567,0.158318791934747,-0.0961387669643318,0.142578125
1786722040.1368523,7.900000388999615,90.0,90.0,106.54369587004305,-16.543695870043052,-1.0778780058743425,1430.0,1,1,-1.1549678535233567,0.158318791934747,-0.08122894428573271,0.142578125
1786722040.157903,7.920000351999988,90.0,90.0,106.87248203401185,-16.872482034011853,-1.0948676811879328,1430.0,1,1,-1.1779214579083868,0.158318791934747,-0.07526501521429307,0.142578125
1786722040.1780305,7.940000315000361,90.0,90.0,106.87248203401185,-16.872482034011853,-1.060841484559357,1430.0,1,1,-1.1779214579083868,0.158318791934747,-0.04123881858571723,0.037109375
1786722040.196859,7.960000314999888,90.0,90.0,106.87248203401185,-16.872482034011853,-1.0472310059079266,1430.0,1,1,-1.1779214579083868,0.158318791934747,-0.027628339934286893,0.037109375
1786722040.2183585,7.980000388000008,90.0,90.0,106.9083342686348,-16.908334268634803,-1.0167507101008266,1430.0,1,1,-1.1804244160618589,0.158318791934747,0.005354914026285244,-0.0546875
1786722040.2368586,8.000000277000254,90.0,90.0,106.9083342686348,-16.908334268634803,-1.0035574085165977,1430.0,1,1,-1.1804244160618589,0.158318791934747,0.018548215610514097,-0.0546875
1786722040.2579105,8.020000350999908,90.0,90.0,106.72053954599835,-16.72053954599835,-0.9851695429714034,1430.0,1,1,-1.1673138711503561,0.158318791934747,0.02382553624420564,-0.0546875
1786722040.2778344,8.040000295000027,90.0,90.0,106.72053954599835,-16.72053954599835,-0.9701679897179268,1430.0,1,1,-1.1673138711503561,0.158318791934747,0.03882708949768226,-0.09765625
1786722040.2962122,8.060000423999554,90.0,90.0,106.72053954599835,-16.72053954599835,-0.9641673684165362,1430.0,1,1,-1.1673138711503561,0.158318791934747,0.044827710799072905,-0.09765625
1786722040.318333,8.080000275999737,90.0,90.0,106.41395040504494,-16.413950405044943,-0.9298162850539885,1430.0,1,1,-1.1459099113083646,0.158318791934747,0.05777483431962916,-0.1328125
1786722040.3368678,8.100000387000364,90.0,90.0,106.41395040504494,-16.413950405044943,-0.924637435645766,1430.0,1,1,-1.1459099113083646,0.158318791934747,0.06295368372785166,-0.1328125
1786722040.3581033,8.120000572000208,90.0,90.0,105.9976740698819,-15.997674069881896,-0.8935043252955543,1430.0,1,1,-1.116848340721442,0.158318791934747,0.06502522349114066,-0.1328125
1786722040.378088,8.140000626999608,90.0,90.0,105.9976740698819,-15.997674069881896,-0.8791991468902388,1430.0,1,1,-1.116848340721442,0.158318791934747,0.07933040189645627,-0.177734375
1786722040.3968716,8.16000027500013,90.0,90.0,105.9976740698819,-15.997674069881896,-0.8734770755281125,1430.0,1,1,-1.116848340721442,0.158318791934747,0.0850524732585825,-0.177734375
1786722040.4196858,8.18000042299991,90.0,90.0,105.47517416256028,-15.475174162560279,-0.8235780595867523,1430.0,1,1,-1.0803709658249323,0.158318791934747,0.098474114303433,-0.21484375
1786722040.4368474,8.20000025599984,90.0,90.0,105.47517416256028,-15.475174162560279,-0.8182094031688121,1430.0,1,1,-1.0803709658249323,0.158318791934747,0.10384277072137321,-0.21484375
1786722040.457931,8.220000274000085,90.0,90.0,104.83370101568687,-14.83370101568687,-0.7712786666973555,1430.0,1,1,-1.0355876919206517,0.158318791934747,0.10599023328854928,-0.21484375
1786722040.4778626,8.240000310999676,90.0,90.0,104.83370101568687,-14.83370101568687,-0.758114994170485,1430.0,1,1,-1.0355876919206517,0.158318791934747,0.11915390581541971,-0.255859375
1786722040.4968374,8.260000328999922,90.0,90.0,104.83370101568687,-14.83370101568687,-0.7528495251597369,1430.0,1,1,-1.0355876919206517,0.158318791934747,0.12441937482616788,-0.255859375
1786722040.518346,8.280000310000105,90.0,90.0,104.08573885249564,-14.085738852495638,-0.686806977843333,1430.0,1,1,-0.983370082208547,0.158318791934747,0.13824431243046714,-0.294921875
1786722040.536853,8.300000291999822,90.0,90.0,104.08573885249564,-14.085738852495638,-0.6812770028016133,1430.0,1,1,-0.983370082208547,0.158318791934747,0.14377428747218685,-0.294921875
1786722040.5579994,8.320000273000005,90.0,90.0,103.21368090733324,-13.213680907333242,-0.6181838831398855,1430.0,1,1,-0.9224889525635072,0.158318791934747,0.14598627748887474,-0.294921875
1786722040.5781777,8.34000068000023,90.0,90.0,103.21368090733324,-13.213680907333242,-0.6049943996332103,1430.0,1,1,-0.9224889525635072,0.158318791934747,0.15917576099554992,-0.3359375
1786722040.5968628,8.360000308999588,90.0,90.0,103.21368090733324,-13.213680907333242,-0.5997186062305402,1430.0,1,1,-0.9224889525635072,0.158318791934747,0.16445155439821996,-0.3359375
1786722040.618257,8.380000328000278,90.0,90.0,102.21335218529225,-12.213352185292251,-0.5137096696619425,1430.0,1,1,-0.8526528333559774,0.158318791934747,0.18062437175928797,-0.3828125
1786722040.6371179,8.400001031000102,90.0,90.0,102.21335218529225,-12.213352185292251,-0.5072405427175153,1430.0,1,1,-0.8526528333559774,0.158318791934747,0.18709349870371517,-0.3828125
1786722040.6580775,8.420000289999734,90.0,90.0,101.08750546548652,-11.087505465486517,-0.42605396340619184,1430.0,1,1,-0.7740539048224249,0.158318791934747,0.18968114948148607,-0.3828125
1786722040.6772203,8.440000270999917,90.0,90.0,101.08750546548652,-11.087505465486517,-0.41095640309508347,1430.0,1,1,-0.7740539048224249,0.158318791934747,0.20477870979259444,-0.4296875
1786722040.6968699,8.460000308000417,90.0,90.0,101.08750546548652,-11.087505465486517,-0.4049173789706401,1430.0,1,1,-0.7740539048224249,0.158318791934747,0.2108177339170378,-0.4296875
1786722040.7188368,8.480000530000325,90.0,90.0,99.82655939473722,-9.826559394737217,-0.30040862682222025,1430.0,1,1,-0.6860232623237823,0.158318791934747,0.22729584356681512,-0.4765625
1786722040.7368789,8.500000269999873,90.0,90.0,99.82655939473722,-9.826559394737217,-0.2938173829623093,1430.0,1,1,-0.6860232623237823,0.158318791934747,0.23388708742672606,-0.4765625
1786722040.7574944,8.52000038099959,90.0,90.0,98.44738530557862,-8.44738530557862,-0.1948963701622996,1430.0,1,1,-0.589738747067737,0.158318791934747,0.23652358497069043,-0.4765625
1786722040.7773018,8.540000639999562,90.0,90.0,98.44738530557862,-8.44738530557862,-0.17977927114471387,1430.0,1,1,-0.589738747067737,0.158318791934747,0.25164068398827616,-0.5234375
1786722040.7958329,8.560000417999618,90.0,90.0,98.44738530557862,-8.44738530557862,-0.1737324315376796,1430.0,1,1,-0.589738747067737,0.158318791934747,0.25768752359531044,-0.5234375
1786722040.8186705,8.580000455000118,90.0,90.0,96.91449646990128,-6.91449646990128,-0.04906349169633817,1430.0,1,1,-0.48272291806920936,0.158318791934747,0.2753406344381242,-0.57421875
1786722040.8368602,8.600000288000047,90.0,90.0,96.91449646990128,-6.91449646990128,-0.04200224735921265,1430.0,1,1,-0.48272291806920936,0.158318791934747,0.2824018787752497,-0.57421875
1786722040.8582478,8.620000732000335,90.0,90.0,95.24522243485876,-5.245222434858761,0.07735956249381018,1405.2449400019807,1,0,-0.36618560595103666,0.158318791934747,0.28522637651009985,-0.57421875
1786722040.8781672,8.640000471999883,90.0,90.0,95.24522243485876,-5.245222434858761,0.09430967408775029,1399.82090429192,1,0,-0.36618560595103666,0.15722023511689384,0.30217648810403996,-0.626953125
1786722040.8970058,8.660000287000003,90.0,90.0,95.24522243485876,-5.245222434858761,0.09999116190747318,1398.0028281896086,1,0,-0.36618560595103666,0.15612167829904072,0.308956532741616,-0.626953125
1786722040.918593,8.680000268000185,90.0,90.0,93.43083737693883,-3.4308373769388254,0.244092908083414,1373.0028281896086,1,0,-0.2395176333122731,0.15540312539910392,0.3274888630966464,-0.6796875
1786722040.936873,8.70000034199984,90.0,90.0,93.43083737693883,-3.4308373769388254,0.2507872873254894,1349.7480680558433,1,0,-0.2395176333122731,0.15468457249916712,0.33490179523865854,-0.6796875
1786722040.9573135,8.720000268000149,90.0,90.0,91.45417106295423,-1.4541710629542308,0.39103124885152224,1324.7480680558433,1,0,-0.10152029174310827,0.1543800116239378,0.3378669680954634,-0.6796875
1786722040.9773638,8.740000378000332,90.0,90.0,91.45417106295423,-1.4541710629542308,0.4059752571190149,1300.0879177219153,1,0,-0.10152029174310827,0.15407545074870846,0.35311553723818534,-0.7265625
1786722040.997044,8.760000397000113,90.0,90.0,91.45417106295423,-1.4541710629542308,0.41177012390087436,1298.2335603517201,1,0,-0.10152029174310827,0.15377088987347914,0.35921496489527416,-0.7265625
1786722041.0189128,8.780000267000105,90.0,90.0,89.37156571435509,0.6284342856449143,0.5692595529992779,1273.2335603517201,1,0,0.04387298966768917,0.15390250884248222,0.37161567345810964,-0.759765625
1786722041.0368726,8.800000340999759,90.0,90.0,89.37156571435509,0.6284342856449143,0.5743514553934153,1248.2335603517201,1,0,0.04387298966768917,0.15403412781148532,0.37657595688324386,-0.759765625
1786722041.0568466,8.820000302999688,90.0,90.0,87.2026822254312,2.7973177745687963,0.7278838196279268,1223.2335603517201,1,0,0.195289621563144,0.15461999667617474,0.3785600702532975,-0.759765625
1786722041.0772972,8.840000340000188,90.0,90.0,87.2026822254312,2.7973177745687963,0.7286773963406378,1198.2335603517201,1,0,0.195289621563144,0.15520586554086416,0.378767778101319,-0.7578125
1786722041.0969796,8.860000507000223,90.0,90.0,87.2026822254312,2.7973177745687963,0.7293463483445357,1196.6091685297486,1,0,0.195289621563144,0.1557917344055536,0.3788508612405276,-0.7578125
1786722041.1188924,8.880000357999961,90.0,90.0,85.10080659824325,4.899193401756747,0.851508738612311,1171.6091685297486,1,0,0.34202822221054635,0.15681781907218523,0.353688781996211,-0.673828125
1786722041.1368911,8.900000339000144,90.0,90.0,85.10080659824325,4.899193401756747,0.8424699915812159,1160.409602694011,1,0,0.34202822221054635,0.15784390373881688,0.3436239502984844,-0.673828125
1786722041.1590147,8.920000801999777,90.0,90.0,83.34794965509741,6.652050344902591,0.9618426434661091,1135.409602694011,1,0,0.46440072210789846,0.15923710590514054,0.3395980176193938,-0.673828125
1786722041.178601,8.94000078299996,90.0,90.0,83.34794965509741,6.652050344902591,0.9006879725607966,1141.779848780545,1,0,0.46440072210789846,0.16063030807146422,0.2770501445477575,-0.470703125
1786722041.1971533,8.960000764000142,90.0,90.0,83.34794965509741,6.652050344902591,0.8770620254984657,1149.340151840491,1,0,0.46440072210789846,0.1620235102377879,0.252030995319103,-0.470703125
1786722041.2200713,8.980000948999987,90.0,90.0,82.27748096440155,7.722519035598452,0.8453288182419498,1159.494778162576,1,0,0.5391335348765207,0.16364091084241747,0.1441717731276412,-0.14453125
1786722041.2373867,9.000001059999704,90.0,90.0,82.27748096440155,7.722519035598452,0.8038025299699947,1172.7831904096017,1,0,0.5391335348765207,0.16525831144704706,0.10102808425105649,-0.14453125
1786722041.2582324,9.020000819000416,90.0,90.0,82.2420496347114,7.757950365288593,0.7906360284698007,1176.9964708896637,1,0,0.541607108322331,0.16688313277201403,0.0837706087004226,-0.14453125
1786722041.278148,9.04000098600045,90.0,90.0,82.2420496347114,7.757950365288593,0.6640687970745142,1201.9964708896637,1,0,0.541607108322331,0.16850795409698102,-0.044421444019830954,0.259765625
1786722041.2967286,9.060000725999998,90.0,90.0,82.2420496347114,7.757950365288593,0.6144167973113798,1226.9964708896637,1,0,0.541607108322331,0.17013277542194802,-0.09569826510793238,0.259765625
1786722041.3193269,9.080000670000118,90.0,90.0,83.35079400976616,6.649205990233838,0.40328218057041665,1251.9964708896637,1,0,0.4642021486916416,0.17152538186802294,-0.23105274354317296,0.642578125
1786722041.3365178,9.100000669999645,90.0,90.0,83.35079400976616,6.649205990233838,0.3505329956423954,1276.9964708896637,1,0,0.4642021486916416,0.17291798831409785,-0.2851945349172692,0.642578125
1786722041.3581297,9.120000799000081,90.0,90.0,85.50176716610224,4.4982328338977595,0.1801026307385145,1301.9964708896637,1,0,0.3140358938913244,0.17386009599577182,-0.3068512514669077,0.642578125
1786722041.3781726,9.14000111400037,90.0,90.0,85.50176716610224,4.4982328338977595,0.07980392680033316,1326.9964708896637,1,0,0.3140358938913244,0.1748022036774458,-0.4080920630867631,0.951171875
1786722041.396466,9.160000650999791,90.0,90.0,85.50176716610224,4.4982328338977595,0.040249709834065006,1351.9964708896637,1,0,0.3140358938913244,0.1757443113591198,-0.4485883877347052,0.951171875
1786722041.4193027,9.180000762000418,90.0,90.0,88.41721107067252,1.582788929327478,-0.23830871851124097,1376.9964708896637,1,1,0.1104995127235213,0.17607580989729035,-0.5245525425938821,1.150390625
1786722041.4364405,9.200000834999628,90.0,90.0,88.41721107067252,1.582788929327478,-0.2683628819167412,1401.9964708896637,1,1,0.1104995127235213,0.17607580989729035,-0.5549382045375528,1.150390625
1786722041.4580255,9.220000891000382,90.0,90.0,91.85895889100061,-1.8589588910006114,-0.520796472646463,1426.9964708896637,1,1,-0.12977981322873222,0.17607580989729035,-0.5670924693150211,1.150390625
1786722041.478077,9.24000085300031,90.0,90.0,91.85895889100061,-1.8589588910006114,-0.5508534910574503,1430.0,1,1,-0.12977981322873222,0.17607580989729035,-0.5971494877260084,1.234375
1786722041.4964552,9.260000835000028,90.0,90.0,91.85895889100061,-1.8589588910006114,-0.5628762984218453,1430.0,1,1,-0.12977981322873222,0.17607580989729035,-0.6091722950904034,1.234375
1786722041.5192661,9.280001037999682,90.0,90.0,95.40946638968626,-5.4094663896862585,-0.8126279177428544,1430.0,1,1,-0.37765199710398334,0.17607580989729035,-0.6110517305361614,1.224609375
1786722041.5364392,9.300000963999992,90.0,90.0,95.40946638968626,-5.4094663896862585,-0.8133796919211576,1430.0,1,1,-0.37765199710398334,0.17607580989729035,-0.6118035047144645,1.224609375
1786722041.5580287,9.320000982000238,90.0,90.0,98.91728662599837,-8.917286625998372,-1.0585724523594067,1430.0,1,1,-0.6225440478709111,0.17607580989729035,-0.6121042143857858,1.224609375
1786722041.5781713,9.340000703999976,90.0,90.0,98.91728662599837,-8.917286625998372,-1.040528673727935,1430.0,1,1,-0.6225440478709111,0.17607580989729035,-0.5940604357543142,1.1640625
1786722041.5964544,9.36000066700035,90.0,90.0,98.91728662599837,-8.917286625998372,-1.0333111622753464,1430.0,1,1,-0.6225440478709111,0.17607580989729035,-0.5868429243017257,1.1640625
1786722041.6192317,9.380000963000384,90.0,90.0,102.18257100130711,-12.18257100130711,-1.2349465111465658,1430.0,1,1,-0.850503901323166,0.17607580989729035,-0.5605184197206903,1.0859375
1786722041.6367095,9.400001017999784,90.0,90.0,102.18257100130711,-12.18257100130711,-1.2244167093141516,1430.0,1,1,-0.850503901323166,0.17607580989729035,-0.549988617888276,1.0859375
1786722041.6582263,9.420001258999946,90.0,90.0,105.24064807173232,-15.240648071732323,-1.433698843215836,1430.0,1,1,-1.0639979559578159,0.17607580989729035,-0.5457766971553104,1.0859375
1786722041.6780357,9.440000702999896,90.0,90.0,105.24064807173232,-15.240648071732323,-1.4062328249226497,1430.0,1,1,-1.0639979559578159,0.17607580989729035,-0.5183106788621241,1.0
1786722041.696588,9.460000869000396,90.0,90.0,105.24064807173232,-15.240648071732323,-1.3952464176053752,1430.0,1,1,-1.0639979559578159,0.17607580989729035,-0.5073242715448496,1.0
1786722041.7192445,9.48000096099986,90.0,90.0,108.04986998367337,-18.049869983673375,-1.5611912918086315,1430.0,1,1,-1.260118643087982,0.17607580989729035,-0.47714845861793986,0.9140625
1786722041.7363484,9.50000086900036,90.0,90.0,108.04986998367337,-18.049869983673375,-1.5491209666378678,1430.0,1,1,-1.260118643087982,0.17607580989729035,-0.46507813344717597,0.9140625
1786722041.7579286,9.520000794000225,90.0,90.0,110.6109407298436,-20.610940729843605,-1.723089304158276,1430.0,1,1,-1.438915110676696,0.17607580989729035,-0.4602500033788704,0.9140625
1786722041.7779255,9.540000682999562,90.0,90.0,110.6109407298436,-20.610940729843605,-1.6942049271309538,1430.0,1,1,-1.438915110676696,0.17607580989729035,-0.4313656263515482,0.82421875
1786722041.796608,9.560000831000252,90.0,90.0,110.6109407298436,-20.610940729843605,-1.682651176320025,1430.0,1,1,-1.438915110676696,0.17607580989729035,-0.4198118755406193,0.82421875
1786722041.8190484,9.580000867999843,90.0,90.0,112.92066811674255,-22.920668116742547,-1.8123259418951392,1430.0,1,1,-1.6001645015761818,0.17607580989729035,-0.3882372502162477,0.734375
1786722041.836188,9.600000829999772,90.0,90.0,112.92066811674255,-22.920668116742547,-1.7996960917653906,1430.0,1,1,-1.6001645015761818,0.17607580989729035,-0.37560740008649907,0.734375
1786722041.8578372,9.620000830000208,90.0,90.0,114.94922892606957,-24.949228926069566,-1.9362644125122008,1430.0,1,1,-1.7417847623748914,0.17607580989729035,-0.3705554600345996,0.734375
1786722041.877805,9.64000120000037,90.0,90.0,114.94922892606957,-24.949228926069566,-1.9078764489914408,1430.0,1,1,-1.7417847623748914,0.17607580989729035,-0.3421674965138398,0.646484375
1786722041.896132,9.660000736999791,90.0,90.0,114.94922892606957,-24.949228926069566,-1.896521263583137,1430.0,1,1,-1.7417847623748914,0.17607580989729035,-0.33081231110553594,0.646484375
1786722041.9189713,9.680000755000037,90.0,90.0,116.73871855963972,-26.73871855963972,-1.9899560085642398,1430.0,1,1,-1.8667147065193157,0.17607580989729035,-0.2993171119422144,0.556640625
1786722041.9360492,9.700000996000199,90.0,90.0,116.73871855963972,-26.73871855963972,-1.9773579288989112,1430.0,1,1,-1.8667147065193157,0.17607580989729035,-0.2867190322768858,0.556640625
1786722041.9576483,9.720000995000191,90.0,90.0,118.2840222271509,-28.2840222271509,-2.080201244797635,1455.0,-1,0,-1.9745972542841708,0.17607580989729035,-0.2816798004107543,0.556640625
1786722041.977717,9.740000884000438,90.0,90.0,118.2840222271509,-28.2840222271509,-5.874903647616382,1480.0,-1,0,-5.647348147252728,0.5035768163062504,-0.7311323166699029,0.4765625
1786722041.9962747,9.760000827999647,90.0,90.0,118.2840222271509,-28.2840222271509,-5.845114882614439,1505.0,-1,0,-5.647348147252728,0.5035768163062504,-0.7013435516679611,0.4765625
1786722042.0187917,9.78000067999983,90.0,90.0,119.57482769329556,-29.57482769329556,-6.0138429727405365,1530.0,-1,0,-5.905077680879603,0.5035768163062504,-0.6123421081671845,0.38671875
1786722042.0363855,9.800001364999844,90.0,90.0,119.57482769329556,-29.57482769329556,-5.978242395340226,1555.0,-1,0,-5.905077680879603,0.5035768163062504,-0.5767415307668737,0.38671875
1786722042.0575354,9.820000976000301,90.0,90.0,120.62292674411958,-30.622926744119578,-6.173271559845592,1580.0,-1,0,-6.114347076345093,0.5035768163062504,-0.5625012998067495,0.38671875
1786722042.0775857,9.840000678999786,90.0,90.0,120.62292674411958,-30.622926744119578,-6.095516873711542,1605.0,-1,0,-6.114347076345093,0.5035768163062504,-0.4847466136726998,0.302734375
1786722042.0961456,9.860000957000011,90.0,90.0,120.62292674411958,-30.622926744119578,-6.064414999257922,1630.0,-1,0,-6.114347076345093,0.5035768163062504,-0.4536447392190799,0.302734375
1786722042.1186986,9.880001086000448,90.0,90.0,121.43517305083844,-31.435173050838443,-6.138741793361301,1655.0,-1,0,-6.27652477647992,0.5035768163062504,-0.365793833187632,0.21484375
1786722042.136039,9.90000073400006,90.0,90.0,121.43517305083844,-31.435173050838443,-6.103601430948721,1680.0,-1,0,-6.27652477647992,0.5035768163062504,-0.3306534707750528,0.21484375
1786722042.157377,9.920000936999713,90.0,90.0,121.99317013496898,-31.99317013496898,-6.200958145651579,1705.0,-1,0,-6.387937636147808,0.5035768163062504,-0.3165973258100211,0.21484375
1786722042.1773667,9.94000084399977,90.0,90.0,121.99317013496898,-31.99317013496898,-6.118249750165566,1730.0,-1,0,-6.387937636147808,0.5035768163062504,-0.23388893032400843,0.125
1786722042.19607,9.96000075200027,90.0,90.0,121.99317013496898,-31.99317013496898,-6.0851663919711605,1755.0,-1,0,-6.387937636147808,0.5035768163062504,-0.20080557212960337,0.125
1786722042.2184978,9.98000102900005,90.0,90.0,122.29010967368282,-32.29010967368282,-6.050784179579566,1780.0,-1,0,-6.447226267033975,0.5035768163062504,-0.10713472885184136,0.03125
1786722042.236037,10.000000732999979,90.0,90.0,122.29010967368282,-32.29010967368282,-6.013315842268461,1805.0,-1,0,-6.447226267033975,0.5035768163062504,-0.06966639154073655,0.03125
1786722042.2578263,10.02000089899957,90.0,90.0,122.31068462748146,-32.310684627481464,-6.002436619205954,1830.0,-1,0,-6.451334378895909,0.5035768163062504,-0.054679056616294616,0.03125
1786722042.2777464,10.040001102000133,90.0,90.0,122.31068462748146,-32.310684627481464,-5.922707310236177,1855.0,-1,0,-6.451334378895909,0.5035768163062504,0.025050252353482152,-0.0546875
1786722042.296004,10.060001028000443,90.0,90.0,122.31068462748146,-32.310684627481464,-5.890815586648267,1880.0,-1,0,-6.451334378895909,0.5035768163062504,0.05694197594139286,-0.0546875
1786722042.3188722,10.080000621000181,90.0,90.0,122.10883966980055,-32.108839669800545,-5.780780826722578,1890.0,-1,0,-6.4110328709053865,0.5035768163062504,0.12667522787655713,-0.12109375
1786722042.3360443,10.100000675999581,90.0,90.0,122.10883966980055,-32.108839669800545,-5.752887525948513,1890.0,-1,0,-6.4110328709053865,0.5035768163062504,0.15456852865062282,-0.12109375
1786722042.3577995,10.120000916000208,90.0,90.0,121.69719816287125,-31.697198162871246,-5.65953952982836,1890.0,-1,0,-6.32884219509486,0.5035768163062504,0.1657258489602491,-0.12109375
1786722042.377895,10.140001009000116,90.0,90.0,121.69719816287125,-31.697198162871246,-5.579666445454509,1890.0,-1,0,-6.32884219509486,0.5035768163062504,0.24559893333409963,-0.208984375
1786722042.3960621,10.160001027000362,90.0,90.0,121.69719816287125,-31.697198162871246,-5.54771721170497,1890.0,-1,0,-6.32884219509486,0.5035768163062504,0.2775481670836399,-0.208984375
1786722042.419021,10.180000841000037,90.0,90.0,121.03742386078005,-31.03742386078005,-5.322765742485946,1890.0,-1,0,-6.197107919375653,0.5035768163062504,0.370765360583456,-0.302734375
1786722042.4360182,10.200000859999818,90.0,90.0,121.03742386078005,-31.03742386078005,-5.28547886508602,1890.0,-1,0,-6.197107919375653,0.5035768163062504,0.40805223798338236,-0.302734375
1786722042.458938,10.220000971000445,90.0,90.0,120.08916258824661,-30.08916258824661,-4.992412488947654,1890.0,-1,0,-6.007772700447257,0.5035768163062504,0.5117833951933529,-0.40625
1786722042.4760196,10.240000859000247,90.0,90.0,120.08916258824661,-30.08916258824661,-4.950920026063666,1890.0,-1,0,-6.007772700447257,0.5035768163062504,0.5532758580773411,-0.40625
1786722042.4963155,10.260001728999669,90.0,90.0,120.08916258824661,-30.08916258824661,-4.93432304091007,1890.0,-1,0,-6.007772700447257,0.5035768163062504,0.5698728432309365,-0.40625
1786722042.5189068,10.280000914000084,90.0,90.0,118.84665399654489,-28.846653996544887,-4.590781534593803,1890.0,-1,0,-5.759686394442428,0.5035768163062504,0.6653280435423745,-0.509765625
1786722042.5360293,10.300000950999674,90.0,90.0,118.84665399654489,-28.846653996544887,-4.552599454469227,1890.0,-1,0,-5.759686394442428,0.5035768163062504,0.7035101236669499,-0.509765625
1786722042.5587451,10.32000083999992,90.0,90.0,117.31827270086637,-27.318272700866373,-4.141669164961426,1890.0,-1,0,-5.454521124484457,0.5035768163062504,0.80927514321678,-0.615234375
1786722042.5761614,10.340000969000357,90.0,90.0,117.31827270086637,-27.318272700866373,-4.099363157141495,1890.0,-1,0,-5.454521124484457,0.5035768163062504,0.851581151036712,-0.615234375
1786722042.5960329,10.36000082099963,90.0,90.0,117.31827270086637,-27.318272700866373,-4.082440754013522,1890.0,-1,0,-5.454521124484457,0.5035768163062504,0.8685035541646847,-0.615234375
1786722042.6188676,10.380000913000003,90.0,90.0,115.4834787504509,-25.4834787504509,-3.6205100296442874,1890.0,-1,0,-5.088175767616411,0.5035768163062504,0.9640889216658738,-0.71875
1786722042.6365662,10.400001375999636,90.0,90.0,115.4834787504509,-25.4834787504509,-3.5822758826438115,1890.0,-1,0,-5.088175767616411,0.5035768163062504,1.0023230686663493,-0.71875
1786722042.6586988,10.420001116000094,90.0,90.0,113.35165252152433,-23.35165252152433,-3.0525133128859845,1890.0,-1,0,-4.662523262908775,0.5035768163062504,1.1064331337165396,-0.822265625
1786722042.6760123,10.44000100500034,90.0,90.0,113.35165252152433,-23.35165252152433,-3.0108692868659084,1890.0,-1,0,-4.662523262908775,0.5035768163062504,1.148077159736616,-0.822265625
1786722042.6960173,10.460000727000079,90.0,90.0,113.35165252152433,-23.35165252152433,-2.994211676457878,1890.0,-1,0,-4.662523262908775,0.5035768163062504,1.1647347701446462,-0.822265625
1786722042.7184703,10.48000061499988,90.0,90.0,110.92545723966617,-20.925457239666173,-2.4109527657076204,1890.0,-1,0,-4.178095365071729,0.5035768163062504,1.2635657830578584,-0.9296875
1786722042.7360075,10.500000560000444,90.0,90.0,110.92545723966617,-20.925457239666173,-2.3714203605423356,1890.0,-1,0,-4.178095365071729,0.5035768163062504,1.3030981882231432,-0.9296875
1786722042.758442,10.520000874000289,90.0,90.0,108.17023752991281,-18.17023752991281,-1.7049377439723392,1890.0,-1,0,-3.627972585567847,0.5035768163062504,1.4194580252892572,-1.046875
1786722042.7760985,10.54000102200007,90.0,90.0,108.17023752991281,-18.17023752991281,-1.6583938091458936,1890.0,-1,0,-3.627972585567847,0.5035768163062504,1.4660019601157028,-1.046875
1786722042.7960215,10.56000105899966,90.0,90.0,108.17023752991281,-18.17023752991281,-1.6397762352153156,1890.0,-1,0,-3.627972585567847,0.5035768163062504,1.4846195340462809,-1.046875
1786722042.8185034,10.58000072499999,90.0,90.0,105.10184691676852,-15.101846916768523,-0.9224816365077462,1865.0,-1,0,-3.015320328932509,0.4945308553194529,1.5892618761185122,-1.16015625
1786722042.8360732,10.600000872999772,90.0,90.0,105.10184691676852,-15.101846916768523,-0.889670660665651,1850.8330845363062,-1,0,-3.015320328932509,0.48548489433265546,1.631118812947405,-1.16015625
1786722042.8585236,10.620000891000018,90.0,90.0,101.6882104672606,-11.688210467260603,-0.1031925377864642,1825.8330845363062,-1,0,-2.3337343322980817,0.4784836913357612,1.745056900178962,-1.2734375
1786722042.876088,10.640000909999799,90.0,90.0,101.6882104672606,-11.688210467260603,-0.06461850589073559,1800.8330845363062,-1,0,-2.3337343322980817,0.4714824883388669,1.7906321350715848,-1.2734375
1786722042.8960345,10.660000965000108,90.0,90.0,101.6882104672606,-11.688210467260603,-0.05338961493058103,1775.8330845363062,-1,0,-2.3337343322980817,0.4644812853419727,1.8088622290286338,-1.2734375
1786722042.919094,10.680001020000418,90.0,90.0,97.96677460512404,-7.966774605124044,0.7837879411384623,1750.8330845363062,-1,1,-1.590691360814964,0.45970921125952774,1.9099980166114536,-1.3828125
1786722042.9360147,10.700001039000199,90.0,90.0,97.96677460512404,-7.966774605124044,0.8194701820891452,1725.8330845363062,-1,1,-1.590691360814964,0.45970921125952774,1.9504523316445814,-1.3828125
1786722042.9591064,10.720000835000064,90.0,90.0,93.92168291745338,-3.9216829174533814,1.7321342419341343,1700.8330845363062,-1,1,-0.783025433233226,0.45970921125952774,2.0554504639078326,-1.486328125
1786722042.9761002,10.74000085300031,90.0,90.0,93.92168291745338,-3.9216829174533814,1.7741334948394347,1675.8330845363062,-1,1,-0.783025433233226,0.45970921125952774,2.097449716813133,-1.486328125
1786722042.9962597,10.760000944999774,90.0,90.0,93.92168291745338,-3.9216829174533814,1.7909331960015549,1650.8330845363062,-1,1,-0.783025433233226,0.45970921125952774,2.114249417975253,-1.486328125
1786722043.0198562,10.780000888999894,90.0,90.0,89.62078221191865,0.3792177880813483,2.7234265320783004,1625.8330845363062,1,0,0.07571677237867186,0.45970921125952774,2.188000548440101,-1.564453125
1786722043.0361404,10.800001296999653,90.0,90.0,89.62078221191865,0.3792177880813483,0.9625618826098742,1600.8330845363062,1,0,0.026474395936598553,0.16081690964219011,0.7753500002188953,-1.564453125
1786722043.0597908,10.82000081499973,90.0,90.0,85.10979902629458,4.890200973705419,1.303372967031317,1575.8330845363062,1,0,0.3414004323015688,0.16081690964219011,0.8011556250875581,-1.63671875
1786722043.0760818,10.840000684999723,90.0,90.0,85.10979902629458,4.890200973705419,1.313695216978782,1550.8330845363062,1,0,0.3414004323015688,0.16081690964219011,0.8114778750350232,-1.63671875
1786722043.0961242,10.860000962999948,90.0,90.0,85.10979902629458,4.890200973705419,1.3178241169577682,1525.8330845363062,1,0,0.3414004323015688,0.16081690964219011,0.8156067750140092,-1.63671875
1786722043.1197925,10.880000999000004,90.0,90.0,80.39452995168438,9.605470048315624,1.6644838713270196,1500.8330845363062,1,0,0.6705883141792258,0.16081690964219011,0.8330786475056038,-1.689453125
1786722043.1360147,10.900000739999996,90.0,90.0,80.39452995168438,9.605470048315624,1.6714726203236574,1475.8330845363062,1,0,0.6705883141792258,0.16081690964219011,0.8400673965022416,-1.689453125
1786722043.1597524,10.920000703000369,90.0,90.0,75.52062210482603,14.479377895173966,2.029765452388175,1450.8330845363062,1,0,1.0108512716450884,0.16081690964219011,0.8580972711008967,-1.740234375
1786722043.1761165,10.940000849999706,90.0,90.0,75.52062210482603,14.479377895173966,2.0369774022276372,1425.8330845363062,1,0,1.0108512716450884,0.16081690964219011,0.8653092209403588,-1.740234375
1786722043.1960676,10.960000776000015,90.0,90.0,75.52062210482603,14.479377895173966,2.039862182163422,1400.8330845363062,1,0,1.0108512716450884,0.16081690964219011,0.8681940008761435,-1.740234375
1786722043.2197971,10.980001017000177,90.0,90.0,70.53278146872609,19.467218531273915,2.4038814982965855,1375.8330845363062,1,0,1.359068238303938,0.16081690964219011,0.8839963503504574,-1.7890625
1786722043.23601,11.00000101600017,90.0,90.0,70.53278146872609,19.467218531273915,2.410202438086311,1350.8330845363062,1,0,1.359068238303938,0.16081690964219011,0.890317290140183,-1.7890625
1786722043.2597222,11.020000757000162,90.0,90.0,65.40108958535103,24.59891041464897,2.7885686172532558,1325.8330845363062,1,0,1.7173279165549924,0.16081690964219011,0.9104237910560733,-1.84765625
1786722043.2760065,11.040001016000133,90.0,90.0,65.40108958535103,24.59891041464897,2.7966112176196116,1300.8330845363062,1,0,1.7173279165549924,0.16081690964219011,0.9184663914224294,-1.84765625
1786722043.2960012,11.060000849000062,90.0,90.0,65.40108958535103,24.59891041464897,2.7998282577661544,1275.8330845363062,1,0,1.7173279165549924,0.16081690964219011,0.9216834315689718,-1.84765625
1786722043.3204703,11.080000830000245,90.0,90.0,60.092912223291364,29.907087776708632,3.1840004503158443,1250.8330845363062,1,0,2.0879086055460654,0.16081690964219011,0.9352749351275886,-1.888671875
1786722043.3360462,11.100000921999708,90.0,90.0,60.092912223291364,29.907087776708632,3.189437051739291,1225.8330845363062,1,0,2.0879086055460654,0.16081690964219011,0.9407115365510355,-1.888671875
1786722043.3597648,11.120000922000145,90.0,90.0,54.690395172572124,35.309604827427876,3.5793254090294067,1200.8330845363062,1,0,2.4650754472668024,0.16081690964219011,0.9534330521204142,-1.923828125
1786722043.3761606,11.140000884999608,90.0,90.0,54.690395172572124,35.309604827427876,3.584414015257158,1175.8330845363062,1,0,2.4650754472668024,0.16081690964219011,0.9585216583481657,-1.923828125
1786722043.39605,11.160000922000108,90.0,90.0,54.690395172572124,35.309604827427876,3.586449457748259,1150.8330845363062,1,0,2.4650754472668024,0.16081690964219011,0.9605571008392664,-1.923828125
1786722043.4214294,11.180000958999699,90.0,90.0,49.22918935489457,40.77081064510543,3.9673558503348687,1125.8330845363062,1,0,2.8463395378569722,0.16081690964219011,0.9601994028357066,-1.919921875
1786722043.4360924,11.200001068999882,90.0,90.0,49.22918935489457,40.77081064510543,3.967212771133445,1110.0,1,0,2.8463395378569722,0.16081690964219011,0.9600563236342826,-1.919921875
1786722043.4611962,11.22000079099962,90.0,90.0,43.80304233444849,46.19695766555151,4.322534564269132,1110.0,1,0,3.225156062673229,0.16081690964219011,0.936561591953713,-1.841796875
1786722043.4761088,11.240001142999972,90.0,90.0,43.80304233444849,46.19695766555151,4.313136671596904,1110.0,1,0,3.225156062673229,0.16081690964219011,0.9271636992814851,-1.841796875
1786722043.4998834,11.260000827999647,90.0,90.0,43.80304233444849,46.19695766555151,4.309377514528013,1110.0,1,0,3.225156062673229,0.16081690964219011,0.923404542212594,-1.841796875
1786722043.5185695,11.280000865000147,90.0,90.0,38.73295247324657,51.26704752675343,4.58507508500028,1110.0,1,0,3.579115108473052,0.16081690964219011,0.8451430668850377,-1.5859375
1786722043.5360587,11.300001178999992,90.0,90.0,38.73295247324657,51.26704752675343,4.553770494869258,1110.0,1,0,3.579115108473052,0.16081690964219011,0.8138384767540151,-1.5859375
1786722043.5619009,11.320000863999667,90.0,90.0,34.602305459236874,55.397694540763126,4.693098783845415,1110.0,1,0,3.8674886710016185,0.16081690964219011,0.6647932032016061,-1.130859375
1786722043.5761206,11.34000093800023,90.0,90.0,34.602305459236874,55.397694540763126,4.633480674424451,1110.0,1,0,3.8674886710016185,0.16081690964219011,0.6051750937806424,-1.130859375
1786722043.5972917,11.360000790000413,90.0,90.0,31.85756446661327,58.14243553338674,4.801252500399023,1110.0,1,0,4.059107740744576,0.16081690964219011,0.581327850012257,-1.130859375
1786722043.6185262,11.380001122999602,90.0,90.0,31.85756446661327,58.14243553338674,4.631752665391669,1110.0,1,0,4.059107740744576,0.16081690964219011,0.4118280150049028,-0.59765625
1786722043.636669,11.400001400000292,90.0,90.0,31.85756446661327,58.14243553338674,4.563952731388728,1110.0,1,0,4.059107740744576,0.16081690964219011,0.34402808100196114,-0.59765625
1786722043.6620905,11.420000973999777,90.0,90.0,30.647343580762367,59.35265641923763,4.456087739325553,1110.0,1,0,4.143597097282578,0.16081690964219011,0.15167373240078447,-0.046875
1786722043.6760385,11.44000095499996,90.0,90.0,30.647343580762367,59.35265641923763,4.379145999885083,1110.0,1,0,4.143597097282578,0.16081690964219011,0.0747319929603138,-0.046875
1786722043.6973276,11.460000936999677,90.0,90.0,31.0238372673563,58.97616273264371,4.322085086332752,1110.0,1,0,4.117312879506436,0.16081690964219011,0.04395529718412552,-0.046875
1786722043.7185104,11.480000862000452,90.0,90.0,31.0238372673563,58.97616273264371,4.148055658022277,1110.0,1,0,4.117312879506436,0.16081690964219011,-0.13007413112634977,0.4921875
1786722043.7360086,11.500000992000423,90.0,90.0,31.0238372673563,58.97616273264371,4.0784438866980866,1110.0,1,0,4.117312879506436,0.16081690964219011,-0.1996859024505399,0.4921875
1786722043.7618735,11.520000825000352,90.0,90.0,32.91911911422653,57.08088088577347,3.7606663567437515,1110.0,1,0,3.984997245581777,0.16081690964219011,-0.38514779848021596,1.017578125
1786722043.7760978,11.540000842999689,90.0,90.0,32.91911911422653,57.08088088577347,3.686481598331881,1110.0,1,0,3.984997245581777,0.16081690964219011,-0.45933255689208635,1.017578125
1786722043.7972937,11.560000806000062,90.0,90.0,32.91911911422653,57.08088088577347,3.656807694967133,1110.0,1,0,3.984997245581777,0.16081690964219011,-0.48900646025683453,1.017578125
1786722043.8185153,11.58000091699978,90.0,90.0,36.31184250055193,53.68815749944807,3.2522219838180746,1110.0,1,0,3.748140470778618,0.16081690964219011,-0.6567353966027338,1.537109375
1786722043.836028,11.6000006940003,90.0,90.0,36.31184250055193,53.68815749944807,3.1851304092797146,1110.0,1,0,3.748140470778618,0.16081690964219011,-0.7238269711410935,1.537109375
1786722043.8618855,11.620000805000018,90.0,90.0,41.17529726102603,48.82470273897397,2.66641683509611,1110.0,1,0,3.408607276410357,0.16081690964219011,-0.9030073509564374,2.044921875
1786722043.8768358,11.640001118999862,90.0,90.0,41.17529726102603,48.82470273897397,2.5947446831699725,1110.0,1,0,3.408607276410357,0.16081690964219011,-0.9746795028825749,2.044921875
1786722043.8973699,11.660000916000172,90.0,90.0,47.47757338151021,42.52242661848979,2.126093947710462,1110.0,1,0,2.968625401721302,0.16081690964219011,-1.0033483636530298,2.044921875
1786722043.9193377,11.680000618999657,90.0,90.0,47.47757338151021,42.52242661848979,1.96638421590228,1110.0,1,0,2.968625401721302,0.16081690964219011,-1.163058095461212,2.5390625
1786722043.9367259,11.700000971000009,90.0,90.0,47.47757338151021,42.52242661848979,1.9025003231790072,1110.0,1,0,2.968625401721302,0.16081690964219011,-1.2269419881844847,2.5390625
1786722043.9627004,11.72000085899981,90.0,90.0,55.17514439895521,34.82485560104479,1.1924846189476779,1110.0,1,0,2.4312335670792815,0.16081690964219011,-1.3995658577737937,3.029296875
1786722043.9767215,11.74000089600031,90.0,90.0,55.17514439895521,34.82485560104479,1.1234350711119543,1110.0,1,0,2.4312335670792815,0.16081690964219011,-1.4686154056095173,3.029296875
1786722043.9975307,11.760001044000091,90.0,90.0,64.26441843762257,25.735581562377433,0.46126421761451386,1135.0,1,0,1.7966825327161307,0.16620695724033852,-1.4962352247438069,3.029296875
1786722044.0204873,11.780000636000295,90.0,90.0,64.26441843762257,25.735581562377433,0.3143954000589466,1160.0,1,0,1.7966825327161307,0.17159700483848692,-1.6484940898975227,3.5
1786722044.0366402,11.800000840000394,90.0,90.0,64.26441843762257,25.735581562377433,0.25888190159560853,1185.0,1,0,1.7966825327161307,0.1769870524366353,-1.709397635959009,3.5
1786722044.0627205,11.820000802000322,90.0,90.0,74.69288705501879,15.307112944981215,-0.6217276724886971,1210.0,1,1,1.0686380794582713,0.1801929666750101,-1.8673528043836036,3.9453125
1786722044.0760064,11.840000653999596,90.0,90.0,74.69288705501879,15.307112944981215,-0.6817038256201602,1235.0,1,1,1.0686380794582713,0.1801929666750101,-1.9305348717534416,3.9453125
1786722044.097443,11.86000106099982,90.0,90.0,86.37024135002764,3.6297586499723593,-1.5222097740473184,1260.0,1,1,0.2534049579790482,0.1801929666750101,-1.9558076987013768,3.9453125
1786722044.1205459,11.880000950000067,90.0,90.0,86.37024135002764,3.6297586499723593,-1.6418892173264923,1285.0,1,1,0.2534049579790482,0.1801929666750101,-2.0754871419805507,4.310546875
1786722044.1373,11.900000726999679,90.0,90.0,86.37024135002764,3.6297586499723593,-1.6897609946381622,1310.0,1,1,0.2534049579790482,0.1801929666750101,-2.1233589192922206,4.310546875
1786722044.1625714,11.920000727000115,90.0,90.0,98.91765171124575,-8.917651711245753,-2.655196699171259,1335.0,-1,0,-0.6225695356293801,0.1801929666750101,-2.2128201302168886,4.544921875
1786722044.1772316,11.940001042000404,90.0,90.0,98.91765171124575,-8.917651711245753,-7.696206184927618,1360.0,-1,0,-1.780548871900027,0.515351884690529,-6.4310091977181205,4.544921875
1786722044.1979902,11.960000856000079,90.0,90.0,112.05130774413544,-22.051307744135443,-10.359483819491775,1385.0,-1,0,-4.402889056345057,0.515351884690529,-6.471946647837248,4.544921875
1786722044.2203584,11.980000763000135,90.0,90.0,112.05130774413544,-22.051307744135443,-10.486460362039427,1410.0,-1,0,-4.402889056345057,0.515351884690529,-6.598923190384899,4.673828125
1786722044.237112,12.000000633999662,90.0,90.0,112.05130774413544,-22.051307744135443,-10.537250979058488,1435.0,-1,0,-4.402889056345057,0.515351884690529,-6.649713807403959,4.673828125
1786722044.262412,12.020000892999633,90.0,90.0,125.46541364332239,-35.46541364332239,-13.26104033851507,1460.0,-1,0,-7.081225450244014,0.515351884690529,-6.695166772961583,4.703125
1786722044.2770214,12.040000965999752,90.0,90.0,125.46541364332239,-35.46541364332239,-13.27922152473812,1485.0,-1,0,-7.081225450244014,0.515351884690529,-6.713347959184633,4.703125
1786722044.2972507,12.060000985000443,90.0,90.0,138.90739846657067,-48.90739846657067,-15.970396857078303,1510.0,-1,0,-9.765128308094978,0.515351884690529,-6.7206204336738535,4.703125
1786722044.3203008,12.080000744000245,90.0,90.0,138.90739846657067,-48.90739846657067,-15.93141131562399,1535.0,-1,0,-9.765128308094978,0.515351884690529,-6.681634892219541,4.654296875
1786722044.3372405,12.10000115099956,90.0,90.0,138.90739846657067,-48.90739846657067,-15.915817099042265,1560.0,-1,0,-9.765128308094978,0.515351884690529,-6.666040675637816,4.654296875
