t,ref,angle,err,u,pwm,state,P,I,D,gz
7.40999894333072e-07,0.0,-0.0057289649533345255,0.0057289649533345255,0.0,1500,idle,0.0,0.0,0.0,0.0
0.020000887000151124,0.0,-0.0057289649533345255,0.0057289649533345255,0.0,1500,idle,0.0,0.0,0.0,0.0
0.04000079300021753,0.0,-0.0057289649533345255,0.0057289649533345255,0.0,1500,idle,0.0,0.0,0.0,0.0
0.06000043900030505,0.0,-0.0057289649533345255,0.0057289649533345255,0.0,1500,idle,0.0,0.0,0.0,0.0
0.08000071600008596,0.0,-0.0057289649533345255,0.0057289649533345255,0.0,1500,idle,0.0,0.0,0.0,0.0
0.10000050999997256,0.0,-0.0057289649533345255,0.0057289649533345255,0.0,1500,idle,0.0,0.0,0.0,0.0
0.12000028600004953,0.0,-0.0057289649533345255,0.0057289649533345255,0.0,1500,idle,0.0,0.0,0.0,0.0
0.14000093300001026,0.0,-0.0057289649533345255,0.0057289649533345255,0.0,1500,idle,0.0,0.0,0.0,0.0
0.16000041300003431,0.0,-0.0057289649533345255,0.0057289649533345255,0.0,1500,idle,0.0,0.0,0.0,0.0
0.18000052300021707,0.0,-0.0057289649533345255,0.0057289649533345255,0.0,1500,idle,0.0,0.0,0.0,0.0
0.2000003729999662,0.0,-0.0057289649533345255,0.0057289649533345255,0.0,1500,idle,0.0,0.0,0.0,0.0
0.22000040900002205,0.0,-0.0057289649533345255,0.0057289649533345255,0.0,1500,idle,0.0,0.0,0.0,0.0
0.24000040800001443,0.0,-0.0057289649533345255,0.0057289649533345255,0.0,1500,idle,0.0,0.0,0.0,0.0
0.26000031400008083,0.0,-0.0057289649533345255,0.0057289649533345255,0.0,1500,idle,0.0,0.0,0.0,0.0
0.2800009229999887,0.0,-0.0057289649533345255,0.0057289649533345255,0.0,1500,idle,0.0,0.0,0.0,0.0
0.30000032999987525,0.0,-0.0057289649533345255,0.0057289649533345255,0.0,1500,idle,0.0,0.0,0.0,0.0
0.32000036499994167,0.0,-0.0015921054205989549,0.0015921054205989549,0.0,1500,idle,0.0,0.0,0.0,0.0
0.3400004190002619,0.0,-0.0015921054205989549,0.0015921054205989549,0.0,1500,idle,0.0,0.0,0.0,0.0
0.36000049199992645,0.0,-0.0015921054205989549,0.0015921054205989549,0.0,1500,idle,0.0,0.0,0.0,0.0
0.3800002500001938,0.0,0.0021331929772259173,-0.0021331929772259173,0.0,1500,idle,0.0,0.0,0.0,0.0
0.4000002860002496,0.0,0.0021331929772259173,-0.0021331929772259173,0.0,1500,idle,0.0,0.0,0.0,0.0
0.4200002659999882,0.0,0.0021331929772259173,-0.0021331929772259173,0.0,1500,idle,0.0,0.0,0.0,0.0
0.4400002460001815,0.0,0.0021331929772259173,-0.0021331929772259173,0.0,1500,idle,0.0,0.0,0.0,0.0
0.4600002450001739,0.0,0.0021331929772259173,-0.0021331929772259173,0.0,1500,idle,0.0,0.0,0.0,0.0
0.48000024300017685,0.0,0.005651390332360506,-0.005651390332360506,0.0,1500,idle,0.0,0.0,0.0,0.0
0.5000003899999683,0.0,0.005651390332360506,-0.005651390332360506,0.0,1500,idle,0.0,0.0,0.0,0.0
0.5200002589999713,0.0,0.005651390332360506,-0.005651390332360506,0.0,1500,idle,0.0,0.0,0.0,0.0
0.5400004240000271,0.0,0.005651390332360506,-0.005651390332360506,0.0,1500,idle,0.0,0.0,0.0,0.0
0.5600003680001464,0.0,0.005651390332360506,-0.005651390332360506,0.0,1500,idle,0.0,0.0,0.0,0.0
0.5800003290000859,0.0,0.005651390332360506,-0.005651390332360506,0.0,1500,idle,0.0,0.0,0.0,0.0
0.6000006429999303,0.0,0.005651390332360506,-0.005651390332360506,0.0,1500,idle,0.0,0.0,0.0,0.0
0.6200003819999438,0.0,0.00978859698940937,-0.00978859698940937,0.0,1500,idle,0.0,0.0,0.0,0.0
0.6400003620001371,0.0,0.00978859698940937,-0.00978859698940937,0.0,1500,idle,0.0,0.0,0.0,0.0
0.6600008610002988,0.0,0.00978859698940937,-0.00978859698940937,0.0,1500,idle,0.0,0.0,0.0,0.0
0.6800004890001219,0.0,0.00978859698940937,-0.00978859698940937,0.0,1500,idle,0.0,0.0,0.0,0.0
0.7000003769999239,0.0,0.00978859698940937,-0.00978859698940937,0.0,1500,idle,0.0,0.0,0.0,0.0
0.7200002829999903,0.0,0.013513464070598502,-0.013513464070598502,0.0,1500,idle,0.0,0.0,0.0,0.0
0.7400006329999087,0.0,0.013513464070598502,-0.013513464070598502,0.0,1500,idle,0.0,0.0,0.0,0.0
0.7600003729999116,0.0,0.013513464070598502,-0.013513464070598502,0.0,1500,idle,0.0,0.0,0.0,0.0
0.780000260000179,0.0,0.013513464070598502,-0.013513464070598502,0.0,1500,idle,0.0,0.0,0.0,0.0
0.8000003880001714,0.0,0.013513464070598502,-0.013513464070598502,0.0,1500,idle,0.0,0.0,0.0,0.0
0.8200003870001638,0.0,0.015916839101436153,-0.015916839101436153,0.0,1500,idle,0.0,0.0,0.0,0.0
0.8400003860001561,0.0,0.015916839101436153,-0.015916839101436153,0.0,1500,idle,0.0,0.0,0.0,0.0
0.8600003659998947,0.0,0.015916839101436153,-0.015916839101436153,0.0,1500,idle,0.0,0.0,0.0,0.0
0.8800004760000775,0.0,0.015916839101436153,-0.015916839101436153,0.0,1500,idle,0.0,0.0,0.0,0.0
0.9000003260002813,0.0,0.015916839101436153,-0.015916839101436153,0.0,1500,idle,0.0,0.0,0.0,0.0
0.9200003250002737,0.0,0.015916839101436153,-0.015916839101436153,0.0,1500,idle,0.0,0.0,0.0,0.0
0.9400002490001498,0.0,0.015916839101436153,-0.015916839101436153,0.0,1500,idle,0.0,0.0,0.0,0.0
0.9600003030000153,0.0,0.015916839101436153,-0.015916839101436153,0.0,1500,idle,0.0,0.0,0.0,0.0
0.9800003390000711,0.0,0.019435520028963538,-0.019435520028963538,0.0,1500,idle,0.0,0.0,0.0,0.0
1.0000003929999366,0.0,0.019435520028963538,-0.019435520028963538,0.0,1500,idle,0.0,0.0,0.0,0.0
1.0200002810001934,0.0,0.019435520028963538,-0.019435520028963538,0.0,1500,idle,0.0,0.0,0.0,0.0
1.0400003170002492,0.0,0.019435520028963538,-0.019435520028963538,0.0,1500,idle,0.0,0.0,0.0,0.0
1.0600004080001781,0.0,0.019435520028963538,-0.019435520028963538,0.0,1500,idle,0.0,0.0,0.0,0.0
1.0800004810002974,0.0,0.019435520028963538,-0.019435520028963538,0.0,1500,idle,0.0,0.0,0.0,0.0
1.1000002939999831,0.0,0.019435520028963538,-0.019435520028963538,0.0,1500,idle,0.0,0.0,0.0,0.0
1.120000330000039,0.0,0.023572875841722407,-0.023572875841722407,0.0,1500,idle,0.0,0.0,0.0,0.0
1.1400008470000103,0.0,0.023572875841722407,-0.023572875841722407,0.0,1500,idle,0.0,0.0,0.0,0.0
1.16000066100014,0.0,0.023572875841722407,-0.023572875841722407,0.0,1500,idle,0.0,0.0,0.0,0.0
1.1800003450002805,0.0,0.023572875841722407,-0.023572875841722407,0.0,1500,idle,0.0,0.0,0.0,0.0
1.2000007510000614,0.0,0.023572875841722407,-0.023572875841722407,0.0,1500,idle,0.0,0.0,0.0,0.0
1.2200002690001384,0.0,0.023572875841722407,-0.023572875841722407,0.0,1500,idle,0.0,0.0,0.0,0.0
1.2400005640001837,0.0,0.023572875841722407,-0.023572875841722407,0.0,1500,idle,0.0,0.0,0.0,0.0
1.2600003780003135,0.0,0.023572875841722407,-0.023572875841722407,0.0,1500,idle,0.0,0.0,0.0,0.0
1.2800003950001155,0.0,0.023572875841722407,-0.023572875841722407,0.0,1500,idle,0.0,0.0,0.0,0.0
1.300000412999907,0.0,0.023572875841722407,-0.023572875841722407,0.0,1500,idle,0.0,0.0,0.0,0.0
1.3200003930001003,0.0,0.023572875841722407,-0.023572875841722407,0.0,1500,idle,0.0,0.0,0.0,0.0
1.3400003920000927,0.0,0.023572875841722407,-0.023572875841722407,0.0,1500,idle,0.0,0.0,0.0,0.0
1.360000391000085,0.0,0.023572875841722407,-0.023572875841722407,0.0,1500,idle,0.0,0.0,0.0,0.0
1.3800003720002678,0.0,0.023572875841722407,-0.023572875841722407,0.0,1500,idle,0.0,0.0,0.0,0.0
1.4000003710002602,0.0,0.023572875841722407,-0.023572875841722407,0.0,1500,idle,0.0,0.0,0.0,0.0
1.4200003700002526,0.0,0.027297311480879216,-0.027297311480879216,0.0,1500,idle,0.0,0.0,0.0,0.0
1.440000424000118,0.0,0.027297311480879216,-0.027297311480879216,0.0,1500,idle,0.0,0.0,0.0,0.0
1.4600004230001105,0.0,0.027297311480879216,-0.027297311480879216,0.0,1500,idle,0.0,0.0,0.0,0.0
1.4800004590001663,0.0,0.027297311480879216,-0.027297311480879216,0.0,1500,idle,0.0,0.0,0.0,0.0
1.5000004030002856,0.0,0.027297311480879216,-0.027297311480879216,0.0,1500,idle,0.0,0.0,0.0,0.0
1.5200003459999607,0.0,0.027297311480879216,-0.027297311480879216,0.0,1500,idle,0.0,0.0,0.0,0.0
1.540000364000207,0.0,0.027297311480879216,-0.027297311480879216,0.0,1500,idle,0.0,0.0,0.0,0.0
1.560000306999882,0.0,0.027297311480879216,-0.027297311480879216,0.0,1500,idle,0.0,0.0,0.0,0.0
1.5800003800000013,0.0,0.027297311480879216,-0.027297311480879216,0.0,1500,idle,0.0,0.0,0.0,0.0
1.6000003419999302,0.0,0.027297311480879216,-0.027297311480879216,0.0,1500,idle,0.0,0.0,0.0,0.0
1.620000304000314,0.0,0.027297311480879216,-0.027297311480879216,0.0,1500,idle,0.0,0.0,0.0,0.0
1.6400003220001054,0.0,0.027297311480879216,-0.027297311480879216,0.0,1500,idle,0.0,0.0,0.0,0.0
1.6600003200001083,0.0,0.027297311480879216,-0.027297311480879216,0.0,1500,idle,0.0,0.0,0.0,0.0
1.6800007080000796,0.0,0.027297311480879216,-0.027297311480879216,0.0,1500,idle,0.0,0.0,0.0,0.0
1.7000003550001566,0.0,0.027297311480879216,-0.027297311480879216,0.0,1500,idle,0.0,0.0,0.0,0.0
1.720000280000022,0.0,0.027297311480879216,-0.027297311480879216,0.0,1500,idle,0.0,0.0,0.0,0.0
1.7400008530003106,0.0,0.027297311480879216,-0.027297311480879216,0.0,1500,idle,0.0,0.0,0.0,0.0
1.7600003520001337,0.0,0.027297311480879216,-0.027297311480879216,0.0,1500,idle,0.0,0.0,0.0,0.0
1.780000425000253,0.0,0.027297311480879216,-0.027297311480879216,0.0,1500,idle,0.0,0.0,0.0,0.0
1.800000387000182,0.0,0.027297311480879216,-0.027297311480879216,0.0,1500,idle,0.0,0.0,0.0,0.0
1.820000274999984,0.0,0.027297311480879216,-0.027297311480879216,0.0,1500,idle,0.0,0.0,0.0,0.0
1.8400003110000398,0.0,0.027297311480879216,-0.027297311480879216,0.0,1500,idle,0.0,0.0,0.0,0.0
1.8600002920002225,0.0,0.027297311480879216,-0.027297311480879216,0.0,1500,idle,0.0,0.0,0.0,0.0
1.880000439000014,0.0,0.027297311480879216,-0.027297311480879216,0.0,1500,idle,0.0,0.0,0.0,0.0
1.9000003450000804,0.0,0.027297311480879216,-0.027297311480879216,0.0,1500,idle,0.0,0.0,0.0,0.0
1.9200004180001997,0.0,0.027297311480879216,-0.027297311480879216,0.0,1500,idle,0.0,0.0,0.0,0.0
1.9400002689999383,0.0,0.027297311480879216,-0.027297311480879216,0.0,1500,idle,0.0,0.0,0.0,0.0
1.960000250000121,0.0,0.027297311480879216,-0.027297311480879216,0.0,1500,idle,0.0,0.0,0.0,0.0
1.9800003230002403,0.0,0.027297311480879216,-0.027297311480879216,0.0,1500,idle,0.0,0.0,0.0,0.0
2.000000359000296,-60.0,0.027297311480879216,-60.02729731148088,-3.143021937476645,1645,kick,-3.143021937476645,0.0,0.0,0.0
2.0200003580002885,-60.0,0.027297311480879216,-60.02729731148088,-3.143021937476645,1645,kick,-3.143021937476645,0.0,0.0,0.0
2.040000338000027,-60.0,0.027297311480879216,-60.02729731148088,-3.143021937476645,1645,kick,-3.143021937476645,0.0,0.0,0.0
2.060000374000083,-60.0,0.027297311480879216,-60.02729731148088,-3.143021937476645,1645,kick,-3.143021937476645,0.0,0.0,0.0
2.0800005209998744,-60.0,0.027297311480879216,-60.02729731148088,-3.143021937476645,1645,kick,-3.143021937476645,0.0,0.0,0.0
2.100000354000258,-60.0,0.027297311480879216,-60.02729731148088,-3.143021937476645,1645,kick,-3.143021937476645,0.0,0.0,0.0
2.1200003530002505,-60.0,0.02658435666415926,-60.02658435666416,-3.137125232249735,1645,kick,-3.142984607249735,0.0,0.00234375,-0.00390625
2.140001129000211,-60.0,0.02658435666415926,-60.02658435666416,-3.134781482249735,1645,kick,-3.142984607249735,0.0,0.00328125,-0.00390625
2.160000518000288,-60.0,0.02658435666415926,-60.02658435666416,-3.133843982249735,1645,kick,-3.142984607249735,0.0,0.0036562499999999998,-0.00390625
2.1800004239999,-60.0,0.0007192332095655729,-60.000719233209566,-3.126255312552583,1645,kick,-3.141630312552583,0.0,0.00615,-0.0078125
2.200000387000273,-60.0,0.0007192332095655729,-60.000719233209566,-3.123761562552583,1645,kick,-3.141630312552583,0.0,0.0071475,-0.0078125
2.220000256000276,-60.0,-0.022619916660886474,-59.97738008333911,-3.1274014025230157,1670.0,run,-3.1404082775230155,0.0,0.005202750000000001,-0.00390625
2.24000032999993,-60.0,-0.022619916660886474,-59.97738008333911,-3.1293461525230155,1695.0,run,-3.1404082775230155,0.0,0.00442485,-0.00390625
2.2600002730000597,-60.0,-0.0389296194367148,-59.961070380563285,-3.129270078482636,1720.0,run,-3.139554303482636,0.0,0.00411369,-0.00390625
2.280000235999978,-60.0,-0.0389296194367148,-59.961070380563285,-3.129581238482636,1745.0,run,-3.139554303482636,0.0,0.003989226,-0.00390625
2.300000346000161,-60.0,-0.0389296194367148,-59.961070380563285,-3.129705702482636,1770.0,run,-3.139554303482636,0.0,0.0039394404,-0.00390625
2.32000029000028,-60.0,-0.0493452618414949,-59.950654738158505,-3.1087023138216145,1795.0,run,-3.1390089417216145,0.0,0.01212265116,-0.017578125
2.340000400000008,-60.0,-0.0493452618414949,-59.950654738158505,-3.1005191030616146,1820.0,run,-3.1390089417216145,0.0,0.015395935464,-0.017578125
2.3600004919999265,-60.0,-0.12201162451671621,-59.877988375483284,-3.093441016905222,1845.0,run,-3.135204139869222,0.0,0.0167052491856,-0.017578125
2.3800002880002467,-60.0,-0.12201162451671621,-59.877988375483284,-3.0423270156836217,1870.0,run,-3.135204139869222,0.0,0.03715084967424,-0.05078125
2.4000003430001016,-60.0,-0.12201162451671621,-59.877988375483284,-3.021881415194982,1895.0,run,-3.135204139869222,0.0,0.045329089869696,-0.05078125
2.420000360999893,-60.0,-0.3115249680911063,-59.688475031908894,-2.9158896545340167,1900.0,run,-3.1252812444037126,0.0,0.08375663594787841,-0.109375
2.440000396999949,-60.0,-0.3115249680911063,-59.688475031908894,-2.877462108455834,1900.0,run,-3.1252812444037126,0.0,0.09912765437915136,-0.109375
2.460000358999878,-60.0,-0.3115249680911063,-59.688475031908894,-2.862091090024561,1900.0,run,-3.1252812444037126,0.0,0.10527606175166054,-0.109375
2.480000377000124,-60.0,-0.6685725195771113,-59.33142748042289,-2.7288492790732084,1900.0,run,-3.106586278324869,0.0,0.15109479970066422,-0.181640625
2.5000003019999895,-60.0,-0.6685725195771113,-59.33142748042289,-2.6830305411242046,1900.0,run,-3.106586278324869,0.0,0.1694222948802657,-0.181640625
2.520000393999908,-60.0,-1.2405983345145444,-58.759401665485456,-2.505845594313417,1900.0,run,-3.0766350766936825,0.0,0.2283157929521063,-0.267578125
2.540000338000027,-60.0,-1.2405983345145444,-58.759401665485456,-2.446952096241576,1900.0,run,-3.0766350766936825,0.0,0.25187319218084253,-0.267578125
2.56000031900021,-60.0,-2.0646687246120905,-57.93533127538791,-2.3802464722866516,1900.0,run,-3.0334868519674942,0.0,0.261296151872337,-0.267578125
2.5800004660000013,-60.0,-2.0646687246120905,-57.93533127538791,-2.250706325095157,1900.0,run,-3.0334868519674942,0.0,0.3131122107489348,-0.34765625
2.600000280000131,-60.0,-2.0646687246120905,-57.93533127538791,-2.1988902662185597,1900.0,run,-3.0334868519674942,0.0,0.33383863429957394,-0.34765625
2.620000650000293,-60.0,-3.103313583645246,-56.896686416354754,-2.0095227125207975,1900.0,run,-2.9791035343203713,0.0,0.38783232871982953,-0.423828125
2.6400005010000314,-60.0,-3.103313583645246,-56.896686416354754,-1.9555290181005418,1900.0,run,-2.9791035343203713,0.0,0.4094298064879318,-0.423828125
2.660000722999939,-60.0,-4.3713710889832385,-55.62862891101676,-1.8675362046141188,1900.0,run,-2.9127081986020507,0.0,0.4180687975951727,-0.423828125
2.680000758999995,-60.0,-4.3713710889832385,-55.62862891101676,-1.735850338506878,1900.0,run,-2.9127081986020507,0.0,0.4707431440380691,-0.505859375
2.7000003880002623,-60.0,-4.3713710889832385,-55.62862891101676,-1.6831759920639815,1900.0,run,-2.9127081986020507,0.0,0.49181288261522765,-0.505859375
2.7200002949998634,-60.0,-5.8821308973390956,-54.117869102660904,-1.465815554898998,1900.0,run,-2.833605000014226,0.0,0.5471157780460911,-0.583984375
2.740000794000025,-60.0,-5.8821308973390956,-54.117869102660904,-1.410512659468135,1900.0,run,-2.833605000014226,0.0,0.5692369362184364,-0.583984375
2.760000386000229,-60.0,-7.602680661012897,-52.3973193389871,-1.298303726334235,1900.0,run,-2.7435172250526714,0.0,0.5780853994873746,-0.583984375
2.780000348000158,-60.0,-7.602680661012897,-52.3973193389871,-1.1693380755652967,1900.0,run,-2.7435172250526714,0.0,0.6296716597949499,-0.6640625
2.8000003100000868,-60.0,-7.602680661012897,-52.3973193389871,-1.1177518152577215,1900.0,run,-2.7435172250526714,0.0,0.6503061639179799,-0.6640625
2.820000327999878,-60.0,-9.55976062867282,-50.44023937132718,-0.8774573436532218,1875.0,run,-2.6410447575712017,0.0,0.705434965567192,-0.7421875
2.840000401999987,-60.0,-9.55976062867282,-50.44023937132718,-0.8223285420040096,1850.0,run,-2.6410447575712017,0.0,0.7274864862268768,-0.7421875
2.8600002900002437,-60.0,-11.739629123588202,-48.2603708764118,-0.6861393738540247,1825.0,run,-2.5269071100809017,0.0,0.7363070944907508,-0.7421875
2.8800003999999717,-60.0,-11.739629123588202,-48.2603708764118,-0.5659906405901509,1800.0,run,-2.5269071100809017,0.0,0.7843665877963003,-0.81640625
2.9000004550002814,-60.0,-11.739629123588202,-48.2603708764118,-0.5179311472846013,1775.0,run,-2.5269071100809017,0.0,0.8035903851185201,-0.81640625
2.920000527999946,-60.0,-14.122322034146663,-45.87767796585334,-0.2889889034028661,1750.0,run,-2.402149601021386,0.0,0.8452642790474081,-0.873046875
2.9400003060000017,-60.0,-14.122322034146663,-45.87767796585334,-0.247315009473978,1725.0,run,-2.402149601021386,0.0,0.8619338366189633,-0.873046875
2.9600003969999307,-60.0,-16.636352821945792,-43.36364717805421,-0.0990111076716178,1700.0,run,-2.270515256790581,0.0,0.8686016596475853,-0.873046875
2.9800002490001134,-60.0,-16.636352821945792,-43.36364717805421,-0.03960890964299546,1500,idle,-2.270515256790581,0.0,0.8923625388590342,-0.908203125
3.0000003220002327,-60.0,-16.636352821945792,-43.36364717805421,-0.0158480304315467,1500,idle,-2.270515256790581,0.0,0.9018668905436137,-0.908203125
3.020000414000151,-60.0,-19.232989630119192,-40.76701036988081,0.1442643440963396,1500,idle,-2.1345556714472744,0.0,0.9115280062174456,-0.91796875
3.040000543000133,-60.0,-19.232989630119192,-40.76701036988081,0.15392545977017136,1500,idle,-2.1345556714472744,0.0,0.9153924524869783,-0.91796875
3.060000412000136,-60.0,-21.853159099670307,-38.14684090032969,0.2949816586514047,1500,idle,-1.9973639188355736,0.0,0.9169382309947913,-0.91796875
3.0800006530002975,-60.0,-21.853159099670307,-38.14684090032969,0.2965274371592177,1500,idle,-1.9973639188355736,0.0,0.9175565423979166,-0.91796875
3.1000002999999197,-60.0,-21.853159099670307,-38.14684090032969,0.297145748562343,1500,idle,-1.9973639188355736,0.0,0.9178038669591666,-0.91796875
3.1200003359999755,-60.0,-24.445060924638852,-35.55493907536115,0.421385985326046,1500,dwell,-1.8616522566331208,0.0,0.9132152967836666,-0.91015625
3.1400010770003064,-60.0,-24.445060924638852,-35.55493907536115,0.4167974151505458,1500,dwell,-1.8616522566331208,0.0,0.9113798687134667,-0.91015625
3.160000484000193,-60.0,-27.032525808493148,-32.96747419150685,0.550441331589316,1500,dwell,-1.7261729121241507,0.0,0.9106456974853866,-0.91015625
3.1800002800000584,-60.0,-27.032525808493148,-32.96747419150685,0.5379884103612358,1500,dwell,-1.7261729121241507,0.0,0.9056645289941546,-0.90234375
3.2000003349999133,-60.0,-27.032525808493148,-32.96747419150685,0.5330072418700043,1500,dwell,-1.7261729121241507,0.0,0.9036720615976619,-0.90234375
3.2200002600002335,-60.0,-29.617425502174626,-30.382574497825374,0.6605004309391154,1500,dwell,-1.5908278806585465,0.0,0.9005313246390647,-0.8984375
3.2400006299999404,-60.0,-29.617425502174626,-30.382574497825374,0.6573596939805184,1500,dwell,-1.5908278806585465,0.0,0.8992750298556259,-0.8984375
3.2600002409999433,-60.0,-32.16056222321774,-27.839437776782262,0.7892617265288038,1500,dwell,-1.457669553326822,0.0,0.8987725119422504,-0.8984375
3.280000389000179,-60.0,-32.16056222321774,-27.839437776782262,0.7828998336154285,1390,kick,-1.457669553326822,0.0,0.8962277547769002,-0.89453125
3.3000004069999704,-60.0,-32.16056222321774,-27.839437776782262,0.7803550764500782,1390,kick,-1.457669553326822,0.0,0.8952098519107601,-0.89453125
3.32000033300028,-60.0,-34.68050615597525,-25.31949384402475,0.8966326918607577,1390,kick,-1.3257255975500024,0.0,0.8889433157643041,-0.884765625
3.340000368999881,-60.0,-34.68050615597525,-25.31949384402475,0.8903661557143019,1390,kick,-1.3257255975500024,0.0,0.8864367013057217,-0.884765625
3.3600004059999264,-60.0,-37.17382332132689,-22.826176678673107,1.0184093227513533,1390,kick,-1.1951758160543684,0.0,0.8854340555222887,-0.884765625
3.3800004059999083,-60.0,-37.17382332132689,-22.826176678673107,0.9793207394679206,1390,kick,-1.1951758160543684,0.0,0.8697986222089156,-0.859375
3.4000002759999006,-60.0,-37.17382332132689,-22.826176678673107,0.963685306154547,1390,kick,-1.1951758160543684,0.0,0.8635444488835662,-0.859375
3.4200003860000834,-60.0,-39.60866956424704,-20.391330435752963,1.0585521964855082,1390,kick,-1.0676875648980577,0.0,0.8504959045534264,-0.841796875
3.440000367000266,-60.0,-39.60866956424704,-20.391330435752963,1.0455036521553687,1390,kick,-1.0676875648980577,0.0,0.8452764868213705,-0.841796875
3.4600004040003114,-60.0,-41.96847339791276,-18.03152660208724,1.1638432742192673,1390,kick,-0.9441285251021033,0.0,0.8431887197285481,-0.841796875
3.480000644000029,-60.0,-41.96847339791276,-18.03152660208724,1.1207398821264447,1390,kick,-0.9441285251021033,0.0,0.8259473628914192,-0.814453125
3.500000385000021,-60.0,-41.96847339791276,-18.03152660208724,1.1034985252893161,1365.0,run,-0.9441285251021033,0.0,0.8190508201565677,-0.814453125
3.5200003099998867,-60.0,-44.26383651874795,-15.73616348125205,1.184560352016744,1340.0,run,-0.8239435931398238,0.0,0.8034015780626271,-0.79296875
3.540000403000249,-60.0,-44.26383651874795,-15.73616348125205,1.1689111099228033,1315.0,run,-0.8239435931398238,0.0,0.7971418812250508,-0.79296875
3.5600004020002416,-60.0,-46.50856838017424,-13.491431619825761,1.2801852985041569,1290.0,run,-0.7064097077208942,0.0,0.7946380024900204,-0.79296875
3.58000036500016,-60.0,-46.50856838017424,-13.491431619825761,1.2278767322691262,1265.0,run,-0.7064097077208942,0.0,0.7737145759960081,-0.759765625
3.600000345999888,-60.0,-46.50856838017424,-13.491431619825761,1.2069533057751138,1240.0,run,-0.7064097077208942,0.0,0.7653452053984032,-0.759765625
3.6200003459998698,-60.0,-48.62231781521547,-11.377682184784533,1.221368971788427,1215.0,run,-0.5957340461099759,0.0,0.7268412071593613,-0.701171875
3.6400004750003063,-60.0,-48.62231781521547,-11.377682184784533,1.1828649735493855,1190.0,run,-0.5957340461099759,0.0,0.7114396078637446,-0.701171875
3.660000400000172,-60.0,-50.520991091937105,-9.479008908062895,1.2658850350574054,1165.0,run,-0.49631974581470995,-0.0033087983054313997,0.7052789681454978,-0.701171875
3.6800004000001536,-60.0,-50.520991091937105,-9.479008908062895,1.074161443347529,1140.0,run,-0.49631974581470995,-0.0066175966108627995,0.6289865872581991,-0.578125
3.700000344000273,-60.0,-50.520991091937105,-9.479008908062895,0.996876422968601,1115.0,run,-0.49631974581470995,-0.009926394916294198,0.5984696349032796,-0.578125
3.7200002879999374,-60.0,-51.9990417388355,-8.000958261164499,0.7206465381226771,1140.0,run,-0.41892919491588254,-0.012719256215733415,0.45735660396131184,-0.36328125
3.7400004730002365,-60.0,-51.9990417388355,-8.000958261164499,0.5786956487908774,1165.0,run,-0.41892919491588254,-0.015512117515172633,0.4009113915845247,-0.36328125
3.760000436000155,-60.0,-52.77578286847202,-7.224217131527979,0.5621639886085976,1190.0,run,-0.37825912447243043,-0.018033845011655503,0.3783333066338099,-0.36328125
3.7800002869998934,-60.0,-52.77578286847202,-7.224217131527979,0.09937626040893788,1215.0,run,-0.37825912447243043,-0.020555572508138373,0.19352082265352394,-0.0703125
3.8000003790002665,-60.0,-52.77578286847202,-7.224217131527979,-0.0861927418202928,1500,idle,-0.37825912447243043,-0.023077300004621243,0.11959582906140959,-0.0703125
3.820000342000185,-60.0,-52.72169406215971,-7.278305937840287,-0.5533604386037736,1500,dwell,-0.3810912077483002,-0.02561790805627658,-0.06583354337543615,0.189453125
3.84000039700004,-60.0,-52.72169406215971,-7.278305937840287,-0.7395519934561159,1500,dwell,-0.3810912077483002,-0.028158516107931915,-0.14000529235017445,0.189453125
3.860000415000286,-60.0,-52.023062984433864,-7.976937015566136,-0.8511393230109467,1500,dwell,-0.41767144543751766,-0.030942992410848698,-0.16967399194006977,0.189453125
3.880000267000014,-60.0,-52.023062984433864,-7.976937015566136,-1.066213677991717,1500,dwell,-0.41767144543751766,-0.03372746871376548,-0.2553695967760279,0.3125
3.9000003040000593,-60.0,-52.023062984433864,-7.976937015566136,-1.1527446257185503,1500,dwell,-0.41767144543751766,-0.036511945016682264,-0.28964783871041117,0.3125
3.920000747999893,-60.0,-51.076636190586896,-8.923363809413104,-1.3136839861710685,1500,dwell,-0.46722623648268735,-0.039626786593233515,-0.3338278854841645,0.36328125
3.94000063600015,-60.0,-51.076636190586896,-8.923363809413104,-1.3587984854177872,1500,dwell,-0.46722623648268735,-0.042741628169784766,-0.3514999041936658,0.36328125
3.960001117000047,-60.0,-50.000827405686294,-9.999172594313706,-1.433846831287949,1500,dwell,-0.5235554527378722,-0.046231997854703916,-0.3585687116774663,0.36328125
3.9800008390002404,-60.0,-50.000827405686294,-9.999172594313706,-1.4859080621772254,1645,kick,-0.5235554527378722,-0.049722367539623065,-0.37897435967098647,0.392578125
4.0000004309999895,-60.0,-50.000827405686294,-9.999172594313706,-1.5073608210762213,1645,kick,-0.5235554527378722,-0.053212737224542214,-0.38713661886839457,0.392578125
4.020000300999982,-60.0,-48.848502228983534,-11.151497771016466,-1.5804026767675325,1645,kick,-0.5838910578991381,0.0,-0.3986046475473578,0.40625
4.0400007640000695,-60.0,-48.848502228983534,-11.151497771016466,-1.591870705446496,1645,kick,-0.5838910578991381,0.0,-0.40319185901894317,0.40625
4.060000930000115,-60.0,-47.68993449847511,-12.310065501524889,-1.6571203814322724,1645,kick,-0.6445535224133291,0.0,-0.4050267436075773,0.40625
4.0800012449999485,-60.0,-47.68993449847511,-12.310065501524889,-1.6296583910209064,1645,kick,-0.6445535224133291,0.0,-0.3940419474430309,0.38671875
4.100000725999962,-60.0,-47.68993449847511,-12.310065501524889,-1.61867359485636,1645,kick,-0.6445535224133291,0.0,-0.3896480289772124,0.38671875
4.120000911000261,-60.0,-46.62245541788573,-13.377544582114268,-1.6203680628478812,1645,kick,-0.7004465963706688,0.0,-0.36796858659088494,0.353515625
4.140001409999968,-60.0,-46.62245541788573,-13.377544582114268,-1.5986886204615538,1645,kick,-0.7004465963706688,0.0,-0.35929680963635396,0.353515625
4.160000929000034,-60.0,-45.6201279380669,-14.3798720619331,-1.6424985876251896,1645,kick,-0.7529283404888356,0.0,-0.3558280988545416,0.353515625
4.180001040000207,-60.0,-45.6201279380669,-14.3798720619331,-1.5950845643433773,1645,kick,-0.7529283404888356,0.0,-0.33686248954181663,0.32421875
4.2000011879999875,-60.0,-45.6201279380669,-14.3798720619331,-1.5761189550306522,1670.0,run,-0.7529283404888356,0.0,-0.32927624581672665,0.32421875
4.220000966000043,-60.0,-44.72001614318995,-15.279983856810048,-1.568787454675478,1695.0,run,-0.8000580838587514,0.0,-0.3074917483266907,0.29296875
4.240001040000152,-60.0,-44.72001614318995,-15.279983856810048,-1.547002957185442,1720.0,run,-0.8000580838587514,0.0,-0.29877794933067625,0.29296875
4.260000873000081,-60.0,-43.91179656653961,-16.088203433460393,-1.5806074362642972,1745.0,run,-0.8423763619336211,0.0,-0.2952924297322705,0.29296875
4.280001262000042,-60.0,-43.91179656653961,-16.088203433460393,-1.5331766041658916,1770.0,run,-0.8423763619336211,0.0,-0.2763200968929082,0.263671875
4.300000725000245,-60.0,-43.91179656653961,-16.088203433460393,-1.5142042713265291,1795.0,run,-0.8423763619336211,0.0,-0.26873116375716327,0.263671875
4.320001094999952,-60.0,-43.20240111175505,-16.79759888824495,-1.4646576348448033,1820.0,run,-0.87952022108764,0.0,-0.2340549655028653,0.2109375
4.340000965999934,-60.0,-43.20240111175505,-16.79759888824495,-1.4299814365905053,1845.0,run,-0.87952022108764,0.0,-0.2201844862011461,0.2109375
4.360000929000307,-60.0,-42.6680650814306,-17.331934918569402,-1.4440887264123803,1870.0,run,-0.9074979902112341,0.0,-0.21463629448045846,0.2109375
4.380000725000173,-60.0,-42.6680650814306,-17.331934918569402,-1.3272124096916926,1895.0,run,-0.9074979902112341,0.0,-0.1678857677921834,0.13671875
4.400000929000271,-60.0,-42.6680650814306,-17.331934918569402,-1.2804618830034176,1900.0,run,-0.9074979902112341,0.0,-0.14918555711687337,0.13671875
4.420000872999935,-60.0,-42.351721877708314,-17.648278122291686,-1.1377003637418905,1900.0,run,-0.9240616816250171,0.0,-0.08545547284674934,0.04296875
4.440000928000245,-60.0,-42.351721877708314,-17.648278122291686,-1.0739702794717665,1900.0,run,-0.9240616816250171,0.0,-0.05996343913869974,0.04296875
4.460001151000142,-60.0,-42.337507384647154,-17.662492615352846,-1.0492225148799745,1900.0,run,-0.9248059507412747,0.0,-0.049766625655479894,0.04296875
4.480000947000008,-60.0,-42.337507384647154,-17.662492615352846,-0.8837522638967547,1875.0,run,-0.9248059507412747,0.0,0.016421474737808035,-0.060546875
4.500000965000254,-60.0,-42.337507384647154,-17.662492615352846,-0.8175641635034667,1850.0,run,-0.9248059507412747,0.0,0.042896714895123214,-0.060546875
4.520001002000299,-60.0,-42.607250492356684,-17.392749507643316,-0.6304808322538724,1825.0,run,-0.9106822346489956,0.0,0.11208056095804929,-0.158203125
4.54000102100008,-60.0,-42.607250492356684,-17.392749507643316,-0.5612969861909463,1800.0,run,-0.9106822346489956,0.0,0.13975409938321973,-0.158203125
4.560000762000072,-60.0,-43.131394014618905,-16.868605985381095,-0.506179357116348,1775.0,run,-0.8832381439995678,0.0,0.1508235147532879,-0.158203125
4.580000669000128,-60.0,-43.131394014618905,-16.868605985381095,-0.3837818167462799,1750.0,run,-0.8832381439995678,0.0,0.19978253090131515,-0.232421875
4.600000965000163,-60.0,-43.131394014618905,-16.868605985381095,-0.33482280059825265,1725.0,run,-0.8832381439995678,0.0,0.21936613736052604,-0.232421875
4.620000910000272,-60.0,-43.861766558481634,-16.138233441518366,-0.2008251021693277,1700.0,run,-0.8449959270298537,0.0,0.2576683299442104,-0.283203125
4.640000799000063,-60.0,-43.861766558481634,-16.138233441518366,-0.1625229095856433,1675.0,run,-0.8449959270298537,0.0,0.27298920697768414,-0.283203125
4.660001020999971,-60.0,-44.719623932647835,-15.280376067352165,-0.10228472547703016,1650.0,run,-0.8000786199547143,0.0,0.27911755779107367,-0.283203125
4.680000873000154,-60.0,-44.719623932647835,-15.280376067352165,-0.04635168716364069,1500,idle,-0.8000786199547143,0.0,0.30149077311642947,-0.31640625
4.700001076000262,-60.0,-44.719623932647835,-15.280376067352165,-0.02397847183828472,1500,idle,-0.8000786199547143,0.0,0.3104400592465718,-0.31640625
4.720000909000191,-60.0,-45.645198248770384,-14.354801751229616,0.04222283465655752,1500,idle,-0.7516156620900143,0.0,0.31753539869862873,-0.322265625
4.740001391000078,-60.0,-45.645198248770384,-14.354801751229616,0.04931817410861439,1500,idle,-0.7516156620900143,0.0,0.3203735344794515,-0.322265625
4.7600008720000915,-60.0,-46.5824545724557,-13.417545427544297,0.10123093623977664,1500,idle,-0.7025410357396747,0.0,0.3215087887917806,-0.322265625
4.780001057999925,-60.0,-46.5824545724557,-13.417545427544297,0.09357712805210572,1500,idle,-0.7025410357396747,0.0,0.3184472655167122,-0.31640625
4.800000760999865,-60.0,-46.5824545724557,-13.417545427544297,0.09051560477703746,1500,idle,-0.7025410357396747,0.0,0.3172226562066849,-0.31640625
4.8200007800001,-60.0,-47.49454236132479,-12.50545763867521,0.1311884254160115,1500,idle,-0.6547842307906734,0.0,0.31438906248267395,-0.3125
4.840000854000209,-60.0,-47.49454236132479,-12.50545763867521,0.12835483169200057,1500,idle,-0.6547842307906734,0.0,0.3132556249930696,-0.3125
4.86000100199999,-60.0,-48.406183900740785,-11.593816099259215,0.17495483358467256,1500,idle,-0.607050791408397,0.0,0.31280224999722783,-0.3125
4.880000871999982,-60.0,-48.406183900740785,-11.593816099259215,0.17157177108883082,1500,idle,-0.607050791408397,0.0,0.31144902499889116,-0.310546875
4.900000704999911,-60.0,-48.406183900740785,-11.593816099259215,0.17021854609049425,1500,idle,-0.607050791408397,0.0,0.3109077349995565,-0.310546875
4.920000668000284,-60.0,-49.30745674548649,-10.69254325451351,0.21393810439004424,1500,idle,-0.5598602556095124,0.0,0.3095193439998226,-0.30859375
4.940000798000256,-60.0,-49.30745674548649,-10.69254325451351,0.21254971339031026,1500,idle,-0.5598602556095124,0.0,0.30896398759992905,-0.30859375
4.960001113000089,-60.0,-50.19592456638935,-9.804075433610649,0.2574877429301571,1500,idle,-0.5133401892911896,-0.003422267928607931,0.3087418450399716,-0.30859375
4.980001224000262,-60.0,-50.19592456638935,-9.804075433610649,0.2445201699916173,1500,idle,-0.5133401892911896,-0.006844535857215862,0.30396548801598866,-0.30078125
5.000001334999979,-60.0,-50.19592456638935,-9.804075433610649,0.2387171325890518,1500,idle,-0.5133401892911896,-0.010266803785823793,0.3020549452063954,-0.30078125
5.020001038999908,-60.0,-51.06358253661256,-8.936417463387443,0.26958248541574326,1500,idle,-0.467909724206492,-0.013386201947200407,0.2966032280825582,-0.29296875
5.040001113000017,-60.0,-51.06358253661256,-8.936417463387443,0.263194948843493,1500,idle,-0.467909724206492,-0.01650560010857702,0.29442254123302325,-0.29296875
5.060000613000284,-60.0,-51.90615114531079,-8.093848854689213,0.30428346531111494,1500,idle,-0.4237929350192966,-0.019330886342039,0.2935502664932093,-0.29296875
5.08000124199998,-60.0,-51.90615114531079,-8.093848854689213,0.2879151672012625,1500,idle,-0.4237929350192966,-0.02215617257550098,0.28734198159728375,-0.283203125
5.10000079800011,-60.0,-51.90615114531079,-8.093848854689213,0.2808592964352983,1500,idle,-0.4237929350192966,-0.024981458808962957,0.2848586676389135,-0.283203125
5.120000909000282,-60.0,-52.7159421868279,-7.284057813172097,0.2995059450093384,1500,idle,-0.3813923752364133,-0.027524074643872378,0.2756622170555654,-0.26953125
5.1400031500002115,-60.0,-52.7159421868279,-7.284057813172097,0.28954670967551754,1500,idle,-0.3813923752364133,-0.0300666904787818,0.27198363682222615,-0.26953125
5.160001149999971,-60.0,-53.49431414379619,-6.505685856203812,0.3259423159752959,1500,idle,-0.34063691487354864,-0.03233760324460545,0.2705122047288905,-0.26953125
5.180001020999953,-60.0,-53.49431414379619,-6.505685856203812,0.30914117255221324,1500,idle,-0.34063691487354864,-0.03460851601042911,0.2640642568915562,-0.259765625
5.200000706000083,-60.0,-53.49431414379619,-6.505685856203812,0.3020119508851318,1500,idle,-0.34063691487354864,-0.03687942877625276,0.2614850777566225,-0.259765625
5.22000092899998,-60.0,-54.24662739741822,-5.753372602581777,0.3265025598264304,1500,idle,-0.3012458850272617,-0.038887734676434506,0.255765906102649,-0.251953125
5.240001021999888,-60.0,-54.24662739741822,-5.753372602581777,0.3201808964024024,1500,idle,-0.3012458850272617,-0.04089604057661625,0.2534782374410596,-0.251953125
5.260000669999954,-60.0,-54.98300789221443,-5.016992107785569,0.3559246421008249,1500,dwell,-0.2626890924822852,-0.042647301193164816,0.2525631699764238,-0.251953125
5.28000081800019,-60.0,-54.98300789221443,-5.016992107785569,0.3281170089512247,1500,dwell,-0.2626890924822852,-0.04439856180971338,0.24165026799056954,-0.234375
5.300000745000034,-60.0,-54.98300789221443,-5.016992107785569,0.31667872878040576,1500,dwell,-0.2626890924822852,-0.04614982242626195,0.2372851071962278,-0.234375
5.320001023000259,-60.0,-55.66887562565695,-4.331124374343048,0.33019383924747836,1500,dwell,-0.22677714193699683,-0.04766167003917526,0.2285077928784911,-0.22265625
5.340001744999881,-60.0,-55.66887562565695,-4.331124374343048,0.3209629706458677,1500,dwell,-0.22677714193699683,-0.04917351765208858,0.22499686715139644,-0.22265625
5.360001042000022,-60.0,-56.330013804451085,-3.6699861955489155,0.35168483895487235,1500,dwell,-0.1921600278452071,-0.05045458450438996,0.22359249686055857,-0.22265625
5.380001300999993,-60.0,-56.330013804451085,-3.6699861955489155,0.32059927360834406,1500,dwell,-0.1921600278452071,-0.05173565135669134,0.21131199874422343,-0.203125
5.40000080200025,-60.0,-56.330013804451085,-3.6699861955489155,0.30793445543631853,1500,dwell,-0.1921600278452071,-0.053016718208992716,0.20639979949768938,-0.203125
5.420000969000284,-60.0,-56.93527964396381,-3.06472035603619,0.319744527172624,1390,kick,-0.16046838259717316,-0.054086507426307204,0.19857554479907574,-0.193359375
5.440000710000277,-60.0,-56.93527964396381,-3.06472035603619,0.31159933570881604,1390,kick,-0.16046838259717316,-0.05515629664362169,0.1954458429196303,-0.193359375
5.460000895000121,-60.0,-57.49536571905644,-2.504634280943563,0.33753338745562156,1390,kick,-0.13114234428235752,-0.05603057893883741,0.19419396216785212,-0.193359375
5.480001136000283,-60.0,-57.49536571905644,-2.504634280943563,0.3096520345152787,1390,kick,-0.13114234428235752,-0.056904861234053125,0.18314633486714085,-0.17578125
5.5000010070002645,-60.0,-57.49536571905644,-2.504634280943563,0.2983421225260027,1390,kick,-0.13114234428235752,-0.05777914352926884,0.17872728394685633,-0.17578125
5.520000821999929,-60.0,-58.00440512284017,-1.9955948771598315,0.2910704592541089,1390,kick,-0.10448910342711254,-0.05847573755211626,0.16524091357874254,-0.15625
5.540000821999911,-60.0,-58.00440512284017,-1.9955948771598315,0.2773751106791409,1390,kick,-0.10448910342711254,-0.05917233157496368,0.15984636543149702,-0.15625
5.560000822999882,-60.0,-58.453685783429506,-1.5463142165704937,0.29534291326425527,1390,kick,-0.08096482304865532,-0.05971209706195472,0.1576885461725988,-0.15625
5.580000841000128,-60.0,-58.453685783429506,-1.5463142165704937,0.0,1500,idle,-0.08096482304865532,-0.05971209706195472,0.1576885461725988,-0.130859375
5.60000071200011,-60.0,-58.453685783429506,-1.5463142165704937,0.0,1500,idle,-0.08096482304865532,-0.05971209706195472,0.1576885461725988,-0.130859375
5.620000786000219,-60.0,-58.82780898561096,-1.1721910143890426,0.0,1500,idle,-0.08096482304865532,-0.05971209706195472,0.1576885461725988,-0.107421875
5.6400008240002535,-60.0,-58.82780898561096,-1.1721910143890426,0.0,1500,idle,-0.08096482304865532,-0.05971209706195472,0.1576885461725988,-0.107421875
5.660000843000034,-60.0,-59.14065387961543,-0.859346120384572,0.0,1500,idle,-0.08096482304865532,-0.05971209706195472,0.1576885461725988,-0.107421875
5.680001323999932,-60.0,-59.14065387961543,-0.859346120384572,0.0,1500,idle,-0.08096482304865532,-0.05971209706195472,0.1576885461725988,-0.087890625
5.700001176000114,-60.0,-59.14065387961543,-0.859346120384572,0.0,1500,idle,-0.08096482304865532,-0.05971209706195472,0.1576885461725988,-0.087890625
5.720001010000033,-60.0,-59.3913116729875,-0.6086883270125014,0.0,1500,idle,-0.08096482304865532,-0.05971209706195472,0.1576885461725988,-0.0703125
5.740001159000258,-60.0,-59.3913116729875,-0.6086883270125014,0.0,1500,idle,-0.08096482304865532,-0.05971209706195472,0.1576885461725988,-0.0703125
5.76000067699988,-60.0,-59.590428483195836,-0.4095715168041636,0.0,1500,idle,-0.08096482304865532,-0.05971209706195472,0.1576885461725988,-0.0703125
5.780000973999904,-60.0,-59.590428483195836,-0.4095715168041636,0.0,1500,idle,-0.08096482304865532,-0.05971209706195472,0.1576885461725988,-0.046875
5.80000086300015,-60.0,-59.590428483195836,-0.4095715168041636,0.0,1500,idle,-0.08096482304865532,-0.05971209706195472,0.1576885461725988,-0.046875
5.820001048999984,-60.0,-59.733807684365274,-0.2661923156347257,0.0,1500,idle,-0.08096482304865532,-0.05971209706195472,0.1576885461725988,-0.033203125
5.84000082700004,-60.0,-59.733807684365274,-0.2661923156347257,0.0,1500,idle,-0.08096482304865532,-0.05971209706195472,0.1576885461725988,-0.033203125
5.860000919999948,-60.0,-59.849298919404646,-0.15070108059535414,0.0,1500,idle,-0.08096482304865532,-0.05971209706195472,0.1576885461725988,-0.033203125
5.880001215999982,-60.0,-59.849298919404646,-0.15070108059535414,0.0,1500,idle,-0.08096482304865532,-0.05971209706195472,0.1576885461725988,-0.015625
5.900000956999975,-60.0,-59.849298919404646,-0.15070108059535414,0.0,1500,idle,-0.08096482304865532,-0.05971209706195472,0.1576885461725988,-0.015625
5.920000939000147,-60.0,-59.926346655467455,-0.0736533445325449,0.0,1500,idle,-0.08096482304865532,-0.05971209706195472,0.1576885461725988,0.001953125
5.940001086999928,-60.0,-59.926346655467455,-0.0736533445325449,0.0,1500,idle,-0.08096482304865532,-0.05971209706195472,0.1576885461725988,0.001953125
5.960000791000311,-60.0,-60.71705768537825,0.7170576853782507,0.0,1500,idle,-0.08096482304865532,-0.05971209706195472,0.1576885461725988,0.001953125
5.980000884000219,-60.0,-60.71705768537825,0.7170576853782507,0.0,1500,idle,-0.08096482304865532,-0.05971209706195472,0.1576885461725988,0.01171875
6.000000718000138,-60.0,-60.71705768537825,0.7170576853782507,0.0,1500,idle,-0.08096482304865532,-0.05971209706195472,0.1576885461725988,0.01171875
6.020000755000183,-60.0,-61.09638529837784,1.0963852983778395,0.0,1500,idle,-0.08096482304865532,-0.05971209706195472,0.1576885461725988,0.009765625
6.0400010150001435,-60.0,-61.09638529837784,1.0963852983778395,0.0,1500,idle,-0.08096482304865532,-0.05971209706195472,0.1576885461725988,0.009765625
6.060000997000316,-60.0,-61.35897026447506,1.3589702644750616,0.0,1500,idle,-0.08096482304865532,-0.05971209706195472,0.1576885461725988,0.009765625
6.0800012190002235,-60.0,-61.35897026447506,1.3589702644750616,0.0,1500,idle,-0.08096482304865532,-0.05971209706195472,0.1576885461725988,0.00390625
6.1000009419999515,-60.0,-61.35897026447506,1.3589702644750616,0.0,1500,idle,-0.08096482304865532,-0.05971209706195472,0.1576885461725988,0.00390625
6.120001053000124,-60.0,-61.572181476777814,1.5721814767778142,0.0,1500,idle,-0.08096482304865532,-0.05971209706195472,0.1576885461725988,-0.00390625
6.140001572000074,-60.0,-61.572181476777814,1.5721814767778142,0.0,1500,idle,-0.08096482304865532,-0.05971209706195472,0.1576885461725988,-0.00390625
6.160001147000003,-60.0,-61.770470415441196,1.7704704154411957,0.0,1500,idle,-0.08096482304865532,-0.05971209706195472,0.1576885461725988,-0.00390625
6.1800010179999845,-60.0,-61.770470415441196,1.7704704154411957,0.0,1500,idle,-0.08096482304865532,-0.05971209706195472,0.1576885461725988,-0.00390625
6.20000079600004,-60.0,-61.770470415441196,1.7704704154411957,0.0,1500,idle,-0.08096482304865532,-0.05971209706195472,0.1576885461725988,-0.00390625
6.2200010189999375,-60.0,-61.950380888157525,1.9503808881575253,0.0,1500,idle,-0.08096482304865532,-0.05971209706195472,0.1576885461725988,-0.00390625
6.240000908000184,-60.0,-61.950380888157525,1.9503808881575253,0.0,1500,idle,-0.08096482304865532,-0.05971209706195472,0.1576885461725988,-0.00390625
6.260000835000028,-60.0,-62.09932807766131,2.099328077661312,0.0,1500,idle,-0.08096482304865532,-0.05971209706195472,0.1576885461725988,-0.00390625
6.280000668999946,-60.0,-62.09932807766131,2.099328077661312,0.0,1500,idle,-0.08096482304865532,-0.05971209706195472,0.1576885461725988,0.001953125
6.300000984000235,-60.0,-62.09932807766131,2.099328077661312,0.0,1500,idle,-0.08096482304865532,-0.05971209706195472,0.1576885461725988,0.001953125
6.320000836999952,-60.0,-62.19239425517637,2.1923942551763673,0.0,1500,idle,-0.08096482304865532,-0.05971209706195472,0.1576885461725988,0.001953125
6.3400009669999235,-60.0,-62.19239425517637,2.1923942551763673,0.0,1500,idle,-0.08096482304865532,-0.05971209706195472,0.1576885461725988,0.001953125
6.360000986000159,-60.0,-62.2501328595892,2.2501328595892005,0.0,1500,idle,-0.08096482304865532,-0.05971209706195472,0.1576885461725988,0.001953125
6.380000745999951,-60.0,-62.2501328595892,2.2501328595892005,0.0,1500,idle,-0.08096482304865532,-0.05971209706195472,0.1576885461725988,0.00390625
6.400000783999985,-60.0,-62.2501328595892,2.2501328595892005,0.0,1500,idle,-0.08096482304865532,-0.05971209706195472,0.1576885461725988,0.00390625
6.420000783999967,-60.0,-62.30912045275389,2.3091204527538878,0.0,1500,idle,-0.08096482304865532,-0.05971209706195472,0.1576885461725988,0.0
6.440000654999949,-60.0,-62.30912045275389,2.3091204527538878,0.0,1500,idle,-0.08096482304865532,-0.05971209706195472,0.1576885461725988,0.0
6.4600008600000365,-60.0,-62.36704506886997,2.3670450688699702,0.0,1500,idle,-0.08096482304865532,-0.05971209706195472,0.1576885461725988,0.0
6.480000915999881,-60.0,-62.36704506886997,2.3670450688699702,0.0,1500,idle,-0.08096482304865532,-0.05971209706195472,0.1576885461725988,0.001953125
6.500000676000127,-60.0,-62.36704506886997,2.3670450688699702,0.0,1500,idle,-0.08096482304865532,-0.05971209706195472,0.1576885461725988,0.001953125
6.520000899000024,-60.0,-62.41789708502196,2.4178970850219628,0.0,1500,idle,-0.08096482304865532,-0.05971209706195472,0.1576885461725988,0.0
6.540000973000133,-60.0,-62.41789708502196,2.4178970850219628,0.0,1500,idle,-0.08096482304865532,-0.05971209706195472,0.1576885461725988,0.0
6.560000844000115,-60.0,-62.45511253211481,2.4551125321148106,0.0,1500,idle,-0.08096482304865532,-0.05971209706195472,0.1576885461725988,0.0
6.5800007890002234,-60.0,-62.45511253211481,2.4551125321148106,0.0,1500,idle,-0.08096482304865532,-0.05971209706195472,0.1576885461725988,0.001953125
6.600000863999867,-60.0,-62.45511253211481,2.4551125321148106,0.0,1500,idle,-0.08096482304865532,-0.05971209706195472,0.1576885461725988,0.001953125
6.620000846000039,-60.0,-62.503841642500106,2.503841642500106,0.0,1500,idle,-0.08096482304865532,-0.05971209706195472,0.1576885461725988,0.0
6.640000679999957,-60.0,-62.503841642500106,2.503841642500106,0.0,1500,idle,-0.08096482304865532,-0.05971209706195472,0.1576885461725988,0.0
6.660001033000299,-60.0,-62.55132073227594,2.55132073227594,0.0,1500,idle,-0.08096482304865532,-0.05971209706195472,0.1576885461725988,0.0
6.680001144000016,-60.0,-62.55132073227594,2.55132073227594,0.0,1500,idle,-0.08096482304865532,-0.05971209706195472,0.1576885461725988,0.001953125
6.7000009230000614,-60.0,-62.55132073227594,2.55132073227594,0.0,1500,idle,-0.08096482304865532,-0.05971209706195472,0.1576885461725988,0.001953125
6.720000960000107,-60.0,-62.59584185139005,2.5958418513900483,0.0,1500,idle,-0.08096482304865532,-0.05971209706195472,0.1576885461725988,0.001953125
6.740001165000194,-60.0,-62.59584185139005,2.5958418513900483,0.0,1500,idle,-0.08096482304865532,-0.05971209706195472,0.1576885461725988,0.001953125
6.760001053999986,-60.0,-62.63306453885937,2.6330645388593723,0.0,1500,idle,-0.08096482304865532,-0.05971209706195472,0.1576885461725988,0.001953125
6.780001388000073,-60.0,-62.63306453885937,2.6330645388593723,0.0,1500,idle,-0.08096482304865532,-0.05971209706195472,0.1576885461725988,-0.001953125
6.800000870000076,-60.0,-62.63306453885937,2.6330645388593723,0.0,1500,idle,-0.08096482304865532,-0.05971209706195472,0.1576885461725988,-0.001953125
6.820000833999984,-60.0,-62.67133887887721,2.671338878877208,0.0,1500,idle,-0.08096482304865532,-0.05971209706195472,0.1576885461725988,0.0
6.8400010200002725,-60.0,-62.67133887887721,2.671338878877208,0.0,1500,idle,-0.08096482304865532,-0.05971209706195472,0.1576885461725988,0.0
6.860000687000138,-60.0,-62.70856394066146,2.708563940661463,0.0,1500,idle,-0.08096482304865532,-0.05971209706195472,0.1576885461725988,0.0
6.880001039000035,-60.0,-62.70856394066146,2.708563940661463,0.0,1500,idle,-0.08096482304865532,-0.05971209706195472,0.1576885461725988,-0.00390625
6.900000910000017,-60.0,-62.70856394066146,2.708563940661463,0.0,1500,idle,-0.08096482304865532,-0.05971209706195472,0.1576885461725988,-0.00390625
6.9200009670003055,-60.0,-62.752096744547856,2.752096744547856,0.0,1500,idle,-0.08096482304865532,-0.05971209706195472,0.1576885461725988,0.0
6.940000967000287,-60.0,-62.752096744547856,2.752096744547856,0.0,1500,idle,-0.08096482304865532,-0.05971209706195472,0.1576885461725988,0.0
6.960000764000142,-60.0,-62.783072145122034,2.783072145122034,0.0,1500,idle,-0.08096482304865532,-0.05971209706195472,0.1576885461725988,0.0
6.9800006720001875,-60.0,-62.783072145122034,2.783072145122034,0.0,1500,idle,-0.08096482304865532,-0.05971209706195472,0.1576885461725988,0.001953125
7.000000783999894,-60.0,-62.783072145122034,2.783072145122034,0.0,1500,idle,-0.08096482304865532,-0.05971209706195472,0.1576885461725988,0.001953125
7.020000821999929,-60.0,-62.815302685432016,2.815302685432016,0.0,1500,idle,-0.08096482304865532,-0.05971209706195472,0.1576885461725988,0.001953125
7.040000970000165,-60.0,-62.815302685432016,2.815302685432016,0.0,1500,idle,-0.08096482304865532,-0.05971209706195472,0.1576885461725988,0.001953125
7.060001026000009,-60.0,-62.841282584898906,2.841282584898906,0.0,1500,idle,-0.08096482304865532,-0.05971209706195472,0.1576885461725988,0.001953125
7.080000767999991,-60.0,-62.841282584898906,2.841282584898906,0.0,1500,idle,-0.08096482304865532,-0.05971209706195472,0.1576885461725988,-0.001953125
7.100000990999888,-60.0,-62.841282584898906,2.841282584898906,0.0,1500,idle,-0.08096482304865532,-0.05971209706195472,0.1576885461725988,-0.001953125
7.120000935999997,-60.0,-62.8722593538661,2.8722593538660988,0.0,1500,idle,-0.08096482304865532,-0.05971209706195472,0.1576885461725988,0.001953125
7.140001362000021,-60.0,-62.8722593538661,2.8722593538660988,0.0,1500,idle,-0.08096482304865532,-0.05971209706195472,0.1576885461725988,0.001953125
7.16000117800013,-60.0,-62.899019016654265,2.8990190166542646,0.0,1500,idle,-0.08096482304865532,-0.05971209706195472,0.1576885461725988,0.001953125
7.180000920000111,-60.0,-62.899019016654265,2.8990190166542646,0.0,1500,idle,-0.08096482304865532,-0.05971209706195472,0.1576885461725988,0.001953125
7.2000013100000615,-60.0,-62.899019016654265,2.8990190166542646,0.0,1500,idle,-0.08096482304865532,-0.05971209706195472,0.1576885461725988,0.001953125
7.220000755000001,-60.0,-62.92203654082837,2.9220365408283726,0.0,1500,idle,-0.08096482304865532,-0.05971209706195472,0.1576885461725988,0.0
7.240001293000205,-60.0,-62.92203654082837,2.9220365408283726,0.0,1500,idle,-0.08096482304865532,-0.05971209706195472,0.1576885461725988,0.0
7.260001015999933,-60.0,-62.94276017499378,2.9427601749937793,0.0,1500,idle,-0.08096482304865532,-0.05971209706195472,0.1576885461725988,0.0
7.2800010539999676,-60.0,-62.94276017499378,2.9427601749937793,0.0,1500,idle,-0.08096482304865532,-0.05971209706195472,0.1576885461725988,-0.001953125
7.3000013700002455,-60.0,-62.94276017499378,2.9427601749937793,0.0,1500,idle,-0.08096482304865532,-0.05971209706195472,0.1576885461725988,-0.001953125
7.320000760000312,-60.0,-62.96530066748079,2.96530066748079,0.0,1500,idle,-0.08096482304865532,-0.05971209706195472,0.1576885461725988,0.0
7.340000964999945,-60.0,-62.96530066748079,2.96530066748079,0.0,1500,idle,-0.08096482304865532,-0.05971209706195472,0.1576885461725988,0.0
7.36000098400018,-60.0,-62.986025095068854,2.986025095068854,0.0,1500,idle,-0.08096482304865532,-0.05971209706195472,0.1576885461725988,0.0
7.3800006700003,-60.0,-62.986025095068854,2.986025095068854,0.0,1500,idle,-0.08096482304865532,-0.05971209706195472,0.1576885461725988,0.00390625
7.400000893000197,-60.0,-62.986025095068854,2.986025095068854,0.0,1500,idle,-0.08096482304865532,-0.05971209706195472,0.1576885461725988,0.00390625
7.420000728000105,-60.0,-62.995241931390865,2.995241931390865,0.0,1500,idle,-0.08096482304865532,-0.05971209706195472,0.1576885461725988,0.0
7.440000691000023,-60.0,-62.995241931390865,2.995241931390865,0.0,1500,idle,-0.08096482304865532,-0.05971209706195472,0.1576885461725988,0.0
7.460000711000248,-60.0,-63.01403961775726,3.0140396177572626,0.0,1500,idle,-0.08096482304865532,-0.05971209706195472,0.1576885461725988,0.0
7.480001286000061,-60.0,-63.01403961775726,3.0140396177572626,0.0,1500,idle,-0.08096482304865532,-0.05971209706195472,0.1576885461725988,0.0
7.500001028000042,-60.0,-63.01403961775726,3.0140396177572626,0.0,1500,idle,-0.08096482304865532,-0.05971209706195472,0.1576885461725988,0.0
7.52000099199995,-60.0,-63.03054627260542,3.03054627260542,0.0,1500,idle,-0.08096482304865532,-0.05971209706195472,0.1576885461725988,0.0
7.5400009549998686,-60.0,-63.03054627260542,3.03054627260542,0.0,1500,idle,-0.08096482304865532,-0.05971209706195472,0.1576885461725988,0.0
7.560000790000231,-60.0,-63.04898297676948,3.04898297676948,0.0,1500,idle,-0.08096482304865532,-0.05971209706195472,0.1576885461725988,0.0
7.580000680000012,-60.0,-63.04898297676948,3.04898297676948,0.0,1500,idle,-0.08096482304865532,-0.05971209706195472,0.1576885461725988,0.0
7.600000718000047,-60.0,-63.04898297676948,3.04898297676948,0.0,1500,idle,-0.08096482304865532,-0.05971209706195472,0.1576885461725988,0.0
7.620000922000145,-60.0,-63.061523226926994,3.061523226926994,0.0,1500,idle,-0.08096482304865532,-0.05971209706195472,0.1576885461725988,0.0
7.640001516000211,-60.0,-63.061523226926994,3.061523226926994,0.0,1500,idle,-0.08096482304865532,-0.05971209706195472,0.1576885461725988,0.0
7.660001071999886,-60.0,-63.07803020751413,3.078030207514132,0.0,1500,idle,-0.08096482304865532,-0.05971209706195472,0.1576885461725988,0.0
7.680000980999921,-60.0,-63.07803020751413,3.078030207514132,0.0,1500,idle,-0.08096482304865532,-0.05971209706195472,0.1576885461725988,0.0
7.700000778000231,-60.0,-63.07803020751413,3.078030207514132,0.0,1500,idle,-0.08096482304865532,-0.05971209706195472,0.1576885461725988,0.0
7.720000927000001,-60.0,-63.091470015902644,3.091470015902644,0.0,1500,idle,-0.08096482304865532,-0.05971209706195472,0.1576885461725988,0.0
7.740001408999888,-60.0,-63.091470015902644,3.091470015902644,0.0,1500,idle,-0.08096482304865532,-0.05971209706195472,0.1576885461725988,0.0
7.760000669999954,-60.0,-63.10900751836569,3.1090075183656865,0.0,1500,idle,-0.08096482304865532,-0.05971209706195472,0.1576885461725988,0.0
7.780000874000052,-60.0,-63.10900751836569,3.1090075183656865,0.0,1500,idle,-0.08096482304865532,-0.05971209706195472,0.1576885461725988,0.0
7.800001116000203,-60.0,-63.10900751836569,3.1090075183656865,0.0,1500,idle,-0.08096482304865532,-0.05971209706195472,0.1576885461725988,0.0
7.820000858000185,-60.0,-63.11822791775293,3.1182279177529324,0.0,1500,idle,-0.08096482304865532,-0.05971209706195472,0.1576885461725988,0.0
7.840000988000156,-60.0,-63.11822791775293,3.1182279177529324,0.0,1500,idle,-0.08096482304865532,-0.05971209706195472,0.1576885461725988,0.0
7.860000637000212,-60.0,-63.128477464728604,3.128477464728604,0.0,1500,idle,-0.08096482304865532,-0.05971209706195472,0.1576885461725988,0.0
7.880000953000035,-60.0,-63.128477464728604,3.128477464728604,0.0,1500,idle,-0.08096482304865532,-0.05971209706195472,0.1576885461725988,0.0
7.900000695000017,-60.0,-63.128477464728604,3.128477464728604,0.0,1500,idle,-0.08096482304865532,-0.05971209706195472,0.1576885461725988,0.0
7.920000714000253,-60.0,-63.1410131724226,3.1410131724226034,0.0,1500,idle,-0.08096482304865532,-0.05971209706195472,0.1576885461725988,0.0
7.940000771000086,-60.0,-63.1410131724226,3.1410131724226034,0.0,1500,idle,-0.08096482304865532,-0.05971209706195472,0.1576885461725988,0.0
7.960000697999931,-60.0,-63.15023406592451,3.150234065924508,0.0,1500,idle,-0.08096482304865532,-0.05971209706195472,0.1576885461725988,0.0
7.980001013000219,-60.0,-63.15023406592451,3.150234065924508,0.0,1500,idle,-0.08096482304865532,-0.05971209706195472,0.1576885461725988,0.0
8.000000681000074,-60.0,-63.15023406592451,3.150234065924508,0.0,1500,idle,-0.08096482304865532,-0.05971209706195472,0.1576885461725988,0.0
8.020001052000225,-60.0,-63.15945547566213,3.159455475662128,0.0,1500,idle,-0.08096482304865532,-0.05971209706195472,0.1576885461725988,0.0
8.04000085000007,-60.0,-63.15945547566213,3.159455475662128,0.0,1500,idle,-0.08096482304865532,-0.05971209706195472,0.1576885461725988,0.0
8.060000812999988,-60.0,-63.16174135833265,3.161741358332648,0.0,1500,idle,-0.08096482304865532,-0.05971209706195472,0.1576885461725988,0.0
8.080000813999959,-60.0,-63.16174135833265,3.161741358332648,0.0,1500,idle,-0.08096482304865532,-0.05971209706195472,0.1576885461725988,0.0
8.100000630000068,-60.0,-63.16174135833265,3.161741358332648,0.0,1500,idle,-0.08096482304865532,-0.05971209706195472,0.1576885461725988,0.0
8.120000982999954,-60.0,-63.16596338013527,3.165963380135267,0.0,1500,idle,-0.08096482304865532,-0.05971209706195472,0.1576885461725988,0.0
8.140001336000296,-60.0,-63.16596338013527,3.165963380135267,0.0,1500,idle,-0.08096482304865532,-0.05971209706195472,0.1576885461725988,0.0
8.160001059000024,-60.0,-63.176212023891594,3.176212023891594,0.0,1500,idle,-0.08096482304865532,-0.05971209706195472,0.1576885461725988,0.001953125
8.180001209000238,-60.0,-63.176212023891594,3.176212023891594,0.0,1500,idle,-0.08096482304865532,-0.05971209706195472,0.1576885461725988,0.001953125
8.200000618000104,-60.0,-63.176212023891594,3.176212023891594,0.0,1500,idle,-0.08096482304865532,-0.05971209706195472,0.1576885461725988,0.001953125
8.220000860000255,-60.0,-63.1791759185395,3.1791759185394994,0.0,1500,idle,-0.08096482304865532,-0.05971209706195472,0.1576885461725988,-0.001953125
8.240000861000226,-60.0,-63.1791759185395,3.1791759185394994,0.0,1500,idle,-0.08096482304865532,-0.05971209706195472,0.1576885461725988,-0.001953125
8.260000992000187,-60.0,-63.189424023602555,3.1894240236025553,0.0,1500,idle,-0.08096482304865532,-0.05971209706195472,0.1576885461725988,0.0
8.28000104900002,-60.0,-63.189424023602555,3.1894240236025553,0.0,1500,idle,-0.08096482304865532,-0.05971209706195472,0.1576885461725988,0.0
8.300000698000076,-60.0,-63.189424023602555,3.1894240236025553,0.0,1500,idle,-0.08096482304865532,-0.05971209706195472,0.1576885461725988,0.0
8.320000920999973,-60.0,-63.19364761294584,3.1936476129458384,0.0,1500,idle,-0.08096482304865532,-0.05971209706195472,0.1576885461725988,0.0
8.340000738000072,-60.0,-63.19364761294584,3.1936476129458384,0.0,1500,idle,-0.08096482304865532,-0.05971209706195472,0.1576885461725988,0.0
8.360000776000106,-60.0,-63.19364761294584,3.1936476129458384,0.0,1500,idle,-0.08096482304865532,-0.05971209706195472,0.1576885461725988,0.0
8.380000740000014,-60.0,-63.19364761294584,3.1936476129458384,0.0,1500,idle,-0.08096482304865532,-0.05971209706195472,0.1576885461725988,0.0
8.400000870999975,-60.0,-63.19364761294584,3.1936476129458384,0.0,1500,idle,-0.08096482304865532,-0.05971209706195472,0.1576885461725988,0.0
8.420000724000147,-60.0,-63.205154890060484,3.2051548900604843,0.0,1500,idle,-0.08096482304865532,-0.05971209706195472,0.1576885461725988,0.001953125
8.440000707000308,-60.0,-63.205154890060484,3.2051548900604843,0.0,1500,idle,-0.08096482304865532,-0.05971209706195472,0.1576885461725988,0.001953125
8.460000930000206,-60.0,-63.20618011832431,3.206180118324312,0.0,1500,idle,-0.08096482304865532,-0.05971209706195472,0.1576885461725988,0.0
8.480001079999965,-60.0,-63.20618011832431,3.206180118324312,0.0,1500,idle,-0.08096482304865532,-0.05971209706195472,0.1576885461725988,0.0
8.500000950999947,-60.0,-63.20618011832431,3.206180118324312,0.0,1500,idle,-0.08096482304865532,-0.05971209706195472,0.1576885461725988,0.0
8.520000989999971,-60.0,-63.20914486881105,3.2091448688110518,0.0,1500,idle,-0.08096482304865532,-0.05971209706195472,0.1576885461725988,0.001953125
8.540000843000144,-60.0,-63.20914486881105,3.2091448688110518,0.0,1500,idle,-0.08096482304865532,-0.05971209706195472,0.1576885461725988,0.001953125
8.560000826000305,-60.0,-63.20914486881105,3.2091448688110518,0.0,1500,idle,-0.08096482304865532,-0.05971209706195472,0.1576885461725988,-0.001953125
8.580000808000023,-60.0,-63.20914486881105,3.2091448688110518,0.0,1500,idle,-0.08096482304865532,-0.05971209706195472,0.1576885461725988,-0.001953125
8.60000103199991,-60.0,-63.20914486881105,3.2091448688110518,0.0,1500,idle,-0.08096482304865532,-0.05971209706195472,0.1576885461725988,-0.001953125
8.620000885000081,-60.0,-63.21836760108121,3.218367601081212,0.0,1500,idle,-0.08096482304865532,-0.05971209706195472,0.1576885461725988,0.001953125
8.640000757000053,-60.0,-63.21836760108121,3.218367601081212,0.0,1500,idle,-0.08096482304865532,-0.05971209706195472,0.1576885461725988,0.001953125
8.66000097999995,-60.0,-63.21836760108121,3.218367601081212,0.0,1500,idle,-0.08096482304865532,-0.05971209706195472,0.1576885461725988,0.0
8.680000778000249,-60.0,-63.21836760108121,3.218367601081212,0.0,1500,idle,-0.08096482304865532,-0.05971209706195472,0.1576885461725988,0.0
8.700000722999903,-60.0,-63.21836760108121,3.218367601081212,0.0,1500,idle,-0.08096482304865532,-0.05971209706195472,0.1576885461725988,0.0
8.720001002000117,-60.0,-63.22487643872526,3.2248764387252606,0.0,1500,idle,-0.08096482304865532,-0.05971209706195472,0.1576885461725988,-0.001953125
8.740001041000141,-60.0,-63.22487643872526,3.2248764387252606,0.0,1500,idle,-0.08096482304865532,-0.05971209706195472,0.1576885461725988,-0.001953125
8.760001024000303,-60.0,-63.235123838178666,3.235123838178666,0.0,1500,idle,-0.08096482304865532,-0.05971209706195472,0.1576885461725988,0.001953125
8.780000968999957,-60.0,-63.235123838178666,3.235123838178666,0.0,1500,idle,-0.08096482304865532,-0.05971209706195472,0.1576885461725988,0.001953125
8.800000896000256,-60.0,-63.235123838178666,3.235123838178666,0.0,1500,idle,-0.08096482304865532,-0.05971209706195472,0.1576885461725988,0.001953125
8.8200007129999,-60.0,-63.234099802936,3.234099802936001,0.0,1500,idle,-0.08096482304865532,-0.05971209706195472,0.1576885461725988,0.0
8.840001268999913,-60.0,-63.234099802936,3.234099802936001,0.0,1500,idle,-0.08096482304865532,-0.05971209706195472,0.1576885461725988,0.0
8.860000697000032,-60.0,-63.23638314638987,3.236383146389869,0.0,1500,idle,-0.08096482304865532,-0.05971209706195472,0.1576885461725988,-0.001953125
8.880000976000247,-60.0,-63.23638314638987,3.236383146389869,0.0,1500,idle,-0.08096482304865532,-0.05971209706195472,0.1576885461725988,-0.001953125
8.900000810000165,-60.0,-63.23638314638987,3.236383146389869,0.0,1500,idle,-0.08096482304865532,-0.05971209706195472,0.1576885461725988,-0.001953125
8.920000996999988,-60.0,-63.24060831574667,3.2406083157466696,0.0,1500,idle,-0.08096482304865532,-0.05971209706195472,0.1576885461725988,0.001953125
8.940000813000097,-60.0,-63.24060831574667,3.2406083157466696,0.0,1500,idle,-0.08096482304865532,-0.05971209706195472,0.1576885461725988,0.001953125
8.960000906999994,-60.0,-63.242891101876026,3.242891101876026,0.0,1500,idle,-0.08096482304865532,-0.05971209706195472,0.1576885461725988,-0.001953125
8.980001000999891,-60.0,-63.242891101876026,3.242891101876026,0.0,1500,idle,-0.08096482304865532,-0.05971209706195472,0.1576885461725988,-0.001953125
9.000000891000127,-60.0,-63.242891101876026,3.242891101876026,0.0,1500,idle,-0.08096482304865532,-0.05971209706195472,0.1576885461725988,-0.001953125
9.020000817999971,-60.0,-63.242891101876026,3.242891101876026,0.0,1500,idle,-0.08096482304865532,-0.05971209706195472,0.1576885461725988,-0.001953125
9.040000948999932,-60.0,-63.242891101876026,3.242891101876026,0.0,1500,idle,-0.08096482304865532,-0.05971209706195472,0.1576885461725988,-0.001953125
9.06000089500003,-60.0,-63.24788959160023,3.2478895916002273,0.0,1500,idle,-0.08096482304865532,-0.05971209706195472,0.1576885461725988,0.0
9.080000858999938,-60.0,-63.24788959160023,3.2478895916002273,0.0,1500,idle,-0.08096482304865532,-0.05971209706195472,0.1576885461725988,0.0
9.100000934000036,-60.0,-63.24788959160023,3.2478895916002273,0.0,1500,idle,-0.08096482304865532,-0.05971209706195472,0.1576885461725988,0.0
9.120000695000272,-60.0,-63.2468657954752,3.246865795475202,0.0,1500,idle,-0.08096482304865532,-0.05971209706195472,0.1576885461725988,0.0
9.140001584999936,-60.0,-63.2468657954752,3.246865795475202,0.0,1500,idle,-0.08096482304865532,-0.05971209706195472,0.1576885461725988,0.0
9.160001179000119,-60.0,-63.2468657954752,3.246865795475202,0.0,1500,idle,-0.08096482304865532,-0.05971209706195472,0.1576885461725988,0.0
9.180000866000228,-60.0,-63.2468657954752,3.246865795475202,0.0,1500,idle,-0.08096482304865532,-0.05971209706195472,0.1576885461725988,0.0
9.200000681999882,-60.0,-63.24914824495403,3.2491482449540285,0.0,1500,idle,-0.08096482304865532,-0.05971209706195472,0.1576885461725988,0.0
9.220000943000286,-60.0,-63.24914824495403,3.2491482449540285,0.0,1500,idle,-0.08096482304865532,-0.05971209706195472,0.1576885461725988,0.0
9.24000075999993,-60.0,-63.24914824495403,3.2491482449540285,0.0,1500,idle,-0.08096482304865532,-0.05971209706195472,0.1576885461725988,0.0
9.260001353999996,-60.0,-63.25414733114803,3.254147331148033,0.0,1500,idle,-0.08096482304865532,-0.05971209706195472,0.1576885461725988,0.0
9.280001095999978,-60.0,-63.25414733114803,3.254147331148033,0.0,1500,idle,-0.08096482304865532,-0.05971209706195472,0.1576885461725988,0.0
9.300000894000277,-60.0,-63.25837239589178,3.258372395891783,0.0,1500,idle,-0.08096482304865532,-0.05971209706195472,0.1576885461725988,0.0
9.320000951000111,-60.0,-63.25837239589178,3.258372395891783,0.0,1500,idle,-0.08096482304865532,-0.05971209706195472,0.1576885461725988,0.0
9.340001045000008,-60.0,-63.25837239589178,3.258372395891783,0.0,1500,idle,-0.08096482304865532,-0.05971209706195472,0.1576885461725988,0.0
9.360001009999905,-60.0,-63.25837239589178,3.258372395891783,0.0,1500,idle,-0.08096482304865532,-0.05971209706195472,0.1576885461725988,0.0
9.380001123000056,-60.0,-63.25837239589178,3.258372395891783,0.0,1500,idle,-0.08096482304865532,-0.05971209706195472,0.1576885461725988,0.0
9.400000939000165,-60.0,-63.26065428813047,3.2606542881304676,0.0,1500,idle,-0.08096482304865532,-0.05971209706195472,0.1576885461725988,0.0
9.420001088999925,-60.0,-63.26065428813047,3.2606542881304676,0.0,1500,idle,-0.08096482304865532,-0.05971209706195472,0.1576885461725988,0.0
9.440001072000086,-60.0,-63.26065428813047,3.2606542881304676,0.0,1500,idle,-0.08096482304865532,-0.05971209706195472,0.1576885461725988,0.0
9.460000739999941,-60.0,-63.25837239589178,3.258372395891783,0.0,1500,idle,-0.08096482304865532,-0.05971209706195472,0.1576885461725988,0.0
9.480001149000145,-60.0,-63.25837239589178,3.258372395891783,0.0,1500,idle,-0.08096482304865532,-0.05971209706195472,0.1576885461725988,0.0
9.500000669000201,-60.0,-63.263371660685095,3.2633716606850953,0.0,1500,idle,-0.08096482304865532,-0.05971209706195472,0.1576885461725988,0.0
9.520001040999887,-60.0,-63.263371660685095,3.2633716606850953,0.0,1500,idle,-0.08096482304865532,-0.05971209706195472,0.1576885461725988,0.0
9.540000727999995,-60.0,-63.263371660685095,3.2633716606850953,0.0,1500,idle,-0.08096482304865532,-0.05971209706195472,0.1576885461725988,0.0
9.560001026000009,-60.0,-63.267597062006445,3.2675970620064447,0.0,1500,idle,-0.08096482304865532,-0.05971209706195472,0.1576885461725988,0.0
9.580000879000181,-60.0,-63.267597062006445,3.2675970620064447,0.0,1500,idle,-0.08096482304865532,-0.05971209706195472,0.1576885461725988,0.0
9.600000677000025,-60.0,-63.268620022385306,3.2686200223853064,0.0,1500,idle,-0.08096482304865532,-0.05971209706195472,0.1576885461725988,0.0
9.620000678999986,-60.0,-63.268620022385306,3.2686200223853064,0.0,1500,idle,-0.08096482304865532,-0.05971209706195472,0.1576885461725988,0.0
9.640001031999873,-60.0,-63.268620022385306,3.2686200223853064,0.0,1500,idle,-0.08096482304865532,-0.05971209706195472,0.1576885461725988,0.0
9.660000793000108,-60.0,-63.268620022385306,3.2686200223853064,0.0,1500,idle,-0.08096482304865532,-0.05971209706195472,0.1576885461725988,0.0
9.680000795000069,-60.0,-63.268620022385306,3.2686200223853064,0.0,1500,idle,-0.08096482304865532,-0.05971209706195472,0.1576885461725988,0.0
9.70000090800022,-60.0,-63.268620022385306,3.2686200223853064,0.0,1500,idle,-0.08096482304865532,-0.05971209706195472,0.1576885461725988,0.0
9.720000853999863,-60.0,-63.268620022385306,3.2686200223853064,0.0,1500,idle,-0.08096482304865532,-0.05971209706195472,0.1576885461725988,0.0
9.740001021999888,-60.0,-63.268620022385306,3.2686200223853064,0.0,1500,idle,-0.08096482304865532,-0.05971209706195472,0.1576885461725988,0.0
9.76000157899989,-60.0,-63.268620022385306,3.2686200223853064,0.0,1500,idle,-0.08096482304865532,-0.05971209706195472,0.1576885461725988,0.0
9.780000839999957,-60.0,-63.268620022385306,3.2686200223853064,0.0,1500,idle,-0.08096482304865532,-0.05971209706195472,0.1576885461725988,0.0
9.800001027000235,-60.0,-63.268620022385306,3.2686200223853064,0.0,1500,idle,-0.08096482304865532,-0.05971209706195472,0.1576885461725988,0.0
9.820000972999878,-60.0,-63.268620022385306,3.2686200223853064,0.0,1500,idle,-0.08096482304865532,-0.05971209706195472,0.1576885461725988,0.0
9.840000900000177,-60.0,-63.268620022385306,3.2686200223853064,0.0,1500,idle,-0.08096482304865532,-0.05971209706195472,0.1576885461725988,0.0
9.860000957000011,-60.0,-63.268620022385306,3.2686200223853064,0.0,1500,idle,-0.08096482304865532,-0.05971209706195472,0.1576885461725988,0.0
9.880000811000173,-60.0,-63.268620022385306,3.2686200223853064,0.0,1500,idle,-0.08096482304865532,-0.05971209706195472,0.1576885461725988,0.0
9.90000077500008,-60.0,-63.268620022385306,3.2686200223853064,0.0,1500,idle,-0.08096482304865532,-0.05971209706195472,0.1576885461725988,0.0
9.920000869999967,-60.0,-63.268620022385306,3.2686200223853064,0.0,1500,idle,-0.08096482304865532,-0.05971209706195472,0.1576885461725988,0.0
9.940000686000076,-60.0,-63.268620022385306,3.2686200223853064,0.0,1500,idle,-0.08096482304865532,-0.05971209706195472,0.1576885461725988,0.0
9.960000817000036,-60.0,-63.268620022385306,3.2686200223853064,0.0,1500,idle,-0.08096482304865532,-0.05971209706195472,0.1576885461725988,0.0
9.980001022000124,-60.0,-63.268620022385306,3.2686200223853064,0.0,1500,idle,-0.08096482304865532,-0.05971209706195472,0.1576885461725988,0.0
10.000001006000275,0.0,-63.268620022385306,63.268620022385306,1.6563685988757482,1390,kick,1.6563685988757482,0.0,0.0,0.0
10.020000896000056,0.0,-63.268620022385306,63.268620022385306,1.6563685988757482,1390,kick,1.6563685988757482,0.0,0.0,0.0
10.04000093500008,0.0,-63.268620022385306,63.268620022385306,1.6563685988757482,1390,kick,1.6563685988757482,0.0,0.0,0.0
10.060000881000178,0.0,-63.27090169389999,63.27090169389999,1.656428332896318,1390,kick,1.656428332896318,0.0,0.0,0.0
10.080000808000023,0.0,-63.27090169389999,63.27090169389999,1.656428332896318,1390,kick,1.656428332896318,0.0,0.0,0.0
10.100000699000248,0.0,-63.2759007192839,63.2759007192839,1.6565592070748283,1390,kick,1.6565592070748283,0.0,0.0,0.0
10.12000103399987,0.0,-63.2759007192839,63.2759007192839,1.6536295195748283,1390,kick,1.6565592070748283,0.0,-0.001171875,0.001953125
10.140002110000296,0.0,-63.2759007192839,63.2759007192839,1.6524576445748282,1390,kick,1.6565592070748283,0.0,-0.001640625,0.001953125
10.16000072299994,0.0,-63.26687340182946,63.26687340182946,1.6429634974565241,1390,kick,1.6563228724565242,0.0,-0.0053437499999999995,0.0078125
10.18000120600027,0.0,-63.26687340182946,63.26687340182946,1.6392603724565242,1390,kick,1.6563228724565242,0.0,-0.0068249999999999995,0.0078125
10.200000929999987,0.0,-63.25166400593517,63.25166400593517,1.6373809414031322,1390,kick,1.6559246914031323,0.0,-0.0074175,0.0078125
10.220000747000086,0.0,-63.25166400593517,63.25166400593517,1.6455775039031322,1365.0,run,1.6559246914031323,0.0,-0.004138875,0.001953125
10.24000115600029,0.0,-63.25166400593517,63.25166400593517,1.6488561289031323,1340.0,run,1.6559246914031323,0.0,-0.002827425,0.001953125
10.260000972999933,0.0,-63.245157721984924,63.245157721984924,1.65878630728763,1315.0,run,1.65575435728763,0.0,0.0012127799999999999,-0.00390625
10.280001529999936,0.0,-63.245157721984924,63.245157721984924,1.66282651228763,1290.0,run,1.65575435728763,0.0,0.0028288619999999997,-0.00390625
10.300000920999992,0.0,-63.24249495211909,63.24249495211909,1.6643728831355578,1265.0,run,1.6556846461355577,0.0,0.0034752947999999997,-0.00390625
10.320001368000248,0.0,-63.24249495211909,63.24249495211909,1.6357224409355577,1240.0,run,1.6556846461355577,0.0,-0.00798488208,0.015625
10.340001036000103,0.0,-63.24249495211909,63.24249495211909,1.6242622640555577,1215.0,run,1.6556846461355577,0.0,-0.012568952832,0.015625
10.360001093999927,0.0,-63.16125695321249,63.16125695321249,1.5472388874655798,1190.0,run,1.65355784029758,0.0,-0.0425275811328,0.0625
10.380001224999887,0.0,-63.16125695321249,63.16125695321249,1.5172802591647798,1165.0,run,1.65355784029758,0.0,-0.05451103245312,0.0625
10.400000708999869,0.0,-62.895443499386715,62.895443499386715,1.4983378278964237,1140.0,run,1.6465988603495436,0.0,-0.059304412981248,0.0625
10.420000803000221,0.0,-62.895443499386715,62.895443499386715,1.3177631973682957,1115.0,run,1.6465988603495436,0.0,-0.1315342651924992,0.1796875
10.440000750000308,0.0,-62.895443499386715,62.895443499386715,1.2455333451570445,1100.0,run,1.6465988603495436,0.0,-0.16042620607699967,0.1796875
10.46000064000009,0.0,-62.212582038262724,62.212582038262724,0.8823578830251546,1125.0,run,1.6287215891021543,0.0,-0.29854548243079987,0.390625
10.480000863999976,0.0,-62.212582038262724,62.212582038262724,0.7442386066713544,1150.0,run,1.6287215891021543,0.0,-0.3537931929723199,0.390625
10.50000103299999,0.0,-60.85605831013089,60.85605831013089,0.6534771879738408,1175.0,run,1.5932078809461607,0.0,-0.375892277188928,0.390625
10.520000757000162,0.0,-60.85605831013089,60.85605831013089,0.2095031037572328,1200.0,run,1.5932078809461607,0.0,-0.5534819108755712,0.671875
10.540001018000112,0.0,-60.85605831013089,60.85605831013089,0.031913470070589645,1500,idle,1.5932078809461607,0.0,-0.6245177643502284,0.671875
10.560000631000094,0.0,-58.70036081572381,58.70036081572381,-0.47934747433566094,1500,dwell,1.5367718525145675,0.0,-0.8064477307400914,0.927734375
10.58000083700017,0.0,-58.70036081572381,58.70036081572381,-0.661277440725524,1500,dwell,1.5367718525145675,0.0,-0.8792197172960365,0.927734375
10.600000765000004,0.0,-55.92210337936544,55.92210337936544,-0.8067840368801746,1500,dwell,1.4640372429158617,0.0,-0.9083285119184146,0.927734375
10.620000822000293,0.0,-55.92210337936544,55.92210337936544,-1.0380412690025531,1500,dwell,1.4640372429158617,0.0,-1.0008314047673659,1.0625
10.640000843000053,0.0,-55.92210337936544,55.92210337936544,-1.1305441618515044,1500,dwell,1.4640372429158617,0.0,-1.0378325619069464,1.0625
10.66000104800014,0.0,-52.808159196518574,52.808159196518574,-1.3398884995620877,1500,dwell,1.3825143748448585,0.0,-1.0889611497627785,1.123046875
10.680001124000228,0.0,-52.808159196518574,52.808159196518574,-1.39101708741792,1500,dwell,1.3825143748448585,0.0,-1.1094125849051113,1.123046875
10.700001478000104,0.0,-49.5666020874358,49.5666020874358,-1.496332289227638,1500,dwell,1.2976506081774732,0.0,-1.1175931589620445,1.123046875
10.720001498999864,0.0,-49.5666020874358,49.5666020874358,-1.5631066132845715,1645,kick,1.2976506081774732,0.0,-1.1443028885848179,1.162109375
10.740000722999866,0.0,-49.5666020874358,49.5666020874358,-1.5898163429073446,1645,kick,1.2976506081774732,0.0,-1.154986780433927,1.162109375
10.760001057999943,0.0,-46.218289705922246,46.218289705922246,-1.7086666604205099,1645,kick,1.2099919950134175,0.0,-1.1674634621735709,1.17578125
10.780000875000042,0.0,-46.218289705922246,46.218289705922246,-1.7211433421601536,1645,kick,1.2099919950134175,0.0,-1.1724541348694284,1.17578125
10.800000654000087,0.0,-42.875667526694144,42.875667526694144,-1.8136436588725888,1645,kick,1.1224823509968398,0.0,-1.1744504039477714,1.17578125
10.82000080500029,0.0,-42.875667526694144,42.875667526694144,-1.7687649279509317,1645,kick,1.1224823509968398,0.0,-1.1564989115791087,1.14453125
10.840000620999945,0.0,-42.875667526694144,42.875667526694144,-1.7508134355822689,1645,kick,1.1224823509968398,0.0,-1.1493183146316435,1.14453125
10.860000605000096,0.0,-39.62203367213209,39.62203367213209,-1.7877971487594968,1645,kick,1.0373024158721467,0.0,-1.1300398258526574,1.1171875
10.880001070000162,0.0,-39.62203367213209,39.62203367213209,-1.7685186599805107,1645,kick,1.0373024158721467,0.0,-1.122328430341063,1.1171875
10.900000700999954,0.0,-36.452711658357714,36.452711658357714,-1.8437799207633665,1645,kick,0.9543297595776966,0.0,-1.1192438721364253,1.1171875
10.920000739999978,0.0,-36.452711658357714,36.452711658357714,-1.7850313000587286,1645,kick,0.9543297595776966,0.0,-1.0957444238545702,1.080078125
10.940000871999928,0.0,-36.452711658357714,36.452711658357714,-1.7615318517768737,1670.0,run,0.9543297595776966,0.0,-1.086344644541828,1.080078125
10.960000800000216,0.0,-33.3921291092943,33.3921291092943,-1.7619454362294877,1695.0,run,0.8742038958123406,0.0,-1.0544597328167313,1.033203125
10.980001413000082,0.0,-33.3921291092943,33.3921291092943,-1.7300605245043907,1720.0,run,0.8742038958123406,0.0,-1.0417057681266926,1.033203125
11.000000654999894,0.0,-30.46538800548123,30.46538800548123,-1.7939284627368393,1745.0,run,0.7975819928898535,0.0,-1.036604182250677,1.033203125
11.020000879000236,0.0,-30.46538800548123,30.46538800548123,-1.7243737518608233,1770.0,run,0.7975819928898535,0.0,-1.0087822979002707,0.990234375
11.04000067800007,0.0,-30.46538800548123,30.46538800548123,-1.6965518675104172,1795.0,run,0.7975819928898535,0.0,-0.9976535441601083,0.990234375
11.06000106800002,0.0,-27.691961804116488,27.691961804116488,-1.6613515544325956,1820.0,run,0.7249738647275127,0.0,-0.9545301676640433,0.92578125
11.080001015000107,0.0,-27.691961804116488,27.691961804116488,-1.6182281779365306,1845.0,run,0.7249738647275127,0.0,-0.9372808170656173,0.92578125
11.100001071999941,0.0,-25.09562727168617,25.09562727168617,-1.6689507064493094,1870.0,run,0.6570019856163078,0.0,-0.9303810768262468,0.92578125
11.120000963000166,0.0,-25.09562727168617,25.09562727168617,-1.536074403709939,1895.0,run,0.6570019856163078,0.0,-0.8772305557304987,0.841796875
11.140002057999936,0.0,-25.09562727168617,25.09562727168617,-1.4829238826141906,1900.0,run,0.6570019856163078,0.0,-0.8559703472921995,0.841796875
11.160001060000013,0.0,-22.774281687721555,22.774281687721555,-1.3642332344511114,1900.0,run,0.5962293003410882,0.0,-0.7841850139168798,0.736328125
11.1800011360001,0.0,-22.774281687721555,22.774281687721555,-1.2924479010757914,1900.0,run,0.5962293003410882,0.0,-0.7554708805667519,0.736328125
11.200000879000072,0.0,-20.776133174659833,20.776133174659833,-1.3160451734707976,1900.0,run,0.5439178945959543,0.0,-0.7439852272267008,0.736328125
11.220001159000276,0.0,-20.776133174659833,20.776133174659833,-1.1229188951307467,1900.0,run,0.5439178945959543,0.0,-0.6667347158906803,0.615234375
11.240000865000184,0.0,-20.776133174659833,20.776133174659833,-1.0456683837947263,1900.0,run,0.5439178945959543,0.0,-0.6358345113562722,0.615234375
11.260001052999996,0.0,-19.125409845486814,19.125409845486814,-0.870484014960645,1875.0,run,0.5007020588956272,0.0,-0.5484744295425089,0.490234375
11.280001017999894,0.0,-19.125409845486814,19.125409845486814,-0.7831239331468816,1850.0,run,0.5007020588956272,0.0,-0.5135303968170035,0.490234375
11.300000853000256,0.0,-17.816145946006003,17.816145946006003,-0.7824563491565365,1825.0,run,0.466425610160467,0.0,-0.4995527837268014,0.490234375
11.320000948000143,0.0,-17.816145946006003,17.816145946006003,-0.5839084235663342,1800.0,run,0.466425610160467,0.0,-0.42013361349072054,0.3671875
11.34000104300003,0.0,-17.816145946006003,17.816145946006003,-0.5044892533302535,1775.0,run,0.466425610160467,0.0,-0.3883659453962882,0.3671875
11.360000970999863,0.0,-16.851114401993073,16.851114401993073,-0.3456423019787666,1750.0,run,0.4411611434175216,0.0,-0.3147213781585153,0.265625
11.380000844000278,0.0,-16.851114401993073,16.851114401993073,-0.2719977347409936,1725.0,run,0.4411611434175216,0.0,-0.2852635512634061,0.265625
11.400000902000102,0.0,-16.150199550263437,16.150199550263437,-0.2608898157540994,1700.0,run,0.42281123550930666,0.0,-0.2734804205053624,0.265625
11.420000792999872,0.0,-16.150199550263437,16.150199550263437,-0.13191918499605582,1675.0,run,0.42281123550930666,0.0,-0.22189216820214497,0.1875
11.440000961999885,0.0,-16.150199550263437,16.150199550263437,-0.08033093269283831,1650.0,run,0.42281123550930666,0.0,-0.20125686728085798,0.1875
11.4600009640003,0.0,-15.645307270955755,15.645307270955755,0.029625381765721825,1500,idle,0.40959318654657983,0.0,-0.1519871219123432,0.119140625
11.480001263000304,0.0,-15.645307270955755,15.645307270955755,0.07889512713423663,1500,idle,0.40959318654657983,0.0,-0.13227922376493728,0.119140625
11.500000839000222,0.0,-15.312863806575365,15.312863806575365,0.08989967573638108,1500,idle,0.40088983700131836,0.0,-0.12439606450597492,0.119140625
11.520000767000056,0.0,-15.312863806575365,15.312863806575365,0.14465783499534346,1500,idle,0.40088983700131836,0.0,-0.10249280080238997,0.087890625
11.540000751000207,0.0,-15.312863806575365,15.312863806575365,0.1665610986989284,1500,idle,0.40088983700131836,0.0,-0.09373149532095598,0.087890625
11.560001105000083,0.0,-15.078635983250365,15.078635983250365,0.2189950216051611,1500,idle,0.3947577669261171,0.0,-0.0703050981283824,0.0546875
11.58000132899997,0.0,-15.078635983250365,15.078635983250365,0.24242141879773468,1500,idle,0.3947577669261171,0.0,-0.06093453925135296,0.0546875
11.600000980000004,0.0,-14.928770280855105,14.928770280855105,0.2478685027608473,1500,idle,0.39083429201220027,0.0,-0.05718631570054119,0.0546875
11.620000685999912,0.0,-14.928770280855105,14.928770280855105,0.3102104763116591,1500,idle,0.39083429201220027,0.0,-0.032249526280216476,0.015625
11.640000669000074,0.0,-14.928770280855105,14.928770280855105,0.3351472657319838,1500,idle,0.39083429201220027,0.0,-0.02227481051208659,0.015625
11.66000100500014,0.0,-14.88213980072237,14.88213980072237,0.39077619838496064,1500,dwell,0.3896135088970472,0.0,0.00046507579516536293,-0.015625
11.680001118000291,0.0,-14.88213980072237,14.88213980072237,0.41351608469221257,1500,dwell,0.3896135088970472,0.0,0.009561030318066144,-0.015625
11.700000991000252,0.0,-14.926682948200664,14.926682948200664,0.42377817608915985,1500,dwell,0.3907796457710937,0.0,0.013199412127226457,-0.015625
11.720000677999906,0.0,-14.926682948200664,14.926682948200664,0.44792437039832017,1500,dwell,0.3907796457710937,0.0,0.022857889850890583,-0.029296875
11.740001013999972,0.0,-14.926682948200664,14.926682948200664,0.4575828481219843,1500,dwell,0.3907796457710937,0.0,0.026721280940356234,-0.029296875
11.76000107200025,0.0,-14.988387184312245,14.988387184312245,0.4718507148353125,1500,dwell,0.3923950588949563,0.0,0.03178226237614249,-0.03515625
11.780000704000031,0.0,-14.988387184312245,14.988387184312245,0.47691169627109875,1500,dwell,0.3923950588949563,0.0,0.033806654950456996,-0.03515625
11.800000631999865,0.0,-14.687341182165852,14.687341182165852,0.4710547229392826,1500,dwell,0.3845136929888256,0.0,0.034616411980182796,-0.03515625
11.820001059999868,0.0,-14.687341182165852,14.687341182165852,0.4718644799690084,1390,kick,0.3845136929888256,0.0,0.034940314792073116,-0.03515625
11.840001044000019,0.0,-14.687341182165852,14.687341182165852,0.4721883827808987,1390,kick,0.3845136929888256,0.0,0.035069875916829245,-0.03515625
11.860001102000297,0.0,-14.166887381415393,14.166887381415393,0.4586924952642337,1390,kick,0.3708882443474045,0.0,0.03512170036673169,-0.03515625
11.880001010999877,0.0,-14.166887381415393,14.166887381415393,0.4587443197141362,1390,kick,0.3708882443474045,0.0,0.035142430146692674,-0.03515625
11.90000116200008,0.0,-13.864266948973864,13.864266948973864,0.45084246509922654,1390,kick,0.3629656599525339,0.0,0.03515072205867707,-0.03515625
11.920000867999988,0.0,-13.864266948973864,13.864266948973864,0.45085075701121097,1390,kick,0.3629656599525339,0.0,0.03515403882347083,-0.03515625
11.940001018000203,0.0,-13.864266948973864,13.864266948973864,0.4508540737760047,1390,kick,0.3629656599525339,0.0,0.03515536552938833,-0.03515625
11.96000087199991,0.0,-13.637259517893824,13.637259517893824,0.42440454733366106,1390,kick,0.3570226193042727,0.0,0.026952771211755332,-0.021484375
11.98000087399987,0.0,-13.637259517893824,13.637259517893824,0.416201953016028,1390,kick,0.3570226193042727,0.0,0.023671733484702133,-0.021484375
12.000001079999947,0.0,-13.425976814137499,13.425976814137499,0.40738954703937935,1390,kick,0.3514912510546772,0.0,0.022359318393880855,-0.021484375
12.020001157000024,0.0,-13.425976814137499,13.425976814137499,0.38849900694855805,1390,kick,0.3514912510546772,0.0,0.014803102357552342,-0.009765625
12.04000065900027,0.0,-13.425976814137499,13.425976814137499,0.38094279091222955,1365.0,run,0.3514912510546772,0.0,0.011780615943020937,-0.009765625
12.060000976000083,0.0,-13.237870404512535,13.237870404512535,0.36127694020960693,1340.0,run,0.346566636766586,0.0,0.005884121377208376,-0.001953125
12.080001126000298,0.0,-13.237870404512535,13.237870404512535,0.3553804456437944,1315.0,run,0.346566636766586,0.0,0.0035255235508833502,-0.001953125
12.100001239999983,0.0,-13.064697321671076,13.064697321671076,0.34848818711035084,1314.9988982535842,run,0.3420329760594675,0.0,0.00258208442035334,-0.001953125
12.120000685999912,0.0,-13.064697321671076,13.064697321671076,0.3270369354798208,1322.0778112916591,run,0.3420329760594675,0.0,-0.005998416231858664,0.01171875
12.140001096000105,0.0,-13.064697321671076,13.064697321671076,0.3184564348276088,1324.9093765068892,run,0.3420329760594675,0.0,-0.009430616492743465,0.01171875
12.160001377000299,0.0,-12.857211363754715,12.857211363754715,0.28029538989078173,1337.502521336042,run,0.3366010063835252,0.0,-0.022522246597097385,0.03125
12.18000063799991,0.0,-12.857211363754715,12.857211363754715,0.2672037597864278,1341.8227592704789,run,0.3366010063835252,0.0,-0.02775889863883895,0.03125
12.200000844999977,0.0,-12.63266615838873,12.63266615838873,0.25608852801488124,1345.4907857550893,run,0.3307224266537202,0.0,-0.02985355945553558,0.03125
12.220000921000064,0.0,-12.63266615838873,12.63266615838873,0.22762667969818462,1354.8831956995991,run,0.3307224266537202,0.0,-0.04123829878221423,0.048828125
12.240001108999877,0.0,-12.63266615838873,12.63266615838873,0.21624194037150596,1358.640159677403,run,0.3307224266537202,0.0,-0.045792194512885694,0.048828125
12.260001038000155,0.0,-12.422320313980293,12.422320313980293,0.19446245331161222,1365.827390407168,run,0.3252155853244979,0.0,-0.052301252805154276,0.056640625
12.280000910000126,0.0,-12.422320313980293,12.422320313980293,0.1879533950193436,1367.9753796436166,run,0.3252155853244979,0.0,-0.05490487612206171,0.056640625
12.300000858000203,0.0,-12.209327404185842,12.209327404185842,0.17977363036346142,1370.6747019800578,run,0.31963944398552313,0.0,-0.055946325448824684,0.056640625
12.32000080500029,0.0,-12.209327404185842,12.209327404185842,0.18166186853669844,1370.0515833828895,run,0.31963944398552313,0.0,-0.05519103017952988,0.0546875
12.340000770000188,0.0,-12.209327404185842,12.209327404185842,0.18241716380599324,1369.8023359440222,run,0.31963944398552313,0.0,-0.05488891207181196,0.0546875
12.360000828000011,0.0,-12.005626524450719,12.005626524450719,0.1949645303528309,1365.6617049835659,run,0.31430656742464286,0.0,-0.047736814828724786,0.04296875
12.380001238000204,0.0,-12.005626524450719,12.005626524450719,0.20211662759591809,1363.301512893347,run,0.31430656742464286,0.0,-0.04487597593148991,0.04296875
12.400000926000303,0.0,-11.852004419183288,11.852004419183288,0.20095564918200992,1363.6846357699367,run,0.3102847501134998,0.0,-0.04373164037259596,0.04296875
12.420001058000253,0.0,-11.852004419183288,11.852004419183288,0.22260779724090385,1356.5394269105018,run,0.3102847501134998,0.0,-0.03507078114903839,0.029296875
12.44000102400014,0.0,-11.852004419183288,11.852004419183288,0.23126865646446143,1353.6813433667278,run,0.3102847501134998,0.0,-0.031606437459615354,0.029296875
12.460001081999962,0.0,-11.733071120380885,11.733071120380885,0.24333808367234425,1349.6984323881263,run,0.3071710836319596,0.0,-0.025533199983846143,0.021484375
12.480001362000166,0.0,-11.733071120380885,11.733071120380885,0.24941132114811346,1347.6942640211225,run,0.3071710836319596,0.0,-0.023103904993538458,0.021484375
12.500000976000138,0.0,-11.639497625622084,11.639497625622084,0.24939086777421302,1347.7010136345098,run,0.30472133526775147,0.0,-0.022132186997415385,0.021484375
12.520000941000035,0.0,-11.639497625622084,11.639497625622084,0.2679407107703361,1341.579565445789,run,0.30472133526775147,0.0,-0.014712249798966154,0.009765625
12.540000943999985,0.0,-11.639497625622084,11.639497625622084,0.27536064796878534,1339.1309861703007,run,0.30472133526775147,0.0,-0.011744274919586462,0.009765625
12.560000983999998,0.0,-11.57221964260674,11.57221964260674,0.2736376018715872,1339.6995913823762,run,0.30296000179117366,0.0,-0.011728959967834584,0.01171875
12.580000653000297,0.0,-11.57221964260674,11.57221964260674,0.2736529168233391,1339.694537448298,run,0.30296000179117366,0.0,-0.011722833987133833,0.01171875
12.600001025999973,0.0,-11.504076950163977,11.504076950163977,0.27187507128758975,1340.2812264750953,run,0.30117603027472356,0.0,-0.011720383594853532,0.01171875
12.620000638999954,0.0,-11.504076950163977,11.504076950163977,0.27480720917987,1339.313620970643,run,0.30117603027472356,0.0,-0.010547528437941413,0.009765625
12.64000097500002,0.0,-11.504076950163977,11.504076950163977,0.2759800643367821,1338.9265787688619,run,0.30117603027472356,0.0,-0.010078386375176565,0.009765625
12.660001015000034,0.0,-11.438736186706024,11.438736186706024,0.26887921421238486,1341.269859309913,run,0.2994654130875614,0.0,-0.012234479550070627,0.013671875
12.680001036000249,0.0,-11.438736186706024,11.438736186706024,0.2667231210374908,1341.981370057628,run,0.2994654130875614,0.0,-0.013096916820028252,0.013671875
12.700000723999892,0.0,-11.366393631469919,11.366393631469919,0.2639667601002693,1342.8909691669112,run,0.29757148942029754,0.0,-0.013441891728011301,0.013671875
12.720001022999895,0.0,-11.366393631469919,11.366393631469919,0.26948116019228624,1341.0712171365456,run,0.29757148942029754,0.0,-0.01123613169120452,0.009765625
12.740001729000141,0.0,-11.366393631469919,11.366393631469919,0.271686920229093,1340.3433163243992,run,0.29757148942029754,0.0,-0.010353827676481808,0.009765625
12.760001397999986,0.0,-11.29419132206067,11.29419132206067,0.2618899097037132,1343.5763297977746,run,0.295681237380195,0.0,-0.013516531070592723,0.015625
12.780001197000274,0.0,-11.29419132206067,11.29419132206067,0.2587272063096022,1344.6200219178313,run,0.295681237380195,0.0,-0.01478161242823709,0.015625
12.800000717999865,0.0,-11.218968793281249,11.218968793281249,0.2554928037536422,1345.687374761298,run,0.2937119161818793,0.0,-0.015287644971294836,0.015625
12.82000073900008,0.0,-11.218968793281249,11.218968793281249,0.2549867712105845,1345.8543655005071,run,0.2937119161818793,0.0,-0.015490057988517934,0.015625
12.84000074200003,0.0,-11.218968793281249,11.218968793281249,0.25478435819336137,1345.9211617961907,run,0.2937119161818793,0.0,-0.015571023195407173,0.015625
12.860001059000297,0.0,-11.132754916345846,11.132754916345846,0.24658694396632416,1348.626308491113,run,0.29145484216173134,0.0,-0.01794715927816287,0.01953125
12.88000074699994,0.0,-11.132754916345846,11.132754916345846,0.24421080788356847,1349.4104333984224,run,0.29145484216173134,0.0,-0.018897613711265148,0.01953125
12.900000785999964,0.0,-11.055998690455937,11.055998690455937,0.24125088015569107,1350.387209548622,run,0.2894453688669562,0.0,-0.01927779548450606,0.01953125
12.920000918999904,0.0,-11.055998690455937,11.055998690455937,0.24673007338245015,1348.5790757837915,run,0.2894453688669562,0.0,-0.017086118193802423,0.015625
12.940001181000298,0.0,-11.055998690455937,11.055998690455937,0.24892175067315378,1347.8558222778593,run,0.2894453688669562,0.0,-0.01620944727752097,0.015625
12.960000738999952,0.0,-10.985328972502174,10.985328972502174,0.2508779801998119,1347.2102665340622,run,0.28759523997733283,0.0,-0.014686903911008388,0.013671875
12.980000982000092,0.0,-10.985328972502174,10.985328972502174,0.2524005235663244,1346.7078272231129,run,0.28759523997733283,0.0,-0.014077886564403355,0.013671875
13.000000633000127,0.0,-10.917377772529449,10.917377772529449,0.25123058265762177,1347.0939077229848,run,0.2858162817220251,0.0,-0.013834279625761343,0.013671875
13.020001098000193,0.0,-10.917377772529449,10.917377772529449,0.2544038770962638,1346.046720558233,run,0.2858162817220251,0.0,-0.012564961850304538,0.01171875
13.040001008000218,0.0,-10.917377772529449,10.917377772529449,0.2556731948717206,1345.6278456923321,run,0.2858162817220251,0.0,-0.012057234740121815,0.01171875
13.060001048000231,0.0,-10.861407492532066,10.861407492532066,0.25764531097807714,1344.9770473772346,run,0.28435098321819896,0.0,-0.010682268896048727,0.009765625
13.080001087000255,0.0,-10.861407492532066,10.861407492532066,0.25902027682215023,1344.5233086486905,run,0.28435098321819896,0.0,-0.01013228255841949,0.009765625
13.100000645999899,0.0,-10.819724771795649,10.819724771795649,0.2584790120827198,1344.7019260127024,run,0.28325973214113925,0.0,-0.009912288023367796,0.009765625
13.120000926000102,0.0,-10.819724771795649,10.819724771795649,0.26455838161777145,1342.6957340661354,run,0.28325973214113925,0.0,-0.007480540209347118,0.005859375
13.140002373000243,0.0,-10.819724771795649,10.819724771795649,0.2669901294317921,1341.8932572875087,run,0.28325973214113925,0.0,-0.006507841083738847,0.005859375
13.160001190999992,0.0,-10.784058208126254,10.784058208126254,0.2728884551040457,1339.946809815665,run,0.28232598368778455,0.0,-0.003775011433495539,0.001953125
13.180001156999879,0.0,-10.784058208126254,10.784058208126254,0.27562128475428904,1339.0449760310846,run,0.28232598368778455,0.0,-0.002681879573398216,0.001953125
13.20000127100002,0.0,-10.75177546756234,10.75177546756234,0.2758692564427752,1338.9631453738841,run,0.28148082351617343,0.0,-0.0022446268293592865,0.001953125
13.220001088000117,0.0,-10.75177546756234,10.75177546756234,0.26751744668681415,1341.7192425933513,run,0.28148082351617343,0.0,-0.0055853507317437144,0.0078125
13.240000906000205,0.0,-10.75177546756234,10.75177546756234,0.2641767227844297,1342.8216814811383,run,0.28148082351617343,0.0,-0.006921640292697486,0.0078125
13.260000926999965,0.0,-10.716765645011122,10.716765645011122,0.2589941907123894,1344.5319170649116,run,0.28056426850508687,0.0,-0.008628031117078994,0.009765625
13.280001189999894,0.0,-10.716765645011122,10.716765645011122,0.2572877998880079,1345.0950260369573,run,0.28056426850508687,0.0,-0.009310587446831598,0.009765625
13.300000840999928,0.0,-10.667982060728178,10.667982060728178,0.255328092308263,1345.7417295382731,run,0.2792871172550946,0.0,-0.00958360997873264,0.009765625
13.320000732000153,0.0,-10.667982060728178,10.667982060728178,0.25505506977636194,1345.8318269738006,run,0.2792871172550946,0.0,-0.009692818991493057,0.009765625
13.340000790999966,0.0,-10.667982060728178,10.667982060728178,0.25494586076360154,1345.8678659480115,run,0.2792871172550946,0.0,-0.009736502596597222,0.009765625
13.360000663999926,0.0,-10.625733869134848,10.625733869134848,0.25965549708902186,1344.3136859606227,run,0.27818106218561905,0.0,-0.007410226038638889,0.005859375
13.380000889000257,0.0,-10.625733869134848,10.625733869134848,0.26198177364698017,1343.5460146964965,run,0.27818106218561905,0.0,-0.006479715415455556,0.005859375
13.400000892000207,0.0,-10.59536776630236,10.59536776630236,0.2621173015570244,1343.501290486182,run,0.27738607947247995,0.0,-0.006107511166182222,0.005859375
13.42000106200021,0.0,-10.59536776630236,10.59536776630236,0.2654191933062977,1342.4116662089218,run,0.27738607947247995,0.0,-0.004786754466472889,0.00390625
13.44000119400016,0.0,-10.59536776630236,10.59536776630236,0.2667399500060071,1341.9758164980176,run,0.27738607947247995,0.0,-0.004258451786589156,0.00390625
13.460000975000185,0.0,-10.57093060123799,10.57093060123799,0.2695581767005508,1341.0458016888183,run,0.27674631598714,0.0,-0.0028752557146356625,0.001953125
13.480001125999934,0.0,-10.57093060123799,10.57093060123799,0.27094137277250435,1340.5893469850735,run,0.27674631598714,0.0,-0.002321977285854265,0.001953125
13.500000776999968,0.0,-10.548611169533814,10.548611169533814,0.27091032984566793,1340.5995911509297,run,0.2761619946315222,0.0,-0.002100665914341706,0.001953125
13.52000087200031,0.0,-10.548611169533814,10.548611169533814,0.2740613287171805,1339.5597615233305,run,0.2761619946315222,0.0,-0.0008402663657366824,0.0
13.540000931000122,0.0,-10.548611169533814,10.548611169533814,0.2753217282657855,1339.1438296722908,run,0.2761619946315222,0.0,-0.000336106546294673,0.0
13.560001100000136,0.0,-10.5307126900139,10.5307126900139,0.2694979319871426,1341.065682444243,run,0.2756934135334373,0.0,-0.002478192618517869,0.00390625
13.580000974000086,0.0,-10.5307126900139,10.5307126900139,0.2673558459149194,1341.7725708480766,run,0.2756934135334373,0.0,-0.0033350270474071476,0.00390625
13.600000736000311,0.0,-10.509044770500907,10.509044770500907,0.26593174667969194,1342.2425235957016,run,0.27512614872709906,0.0,-0.003677760818962859,0.00390625
13.62000088700006,0.0,-10.509044770500907,10.509044770500907,0.2567999504081362,1345.2560163653152,run,0.27512614872709906,0.0,-0.007330479327585144,0.009765625
13.640000722999957,0.0,-10.509044770500907,10.509044770500907,0.25314723189951394,1346.4614134731605,run,0.27512614872709906,0.0,-0.008791566731034057,0.009765625
13.660000671000034,0.0,-10.485217803647771,10.485217803647771,0.25985141846253884,1344.2490319073622,run,0.2745023601935729,0.0,-0.0058603766924136234,0.00390625
13.680000840000048,0.0,-10.485217803647771,10.485217803647771,0.26278260850115925,1343.2817391946173,run,0.2745023601935729,0.0,-0.004687900676965449,0.00390625
13.700000805999935,0.0,-10.462898238162268,10.462898238162268,0.2633707596586026,1343.0876493126611,run,0.2739180353355681,0.0,-0.004218910270786179,0.00390625
13.720000864000212,0.0,-10.462898238162268,10.462898238162268,0.2638397500647819,1342.932882478622,run,0.2739180353355681,0.0,-0.004031314108314471,0.00390625
13.740001052000025,0.0,-10.462898238162268,10.462898238162268,0.2640273462272536,1342.8709757450063,run,0.2739180353355681,0.0,-0.003956275643325789,0.00390625
13.760001426000144,0.0,-10.438458313557533,10.438458313557533,0.2663922364623046,1342.0905619674395,run,0.2732781996056304,0.0,-0.0027543852573303157,0.001953125
13.780001021000317,0.0,-10.438458313557533,10.438458313557533,0.2675941268483001,1341.693938140061,run,0.2732781996056304,0.0,-0.0022736291029321265,0.001953125
13.800000987000203,0.0,-10.430523682695025,10.430523682695025,0.2678671548524766,1341.6038388986826,run,0.2730704714554087,0.0,-0.0020813266411728506,0.001953125
13.8200009709999,0.0,-10.430523682695025,10.430523682695025,0.27098914481423586,1340.5735822113022,run,0.2730704714554087,0.0,-0.0008325306564691403,0.0
13.840000881999913,0.0,-10.430523682695025,10.430523682695025,0.27223794079893954,1340.16147953635,run,0.2730704714554087,0.0,-0.00033301226258765614,0.0
13.860000866000064,0.0,-10.415396880934395,10.415396880934395,0.2752711279487919,1339.1605277768986,run,0.2726744527113795,0.0,0.0010386700949649376,-0.001953125
13.880000999000004,0.0,-10.415396880934395,10.415396880934395,0.27664281030634447,1338.7078725989063,run,0.2726744527113795,0.0,0.001587343037985975,-0.001953125
13.900000983000155,0.0,-10.403952538645257,10.403952538645257,0.27689187106885943,1338.6256825472765,run,0.27237484053087346,0.0,0.00180681221519439,-0.001953125
13.920000874999914,0.0,-10.403952538645257,10.403952538645257,0.27418165274606787,1339.5200545937976,run,0.27237484053087346,0.0,0.000722724886077756,0.0
13.940001063000182,0.0,-10.403952538645257,10.403952538645257,0.27309756541695124,1339.8778034124061,run,0.27237484053087346,0.0,0.0002890899544311024,0.0
13.960000954999941,0.0,-10.390088715125927,10.390088715125927,0.266441601434313,1342.0742715266767,run,0.2720118864798819,0.0,-0.002228114018227559,0.00390625
13.980000791000293,0.0,-10.390088715125927,10.390088715125927,0.26392439746165436,1342.904948837654,run,0.2720118864798819,0.0,-0.0032349956072910235,0.00390625
14.00000062700019,0.0,-10.365127338960576,10.365127338960576,0.2622640285727196,1343.4528705710024,run,0.2713583991800106,0.0,-0.0036377482429164093,0.00390625
14.02000077799994,0.0,-10.365127338960576,10.365127338960576,0.2618612759370942,1343.585778940759,run,0.2713583991800106,0.0,-0.003798849297166564,0.00390625
14.04000076300008,0.0,-10.365127338960576,10.365127338960576,0.261700174882844,1343.6389422886614,run,0.2713583991800106,0.0,-0.0038632897188666257,0.00390625
14.060000987999956,0.0,-10.347235375886555,10.347235375886555,0.26409701146321357,1342.8479862171396,run,0.2708899886820802,0.0,-0.0027171908875466503,0.001953125
14.080000824000308,0.0,-10.347235375886555,10.347235375886555,0.26524311029453357,1342.4697736028038,run,0.2708899886820802,0.0,-0.00225875135501866,0.001953125
14.10000101200012,0.0,-10.332629877041228,10.332629877041228,0.26531917876144073,1342.4446710087245,run,0.2705076176164594,0.0,-0.002075375542007464,0.001953125
14.120000793000145,0.0,-10.332629877041228,10.332629877041228,0.26257286707445193,1343.350953865431,run,0.2705076176164594,0.0,-0.0031739002168029856,0.00390625
14.140001109999957,0.0,-10.332629877041228,10.332629877041228,0.26147434239965645,1343.7134670081134,run,0.2705076176164594,0.0,-0.0036133100867211942,0.00390625
14.160000761999981,0.0,-10.321531273285927,10.321531273285927,0.2636740592628819,1342.987560443249,run,0.2702170568496031,0.0,-0.0026171990346884775,0.001953125
14.180000969000048,0.0,-10.321531273285927,10.321531273285927,0.26467017031491463,1342.6588437960781,run,0.2702170568496031,0.0,-0.002218754613875391,0.001953125
14.200000953000199,0.0,-10.310832798128928,10.310832798128928,0.26478852931107905,1342.6197853273438,run,0.26993697142495443,0.0,-0.0020593768455501563,0.001953125
14.220000937999885,0.0,-10.310832798128928,10.310832798128928,0.2678775945794043,1341.6003937887965,run,0.26993697142495443,0.0,-0.0008237507382200626,0.0
14.240000830000099,0.0,-10.310832798128928,10.310832798128928,0.2691132206867344,1341.1926371733775,run,0.26993697142495443,0.0,-0.0003295002952880251,0.0
14.260000925999975,0.0,-10.300995705306377,10.300995705306377,0.26642024914179974,1342.081317783206,run,0.26967943693708774,0.0,-0.00130367511811521,0.001953125
14.280001003000052,0.0,-10.300995705306377,10.300995705306377,0.26544607431897255,1342.4027954747392,run,0.26967943693708774,0.0,-0.001693345047246084,0.001953125
14.300000655000076,0.0,-10.29708799856789,10.29708799856789,0.2649541008666581,1342.5651467140028,run,0.2695771334139042,0.0,-0.0018492130188984335,0.001953125
14.32000106500027,0.0,-10.29708799856789,10.29708799856789,0.26479823289500576,1342.616583144648,run,0.2695771334139042,0.0,-0.0019115602075593734,0.001953125
14.340000976000283,0.0,-10.29708799856789,10.29708799856789,0.2647358857063448,1342.6371577169061,run,0.2695771334139042,0.0,-0.0019364990830237493,0.001953125
14.360000757000307,0.0,-10.292541836280435,10.292541836280435,0.2645919285805114,1342.6846635684312,run,0.26945811516353513,0.0,-0.0019464746332094997,0.001953125
14.38000081600012,0.0,-10.292541836280435,10.292541836280435,0.2645819530303256,1342.6879554999925,run,0.26945811516353513,0.0,-0.0019504648532837998,0.001953125
14.40000093000026,0.0,-10.285869930638285,10.285869930638285,0.26440329272899443,1342.7469133994318,run,0.26928344508227825,0.0,-0.00195206094131352,0.001953125
14.420001100000263,0.0,-10.285869930638285,10.285869930638285,0.26440169664096475,1342.7474401084817,run,0.26928344508227825,0.0,-0.001952699376525408,0.001953125
14.44000080700016,0.0,-10.285869930638285,10.285869930638285,0.2644010582057528,1342.7476507921015,run,0.26928344508227825,0.0,-0.0019529547506101632,0.001953125
14.4600010690001,0.0,-10.285869930638285,10.285869930638285,0.2673304903316681,1341.7809381905495,run,0.26928344508227825,0.0,-0.0007811819002440653,0.0
14.48000094300005,0.0,-10.285869930638285,10.285869930638285,0.2685022631820342,1341.3942531499288,run,0.26928344508227825,0.0,-0.00031247276009762617,0.0
14.500001001999863,0.0,-10.285869930638285,10.285869930638285,0.26897097232218065,1341.2395791336803,run,0.26928344508227825,0.0,-0.00012498910403905048,0.0
14.520000911999887,0.0,-10.285869930638285,10.285869930638285,0.2662287684782392,1342.1445064021812,run,0.26928344508227825,0.0,-0.0012218706416156201,0.001953125
14.54000106400008,0.0,-10.285869930638285,10.285869930638285,0.26513188694066264,1342.5064773095814,run,0.26928344508227825,0.0,-0.001660623256646248,0.001953125
14.560000845000104,0.0,-10.28196184687576,10.28196184687576,0.26166113343198233,1343.6518259674458,run,0.26918113168862856,0.0,-0.0030079993026584993,0.00390625
14.580001107000044,0.0,-10.28196184687576,10.28196184687576,0.26031375738597007,1344.0964600626298,run,0.26918113168862856,0.0,-0.0035469497210633997,0.00390625
14.60000105500012,0.0,-10.279198291425132,10.279198291425132,0.2684915197550528,1341.3977984808325,run,0.2691087819761162,0.0,-0.00024690488842536,-0.001953125
14.620001132000198,0.0,-10.279198291425132,10.279198291425132,0.2717915645876908,1340.308783686062,run,0.2691087819761162,0.0,0.001073113044629856,-0.001953125
14.640001006000148,0.0,-10.279198291425132,10.279198291425132,0.2731115825207461,1339.8731777681537,run,0.2691087819761162,0.0,0.0016011202178519424,-0.001953125
14.660000953000235,0.0,-10.277936418335315,10.277936418335315,0.2677471789337288,1341.6434309518695,run,0.2690757462158768,0.0,-0.000531426912859223,0.001953125
14.680000827000185,0.0,-10.277936418335315,10.277936418335315,0.2656146318030176,1342.347171505004,run,0.2690757462158768,0.0,-0.001384445765143689,0.001953125
14.700001071000315,0.0,-10.28196184687576,10.28196184687576,0.2677966859234849,1341.62709364525,run,0.26918113168862856,0.0,-0.0005537783060574757,0.0
14.720000963000075,0.0,-10.28196184687576,10.28196184687576,0.2686273533825711,1341.3529733837515,run,0.26918113168862856,0.0,-0.0002215113224229903,0.0
14.740000985000279,0.0,-10.28196184687576,10.28196184687576,0.2689596203662056,1341.243325279152,run,0.26918113168862856,0.0,-8.860452896919613e-05,0.0
14.760001414000271,0.0,-10.285127938799263,10.285127938799263,0.2721051027523883,1340.205316091712,run,0.2692640197813575,0.0,0.0011364331884123214,-0.001953125
14.780000806000317,0.0,-10.285127938799263,10.285127938799263,0.27333014046976983,1339.801053644976,run,0.2692640197813575,0.0,0.0016264482753649285,-0.001953125
14.800000957000066,0.0,-10.285127938799263,10.285127938799263,0.27089046805672246,1340.6061455412816,run,0.2692640197813575,0.0,0.0006505793101459715,0.0
14.820000885999889,0.0,-10.285127938799263,10.285127938799263,0.26991459909150345,1340.928182299804,run,0.2692640197813575,0.0,0.0002602317240583886,0.0
14.840000686000167,0.0,-10.285127938799263,10.285127938799263,0.26952425150541587,1341.0569970032127,run,0.2692640197813575,0.0,0.00010409268962335544,0.0
14.860000836999916,0.0,-10.28196184687576,10.28196184687576,0.2663555368782519,1342.1026728301767,run,0.26918113168862856,0.0,-0.0011302379241506578,0.001953125
14.88000098900011,0.0,-10.28196184687576,10.28196184687576,0.2651212062644779,1342.5100019327224,run,0.26918113168862856,0.0,-0.001623970169660263,0.001953125
14.900001343999975,0.0,-10.27517286288466,10.27517286288466,0.2673794263337035,1341.7647893098779,run,0.26900339650336375,0.0,-0.0006495880678641053,0.0
14.920000661999893,0.0,-10.27517286288466,10.27517286288466,0.26835380843549966,1341.443243216285,run,0.26900339650336375,0.0,-0.0002598352271456421,0.0
14.940000776000034,0.0,-10.27517286288466,10.27517286288466,0.2687435612762181,1341.314624778848,run,0.26900339650336375,0.0,-0.00010393409085825686,0.0
14.960000761000174,0.0,-10.27126453539995,10.27126453539995,0.26586745513822396,1342.2637398043862,run,0.2689010767290822,0.0,-0.0012134486363433027,0.001953125
14.980001060000177,0.0,-10.27126453539995,10.27126453539995,0.2647579405927389,1342.6298796043961,run,0.2689010767290822,0.0,-0.0016572544545373211,0.001953125
15.000000914999873,0.0,-10.267355830919115,10.267355830919115,0.2730008676305278,1339.909713681926,run,0.2687987470850651,0.0,0.0016808482181850715,-0.00390625
15.020000937000077,0.0,-10.267355830919115,10.267355830919115,0.2763389703032502,1338.8081397999274,run,0.2687987470850651,0.0,0.003016089287274029,-0.00390625
15.04000084800009,0.0,-10.267355830919115,10.267355830919115,0.27767421137233916,1338.3675102471282,run,0.2687987470850651,0.0,0.0035501857149096115,-0.00390625
15.060000943999967,0.0,-10.270522030689335,10.270522030689335,0.27243182371612407,1340.097498173679,run,0.26888163800121445,0.0,0.0014200742859638447,0.0
15.080000836000181,0.0,-10.270522030689335,10.270522030689335,0.2703017122871783,1340.8004349452312,run,0.26888163800121445,0.0,0.0005680297143855379,0.0
15.100000783000269,0.0,-10.26861834772754,10.26861834772754,0.2664701419122038,1342.0648531689728,run,0.2688317996978183,0.0,-0.0009446631142457848,0.001953125
15.120000730999891,0.0,-10.26861834772754,10.26861834772754,0.2649574490835725,1342.5640418024211,run,0.2688317996978183,0.0,-0.0015497402456983139,0.001953125
15.140002253000148,0.0,-10.26861834772754,10.26861834772754,0.26435237195211997,1342.7637172558004,run,0.2688317996978183,0.0,-0.0017917710982793256,0.001953125
15.160001127000214,0.0,-10.261426274514918,10.261426274514918,0.2639220530631319,1342.9057224891665,run,0.2686435116614112,0.0,-0.0018885834393117303,0.001953125
15.180000704000122,0.0,-10.261426274514918,10.261426274514918,0.26382524072209945,1342.9376705617071,run,0.2686435116614112,0.0,-0.0019273083757246922,0.001953125
15.20000109700004,0.0,-10.25147145100334,10.25147145100334,0.26645558661558855,1342.0696564168557,run,0.26838289499131324,0.0,-0.0007709233502898769,0.0
15.220001156000308,0.0,-10.25147145100334,10.25147145100334,0.26761197164102335,1341.6880493584622,run,0.26838289499131324,0.0,-0.00030836934011595077,0.0
15.240000993000194,0.0,-10.25147145100334,10.25147145100334,0.26807452565119727,1341.5354065351048,run,0.26838289499131324,0.0,-0.0001233477360463803,0.0
15.26000133000025,0.0,-10.248825811147611,10.248825811147611,0.2652605970658102,1342.4640029682826,run,0.26831363230185656,0.0,-0.0012212140944185522,0.001953125
15.280000944000221,0.0,-10.248825811147611,10.248825811147611,0.264162730707438,1342.8262988665456,run,0.26831363230185656,0.0,-0.001660360637767421,0.001953125
15.300001540000267,0.0,-10.244916753267802,10.244916753267802,0.2665509327681086,1342.0381921865242,run,0.268211293405876,0.0,-0.0006641442551069684,0.0
15.320001136999963,0.0,-10.244916753267802,10.244916753267802,0.26754714915076905,1341.7094407802463,run,0.268211293405876,0.0,-0.0002656577020427874,0.0
15.340000807000251,0.0,-10.244916753267802,10.244916753267802,0.26794563570383323,1341.577940217735,run,0.268211293405876,0.0,-0.00010626308081711496,0.0
15.360000996000053,0.0,-10.238130040218437,10.238130040218437,0.2679273545929097,1341.5839729843399,run,0.2680336176737268,0.0,-4.250523232684599e-05,0.0
15.380001257999993,0.0,-10.238130040218437,10.238130040218437,0.26799111244139995,1341.562932894338,run,0.2680336176737268,0.0,-1.7002092930738396e-05,0.0
15.40000092900027,0.0,-10.234220739130791,10.234220739130791,0.27084395781764925,1340.6214939201757,run,0.26793127241058,0.0,0.0011650741628277045,-0.001953125
15.420000858000094,0.0,-10.234220739130791,10.234220739130791,0.2720260340734077,1340.2314087557754,run,0.26793127241058,0.0,0.0016379046651310819,-0.001953125
15.440000786999917,0.0,-10.234220739130791,10.234220739130791,0.2724988645757111,1340.0753746900155,run,0.26793127241058,0.0,0.0018270368660524327,-0.001953125
15.460000902000047,0.0,-10.234220739130791,10.234220739130791,0.26975830927663247,1340.9797579387114,run,0.26793127241058,0.0,0.0007308147464209731,0.0
15.480000868999923,0.0,-10.234220739130791,10.234220739130791,0.26866208715700096,1341.3415112381897,run,0.26793127241058,0.0,0.00029232589856838926,0.0
15.500001001999863,0.0,-10.232317400005144,10.232317400005144,0.26524408150736145,1342.4694531025707,run,0.2678814431087931,0.0,-0.0010549446405726443,0.001953125
15.520000912999876,0.0,-10.232317400005144,10.232317400005144,0.26389681096822043,1342.9140523804872,run,0.2678814431087931,0.0,-0.0015938528562290577,0.001953125
15.540001009000207,0.0,-10.232317400005144,10.232317400005144,0.26335790275256404,1343.0918920916538,run,0.2678814431087931,0.0,-0.001809416142491623,0.001953125
15.560000883000157,0.0,-10.228292093254055,10.228292093254055,0.26596664468198755,1342.2310072549442,run,0.2677760608244792,0.0,-0.0007237664569966492,0.0
15.580001033999906,0.0,-10.228292093254055,10.228292093254055,0.26705229436748257,1341.8727428587308,run,0.2677760608244792,0.0,-0.0002895065827986597,0.0
15.60000081599992,0.0,-10.228292093254055,10.228292093254055,0.26748655424168055,1341.7294371002454,run,0.2677760608244792,0.0,-0.00011580263311946388,0.0
15.620000892999997,0.0,-10.228292093254055,10.228292093254055,0.26766025819135975,1341.6721147968512,run,0.2677760608244792,0.0,-4.6321053247785554e-05,0.0
15.640000971000063,0.0,-10.229033173213196,10.229033173213196,0.26774914119919274,1341.6427834042663,run,0.26779546225244055,0.0,-1.8528421299114223e-05,0.0
15.660001029999876,0.0,-10.229033173213196,10.229033173213196,0.26777693383114143,1341.6336118357233,run,0.26779546225244055,0.0,-7.4113685196456895e-06,0.0
15.680001199999879,0.0,-10.229033173213196,10.229033173213196,0.2677880508839209,1341.629943208306,run,0.26779546225244055,0.0,-2.964547407858276e-06,0.0
15.700001074000284,0.0,-10.229033173213196,10.229033173213196,0.2707221852050327,1340.6616788823392,run,0.26779546225244055,0.0,0.0011706891810368567,-0.001953125
15.720001652000064,0.0,-10.229033173213196,10.229033173213196,0.2718958389334774,1340.2743731519524,run,0.26779546225244055,0.0,0.0016401506724147428,-0.001953125
15.740001396000025,0.0,-10.221839563837932,10.221839563837932,0.27217697217180425,1340.1815991833046,run,0.2676071339993895,0.0,0.001827935268965897,-0.001953125
15.760001399999965,0.0,-10.221839563837932,10.221839563837932,0.2665053817683554,1342.0532240164428,run,0.2676071339993895,0.0,-0.00044070089241364106,0.001953125
15.780000922,0.0,-10.221839563837932,10.221839563837932,0.26423674560697585,1342.801873949698,run,0.2676071339993895,0.0,-0.0013481553569654565,0.001953125
15.80000079599995,0.0,-10.21200068429826,10.21200068429826,0.2689310848784125,1341.252741990124,run,0.26734955273537797,0.0,0.0006326128572138174,-0.001953125
15.820001224999942,0.0,-10.21200068429826,10.21200068429826,0.2709118530925918,1340.5990884794446,run,0.26734955273537797,0.0,0.0014249201428855269,-0.001953125
15.840000839999902,0.0,-10.20797594533633,10.20797594533633,0.27159879295863504,1340.3723983236505,run,0.2672441853157495,0.0,0.0017418430571542107,-0.001953125
15.860000843000307,0.0,-10.20797594533633,10.20797594533633,0.2689860283729037,1341.2346106369419,run,0.2672441853157495,0.0,0.0006967372228616843,0.0
15.880000810000183,0.0,-10.20797594533633,10.20797594533633,0.2679409225386112,1341.5794955622582,run,0.2672441853157495,0.0,0.00027869488914467375,0.0
15.900000943000123,0.0,-10.19411237955967,10.19411237955967,0.26715993290158985,1341.8372221424754,run,0.2668812380124452,0.0,0.0001114779556578695,0.0
15.920001001999935,0.0,-10.19411237955967,10.19411237955967,0.26699271596810303,1341.892403730526,run,0.2668812380124452,0.0,4.4591182263147805e-05,0.0
15.940001061000203,0.0,-10.19020272627472,10.19020272627472,0.26682347471105766,1341.948253345351,run,0.26677888352879453,0.0,1.783647290525912e-05,0.0
15.96000087900029,0.0,-10.19020272627472,10.19020272627472,0.2638670325016998,1342.923879274439,run,0.26677888352879453,0.0,-0.0011647404108378963,0.001953125
15.980000976000156,0.0,-10.19020272627472,10.19020272627472,0.2626844556179566,1343.3141296460744,run,0.26677888352879453,0.0,-0.0016377711643351584,0.001953125
16.000000664000254,0.0,-10.182268740595617,10.182268740595617,0.2678630886050997,1341.6051807603171,run,0.2665711722694349,0.0,0.0005167665342659365,-0.001953125
16.020001074999982,0.0,-10.182268740595617,10.182268740595617,0.2700176263037008,1340.8941833197787,run,0.2665711722694349,0.0,0.0013785816137063746,-0.001953125
16.040000985999995,0.0,-10.182268740595617,10.182268740595617,0.27087944138314124,1340.6097843435634,run,0.2665711722694349,0.0,0.0017233076454825497,-0.001953125
16.06000074900021,0.0,-10.182268740595617,10.182268740595617,0.26536479241491745,1342.429618503077,run,0.2665711722694349,0.0,-0.00048255194180698007,0.001953125
16.080001159999938,0.0,-10.182268740595617,10.182268740595617,0.2631589328276279,1343.1575521668829,run,0.2665711722694349,0.0,-0.001364895776722792,0.001953125
16.100001478000195,0.0,-10.171575485568098,10.171575485568098,0.27078570273073366,1340.6407180988579,run,0.26629122350745643,0.0,0.001797791689310883,-0.00390625
16.120000981999965,0.0,-10.171575485568098,10.171575485568098,0.2739483901967673,1339.5970312350669,run,0.26629122350745643,0.0,0.0030628666757243532,-0.00390625
16.140002577999894,0.0,-10.170311758226774,10.170311758226774,0.2751803808787504,1339.1904743100124,run,0.26625813920302605,0.0,0.0035688966702897415,-0.00390625
16.16000130400016,0.0,-10.170311758226774,10.170311758226774,0.2668973483733158,1341.9238750368058,run,0.26625813920302605,0.0,0.00025568366811589663,0.001953125
16.18000104900011,0.0,-10.170311758226774,10.170311758226774,0.26358413537114195,1343.0172353275232,run,0.26625813920302605,0.0,-0.0010696015327536412,0.001953125
16.200001015999987,0.0,-10.160471259036285,10.160471259036285,0.2678606015039016,1341.6060015037124,run,0.26600051553665527,0.0,0.0007440343868985434,-0.001953125
16.220001093000064,0.0,-10.160471259036285,10.160471259036285,0.2696742374235538,1341.0075016502274,run,0.26600051553665527,0.0,0.0014694887547594174,-0.001953125
16.24000104200013,0.0,-10.164381908295411,10.164381908295411,0.2705020723496083,1340.7343161246292,run,0.2661028960948489,0.0,0.0017596705019037669,-0.001953125
16.260000711999965,0.0,-10.164381908295411,10.164381908295411,0.27079225409675267,1340.6385561480715,run,0.2661028960948489,0.0,0.0018757432007615068,-0.001953125
16.280001104999883,0.0,-10.164381908295411,10.164381908295411,0.2709083267956104,1340.6002521574485,run,0.2661028960948489,0.0,0.0019221722803046026,-0.001953125
16.30000131299994,0.0,-10.160471259036285,10.160471259036285,0.2679226878169599,1341.5855130204031,run,0.26600051553665527,0.0,0.0007688689121218411,0.0
16.32000079799991,0.0,-10.160471259036285,10.160471259036285,0.2667693844487771,1341.9661031319035,run,0.26600051553665527,0.0,0.00030754756484873644,0.0
16.340000820000114,0.0,-10.160471259036285,10.160471259036285,0.266308063101504,1342.1183391765037,run,0.26600051553665527,0.0,0.0001230190259394946,0.0
16.36000117599997,0.0,-10.160471259036285,10.160471259036285,0.26905322206259474,1341.2124367193437,run,0.26600051553665527,0.0,0.0012210826103757977,-0.001953125
16.380000957999982,0.0,-10.160471259036285,10.160471259036285,0.27015128564703106,1340.8500757364798,run,0.26600051553665527,0.0,0.001660308044150319,-0.001953125
16.40000127600024,0.0,-10.15644853197216,10.15644853197216,0.2675555088325384,1341.7066820852624,run,0.26589520078838813,0.0,0.0006641232176601276,0.0
16.420000854000136,0.0,-10.15644853197216,10.15644853197216,0.26655932400604826,1342.035423078004,run,0.26589520078838813,0.0,0.00026564928706405104,0.0
16.44000078399995,0.0,-10.15644853197216,10.15644853197216,0.2661608500754522,1342.1669194751007,run,0.26589520078838813,0.0,0.00010625971482562042,0.0
16.460000917999878,0.0,-10.15644853197216,10.15644853197216,0.26600146050321377,1342.2195180339395,run,0.26589520078838813,0.0,4.250388593024817e-05,0.0
16.480000847000156,0.0,-10.15644853197216,10.15644853197216,0.2659377046743184,1342.240557457475,run,0.26589520078838813,0.0,1.700155437209927e-05,0.0
16.500000851000095,0.0,-10.15644853197216,10.15644853197216,0.26591220234276025,1342.2489732268891,run,0.26589520078838813,0.0,6.800621748839709e-06,0.0
16.520000687999982,0.0,-10.15644853197216,10.15644853197216,0.265902001410137,1342.2523395346548,run,0.26589520078838813,0.0,2.720248699535884e-06,0.0
16.54000080300011,0.0,-10.153277467766515,10.153277467766515,0.26581490277031666,1342.2810820857956,run,0.26581218252161715,0.0,1.0880994798143535e-06,0.0
16.560000991999914,0.0,-10.153277467766515,10.153277467766515,0.26581327062109694,1342.281620695038,run,0.26581218252161715,0.0,4.3523979192574143e-07,0.0
16.580000959000245,0.0,-10.153277467766515,10.153277467766515,0.2658126177614091,1342.281836138735,run,0.26581218252161715,0.0,1.740959167702966e-07,0.0
16.600000759000068,0.0,-10.150518640526116,10.150518640526116,0.26574013068927593,1342.305756872539,run,0.26573995659335914,0.0,6.963836670811864e-08,0.0
16.62000094799987,0.0,-10.150518640526116,10.150518640526116,0.2657400262317258,1342.3057913435305,run,0.26573995659335914,0.0,2.785534668324746e-08,0.0
16.640001025999936,0.0,-10.154541474534511,10.154541474534511,0.2658453019967674,1342.2710503410667,run,0.26584527414142073,0.0,1.1142138673298985e-08,0.0
16.66000117800013,0.0,-10.154541474534511,10.154541474534511,0.2629155977835594,1343.2378527314254,run,0.26584527414142073,0.0,-0.0011718705431445306,0.001953125
16.680001145000006,0.0,-10.154541474534511,10.154541474534511,0.2617437160982762,1343.624573687569,run,0.26584527414142073,0.0,-0.0016406232172578123,0.001953125
16.70000103800021,0.0,-10.15442915572379,10.15442915572379,0.26713139792457435,1341.8466386848904,run,0.2658423336418322,0.0,0.000515625713096875,-0.001953125
16.72000105999996,0.0,-10.15442915572379,10.15442915572379,0.26928764685492906,1341.1350765378734,run,0.2658423336418322,0.0,0.00137812528523875,-0.001953125
16.740001193999888,0.0,-10.150518640526116,10.150518640526116,0.27004776937859787,1340.8842361050627,run,0.26573995659335914,0.0,0.0017231251140954998,-0.001953125
16.76000108700009,0.0,-10.150518640526116,10.150518640526116,0.27039276920745464,1340.77038616154,run,0.26573995659335914,0.0,0.0018611250456382,-0.001953125
16.780001052999978,0.0,-10.150518640526116,10.150518640526116,0.2705307691389973,1340.724846184131,run,0.26573995659335914,0.0,0.00191632501825528,-0.001953125
16.800000687000193,0.0,-10.154541474534511,10.154541474534511,0.267761599159676,1341.6386722773068,run,0.26584527414142073,0.0,0.0007665300073021121,0.0
16.820000820000132,0.0,-10.154541474534511,10.154541474534511,0.2666118041487228,1342.0181046309215,run,0.26584527414142073,0.0,0.0003066120029208449,0.0
16.84000071299988,0.0,-10.151257646219904,10.151257646219904,0.2660659157201014,1342.1982478123666,run,0.26575930371718054,0.0,0.00012264480116833796,0.0
16.860000717000275,0.0,-10.151257646219904,10.151257646219904,0.2658819485183489,1342.2589569889449,run,0.26575930371718054,0.0,4.905792046733519e-05,0.0
16.880000664999898,0.0,-10.151257646219904,10.151257646219904,0.26580836163764787,1342.2832406595762,run,0.26575930371718054,0.0,1.9623168186934077e-05,0.0
16.900001039000017,0.0,-10.145327106603531,10.145327106603531,0.265623665721279,1342.3441903119779,run,0.26560404255309206,0.0,7.849267274773632e-06,0.0
16.920000783999967,0.0,-10.145327106603531,10.145327106603531,0.2656118918203668,1342.348075699279,run,0.26560404255309206,0.0,3.1397069099094527e-06,0.0
16.940001010000287,0.0,-10.148499061479981,10.148499061479981,0.2656902238444801,1342.3222261313215,run,0.2656870841375702,0.0,1.2558827639637812e-06,0.0
16.960000977000163,0.0,-10.148499061479981,10.148499061479981,0.26568834002033415,1342.3228477932898,run,0.2656870841375702,0.0,5.023531055855125e-07,0.0
16.98000092500024,0.0,-10.148499061479981,10.148499061479981,0.26568758649067575,1342.323096458077,run,0.2656870841375702,0.0,2.0094124223420498e-07,0.0
17.000001096000233,0.0,-10.152522002398342,10.152522002398342,0.2657926054257703,1342.2884402094958,run,0.26579240448452807,0.0,8.0376496893682e-08,0.0
17.020000896000056,0.0,-10.152522002398342,10.152522002398342,0.26579248486102497,1342.2884799958617,run,0.26579240448452807,0.0,3.21505987574728e-08,0.0
17.04000082599987,0.0,-10.145327106603531,10.145327106603531,0.2656040747036908,1342.350655347782,run,0.26560404255309206,0.0,1.2860239502989119e-08,0.0
17.060001032999935,0.0,-10.145327106603531,10.145327106603531,0.25974468041333154,1344.2842554636006,run,0.26560404255309206,0.0,-0.0023437448559041987,0.00390625
17.080001073999938,0.0,-10.145327106603531,10.145327106603531,0.25740092269718784,1345.057695509928,run,0.26560404255309206,0.0,-0.0032812479423616793,0.00390625
17.100000763000025,0.0,-10.142154706280081,10.142154706280081,0.2622397413644771,1343.4608853497225,run,0.26552098930683876,0.0,-0.0013124991769446718,0.0
17.120001025999954,0.0,-10.142154706280081,10.142154706280081,0.2642084901298941,1342.811198257135,run,0.26552098930683876,0.0,-0.0005249996707778687,0.0
17.140001567000127,0.0,-10.136223652192996,10.136223652192996,0.26484071500316064,1342.602564048957,run,0.2653657146739385,0.0,-0.0002099998683111475,0.0
17.16000110899995,0.0,-10.136223652192996,10.136223652192996,0.27101508980562733,1340.565020364143,run,0.2653657146739385,0.0,0.002259750052675541,-0.00390625
17.1800006870003,0.0,-10.136223652192996,10.136223652192996,0.273484839726614,1339.7500028902173,run,0.2653657146739385,0.0,0.0032476500210702162,-0.00390625
17.200000784000167,0.0,-10.136223652192996,10.136223652192996,0.2656836771950087,1342.3243865256472,run,0.2653657146739385,0.0,0.00012718500842808672,0.001953125
17.22000097299997,0.0,-10.136223652192996,10.136223652192996,0.26256321218236656,1343.3541399798191,run,0.2653657146739385,0.0,-0.0011210009966287652,0.001953125
17.24000069900012,0.0,-10.133465820384004,10.133465820384004,0.261242826309385,1343.789867317903,run,0.26529351480601376,0.0,-0.0016202753986515061,0.001953125
17.260000870000113,0.0,-10.133465820384004,10.133465820384004,0.26367323940736226,1342.9878309955704,run,0.26529351480601376,0.0,-0.0006481101594606025,0.0
17.28000083699999,0.0,-10.133465820384004,10.133465820384004,0.2646454046465532,1342.6670164666375,run,0.26529351480601376,0.0,-0.000259244063784241,0.0
17.30000087899998,0.0,-10.1302925289435,10.1302925289435,0.2649511941665863,1342.5661059250265,run,0.26521043823037055,0.0,-0.00010369762551369642,0.0
17.320001178999973,0.0,-10.1302925289435,10.1302925289435,0.26510674060485684,1342.5147756003971,run,0.26521043823037055,0.0,-4.147905020547857e-05,0.0
17.340001053999913,0.0,-10.1302925289435,10.1302925289435,0.2651689591801651,1342.4942434705456,run,0.26521043823037055,0.0,-1.659162008219143e-05,0.0
17.360001094999916,0.0,-10.1302925289435,10.1302925289435,0.26226415911028833,1343.452827493605,run,0.26521043823037055,0.0,-0.0011785116480328766,0.001953125
17.380001192000236,0.0,-10.1302925289435,10.1302925289435,0.26110223908233765,1343.8362611028285,run,0.26521043823037055,0.0,-0.0016432796592131507,0.001953125
17.40000099200006,0.0,-10.127535073503566,10.127535073503566,0.26349496855655163,1343.046660376338,run,0.26513824821576476,0.0,-0.0006573118636852603,0.0
17.420000792999872,0.0,-10.127535073503566,10.127535073503566,0.2644809363520795,1342.7212910038138,run,0.26513824821576476,0.0,-0.00026292474547410415,0.0
17.440000815000076,0.0,-10.127535073503566,10.127535073503566,0.26487532347029064,1342.5911432548041,run,0.26513824821576476,0.0,-0.00010516989818964166,0.0
17.46000070800028,0.0,-10.127535073503566,10.127535073503566,0.2679627658175751,1341.5722872802003,run,0.26513824821576476,0.0,0.0011298070407241433,-0.001953125
17.480001064000135,0.0,-10.127535073503566,10.127535073503566,0.2691977427564889,1341.1647448903586,run,0.26513824821576476,0.0,0.0016237978162896574,-0.001953125
17.500001050000265,0.0,-10.127535073503566,10.127535073503566,0.26383235853205445,1342.935321684422,run,0.26513824821576476,0.0,-0.000522355873484137,0.001953125
17.520000943000014,0.0,-10.127535073503566,10.127535073503566,0.2616862048422806,1343.6435524020474,run,0.26513824821576476,0.0,-0.0013808173493936547,0.001953125
17.540000670000154,0.0,-10.12362509473121,10.12362509473121,0.2607253803614801,1343.9606244807117,run,0.26503588521087373,0.0,-0.0017242019397574618,0.001953125
17.560001080999882,0.0,-10.12362509473121,10.12362509473121,0.26038199577111626,1344.0739413955316,run,0.26503588521087373,0.0,-0.0018615557759029846,0.001953125
17.580000715000097,0.0,-10.12362509473121,10.12362509473121,0.26024464193497077,1344.1192681614596,run,0.26503588521087373,0.0,-0.0019164973103611939,0.001953125
17.6000007560001,0.0,-10.12362509473121,10.12362509473121,0.26311938790051254,1343.1706019928308,run,0.26503588521087373,0.0,-0.0007665989241444776,0.0
17.6200009449999,0.0,-10.12362509473121,10.12362509473121,0.26426928628672924,1342.7911355253793,run,0.26503588521087373,0.0,-0.00030663956965779103,0.0
17.64000100500016,0.0,-10.122888031076684,10.122888031076684,0.2647099493598635,1342.645716711245,run,0.2650165889295213,0.0,-0.0001226558278631164,0.0
17.660000991000288,0.0,-10.122888031076684,10.122888031076684,0.26489393310165815,1342.5850020764528,run,0.2650165889295213,0.0,-4.9062331145246565e-05,0.0
17.68000103200029,0.0,-10.122888031076684,10.122888031076684,0.264967526598376,1342.560716222536,run,0.2650165889295213,0.0,-1.9624932458098627e-05,0.0
17.700001146999966,0.0,-10.126911292519083,10.126911292519083,0.2592429177353208,1344.4498371473442,run,0.26512191766777893,0.0,-0.0023515999729832393,0.00390625
17.720001151999895,0.0,-10.126911292519083,10.126911292519083,0.2569109426947957,1345.2193889107175,run,0.26512191766777893,0.0,-0.003284389989193296,0.00390625
17.74000115600029,0.0,-10.11971473963618,10.11971473963618,0.2557897473646848,1345.5893833696541,run,0.2649335123538781,0.0,-0.0036575059956773185,0.00390625
17.760001456000282,0.0,-10.11971473963618,10.11971473963618,0.26420569385820075,1342.8121210267936,run,0.2649335123538781,0.0,-0.0002911273982709275,-0.001953125
17.780000979000306,0.0,-10.11971473963618,10.11971473963618,0.26757207245560716,1341.7012160896497,run,0.2649335123538781,0.0,0.001055424040691629,-0.001953125
17.800001056999918,0.0,-10.122888031076684,10.122888031076684,0.26900170047021293,1341.2294388448297,run,0.2650165889295213,0.0,0.0015940446162766516,-0.001953125
17.820000728000196,0.0,-10.122888031076684,10.122888031076684,0.26954032104579795,1341.0516940548866,run,0.2650165889295213,0.0,0.0018094928465106606,-0.001953125
17.84000069500007,0.0,-10.126911292519083,10.126911292519083,0.2698610980142896,1340.9458376552843,run,0.26512191766777893,0.0,0.0018956721386042643,-0.001953125
17.860000754999874,0.0,-10.126911292519083,10.126911292519083,0.2670175898063832,1341.8841953638935,run,0.26512191766777893,0.0,0.0007582688554417057,0.0
17.88000107400012,0.0,-10.126911292519083,10.126911292519083,0.26588018652322065,1342.2595384473373,run,0.26512191766777893,0.0,0.0003033075421766823,0.0
17.900000782000006,0.0,-10.126911292519083,10.126911292519083,0.2624955377099556,1343.3764725557146,run,0.26512191766777893,0.0,-0.0010505519831293271,0.001953125
17.920000953,0.0,-10.126911292519083,10.126911292519083,0.2611416781846496,1343.8232461990656,run,0.26512191766777893,0.0,-0.0015920957932517308,0.001953125
17.940000735000012,0.0,-10.12362509473121,10.12362509473121,0.260514101917622,1344.0303463671848,run,0.26503588521087373,0.0,-0.0018087133173006922,0.001953125
17.960001164999994,0.0,-10.12362509473121,10.12362509473121,0.26029748439357303,1344.1018301501208,run,0.26503588521087373,0.0,-0.0018953603269202769,0.001953125
17.98000066900022,0.0,-10.12362509473121,10.12362509473121,0.26021083738395345,1344.1304236632955,run,0.26503588521087373,0.0,-0.0019300191307681108,0.001953125
