wall,t,tgt,ref,angle,err,u,pwm,dir,held,P,I,D,gz
1786721740.6077266,1.3889998626837041e-06,0.0,0.0,-0.0020215464654143034,0.0020215464654143034,4.9395698524946575e-05,1429.984193376472,1,0,4.9395698524946575e-05,4.233917016423992e-07,0.0,0.0
1786721740.6220229,0.02000081299956946,0.0,0.0,0.5721505821898063,-0.5721505821898063,-0.013979852675278725,1430.0,1,1,-0.013980276066980367,-0.00011940754601533218,0.0,0.0
1786721740.6439881,0.04000051399998483,0.0,0.0,0.5721505821898063,-0.5721505821898063,-0.0949590586129957,1430.0,1,1,-0.013980276066980367,-0.00011940754601533218,-0.080859375,0.08984375
1786721740.6613097,0.06000025299999834,0.0,0.0,0.5721505821898063,-0.5721505821898063,-0.1273028086129957,1430.0,1,1,-0.013980276066980367,-0.00011940754601533218,-0.113203125,0.08984375
1786721740.6833396,0.08000041799959945,0.0,0.0,0.8421316830926457,-0.8421316830926459,-0.15738406639347471,1430.0,1,1,-0.020577158847459386,-0.00011940754601533218,-0.1366875,0.1015625
1786721740.701323,0.10000039699980334,0.0,0.0,0.8421316830926457,-0.8421316830926459,-0.16677781639347472,1430.0,1,1,-0.020577158847459386,-0.00011940754601533218,-0.14608125,0.1015625
1786721740.7233706,0.12000037699999666,0.0,0.0,1.1219011324747044,-1.1219011324747044,-0.17737137364696665,1430.0,1,1,-0.027413216100951335,-0.00011940754601533218,-0.14983875,0.1015625
1786721740.7422554,0.14000044799968236,0.0,0.0,1.1219011324747044,-1.1219011324747044,-0.17008531114696668,1430.0,1,1,-0.027413216100951335,-0.00011940754601533218,-0.1425526875,0.091796875
1786721740.7613423,0.16000044599968533,0.0,0.0,1.1219011324747044,-1.1219011324747044,-0.16717088614696668,1430.0,1,1,-0.027413216100951335,-0.00011940754601533218,-0.1396382625,0.091796875
1786721740.7833955,0.18000037000001612,0.0,0.0,1.386256376120599,-1.386256376120599,-0.1671910958021124,1430.0,1,1,-0.03387263325609709,-0.00011940754601533218,-0.13319905499999998,0.0859375
1786721740.8012846,0.20000027599962777,0.0,0.0,1.386256376120599,-1.386256376120599,-0.16461541280211245,1430.0,1,1,-0.03387263325609709,-0.00011940754601533218,-0.13062337200000002,0.0859375
1786721740.8224607,0.2200003849998211,0.0,0.0,1.626162338907534,-1.6261623389075341,-0.16944714812623102,1430.0,1,1,-0.0397346417802157,-0.00011940754601533218,-0.1295930988,0.0859375
1786721740.8422592,0.24000032699996154,0.0,0.0,1.626162338907534,-1.6261623389075341,-0.16200378884623104,1430.0,1,1,-0.0397346417802157,-0.00011940754601533218,-0.12214973952000001,0.078125
1786721740.860189,0.2600003249999645,0.0,0.0,1.626162338907534,-1.6261623389075341,-0.15902644513423103,1430.0,1,1,-0.0397346417802157,-0.00011940754601533218,-0.11917239580800001,0.078125
1786721740.884293,0.2800006559996291,0.0,0.0,1.841592923776659,-1.841592923776659,-0.15606821987107966,1430.0,1,1,-0.044998604001864326,-0.00011940754601533218,-0.1109502083232,0.0703125
1786721740.9013338,0.30000028399990697,0.0,0.0,1.841592923776659,-1.841592923776659,-0.15277934487715966,1430.0,1,1,-0.044998604001864326,-0.00011940754601533218,-0.10766133332927999,0.0703125
1786721740.9224803,0.3200003559995821,0.0,0.0,2.036736176142597,-2.036736176142597,-0.15623204405316182,1430.0,1,1,-0.04976685317543449,-0.00011940754601533218,-0.10634578333171199,0.0703125
1786721740.9427228,0.3400004829995851,0.0,0.0,2.036736176142597,-2.036736176142597,-0.1469167615541346,1430.0,1,1,-0.04976685317543449,-0.00011940754601533218,-0.09703050083268479,0.060546875
1786721740.9613895,0.36000033299978895,0.0,0.0,2.036736176142597,-2.036736176142597,-0.14319064855452374,1430.0,1,1,-0.04976685317543449,-0.00011940754601533218,-0.0933043878330739,0.060546875
1786721740.9833877,0.3800004979998448,0.0,0.0,2.20255703065709,-2.20255703065709,-0.13872072118632717,1430.0,1,1,-0.05381862100708226,-0.00011940754601533218,-0.08478269263322956,0.052734375
1786721741.0013177,0.4000004029999218,0.0,0.0,2.20255703065709,-2.20255703065709,-0.13531204310638942,1430.0,1,1,-0.05381862100708226,-0.00011940754601533218,-0.08137401455329182,0.052734375
1786721741.0231729,0.42000040099992475,0.0,0.0,2.3375408475367294,-2.33754084753673,-0.13724684873245666,1430.0,1,1,-0.0571168978651246,-0.00011940754601533218,-0.08001054332131673,0.052734375
1786721741.042278,0.4400003799996739,0.0,0.0,2.3375408475367294,-2.33754084753673,-0.1261545852396666,1430.0,1,1,-0.0571168978651246,-0.00011940754601533218,-0.06891827982852669,0.041015625
1786721741.061295,0.4600005259999307,0.0,0.0,2.3375408475367294,-2.33754084753673,-0.1217176798425506,1430.0,1,1,-0.0571168978651246,-0.00011940754601533218,-0.06448137443141067,0.041015625
1786721741.0833268,0.4800003209998067,0.0,0.0,2.44167320249241,-2.44167320249241,-0.11194047611626909,1430.0,1,1,-0.05966133129768948,-0.00011940754601533218,-0.052159737272564274,0.029296875
1786721741.1013024,0.5000005039996722,0.0,0.0,2.44167320249241,-2.44167320249241,-0.10701182125273052,1430.0,1,1,-0.05966133129768948,-0.00011940754601533218,-0.04723108240902571,0.029296875
1786721741.1230805,0.5200003349996223,0.0,0.0,2.5172663131186823,-2.5172663131186823,-0.10688744744846895,1430.0,1,1,-0.061508419438843345,-0.00011940754601533218,-0.04525962046361028,0.029296875
1786721741.14228,0.5400003139998262,0.0,0.0,2.5172663131186823,-2.5172663131186823,-0.09906761267030278,1430.0,1,1,-0.061508419438843345,-0.00011940754601533218,-0.03743978568544411,0.021484375
1786721741.16133,0.5600005349997446,0.0,0.0,2.5172663131186823,-2.5172663131186823,-0.09593967875903632,1430.0,1,1,-0.061508419438843345,-0.00011940754601533218,-0.03431185177417764,0.021484375
1786721741.1833687,0.5800002729997686,0.0,0.0,2.5619982822632608,-2.5619982822632608,-0.0852346383939925,1430.0,1,1,-0.06260142763830612,-0.00011940754601533218,-0.022513803209671057,0.009765625
1786721741.2012937,0.6000003269996341,0.0,0.0,2.5619982822632608,-2.5619982822632608,-0.08051541896818987,1430.0,1,1,-0.06260142763830612,-0.00011940754601533218,-0.017794583783868424,0.009765625
1786721741.223093,0.6200004359998275,0.0,0.0,2.5774206998117393,-2.5774206998117397,-0.07900457194864245,1430.0,1,1,-0.06297826838907974,-0.00011940754601533218,-0.015906896013547372,0.009765625
1786721741.2422523,0.6400003599997035,0.0,0.0,2.5774206998117393,-2.5774206998117397,-0.06946043434051402,1430.0,1,1,-0.06297826838907974,-0.00011940754601533218,-0.006362758405418948,0.0
1786721741.2613218,0.6600004869997065,0.0,0.0,2.5774206998117393,-2.5774206998117397,-0.06564277929726266,1430.0,1,1,-0.06297826838907974,-0.00011940754601533218,-0.0025451033621675797,0.0
1786721741.2833576,0.6800002629997834,0.0,0.0,2.572547317557479,-2.572547317557479,-0.05696538808749896,1430.0,1,1,-0.0628591891966166,-0.00011940754601533218,0.006013208655132968,-0.0078125
1786721741.3012958,0.7000005389995749,0.0,0.0,2.572547317557479,-2.572547317557479,-0.05354206328057874,1430.0,1,1,-0.0628591891966166,-0.00011940754601533218,0.009436533462053188,-0.0078125
1786721741.3230715,0.7200002589997894,0.0,0.0,2.5578916826447653,-2.5578916826447653,-0.05181462864133474,1430.0,1,1,-0.06250108448014068,-0.00011940754601533218,0.010805863384821274,-0.0078125
1786721741.342262,0.7400003119996654,0.0,0.0,2.5578916826447653,-2.5578916826447653,-0.056540334172227494,1430.0,1,1,-0.06250108448014068,-0.00011940754601533218,0.0060801578539285105,-0.001953125
1786721741.3617156,0.7600007919995733,0.0,0.0,2.5578916826447653,-2.5578916826447653,-0.058430616384584605,1430.0,1,1,-0.06250108448014068,-0.00011940754601533218,0.0041898756415714045,-0.001953125
1786721741.3864977,0.7800005669996608,0.0,0.0,2.557110176990875,-2.557110176990875,-0.06444107098403078,1430.0,1,1,-0.062481988694644004,-0.00011940754601533218,-0.001839674743371438,0.00390625
1786721741.4016643,0.8000005099997907,0.0,0.0,2.557110176990875,-2.557110176990875,-0.06685289113800792,1430.0,1,1,-0.062481988694644004,-0.00011940754601533218,-0.004251494897348575,0.00390625
1786721741.4240534,0.8200005079997936,0.0,0.0,2.56765163693791,-2.56765163693791,-0.06807519565725878,1430.0,1,1,-0.06273956515230401,-0.00011940754601533218,-0.005216222958939431,0.00390625
1786721741.4442408,0.840000616999987,0.0,0.0,2.56765163693791,-2.56765163693791,-0.06494546188189512,1430.0,1,1,-0.06273956515230401,-0.00011940754601533218,-0.002086489183575772,0.0
1786721741.461567,0.860001206999641,0.0,0.0,2.56765163693791,-2.56765163693791,-0.06369356837174965,1430.0,1,1,-0.06273956515230401,-0.00011940754601533218,-0.000834595673430309,0.0
1786721741.485793,0.8800010939999083,0.0,0.0,2.5725341205768473,-2.5725341205768473,-0.05979648754893537,1430.0,1,1,-0.06285886673354792,-0.00011940754601533218,0.0031817867306278766,-0.00390625
1786721741.501669,0.9000010549998478,0.0,0.0,2.5725341205768473,-2.5725341205768473,-0.0581899345873121,1430.0,1,1,-0.06285886673354792,-0.00011940754601533218,0.0047883396922511505,-0.00390625
1786721741.5248568,0.9200011089997133,0.0,0.0,2.5725291639553234,-2.5725291639553234,-0.05754719228955126,1430.0,1,1,-0.06285874562043639,-0.00011940754601533218,0.0054309608769004605,-0.00390625
1786721741.5447953,0.9400008289999278,0.0,0.0,2.5725291639553234,-2.5725291639553234,-0.06080576881569154,1430.0,1,1,-0.06285874562043639,-0.00011940754601533218,0.002172384350760184,0.0
1786721741.561561,0.9600013639997087,0.0,0.0,2.5725291639553234,-2.5725291639553234,-0.06210919942614765,1430.0,1,1,-0.06285874562043639,-0.00011940754601533218,0.0008689537403040737,0.0
1786721741.586145,0.9800009169998702,0.0,0.0,2.5725244716174416,-2.5725244716174416,-0.06438826951488617,1430.0,1,1,-0.06285863096499247,-0.00011940754601533218,-0.0014102310038783704,0.001953125
1786721741.6014943,1.0000009339996723,0.0,0.0,2.5725244716174416,-2.5725244716174416,-0.06529994341255915,1430.0,1,1,-0.06285863096499247,-0.00011940754601533218,-0.002321904901551348,0.001953125
1786721741.6250112,1.0200008389997492,0.0,0.0,2.5774206998117393,-2.5774206998117397,-0.06578425039571562,1430.0,1,1,-0.06297826838907974,-0.00011940754601533218,-0.0026865744606205393,0.001953125
1786721741.643529,1.040001225999731,0.0,0.0,2.5774206998117393,-2.5774206998117397,-0.06417230571934329,1430.0,1,1,-0.06297826838907974,-0.00011940754601533218,-0.0010746297842482158,0.0
1786721741.661526,1.0600009639997552,0.0,0.0,2.5774206998117393,-2.5774206998117397,-0.06352752784879437,1430.0,1,1,-0.06297826838907974,-0.00011940754601533218,-0.00042985191369928634,0.0
1786721741.6863358,1.0800008329997581,0.0,0.0,2.583075995802062,-2.583075995802062,-0.059892176649863134,1430.0,1,1,-0.06311645333836809,-0.00011940754601533218,0.0033436842345202855,-0.00390625
1786721741.701746,1.100000979000015,0.0,0.0,2.583075995802062,-2.583075995802062,-0.0583827621905753,1430.0,1,1,-0.06311645333836809,-0.00011940754601533218,0.0048530986938081135,-0.00390625
1786721741.724873,1.1200009770000179,0.0,0.0,2.5823082257416843,-2.5823082257416843,-0.05776023624522761,1430.0,1,1,-0.06309769317673553,-0.00011940754601533218,0.005456864477523245,-0.00390625
1786721741.7447436,1.1400010119996296,0.0,0.0,2.5823082257416843,-2.5823082257416843,-0.06103435493174156,1430.0,1,1,-0.06309769317673553,-0.00011940754601533218,0.0021827457910092987,0.0
1786721741.7615726,1.1600013239999498,0.0,0.0,2.5823082257416843,-2.5823082257416843,-0.06234400240634714,1430.0,1,1,-0.06309769317673553,-0.00011940754601533218,0.0008730983164037193,0.0
1786721741.786153,1.1800010629999633,0.0,0.0,2.578193778988634,-2.578193778988634,-0.06628295149635517,1430.0,1,1,-0.06299715827690133,-0.00011940754601533218,-0.0031663856734385123,0.00390625
1786721741.801596,1.2000011169998288,0.0,0.0,2.578193778988634,-2.578193778988634,-0.06789874509229207,1430.0,1,1,-0.06299715827690133,-0.00011940754601533218,-0.004782179269375405,0.00390625
1786721741.8248827,1.2200010589999692,0.0,0.0,2.587189498336045,-2.587189498336045,-0.06876486942034357,1430.0,1,1,-0.06321696516657807,-0.00011940754601533218,-0.005428496707750162,0.00390625
1786721741.8447804,1.2400009089997184,0.0,0.0,2.587189498336045,-2.587189498336045,-0.06550777139569347,1430.0,1,1,-0.06321696516657807,-0.00011940754601533218,-0.002171398683100065,0.0
1786721741.8614838,1.260000702999605,0.0,0.0,2.587189498336045,-2.587189498336045,-0.06420493218583342,1430.0,1,1,-0.06321696516657807,-0.00011940754601533218,-0.000868559473240026,0.0
1786721741.8858578,1.2800009049997243,0.0,0.0,2.5879588342351383,-2.5879588342351383,-0.06370259492417958,1430.0,1,1,-0.06323576358886823,-0.00011940754601533218,-0.00034742378929601047,0.0
1786721741.9014823,1.300001050999981,0.0,0.0,2.5879588342351383,-2.5879588342351383,-0.06349414065060197,1430.0,1,1,-0.06323576358886823,-0.00011940754601533218,-0.0001389695157184042,0.0
1786721741.9241092,1.3200009929996668,0.0,0.0,2.587181197721179,-2.5871811977211796,-0.06339175769659769,1430.0,1,1,-0.06321676234429499,-0.00011940754601533218,-5.558780628736168e-05,0.0
1786721741.9448256,1.3400012129995957,0.0,0.0,2.587181197721179,-2.5871811977211796,-0.06160059251282527,1430.0,1,1,-0.06321676234429499,-0.00011940754601533218,0.0017355773774850552,-0.001953125
1786721741.9616158,1.3600011369999265,0.0,0.0,2.587181197721179,-2.5871811977211796,-0.0608841264393163,1430.0,1,1,-0.06321676234429499,-0.00011940754601533218,0.002452043450994022,-0.001953125
1786721741.985881,1.380000654000014,0.0,0.0,2.592835691888041,-2.592835691888041,-0.06249351786695788,1430.0,1,1,-0.06335492770134016,-0.00011940754601533218,0.000980817380397609,0.0
1786721742.0014915,1.400000873999943,0.0,0.0,2.592835691888041,-2.592835691888041,-0.06308200829519645,1430.0,1,1,-0.06335492770134016,-0.00011940754601533218,0.0003923269521590436,0.0
1786721742.0241587,1.420001000999946,0.0,0.0,2.5969497370431895,-2.5969497370431895,-0.06341792955343815,1430.0,1,1,-0.06345545278828645,-0.00011940754601533218,0.00015693078086361745,0.0
1786721742.0442107,1.4400010549998115,0.0,0.0,2.5969497370431895,-2.5969497370431895,-0.06351208802195633,1430.0,1,1,-0.06345545278828645,-0.00011940754601533218,6.277231234544698e-05,0.0
1786721742.061632,1.4600011269999413,0.0,0.0,2.5969497370431895,-2.5969497370431895,-0.0635497514093636,1430.0,1,1,-0.06345545278828645,-0.00011940754601533218,2.5108924938178797e-05,0.0
1786721742.0858104,1.4800006619998385,0.0,0.0,2.607492576849779,-2.607492576849779,-0.06206461443831594,1430.0,1,1,-0.06371306296227588,-0.00011940754601533218,0.0017678560699752716,-0.001953125
1786721742.1015399,1.5000007889998415,0.0,0.0,2.607492576849779,-2.607492576849779,-0.06136751558030111,1430.0,1,1,-0.06371306296227588,-0.00011940754601533218,0.0024649549279901085,-0.001953125
1786721742.124273,1.5200011759998233,0.0,0.0,2.6074964572542285,-2.6074964572542285,-0.061088770853262704,1430.0,1,1,-0.06371315777844341,-0.00011940754601533218,0.0027437944711960435,-0.001953125
1786721742.142984,1.5400010079997628,0.0,0.0,2.6074964572542285,-2.6074964572542285,-0.06273504753598033,1430.0,1,1,-0.06371315777844341,-0.00011940754601533218,0.0010975177884784174,0.0
1786721742.1615622,1.560000764999586,0.0,0.0,2.6074964572542285,-2.6074964572542285,-0.06339355820906738,1430.0,1,1,-0.06371315777844341,-0.00011940754601533218,0.000439007115391367,0.0
1786721742.1854706,1.5800008179999168,0.0,0.0,2.607492576849779,-2.607492576849779,-0.06541468016213467,1430.0,1,1,-0.06371306296227588,-0.00011940754601533218,-0.0015822096538434531,0.001953125
1786721742.2014785,1.6000009459999092,0.0,0.0,2.607492576849779,-2.607492576849779,-0.0662231668698286,1430.0,1,1,-0.06371306296227588,-0.00011940754601533218,-0.002390696361537381,0.001953125
1786721742.2241395,1.6200009989997852,0.0,0.0,2.6123687650764396,-2.6123687650764396,-0.06666570930820925,1430.0,1,1,-0.06383221071757897,-0.00011940754601533218,-0.0027140910446149524,0.001953125
1786721742.244128,1.6400006819999362,0.0,0.0,2.6123687650764396,-2.6123687650764396,-0.06503725468144028,1430.0,1,1,-0.06383221071757897,-0.00011940754601533218,-0.0010856364178459812,0.0
1786721742.261495,1.6600009209996642,0.0,0.0,2.6123687650764396,-2.6123687650764396,-0.06438587283073269,1430.0,1,1,-0.06383221071757897,-0.00011940754601533218,-0.0004342545671383925,0.0
1786721742.2858727,1.6800009749999845,0.0,0.0,2.617260994030403,-2.617260994030403,-0.06072923479466095,1430.0,1,1,-0.06395175042179026,-0.00011940754601533218,0.003341923173144643,-0.00390625
1786721742.3014836,1.700001305999649,0.0,0.0,2.617260994030403,-2.617260994030403,-0.059218763698547734,1430.0,1,1,-0.06395175042179026,-0.00011940754601533218,0.004852394269257857,-0.00390625
1786721742.3241715,1.7200011189997895,0.0,0.0,2.6172403963972783,-2.6172403963972783,-0.05861407196497984,1430.0,1,1,-0.06395124712666765,-0.00011940754601533218,0.005456582707703142,-0.00390625
1786721742.3441343,1.7400011719996655,0.0,0.0,2.6172403963972783,-2.6172403963972783,-0.06188802158960173,1430.0,1,1,-0.06395124712666765,-0.00011940754601533218,0.002182633083081257,0.0
1786721742.3615427,1.7600010959999963,0.0,0.0,2.6172403963972783,-2.6172403963972783,-0.06319760143945048,1430.0,1,1,-0.06395124712666765,-0.00011940754601533218,0.0008730532332325029,0.0
1786721742.385796,1.7800010939999993,0.0,0.0,2.6172573813048245,-2.6172573813048245,-0.06196403589897375,1430.0,1,1,-0.06395166214625142,-0.00011940754601533218,0.002107033793293001,-0.001953125
1786721742.4014852,1.8000009439997484,0.0,0.0,2.6172573813048245,-2.6172573813048245,-0.061470443674949554,1430.0,1,1,-0.06395166214625142,-0.00011940754601533218,0.0026006260173172006,-0.001953125
1786721742.423812,1.820001126999614,0.0,0.0,2.6123687650764396,-2.6123687650764396,-0.06115355535666742,1430.0,1,1,-0.06383221071757897,-0.00011940754601533218,0.0027980629069268804,-0.001953125
1786721742.4443302,1.8400012909996804,0.0,0.0,2.6123687650764396,-2.6123687650764396,-0.06107458060082355,1430.0,1,1,-0.06383221071757897,-0.00011940754601533218,0.002877037662770752,-0.001953125
1786721742.4615703,1.8600007709997044,0.0,0.0,2.6123687650764396,-2.6123687650764396,-0.061042990698486,1430.0,1,1,-0.06383221071757897,-0.00011940754601533218,0.002908627565108301,-0.001953125
1786721742.485835,1.8800010469999506,0.0,0.0,2.6123815974561353,-2.6123815974561353,-0.06454629329173817,1430.0,1,1,-0.06383252427176615,-0.00011940754601533218,-0.0005943614739566796,0.001953125
1786721742.5014968,1.9000010259996998,0.0,0.0,2.6123815974561353,-2.6123815974561353,-0.06594748890736415,1430.0,1,1,-0.06383252427176615,-0.00011940754601533218,-0.001995557089582672,0.001953125
1786721742.523571,1.9200007459999142,0.0,0.0,2.6180360986933806,-2.6180360986933806,-0.06664613268342179,1430.0,1,1,-0.06397068980157339,-0.00011940754601533218,-0.0025560353358330687,0.001953125
1786721742.5442321,1.9400009659998432,0.0,0.0,2.6180360986933806,-2.6180360986933806,-0.06511251148192194,1430.0,1,1,-0.06397068980157339,-0.00011940754601533218,-0.0010224141343332274,0.0
1786721742.5616026,1.9600007789999836,0.0,0.0,2.6180360986933806,-2.6180360986933806,-0.06449906300132201,1430.0,1,1,-0.06397068980157339,-0.00011940754601533218,-0.000408965653733291,0.0
1786721742.585063,1.980000961999849,0.0,0.0,2.617260994030403,-2.617260994030403,-0.062476931729298905,1430.0,1,1,-0.06395175042179026,-0.00011940754601533218,0.0015942262385066834,-0.001953125
1786721742.6014817,2.0000008489996617,0.0,0.0,2.617260994030403,-2.617260994030403,-0.06167565497240292,1430.0,1,1,-0.06395175042179026,-0.00011940754601533218,0.0023955029954026734,-0.001953125
1786721742.6237915,2.0200008279998656,0.0,0.0,2.6172403963972783,-2.6172403963972783,-0.061354640974521917,1430.0,1,1,-0.06395124712666765,-0.00011940754601533218,0.0027160136981610695,-0.001953125
1786721742.6439521,2.0400012149998474,0.0,0.0,2.6172403963972783,-2.6172403963972783,-0.06298424919341855,1430.0,1,1,-0.06395124712666765,-0.00011940754601533218,0.001086405479264428,0.0
1786721742.6615195,2.06000110199966,0.0,0.0,2.6172403963972783,-2.6172403963972783,-0.06363609248097721,1430.0,1,1,-0.06395124712666765,-0.00011940754601533218,0.00043456219170577115,0.0
1786721742.6848366,2.080000858999938,0.0,0.0,2.618019518130268,-2.618019518130268,-0.06391586733132099,1430.0,1,1,-0.06397028466198797,-0.00011940754601533218,0.00017382487668230848,0.0
1786721742.701498,2.100000930999613,0.0,0.0,2.618019518130268,-2.618019518130268,-0.06402016225733037,1430.0,1,1,-0.06397028466198797,-0.00011940754601533218,6.952995067292339e-05,0.0
1786721742.7235289,2.1200009659996795,0.0,0.0,2.618019518130268,-2.618019518130268,-0.06406188022773412,1430.0,1,1,-0.06397028466198797,-0.00011940754601533218,2.781198026916936e-05,0.0
1786721742.7435377,2.140001000999746,0.0,0.0,2.618019518130268,-2.618019518130268,-0.06759419241589563,1430.0,1,1,-0.06397028466198797,-0.00011940754601533218,-0.0035045002078923316,0.00390625
1786721742.7615786,2.160000924999622,0.0,0.0,2.618019518130268,-2.618019518130268,-0.06900711729116023,1430.0,1,1,-0.06397028466198797,-0.00011940754601533218,-0.004917425083156932,0.00390625
1786721742.7852662,2.180000700999699,0.0,0.0,2.6229121543642577,-2.6229121543642577,-0.06617621189720578,1430.0,1,1,-0.06408983431792767,-0.00011940754601533218,-0.0019669700332627734,0.0
1786721742.801488,2.200000902999818,0.0,0.0,2.6229121543642577,-2.6229121543642577,-0.0649960298772481,1430.0,1,1,-0.06408983431792767,-0.00011940754601533218,-0.0007867880133051093,0.0
1786721742.8235207,2.2200006599996414,0.0,0.0,2.6172403963972783,-2.6172403963972783,-0.06438536987800503,1430.0,1,1,-0.06395124712666765,-0.00011940754601533218,-0.00031471520532204373,0.0
1786721742.84346,2.2400006759999087,0.0,0.0,2.6172403963972783,-2.6172403963972783,-0.0641965407548118,1430.0,1,1,-0.06395124712666765,-0.00011940754601533218,-0.0001258860821288175,0.0
1786721742.861482,2.2600006739999117,0.0,0.0,2.6172403963972783,-2.6172403963972783,-0.0641210091055345,1430.0,1,1,-0.06395124712666765,-0.00011940754601533218,-5.035443285152701e-05,0.0
1786721742.8850985,2.2800011539998195,0.0,0.0,2.6172403963972783,-2.6172403963972783,-0.06409079644582359,1430.0,1,1,-0.06395124712666765,-0.00011940754601533218,-2.0141773140610803e-05,0.0
1786721742.9015088,2.3000009109996427,0.0,0.0,2.6172403963972783,-2.6172403963972783,-0.06407871138193923,1430.0,1,1,-0.06395124712666765,-0.00011940754601533218,-8.056709256244322e-06,0.0
1786721742.9227762,2.320000723999783,0.0,0.0,2.6228907448391396,-2.6228907448391396,-0.06421194141425907,1430.0,1,1,-0.06408931118454124,-0.00011940754601533218,-3.2226837024977285e-06,0.0
1786721742.9435763,2.340000869999585,0.0,0.0,2.6228907448391396,-2.6228907448391396,-0.06421000780403757,1430.0,1,1,-0.06408931118454124,-0.00011940754601533218,-1.2890734809990915e-06,0.0
1786721742.961638,2.360001144999842,0.0,0.0,2.6228907448391396,-2.6228907448391396,-0.06420923435994898,1430.0,1,1,-0.06408931118454124,-0.00011940754601533218,-5.156293923996366e-07,0.0
1786721742.9853582,2.3800008099997285,0.0,0.0,2.6123430610211074,-2.6123430610211074,-0.06395119644679595,1430.0,1,1,-0.06383158264902365,-0.00011940754601533218,-2.0625175695985461e-07,0.0
1786721743.0014856,2.4000011229995835,0.0,0.0,2.6123430610211074,-2.6123430610211074,-0.06395107269574177,1430.0,1,1,-0.06383158264902365,-0.00011940754601533218,-8.250070278394185e-08,0.0
1786721743.023529,2.4200010469999143,0.0,0.0,2.6123430610211074,-2.6123430610211074,-0.0639510231953201,1430.0,1,1,-0.06383158264902365,-0.00011940754601533218,-3.3000281113576747e-08,0.0
1786721743.043453,2.4400010259996634,0.0,0.0,2.6123430610211074,-2.6123430610211074,-0.06043537839515143,1430.0,1,1,-0.06383158264902365,-0.00011940754601533218,0.0035156117998875547,-0.00390625
1786721743.0615175,2.4600008569996135,0.0,0.0,2.6123430610211074,-2.6123430610211074,-0.05902912047508396,1430.0,1,1,-0.06383158264902365,-0.00011940754601533218,0.0049218697199550215,-0.00390625
1786721743.0851963,2.4800010029998703,0.0,0.0,2.6074678139739547,-2.6074678139739547,-0.060105305049107646,1430.0,1,1,-0.06371245789107433,-0.00011940754601533218,0.0037265603879820092,-0.001953125
1786721743.1014771,2.5000007239996194,0.0,0.0,2.6074678139739547,-2.6074678139739547,-0.060583428781896854,1430.0,1,1,-0.06371245789107433,-0.00011940754601533218,0.003248436655192804,-0.001953125
1786721743.1234953,2.5200008140000136,0.0,0.0,2.6074678139739547,-2.6074678139739547,-0.06077467827501254,1430.0,1,1,-0.06371245789107433,-0.00011940754601533218,0.0030571871620771215,-0.001953125
1786721743.1434536,2.540000718999636,0.0,0.0,2.6074678139739547,-2.6074678139739547,-0.06085117807225881,1430.0,1,1,-0.06371245789107433,-0.00011940754601533218,0.0029806873648308484,-0.001953125
1786721743.1615613,2.5600008100000196,0.0,0.0,2.6074678139739547,-2.6074678139739547,-0.06088177799115732,1430.0,1,1,-0.06371245789107433,-0.00011940754601533218,0.0029500874459323393,-0.001953125
1786721743.185197,2.580000770999959,0.0,0.0,2.612338759040341,-2.612338759040341,-0.06101303759944583,1430.0,1,1,-0.06383147753180343,-0.00011940754601533218,0.0029378474783729354,-0.001953125
1786721743.2015135,2.600000620999708,0.0,0.0,2.612338759040341,-2.612338759040341,-0.06101793358646959,1430.0,1,1,-0.06383147753180343,-0.00011940754601533218,0.0029329514913491745,-0.001953125
1786721743.2235425,2.620000988999891,0.0,0.0,2.612338759040341,-2.612338759040341,-0.06101989198127909,1430.0,1,1,-0.06383147753180343,-0.00011940754601533218,0.00293099309653967,-0.001953125
1786721743.2434294,2.6400008569999045,0.0,0.0,2.612338759040341,-2.612338759040341,-0.0627784878392029,1430.0,1,1,-0.06383147753180343,-0.00011940754601533218,0.001172397238615868,0.0
1786721743.2615106,2.660000817999844,0.0,0.0,2.612338759040341,-2.612338759040341,-0.06348192618237242,1430.0,1,1,-0.06383147753180343,-0.00011940754601533218,0.0004689588954463473,0.0
1786721743.2851896,2.6800008529999104,0.0,0.0,2.612338759040341,-2.612338759040341,-0.06376330151964023,1430.0,1,1,-0.06383147753180343,-0.00011940754601533218,0.00018758355817853888,0.0
1786721743.3014896,2.700000980999903,0.0,0.0,2.612338759040341,-2.612338759040341,-0.06387585165454734,1430.0,1,1,-0.06383147753180343,-0.00011940754601533218,7.503342327141557e-05,0.0
1786721743.3235302,2.72000088599998,0.0,0.0,2.6123197536527414,-2.6123197536527414,-0.06392040731928526,1430.0,1,1,-0.0638310131425785,-0.00011940754601533218,3.0013369308566227e-05,0.0
1786721743.3434432,2.7400008839999828,0.0,0.0,2.6123197536527414,-2.6123197536527414,-0.0639384153408704,1430.0,1,1,-0.0638310131425785,-0.00011940754601533218,1.2005347723426492e-05,0.0
1786721743.3615758,2.7600009749999117,0.0,0.0,2.6123197536527414,-2.6123197536527414,-0.06394561854950445,1430.0,1,1,-0.0638310131425785,-0.00011940754601533218,4.802139089370597e-06,0.0
1786721743.3851976,2.7800008059998618,0.0,0.0,2.6123197536527414,-2.6123197536527414,-0.06394849983295808,1430.0,1,1,-0.0638310131425785,-0.00011940754601533218,1.920855635748239e-06,0.0
1786721743.4014616,2.8000006739998753,0.0,0.0,2.6123197536527414,-2.6123197536527414,-0.06394965234633954,1430.0,1,1,-0.0638310131425785,-0.00011940754601533218,7.683422542992956e-07,0.0
1786721743.4225636,2.8200007649998042,0.0,0.0,2.6172134693530325,-2.617213469353033,-0.06406968938396938,1430.0,1,1,-0.06395058917485577,-0.00011940754601533218,3.0733690171971826e-07,0.0
1786721743.443719,2.8400007999998707,0.0,0.0,2.6172134693530325,-2.617213469353033,-0.062312061286110415,1430.0,1,1,-0.06395058917485577,-0.00011940754601533218,0.001757935434760688,-0.001953125
1786721743.4615395,2.8600008159996833,0.0,0.0,2.6172134693530325,-2.617213469353033,-0.061609010046966825,1430.0,1,1,-0.06395058917485577,-0.00011940754601533218,0.0024609866739042753,-0.001953125
1786721743.48509,2.88000083299994,0.0,0.0,2.6172134693530325,-2.617213469353033,-0.06308560205130939,1430.0,1,1,-0.06395058917485577,-0.00011940754601533218,0.00098439466956171,0.0
1786721743.5014625,2.900000978999742,0.0,0.0,2.6172134693530325,-2.617213469353033,-0.06367623885304642,1430.0,1,1,-0.06395058917485577,-0.00011940754601533218,0.0003937578678246841,0.0
1786721743.522829,2.9200007919998825,0.0,0.0,2.62210705273219,-2.62210705273219,-0.06403206637280327,1430.0,1,1,-0.06407016197391781,-0.00011940754601533218,0.00015750314712987363,0.0
1786721743.5427547,2.940000826999949,0.0,0.0,2.62210705273219,-2.62210705273219,-0.0641265682610812,1430.0,1,1,-0.06407016197391781,-0.00011940754601533218,6.300125885194945e-05,0.0
1786721743.561538,2.9600009169998884,0.0,0.0,2.62210705273219,-2.62210705273219,-0.06416436901639236,1430.0,1,1,-0.06407016197391781,-0.00011940754601533218,2.5200503540779785e-05,0.0
1786721743.5843744,2.980000729999574,0.0,0.0,2.6228863135043525,-2.6228863135043525,-0.06419853025120505,1430.0,1,1,-0.06408920290660602,-0.00011940754601533218,1.0080201416311914e-05,0.0
1786721743.601493,3.0000009129998944,90.0,1.1,2.6228863135043525,-1.5228863135043524,-0.03721113242589335,1430.0,1,1,-0.03721113242589335,0.0,0.0,0.0
1786721743.6229587,3.0200006149998444,90.0,2.2,2.627004395027825,-0.42700439502782483,-0.010433685659210865,1430.0,1,1,-0.010433685659210865,0.0,0.0,0.0
1786721743.6430259,3.040000852999583,90.0,3.3000000000000003,2.627004395027825,0.6729956049721753,0.01644438482150181,1424.7377968571195,1,0,0.01644438482150181,0.0,0.0,0.0
1786721743.6615179,3.060000924999713,90.0,4.4,2.627004395027825,1.7729956049721753,0.043322455302214485,1416.1368143032914,1,0,0.043322455302214485,0.0003713353311618385,0.0,0.0
1786721743.6845176,3.0800007569996524,90.0,5.5,2.6326547463704344,2.8673452536295656,0.07043379698533676,1407.4611849646922,1,0,0.07006246165417493,0.0009718707167690521,0.0,0.0
1786721743.7015266,3.1000008289997822,90.0,6.6,2.6326547463704344,3.9673452536295657,0.09791240285165664,1398.66803108747,1,0,0.0969405321348876,0.0018027895636395174,0.0,0.0
1786721743.723353,3.1200010859997747,90.0,7.699999999999999,2.6326547463704344,5.067345253629565,0.12562139217923976,1389.8011545026434,1,0,0.12381860261560025,0.002864091871773234,0.0,0.0
1786721743.7427456,3.140001027999915,90.0,8.799999999999999,2.6326547463704344,6.1673452536295645,0.15356076496808616,1380.8605552102124,1,0,0.15069667309631293,0.004155777641170201,0.0,0.0
1786721743.7616143,3.160001173999717,90.0,9.899999999999999,2.6326547463704344,7.267345253629565,0.1817305212181958,1371.8462332101774,1,0,0.1775747435770256,0.005677846871830421,0.0,0.0
1786721743.7845197,3.18000104299972,90.0,10.999999999999998,2.6424369847102014,8.357563015289797,0.20461819825542743,1364.5221765582633,1,0,0.204213788883597,0.0074282507765469664,-0.0052734374999999995,0.005859375
1786721743.8015437,3.200000947999797,90.0,12.099999999999998,2.6424369847102014,9.457563015289798,0.23113729764085664,1356.036064754926,1,0,0.23109185936430968,0.009409038142526764,-0.007382812499999999,0.005859375
1786721743.823333,3.220000852999874,90.0,13.199999999999998,2.6570806741198396,10.542919325880158,0.25879459265477645,1347.1857303504717,1,0,0.2576121170122497,0.011617142002631762,-0.0082265625,0.005859375
1786721743.8427827,3.2400011289996655,90.0,14.299999999999997,2.6570806741198396,11.642919325880158,0.2840276419955941,1339.1111545614099,1,0,0.28449018749296234,0.01405562932400001,-0.012079687499999998,0.009765625
1786721743.8615127,3.260001034999732,90.0,15.399999999999997,2.6570806741198396,12.742919325880157,0.31180294979767503,1330.223056064744,1,0,0.311368257973675,0.01672450010663151,-0.0136209375,0.009765625
1786721743.8845127,3.2800007359996926,90.0,16.499999999999996,2.702554662545424,13.797445337454572,0.3202863144101628,1327.508379388748,1,0,0.3371351893035313,0.019614230300661777,-0.033573375,0.03125
1786721743.9015276,3.3000008079998224,90.0,17.599999999999998,2.702554662545424,14.897445337454576,0.3420731400849058,1320.5365951728302,1,0,0.36401325978424404,0.022734343955955295,-0.04155435,0.03125
1786721743.9217055,3.3200007880000157,90.0,18.7,2.8179961118785,15.882003888121497,0.36605816748312103,1312.8613864054014,1,0,0.38807056352716573,0.026060663071902433,-0.04474674,0.03125
1786721743.9429362,3.3400012119996063,90.0,19.8,2.8179961118785,16.9820038881215,0.3615871635797809,1314.29210765447,1,0,0.41494863400787846,0.02961736564911282,-0.0794221335,0.068359375
1786721743.9616706,3.3600011169996833,90.0,20.900000000000002,2.8179961118785,18.082003888121502,0.37815177923770404,1308.9914306439348,1,0,0.4418267044885912,0.033404451687586455,-0.09329229089999999,0.068359375
1786721743.984503,3.380001041000014,90.0,22.000000000000004,3.0635329085550325,18.93646709144497,0.34101927704536283,1320.873831345484,1,0,0.46270517921777643,0.03737049608088168,-0.15509035386,0.130859375
1786721744.0015008,3.4000007789995834,90.0,23.100000000000005,3.0635329085550325,20.036467091444973,0.34714416673537085,1318.9138666446813,1,0,0.48958324969848915,0.04156692393544016,-0.17980957904399997,0.130859375
1786721744.0233126,3.420000962999893,90.0,24.200000000000006,3.5090774305221544,20.690922569477852,0.3574442685754713,1315.6178340558492,1,0,0.5055746137576311,0.045900420624791285,-0.18969726911759996,0.130859375
1786721744.0427659,3.440000904999579,90.0,25.300000000000008,3.5090774305221544,21.790922569477853,0.3091148222160952,1331.0832568908495,1,0,0.5324526842383439,0.05046430077540566,-0.26923828264704,0.21484375
1786721744.0616038,3.460001032999571,90.0,26.40000000000001,3.5090774305221544,22.890922569477855,0.3087403674356462,1331.203082420593,1,0,0.5593307547190566,0.055258564387283285,-0.301054688058816,0.21484375
1786721744.0845425,3.4800010679996376,90.0,27.50000000000001,4.196917549545702,23.30308245045431,0.2335352846375473,1355.268708915985,1,0,0.5694017204737905,0.06013915056277292,-0.3911250002235264,0.30078125
1786721744.101596,3.5000010659996406,90.0,28.600000000000012,4.196917549545702,24.40308245045431,0.2292658164278657,1356.634938743083,1,0,0.5962797909545032,0.06525012019952581,-0.4271531250894105,0.30078125
1786721744.1234746,3.5200012859995695,90.0,29.700000000000014,5.131135369274489,24.568864630725525,0.2240163589598792,1358.3147651328386,1,0,0.6003306137961176,0.0703958111749211,-0.44156437503576423,0.30078125
1786721744.1426227,3.5400011909996465,90.0,30.800000000000015,5.131135369274489,25.66886463072553,0.17293187043744584,1374.6618014600174,1,0,0.6272086842768304,0.07577188561157965,-0.5246726250143057,0.38671875
1786721744.1610281,3.5600009669997235,90.0,31.900000000000016,5.131135369274489,26.76886463072553,0.17194271536340044,1374.978331083712,1,0,0.6540867547575431,0.08137834350950145,-0.5579159250057223,0.38671875
1786721744.1837587,3.58000100199979,90.0,33.000000000000014,6.2728013602585975,26.727198639741417,0.11049938604446508,1394.6401964657712,1,0,0.6530686625372525,0.08697607490267789,-0.6239476200022889,0.4453125
1786721744.200881,3.6000008699998034,90.0,34.100000000000016,6.2728013602585975,27.827198639741418,0.1165625099197275,1392.6999968256873,1,0,0.6799467330179652,0.0928041897571176,-0.6503602980009155,0.4453125
1786721744.2225292,3.6200007200000073,90.0,35.20000000000002,7.593771129670046,27.60622887032997,0.10642624354167318,1395.9436020666647,1,0,0.6745474229849218,0.09858602481127407,-0.6609253692003662,0.4453125
1786721744.2424471,3.640000661999693,90.0,36.30000000000002,7.593771129670046,28.70622887032997,0.10146168309676207,1397.5322614090362,1,0,0.7014254934656344,0.1045982433266938,-0.6985498351801465,0.482421875
1786721744.260945,3.660000845000013,90.0,37.40000000000002,7.593771129670046,29.80622887032997,0.11930218570098228,1391.8233005756856,1,0,0.7283035639463471,0.11084084530337678,-0.7135996215720586,0.482421875
1786721744.28367,3.680000824999752,90.0,38.50000000000002,8.972959698163294,29.527040301836728,0.10215613446510896,1397.3100369711651,1,0,0.7214817002905556,0.11702497416301011,-0.7301664111288234,0.494140625
1786721744.3008492,3.70000117499967,90.0,39.60000000000002,8.972959698163294,30.62704030183673,0.1285916179827491,1388.8506822455204,1,0,0.7483597707712684,0.12343948648390671,-0.7367931269515293,0.494140625
1786721744.3229833,3.7200010429996837,90.0,40.700000000000024,10.402983339431046,30.297016660568982,0.1242914451652033,1390.226737547135,1,0,0.7402957719619083,0.12978487881500878,-0.7394438132806117,0.494140625
1786721744.3425097,3.740001003999623,90.0,41.800000000000026,10.402983339431046,31.397016660568983,0.1529390084453851,1381.0595172974768,1,0,0.7671738424426211,0.1363606546073741,-0.7440197128122448,0.498046875
1786721744.3610144,3.760001056999954,90.0,42.90000000000003,10.402983339431046,32.49701666056898,0.18456249490581,1370.9400016301408,1,0,0.7940519129233338,0.1431668138610027,-0.7458500726248979,0.498046875
1786721744.3837159,3.7800008329995762,90.0,44.00000000000003,11.819692982046263,32.180307017953766,0.18641345878334725,1370.3476931893288,1,0,0.7863132364723037,0.14990664160219386,-0.7430665915499591,0.494140625
1786721744.4008741,3.8000010899995686,90.0,45.10000000000003,11.819692982046263,33.28030701795377,0.22114474943522655,1359.2336801807276,1,0,0.8131913069530163,0.15687685280464828,-0.7419531991199837,0.494140625
1786721744.4226687,3.8200010139998994,90.0,46.20000000000003,13.23140370596849,32.96859629403154,0.22094378778496604,1359.297987908811,1,0,0.8055747771283113,0.1637817794657481,-0.7415078421479935,0.494140625
1786721744.4426935,3.8400013089999447,90.0,47.30000000000003,13.23140370596849,34.06859629403154,0.25842055271557485,1347.3054231310161,1,0,0.832452847609024,0.17091708958811117,-0.7378140743591973,0.490234375
1786721744.4609575,3.8600011769999583,90.0,48.400000000000034,13.23140370596849,35.168596294031545,0.29391144043416906,1335.9483390610658,1,0,0.8593309180897367,0.17828278317173749,-0.7363365672436789,0.490234375
1786721744.4838035,3.880000896999718,90.0,49.500000000000036,14.637186542995323,34.86281345700471,0.2891230151409121,1337.4806351549082,1,0,0.8518592338666463,0.18558443374773734,-0.7410190018974716,0.49609375
1786721744.5008993,3.900000894999721,90.0,50.60000000000004,14.637186542995323,35.962813457004714,0.32142976233610754,1327.1424760524455,1,0,0.878737304347359,0.1931164677850004,-0.7428919757589887,0.49609375
1786721744.522464,3.920001207999576,90.0,51.70000000000004,16.063739377098784,35.63626062290126,0.3202334158372102,1327.5253069320927,1,0,0.8707581133558052,0.2005801087566216,-0.7436411653035955,0.49609375
1786721744.5424652,3.940001001999917,90.0,52.80000000000004,16.063739377098784,36.73626062290126,0.3402129514717014,1321.1318555290554,1,0,0.8976361838365179,0.20827413318950602,-0.7580033411214382,0.51171875
1786721744.5609198,3.9600008519996663,90.0,53.90000000000004,16.063739377098784,37.83626062290126,0.3690401760581612,1311.9071436613885,1,0,0.9245142543172304,0.2161985410836537,-0.7637482114485752,0.51171875
1786721744.5836937,3.980001238999648,90.0,55.00000000000004,17.552097113081714,37.447902886918335,0.33353664118556425,1323.2682748206194,1,0,0.9150248846813405,0.2240416115237795,-0.79768678457943,0.546875
1786721744.600824,4.000001013999736,90.0,56.100000000000044,17.552097113081714,38.54790288691833,0.3546823528540606,1316.5016470867006,1,0,0.941902955162053,0.23211506542516852,-0.811262213831772,0.546875
1786721744.6225672,4.020001271999718,90.0,57.200000000000045,19.143170672414186,38.05682932758586,0.34532644438273774,1319.4955377975239,1,0,0.929903764490278,0.24008566912079946,-0.8166923855327088,0.546875
1786721744.6424673,4.040001361999657,90.0,58.30000000000005,19.143170672414186,39.15682932758586,0.3340577373787067,1323.1015240388137,1,0,0.9567818349709907,0.24828665627769364,-0.8628097667130835,0.595703125
1786721744.6607237,4.060000822999882,90.0,59.40000000000005,19.143170672414186,40.25682932758586,0.3506898425441636,1317.7792503858677,1,0,0.9836599054517035,0.2567180268958511,-0.8812567191852334,0.595703125
1786721744.683406,4.080000802999621,90.0,60.50000000000005,20.8823593379976,39.61764066200245,0.2886631692152577,1337.6277858511176,1,0,0.9680415799935,0.2650155261529383,-0.9360964376740935,0.6484375
1786721744.7006307,4.100000929999624,90.0,61.60000000000005,20.8823593379976,40.71764066200245,0.30190285155751373,1333.3910875015956,1,0,0.9949196504742128,0.27354340887128864,-0.9580323250696374,0.6484375
1786721744.7221637,4.120000705999701,90.0,62.70000000000005,22.7777351058063,39.92226489419375,0.2822216830032709,1339.6890614389533,1,0,0.9754849541598372,0.28190470847837296,-0.966806680027855,0.6484375
1786721744.7421312,4.140000721999968,90.0,63.800000000000054,22.7777351058063,41.02226489419375,0.26649037360778083,1344.72308044551,1,0,1.00236302464055,0.2904963915467206,-1.0177773595111421,0.701171875
1786721744.7606683,4.160001090999685,90.0,64.90000000000005,22.7777351058063,42.12226489419375,0.28157185536352625,1339.8970062836715,1,0,1.0292410951212625,0.2993184580763314,-1.038165631304457,0.701171875
1786721744.7834167,4.180000940999889,90.0,66.00000000000004,24.829924629954803,41.17007537004524,0.21678473395666553,1360.628885133867,1,0,1.005974715902117,0.3,-1.0885084400217828,0.748046875
1786721744.800504,4.200000937999903,90.0,67.10000000000004,24.829924629954803,42.270075370045234,0.22420722287411654,1358.2536886802827,1,0,1.0328527863828296,0.3,-1.1086455635087131,0.748046875
1786721744.8220654,4.220000676999916,90.0,68.20000000000003,26.997564100645377,41.202435899354654,0.19006501989642421,1369.1791936331442,1,0,1.0067654327999096,0.3,-1.1167004129034854,0.748046875
1786721744.8420641,4.240000804999909,90.0,69.30000000000003,26.997564100645377,42.302435899354656,0.18735396311922803,1370.046731801847,1,0,1.0336435032806222,0.3,-1.1462895401613942,0.77734375
1786721744.8604696,4.260000857999785,90.0,70.40000000000002,26.997564100645377,43.40243589935464,0.20239638269677696,1365.2331575370313,1,0,1.0605215737613345,0.3,-1.1581251910645576,0.77734375
1786721744.8831606,4.28000104099965,90.0,71.50000000000001,29.22547821834823,42.274521781651785,0.16131291878841325,1378.3798659877077,1,0,1.0329614327142362,0.3,-1.171648513925823,0.787109375
1786721744.9004583,4.300000761999854,90.0,72.60000000000001,29.22547821834823,43.37452178165178,0.1827816601246195,1371.5098687601217,1,0,1.0598395031949486,0.3,-1.1770578430703291,0.787109375
1786721744.9221144,4.320001018999847,90.0,73.7,31.479446219136065,42.22055378086394,0.15242117095985086,1381.2252252928477,1,0,1.0316427456879826,0.3,-1.1792215747281318,0.787109375
1786721744.9419491,4.340001182999913,90.0,74.8,31.479446219136065,43.32055378086393,0.18370718627744242,1371.2137003912185,1,0,1.0585208161686952,0.3,-1.1748136298912528,0.78125
1786721744.960657,4.360001162999652,90.0,75.89999999999999,31.479446219136065,44.420553780863926,0.21234843469290654,1362.0485008982698,1,0,1.0853988866494078,0.3,-1.1730504519565013,0.78125
1786721744.9831655,4.3800012349997814,90.0,76.99999999999999,33.70641989178654,43.29358010821345,0.19782123172734623,1366.6972058472493,1,0,1.0578617250099467,0.3,-1.1600404932826005,0.767578125
1786721745.0004659,4.400000991999605,90.0,78.09999999999998,33.70641989178654,44.39358010821344,0.22990328567761908,1356.4309485831618,1,0,1.0847397954906592,0.3,-1.1548365098130402,0.767578125
1786721745.021746,4.420000785999946,90.0,79.19999999999997,35.874586965882486,43.325413034117496,0.2058846336993272,1364.1169172162154,1,0,1.0586395501245431,0.3,-1.152754916425216,0.767578125
1786721745.0417244,4.440001098999801,90.0,80.29999999999997,35.874586965882486,44.42541303411748,0.25468909153516917,1348.499490708746,1,0,1.0855176206052555,0.3,-1.1308285290700864,0.744140625
1786721745.0604517,4.460001281999666,90.0,81.39999999999996,35.874586965882486,45.52541303411748,0.29033771695793353,1337.0919305734612,1,0,1.112395691085968,0.3,-1.1220579741280345,0.744140625
1786721745.082938,4.480000817000018,90.0,82.49999999999996,37.96467169884113,44.535328301158835,0.2925051675853545,1336.3983463726865,1,0,1.0882033572365681,0.3,-1.0956981896512137,0.71875
1786721745.1004903,4.500000666999767,90.0,83.59999999999995,37.96467169884113,45.63532830115882,0.3299271518567952,1324.4233114058256,1,0,1.1150814277172805,0.3,-1.0851542758604853,0.71875
1786721745.1224015,4.520001220999802,90.0,84.69999999999995,39.999602538699264,44.70039746130068,0.31130004736554207,1330.3839848430266,1,0,1.092236757709736,0.3,-1.080936710344194,0.71875
1786721745.142211,4.540000884999699,90.0,85.79999999999994,39.999602538699264,45.800397461300676,0.3539276440527712,1316.7431539031131,1,0,1.1191148281904486,0.3,-1.0651871841376774,0.703125
1786721745.1605818,4.560001198000009,90.0,86.89999999999993,39.999602538699264,46.90039746130067,0.3871055250160902,1306.1262319948512,1,0,1.1459928986711612,0.3,-1.058887373655071,0.703125
1786721745.1834073,4.580001269999684,90.0,87.99999999999993,41.99515306693536,46.00484693306457,0.3730164592391607,1310.6347330434685,1,0,1.124110471201189,0.3,-1.0510940119620282,0.697265625
1786721745.200468,4.600001008999698,90.0,89.09999999999992,41.99515306693536,47.104846933064564,0.4030118743970903,1301.0362001929311,1,0,1.1509885416819015,0.3,-1.0479766672848112,0.697265625
1786721745.2221293,4.620000635999986,90.0,90.0,43.99255726701884,46.00744273298116,0.3774441691446391,1309.2178658737155,1,0,1.1241738985585634,0.3,-1.0467297294139244,0.697265625
1786721745.2420099,4.640000837999651,90.0,90.0,43.99255726701884,46.00744273298116,0.36563825679299344,1312.995757826242,1,0,1.1241738985585634,0.3,-1.05853564176557,0.7109375
1786721745.2604966,4.660000965999643,90.0,90.0,43.99255726701884,46.00744273298116,0.3609158918523354,1314.5069146072526,1,0,1.1241738985585634,0.3,-1.063258006706228,0.7109375
1786721745.2833903,4.680000777999794,90.0,90.0,46.05806672645687,43.94193327354313,0.2804320287584774,1339.5069146072526,1,0,1.0737039814409686,0.3,-1.0932719526824912,0.7421875
1786721745.3004808,4.700000887999977,90.0,90.0,46.05806672645687,43.94193327354313,0.2684264503679721,1344.103535882249,1,0,1.0737039814409686,0.3,-1.1052775310729965,0.7421875
1786721745.3233087,4.72000066299961,90.0,90.0,48.21489460598775,41.78510539401225,0.1757667219565,1369.103535882249,1,0,1.0210027343856987,0.3,-1.1452360124291987,0.78125
1786721745.3404322,4.740001012999983,90.0,90.0,48.21489460598775,41.78510539401225,0.15978332941401918,1378.8693345875138,1,0,1.0210027343856987,0.3,-1.1612194049716795,0.78125
1786721745.360565,4.760000899999795,90.0,90.0,48.21489460598775,41.78510539401225,0.1533899723970269,1380.9152088329513,1,0,1.0210027343856987,0.3,-1.1676127619886718,0.78125
1786721745.3832846,4.780000915999608,90.0,90.0,50.45677926354958,39.54322073645043,0.08726399087607062,1402.0755229196575,1,0,0.9662231581715395,0.3,-1.178959167295469,0.791015625
1786721745.4004617,4.800000950999674,90.0,90.0,50.45677926354958,39.54322073645043,0.08272542875335187,1403.5278627989273,1,0,0.9662231581715395,0.3,-1.1834977294181876,0.791015625
1786721745.4228802,4.820000726999751,90.0,90.0,52.698349042754984,37.301650957245016,0.04723187161979325,1414.8858010816662,1,0,0.9114512758870681,0.3,-1.1642194042672749,0.767578125
1786721745.4406462,4.840001095999924,90.0,90.0,52.698349042754984,37.301650957245016,0.054943201680158094,1412.4181754623494,1,0,0.9114512758870681,0.3,-1.15650807420691,0.767578125
1786721745.4606185,4.860001278999789,90.0,90.0,52.698349042754984,37.301650957245016,0.05802773370430425,1411.4311252146226,1,0,0.9114512758870681,0.3,-1.1534235421827639,0.767578125
1786721745.4831705,4.88000085099975,90.0,90.0,54.83955588944502,35.16044411055498,0.05616074329658116,1412.028562145094,1,0,0.8591317226696867,0.3,-1.1029709793731055,0.712890625
1786721745.5004458,4.900000867000017,90.0,90.0,54.83955588944502,35.16044411055498,0.07634176842044438,1405.5706341054579,1,0,0.8591317226696867,0.3,-1.0827899542492423,0.712890625
1786721745.5232215,4.920000772999629,90.0,90.0,56.809151595109995,33.19084840489001,0.10132693897419731,1397.575379528257,1,0,0.811005420673894,0.3,-1.0096784816996967,0.640625
1786721745.5407498,4.940001214999938,90.0,90.0,56.809151595109995,33.19084840489001,0.1305715279940154,1388.2171110419151,1,0,0.811005420673894,0.3,-0.9804338926798786,0.640625
1786721745.560615,4.960000805999698,90.0,90.0,56.809151595109995,33.19084840489001,0.14226936360194253,1384.4738036473784,1,0,0.811005420673894,0.3,-0.9687360570719514,0.640625
1786721745.583068,4.980000784999902,90.0,90.0,58.56981646643402,31.430183533565984,0.17072421420478423,1375.3682514544691,1,0,0.7679842620335648,0.3,-0.8972600478287807,0.56640625
1786721745.600507,5.000001171999884,90.0,90.0,58.56981646643402,31.430183533565984,0.19931461790205263,1366.2193222713431,1,0,0.7679842620335648,0.3,-0.8686696441315123,0.56640625
1786721745.6232107,5.020001002999834,90.0,90.0,60.1217498353341,29.878250164665904,0.2378689559985362,1353.8819340804685,1,0,0.730063376151141,0.3,-0.7921944201526049,0.494140625
1786721745.6406958,5.040001204999953,90.0,90.0,60.1217498353341,29.878250164665904,0.26845904559009925,1344.0931054111682,1,0,0.730063376151141,0.3,-0.7616043305610418,0.494140625
1786721745.660516,5.06000086899985,90.0,90.0,60.1217498353341,29.878250164665904,0.2806950814267244,1340.1775739434481,1,0,0.730063376151141,0.3,-0.7493682947244167,0.494140625
1786721745.682909,5.08000070099979,90.0,90.0,61.46720541219227,28.53279458780773,0.3159950641036817,1328.881579486822,1,0,0.6971876944934484,0.3,-0.6811926303897666,0.423828125
1786721745.7005332,5.100000920999719,90.0,90.0,61.46720541219227,28.53279458780773,0.34326532983754166,1320.1550944519868,1,0,0.6971876944934484,0.3,-0.6539223646559067,0.423828125
1786721745.7235959,5.120001122999838,90.0,90.0,62.632337399693995,27.367662600306005,0.37316482846799093,1310.587254890243,1,0,0.6687181493303537,0.3,-0.5955533208623627,0.37109375
1786721745.7404456,5.140000842999598,90.0,90.0,62.632337399693995,27.367662600306005,0.3965124459854086,1303.1160172846692,1,0,0.6687181493303537,0.3,-0.572205703344945,0.37109375
1786721745.7605596,5.160000988999855,90.0,90.0,62.632337399693995,27.367662600306005,0.40585149299237555,1300.12752224244,1,0,0.6687181493303537,0.3,-0.562866656337978,0.37109375
1786721745.78354,5.180001134999657,90.0,90.0,63.665274075638024,26.334725924361976,0.4054414574514019,1300.2587336155514,1,0,0.6434787449865931,0.3,-0.5380372875351912,0.34765625
1786721745.800473,5.200000743999681,90.0,90.0,63.665274075638024,26.334725924361976,0.41537320497251673,1297.0805744087947,1,0,0.6434787449865931,0.3,-0.5281055400140764,0.34765625
1786721745.8234837,5.220001000999673,90.0,90.0,64.66245685003506,25.337543149964944,0.3897066947606025,1305.2938576766073,1,0,0.619112973266233,0.3,-0.5294062785056306,0.353515625
1786721745.8404267,5.2400008139998135,90.0,90.0,64.66245685003506,25.337543149964944,0.3891863993639809,1305.460352203526,1,0,0.619112973266233,0.3,-0.5299265739022522,0.353515625
1786721745.8607311,5.260000959999616,90.0,90.0,64.66245685003506,25.337543149964944,0.3889782812053322,1305.5269500142938,1,0,0.619112973266233,0.3,-0.5301346920609009,0.353515625
1786721745.8844519,5.280001235999862,90.0,90.0,65.68019662873377,24.319803371266232,0.3464488348483372,1319.1363728485321,1,0,0.5942448991726977,0.3,-0.5477960643243605,0.373046875
1786721745.900475,5.30000075199996,90.0,90.0,65.68019662873377,24.319803371266232,0.33938428594295356,1321.397028498255,1,0,0.5942448991726977,0.3,-0.5548606132297441,0.373046875
1786721745.9235458,5.320001286999741,90.0,90.0,66.7601848473127,23.2398151526873,0.2855600009650694,1338.6207996911778,1,0,0.567855808756967,0.3,-0.5822958077918976,0.400390625
1786721745.9405239,5.340000933999818,90.0,90.0,66.7601848473127,23.2398151526873,0.2745859231402079,1342.1325045951335,1,0,0.567855808756967,0.3,-0.5932698856167591,0.400390625
1786721745.9606807,5.360001060999821,90.0,90.0,66.7601848473127,23.2398151526873,0.2701962920102634,1343.5371865567158,1,0,0.567855808756967,0.3,-0.5976595167467036,0.400390625
1786721745.9836705,5.380000743999972,90.0,90.0,67.91326772988424,22.08673227011576,0.22796062206932077,1357.0526009378173,1,0,0.5396806787680022,0.3,-0.6117200566986815,0.4140625
1786721746.0005193,5.400000760999774,90.0,90.0,67.91326772988424,22.08673227011576,0.22233640608852956,1358.8523500516706,1,0,0.5396806787680022,0.3,-0.6173442726794727,0.4140625
1786721746.024219,5.42000092499984,90.0,90.0,69.08637269955472,20.913627300445285,0.1984536078270518,1366.4948454953435,1,0,0.511016316898841,0.3,-0.6125627090717891,0.40625
1786721746.0404613,5.440000959999907,90.0,90.0,69.08637269955472,20.913627300445285,0.20036623327012526,1365.88280535356,1,0,0.511016316898841,0.3,-0.6106500836287156,0.40625
1786721746.0604677,5.460001050999836,90.0,90.0,69.08637269955472,20.913627300445285,0.20113128344735465,1365.6379892968466,1,0,0.511016316898841,0.3,-0.6098850334514863,0.40625
1786721746.0842068,5.480001066999648,90.0,90.0,70.23098807240024,19.769011927599763,0.19807844882311088,1366.6148963766045,1,0,0.48304808720370535,0.3,-0.5849696383805945,0.37890625
1786721746.1004581,5.500000768999598,90.0,90.0,70.23098807240024,19.769011927599763,0.20804460685146753,1363.4257258075304,1,0,0.48304808720370535,0.3,-0.5750034803522378,0.37890625
1786721746.124288,5.5200007489997915,90.0,90.0,71.27738009982116,18.72261990017884,0.2233769519596509,1358.5193753729118,1,0,0.457479906600546,0.3,-0.5341029546408951,0.337890625
1786721746.1404705,5.540000986999985,90.0,90.0,71.27738009982116,18.72261990017884,0.23973716224418795,1353.2841080818598,1,0,0.457479906600546,0.3,-0.517742744356358,0.337890625
1786721746.1604793,5.560000855999988,90.0,90.0,71.27738009982116,18.72261990017884,0.24628124635800286,1351.190001165439,1,0,0.457479906600546,0.3,-0.5111986602425431,0.337890625
1786721746.1849833,5.580000982999991,90.0,90.0,72.19386312565194,17.806136874348056,0.27396591262838627,1342.3309079589164,1,0,0.43508600172540357,0.3,-0.46112008909701724,0.28515625
1786721746.200445,5.60000083299974,90.0,90.0,72.19386312565194,17.806136874348056,0.29399734108659664,1335.920850852289,1,0,0.43508600172540357,0.3,-0.44108866063880686,0.28515625
1786721746.2249486,5.620000960999732,90.0,90.0,72.96680923741616,17.033190762583843,0.3235529635427977,1326.4630516663046,1,0,0.4161993652983206,0.3,-0.3926464017555228,0.240234375
1786721746.2404578,5.640001069999926,90.0,90.0,72.96680923741616,17.033190762583843,0.3429298670961114,1320.2624425292443,1,0,0.4161993652983206,0.3,-0.3732694982022091,0.240234375
1786721746.2605062,5.660000900999876,90.0,90.0,72.96680923741616,17.033190762583843,0.35068062851743687,1317.7821988744201,1,0,0.4161993652983206,0.3,-0.36551873678088365,0.240234375
1786721746.2856202,5.680000935999942,90.0,90.0,73.61394554187802,16.386054458121976,0.36960903517509985,1311.7251087439681,1,0,0.40038684238745326,0.3,-0.33077780721235345,0.205078125
1786721746.3004422,5.700000637999892,90.0,90.0,73.61394554187802,16.386054458121976,0.3835054070025119,1307.278269759196,1,0,0.40038684238745326,0.3,-0.3168814353849414,0.205078125
1786721746.3242493,5.720001099000001,90.0,90.0,74.1770409539659,15.822959046034098,0.3928830642121459,1304.2774194521132,1,0,0.38662782586612243,0.3,-0.29374476165397656,0.185546875
1786721746.3404253,5.740000985999814,90.0,90.0,74.1770409539659,15.822959046034098,0.4021377337045318,1301.31592521455,1,0,0.38662782586612243,0.3,-0.28449009216159066,0.185546875
1786721746.3617692,5.7600009650000175,90.0,90.0,74.1770409539659,15.822959046034098,0.40583960150148624,1300.1313275195243,1,0,0.38662782586612243,0.3,-0.28078822436463624,0.185546875
1786721746.3822353,5.78000096300002,90.0,90.0,74.70180041882458,15.298199581175425,0.39449805600036564,1303.760622079883,1,0,0.3738055332462202,0.3,-0.27930747724585453,0.185546875
1786721746.4004686,5.800000627999907,90.0,90.0,74.70180041882458,15.298199581175425,0.39509035484787836,1303.571086448679,1,0,0.3738055332462202,0.3,-0.2787151783983418,0.185546875
1786721746.4255767,5.820000958999572,90.0,90.0,75.2510111016937,14.748988898306296,0.3696028383024135,1311.7270917432277,1,0,0.3603857846617503,0.3,-0.29078294635933677,0.19921875
1786721746.440427,5.840000882999902,90.0,90.0,75.2510111016937,14.748988898306296,0.36477573111801553,1313.271766042235,1,0,0.3603857846617503,0.3,-0.2956100535437347,0.19921875
1786721746.4620152,5.86000112199963,90.0,90.0,75.85251459573044,14.147485404269561,0.34814738523778893,1318.5928367239076,1,0,0.3456882816552828,0.3,-0.29754089641749387,0.19921875
1786721746.4824476,5.880000748999919,90.0,90.0,75.85251459573044,14.147485404269561,0.32452348558828525,1326.1524846117486,1,0,0.3456882816552828,0.3,-0.32116479606699755,0.224609375
1786721746.5004478,5.900000950999583,90.0,90.0,75.85251459573044,14.147485404269561,0.31507392572848375,1329.176343766885,1,0,0.3456882816552828,0.3,-0.33061435592679905,0.224609375
1786721746.5262794,5.920000818999597,90.0,90.0,76.51383500531927,13.486164994680736,0.28107249580341565,1340.056801342907,1,0,0.3295291756741353,0.3,-0.3484566798707196,0.240234375
1786721746.540438,5.940001001999917,90.0,90.0,76.51383500531927,13.486164994680736,0.2739355662258474,1342.3406188077288,1,0,0.3295291756741353,0.3,-0.35559360944828783,0.240234375
1786721746.5618896,5.960000777999994,90.0,90.0,77.22052777488796,12.779472225112045,0.2538130325142045,1348.7798295954544,1,0,0.31226141379351957,0.3,-0.3584483812793151,0.240234375
1786721746.5829637,5.98000096099986,90.0,90.0,77.22052777488796,12.779472225112045,0.24563987378179353,1351.395240389826,1,0,0.31226141379351957,0.3,-0.3666215400117261,0.248046875
1786721746.6004548,6.000000699999873,90.0,90.0,77.22052777488796,12.779472225112045,0.24237061028882917,1352.4414047075747,1,0,0.31226141379351957,0.3,-0.36989080350469045,0.248046875
1786721746.6265018,6.020000790999802,90.0,90.0,77.923765311007,12.076234688992997,0.23794207029119752,1353.858537506817,1,0,0.2950780791930737,0.3,-0.35713600890187613,0.232421875
1786721746.6419256,6.040001195999594,90.0,90.0,77.923765311007,12.076234688992997,0.2430439881323232,1352.2259237976566,1,0,0.2950780791930737,0.3,-0.35203409106075045,0.232421875
1786721746.661815,6.060001026999998,90.0,90.0,78.56407681229649,11.43592318770351,0.22943899375852828,1356.579521997271,1,0,0.27943231768282845,0.3,-0.34999332392430016,0.232421875
1786721746.6829572,6.0800009509998745,90.0,90.0,78.56407681229649,11.43592318770351,0.2601381131131084,1346.7558038038053,1,0,0.27943231768282845,0.3,-0.31929420456972,0.19921875
1786721746.7005308,6.10000124499993,90.0,90.0,78.56407681229649,11.43592318770351,0.2724177608549404,1342.826316526419,1,0,0.27943231768282845,0.3,-0.30701455682788803,0.19921875
1786721746.7263029,6.1200006509998275,90.0,90.0,79.11353957744154,10.886460422558457,0.2990599618352223,1334.300812212729,1,0,0.26600640956637756,0.3,-0.26694644773115517,0.16015625
1786721746.7404377,6.140000814999894,90.0,90.0,79.11353957744154,10.886460422558457,0.31508720547391544,1329.172094248347,1,0,0.26600640956637756,0.3,-0.25091920409246204,0.16015625
1786721746.76168,6.160000683999897,90.0,90.0,79.5510986076834,10.4489013923166,0.31080651888001737,1330.5419139583944,1,0,0.25531482551700213,0.3,-0.2445083066369848,0.16015625
1786721746.7837546,6.180001125999752,90.0,90.0,79.5510986076834,10.4489013923166,0.3450115028622083,1319.5963190840935,1,0,0.25531482551700213,0.3,-0.2103033226547939,0.125
1786721746.8012662,6.200000864999765,90.0,90.0,79.5510986076834,10.4489013923166,0.35869349645508464,1315.2180811343728,1,0,0.25531482551700213,0.3,-0.19662132906191757,0.125
1786721746.8263776,6.220000732999779,90.0,90.0,79.89069427688963,10.109305723110367,0.38047778131780785,1308.2471099783015,1,0,0.24701693794257493,0.3,-0.16653915662476704,0.09765625
1786721746.8410645,6.24000100899957,90.0,90.0,79.89069427688963,10.109305723110367,0.3925106502926681,1304.3965919063462,1,0,0.24701693794257493,0.3,-0.15450628764990681,0.09765625
1786721746.8623428,6.260000654999658,90.0,90.0,80.15987302493522,9.840126975064777,0.39074652028090373,1304.9611135101109,1,0,0.24043966034086642,0.3,-0.14969314005996273,0.09765625
1786721746.884335,6.280000837999978,90.0,90.0,80.15987302493522,9.840126975064777,0.4049764668168813,1300.407530618598,1,0,0.24043966034086642,0.3,-0.13546319352398511,0.083984375
1786721746.9010942,6.300000650999664,90.0,90.0,80.15987302493522,9.840126975064777,0.4106684454312724,1298.5860974619927,1,0,0.24043966034086642,0.3,-0.12977121490959403,0.083984375
1786721746.9262917,6.3200006679999206,90.0,90.0,80.41910842993343,9.58089157006657,0.3995796709800853,1302.1345052863726,1,0,0.23410534444392286,0.3,-0.13452567346383762,0.091796875
1786721746.9418266,6.340000905999659,90.0,90.0,80.41910842993343,9.58089157006657,0.39767788755838784,1302.743075981316,1,0,0.23410534444392286,0.3,-0.13642745688553504,0.091796875
1786721746.9632337,6.360000866999599,90.0,90.0,80.70266161413963,9.297338385860371,0.38998866285323175,1305.203627886966,1,0,0.22717683310744585,0.3,-0.137188170254214,0.091796875
1786721746.983742,6.380001216999972,90.0,90.0,80.70266161413963,9.297338385860371,0.36859062750576016,1312.0509991981567,1,0,0.22717683310744585,0.3,-0.15858620560168563,0.115234375
1786721747.0017211,6.400000992999594,90.0,90.0,80.70266161413963,9.297338385860371,0.3600314133667716,1314.789947722633,1,0,0.22717683310744585,0.3,-0.16714541974067423,0.115234375
1786721747.0270336,6.4200011569996605,90.0,90.0,81.06018550398244,8.939814496017561,0.3338092710659638,1323.1810332588916,1,0,0.2184408764622335,0.3,-0.1846316053962697,0.130859375
1786721747.0416255,6.440000692000012,90.0,90.0,81.06018550398244,8.939814496017561,0.3268147968037256,1325.4192650228078,1,0,0.2184408764622335,0.3,-0.1916260796585079,0.130859375
1786721747.063097,6.4600008569996135,90.0,90.0,81.4669105605135,8.533089439486503,0.3140788391572725,1329.4947714696727,1,0,0.20850270852067565,0.3,-0.19442386936340314,0.130859375
1786721747.085003,6.480000669999754,90.0,90.0,81.4669105605135,8.533089439486503,0.29362378577531445,1336.0403885518995,1,0,0.20850270852067565,0.3,-0.21487892274536127,0.15234375
1786721747.1017492,6.500000889999683,90.0,90.0,81.4669105605135,8.533089439486503,0.28544176442253116,1338.6586353847902,1,0,0.20850270852067565,0.3,-0.22306094409814453,0.15234375
1786721747.1270244,6.520000850999622,90.0,90.0,81.90857016586085,8.091429834139149,0.2661037383804997,1344.8468037182402,1,0,0.19771092851975752,0.3,-0.2316071901392578,0.158203125
1786721747.1414862,6.540000996999879,90.0,90.0,81.90857016586085,8.091429834139149,0.26268523996405435,1345.9407232115027,1,0,0.19771092851975752,0.3,-0.23502568855570313,0.158203125
1786721747.1630318,6.560000920999755,90.0,90.0,82.35033901674649,7.649660983253511,0.2505233912244875,1349.832514808164,1,0,0.1869164791467688,0.3,-0.23639308792228125,0.158203125
1786721747.1848228,6.5800010299999485,90.0,90.0,82.35033901674649,7.649660983253511,0.26052330647785626,1346.632541927086,1,0,0.1869164791467688,0.3,-0.22639317266891248,0.146484375
1786721747.2011971,6.600000842999634,90.0,90.0,82.35033901674649,7.649660983253511,0.2645232725792038,1345.3525527746547,1,0,0.1869164791467688,0.3,-0.22239320656756498,0.146484375
1786721747.2268915,6.620001025999954,90.0,90.0,82.76089743845921,7.23910256154079,0.27366954929679305,1342.4257442250262,1,0,0.1768846444238191,0.3,-0.203215095127026,0.126953125
1786721747.2414885,6.6400007279999045,90.0,90.0,82.76089743845921,7.23910256154079,0.28134079387300864,1339.9709459606372,1,0,0.1768846444238191,0.3,-0.19554385055081042,0.126953125
1786721747.2623441,6.6600006329999815,90.0,90.0,83.10095233462528,6.899047665374724,0.2761001830976195,1341.6479414087617,1,0,0.16857553581794368,0.3,-0.19247535272032415,0.126953125
1786721747.2847292,6.68000085299991,90.0,90.0,83.10095233462528,6.899047665374724,0.314241644729814,1329.4426736864596,1,0,0.16857553581794368,0.3,-0.15433389108812967,0.0859375
1786721747.3014636,6.700001017999966,90.0,90.0,83.10095233462528,6.899047665374724,0.3294982293826918,1324.5605665975386,1,0,0.16857553581794368,0.3,-0.13907730643525187,0.0859375
1786721747.3267121,6.720000848999916,90.0,90.0,83.34661360960337,6.6533863903966335,0.35596541341362214,1316.0910677076408,1,0,0.1625728984877229,0.3,-0.10660748507410074,0.056640625
1786721747.3414614,6.740000865999718,90.0,90.0,83.34661360960337,6.6533863903966335,0.3689533419580826,1311.9349305734136,1,0,0.1625728984877229,0.3,-0.0936195565296403,0.056640625
1786721747.3629797,6.760000770999795,90.0,90.0,83.50759830242998,6.492401697570017,0.37021491526667616,1311.5312271146636,1,0,0.1586393003785323,0.3,-0.08842438511185613,0.056640625
1786721747.3848305,6.780001027999788,90.0,90.0,83.50759830242998,6.492401697570017,0.3951445463337898,1303.5537451731873,1,0,0.1586393003785323,0.3,-0.06349475404474245,0.03125
1786721747.401494,6.800000970999918,90.0,90.0,83.50759830242998,6.492401697570017,0.4051163987606353,1300.3627523965968,1,0,0.1586393003785323,0.3,-0.05352290161789698,0.03125
1786721747.4268632,6.820001042999593,90.0,90.0,83.62368541531788,6.37631458468212,0.4115420339567341,1298.306549133845,1,0,0.1558027571038929,0.3,-0.04426072314715879,0.025390625
1786721747.4415998,6.84000092999986,90.0,90.0,83.62368541531788,6.37631458468212,0.4152469053450294,1297.1209902895905,1,0,0.1558027571038929,0.3,-0.04055585175886352,0.025390625
1786721747.4645946,6.860001223999916,90.0,90.0,83.73627978330518,6.263720216694821,0.41397765448353485,1297.5271505652688,1,0,0.15305155768708026,0.3,-0.03907390320354541,0.025390625
1786721747.4830663,6.88000083299994,90.0,90.0,83.73627978330518,6.263720216694821,0.4057813714056621,1300.1499611501881,1,0,0.15305155768708026,0.3,-0.04727018628141816,0.03515625
1786721747.5015514,6.900000739000006,90.0,90.0,83.73627978330518,6.263720216694821,0.40250285817451303,1301.1990853841558,1,0,0.15305155768708026,0.3,-0.05054869951256727,0.03515625
1786721747.5268736,6.920000976999745,90.0,90.0,83.8903959726353,6.109604027364696,0.3763319339738406,1309.573781128371,1,0,0.14928578877886756,0.3,-0.07295385480502692,0.05859375
1786721747.5414927,6.9400010119998115,90.0,90.0,83.8903959726353,6.109604027364696,0.36736987185685677,1312.4416410058059,1,0,0.14928578877886756,0.3,-0.08191591692201076,0.05859375
1786721747.565181,6.960000639999635,90.0,90.0,84.1223644864649,5.877635513535097,0.3581169869518649,1315.4025641754033,1,0,0.14361772872066925,0.3,-0.08550074176880432,0.05859375
1786721747.584832,6.980000896999627,90.0,90.0,84.1223644864649,5.877635513535097,0.3320736820131475,1323.736421755793,1,0,0.14361772872066925,0.3,-0.11154404670752172,0.0859375
1786721747.6014893,7.000001079999947,90.0,90.0,84.1223644864649,5.877635513535097,0.32165636003766057,1327.0699647879487,1,0,0.14361772872066925,0.3,-0.12196136868300868,0.0859375
1786721747.626454,7.020000763999633,90.0,90.0,84.42453473248759,5.5754652675124134,0.29604351927494577,1335.2660738320174,1,0,0.13623431674814926,0.3,-0.14019079747320348,0.1015625
1786721747.6416755,7.040001001999826,90.0,90.0,84.42453473248759,5.5754652675124134,0.2887517477588679,1337.5994407171622,1,0,0.13623431674814926,0.3,-0.1474825689892814,0.1015625
1786721747.6649218,7.060000796999702,90.0,90.0,84.76865783720524,5.231342162794761,0.27742652545912505,1341.22351185308,1,0,0.12782580305483768,0.3,-0.1503992775957126,0.1015625
1786721747.6847758,7.080000979999568,90.0,90.0,84.76865783720524,5.231342162794761,0.2692285920165526,1343.8468505547032,1,0,0.12782580305483768,0.3,-0.15859721103828503,0.109375
1786721747.7017307,7.100001180999698,90.0,90.0,84.76865783720524,5.231342162794761,0.2659494186395236,1344.8961860353525,1,0,0.12782580305483768,0.3,-0.16187638441531402,0.109375
1786721747.726897,7.1200009019999015,90.0,90.0,85.1232413452455,4.8767586547544965,0.26476270222470794,1345.2759352880935,1,0,0.11916169349083353,0.3,-0.1543989912661256,0.099609375
1786721747.74155,7.140000936999968,90.0,90.0,85.1232413452455,4.8767586547544965,0.26775365948438334,1344.3188289649972,1,0,0.11916169349083353,0.3,-0.15140803400645023,0.099609375
1786721747.7634268,7.160000730999855,90.0,90.0,85.42905538191098,4.570944618089015,0.2614775958141752,1346.327169339464,1,0,0.1116892469167553,0.3,-0.15021165110258008,0.099609375
1786721747.7848098,7.180001228999572,90.0,90.0,85.42905538191098,4.570944618089015,0.28304989897572325,1339.4240323277686,1,0,0.1116892469167553,0.3,-0.12863934794103205,0.076171875
1786721747.80147,7.200000837999596,90.0,90.0,85.42905538191098,4.570944618089015,0.2916788202403425,1336.6627775230904,1,0,0.1116892469167553,0.3,-0.12001042667641282,0.076171875
1786721747.8260303,7.220000594999874,90.0,90.0,85.66092504726134,4.339074952738656,0.3158319315119845,1328.933781916165,1,0,0.10602360218254965,0.3,-0.09019167067056512,0.046875
1786721747.8414674,7.24000088899993,90.0,90.0,85.66092504726134,4.339074952738656,0.3277594339143236,1325.1169811474165,1,0,0.10602360218254965,0.3,-0.07826416826822605,0.046875
1786721747.8647923,7.260000720999869,90.0,90.0,85.79449160923645,4.205508390763555,0.32926678808741083,1324.6346278120286,1,0,0.10275995539470124,0.3,-0.07349316730729041,0.046875
1786721747.8847427,7.280000884999936,90.0,90.0,85.79449160923645,4.205508390763555,0.36105800097178503,1314.4614396890288,1,0,0.10275995539470124,0.3,-0.041701954422916174,0.013671875
1786721747.9014688,7.300000864999674,90.0,90.0,85.79449160923645,4.205508390763555,0.37377448612553477,1310.3921644398288,1,0,0.10275995539470124,0.3,-0.02898546926916647,0.013671875
1786721747.9268255,7.320000862999677,90.0,90.0,85.85396990697296,4.146030093027036,0.3967436887064574,1303.0420196139337,1,0,0.101306626414124,0.3,-0.00456293770766659,-0.0078125
1786721747.9415722,7.340000878999945,90.0,90.0,85.85396990697296,4.146030093027036,0.4065127013310573,1299.9159355740617,1,0,0.101306626414124,0.3,0.005206074916933364,-0.0078125
1786721747.9649432,7.360000710999884,90.0,90.0,85.83333532874224,4.166664671257763,0.4109245042427385,1298.5041586423235,1,0,0.10181082427596513,0.3,0.009113679966773345,-0.0078125
1786721747.985056,7.380000912000014,90.0,90.0,85.83333532874224,4.166664671257763,0.4072141087626745,1299.691485195944,1,0,0.10181082427596513,0.3,0.005403284486709339,-0.001953125
1786721748.001489,7.400000613999964,90.0,90.0,85.83333532874224,4.166664671257763,0.40572995057064887,1300.1664158173924,1,0,0.10181082427596513,0.3,0.003919126294683736,-0.001953125
1786721748.0260792,7.420000815999629,90.0,90.0,85.85410017402404,4.14589982597596,0.38529296890747006,1306.7062499496096,1,0,0.10130344338959658,0.3,-0.016010474482126506,0.01953125
1786721748.041488,7.440000831999896,90.0,90.0,85.85410017402404,4.14589982597596,0.37732112859674594,1309.2572388490412,1,0,0.10130344338959658,0.3,-0.023982314792850602,0.01953125
1786721748.0647693,7.460000737999962,90.0,90.0,85.93892216077262,4.06107783922738,0.37205980034687236,1310.9408638890009,1,0,0.0992308512640126,0.3,-0.02717105091714024,0.01953125
1786721748.0848732,7.480000901999574,90.0,90.0,85.93892216077262,4.06107783922738,0.3532061808971565,1316.97402211291,1,0,0.0992308512640126,0.3,-0.04602467036685609,0.0390625
1786721748.101555,7.5000007149997145,90.0,90.0,85.93892216077262,4.06107783922738,0.34566473311727014,1319.3872854024735,1,0,0.0992308512640126,0.3,-0.053566118146742434,0.0390625
1786721748.1261823,7.520000953999897,90.0,90.0,86.08289398302821,3.9171060169717857,0.31979432124547696,1327.6658172014475,1,0,0.09571295600417395,0.3,-0.07591863475869697,0.060546875
1786721748.1415105,7.540000784999847,90.0,90.0,86.08289398302821,3.9171060169717857,0.31085331460069515,1330.5269393277777,1,0,0.09571295600417395,0.3,-0.08485964140347878,0.060546875
1786721748.1648443,7.560001356999692,90.0,90.0,86.28691560537453,3.7130843946254686,0.3022917232654973,1333.2666485550408,1,0,0.09072776732688881,0.3,-0.08843604406139151,0.060546875
1786721748.1848056,7.580000836999716,90.0,90.0,86.28691560537453,3.7130843946254686,0.2903142872023322,1337.0994280952536,1,0,0.09072776732688881,0.3,-0.10041348012455661,0.072265625
1786721748.2014928,7.600001019999581,90.0,90.0,86.28691560537453,3.7130843946254686,0.28552331277706616,1338.6325399113389,1,0,0.09072776732688881,0.3,-0.10520445454982263,0.072265625
1786721748.226134,7.620000813999923,90.0,90.0,86.50888989442899,3.4911101055710105,0.28521431792867624,1338.7314182628236,1,0,0.08530391224860535,0.3,-0.10008959431992907,0.064453125
1786721748.2414572,7.640001015999587,90.0,90.0,86.50888989442899,3.4911101055710105,0.2872602620206337,1338.0767161533972,1,0,0.08530391224860535,0.3,-0.09804365022797164,0.064453125
1786721748.2634916,7.660001068999918,90.0,90.0,86.72353159155341,3.27646840844659,0.28283395359977126,1339.4931348480732,1,0,0.08005922619095993,0.3,-0.09722527259118866,0.064453125
1786721748.2847676,7.680000677999942,90.0,90.0,86.72353159155341,3.27646840844659,0.2919503671544844,1336.575882510565,1,0,0.08005922619095993,0.3,-0.08810885903647547,0.0546875
1786721748.3014665,7.700000842999998,90.0,90.0,86.72353159155341,3.27646840844659,0.2955969325763697,1335.4089815755617,1,0,0.08005922619095993,0.3,-0.08446229361459019,0.0546875
1786721748.3261652,7.72000061899962,90.0,90.0,86.881760817687,3.1182391823130047,0.31604085188864467,1328.8669273956336,1,0,0.07619295683448073,0.3,-0.060152104945836074,0.029296875
1786721748.3414712,7.74000106099993,90.0,90.0,86.881760817687,3.1182391823130047,0.3257649273561463,1325.7552232460332,1,0,0.07619295683448073,0.3,-0.05042802947833443,0.029296875
1786721748.3648622,7.760000966999996,90.0,90.0,86.97283430925023,3.0271656907497686,0.3274292123384549,1325.2226520516945,1,0,0.07396761162978867,0.3,-0.04653839929133377,0.029296875
1786721748.3847826,7.780000816999745,90.0,90.0,86.97283430925023,3.0271656907497686,0.35359443941325513,1316.8497793877584,1,0,0.07396761162978867,0.3,-0.02037317221653351,0.001953125
1786721748.40148,7.800000702999569,90.0,90.0,86.97283430925023,3.0271656907497686,0.36406053024317525,1313.500630322184,1,0,0.07396761162978867,0.3,-0.009907081386613404,0.001953125
1786721748.4261327,7.820001015999878,90.0,90.0,86.9975004705808,3.0024995294191967,0.3764333210544781,1309.5413372625671,1,0,0.07336490360912346,0.3,0.003068417445354638,-0.0078125
1786721748.4415135,7.840000921999945,90.0,90.0,86.9975004705808,3.0024995294191967,0.3816235205872653,1307.8804734120752,1,0,0.07336490360912346,0.3,0.008258616978141856,-0.0078125
1786721748.4650035,7.860001196999747,90.0,90.0,87.0005383241446,2.9994616758554002,0.38362537163474586,1307.2398810768814,1,0,0.0732906748434891,0.3,0.010334696791256742,-0.0078125
1786721748.4848056,7.880001343999993,90.0,90.0,87.0005383241446,2.9994616758554002,0.3791823660599918,1308.6616428608027,1,0,0.0732906748434891,0.3,0.005891691216502697,-0.001953125
1786721748.501487,7.900000841999827,90.0,90.0,87.0005383241446,2.9994616758554002,0.3774051638300902,1309.230347574371,1,0,0.0732906748434891,0.3,0.004114488986601079,-0.001953125
1786721748.526121,7.920000987999629,90.0,90.0,87.03974774431185,2.9602522556881468,0.3599159035665265,1314.8269108587115,1,0,0.07233260797188608,0.3,-0.012416704405359566,0.015625
1786721748.541542,7.940000633999716,90.0,90.0,87.03974774431185,2.9602522556881468,0.3533034262097422,1316.9429036128824,1,0,0.07233260797188608,0.3,-0.019029181762143826,0.015625
1786721748.5648217,7.960000872999899,90.0,90.0,87.13107557634197,2.8689244236580294,0.34842687535234107,1318.503399887251,1,0,0.07010104805719863,0.3,-0.021674172704857532,0.015625
1786721748.5848217,7.980000814999585,90.0,90.0,87.13107557634197,2.8689244236580294,0.33682200397525563,1322.2169587279182,1,0,0.07010104805719863,0.3,-0.033279044081943016,0.02734375
1786721748.6014924,8.000001016999704,90.0,90.0,87.13107557634197,2.8689244236580294,0.3321800554244214,1323.7023822641852,1,0,0.07010104805719863,0.3,-0.037920992632777206,0.02734375
1786721748.6268275,8.020000866999908,90.0,90.0,87.24797148512084,2.7520285148791572,0.3134044701176646,1329.7105695623472,1,0,0.06724474217077546,0.3,-0.053840272053110885,0.04296875
1786721748.6416385,8.040001401999689,90.0,90.0,87.24797148512084,2.7520285148791572,0.3070367583495311,1331.74823732815,1,0,0.06724474217077546,0.3,-0.06020798382124436,0.04296875
1786721748.664864,8.060001047999776,90.0,90.0,87.38849665784403,2.61150334215597,0.3010559959179431,1333.6620813062582,1,0,0.06381106444644079,0.3,-0.06275506852849774,0.04296875
1786721748.6848102,8.0800007859998,90.0,90.0,87.38849665784403,2.61150334215597,0.3035527870350417,1332.8631081487868,1,0,0.06381106444644079,0.3,-0.0602582774113991,0.0390625
1786721748.701475,8.100000932999592,90.0,90.0,87.38849665784403,2.61150334215597,0.30455150348188115,1332.543518885798,1,0,0.06381106444644079,0.3,-0.059259560964559636,0.0390625
1786721748.7258806,8.120000930999595,90.0,90.0,87.51839404584115,2.4816059541588515,0.3105660606062105,1330.6188606060127,1,0,0.06063707249203439,0.3,-0.05007101188582385,0.029296875
1786721748.7414722,8.140000816999873,90.0,90.0,87.51839404584115,2.4816059541588515,0.3142414802377048,1329.4427263239345,1,0,0.06063707249203439,0.3,-0.04639559225432954,0.029296875
1786721748.7632234,8.160001407999971,90.0,90.0,87.62466345563519,2.3753365443648136,0.3131149965572227,1329.8032011016887,1,0,0.05804042095895449,0.3,-0.04492542440173182,0.029296875
1786721748.7842271,8.18000099899973,90.0,90.0,87.62466345563519,2.3753365443648136,0.3295233761982618,1324.5525196165563,1,0,0.05804042095895449,0.3,-0.02851704476069273,0.01171875
1786721748.8015044,8.200000885000009,90.0,90.0,87.62466345563519,2.3753365443648136,0.33608672805467743,1322.4522470225033,1,0,0.05804042095895449,0.3,-0.02195369290427709,0.01171875
1786721748.8257494,8.220000642999821,90.0,90.0,87.67714251244121,2.3228574875587924,0.34797663853579497,1318.6474756685457,1,0,0.0567581156975058,0.3,-0.008781477161710837,0.0
1786721748.8414774,8.240001084999676,90.0,90.0,87.67714251244121,2.3228574875587924,0.35324552483282146,1316.9614320534972,1,0,0.0567581156975058,0.3,-0.003512590864684335,0.0
1786721748.8641508,8.260000638999827,90.0,90.0,87.69159442051529,2.308405579484713,0.3549999526209085,1316.4000151613093,1,0,0.05640498896678227,0.3,-0.001405036345873734,0.0
1786721748.8841002,8.28000074800002,90.0,90.0,87.69159442051529,2.308405579484713,0.3663898494284327,1312.7552481829016,1,0,0.05640498896678227,0.3,0.009984860461650504,-0.01171875
1786721748.9014857,8.300000874999569,90.0,90.0,87.69159442051529,2.308405579484713,0.37094580815144246,1311.2973413915383,1,0,0.05640498896678227,0.3,0.014540819184660202,-0.01171875
1786721748.9257877,8.320000946999698,90.0,90.0,87.68778904182818,2.3122109581718178,0.3587986745829716,1315.184424133449,1,0,0.05649797190910754,0.3,0.0023007026738640817,0.00390625
1786721748.9415762,8.340001278999807,90.0,90.0,87.68778904182818,2.3122109581718178,0.3539026279786532,1316.751159046831,1,0,0.05649797190910754,0.3,-0.002595343930454367,0.00390625
1786721748.9642475,8.360000979999768,90.0,90.0,87.7263633195073,2.2736366804927,0.35100166192401494,1317.6794681843153,1,0,0.05555542449619672,0.3,-0.0045537625721817476,0.00390625
1786721748.9842205,8.380000774999644,90.0,90.0,87.7263633195073,2.2736366804927,0.339671419467324,1321.3051457704564,1,0,0.05555542449619672,0.3,-0.015884005028872696,0.015625
1786721749.0014956,8.400000753999848,90.0,90.0,87.7263633195073,2.2736366804927,0.3351393224846476,1322.7554168049128,1,0,0.05555542449619672,0.3,-0.02041610201154908,0.015625
1786721749.0257988,8.420000918999904,90.0,90.0,87.79368059681178,2.2063194031882176,0.3316816123061593,1323.861884062029,1,0,0.05391055311077894,0.3,-0.02222894080461963,0.015625
1786721749.041489,8.440000768999653,90.0,90.0,87.79368059681178,2.2063194031882176,0.33095647678893103,1324.093927427542,1,0,0.05391055311077894,0.3,-0.022954076321847854,0.015625
1786721749.0642738,8.46000093299972,90.0,90.0,87.86401024458672,2.135989755413277,0.3289479451004229,1324.7366575678648,1,0,0.05219207562916208,0.3,-0.02324413052873914,0.015625
1786721749.084173,8.480001079999965,90.0,90.0,87.86401024458672,2.135989755413277,0.32883192341766637,1324.7737845063468,1,0,0.05219207562916208,0.3,-0.023360152211495656,0.015625
1786721749.1015253,8.500000947999979,90.0,90.0,87.86401024458672,2.135989755413277,0.3287855147445638,1324.7886352817395,1,0,0.05219207562916208,0.3,-0.023406560884598263,0.015625
1786721749.1258018,8.520001389999834,90.0,90.0,87.92737751461817,2.072622485381828,0.327218596775254,1325.2900490319187,1,0,0.050643721129093315,0.3,-0.023425124353839304,0.015625
1786721749.141481,8.540000721999604,90.0,90.0,87.92737751461817,2.072622485381828,0.32721117138755756,1325.2924251559816,1,0,0.050643721129093315,0.3,-0.023432549741535722,0.015625
1786721749.1641674,8.560000830999797,90.0,90.0,87.97288871320359,2.027111286796412,0.3260961528658967,1325.649231082913,1,0,0.049531672762511025,0.3,-0.02343551989661429,0.015625
1786721749.184223,8.580000883999674,90.0,90.0,87.97288871320359,2.027111286796412,0.3366418398038653,1322.274611262763,1,0,0.049531672762511025,0.3,-0.012889832958645717,0.00390625
1786721749.2014623,8.60000077099994,90.0,90.0,87.97288871320359,2.027111286796412,0.34086011457905274,1320.9247633347031,1,0,0.049531672762511025,0.3,-0.008671558183458288,0.00390625
1786721749.225824,8.620000972999605,90.0,90.0,88.00190429107323,1.998095708926769,0.348869690173656,1318.36169914443,1,0,0.04882268844703932,0.3,4.7001726616684864e-05,-0.00390625
1786721749.241509,8.64000069299982,90.0,90.0,88.00190429107323,1.998095708926769,0.35235711413768595,1317.2457234759404,1,0,0.04882268844703932,0.3,0.0035344256906466743,-0.00390625
1786721749.263036,8.660000986999876,90.0,90.0,87.99782673504251,2.0021732649574915,0.3538517172127369,1316.7674504919241,1,0,0.04892232193647824,0.3,0.00492939527625867,-0.00390625
1786721749.2841923,8.680000947999815,90.0,90.0,87.99782673504251,2.0021732649574915,0.35616751754698167,1316.026394384966,1,0,0.04892232193647824,0.3,0.007245195610503467,-0.005859375
1786721749.3014863,8.700000871999691,90.0,90.0,87.99782673504251,2.0021732649574915,0.3570938376806796,1315.7299719421826,1,0,0.04892232193647824,0.3,0.008171515744201387,-0.005859375
1786721749.325214,8.7200012039998,90.0,90.0,88.00872158913859,1.9912784108614119,0.3484090917284574,1318.5090906468936,1,0,0.04865611043077687,0.3,-0.0002470187023194451,0.00390625
1786721749.3415248,8.740000701999634,90.0,90.0,88.00872158913859,1.9912784108614119,0.3450416779498491,1319.5866630560483,1,0,0.04865611043077687,0.3,-0.0036144324809277784,0.00390625
1786721749.3635294,8.760000958999626,90.0,90.0,88.04047747699883,1.9595225230011692,0.3429187697183283,1320.265993690135,1,0,0.04788016771069941,0.3,-0.004961397992371112,0.00390625
1786721749.3835545,8.78000105000001,90.0,90.0,88.04047747699883,1.9595225230011692,0.33710654601375095,1322.1259052755997,1,0,0.04788016771069941,0.3,-0.010773621696948444,0.009765625
1786721749.4014883,8.800000917999569,90.0,90.0,88.04047747699883,1.9595225230011692,0.33478165653192005,1322.8698699097856,1,0,0.04788016771069941,0.3,-0.013098511178779379,0.009765625
1786721749.4248796,8.820000674999847,90.0,90.0,88.07616761216207,1.9238323878379333,0.3312218137224753,1324.0090196088079,1,0,0.04700809319398703,0.3,-0.01578627947151175,0.01171875
1786721749.4415624,8.840001173000019,90.0,90.0,88.07616761216207,1.9238323878379333,0.3301467064053823,1324.3530539502776,1,0,0.04700809319398703,0.3,-0.0168613867886047,0.01171875
1786721749.4638355,8.860001042000022,90.0,90.0,88.11474096439821,1.8852590356017913,0.32877413867847205,1324.792275622889,1,0,0.04606556839391395,0.3,-0.017291429715441883,0.01171875
1786721749.4840474,8.88000139099995,90.0,90.0,88.11474096439821,1.8852590356017913,0.3356333715077372,1322.5973211175242,1,0,0.04606556839391395,0.3,-0.010432196886176751,0.00390625
1786721749.5017753,8.900001277999763,90.0,90.0,88.11474096439821,1.8852590356017913,0.3383770646394432,1321.7193393153782,1,0,0.04606556839391395,0.3,-0.007688503754470701,0.00390625
1786721749.5248876,8.920001238999703,90.0,90.0,88.13557480354194,1.8644251964580574,0.344238912667681,1319.8435479463421,1,0,0.04555650166946931,0.3,-0.001317589001788281,-0.001953125
1786721749.5417914,8.940000921999854,90.0,90.0,88.13557480354194,1.8644251964580574,0.34678727856875396,1319.0280708579987,1,0,0.04555650166946931,0.3,0.0012307768992846873,-0.001953125
1786721749.5638106,8.960001345999899,90.0,90.0,88.14647163902544,1.8535283609745647,0.347540365009054,1318.7870831971027,1,0,0.045290241749340175,0.3,0.002250123259713875,-0.001953125
1786721749.5833843,8.980001010999786,90.0,90.0,88.14647163902544,1.8535283609745647,0.3497059160532257,1318.0941068629677,1,0,0.045290241749340175,0.3,0.00441567430388555,-0.00390625
1786721749.601332,9.000000304999958,90.0,90.0,88.14647163902544,1.8535283609745647,0.35057213647089436,1317.8169163293137,1,0,0.045290241749340175,0.3,0.00528189472155422,-0.00390625
1786721749.623687,9.02000033999957,90.0,90.0,88.14947190049861,1.8505280995013889,0.34557187692038316,1319.4169993854773,1,0,0.04521693153176146,0.3,0.0003549453886216883,0.001953125
1786721749.6414852,9.040000485999826,90.0,90.0,88.14947190049861,1.8505280995013889,0.34360109718721016,1320.0476489000928,1,0,0.04521693153176146,0.3,-0.0016158343445513246,0.001953125
1786721749.6631818,9.060000632999618,90.0,90.0,88.1671856003374,1.8328143996625954,0.3423799579550852,1320.4384134543727,1,0,0.04478410419290575,0.3,-0.00240414623782053,0.001953125
1786721749.6823208,9.080000259999906,90.0,90.0,88.1671856003374,1.8328143996625954,0.3367911956977775,1322.226817376711,1,0,0.04478410419290575,0.3,-0.007992908495128213,0.0078125
1786721749.7013817,9.100000498999634,90.0,90.0,88.1671856003374,1.8328143996625954,0.3345556907948544,1322.9421789456467,1,0,0.04478410419290575,0.3,-0.010228413398051285,0.0078125
1786721749.7227092,9.120000459999574,90.0,90.0,88.19606024165955,1.803939758340448,0.3382293857477198,1321.7665965607296,1,0,0.04407856360694032,0.3,-0.005849177859220513,0.001953125
1786721749.7412953,9.14000062499963,90.0,90.0,88.19606024165955,1.803939758340448,0.3399810799632521,1321.2060544117594,1,0,0.04407856360694032,0.3,-0.004097483643688206,0.001953125
1786721749.7619486,9.16000056699977,90.0,90.0,88.20899299645464,1.79100700354536,0.34036575083592674,1321.0829597325035,1,0,0.043762556793402,0.3,-0.0033968059574752824,0.001953125
1786721749.7824378,9.180000453999583,90.0,90.0,88.20899299645464,1.79100700354536,0.33888820941041187,1321.5557729886682,1,0,0.043762556793402,0.3,-0.004874347382990113,0.00390625
1786721749.8013,9.200000303999786,90.0,90.0,88.20899299645464,1.79100700354536,0.338297192840206,1321.7448982911342,1,0,0.043762556793402,0.3,-0.0054653639531960455,0.00390625
1786721749.8227043,9.220000356999662,90.0,90.0,88.21677379942616,1.7832262005738357,0.34314410282970065,1320.1938870944957,1,0,0.04357243591097912,0.3,-0.0004283330812784184,-0.001953125
1786721749.8413117,9.240000336999856,90.0,90.0,88.21677379942616,1.7832262005738357,0.3451589151784677,1319.5491471428904,1,0,0.04357243591097912,0.3,0.0015864792674886328,-0.001953125
1786721749.8624082,9.260000371999922,90.0,90.0,88.22370907162974,1.7762909283702584,0.3457953794497103,1319.3454785760928,1,0,0.043402975242714865,0.3,0.002392404206995453,-0.001953125
1786721749.8822658,9.280000277,90.0,90.0,88.22370907162974,1.7762909283702584,0.34435993692551303,1319.8048201838358,1,0,0.043402975242714865,0.3,0.0009569616827981814,0.0
1786721749.9012976,9.300000256999738,90.0,90.0,88.22370907162974,1.7762909283702584,0.3437857599158341,1319.988556826933,1,0,0.043402975242714865,0.3,0.00038278467311927256,0.0
1786721749.9227028,9.320000402999995,90.0,90.0,88.2276717922204,1.7723282077795943,0.34170144908166145,1320.6555362938684,1,0,0.043306147712413735,0.3,-0.0016046986307522908,0.001953125
1786721749.9413638,9.340000363999934,90.0,90.0,88.2276717922204,1.7723282077795943,0.3409064557601128,1320.909934156764,1,0,0.043306147712413735,0.3,-0.0023996919523009163,0.001953125
1786721749.9625275,9.360000861999652,90.0,90.0,88.24156785871315,1.7584321412868462,0.34024891347276903,1321.120347688714,1,0,0.042966602753689416,0.3,-0.0027176892809203665,0.001953125
1786721749.9827569,9.380000581999866,90.0,90.0,88.24156785871315,1.7584321412868462,0.3383639020413213,1321.7235513467772,1,0,0.042966602753689416,0.3,-0.004602700712368147,0.00390625
1786721750.0012894,9.40000044999988,90.0,90.0,88.24156785871315,1.7584321412868462,0.33760989746874215,1321.9648328100025,1,0,0.042966602753689416,0.3,-0.005356705284947258,0.00390625
1786721750.022743,9.420000299999629,90.0,90.0,88.25558099096042,1.744419009039575,0.3404815152249853,1321.0459151280047,1,0,0.042624197338964234,0.3,-0.0021426821139789035,0.0
1786721750.040609,9.440000391000012,90.0,90.0,88.25558099096042,1.744419009039575,0.34176712449337265,1320.6345201621207,1,0,0.042624197338964234,0.3,-0.0008570728455915614,0.0
1786721750.0623283,9.460000369999761,90.0,90.0,88.2585783767729,1.7414216232270974,0.34220812824879515,1320.4933989603855,1,0,0.04255095738703181,0.3,-0.0003428291382366246,0.0
1786721750.0822878,9.480000293999638,90.0,90.0,88.2585783767729,1.7414216232270974,0.34417163823173713,1319.865075765844,1,0,0.04255095738703181,0.3,0.0016206808447053501,-0.001953125
1786721750.1012826,9.50000029199964,90.0,90.0,88.2585783767729,1.7414216232270974,0.3449570422249139,1319.6137464880276,1,0,0.04255095738703181,0.3,0.0024060848378821397,-0.001953125
1786721750.1249807,9.520000845999675,90.0,90.0,88.26239818877099,1.7376018112290126,0.34517786820754137,1319.5430821735868,1,0,0.04245762177238854,0.3,0.002720246435152856,-0.001953125
1786721750.1413512,9.540000472999964,90.0,90.0,88.26239818877099,1.7376018112290126,0.34530353284644966,1319.5028694891362,1,0,0.04245762177238854,0.3,0.002845911074061142,-0.001953125
1786721750.1624775,9.56000050900002,90.0,90.0,88.27329642044515,1.7267035795548509,0.34508750466651006,1319.5719985067167,1,0,0.04219132773688559,0.3,0.0028961769296244567,-0.001953125
1786721750.182546,9.580000506999568,90.0,90.0,88.27329642044515,1.7267035795548509,0.3398341735087354,1321.2530644772046,1,0,0.04219132773688559,0.3,-0.0023571542281502172,0.00390625
1786721750.2013113,9.600000744999761,90.0,90.0,88.27329642044515,1.7267035795548509,0.3377328410456255,1321.9254908653998,1,0,0.04219132773688559,0.3,-0.004458486691260087,0.00390625
1786721750.2227187,9.620000298999912,90.0,90.0,88.28719153418149,1.7128084658185116,0.3400684113818881,1321.1781083577957,1,0,0.041851806058392095,0.3,-0.0017833946765040349,0.0
1786721750.241296,9.640000388999852,90.0,90.0,88.28719153418149,1.7128084658185116,0.3411384481877905,1320.835696579907,1,0,0.041851806058392095,0.3,-0.000713357870601614,0.0
1786721750.2624147,9.660000442999717,90.0,90.0,88.29115588529396,1.7088441147060394,0.3414695955386866,1320.7297294276202,1,0,0.041754938686927257,0.3,-0.0002853431482406456,0.0
1786721750.282306,9.680000736999773,90.0,90.0,88.29115588529396,1.7088441147060394,0.33988298892763097,1321.2374435431582,1,0,0.041754938686927257,0.3,-0.0018719497592962582,0.001953125
1786721750.3012996,9.700000364999596,90.0,90.0,88.29115588529396,1.7088441147060394,0.33924834628320877,1321.4405291893731,1,0,0.041754938686927257,0.3,-0.0025065924037185033,0.001953125
1786721750.323302,9.72000032599999,90.0,90.0,88.30108624164222,1.6989137583577758,0.3405096573455969,1321.036909649409,1,0,0.04151229430708433,0.3,-0.0010026369614874013,0.0
1786721750.3412716,9.740000490999591,90.0,90.0,88.30108624164222,1.6989137583577758,0.34111123952248934,1320.8444033528035,1,0,0.04151229430708433,0.3,-0.0004010547845949605,0.0
1786721750.3616815,9.760000691999721,90.0,90.0,88.30505091843287,1.694949081567131,0.3412549970639625,1320.798400939532,1,0,0.04141541897780052,0.3,-0.0001604219138379842,0.0
1786721750.3816824,9.780000393999671,90.0,90.0,88.30505091843287,1.694949081567131,0.3395934377122653,1321.330099932075,1,0,0.04141541897780052,0.3,-0.0018219812655351935,0.001953125
1786721750.4013352,9.800000335999812,90.0,90.0,88.30505091843287,1.694949081567131,0.3389288139715864,1321.5427795290923,1,0,0.04141541897780052,0.3,-0.0024866050062140772,0.001953125
1786721750.4232016,9.820000389999677,90.0,90.0,88.31201182102734,1.6879881789726596,0.3384928775384571,1321.6822791876937,1,0,0.04124533204094271,0.3,-0.002752454502485631,0.001953125
1786721750.4412897,9.840000276999945,90.0,90.0,88.31201182102734,1.6879881789726596,0.3383865377399485,1321.7163079232164,1,0,0.04124533204094271,0.3,-0.0028587943009942525,0.001953125
1786721750.4626389,9.860000496999874,90.0,90.0,88.3189727549481,1.681027245051894,0.33817391411824144,1321.7843474821627,1,0,0.04107524433863914,0.3,-0.002901330220397701,0.001953125
1786721750.4825404,9.88000029099976,90.0,90.0,88.3189727549481,1.681027245051894,0.33991471225048003,1321.2272920798464,1,0,0.04107524433863914,0.3,-0.0011605320881590804,0.0
1786721750.5013669,9.900000640999679,90.0,90.0,88.3189727549481,1.681027245051894,0.34061103150337546,1321.0044699189198,1,0,0.04107524433863914,0.3,-0.0004642128352636322,0.0
1786721750.5230694,9.920000416999756,90.0,90.0,88.32590627508159,1.6740937249184071,0.34072014134741796,1320.9695547688261,1,0,0.04090582648152342,0.3,-0.00018568513410545292,0.0
1786721750.5406048,9.940000470999621,90.0,90.0,88.32590627508159,1.6740937249184071,0.3408315524278812,1320.933903223078,1,0,0.04090582648152342,0.3,-7.427405364218117e-05,0.0
1786721750.5616949,9.960000671999751,90.0,90.0,88.32602304921869,1.6739769507813094,0.3408732635296236,1320.9205556705206,1,0,0.04090297315108048,0.3,-2.970962145687247e-05,0.0
1786721750.5820773,9.980000466999627,90.0,90.0,88.32602304921869,1.6739769507813094,0.34089108930249773,1320.9148514232006,1,0,0.04090297315108048,0.3,-1.1883848582748989e-05,0.0
1786721750.601313,10.000000667999757,90.0,90.0,88.32602304921869,1.6739769507813094,0.3408982196116474,1320.9125697242728,1,0,0.04090297315108048,0.3,-4.7535394330995955e-06,0.0
1786721750.623163,10.02000038899996,90.0,90.0,88.33680552236768,1.6631944776323166,0.34063760621416633,1320.9959660114669,1,0,0.04063950762993955,0.3,-1.9014157732398383e-06,0.0
1786721750.6415071,10.040000756999689,90.0,90.0,88.33680552236768,1.6631944776323166,0.34063874706363023,1320.9956009396383,1,0,0.04063950762993955,0.3,-7.605663092959354e-07,0.0
1786721750.6617956,10.060000365999713,90.0,90.0,88.33666158089972,1.6633384191002847,0.3406427205569805,1320.9943294217662,1,0,0.04064302478350422,0.3,-3.0422652371837415e-07,0.0
1786721750.681713,10.08000038299997,90.0,90.0,88.33666158089972,1.6633384191002847,0.34240071559289476,1320.4317710102737,1,0,0.04064302478350422,0.3,0.0017576908093905126,-0.001953125
1786721750.7013195,10.100000509999973,90.0,90.0,88.33666158089972,1.6633384191002847,0.34310391360726045,1320.2067476456766,1,0,0.04064302478350422,0.3,0.0024608888237562052,-0.001953125
1786721750.7232916,10.120000396999785,90.0,90.0,88.33366648036156,1.6663335196384423,0.34345837692515346,1320.093319383951,1,0,0.040716208895650974,0.3,0.002742168029502482,-0.001953125
1786721750.7413116,10.140000394999788,90.0,90.0,88.33366648036156,1.6663335196384423,0.34357088860745194,1320.0573156456153,1,0,0.040716208895650974,0.3,0.002854679711800993,-0.001953125
1786721750.7617211,10.16000063399997,90.0,90.0,88.33963021575948,1.6603697842405156,0.34347017173459515,1320.0895450449295,1,0,0.04057048734987479,0.3,0.0028996843847203975,-0.001953125
1786721750.781763,10.180000538999593,90.0,90.0,88.33963021575948,1.6603697842405156,0.3417303611037629,1320.6462844467958,1,0,0.04057048734987479,0.3,0.001159873753888159,0.0
1786721750.801323,10.200000647999786,90.0,90.0,88.33963021575948,1.6603697842405156,0.34103443685143003,1320.8689802075423,1,0,0.04057048734987479,0.3,0.00046394950155526364,0.0
1786721750.8233688,10.220000405999599,90.0,90.0,88.3406004359365,1.6593995640635057,0.33897454769931556,1321.528144736219,1,0,0.040546780398693444,0.3,-0.0015722326993778944,0.001953125
1786721750.8413143,10.240000273999613,90.0,90.0,88.3406004359365,1.6593995640635057,0.3381600748189423,1321.7887760579385,1,0,0.040546780398693444,0.3,-0.002386705579751158,0.001953125
1786721750.8627,10.260000530999605,90.0,90.0,88.34371164583524,1.656288354164758,0.3377582644677577,1321.9173553703176,1,0,0.040470759199658146,0.3,-0.002712494731900463,0.001953125
1786721750.8825667,10.280000732999724,90.0,90.0,88.34371164583524,1.656288354164758,0.33938576130689796,1321.3965563817926,1,0,0.040470759199658146,0.3,-0.0010849978927601853,0.0
1786721750.901341,10.30000039799961,90.0,90.0,88.34371164583524,1.656288354164758,0.34003676004255406,1321.1882367863827,1,0,0.040470759199658146,0.3,-0.0004339991571040742,0.0
1786721750.9232554,10.320000284999878,90.0,90.0,88.34356924365511,1.6564307563448892,0.3420584515784839,1320.5412954948852,1,0,0.04047423874132558,0.3,0.0015842128371583704,-0.001953125
1786721750.9413636,10.34000043099968,90.0,90.0,88.34356924365511,1.6564307563448892,0.3428657363761889,1320.2829643596197,1,0,0.04047423874132558,0.3,0.0023914976348633483,-0.001953125
1786721750.9617884,10.360000724999736,90.0,90.0,88.34356924365511,1.6564307563448892,0.3431886502952709,1320.1796319055134,1,0,0.04047423874132558,0.3,0.002714411553945339,-0.001953125
1786721750.9823668,10.380000482000014,90.0,90.0,88.34356924365511,1.6564307563448892,0.34156000336290365,1320.700798923871,1,0,0.04047423874132558,0.3,0.0010857646215781357,0.0
1786721751.0006764,10.400000590999753,90.0,90.0,88.34356924365511,1.6564307563448892,0.3409085445899568,1320.9092657312137,1,0,0.04047423874132558,0.3,0.0004343058486312543,0.0
1786721751.023255,10.420000403999893,90.0,90.0,88.34668012843747,1.6533198715625304,0.33881413532583476,1321.5794766957329,1,0,0.04039822548638229,0.3,-0.001584090160547498,0.001953125
1786721751.040372,10.44000030999996,90.0,90.0,88.34668012843747,1.6533198715625304,0.33800677692216324,1321.8378313849078,1,0,0.04039822548638229,0.3,-0.0023914485642189992,0.001953125
1786721751.0622175,10.460000399999899,90.0,90.0,88.35064513976761,1.6493548602323926,0.33758695005706896,1321.972175981738,1,0,0.04030134198275659,0.3,-0.0027143919256875995,0.001953125
1786721751.082192,10.480000286999712,90.0,90.0,88.35064513976761,1.6493548602323926,0.3392155852124815,1321.451012732006,1,0,0.04030134198275659,0.3,-0.00108575677027504,0.0
1786721751.1006591,10.500000229999841,90.0,90.0,88.35064513976761,1.6493548602323926,0.33986703927464657,1321.242547432113,1,0,0.04030134198275659,0.3,-0.00043430270811001595,0.0
1786721751.1231768,10.520000282999717,90.0,90.0,88.34779246522811,1.6522075347718896,0.34195513738799543,1320.5743560358414,1,0,0.040371045971239444,0.3,0.0015840914167559936,-0.001953125
1786721751.1406138,10.54000028099972,90.0,90.0,88.34779246522811,1.6522075347718896,0.34276249503794187,1320.3160015878586,1,0,0.040371045971239444,0.3,0.0023914490667023974,-0.001953125
1786721751.162186,10.56000024199966,90.0,90.0,88.35064513976761,1.6493548602323926,0.34301573410943753,1320.23496508498,1,0,0.04030134198275659,0.3,0.002714392126680959,-0.001953125
1786721751.182275,10.580000350999853,90.0,90.0,88.35064513976761,1.6493548602323926,0.339629286333429,1321.3186283733028,1,0,0.04030134198275659,0.3,-0.0006720556493276164,0.001953125
1786721751.200634,10.600000367999655,90.0,90.0,88.35064513976761,1.6493548602323926,0.33827470722302555,1321.7520936886317,1,0,0.04030134198275659,0.3,-0.0020266347597310466,0.001953125
1786721751.2231967,10.620000291999986,90.0,90.0,88.35435227987762,1.6456477201223834,0.3394001055578108,1321.3919662215005,1,0,0.040210759461703216,0.3,-0.0008106539038924185,0.0
1786721751.2405915,10.640000400999725,90.0,90.0,88.35435227987762,1.6456477201223834,0.33988649790014624,1321.2363206719533,1,0,0.040210759461703216,0.3,-0.00032426156155696744,0.0
1786721751.262226,10.660000342999865,90.0,90.0,88.35746305916433,1.6425369408356687,0.340005044159882,1321.1983858688377,1,0,0.040134748784504806,0.3,-0.00012970462462278697,0.0
1786721751.282166,10.680000544999984,90.0,90.0,88.35746305916433,1.6425369408356687,0.34008286693465567,1321.17348258091,1,0,0.040134748784504806,0.3,-5.188184984911479e-05,0.0
1786721751.3005576,10.700000283999998,90.0,90.0,88.35746305916433,1.6425369408356687,0.34011399604456516,1321.163521265739,1,0,0.040134748784504806,0.3,-2.0752739939645916e-05,0.0
1786721751.3233366,10.720000373999937,90.0,90.0,88.35757860284014,1.6424213971598647,0.34188143692392725,1320.5979401843433,1,0,0.04013192551990311,0.3,0.0017495114040241414,-0.001953125
1786721751.340595,10.74000039099974,90.0,90.0,88.35757860284014,1.6424213971598647,0.34258954258151275,1320.371346373916,1,0,0.04013192551990311,0.3,0.0024576170616096567,-0.001953125
1786721751.3621554,10.760000388999742,90.0,90.0,88.35050324276438,1.6494967572356245,0.3430456685052676,1320.2253860783144,1,0,0.04030480918062374,0.3,0.0027408593246438626,-0.001953125
1786721751.3822157,10.780000535,90.0,90.0,88.35050324276438,1.6494967572356245,0.3414011529104813,1320.751631068646,1,0,0.04030480918062374,0.3,0.0010963437298575451,0.0
1786721751.4005475,10.800000328999886,90.0,90.0,88.35050324276438,1.6494967572356245,0.3407433466725667,1320.9621290647788,1,0,0.04030480918062374,0.3,0.000438537491943018,0.0
1786721751.4231112,10.820000308999624,90.0,90.0,88.35036217597985,1.6496378240201466,0.33872585858919807,1321.6077252514565,1,0,0.0403082560924209,0.3,-0.0015823975032227926,0.001953125
1786721751.4404836,10.840000510999744,90.0,90.0,88.35036217597985,1.6496378240201466,0.33791748459113174,1321.866404930838,1,0,0.0403082560924209,0.3,-0.002390771501289117,0.001953125
1786721751.4621665,10.860000600999683,90.0,90.0,88.36140211687695,1.6385978831230545,0.33732437834687345,1322.0561989290004,1,0,0.04003849944738914,0.3,-0.002714121100515647,0.001953125
1786721751.4820683,10.880000450999887,90.0,90.0,88.36140211687695,1.6385978831230545,0.33719503850718285,1322.0975876777015,1,0,0.04003849944738914,0.3,-0.0028434609402062587,0.001953125
1786721751.5004084,10.900000394000017,90.0,90.0,88.36140211687695,1.6385978831230545,0.3371433025713066,1322.1141431771819,1,0,0.04003849944738914,0.3,-0.0028951968760825035,0.001953125
1786721751.5229907,10.920000316999904,90.0,90.0,88.36126112484993,1.638738875150068,0.34064167828208275,1320.9946629497335,1,0,0.04004194453251576,0.3,0.0005997337495669984,-0.001953125
1786721751.5401952,10.940000370999769,90.0,90.0,88.36126112484993,1.638738875150068,0.34203965053234253,1320.5473118296504,1,0,0.04004194453251576,0.3,0.0019977059998267993,-0.001953125
1786721751.5619082,10.960000331999709,90.0,90.0,88.35729664948548,1.6427033505145232,0.34269570983996,1320.3373728512129,1,0,0.040138814940029285,0.3,0.00255689489993072,-0.001953125
1786721751.5819178,10.980000607999955,90.0,90.0,88.35729664948548,1.6427033505145232,0.3411615729000016,1320.8282966719994,1,0,0.040138814940029285,0.3,0.001022757959972288,0.0
1786721751.6002562,11.000000457999704,90.0,90.0,88.35729664948548,1.6427033505145232,0.3405479181240182,1321.0246662003142,1,0,0.040138814940029285,0.3,0.00040910318398891527,0.0
1786721751.6230137,11.020000362999781,90.0,90.0,88.35036217597985,1.6496378240201466,0.34047189736601646,1321.0489928428747,1,0,0.0403082560924209,0.3,0.0001636412735955661,0.0
1786721751.6404307,11.040000638999572,90.0,90.0,88.35036217597985,1.6496378240201466,0.3403737126018591,1321.080411967405,1,0,0.0403082560924209,0.3,6.545650943822644e-05,0.0
1786721751.6618028,11.060000506999586,90.0,90.0,88.35430164194554,1.6456983580544602,0.3402381793835761,1321.1237825972557,1,0,0.04021199677980082,0.3,2.6182603775290582e-05,0.0
1786721751.681798,11.08000046799998,90.0,90.0,88.35430164194554,1.6456983580544602,0.3367068448213109,1322.2538096571805,1,0,0.04021199677980082,0.3,-0.0035051519584898836,0.00390625
1786721751.700217,11.100000410999655,90.0,90.0,88.35430164194554,1.6456983580544602,0.33529431099640483,1322.7058204811506,1,0,0.04021199677980082,0.3,-0.004917685783395954,0.00390625
1786721751.7226868,11.120000352999796,90.0,90.0,88.36437114868562,1.6356288513143795,0.3379988780011098,1321.840359039645,1,0,0.03996595231446819,0.3,-0.0019670743133583814,0.0
1786721751.7402003,11.140000295999926,90.0,90.0,88.36437114868562,1.6356288513143795,0.33917912258912486,1321.46268077148,1,0,0.03996595231446819,0.3,-0.0007868297253433526,0.0
1786721751.7616243,11.160000348999802,90.0,90.0,88.36437114868562,1.6356288513143795,0.3396512204243308,1321.3116094642141,1,0,0.03996595231446819,0.3,-0.00031473189013734107,0.0
1786721751.7816622,11.180000624999593,90.0,90.0,88.36437114868562,1.6356288513143795,0.34159787205841324,1320.6886809413077,1,0,0.03996595231446819,0.3,0.0016319197439450634,-0.001953125
1786721751.800233,11.200000492999607,90.0,90.0,88.36437114868562,1.6356288513143795,0.3423765327120462,1320.4395095321452,1,0,0.03996595231446819,0.3,0.002410580397578025,-0.001953125
1786721751.822619,11.220000268999684,90.0,90.0,88.36112096302787,1.6388790369721278,0.3410096014909397,1320.8769275228992,1,0,0.04004536933190851,0.3,0.0009642321590312102,0.0
1786721751.8402414,11.240000488999613,90.0,90.0,88.36112096302787,1.6388790369721278,0.340431062195521,1321.0620600974332,1,0,0.04004536933190851,0.3,0.000385692863612484,0.0
1786721751.8646376,11.260000468999806,90.0,90.0,88.36819546222802,1.631804537771984,0.34178459635179237,1320.6289291674263,1,0,0.03987250670634741,0.3,0.0019120896454449935,-0.001953125
1786721751.8802123,11.280000503999872,90.0,90.0,88.36819546222802,1.631804537771984,0.3423951550645254,1320.4335503793518,1,0,0.03987250670634741,0.3,0.0025226483581779974,-0.001953125
1786721751.9002154,11.300000390999685,90.0,90.0,88.36819546222802,1.631804537771984,0.34263937854961857,1320.355398864122,1,0,0.03987250670634741,0.3,0.002766871843271199,-0.001953125
1786721751.9223886,11.320000315000016,90.0,90.0,88.36807994742111,1.6319200525788915,0.34098207800285735,1320.8857350390856,1,0,0.03987532926554889,0.3,0.0011067487373084797,0.0
1786721751.9402833,11.340000608999617,90.0,90.0,88.36807994742111,1.6319200525788915,0.34031802876047224,1321.098230796649,1,0,0.03987532926554889,0.3,0.00044269949492339194,0.0
1786721751.9618888,11.360000643999683,90.0,90.0,88.36425573262272,1.6357442673772766,0.3401458522588677,1321.1533272771624,1,0,0.039968772460898326,0.3,0.0001770797979693568,0.0
1786721751.981803,11.380000604999623,90.0,90.0,88.36425573262272,1.6357442673772766,0.33652397938008605,1322.3123265983725,1,0,0.039968772460898326,0.3,-0.0034447930808122573,0.00390625
1786721752.0002224,11.400000343999636,90.0,90.0,88.36425573262272,1.6357442673772766,0.3350752302285734,1322.7759263268565,1,0,0.039968772460898326,0.3,-0.004893542232324903,0.00390625
1786721752.0227523,11.42000032299984,90.0,90.0,88.36114527834923,1.6388547216507732,0.3363295458035957,1322.3745453428494,1,0,0.04004477519652567,0.3,-0.0037152293929299616,0.001953125
1786721752.0402014,11.440000357999907,90.0,90.0,88.36114527834923,1.6388547216507732,0.3368008709393537,1322.2237212994069,1,0,0.04004477519652567,0.3,-0.0032439042571719844,0.001953125
1786721752.0617695,11.460000300999582,90.0,90.0,88.3641394864186,1.635860513581406,0.3369162386886365,1322.1868036196363,1,0,0.039971612891505325,0.3,-0.0030553742028687934,0.001953125
1786721752.0817428,11.480000279999786,90.0,90.0,88.3641394864186,1.635860513581406,0.33874946321035776,1321.6001717726856,1,0,0.039971612891505325,0.3,-0.0012221496811475176,0.0
1786721752.1001868,11.500000277999789,90.0,90.0,88.3641394864186,1.635860513581406,0.3394827530190463,1321.3655190339052,1,0,0.039971612891505325,0.3,-0.0004888598724590071,0.0
1786721752.1227632,11.520000257999982,90.0,90.0,88.36114527834923,1.6388547216507732,0.33984923124754207,1321.2482460007866,1,0,0.04004477519652567,0.3,-0.00019554394898360284,0.0
1786721752.1402814,11.540000699999837,90.0,90.0,88.36114527834923,1.6388547216507732,0.33996655761693223,1321.2107015625816,1,0,0.04004477519652567,0.3,-7.821757959344114e-05,0.0
1786721752.1617093,11.560000420999586,90.0,90.0,88.36114527834923,1.6388547216507732,0.3400134881646883,1321.1956837872997,1,0,0.04004477519652567,0.3,-3.128703183737646e-05,0.0
1786721752.181722,11.58000039999979,90.0,90.0,88.36114527834923,1.6388547216507732,0.3417900728837907,1320.627176677187,1,0,0.04004477519652567,0.3,0.0017452976872650494,-0.001953125
1786721752.200199,11.600000434999856,90.0,90.0,88.36114527834923,1.6388547216507732,0.3425007067714317,1320.3997738331418,1,0,0.04004477519652567,0.3,0.0024559315749060197,-0.001953125
1786721752.2226186,11.620000284999605,90.0,90.0,88.3641394864186,1.635860513581406,0.3409539855214677,1320.8947246331304,1,0,0.039971612891505325,0.3,0.000982372629962408,0.0
1786721752.2401786,11.640000319999672,90.0,90.0,88.3641394864186,1.635860513581406,0.34036456194349024,1321.083340178083,1,0,0.039971612891505325,0.3,0.0003929490519849632,0.0
1786721752.261799,11.660000299999865,90.0,90.0,88.36114527834923,1.6388547216507732,0.34020195481731963,1321.1353744584576,1,0,0.04004477519652567,0.3,0.00015717962079398528,0.0
1786721752.2814772,11.680000389999805,90.0,90.0,88.36114527834923,1.6388547216507732,0.34186545954484326,1320.6030529456502,1,0,0.04004477519652567,0.3,0.0018206843483175939,-0.001953125
1786721752.3001828,11.700000332999934,90.0,90.0,88.36114527834923,1.6388547216507732,0.3425308614358527,1320.390124340527,1,0,0.04004477519652567,0.3,0.0024860862393270376,-0.001953125
1786721752.3225214,11.72000027499962,90.0,90.0,88.36485271766196,1.635147282338039,0.3409486198603014,1320.8964416447036,1,0,0.039954185364570544,0.3,0.000994434495730815,0.0
1786721752.3401747,11.740000383999813,90.0,90.0,88.36485271766196,1.635147282338039,0.34035195916286287,1321.0873730678838,1,0,0.039954185364570544,0.3,0.0003977737982923261,0.0
1786721752.36141,11.760000364000007,90.0,90.0,88.36807994742111,1.6319200525788915,0.3400344387848658,1321.188979588843,1,0,0.03987532926554889,0.3,0.00015910951931693044,0.0
1786721752.381358,11.78000036200001,90.0,90.0,88.36807994742111,1.6319200525788915,0.33993897307327564,1321.2195286165518,1,0,0.03987532926554889,0.3,6.364380772677219e-05,0.0
1786721752.4001946,11.800000340999759,90.0,90.0,88.36807994742111,1.6319200525788915,0.33990078678863955,1321.2317482276353,1,0,0.03987532926554889,0.3,2.5457523090708875e-05,0.0
1786721752.4223084,11.820000283999889,90.0,90.0,88.36796360244432,1.6320363975556802,0.3381305426188635,1321.7982263619638,1,0,0.039878172109627255,0.3,-0.0017476294907637162,0.001953125
1786721752.4401948,11.840000336999765,90.0,90.0,88.36796360244432,1.6320363975556802,0.33742130781332175,1322.025181499737,1,0,0.039878172109627255,0.3,-0.0024568642963054867,0.001953125
1786721752.4614482,11.860000816999673,90.0,90.0,88.36782353731718,1.6321764626828212,0.3371410363277952,1322.1148683751055,1,0,0.03988159454631742,0.3,-0.002740558218522195,0.001953125
1786721752.4812367,11.880000499999824,90.0,90.0,88.36782353731718,1.6321764626828212,0.3370275587589085,1322.1511811971493,1,0,0.03988159454631742,0.3,-0.0028540357874088777,0.001953125
1786721752.5002372,11.9000004239997,90.0,90.0,88.36782353731718,1.6321764626828212,0.33698216773135387,1322.1657063259668,1,0,0.03988159454631742,0.3,-0.002899426814963551,0.001953125
1786721752.5222874,11.920000291999713,90.0,90.0,88.37167084411954,1.628329155880465,0.3386278163808823,1321.6390987581176,1,0,0.039787587106867736,0.3,-0.0011597707259854205,0.0
1786721752.5402007,11.94000032699978,90.0,90.0,88.37167084411954,1.628329155880465,0.3393236788164736,1321.4164227787285,1,0,0.039787587106867736,0.3,-0.0004639082903941682,0.0
1786721752.5612504,11.960000565999962,90.0,90.0,88.37083973731393,1.6291602626860708,0.33962233156098104,1321.320853900486,1,0,0.03980789487713871,0.3,-0.0001855633161576673,0.0
1786721752.5812836,11.980000563999965,90.0,90.0,88.37083973731393,1.6291602626860708,0.33973366955067563,1321.2852257437837,1,0,0.03980789487713871,0.3,-7.422532646306692e-05,0.0
1786721752.600291,12.000000543999704,90.0,90.0,88.37083973731393,1.6291602626860708,0.33977820474655346,1321.270974481103,1,0,0.03980789487713871,0.3,-2.969013058522677e-05,0.0
1786721752.6223595,12.020000374999654,90.0,90.0,88.36473511192804,1.6352648880719585,0.339945182962523,1321.2175414519927,1,0,0.03995705901475711,0.3,-1.1876052234090706e-05,0.0
1786721752.6404219,12.040000761999636,90.0,90.0,88.36473511192804,1.6352648880719585,0.33995230859386344,1321.2152612499638,1,0,0.03995705901475711,0.3,-4.750420893636283e-06,0.0
1786721752.6613436,12.060000333999596,90.0,90.0,88.36390450355691,1.6360954964430903,0.3399754544376189,1321.207854579962,1,0,0.03997735460597634,0.3,-1.9001683574545136e-06,0.0
1786721752.6811943,12.080000405999726,90.0,90.0,88.36390450355691,1.6360954964430903,0.33821878203863337,1321.7699897476373,1,0,0.03997735460597634,0.3,-0.0017585725673429818,0.001953125
1786721752.7002048,12.10000027499973,90.0,90.0,88.36390450355691,1.6360954964430903,0.3375161130790391,1321.9948438147076,1,0,0.03997735460597634,0.3,-0.0024612415269371925,0.001953125
1786721752.7222598,12.12000047599986,90.0,90.0,88.37494648318284,1.625053516817161,0.3369652390346266,1322.1711235089194,1,0,0.0397075481454015,0.3,-0.002742309110774877,0.001953125
1786721752.7401946,12.140000473999862,90.0,90.0,88.37494648318284,1.625053516817161,0.3368528120010915,1322.2071001596507,1,0,0.0397075481454015,0.3,-0.0028547361443099512,0.001953125
1786721752.762918,12.160000397999738,90.0,90.0,88.37480485413971,1.6251951458602891,0.34032692683804416,1321.0953834118259,1,0,0.039711008795768145,0.3,0.0006159180422760194,-0.001953125
1786721752.780305,12.180000488999667,90.0,90.0,88.37480485413971,1.6251951458602891,0.34171518851267857,1320.6511396759429,1,0,0.039711008795768145,0.3,0.002004179716910408,-0.001953125
1786721752.800201,12.200000412999998,90.0,90.0,88.37480485413971,1.6251951458602891,0.34227049318253233,1320.4734421815897,1,0,0.039711008795768145,0.3,0.002559484386764163,-0.001953125
1786721752.822266,12.22000031799962,90.0,90.0,88.37877040157758,1.621229598422417,0.34063790594726495,1320.9958700968753,1,0,0.0396141121925593,0.3,0.0010237937547056652,0.0
1786721752.8401816,12.240000279000014,90.0,90.0,88.37877040157758,1.621229598422417,0.34002362969444155,1321.1924384977788,1,0,0.0396141121925593,0.3,0.0004095175018822661,0.0
1786721752.8622239,12.260000313999626,90.0,90.0,88.38162198363614,1.618378016363863,0.3397082418991746,1321.2933625922642,1,0,0.03954443489842171,0.3,0.00016380700075290644,0.0
1786721752.8801827,12.28000027500002,90.0,90.0,88.38162198363614,1.618378016363863,0.3396099576987228,1321.3248135364088,1,0,0.03954443489842171,0.3,6.552280030116258e-05,0.0
1786721752.900195,12.300000403000013,90.0,90.0,88.38162198363614,1.618378016363863,0.33957064401854214,1321.3373939140665,1,0,0.03954443489842171,0.3,2.6209120120465033e-05,0.0
1786721752.9229217,12.320000344999698,90.0,90.0,88.38544660215587,1.6145533978441335,0.337703652986347,1321.9348310443688,1,0,0.039450981838298864,0.3,-0.001747328851951814,0.001953125
1786721752.9402876,12.340000529000008,90.0,90.0,88.38544660215587,1.6145533978441335,0.33699423779751814,1322.1618439047943,1,0,0.039450981838298864,0.3,-0.0024567440407807254,0.001953125
1786721752.9630117,12.36000041599982,90.0,90.0,88.38855738144252,1.611442618557476,0.3401500860447895,1321.1519724656673,1,0,0.03937497116110184,0.3,0.0007751148836877096,-0.001953125
1786721752.9803064,12.380000690999623,90.0,90.0,88.38855738144252,1.611442618557476,0.3414428296145769,1320.7382945233353,1,0,0.03937497116110184,0.3,0.002067858453475084,-0.001953125
1786721753.000211,12.40000033699971,90.0,90.0,88.38855738144252,1.611442618557476,0.34195992704249184,1320.5728233464026,1,0,0.03937497116110184,0.3,0.0025849558813900333,-0.001953125
1786721753.022923,12.420000353999967,90.0,90.0,88.38148148533008,1.6185185146699155,0.34058185027222543,1321.0138079128878,1,0,0.03954786791966943,0.3,0.0010339823525560134,0.0
1786721753.0401819,12.440000314999907,90.0,90.0,88.38148148533008,1.6185185146699155,0.3399614608606918,1321.2123325245786,1,0,0.03954786791966943,0.3,0.0004135929410224054,0.0
1786721753.062905,12.460000256999592,90.0,90.0,88.38148148533008,1.6185185146699155,0.3379554925960784,1321.854242369255,1,0,0.03954786791966943,0.3,-0.001592375323591038,0.001953125
1786721753.0802023,12.480000366999775,90.0,90.0,88.38148148533008,1.6185185146699155,0.33715310529023296,1322.1110063071255,1,0,0.03954786791966943,0.3,-0.0023947626294364152,0.001953125
1786721753.100201,12.500000382999588,90.0,90.0,88.38148148533008,1.6185185146699155,0.3368321503678948,1322.2137118822736,1,0,0.03954786791966943,0.3,-0.002715717551774566,0.001953125
1786721753.1229074,12.520000362999781,90.0,90.0,88.38841738816654,1.6115826118334553,0.33653429232142706,1322.3090264571433,1,0,0.039378391842136935,0.3,-0.002844099520709826,0.001953125
1786721753.1401825,12.540000267999858,90.0,90.0,88.38841738816654,1.6115826118334553,0.336482939533853,1322.325459349167,1,0,0.039378391842136935,0.3,-0.0028954523082839307,0.001953125
1786721753.1629083,12.560000358999787,90.0,90.0,88.39224280578355,1.6077571942164468,0.33812673833307055,1321.7994437334173,1,0,0.0392849192563841,0.3,-0.0011581809233135723,0.0
1786721753.1802802,12.58000035699979,90.0,90.0,88.39224280578355,1.6077571942164468,0.3388216468870587,1321.5770729961412,1,0,0.0392849192563841,0.3,-0.000463272369325429,0.0
1786721753.2002058,12.600000335999994,90.0,90.0,88.39224280578355,1.6077571942164468,0.33909961030865393,1321.4881247012308,1,0,0.0392849192563841,0.3,-0.0001853089477301716,0.0
1786721753.2229204,12.620000296999933,90.0,90.0,88.38146019381963,1.6185398061803653,0.34298988959032145,1320.2432353310971,1,0,0.039548388169413536,0.3,0.0034415014209079314,-0.00390625
1786721753.240198,12.640000294999936,90.0,90.0,88.38146019381963,1.6185398061803653,0.3444406137377767,1319.7790036039114,1,0,0.039548388169413536,0.3,0.0048922255683631725,-0.00390625
1786721753.2629566,12.660000274999675,90.0,90.0,88.37464196454312,1.625358035456884,0.3416718791668023,1320.6649986666232,1,0,0.0397149889394571,0.3,0.001956890227345269,0.0
1786721753.2802038,12.680000420999932,90.0,90.0,88.37464196454312,1.625358035456884,0.34049774503039515,1321.0407215902735,1,0,0.0397149889394571,0.3,0.0007827560909381078,0.0
1786721753.3012452,12.70000027099968,90.0,90.0,88.37464196454312,1.625358035456884,0.3400280913758323,1321.1910107597337,1,0,0.0397149889394571,0.3,0.0003131024363752431,0.0
1786721753.321171,12.720000286999948,90.0,90.0,88.38159965753744,1.6184003424625644,0.33791240890247587,1321.8680291512078,1,0,0.03954498042792576,0.3,-0.0016325715254499025,0.001953125
1786721753.3401847,12.74000041499994,90.0,90.0,88.38159965753744,1.6184003424625644,0.3371341393177458,1322.1170754183213,1,0,0.03954498042792576,0.3,-0.002410841110179961,0.001953125
1786721753.3629258,12.760000468999806,90.0,90.0,88.38459237011244,1.6154076298875566,0.3385075182206541,1321.6775941693907,1,0,0.03947185466472614,0.3,-0.0009643364440719846,0.0
1786721753.3802578,12.780000392999682,90.0,90.0,88.38459237011244,1.6154076298875566,0.3390861200870973,1321.4924415721289,1,0,0.03947185466472614,0.3,-0.00038573457762879385,0.0
1786721753.40125,12.800000390999685,90.0,90.0,88.38159965753744,1.6184003424625644,0.3393906865968742,1321.3949802890002,1,0,0.03954498042792576,0.3,-0.00015429383105151757,0.0
1786721753.422849,12.82000068499974,90.0,90.0,88.38159965753744,1.6184003424625644,0.34124107539550513,1320.8028558734384,1,0,0.03954498042792576,0.3,0.001696094967579393,-0.001953125
1786721753.440229,12.840000404999955,90.0,90.0,88.38159965753744,1.6184003424625644,0.3419812309149575,1320.5660061072135,1,0,0.03954498042792576,0.3,0.002436250487031757,-0.001953125
1786721753.4631553,12.860000624999884,90.0,90.0,88.36374190217543,1.636258097824566,0.3427136404020541,1320.3316350713426,1,0,0.0399813277072414,0.3,0.002732312694812703,-0.001953125
1786721753.4802773,12.880000271999961,90.0,90.0,88.36374190217543,1.636258097824566,0.34283206528516647,1320.2937391087466,1,0,0.0399813277072414,0.3,0.0028507375779250814,-0.001953125
1786721753.5013456,12.900000398999964,90.0,90.0,88.36077032028965,1.6392296797103543,0.3429520446814709,1320.2553457019294,1,0,0.040053937150300874,0.3,0.0028981075311700325,-0.001953125
1786721753.5219028,12.92000032299984,90.0,90.0,88.36077032028965,1.6392296797103543,0.34121318016276886,1320.811782347914,1,0,0.040053937150300874,0.3,0.001159243012468013,0.0
1786721753.5402243,12.94000039499997,90.0,90.0,88.36077032028965,1.6392296797103543,0.34051763435528803,1321.0343570063078,1,0,0.040053937150300874,0.3,0.00046369720498720527,0.0
1786721753.5629218,12.96000035599991,90.0,90.0,88.3638817410444,1.6361182589556051,0.3384055771810764,1321.7102153020555,1,0,0.039977910799081515,0.3,-0.001572333618005118,0.001953125
1786721753.5802894,12.980000539999764,90.0,90.0,88.3638817410444,1.6361182589556051,0.33759116485187946,1321.9708272473986,1,0,0.039977910799081515,0.3,-0.002386745947202047,0.001953125
1786721753.601308,13.000000277999789,90.0,90.0,88.36770615787361,1.6322938421263873,0.3371719517883067,1322.104975427742,1,0,0.039884462667187565,0.3,-0.002712510878880819,0.001953125
1786721753.6218796,13.02000029499959,90.0,90.0,88.36770615787361,1.6322938421263873,0.33704164581563517,1322.1466733389968,1,0,0.039884462667187565,0.3,-0.0028428168515523275,0.001953125
1786721753.640441,13.040000570999837,90.0,90.0,88.36770615787361,1.6322938421263873,0.3369895234265666,1322.1633525034986,1,0,0.039884462667187565,0.3,-0.002894939240620931,0.001953125
1786721753.6629844,13.060000253999988,90.0,90.0,88.36770615787361,1.6322938421263873,0.33872648697093916,1321.6075241692995,1,0,0.039884462667187565,0.3,-0.0011579756962483724,0.0
1786721753.6801944,13.08000039999979,90.0,90.0,88.36770615787361,1.6322938421263873,0.3394212723886882,1321.3851928356198,1,0,0.039884462667187565,0.3,-0.000463190278499349,0.0
1786721753.7015002,13.100000638999973,90.0,90.0,88.36063037609927,1.639369623900734,0.33987208052054874,1321.2409342334245,1,0,0.04005735663194851,0.3,-0.00018527611139973962,0.0
1786721753.7219682,13.120000580999658,90.0,90.0,88.36063037609927,1.639369623900734,0.3417410586873886,1320.6428612200357,1,0,0.04005735663194851,0.3,0.001683702055440104,-0.001953125
1786721753.7409298,13.140000430999862,90.0,90.0,88.36063037609927,1.639369623900734,0.34248864995412454,1320.4036320146802,1,0,0.04005735663194851,0.3,0.0024312933221760412,-0.001953125
1786721753.7629952,13.160000354999738,90.0,90.0,88.36063037609927,1.639369623900734,0.3410298739608189,1320.870440332538,1,0,0.04005735663194851,0.3,0.0009725173288704166,0.0
1786721753.780958,13.180000445999667,90.0,90.0,88.36063037609927,1.639369623900734,0.3404463635634966,1321.057163659681,1,0,0.04005735663194851,0.3,0.00038900693154816663,0.0
1786721753.8013005,13.200000258999808,90.0,90.0,88.36077032028965,1.6392296797103543,0.34020953992292013,1321.1329472246655,1,0,0.040053937150300874,0.3,0.00015560277261926665,0.0
1786721753.8218923,13.22000025699981,90.0,90.0,88.36077032028965,1.6392296797103543,0.34187399075934854,1320.6003229570085,1,0,0.040053937150300874,0.3,0.0018200536090477067,-0.001953125
1786721753.8415995,13.240000309999687,90.0,90.0,88.36077032028965,1.6392296797103543,0.3425397710939199,1320.3872732499456,1,0,0.040053937150300874,0.3,0.002485833943619083,-0.001953125
1786721753.8636336,13.260000400999616,90.0,90.0,88.36077032028965,1.6392296797103543,0.3445638957277485,1319.7395533671206,1,0,0.040053937150300874,0.3,0.004509958577447633,-0.00390625
1786721753.8815384,13.280000305999693,90.0,90.0,88.36077032028965,1.6392296797103543,0.3453735455812799,1319.4804654139905,1,0,0.040053937150300874,0.3,0.005319608430979054,-0.00390625
1786721753.9019098,13.300000360000013,90.0,90.0,88.35682786054508,1.6431721394549186,0.3457937379871304,1319.3460038441183,1,0,0.04015026961473885,0.3,0.0056434683723916215,-0.00390625
1786721753.922436,13.320000394999624,90.0,90.0,88.35682786054508,1.6431721394549186,0.3388920319636955,1321.5545497716175,1,0,0.04015026961473885,0.3,-0.0012582376510433511,0.00390625
1786721753.9414804,13.340000392999627,90.0,90.0,88.35682786054508,1.6431721394549186,0.3361313495543215,1322.4379681426171,1,0,0.04015026961473885,0.3,-0.00401892006041734,0.00390625
1786721753.9635103,13.36000026099964,90.0,90.0,88.36079275754366,1.6392072424563366,0.3402036333805931,1321.1348373182102,1,0,0.040053388904760075,0.3,0.00015024447583306382,-0.001953125
1786721753.9813735,13.38000046299976,90.0,90.0,88.36079275754366,1.6392072424563366,0.3418712991950933,1320.6011842575701,1,0,0.040053388904760075,0.3,0.0018179102903332254,-0.001953125
1786721754.0026858,13.40000040599989,90.0,90.0,88.36079275754366,1.6392072424563366,0.34253836552089334,1320.3877230333142,1,0,0.040053388904760075,0.3,0.00248497661613329,-0.001953125
1786721754.022267,13.420000440999956,90.0,90.0,88.36079275754366,1.6392072424563366,0.3410473795512134,1320.8648385436118,1,0,0.040053388904760075,0.3,0.0009939906464533162,0.0
1786721754.040898,13.440000345999579,90.0,90.0,88.36079275754366,1.6392072424563366,0.3404509851633414,1321.0556847477308,1,0,0.040053388904760075,0.3,0.00039759625858132644,0.0
1786721754.0633106,13.460000380999645,90.0,90.0,88.3569692386614,1.6430307613385935,0.34206366609910316,1320.539626848287,1,0,0.040146815095670654,0.3,0.0019168510034325305,-0.001953125
1786721754.0813227,13.480000360999838,90.0,90.0,88.3569692386614,1.6430307613385935,0.3426713679970436,1320.3451622409461,1,0,0.040146815095670654,0.3,0.002524552901373012,-0.001953125
1786721754.1012924,13.500000339999588,90.0,90.0,88.35685017006182,1.6431498299381815,0.3429173581509578,1320.2664453916934,1,0,0.04014972449040862,0.3,0.002767633660549205,-0.001953125
1786721754.1222708,13.520000374999654,90.0,90.0,88.35685017006182,1.6431498299381815,0.3447724029546283,1319.672831054519,1,0,0.04014972449040862,0.3,0.004622678464219682,-0.00390625
1786721754.1413708,13.540000632999636,90.0,90.0,88.35685017006182,1.6431498299381815,0.34551442087609646,1319.4353853196492,1,0,0.04014972449040862,0.3,0.005364696385687873,-0.00390625
1786721754.163376,13.560000259999924,90.0,90.0,88.34989205959948,1.6501079404005168,0.3389499967568831,1321.5360010377974,1,0,0.04031974320260792,0.3,-0.0013697464457248505,0.00390625
1786721754.1813476,13.580000368999663,90.0,90.0,88.34989205959948,1.6501079404005168,0.336256219624318,1322.3980097202182,1,0,0.04031974320260792,0.3,-0.0040635235782899405,0.00390625
1786721754.202694,13.600000366999666,90.0,90.0,88.3569692386614,1.6430307613385935,0.33500578066435466,1322.7981501874065,1,0,0.040146815095670654,0.3,-0.005141034431315975,0.00390625
1786721754.2223203,13.620000290999997,90.0,90.0,88.3569692386614,1.6430307613385935,0.33633258882314426,1322.3735715765938,1,0,0.040146815095670654,0.3,-0.0038142262725263908,0.001953125
1786721754.241293,13.640000251999936,90.0,90.0,88.3569692386614,1.6430307613385935,0.3368633120866601,1322.2037401322686,1,0,0.040146815095670654,0.3,-0.0032835030090105563,0.001953125
1786721754.2634244,13.660000305999802,90.0,90.0,88.36093456638207,1.6390654336179296,0.3422521476575618,1320.4793127495802,1,0,0.040049923861165994,0.3,0.002202223796395777,-0.00390625
1786721754.2813349,13.680000414999995,90.0,90.0,88.36093456638207,1.6390654336179296,0.34444643837972433,1319.7771397184883,1,0,0.040049923861165994,0.3,0.004396514518558311,-0.00390625
1786721754.301936,13.700000375999934,90.0,90.0,88.36093456638207,1.6390654336179296,0.34532415466858934,1319.4962705060514,1,0,0.040049923861165994,0.3,0.005274230807423324,-0.00390625
1786721754.323953,13.720000466999863,90.0,90.0,88.36093456638207,1.6390654336179296,0.34391742868413533,1319.9464228210768,1,0,0.040049923861165994,0.3,0.00386750482296933,-0.001953125
1786721754.3413339,13.740000280000004,90.0,90.0,88.36093456638207,1.6390654336179296,0.34335473829035373,1320.1264837470867,1,0,0.040049923861165994,0.3,0.0033048144291877323,-0.001953125
1786721754.363339,13.760000314999616,90.0,90.0,88.35385706192619,1.6461429380738084,0.3397869731906526,1321.2681685789912,1,0,0.040222859918977505,0.3,-0.00043588672832490697,0.001953125
1786721754.3813765,13.780000497999936,90.0,90.0,88.35385706192619,1.6461429380738084,0.33829069272764756,1321.7469783271529,1,0,0.040222859918977505,0.3,-0.0019321671913299625,0.001953125
1786721754.4034529,13.800000439999621,90.0,90.0,88.3640462069639,1.6359537930360943,0.3374432127620256,1322.018171916152,1,0,0.039973892138557614,0.3,-0.002530679376531985,0.001953125
1786721754.422261,13.820000345999688,90.0,90.0,88.3640462069639,1.6359537930360943,0.3372038078879448,1322.0947814758576,1,0,0.039973892138557614,0.3,-0.0027700842506127943,0.001953125
1786721754.4412808,13.840000287999828,90.0,90.0,88.3640462069639,1.6359537930360943,0.3371080459383125,1322.12542529974,1,0,0.039973892138557614,0.3,-0.002865846200245118,0.001953125
1786721754.4642553,13.860000637999747,90.0,90.0,88.36487631699276,1.6351236830072367,0.3388072702440392,1321.5816735219075,1,0,0.039953608724137266,0.3,-0.001146338480098047,0.0
1786721754.4813113,13.880000320999898,90.0,90.0,88.36487631699276,1.6351236830072367,0.33949507333209805,1321.3615765337286,1,0,0.039953608724137266,0.3,-0.0004585353920392189,0.0
1786721754.5032687,13.9000003189999,90.0,90.0,88.36390450355691,1.6360954964430903,0.33979394044916067,1321.2659390562685,1,0,0.03997735460597634,0.3,-0.00018341415681568757,0.0
1786721754.522307,13.92000040999983,90.0,90.0,88.36390450355691,1.6360954964430903,0.34166180144325003,1320.66822353816,1,0,0.03997735460597634,0.3,0.0016844468372737248,-0.001953125
1786721754.541288,13.940000407999833,90.0,90.0,88.36390450355691,1.6360954964430903,0.3424089458408858,1320.4291373309165,1,0,0.03997735460597634,0.3,0.0024315912349094897,-0.001953125
1786721754.5634,13.960000516999571,90.0,90.0,88.36390450355691,1.6360954964430903,0.3391921785999401,1321.4585028480192,1,0,0.03997735460597634,0.3,-0.0007851760060362038,0.001953125
1786721754.581614,13.980000588999701,90.0,90.0,88.36390450355691,1.6360954964430903,0.33790547170356183,1321.8702490548603,1,0,0.03997735460597634,0.3,-0.0020718829024144814,0.001953125
1786721754.6034887,14.000000994999937,90.0,90.0,88.36390450355691,1.6360954964430903,0.33739078894501057,1322.0349475375965,1,0,0.03997735460597634,0.3,-0.0025865656609657924,0.001953125
1786721754.6249993,14.020001047999813,90.0,90.0,88.36390450355691,1.6360954964430903,0.33542710334159004,1322.6633269306913,1,0,0.03997735460597634,0.3,-0.004550251264386317,0.00390625
1786721754.6416862,14.040001175999805,90.0,90.0,88.36390450355691,1.6360954964430903,0.3346416291002218,1322.914678687929,1,0,0.03997735460597634,0.3,-0.005335725505754526,0.00390625
1786721754.6671956,14.060001525999724,90.0,90.0,88.37169364424096,1.6283063557590367,0.3376527397925016,1321.9511232663995,1,0,0.03978702999480345,0.3,-0.0021342902023018108,0.0
1786721754.6814888,14.080001024000012,90.0,90.0,88.37169364424096,1.6283063557590367,0.3389333139138827,1321.5413395475575,1,0,0.03978702999480345,0.3,-0.0008537160809207244,0.0
1786721754.7047734,14.100000873999761,90.0,90.0,88.37169364424096,1.6283063557590367,0.3394455435624351,1321.3774260600208,1,0,0.03978702999480345,0.3,-0.0003414864323682897,0.0
1786721754.7247293,14.12000107599988,90.0,90.0,88.37169364424096,1.6283063557590367,0.33965043542185613,1321.311860665006,1,0,0.03978702999480345,0.3,-0.0001365945729473159,0.0
1786721754.7414644,14.14000066599965,90.0,90.0,88.37169364424096,1.6283063557590367,0.3397323921656245,1321.2856345070002,1,0,0.03978702999480345,0.3,-5.4637829178926366e-05,0.0
1786721754.7668242,14.160000904999833,90.0,90.0,88.37098093574497,1.6290190642550328,0.34154040211693876,1320.7070713225796,1,0,0.03980444474861035,0.3,0.0017359573683284296,-0.001953125
1786721754.7815912,14.180001050999635,90.0,90.0,88.37098093574497,1.6290190642550328,0.3422566401959417,1320.4778751372987,1,0,0.03980444474861035,0.3,0.002452195447331372,-0.001953125
1786721754.8048327,14.200000826999712,90.0,90.0,88.37480485413971,1.6251951458602891,0.3424496994747007,1320.4160961680957,1,0,0.039711008795768145,0.3,0.0027386906789325484,-0.001953125
1786721754.824777,14.22000071399998,90.0,90.0,88.37480485413971,1.6251951458602891,0.3408064850673412,1320.9419247784508,1,0,0.039711008795768145,0.3,0.0010954762715730195,0.0
1786721754.8414643,14.240000970999972,90.0,90.0,88.37480485413971,1.6251951458602891,0.34014919930439735,1321.1522562225928,1,0,0.039711008795768145,0.3,0.00043819050862920774,0.0
1786721754.866119,14.260001042999647,90.0,90.0,88.36786972584622,1.6321302741537806,0.33829792965109734,1321.7446625116488,1,0,0.039880465947645646,0.3,-0.001582536296548317,0.001953125
1786721754.8814883,14.28000078199966,90.0,90.0,88.36786972584622,1.6321302741537806,0.33748963892902634,1322.0033155427116,1,0,0.039880465947645646,0.3,-0.0023908270186193264,0.001953125
1786721754.9047594,14.300000761999854,90.0,90.0,88.37480485413971,1.6251951458602891,0.3369968654883204,1322.1610030437375,1,0,0.039711008795768145,0.3,-0.0027141433074477305,0.001953125
1786721754.9247391,14.320001203999709,90.0,90.0,88.37480485413971,1.6251951458602891,0.33686753897278904,1322.2023875287075,1,0,0.039711008795768145,0.3,-0.0028434698229790924,0.001953125
1786721754.9415643,14.340001275999839,90.0,90.0,88.37480485413971,1.6251951458602891,0.33681580836657654,1322.2189413226956,1,0,0.039711008795768145,0.3,-0.0028952004291916368,0.001953125
1786721754.9661996,14.360001107999778,90.0,90.0,88.37565929721342,1.6243407027865828,0.3402898631412216,1321.1072437948092,1,0,0.0396901308128983,0.3,0.000599732328323345,-0.001953125
1786721754.9815896,14.380001031999655,90.0,90.0,88.37565929721342,1.6243407027865828,0.3416878362442276,1320.6598924018472,1,0,0.0396901308128983,0.3,0.001997705431329338,-0.001953125
1786721755.0047784,14.400000769999679,90.0,90.0,88.3787944718473,1.6212055281527002,0.34217041871744924,1320.5054660104163,1,0,0.03961352404491753,0.3,0.0025568946725317353,-0.001953125
1786721755.024773,14.420000915999935,90.0,90.0,88.3787944718473,1.6212055281527002,0.3423940944139302,1320.4338897875423,1,0,0.03961352404491753,0.3,0.002780570369012694,-0.001953125
1786721755.0415094,14.440000932999737,90.0,90.0,88.3787944718473,1.6212055281527002,0.3424835646925226,1320.4052592983928,1,0,0.03961352404491753,0.3,0.0028700406476050776,-0.001953125
1786721755.0661368,14.460000875999867,90.0,90.0,88.38886448925632,1.6111355107436793,0.33875767086063074,1321.5975453245983,1,0,0.03936746710158875,0.3,-0.0006097962409579689,0.001953125
1786721755.0814915,14.48000115099967,90.0,90.0,88.38886448925632,1.6111355107436793,0.33736573610520554,1322.0429644463343,1,0,0.03936746710158875,0.3,-0.0020017309963831875,0.001953125
1786721755.1030605,14.50000085299962,90.0,90.0,88.39271275189634,1.6072872481036597,0.33671493140806574,1322.251221949419,1,0,0.03927343630661898,0.3,-0.002558504898553275,0.001953125
1786721755.1248717,14.52000103599994,90.0,90.0,88.39271275189634,1.6072872481036597,0.3382500343471977,1321.7599890088968,1,0,0.03927343630661898,0.3,-0.0010234019594213101,0.0
1786721755.1415124,14.540001330999985,90.0,90.0,88.39271275189634,1.6072872481036597,0.33886407552285047,1321.5634958326877,1,0,0.03927343630661898,0.3,-0.0004093607837685241,0.0
1786721755.1661496,14.560001031999946,90.0,90.0,88.39668012792288,1.6033198720771225,0.3425283757090527,1320.3909197731032,1,0,0.03917649502256011,0.3,0.0033518806864925904,-0.00390625
1786721755.1816022,14.580000938000012,90.0,90.0,88.39668012792288,1.6033198720771225,0.3440328722971571,1319.9094808649097,1,0,0.03917649502256011,0.3,0.004856377274597036,-0.00390625
1786721755.2048275,14.600000639999962,90.0,90.0,88.38888952948366,1.611110470516337,0.34482503116325,1319.65599002776,1,0,0.039366855253411145,0.3,0.0054581759098388145,-0.00390625
1786721755.224779,14.620000822999828,90.0,90.0,88.38888952948366,1.611110470516337,0.3450657506173467,1319.578959802449,1,0,0.039366855253411145,0.3,0.005698895363935526,-0.00390625
1786721755.2414641,14.640000727999904,90.0,90.0,88.38888952948366,1.611110470516337,0.34516203839898535,1319.5481477123246,1,0,0.039366855253411145,0.3,0.0057951831455742096,-0.00390625
1786721755.2661996,14.660000707999643,90.0,90.0,88.38577831133813,1.6142216886618712,0.34176094991218314,1320.6364960281014,1,0,0.039442876653953456,0.3,0.002318073258229684,0.0
1786721755.2814758,14.680000872999699,90.0,90.0,88.38577831133813,1.6142216886618712,0.3403701059572453,1321.0815660936814,1,0,0.039442876653953456,0.3,0.0009272293032918737,0.0
1786721755.3048396,14.700000907999765,90.0,90.0,88.39259334493613,1.607406655063869,0.33964724569038335,1321.3128813790772,1,0,0.03927635396906661,0.3,0.00037089172131674953,0.0
1786721755.3247588,14.720000812999842,90.0,90.0,88.39259334493613,1.607406655063869,0.33766689815759326,1321.9465925895702,1,0,0.03927635396906661,0.3,-0.0016094558114733,0.001953125
1786721755.3414748,14.740001014999962,90.0,90.0,88.39259334493613,1.607406655063869,0.3368747591444773,1322.2000770737673,1,0,0.03927635396906661,0.3,-0.00240159482458932,0.001953125
1786721755.3661268,14.76000099399971,90.0,90.0,88.39271275189634,1.6072872481036597,0.33831279837678324,1321.7399045194293,1,0,0.03927343630661898,0.3,-0.000960637929835728,0.0
1786721755.3815925,14.780001288999756,90.0,90.0,88.39271275189634,1.6072872481036597,0.3388891811346847,1321.555462036901,1,0,0.03927343630661898,0.3,-0.00038425517193429125,0.0
1786721755.4048219,14.80000078699959,90.0,90.0,88.39244981679587,1.6075501832041255,0.33912615895435627,1321.479629134606,1,0,0.039279861023130046,0.3,-0.0001537020687737165,0.0
1786721755.4248185,14.820000876999984,90.0,90.0,88.39244981679587,1.6075501832041255,0.3409761926956205,1320.8876183374014,1,0,0.039279861023130046,0.3,0.0016963316724905135,-0.001953125
1786721755.441745,14.840001431000019,90.0,90.0,88.39244981679587,1.6075501832041255,0.3417162061921262,1320.6508140185197,1,0,0.039279861023130046,0.3,0.0024363451689962054,-0.001953125
1786721755.4661143,14.860001354999895,90.0,90.0,88.38874580668153,1.611254193318473,0.34034490513156007,1321.0896303579007,1,0,0.039370367063961596,0.3,0.0009745380675984822,0.0
1786721755.4817054,14.880001130999972,90.0,90.0,88.38874580668153,1.611254193318473,0.33976018229100097,1321.2767416668796,1,0,0.039370367063961596,0.3,0.0003898152270393929,0.0
1786721755.504822,14.900000832999922,90.0,90.0,88.38193027491025,1.6180697250897538,0.33969282801233375,1321.2982950360533,1,0,0.03953690192151798,0.3,0.00015592609081575717,0.0
1786721755.5247579,14.920000867999988,90.0,90.0,88.38193027491025,1.6180697250897538,0.33784145985784425,1321.8907328454898,1,0,0.03953690192151798,0.3,-0.001695442063673697,0.001953125
1786721755.5414574,14.940000679999685,90.0,90.0,88.38193027491025,1.6180697250897538,0.3371009125960485,1322.1277079692645,1,0,0.03953690192151798,0.3,-0.002435989325469479,0.001953125
1786721755.5657933,14.960000918999867,90.0,90.0,88.3857535961746,1.6142464038254047,0.338469084829136,1321.6898928546766,1,0,0.03944348055932382,0.3,-0.0009743957301877916,0.0
1786721755.5815358,14.980000768999616,90.0,90.0,88.3857535961746,1.6142464038254047,0.3390537222672487,1321.5028088744805,1,0,0.03944348055932382,0.3,-0.0003897582920751166,0.0
1786721755.603698,15.000001025999609,90.0,90.0,88.3857535961746,1.6142464038254047,0.3392875772424938,1321.427975282402,1,0,0.03944348055932382,0.3,-0.00015590331683004667,0.0
1786721755.6243978,15.020001005999802,90.0,90.0,88.3857535961746,1.6142464038254047,0.33762330673259183,1321.9605418455706,1,0,0.03944348055932382,0.3,-0.0018201738267320186,0.001953125
1786721755.6417003,15.040001318999657,90.0,90.0,88.3857535961746,1.6142464038254047,0.336957598528631,1322.173568470838,1,0,0.03944348055932382,0.3,-0.0024858820306928073,0.001953125
1786721755.6658342,15.060000964999745,90.0,90.0,88.3857535961746,1.6142464038254047,0.3366913152470467,1322.258779120945,1,0,0.03944348055932382,0.3,-0.002752165312277123,0.001953125
1786721755.6814842,15.080001092999737,90.0,90.0,88.3857535961746,1.6142464038254047,0.336584801934413,1322.292863380988,1,0,0.03944348055932382,0.3,-0.002858678624910849,0.001953125
1786721755.7042108,15.100001053999677,90.0,90.0,88.38601529874353,1.61398470125647,0.3365358020092751,1322.308543357032,1,0,0.03943708595923945,0.3,-0.0029012839499643396,0.001953125
1786721755.7241528,15.120000829999753,90.0,90.0,88.38601529874353,1.61398470125647,0.3382765723792537,1321.7514968386388,1,0,0.03943708595923945,0.3,-0.0011605135799857358,0.0
1786721755.7415082,15.14000088299963,90.0,90.0,88.38601529874353,1.61398470125647,0.33897288052724517,1321.5286782312814,1,0,0.03943708595923945,0.3,-0.00046420543199429437,0.0
1786721755.7658281,15.160000658999707,90.0,90.0,88.38900800745887,1.6109919925411305,0.3391782781175516,1321.4629510023835,1,0,0.03936396029034932,0.3,-0.00018568217279771776,0.0
1786721755.7815573,15.180001063999953,90.0,90.0,88.38900800745887,1.6109919925411305,0.3392896874212302,1321.4273000252063,1,0,0.03936396029034932,0.3,-7.42728691190871e-05,0.0
1786721755.804186,15.200000858999829,90.0,90.0,88.385897220125,1.6141027798749974,0.3394102620165291,1321.3887161547107,1,0,0.03943997116417675,0.3,-2.9709147647634844e-05,0.0
1786721755.8241348,15.22000080099997,90.0,90.0,88.385897220125,1.6141027798749974,0.33942808750511766,1321.3830119983622,1,0,0.03943997116417675,0.3,-1.1883659059053938e-05,0.0
1786721755.8416038,15.240000891999898,90.0,90.0,88.385897220125,1.6141027798749974,0.3394352177005531,1321.380730335823,1,0,0.03943997116417675,0.3,-4.753463623621576e-06,0.0
1786721755.866054,15.260001519999605,90.0,90.0,88.38193027491025,1.6180697250897538,0.3412928130360685,1320.7862998284581,1,0,0.03953690192151798,0.3,0.0017559111145505513,-0.001953125
1786721755.8810627,15.280000924999968,90.0,90.0,88.38193027491025,1.6180697250897538,0.3419970788673382,1320.5609347624518,1,0,0.03953690192151798,0.3,0.0024601769458202204,-0.001953125
1786721755.9042623,15.30000092299997,90.0,90.0,88.37881895104891,1.6211810489510867,0.34235480918351263,1320.4464610612758,1,0,0.03961292590518456,0.3,0.002741883278328088,-0.001953125
1786721755.924152,15.320000809999783,90.0,90.0,88.37881895104891,1.6211810489510867,0.3389518667165158,1321.535402650715,1,0,0.03961292590518456,0.3,-0.0006610591886687645,0.001953125
1786721755.9415832,15.340001363999818,90.0,90.0,88.37881895104891,1.6211810489510867,0.33759068972971706,1321.9709792864905,1,0,0.03961292590518456,0.3,-0.0020222361754675057,0.001953125
1786721755.965957,15.36000091699998,90.0,90.0,88.37881895104891,1.6211810489510867,0.33880403143499754,1321.5827099408007,1,0,0.03961292590518456,0.3,-0.0008088944701870024,0.0
1786721755.9816256,15.380001099999845,90.0,90.0,88.37881895104891,1.6211810489510867,0.33928936811710975,1321.427402202525,1,0,0.03961292590518456,0.3,-0.000323557788074801,0.0
1786721756.004209,15.400000894999721,90.0,90.0,88.37881895104891,1.6211810489510867,0.33948350278995465,1321.3652791072145,1,0,0.03961292590518456,0.3,-0.0001294231152299204,0.0
1786721756.0241237,15.420000781999988,90.0,90.0,88.37881895104891,1.6211810489510867,0.3395611566590926,1321.3404298690903,1,0,0.03961292590518456,0.3,-5.176924609196816e-05,0.0
1786721756.0415306,15.44000118699978,90.0,90.0,88.37881895104891,1.6211810489510867,0.3395922182067478,1321.3304901738406,1,0,0.03961292590518456,0.3,-2.0707698436787267e-05,0.0
1786721756.0658028,15.46000074099993,90.0,90.0,88.3720032216662,1.6279967783337952,0.3397711825119243,1321.2732215961842,1,0,0.03977946559129901,0.3,-8.283079374714907e-06,0.0
1786721756.081554,15.480000867999934,90.0,90.0,88.3720032216662,1.6279967783337952,0.3397761523595491,1321.2716312449443,1,0,0.03977946559129901,0.3,-3.313231749885963e-06,0.0
1786721756.1036868,15.500000903,90.0,90.0,88.36818060039064,1.6318193996093555,0.3398715445568405,1321.241105741811,1,0,0.03987286984954045,0.3,-1.3252926999543854e-06,0.0
1786721756.1241496,15.520000789999813,90.0,90.0,88.36818060039064,1.6318193996093555,0.3381145272324605,1321.8033512856127,1,0,0.03987286984954045,0.3,-0.0017583426170799817,0.001953125
1786721756.1415622,15.540001325999583,90.0,90.0,88.36818060039064,1.6318193996093555,0.33741172030270844,1322.0282495031333,1,0,0.03987286984954045,0.3,-0.0024611495468319926,0.001953125
1786721756.165103,15.560001248999924,90.0,90.0,88.37202890846368,1.627971091536324,0.34055219062569997,1321.023298999776,1,0,0.03977883794443278,0.3,0.0007733526812672027,-0.001953125
1786721756.1815758,15.5800011919996,90.0,90.0,88.37202890846368,1.627971091536324,0.3418459915169396,1320.6092827145794,1,0,0.03977883794443278,0.3,0.002067153572506881,-0.001953125
1786721756.2035913,15.600001041999803,90.0,90.0,88.3611021199863,1.638897880013701,0.3426305036832744,1320.3582388213522,1,0,0.04004582975427167,0.3,0.0025846739290027523,-0.001953125
1786721756.2234733,15.620000983999944,90.0,90.0,88.3611021199863,1.638897880013701,0.34459532432587275,1319.7294962157207,1,0,0.04004582975427167,0.3,0.004549494571601101,-0.00390625
1786721756.241466,15.640000981999947,90.0,90.0,88.3611021199863,1.638897880013701,0.3453812525829121,1319.477999173468,1,0,0.04004582975427167,0.3,0.00533542282864044,-0.00390625
1786721756.2648218,15.660000813999886,90.0,90.0,88.36492474126192,1.6350752587380841,0.343844407127485,1319.9697897192048,1,0,0.03995242549602885,0.3,0.0038919816314561765,-0.001953125
1786721756.2815132,15.680000996999752,90.0,90.0,88.36492474126192,1.6350752587380841,0.3432670306486113,1320.1545501924443,1,0,0.03995242549602885,0.3,0.003314605152582471,-0.001953125
1786721756.3035197,15.700000772999829,90.0,90.0,88.36791754873684,1.6320824512631589,0.3429629519750198,1320.2518553679936,1,0,0.03987929741398681,0.3,0.003083654561032988,-0.001953125
1786721756.3234668,15.720001066999885,90.0,90.0,88.36791754873684,1.6320824512631589,0.3393549467384,1321.406417043712,1,0,0.03987929741398681,0.3,-0.0005243506755868044,0.001953125
1786721756.3414712,15.740000731999771,90.0,90.0,88.36791754873684,1.6320824512631589,0.33791174464375207,1321.8682417139994,1,0,0.03987929741398681,0.3,-0.0019675527702347215,0.001953125
1786721756.3652604,15.760000859999764,90.0,90.0,88.36818060039064,1.6318193996093555,0.3390858487414466,1321.4925284027372,1,0,0.03987286984954045,0.3,-0.0007870211080938886,0.0
1786721756.3809226,15.780001097999957,90.0,90.0,88.36818060039064,1.6318193996093555,0.3395580614063029,1321.341420349983,1,0,0.03987286984954045,0.3,-0.00031480844323755546,0.0
1786721756.4035127,15.80000087399958,90.0,90.0,88.3720032216662,1.6279967783337952,0.339653542214004,1321.3108664915187,1,0,0.03977946559129901,0.3,-0.0001259233772950222,0.0
1786721756.4237578,15.820000871999582,90.0,90.0,88.3720032216662,1.6279967783337952,0.343244721240381,1320.1616892030781,1,0,0.03977946559129901,0.3,0.003465255649081991,-0.00390625
1786721756.441483,15.84000064799966,90.0,90.0,88.3720032216662,1.6279967783337952,0.3446811928509318,1319.7020182877018,1,0,0.03977946559129901,0.3,0.004901727259632796,-0.00390625
1786721756.4655006,15.86000129399963,90.0,90.0,88.3720032216662,1.6279967783337952,0.34174015649515216,1320.6431499215514,1,0,0.03977946559129901,0.3,0.001960690903853119,0.0
1786721756.4816122,15.880000847999781,90.0,90.0,88.3720032216662,1.6279967783337952,0.3405637419528403,1321.019602575091,1,0,0.03977946559129901,0.3,0.0007842763615412474,0.0
1786721756.5036433,15.9000010499999,90.0,90.0,88.36803660158643,1.6319633984135749,0.3401900989487105,1321.1391683364127,1,0,0.039876388404094035,0.3,0.000313710544616499,0.0
1786721756.5234687,15.920000954999978,90.0,90.0,88.36803660158643,1.6319633984135749,0.3400018726219406,1321.199400760979,1,0,0.039876388404094035,0.3,0.00012548421784659963,0.0
1786721756.5414863,15.940000656999928,90.0,90.0,88.36803660158643,1.6319633984135749,0.33992658209123267,1321.2234937308056,1,0,0.039876388404094035,0.3,5.019368713863985e-05,0.0
1786721756.5651956,15.960001080999973,90.0,90.0,88.3751145455276,1.6248854544724054,0.3397235190824865,1321.2884738936043,1,0,0.03970344160763105,0.3,2.0077474855455942e-05,0.0
1786721756.581573,15.980000985999595,90.0,90.0,88.3751145455276,1.6248854544724054,0.3397114725975732,1321.2923287687765,1,0,0.03970344160763105,0.3,8.030989942182377e-06,0.0
1786721756.60361,16.000001057999725,90.0,90.0,88.3789375661949,1.6210624338050934,0.339613239986385,1321.3237632043567,1,0,0.03961002759040811,0.3,3.212395976872951e-06,0.0
1786721756.6238256,16.020001000999855,90.0,90.0,88.3789375661949,1.6210624338050934,0.34136912504879885,1320.7618799843844,1,0,0.03961002759040811,0.3,0.0017590974583907492,-0.001953125
1786721756.6417475,16.040000905999932,90.0,90.0,88.3789375661949,1.6210624338050934,0.3420714790737644,1320.5371266963953,1,0,0.03961002759040811,0.3,0.0024614514833562993,-0.001953125
1786721756.6643174,16.060001089999787,90.0,90.0,88.3749710517597,1.625028948240299,0.3424493409151617,1320.4162109071483,1,0,0.03970694782181922,0.3,0.00274239309334252,-0.001953125
1786721756.681489,16.08000084699961,90.0,90.0,88.3749710517597,1.625028948240299,0.3425617175591562,1320.38025038107,1,0,0.03970694782181922,0.3,0.002854769737337008,-0.001953125
1786721756.7035801,16.100000992999867,90.0,90.0,88.36801185993636,1.6319881400636405,0.34277671335158727,1320.311451727492,1,0,0.039876992956652466,0.3,0.0028997203949348033,-0.001953125
1786721756.7234838,16.120000935999997,90.0,90.0,88.36801185993636,1.6319881400636405,0.3410368811146264,1320.8681980433196,1,0,0.039876992956652466,0.3,0.0011598881579739215,0.0
1786721756.7414792,16.140000877999682,90.0,90.0,88.36801185993636,1.6319881400636405,0.340340948219842,1321.0908965696506,1,0,0.039876992956652466,0.3,0.0004639552631895686,0.0
1786721756.7651918,16.16000104299974,90.0,90.0,88.3749710517597,1.625028948240299,0.33813471742709506,1321.7968904233296,1,0,0.03970694782181922,0.3,-0.0015722303947241724,0.001953125
1786721756.7815738,16.180001095999614,90.0,90.0,88.3749710517597,1.625028948240299,0.33732024316392956,1322.0575221875424,1,0,0.03970694782181922,0.3,-0.002386704657889669,0.001953125
1786721756.8035994,16.20000092800001,90.0,90.0,88.38193027491025,1.6180697250897538,0.3368244075583621,1322.2161895813242,1,0,0.03953690192151798,0.3,-0.0027124943631558675,0.001953125
1786721756.8234887,16.220000999999684,90.0,90.0,88.38193027491025,1.6180697250897538,0.3402097166762556,1321.1328906635981,1,0,0.03953690192151798,0.3,0.0006728147547376527,-0.001953125
1786721756.8414848,16.240001201999803,90.0,90.0,88.38193027491025,1.6180697250897538,0.341563840323413,1320.699571096508,1,0,0.03953690192151798,0.3,0.002026938401895061,-0.001953125
1786721756.8652046,16.260001162999743,90.0,90.0,88.3749710517597,1.625028948240299,0.34403334818257725,1319.9093285815752,1,0,0.03970694782181922,0.3,0.004326400360758024,-0.00390625
1786721756.880477,16.280000993999693,90.0,90.0,88.3749710517597,1.625028948240299,0.3449531329661224,1319.6149974508407,1,0,0.03970694782181922,0.3,0.0052461851443032104,-0.00390625
1786721756.9031808,16.30000101099995,90.0,90.0,88.36789343299256,1.6321065670074404,0.3454939857305031,1319.441924566239,1,0,0.039879886672781806,0.3,0.005614099057721284,-0.00390625
1786721756.923454,16.320000804999836,90.0,90.0,88.36789343299256,1.6321065670074404,0.3438833387958703,1319.9573315853215,1,0,0.039879886672781806,0.3,0.0040034521230885136,-0.001953125
1786721756.941534,16.340001135999955,90.0,90.0,88.36789343299256,1.6321065670074404,0.3432390800220172,1320.1634943929546,1,0,0.039879886672781806,0.3,0.0033591933492354053,-0.001953125
1786721756.9652987,16.36000081999964,90.0,90.0,88.36789343299256,1.6321065670074404,0.337707939012476,1321.9334595160076,1,0,0.039879886672781806,0.3,-0.002171947660305838,0.00390625
1786721756.9815614,16.380001170000014,90.0,90.0,88.36789343299256,1.6321065670074404,0.33549548260865947,1322.6414455652289,1,0,0.039879886672781806,0.3,-0.004384404064122336,0.00390625
1786721757.003593,16.400000778999583,90.0,90.0,88.37485233096913,1.6251476690308664,0.3344404620923307,1322.9790521304542,1,0,0.039709848717979584,0.3,-0.005269386625648934,0.00390625
1786721757.0234623,16.420001091999893,90.0,90.0,88.37485233096913,1.6251476690308664,0.33584428156772,1322.5298298983296,1,0,0.039709848717979584,0.3,-0.0038655671502595733,0.001953125
1786721757.0414984,16.44000103399958,90.0,90.0,88.37485233096913,1.6251476690308664,0.3364058093578758,1322.3501410054798,1,0,0.039709848717979584,0.3,-0.003304039360103829,0.001953125
1786721757.0651994,16.460001050999836,90.0,90.0,88.38193027491025,1.6180697250897538,0.3382152861774764,1321.7711084232076,1,0,0.03953690192151798,0.3,-0.0013216157440415317,0.0
1786721757.0815704,16.48000129000002,90.0,90.0,88.38193027491025,1.6180697250897538,0.33900825562390136,1321.5173582003515,1,0,0.03953690192151798,0.3,-0.0005286462976166127,0.0
1786721757.1029606,16.500000824999915,90.0,90.0,88.37881895104891,1.6211810489510867,0.3394014673861379,1321.391530436436,1,0,0.03961292590518456,0.3,-0.00021145851904664505,0.0
1786721757.122796,16.520000933999654,90.0,90.0,88.37881895104891,1.6211810489510867,0.34128615499756587,1320.788430400779,1,0,0.03961292590518456,0.3,0.0016732290923813418,-0.001953125
1786721757.1414766,16.54000070999973,90.0,90.0,88.37881895104891,1.6211810489510867,0.34204003004213707,1320.5471903865161,1,0,0.03961292590518456,0.3,0.0024271041369525364,-0.001953125
1786721757.1645908,16.56000078199986,90.0,90.0,88.37867565223348,1.6213243477665173,0.3405872690105664,1321.0120739166186,1,0,0.03961642735578542,0.3,0.0009708416547810146,0.0
1786721757.1815796,16.580001057999652,90.0,90.0,88.37867565223348,1.6213243477665173,0.3400047640176978,1321.1984755143367,1,0,0.03961642735578542,0.3,0.0003883366619124059,0.0
1786721757.2028315,16.600000795999676,90.0,90.0,88.38563448282025,1.6143655171797493,0.3396017257123917,1321.3274477720347,1,0,0.03944639104762679,0.3,0.00015533466476496237,0.0
1786721757.222816,16.62000103499986,90.0,90.0,88.38563448282025,1.6143655171797493,0.3377507124135327,1321.9197720276695,1,0,0.03944639104762679,0.3,-0.001695678634094015,0.001953125
1786721757.2415233,16.6400009959998,90.0,90.0,88.38563448282025,1.6143655171797493,0.33701030709398916,1322.1567017299235,1,0,0.03944639104762679,0.3,-0.002436083953637606,0.001953125
1786721757.2645953,16.66000082799974,90.0,90.0,88.3857535961746,1.6142464038254047,0.33671123447786877,1322.252404967082,1,0,0.03944348055932382,0.3,-0.002732246081455042,0.001953125
1786721757.2815154,16.680001121999794,90.0,90.0,88.3857535961746,1.6142464038254047,0.33659276962674184,1322.2903137194426,1,0,0.03944348055932382,0.3,-0.002850710932582017,0.001953125
1786721757.302837,16.700000619999628,90.0,90.0,88.38264227231332,1.6173577276866808,0.3366214076699562,1322.281149545614,1,0,0.039519504542989005,0.3,-0.002898096873032807,0.001953125
1786721757.322751,16.72000074799962,90.0,90.0,88.38264227231332,1.6173577276866808,0.33836026579377587,1321.7247149459918,1,0,0.039519504542989005,0.3,-0.0011592387492131227,0.0
1786721757.3415096,16.74000094899975,90.0,90.0,88.38264227231332,1.6173577276866808,0.3390558090433038,1321.5021411061427,1,0,0.039519504542989005,0.3,-0.0004636954996852491,0.0
1786721757.364515,16.760000928999943,90.0,90.0,88.37485233096913,1.6251476690308664,0.3395243705181055,1321.352201434206,1,0,0.039709848717979584,0.3,-0.00018547819987409965,0.0
1786721757.3812773,16.780000926999946,90.0,90.0,88.37485233096913,1.6251476690308664,0.33963565743803,1321.3165896198304,1,0,0.039709848717979584,0.3,-7.419127994963987e-05,0.0
1786721757.4033456,16.80000099899962,90.0,90.0,88.37867565223348,1.6213243477665173,0.3395867508438055,1321.3322397299821,1,0,0.03961642735578542,0.3,-2.967651197985595e-05,0.0
1786721757.4227583,16.820000904999688,90.0,90.0,88.37867565223348,1.6213243477665173,0.33960455675099344,1321.326541839682,1,0,0.03961642735578542,0.3,-1.187060479194238e-05,0.0
1786721757.4414825,16.840001050999945,90.0,90.0,88.37867565223348,1.6213243477665173,0.33961167911386864,1321.324262683562,1,0,0.03961642735578542,0.3,-4.7482419167769525e-06,0.0
1786721757.4648194,16.86000112299962,90.0,90.0,88.38166786274041,1.6183321372595858,0.34129922706365645,1320.78424733963,1,0,0.0395433138604232,0.3,0.0017559132032332891,-0.001953125
1786721757.4817374,16.880001120999623,90.0,90.0,88.38166786274041,1.6183321372595858,0.3420034916417165,1320.5588826746507,1,0,0.0395433138604232,0.3,0.0024601777812933157,-0.001953125
1786721757.503372,16.900000859999636,90.0,90.0,88.38166786274041,1.6183321372595858,0.3422851974729405,1320.468736808659,1,0,0.0395433138604232,0.3,0.0027418836125173264,-0.001953125
1786721757.522797,16.920000912999967,90.0,90.0,88.38166786274041,1.6183321372595858,0.3388822548054301,1321.5576784622624,1,0,0.0395433138604232,0.3,-0.0006610590549930694,0.001953125
1786721757.541496,16.940000836999843,90.0,90.0,88.38166786274041,1.6183321372595858,0.337521077738426,1321.9932551237036,1,0,0.0395433138604232,0.3,-0.0020222361219972276,0.001953125
1786721757.5645561,16.960000983999635,90.0,90.0,88.37881895104891,1.6211810489510867,0.34056184395638567,1321.0202099339565,1,0,0.03961292590518456,0.3,0.0009489180512011087,-0.001953125
1786721757.5816483,16.980001351999817,90.0,90.0,88.37881895104891,1.6211810489510867,0.341750305625665,1320.6399021997872,1,0,0.03961292590518456,0.3,0.0021373797204804435,-0.001953125
1786721757.6035016,17.000001275999693,90.0,90.0,88.37881895104891,1.6211810489510867,0.34222569029337674,1320.4877791061194,1,0,0.03961292590518456,0.3,0.0026127643881921772,-0.001953125
1786721757.6229658,17.020000958999844,90.0,90.0,88.37881895104891,1.6211810489510867,0.34065803166046144,1320.9894298686522,1,0,0.03961292590518456,0.3,0.001045105755276871,0.0
1786721757.6417005,17.040000956999847,90.0,90.0,88.37881895104891,1.6211810489510867,0.3400309682072953,1321.1900901736656,1,0,0.03961292590518456,0.3,0.0004180423021107484,0.0
1786721757.663848,17.06000082599985,90.0,90.0,88.38193027491025,1.6180697250897538,0.3414619313423623,1320.7321819704441,1,0,0.03953690192151798,0.3,0.0019250294208442993,-0.001953125
1786721757.6815324,17.08000115699997,90.0,90.0,88.38193027491025,1.6180697250897538,0.3420647261898557,1320.5392876192461,1,0,0.03953690192151798,0.3,0.00252782426833772,-0.001953125
1786721757.70266,17.100001210999835,90.0,90.0,88.37796376047504,1.6220362395249595,0.3424027643602642,1320.4311154047155,1,0,0.03963382215292909,0.3,0.002768942207335088,-0.001953125
1786721757.7225554,17.12000100499972,90.0,90.0,88.37796376047504,1.6220362395249595,0.34074139903586315,1320.9627523085237,1,0,0.03963382215292909,0.3,0.0011075768829340352,0.0
1786721757.741535,17.140000910999788,90.0,90.0,88.37796376047504,1.6220362395249595,0.3400768529061027,1321.1754070700472,1,0,0.03963382215292909,0.3,0.0004430307531736141,0.0
1786721757.7637453,17.160001000999728,90.0,90.0,88.38193027491025,1.6180697250897538,0.34322973922278743,1320.166483448708,1,0,0.03953690192151798,0.3,0.003692837301269445,-0.00390625
1786721757.7809627,17.18000086999973,90.0,90.0,88.38193027491025,1.6180697250897538,0.34452966184202577,1319.7505082105517,1,0,0.03953690192151798,0.3,0.004992759920507779,-0.00390625
1786721757.802486,17.200001033999797,90.0,90.0,88.38178708173945,1.6182129182605536,0.34505312975893665,1319.5829984771403,1,0,0.03954040079073354,0.3,0.005512728968203111,-0.00390625
1786721757.8225029,17.220000939999863,90.0,90.0,88.38178708173945,1.6182129182605536,0.3417454923780148,1320.6414424390352,1,0,0.03954040079073354,0.3,0.0022050915872812446,0.0
1786721757.8408697,17.240000882000004,90.0,90.0,88.38178708173945,1.6182129182605536,0.34042243742564604,1321.0648200237933,1,0,0.03954040079073354,0.3,0.0008820366349124979,0.0
1786721757.8636541,17.26000106599986,90.0,90.0,88.37867565223348,1.6213243477665173,0.3382114295097504,1321.77234255688,1,0,0.03961642735578542,0.3,-0.0014049978460350006,0.001953125
1786721757.8811812,17.280001192999862,90.0,90.0,88.37867565223348,1.6213243477665173,0.3372966157173714,1322.0650829704412,1,0,0.03961642735578542,0.3,-0.0023198116384140002,0.001953125
1786721757.9024684,17.300001468999653,90.0,90.0,88.3857535961746,1.6142464038254047,0.33675774340395825,1322.2375221107334,1,0,0.03944348055932382,0.3,-0.0026857371553656003,0.001953125
1786721757.9224305,17.320001004000005,90.0,90.0,88.3857535961746,1.6142464038254047,0.3383691856971776,1321.721860576903,1,0,0.03944348055932382,0.3,-0.0010742948621462402,0.0
1786721757.9409268,17.340001038999617,90.0,90.0,88.3857535961746,1.6142464038254047,0.3390137626144653,1321.5155959633712,1,0,0.03944348055932382,0.3,-0.00042971794485849606,0.0
1786721757.9636931,17.36000087100001,90.0,90.0,88.3857535961746,1.6142464038254047,0.3410294058813804,1320.8705901179583,1,0,0.03944348055932382,0.3,0.0015859253220566016,-0.001953125
1786721757.9809906,17.380001128000004,90.0,90.0,88.3857535961746,1.6142464038254047,0.34183566318814645,1320.612587779793,1,0,0.03944348055932382,0.3,0.0023921826288226407,-0.001953125
1786721758.0025392,17.400000977999753,90.0,90.0,88.38166786274041,1.6183321372595858,0.34225799941195223,1320.4774401881753,1,0,0.0395433138604232,0.3,0.0027146855515290565,-0.001953125
1786721758.0225537,17.42000119799968,90.0,90.0,88.38166786274041,1.6183321372595858,0.3406291880810348,1320.9986598140688,1,0,0.0395433138604232,0.3,0.0010858742206116226,0.0
1786721758.0408683,17.440000918999885,90.0,90.0,88.38166786274041,1.6183321372595858,0.3399776635486678,1321.2071476644264,1,0,0.0395433138604232,0.3,0.000434349688244649,0.0
1786721758.0636973,17.46000097199976,90.0,90.0,88.38563448282025,1.6143655171797493,0.33786231842292463,1321.884058104664,1,0,0.03944639104762679,0.3,-0.0015840726247021402,0.001953125
1786721758.080877,17.480001025999627,90.0,90.0,88.38563448282025,1.6143655171797493,0.3370549494977459,1322.1424161607213,1,0,0.03944639104762679,0.3,-0.002391441549880856,0.001953125
1786721758.1024463,17.50000100499983,90.0,90.0,88.3857535961746,1.6142464038254047,0.33672909143937146,1322.2466907394012,1,0,0.03944348055932382,0.3,-0.0027143891199523425,0.001953125
1786721758.1224983,17.520001058999696,90.0,90.0,88.3857535961746,1.6142464038254047,0.3348420999113429,1322.8505280283703,1,0,0.03944348055932382,0.3,-0.004601380647980937,0.00390625
1786721758.1409185,17.5400010569997,90.0,90.0,88.3857535961746,1.6142464038254047,0.3340873033001315,1323.092062943958,1,0,0.03944348055932382,0.3,-0.005356177259192374,0.00390625
1786721758.1636522,17.560000850999586,90.0,90.0,88.39271275189634,1.6072872481036597,0.33888877790294203,1321.5555910710586,1,0,0.03927343630661898,0.3,-0.0003846584036769502,-0.001953125
1786721758.1808577,17.58000127499963,90.0,90.0,88.39271275189634,1.6072872481036597,0.34087738544514823,1320.9192366575526,1,0,0.03927343630661898,0.3,0.00160394913852922,-0.001953125
1786721758.2023475,17.600000884999645,90.0,90.0,88.39271275189634,1.6072872481036597,0.3416728284620307,1320.6646948921502,1,0,0.03927343630661898,0.3,0.002399392155411688,-0.001953125
1786721758.2223241,17.620000993999838,90.0,90.0,88.39271275189634,1.6072872481036597,0.34023319316878364,1321.1253781859891,1,0,0.03927343630661898,0.3,0.0009597568621646751,0.0
1786721758.2406917,17.64000088099965,90.0,90.0,88.39271275189634,1.6072872481036597,0.3396573390514849,1321.309651503525,1,0,0.03927343630661898,0.3,0.0003839027448658701,0.0
1786721758.2634528,17.660000915999717,90.0,90.0,88.385897220125,1.6141027798749974,0.3395935322621231,1321.3300696761207,1,0,0.03943997116417675,0.3,0.00015356109794634806,0.0
1786721758.2807412,17.680000968999593,90.0,90.0,88.385897220125,1.6141027798749974,0.3395013956033553,1321.3595534069264,1,0,0.03943997116417675,0.3,6.142443917853923e-05,0.0
1786721758.3022032,17.700000670999998,90.0,90.0,88.39271275189634,1.6072872481036597,0.3392980060822904,1321.424638053667,1,0,0.03927343630661898,0.3,2.456977567141569e-05,0.0
1786721758.3221729,17.7200008169998,90.0,90.0,88.39271275189634,1.6072872481036597,0.3375254517168876,1321.991855450596,1,0,0.03927343630661898,0.3,-0.0017479845897314336,0.001953125
1786721758.3405402,17.740000722999866,90.0,90.0,88.39271275189634,1.6072872481036597,0.3368164299707264,1322.2187424093677,1,0,0.03927343630661898,0.3,-0.0024570063358925736,0.001953125
1786721758.363299,17.76000086899967,90.0,90.0,88.39271275189634,1.6072872481036597,0.338290633772262,1321.7469971928763,1,0,0.03927343630661898,0.3,-0.0009828025343570294,0.0
1786721758.380549,17.780000700999608,90.0,90.0,88.39271275189634,1.6072872481036597,0.33888031529287616,1321.5582991062797,1,0,0.03927343630661898,0.3,-0.00039312101374281176,0.0
1786721758.402052,17.800000975999865,90.0,90.0,88.3857535961746,1.6142464038254047,0.3392862321538267,1321.4284057107755,1,0,0.03944348055932382,0.3,-0.00015724840549712473,0.0
1786721758.4220202,17.820000825999614,90.0,90.0,88.3857535961746,1.6142464038254047,0.339380581197125,1321.39821401692,1,0,0.03944348055932382,0.3,-6.289936219884989e-05,0.0
1786721758.4404345,17.84000097299986,90.0,90.0,88.3857535961746,1.6142464038254047,0.3394183208144443,1321.386137339378,1,0,0.03944348055932382,0.3,-2.5159744879539954e-05,0.0
1786721758.4633424,17.860000988999673,90.0,90.0,88.38178708173945,1.6182129182605536,0.34128814939278174,1320.7877921943098,1,0,0.03954040079073354,0.3,0.001747748602048184,-0.001953125
1786721758.4805205,17.880001060999803,90.0,90.0,88.38178708173945,1.6182129182605536,0.3419973127315528,1320.560859925903,1,0,0.03954040079073354,0.3,0.0024569119408192736,-0.001953125
1786721758.5019548,17.900000911000006,90.0,90.0,88.38178708173945,1.6182129182605536,0.34228097806706126,1320.4700870185404,1,0,0.03954040079073354,0.3,0.002740577276327709,-0.001953125
1786721758.5219164,17.920001075999608,90.0,90.0,88.38178708173945,1.6182129182605536,0.3388788192012646,1321.5587778555953,1,0,0.03954040079073354,0.3,-0.0006615815894689162,0.001953125
1786721758.5404687,17.940000666999822,90.0,90.0,88.38178708173945,1.6182129182605536,0.33751795565494597,1321.9942541904172,1,0,0.03954040079073354,0.3,-0.0020224451357875664,0.001953125
1786721758.563037,17.960001108999677,90.0,90.0,88.39579867227917,1.60420132772083,0.33838905499271527,1321.7155024023311,1,0,0.03919803304703029,0.3,-0.0008089780543150266,0.0
1786721758.5805585,17.980001532999722,90.0,90.0,88.39579867227917,1.60420132772083,0.33887444182530424,1321.5601786159027,1,0,0.03919803304703029,0.3,-0.0003235912217260106,0.0
1786721758.6017587,18.000000697999894,0.0,88.9,88.39651232996926,0.5034876700307507,0.01230252461932393,1346.5601786159027,1,0,0.01230252461932393,0.00010545021102277654,0.0,0.0
1786721758.6217268,18.02000076999957,0.0,87.80000000000001,88.39651232996926,-0.5965123299692436,-0.012712283150365825,1371.5601786159027,1,1,-0.014575545861388603,-1.948303921769721e-05,0.0017578124999999998,-0.001953125
1786721758.6407576,18.04000108299988,0.0,86.70000000000002,88.39651232996926,-1.696512329969238,-0.039012161881318834,1396.5601786159027,1,1,-0.04145361634210114,-1.948303921769721e-05,0.0024609375,-0.001953125
1786721758.6631236,18.06000104399982,0.0,85.60000000000002,88.39568032149748,-2.795680321497457,-0.062073027559899616,1421.5601786159027,1,1,-0.06831135702068192,-1.948303921769721e-05,0.0062578124999999995,-0.005859375
1786721758.6804762,18.080000800999642,0.0,84.50000000000003,88.39568032149748,-3.8956803214974514,-0.08743234804061216,1430.0,1,1,-0.09518942750139446,-1.948303921769721e-05,0.0077765625,-0.005859375
1786721758.702248,18.10000076199958,0.0,83.40000000000003,88.36159918474925,-4.961599184749218,-0.11287015925261408,1430.0,1,1,-0.12123473871339638,-1.948303921769721e-05,0.0083840625,-0.005859375
1786721758.7221646,18.1200008159999,0.0,82.30000000000004,88.36159918474925,-6.0615991847492126,-0.11665366723332661,1430.0,1,1,-0.1481128091941089,-1.948303921769721e-05,0.031478624999999996,-0.03125
1786721758.7404847,18.140000998999767,0.0,81.20000000000005,88.36159918474925,-7.161599184749207,-0.13429391271403918,1430.0,1,1,-0.17499087967482146,-1.948303921769721e-05,0.040716449999999994,-0.03125
1786721758.7632973,18.160000941999897,0.0,80.10000000000005,88.23208943556892,-8.132089435568872,-0.10509358304347143,1430.0,1,1,-0.19870443000425372,-1.948303921769721e-05,0.09363033,-0.0859375
1786721758.7805543,18.1800010689999,0.0,79.00000000000006,88.23208943556892,-9.232089435568867,-0.11080610152418394,1430.0,1,1,-0.22558250048496623,-1.948303921769721e-05,0.11479588199999999,-0.0859375
1786721758.8021407,18.200000807999913,0.0,77.90000000000006,87.9351991625756,-10.035199162575537,-0.12196355331166689,1430.0,1,1,-0.24520617307244919,-1.948303921769721e-05,0.1232621028,-0.0859375
1786721758.8220084,18.220001064999906,0.0,76.80000000000007,87.9351991625756,-11.135199162575532,-0.08920513547237935,1430.0,1,1,-0.2720842435531617,-1.948303921769721e-05,0.18289859112,-0.1484375
1786721758.8404508,18.24000080399992,0.0,75.70000000000007,87.9351991625756,-12.235199162575528,-0.09222861062509191,1430.0,1,1,-0.29896231403387424,-1.948303921769721e-05,0.206753186448,-0.1484375
1786721758.8633544,18.260000746999594,0.0,74.60000000000008,87.45908974707163,-12.85908974707155,-0.0416812953141984,1430.0,1,1,-0.31420683685418077,-1.948303921769721e-05,0.27254502457920005,-0.2109375
1786721758.8804786,18.28000083699999,0.0,73.50000000000009,87.45908974707163,-13.959089747071545,-0.04224263054243099,1430.0,1,1,-0.34108490733489333,-1.948303921769721e-05,0.29886175983168,-0.2109375
1786721758.9033196,18.300000927999918,0.0,72.40000000000009,86.80164549468157,-14.401645494681473,0.01547819917137544,1425.0469762651599,1,0,-0.35189858422207887,-1.948303921769721e-05,0.367396266432672,-0.275390625
1786721758.9204361,18.320000851999794,0.0,71.3000000000001,86.80164549468157,-15.501645494681469,0.016013931331059716,1424.875541974061,1,0,-0.3787766547027914,-0.003266140079527338,0.3948100690730688,-0.275390625
1786721758.940532,18.340001201999712,0.0,70.2000000000001,86.80164549468157,-16.601645494681463,-0.00314527513380386,1430.0,1,1,-0.405654725183504,-0.00674318058110023,0.4057755901292275,-0.275390625
1786721758.9633112,18.360000810999736,0.0,69.10000000000011,85.9473667145794,-16.847366714579294,0.05504104072615895,1412.3868669676292,1,0,-0.4116588272444318,-0.00674318058110023,0.473443048551691,-0.345703125
1786721758.9805949,18.380000882999866,0.0,68.00000000000011,85.9473667145794,-17.94736671457929,0.05522995361443184,1412.3264148433818,1,0,-0.43853689772514437,-0.010502068275887183,0.5005100319206764,-0.345703125
1786721759.0032227,18.400000899999668,0.0,66.90000000000012,84.89570917551646,-17.99570917551634,0.12264006761062357,1390.7551783646004,1,0,-0.4397181268817599,-0.014271080792016553,0.5728602627682706,-0.4140625
1786721759.0204573,18.420001230999787,0.0,65.80000000000013,84.89570917551646,-19.095709175516333,0.12093307695281924,1391.3014153750978,1,0,-0.46659619736247243,-0.018270476769409176,0.6018003551073082,-0.4140625
1786721759.0404418,18.4400009699998,0.0,64.70000000000013,84.89570917551646,-20.195709175516328,0.10163164743032926,1397.4778728222946,1,0,-0.493474267843185,-0.022500256208065044,0.6133763920429234,-0.4140625
1786721759.0631018,18.460000690000015,0.0,63.60000000000013,83.6529325802349,-20.052932580234774,0.1635287856213501,1377.670788601168,1,0,-0.48998557748775423,-0.02670013258653151,0.6760146193171693,-0.478515625
1786721759.0805218,18.480000947999997,0.0,62.50000000000013,83.6529325802349,-21.152932580234776,0.1575061296718694,1379.5980385050018,1,0,-0.516863647968467,-0.031130392426261227,0.7010699102268678,-0.478515625
1786721759.103041,18.500001000999873,0.0,61.40000000000013,82.23614981494086,-20.836149814940732,0.22533063687115373,1357.894196201231,1,0,-0.5091231847933322,-0.035494305438775506,0.7655842140907472,-0.5390625
1786721759.1204524,18.520000758999686,0.0,60.300000000000125,82.23614981494086,-21.936149814940734,0.2198943749234784,1359.6338000244868,1,0,-0.5360012552740449,-0.040088601912553035,0.7913899356362988,-0.5390625
1786721759.1404705,18.540000663999763,0.0,59.200000000000124,82.23614981494086,-23.036149814940735,0.19874429658720905,1366.401825092093,1,0,-0.5628793257547575,-0.044913281847593814,0.8017122242545196,-0.5390625
1786721759.1630611,18.56000125499986,0.0,58.10000000000012,80.64870408129735,-22.54870408129723,0.2521465782670862,1349.3130949545325,1,0,-0.5509687795871278,-0.049635871386912056,0.8480286397018078,-0.5859375
1786721759.1805313,18.580001178999737,0.0,57.00000000000012,80.64870408129735,-23.648704081297232,0.23907248442597062,1353.4968049836893,1,0,-0.5778468500678404,-0.05458884438749354,0.8665552058807231,-0.5859375
1786721759.2029157,18.60000104699975,0.0,55.90000000000012,78.9371098104682,-23.03710981046808,0.28811483009417893,1337.8032543698628,1,0,-0.5629027828706168,-0.059413725383527405,0.9056064573522893,-0.62109375
1786721759.2204573,18.620000934000018,0.0,54.80000000000012,78.9371098104682,-24.137109810468083,0.2720323792060588,1342.9496386540611,1,0,-0.5897808533513295,-0.06446898984082451,0.9212269579409157,-0.62109375
1786721759.2404375,18.640000672999577,0.0,53.70000000000012,78.9371098104682,-25.237109810468084,0.24634724450349965,1351.1688817588802,1,0,-0.6166589238320421,-0.06975463775938488,0.9274751581763663,-0.62109375
1786721759.2628748,18.66000091199976,0.0,52.600000000000115,77.13129736277375,-24.531297362773635,0.28365869073847927,1339.2292189636867,1,0,-0.5994126722726825,-0.0748924606645793,0.9528260007705466,-0.646484375
1786721759.2805161,18.680001076999815,0.0,51.500000000000114,77.13129736277375,-25.631297362773637,0.26178313439024425,1346.2293969951218,1,0,-0.6262907427533951,-0.08026066703103697,0.9629663378082187,-0.646484375
1786721759.3036544,18.70000094499983,0.0,50.40000000000011,75.26678212456753,-24.86678212456742,0.2914563816625696,1336.7339578679778,1,0,-0.6076101114296809,-0.08546875370043425,0.9793271601232875,-0.66015625
1786721759.3206809,18.72000122099962,0.0,49.30000000000011,75.26678212456753,-25.96678212456742,0.265914553438487,1344.9073428996842,1,0,-0.6344881819103937,-0.09090722383109477,0.985871489049315,-0.66015625
1786721759.340473,18.740001199999824,0.0,48.20000000000011,75.26678212456753,-27.066782124567418,0.23621574439752502,1354.410961792792,1,0,-0.6613662523911062,-0.09657607742301853,0.988489220619726,-0.66015625
1786721759.3635106,18.760000698999647,0.0,47.10000000000011,73.3810724017332,-26.281072401733102,0.25079249371351264,1349.7464020116759,1,0,-0.6421677421113591,-0.10208037235540163,0.9895363132478903,-0.66015625
1786721759.3805504,18.780000899999777,0.0,46.00000000000011,73.3810724017332,-27.381072401733103,0.21882896535168272,1359.9747310874616,1,0,-0.6690458125920717,-0.10781505074904796,0.989955150299156,-0.66015625
1786721759.4035237,18.800001064999833,0.0,44.900000000000105,71.49562535363512,-26.595625353635015,0.22893828870367738,1356.7397476148233,1,0,-0.6498537206669371,-0.1133852254976217,0.9866070601196625,-0.65625
1786721759.4204392,18.82000117399957,0.0,43.800000000000104,71.49562535363512,-27.695625353635016,0.1951508074025935,1367.55174163117,1,0,-0.6767317911476499,-0.1191857837074587,0.9852678240478651,-0.65625
1786721759.4404588,18.84000080199985,0.0,42.7000000000001,71.49562535363512,-28.795625353635018,0.16193648428332486,1378.180325029336,1,0,-0.7036098616283625,-0.12521672537855896,0.984732129619146,-0.65625
1786721759.464447,18.860000910999588,0.0,41.6000000000001,69.6166016140956,-28.0166016140955,0.17999984322936557,1372.400050166603,1,0,-0.6845747207397339,-0.13108450869918525,0.9897912893476585,-0.662109375
1786721759.4805984,18.880001112999707,0.0,40.5000000000001,69.6166016140956,-29.1166016140955,0.14927765331943144,1382.2311509377819,1,0,-0.7114527912204466,-0.1371826754810748,0.9918149532390633,-0.662109375
1786721759.5036507,18.900001166999573,0.0,39.4000000000001,67.72847797771115,-28.328477977711053,0.172035507908883,1374.9486374691573,1,0,-0.6921952979056677,-0.14311577803455194,1.0014134812956255,-0.671875
1786721759.520457,18.92000105399984,0.0,38.3000000000001,67.72847797771115,-29.428477977711054,0.14306374609731765,1384.2196012488585,1,0,-0.7190733683863805,-0.14927926404929237,1.00525289251825,-0.671875
1786721759.5404391,18.940001069999653,0.0,37.200000000000095,67.72847797771115,-30.528477977711056,0.11155795409091462,1394.3014546909073,1,0,-0.7459514388670931,-0.15567313352529602,1.0067886570073001,-0.671875
1786721759.5646257,18.960001752999688,0.0,36.100000000000094,65.80710850741258,-29.70710850741249,0.13815292019543146,1385.791065537462,1,0,-0.7258815965821926,-0.1618949757817148,1.01970765030292,-0.685546875
1786721759.580971,18.98000123299971,0.0,35.00000000000009,65.80710850741258,-30.80710850741249,0.11022060477654816,1394.7294064715045,1,0,-0.7527596670629053,-0.16834720149939686,1.0248752476211682,-0.685546875
1786721759.604453,19.000001082999916,0.0,33.90000000000009,63.82361457012399,-29.923614570123902,0.1502748098640968,1381.9120608434891,1,0,-0.7311718376849736,-0.17461438867955378,1.0497938490484673,-0.7109375
1786721759.6204674,19.02000071099974,0.0,32.80000000000009,63.82361457012399,-31.023614570123904,0.12709699277414677,1389.328962312273,1,0,-0.7580499081656863,-0.18111195932097396,1.0597612896193869,-0.7109375
1786721759.6407025,19.040001115999985,0.0,31.700000000000088,63.82361457012399,-32.123614570123905,0.09770832788038186,1398.7333350782778,1,0,-0.784927978646399,-0.18783991342365738,1.0637482658477548,-0.7109375
1786721759.6642976,19.06000066999968,0.0,30.600000000000087,61.77640781364431,-31.176407813644225,0.14032916650583493,1385.0946667181329,1,0,-0.7617833514096097,-0.19436948500716833,1.089952431339102,-0.73828125
1786721759.6807482,19.080000945999927,0.0,29.500000000000085,61.77640781364431,-32.27640781364423,0.11740319063814997,1392.430978995792,1,0,-0.7886614218903225,-0.2011294400519425,1.1004340975356408,-0.73828125
1786721759.7044196,19.100001165999856,0.0,28.400000000000084,59.644899714212954,-31.24489971421287,0.16289196220648394,1377.874572093925,1,0,-0.7634569242558298,-0.2076733565455639,1.1274783265142563,-0.763671875
1786721759.7204523,19.120000996999806,0.0,27.300000000000082,59.644899714212954,-32.34489971421287,0.14028766682359617,1385.1079466164492,1,0,-0.7903349947365426,-0.21444765650044853,1.1382960181057027,-0.763671875
1786721759.7404451,19.140000679999957,0.0,26.20000000000008,59.644899714212954,-33.44489971421287,0.11096237302457723,1394.4920406321353,1,0,-0.8172130652172552,-0.22145233991659644,1.142623094742281,-0.763671875
1786721759.7641213,19.160000770999886,0.0,25.10000000000008,57.440904614953354,-32.340904614953274,0.15903139693420698,1379.1099529810538,1,0,-0.790237376046109,-0.2282258031398488,1.1707211128969124,-0.79296875
1786721759.7805173,19.18000091699969,0.0,24.000000000000078,57.440904614953354,-33.440904614953276,0.13661907049209443,1386.2818974425297,1,0,-0.8171154465268217,-0.2352296498243644,1.181960320158765,-0.79296875
1786721759.8049185,19.200000877999628,0.0,22.900000000000077,55.156382654962044,-32.25638265496197,0.18414798828195478,1371.0726437497744,1,0,-0.7881721149571869,-0.24198541080971173,1.207549753063506,-0.81640625
1786721759.820449,19.220000894999885,0.0,21.800000000000075,55.156382654962044,-33.35638265496197,0.16074992997779103,1378.5600224071068,1,0,-0.8150501854378995,-0.2489715552563223,1.2177855262254023,-0.81640625
1786721759.8404832,19.240000651999708,0.0,20.700000000000074,55.156382654962044,-34.45638265496197,0.13098002431522615,1388.0863922191277,1,0,-0.8419282559186123,-0.2561880831641961,1.2218798354901608,-0.81640625
1786721759.8656025,19.260001075999753,0.0,19.600000000000072,52.81024170449376,-33.21024170449369,0.17518612515470044,1373.9404399504958,1,0,-0.811479288377168,-0.26314361992171476,1.2428534966960645,-0.837890625
1786721759.8804395,19.28000112999962,0.0,18.50000000000007,52.81024170449376,-34.31024170449369,0.1497419823988304,1382.0825656323743,1,0,-0.8383573588578807,-0.2703295401404966,1.2512429611784257,-0.837890625
1786721759.9056454,19.300000868999632,0.0,17.40000000000007,50.412449946017034,-33.012449946016964,0.1916853828399252,1368.6606774912239,1,0,-0.8066463239909485,-0.27724365148899044,1.2686612469713703,-0.853515625
1786721759.9204423,19.320001033999688,0.0,16.300000000000068,50.412449946017034,-34.112449946016966,0.16486051532789658,1377.2446350950731,1,0,-0.8335243944716612,-0.28438814629874754,1.275628561288548,-0.853515625
1786721759.9418025,19.340000771999712,0.0,15.200000000000069,50.412449946017034,-35.21244994601697,0.1336248757642977,1387.2400397554247,1,0,-0.8604024649523739,-0.2917630245697679,1.2784154870154192,-0.853515625
1786721759.9629974,19.36000078899997,0.0,14.100000000000069,47.97813197035276,-33.8781319703527,0.16172611900546774,1378.2476419182503,1,0,-0.827798926230932,-0.2988584439374616,1.2812880698061677,-0.85546875
1786721759.9806063,19.380000879999898,0.0,13.00000000000007,47.97813197035276,-34.97813197035269,0.1289016622733612,1388.7514680725244,1,0,-0.8546769967116445,-0.3,1.2824371029224673,-0.85546875
1786721760.0056212,19.400000803999774,0.0,11.90000000000007,45.52227310611161,-33.62227310611154,0.17365428888004497,1374.4306275583856,1,0,-0.821547114788942,-0.3,1.295201403668987,-0.869140625
1786721760.0204358,19.42000070899985,0.0,10.80000000000007,45.52227310611161,-34.722273106111544,0.1518819386979402,1381.3977796166591,1,0,-0.8484251852696547,-0.3,1.300307123967595,-0.869140625
1786721760.0416977,19.440000762999716,0.0,9.70000000000007,45.52227310611161,-35.82227310611154,0.1270461563366707,1389.3452299722653,1,0,-0.8753032557503673,-0.3,1.302349412087038,-0.869140625
1786721760.0629067,19.46000094599958,0.0,8.60000000000007,43.05026395614999,-34.45026395614992,0.15962976693249442,1378.9184745816017,1,0,-0.8417787479023208,-0.3,1.3014085148348151,-0.8671875
1786721760.0804505,19.48000096299984,0.0,7.500000000000071,43.05026395614999,-35.55026395614992,0.13237533755089248,1387.6398919837145,1,0,-0.8686568183830335,-0.3,1.301032155933926,-0.8671875
1786721760.1077387,19.500001052999778,0.0,6.400000000000071,40.59833374296613,-34.198333742966064,0.1599852433586828,1378.8047221252216,1,0,-0.8356229315148875,-0.3,1.2956081748735704,-0.861328125
1786721760.1205218,19.520000958999844,0.0,5.300000000000072,40.59833374296613,-35.298333742966065,0.13093758045382797,1388.0999742547751,1,0,-0.8625010019956002,-0.3,1.293438582449428,-0.861328125
1786721760.1427252,19.540001234999636,0.0,4.200000000000072,38.147459139262395,-33.94745913926232,0.1630778369468564,1377.815092177006,1,0,-0.8294929085329148,-0.3,1.2925707454797712,-0.861328125
1786721760.162325,19.56000097299966,0.0,3.100000000000072,38.147459139262395,-35.04745913926232,0.12882138167828128,1388.77715786295,1,0,-0.8563709790136275,-0.3,1.2851923606919087,-0.853515625
1786721760.1805828,19.5800008049996,0.0,2.000000000000072,38.147459139262395,-36.147459139262324,0.09899195728242316,1398.3225736696245,1,0,-0.8832490494943401,-0.3,1.2822410067767633,-0.853515625
1786721760.2063437,19.600000932999592,0.0,0.9000000000000719,35.73224608761768,-34.83224608761761,0.12115907057932862,1391.229097414615,1,0,-0.8511123321313767,-0.3,1.2722714027107054,-0.84375
1786721760.220456,19.62000068999987,0.0,0.0,35.73224608761768,-35.73224608761768,0.09518008037777514,1399.542374279112,1,0,-0.873103480706507,-0.3,1.2682835610842822,-0.84375
1786721760.241702,19.640000872999735,0.0,0.0,33.340649209878194,-33.340649209878194,0.15202267958296423,1381.3527425334514,1,0,-0.8146657448507486,-0.3,1.2666884244337129,-0.84375
1786721760.2629185,19.66000072299994,0.0,0.0,33.340649209878194,-33.340649209878194,0.1390799374227365,1385.4944200247244,1,0,-0.8146657448507486,-0.3,1.2537456822734852,-0.830078125
1786721760.2805085,19.680000794999614,0.0,0.0,33.340649209878194,-33.340649209878194,0.13390284055864554,1387.1510910212335,1,0,-0.8146657448507486,-0.3,1.2485685854093942,-0.830078125
1786721760.3063014,19.700000978999924,0.0,0.0,30.984656596961912,-30.98465659696191,0.17006382386028385,1375.5795763647093,1,0,-0.7570979853034737,-0.3,1.2271618091637575,-0.80859375
1786721760.3204594,19.7200010509996,0.0,0.0,30.984656596961912,-30.98465659696191,0.16150111336202944,1378.3196437241506,1,0,-0.7570979853034737,-0.3,1.218599098665503,-0.80859375
1786721760.3423283,19.740000937999866,0.0,0.0,28.692112083167302,-28.692112083167302,0.2140934591826753,1361.490093061544,1,0,-0.7010805552835259,-0.3,1.215174014466201,-0.80859375
1786721760.364389,19.760001027999806,0.0,0.0,28.692112083167302,-28.692112083167302,0.19866092550295456,1366.4285038390544,1,0,-0.7010805552835259,-0.3,1.1997414807864804,-0.79296875
1786721760.380523,19.780000822999682,0.0,0.0,28.692112083167302,-28.692112083167302,0.19248791203106652,1368.4038681500588,1,0,-0.7010805552835259,-0.3,1.1935684673145923,-0.79296875
1786721760.4071438,19.800001079999674,0.0,0.0,26.458540335123274,-26.458540335123274,0.21647016015836185,1360.7295487493243,1,0,-0.646504101767475,-0.3,1.1629742619258367,-0.76171875
1786721760.4210913,19.82000079999989,0.0,0.0,26.458540335123274,-26.458540335123274,0.20423247800285993,1364.6456070390848,1,0,-0.646504101767475,-0.3,1.1507365797703348,-0.76171875
1786721760.4430683,19.840000723999765,0.0,0.0,24.31622457136882,-24.31622457136882,0.25168405431350815,1349.4611026196774,1,0,-0.5941574525946259,-0.3,1.145841506908134,-0.76171875
1786721760.4652057,19.860001055999874,0.0,0.0,24.31622457136882,-24.31622457136882,0.21281196266862779,1361.900171946039,1,0,-0.5941574525946259,-0.3,1.1069694152632537,-0.720703125
1786721760.481138,19.880000645999644,0.0,0.0,24.31622457136882,-24.31622457136882,0.19726312601067564,1366.8757996765837,1,0,-0.5941574525946259,-0.3,1.0914205786053015,-0.720703125
1786721760.505635,19.900000996000017,0.0,0.0,22.290631317183227,-22.290631317183227,0.19835067157590958,1366.5277850957089,1,0,-0.5446628723662109,-0.3,1.0430135439421204,-0.673828125
1786721760.521785,19.920001364999735,0.0,0.0,22.290631317183227,-22.290631317183227,0.1789878577106374,1372.7238855325961,1,0,-0.5446628723662109,-0.3,1.0236507300768483,-0.673828125
1786721760.5417001,19.94000069599997,0.0,0.0,20.42653221168632,-20.42653221168632,0.21679126592869147,1360.6267949028188,1,0,-0.49911433860204785,-0.3,1.0159056045307393,-0.673828125
1786721760.5649748,19.960000879999825,0.0,0.0,20.42653221168632,-20.42653221168632,0.1609588407102479,1378.4931709727207,1,0,-0.49911433860204785,-0.3,0.9600731793122957,-0.615234375
1786721760.5818386,19.980000691999976,0.0,0.0,20.42653221168632,-20.42653221168632,0.13862587062287046,1385.6397214006815,1,0,-0.49911433860204785,-0.3,0.9377402092249183,-0.615234375
1786721760.606926,20.000001041999894,0.0,0.0,18.724918235309843,-18.724918235309843,0.11853658066793116,1392.068294186262,1,0,-0.4575360655220363,-0.3,0.8760726461899674,-0.556640625
1786721760.6215973,20.020000891999643,0.0,0.0,18.724918235309843,-18.724918235309843,0.09386955545395081,1399.9617422547358,1,0,-0.4575360655220363,-0.3,0.851405620975987,-0.556640625
1786721760.643274,20.040001463999943,0.0,0.0,17.185472018522944,-17.185472018522944,0.12161851256478085,1391.08207597927,1,0,-0.41992029832561384,-0.3,0.8415388108903947,-0.556640625
1786721760.6644204,20.060001073999956,0.0,0.0,17.185472018522944,-17.185472018522944,0.06669522603054401,1408.6575276702258,1,0,-0.41992029832561384,-0.3,0.7866155243561579,-0.5
1786721760.6816227,20.080001182999695,0.0,0.0,17.185472018522944,-17.185472018522944,0.04472591141684934,1415.6877083466081,1,0,-0.41992029832561384,-0.3,0.7646462097424632,-0.5
1786721760.7068756,20.100000680999983,0.0,0.0,15.801780556753386,-15.801780556753387,0.027560646146828294,1421.1805932330149,1,0,-0.38611033775015696,-0.3,0.7136709838969852,-0.453125
1786721760.721506,20.120000882999648,0.0,0.0,15.801780556753386,-15.801780556753387,0.007170555808637125,1427.705422141236,1,0,-0.38611033775015696,-0.3,0.6932808935587941,-0.453125
1786721760.7422996,20.140000898999915,0.0,0.0,14.550438166313,-14.550438166313,0.02959058236950618,1420.531013641758,1,0,-0.35553427505401136,-0.3,0.6851248574235176,-0.453125
1786721760.7647305,20.160000730999855,0.0,0.0,14.550438166313,-14.550438166313,-0.01058589458460435,1430.0,1,1,-0.35553427505401136,-0.3,0.6449483804694071,-0.412109375
1786721760.7815678,20.180001098999583,0.0,0.0,14.550438166313,-14.550438166313,-0.02665648536624854,1430.0,1,1,-0.35553427505401136,-0.3,0.6288777896877629,-0.412109375
1786721760.8068612,20.200000689999797,0.0,0.0,13.410973937037397,-13.410973937037397,-0.03864079566552392,1430.0,1,1,-0.327691911540629,-0.3,0.5890511158751051,-0.375
1786721760.8214989,20.220001002999652,0.0,0.0,13.410973937037397,-13.410973937037397,-0.054571465190586865,1430.0,1,1,-0.327691911540629,-0.3,0.5731204463500421,-0.375
1786721760.843869,20.24000088999992,0.0,0.0,12.390255379787675,-12.390255379787675,-0.036002873616312714,1430.0,1,1,-0.3027510521563295,-0.3,0.5667481785400168,-0.375
1786721760.8647914,20.260000942999795,0.0,0.0,12.390255379787675,-12.390255379787675,-0.0754658432403228,1430.0,1,1,-0.3027510521563295,-0.3,0.5272852089160067,-0.333984375
1786721760.8819134,20.28000110799985,0.0,0.0,12.390255379787675,-12.390255379787675,-0.09125103108992683,1430.0,1,1,-0.3027510521563295,-0.3,0.5115000210664027,-0.333984375
1786721760.9068537,20.300000883999928,0.0,0.0,11.464286018633686,-11.464286018633686,-0.10833784395515256,1430.0,1,1,-0.2801253523817137,-0.3,0.47178750842656114,-0.296875
1786721760.9215224,20.320001177999984,0.0,0.0,11.464286018633686,-11.464286018633686,-0.12422284901108926,1430.0,1,1,-0.2801253523817137,-0.3,0.45590250337062443,-0.296875
1786721760.943072,20.340001342999585,0.0,0.0,10.641417482377278,-10.641417482377278,-0.11047037965722706,1430.0,1,1,-0.2600188810054768,-0.3,0.44954850134824975,-0.296875
1786721760.9647949,20.360000877999937,0.0,0.0,10.641417482377278,-10.641417482377278,-0.1428947929661769,1430.0,1,1,-0.2600188810054768,-0.3,0.4171240880392999,-0.263671875
1786721760.9816215,20.380000913000003,0.0,0.0,10.641417482377278,-10.641417482377278,-0.15586455828975682,1430.0,1,1,-0.2600188810054768,-0.3,0.40415432271572,-0.263671875
1786721761.0068977,20.400000985999668,0.0,0.0,9.931103743878168,-9.931103743878168,-0.17885247557664552,1430.0,1,1,-0.24266264216293354,-0.3,0.36381016658628795,-0.224609375
1786721761.0214875,20.42000092799981,0.0,0.0,9.931103743878168,-9.931103743878168,-0.19499013802841825,1430.0,1,1,-0.24266264216293354,-0.3,0.3476725041345152,-0.224609375
1786721761.0417032,20.440000962999875,0.0,0.0,9.333534281727623,-9.333534281727623,-0.18684382653566933,1430.0,1,1,-0.22806126568947543,-0.3,0.3412174391538061,-0.224609375
1786721761.0647926,20.460001035000005,0.0,0.0,9.333534281727623,-9.333534281727623,-0.22458210252795296,1430.0,1,1,-0.22806126568947543,-0.3,0.30347916316152246,-0.185546875
1786721761.081503,20.48000108899987,0.0,0.0,9.333534281727623,-9.333534281727623,-0.23967741292486644,1430.0,1,1,-0.22806126568947543,-0.3,0.288383852764609,-0.185546875
1786721761.1068609,20.500000882999757,0.0,0.0,8.84651182693267,-8.84651182693267,-0.2724872085693878,1430.0,1,1,-0.2161610621752314,-0.3,0.24367385360584362,-0.142578125
1786721761.1214817,20.520001047999813,0.0,0.0,8.84651182693267,-8.84651182693267,-0.290371208232894,1430.0,1,1,-0.2161610621752314,-0.3,0.22578985394233742,-0.142578125
1786721761.1449108,20.54000095399988,0.0,0.0,8.467254998885153,-8.467254998885153,-0.28825781559415764,1430.0,1,1,-0.20689406967109258,-0.3,0.218636254076935,-0.142578125
1786721761.1647117,20.560000821999893,0.0,0.0,8.467254998885153,-8.467254998885153,-0.3297911305403186,1430.0,1,1,-0.20689406967109258,-0.3,0.177102939130774,-0.099609375
1786721761.1815915,20.580000893999568,0.0,0.0,8.467254998885153,-8.467254998885153,-0.34640445651878304,1430.0,1,1,-0.20689406967109258,-0.3,0.16048961315230958,-0.099609375
1786721761.2068639,20.60000074399977,0.0,0.0,8.21507053934738,-8.21507053934738,-0.3838018206123535,1430.0,1,1,-0.2007320408732774,-0.3,0.11693022026092385,-0.05859375
1786721761.221514,20.620001112999944,0.0,0.0,8.21507053934738,-8.21507053934738,-0.4012255777689079,1430.0,1,1,-0.2007320408732774,-0.3,0.09950646310436953,-0.05859375
1786721761.2447743,20.640000832999704,0.0,0.0,8.083194986715938,-8.083194986715938,-0.40497275299670155,1430.0,1,1,-0.19750971323844937,-0.3,0.09253696024174782,-0.05859375
1786721761.2647233,20.66000075699958,0.0,0.0,8.083194986715938,-8.083194986715938,-0.4429168041417503,1430.0,1,1,-0.19750971323844937,-0.3,0.05459290909669913,-0.01953125
1786721761.2814958,20.680001032999826,0.0,0.0,8.083194986715938,-8.083194986715938,-0.45809442459976973,1430.0,1,1,-0.19750971323844937,-0.3,0.03941528863867965,-0.01953125
1786721761.3068967,20.700000826999712,0.0,0.0,8.062816555582174,-8.062816555582174,-0.4970659712754324,1430.0,1,1,-0.19701177423090424,-0.3,-5.419704452813614e-05,0.017578125
1786721761.3214755,20.720000658999652,0.0,0.0,8.062816555582174,-8.062816555582174,-0.5128537655487155,1430.0,1,1,-0.19701177423090424,-0.3,-0.015841991317811253,0.017578125
1786721761.3447871,20.740000730999782,0.0,0.0,8.119131924143119,-8.119131924143119,-0.5205449272992364,1430.0,1,1,-0.19838781827211188,-0.3,-0.0221571090271245,0.017578125
1786721761.3647375,20.760001006999573,0.0,0.0,8.119131924143119,-8.119131924143119,-0.5301022243829616,1430.0,1,1,-0.19838781827211188,-0.3,-0.0317144061108498,0.025390625
1786721761.381587,20.780000856999777,0.0,0.0,8.119131924143119,-8.119131924143119,-0.5339251432164518,1430.0,1,1,-0.19838781827211188,-0.3,-0.03553732494433992,0.025390625
1786721761.40694,20.800001020999844,0.0,0.0,8.179251199584598,-8.179251199584598,-0.5298920517703619,1430.0,1,1,-0.19985680929262595,-0.3,-0.03003524247773597,0.017578125
1786721761.4215052,20.820001018999847,0.0,0.0,8.179251199584598,-8.179251199584598,-0.5276912187837203,1430.0,1,1,-0.19985680929262595,-0.3,-0.027834409491094385,0.017578125
1786721761.443157,20.840001294999638,0.0,0.0,8.20924040503985,-8.20924040503985,-0.5275436601144153,1430.0,1,1,-0.20058958381797756,-0.3,-0.026954076296437757,0.017578125
1786721761.4649417,20.860001329999704,0.0,0.0,8.20924040503985,-8.20924040503985,-0.5131290268365527,1430.0,1,1,-0.20058958381797756,-0.3,-0.012539443018575104,0.001953125
1786721761.4815629,20.88000105099991,0.0,0.0,8.20924040503985,-8.20924040503985,-0.5073631735254076,1430.0,1,1,-0.20058958381797756,-0.3,-0.006773589707430042,0.001953125
1786721761.5068502,20.900000918999922,0.0,0.0,8.204429691311702,-8.204429691311702,-0.49615022178945173,1430.0,1,1,-0.2004720359064797,-0.3,0.004321814117027983,-0.0078125
1786721761.5215936,20.920001176999904,0.0,0.0,8.204429691311702,-8.204429691311702,-0.4917120602596685,1430.0,1,1,-0.2004720359064797,-0.3,0.008759975646811193,-0.0078125
1786721761.5448077,20.9400008599996,0.0,0.0,8.10943123314243,-8.10943123314243,-0.4876155454166345,1430.0,1,1,-0.19815078567535901,-0.3,0.010535240258724477,-0.0078125
1786721761.5647678,20.960001153999656,0.0,0.0,8.10943123314243,-8.10943123314243,-0.48866325207186917,1430.0,1,1,-0.19815078567535901,-0.3,0.009487533603489792,-0.005859375
1786721761.5817547,20.980001077999987,0.0,0.0,8.10943123314243,-8.10943123314243,-0.48908233473396306,1430.0,1,1,-0.19815078567535901,-0.3,0.009068450941395917,-0.005859375
1786721761.6062207,21.0000009649998,0.0,0.0,7.83115268961194,-7.83115268961194,-0.4894815902476347,1430.0,1,1,-0.19135115812419304,-0.3,0.001869567876558367,0.001953125
1786721761.6214957,21.0200009819996,0.0,0.0,7.83115268961194,-7.83115268961194,-0.4923611434735697,1430.0,1,1,-0.19135115812419304,-0.3,-0.0010099853493766532,0.001953125
1786721761.6449833,21.040001072999985,0.0,0.0,7.705083865495197,-7.705083865495197,-0.490432522273007,1430.0,1,1,-0.1882707156332563,-0.3,-0.0021618066397506614,0.001953125
1786721761.6648018,21.060001070999988,0.0,0.0,7.705083865495197,-7.705083865495197,-0.4908932507891566,1430.0,1,1,-0.1882707156332563,-0.3,-0.0026225351559002645,0.001953125
1786721761.6815403,21.0800009579998,0.0,0.0,7.705083865495197,-7.705083865495197,-0.4910775421956164,1430.0,1,1,-0.1882707156332563,-0.3,-0.0028068265623601056,0.001953125
1786721761.706261,21.100000808000004,0.0,0.0,7.6643375988825255,-7.6643375988825255,-0.4883978271437992,1430.0,1,1,-0.18727509651885516,-0.3,-0.0011227306249440424,0.0
1786721761.7208996,21.12000100899968,0.0,0.0,7.6643375988825255,-7.6643375988825255,-0.4877241887688328,1430.0,1,1,-0.18727509651885516,-0.3,-0.00044909224997761695,0.0
1786721761.7448254,21.140000766999947,0.0,0.0,7.6042104985695005,-7.6042104985695005,-0.4859855512006513,1430.0,1,1,-0.18580591430066026,-0.3,-0.0001796368999910468,0.0
1786721761.7648015,21.16000089399995,0.0,0.0,7.6042104985695005,-7.6042104985695005,-0.48411995656065665,1430.0,1,1,-0.18580591430066026,-0.3,0.001685957740003581,-0.001953125
1786721761.7816112,21.180000892999942,0.0,0.0,7.6042104985695005,-7.6042104985695005,-0.4833737187046588,1430.0,1,1,-0.18580591430066026,-0.3,0.002432195596001432,-0.001953125
1786721761.8062887,21.200001445999987,0.0,0.0,7.552788347295234,-7.552788347295234,-0.48357655587478726,1430.0,1,1,-0.1845494341131879,-0.3,0.000972878238400573,0.0
1786721761.821516,21.220000851999885,0.0,0.0,7.552788347295234,-7.552788347295234,-0.48416028281782764,1430.0,1,1,-0.1845494341131879,-0.3,0.00038915129536022924,0.0
1786721761.8448772,21.240000719999898,0.0,0.0,7.5120477583921,-7.5120477583921,-0.48339829321325817,1430.0,1,1,-0.18355395373140226,-0.3,0.0001556605181440917,0.0
1786721761.8648155,21.260001014999943,0.0,0.0,7.5120477583921,-7.5120477583921,-0.48524950202414463,1430.0,1,1,-0.18355395373140226,-0.3,-0.0016955482927423632,0.001953125
1786721761.8815005,21.280001160999745,0.0,0.0,7.5120477583921,-7.5120477583921,-0.4859899855484992,1430.0,1,1,-0.18355395373140226,-0.3,-0.0024360318170969456,0.001953125
1786721761.90614,21.30000078799958,0.0,0.0,7.477163327711082,-7.477163327711083,-0.48191816651594654,1430.0,1,1,-0.1827015662891078,-0.3,0.0007833997731612216,-0.001953125
1786721761.9215379,21.320000804999836,0.0,0.0,7.477163327711082,-7.477163327711083,-0.4806303938798433,1430.0,1,1,-0.1827015662891078,-0.3,0.0020711724092644886,-0.001953125
1786721761.9444156,21.340000654999585,0.0,0.0,7.437450598778241,-7.437450598778242,-0.47914491980063983,1430.0,1,1,-0.1817312012643457,-0.3,0.0025862814637057953,-0.001953125
1786721761.9647717,21.360000726999715,0.0,0.0,7.437450598778241,-7.437450598778242,-0.4789388761788633,1430.0,1,1,-0.1817312012643457,-0.3,0.0027923250854823183,-0.001953125
1786721761.9815443,21.38000100299996,0.0,0.0,7.437450598778241,-7.437450598778242,-0.4788564587301527,1430.0,1,1,-0.1817312012643457,-0.3,0.0028747425341929273,-0.001953125
1786721762.0062346,21.40000085299971,0.0,0.0,7.391887124424386,-7.391887124424386,-0.4812257910460966,1430.0,1,1,-0.1806178755597738,-0.3,-0.0006079154863228289,0.001953125
1786721762.0214913,21.42000094399964,0.0,0.0,7.391887124424386,-7.391887124424386,-0.4826188542543029,1430.0,1,1,-0.1806178755597738,-0.3,-0.0020009786945291317,0.001953125
1786721762.0447826,21.44000101599977,0.0,0.0,7.365713763438606,-7.365713763438606,-0.48253654368186455,1430.0,1,1,-0.17997833970405294,-0.3,-0.0025582039778116526,0.001953125
1786721762.06474,21.46000082899991,0.0,0.0,7.365713763438606,-7.365713763438606,-0.48451724629517756,1430.0,1,1,-0.17997833970405294,-0.3,-0.004538906591124661,0.00390625
1786721762.0815372,21.480000863999976,0.0,0.0,7.365713763438606,-7.365713763438606,-0.48530952734050276,1430.0,1,1,-0.17997833970405294,-0.3,-0.005331187636449864,0.00390625
1786721762.1061552,21.500000880999778,0.0,0.0,7.341497071897379,-7.34149707189738,-0.4815190893567649,1430.0,1,1,-0.179386614302185,-0.3,-0.002132475054579946,0.0
1786721762.1214936,21.52000082299992,0.0,0.0,7.341497071897379,-7.34149707189738,-0.48023960432401697,1430.0,1,1,-0.179386614302185,-0.3,-0.0008529900218319785,0.0
1786721762.1448958,21.5400012099999,0.0,0.0,7.311433425255871,-7.3114334252558715,-0.4789932168442471,1430.0,1,1,-0.17865202083551435,-0.3,-0.0003411960087327914,0.0
1786721762.164757,21.56000065299986,0.0,0.0,7.311433425255871,-7.3114334252558715,-0.47878849923900746,1430.0,1,1,-0.17865202083551435,-0.3,-0.00013647840349311657,0.0
1786721762.1814837,21.580000668999674,0.0,0.0,7.311433425255871,-7.3114334252558715,-0.4787066121969116,1430.0,1,1,-0.17865202083551435,-0.3,-5.459136139724663e-05,0.0
1786721762.206229,21.600000870999793,0.0,0.0,7.281370056860794,-7.281370056860795,-0.4761814582122455,1430.0,1,1,-0.17791743416768663,-0.3,0.0017359759554411015,-0.001953125
1786721762.2209258,21.620000720999997,0.0,0.0,7.281370056860794,-7.281370056860795,-0.47546523128551016,1430.0,1,1,-0.17791743416768663,-0.3,0.0024522028821764405,-0.001953125
1786721762.2447956,21.640000700999735,0.0,0.0,7.265870084753658,-7.265870084753658,-0.4748000047486845,1430.0,1,1,-0.17753869840155506,-0.3,0.002738693652870576,-0.001953125
1786721762.2647521,21.66000093899993,0.0,0.0,7.265870084753658,-7.265870084753658,-0.4782010334404068,1430.0,1,1,-0.17753869840155506,-0.3,-0.0006623350388517694,0.001953125
1786721762.281527,21.68000093699993,0.0,0.0,7.265870084753658,-7.265870084753658,-0.47956144491709574,1430.0,1,1,-0.17753869840155506,-0.3,-0.002022746515540708,0.001953125
1786721762.3058815,21.700000860999808,0.0,0.0,7.235807048646166,-7.2358070486461665,-0.479371030959261,1430.0,1,1,-0.17680411985304473,-0.3,-0.002566911106216283,0.001953125
1786721762.3208227,21.720001062999927,0.0,0.0,7.235807048646166,-7.2358070486461665,-0.47958869679553123,1430.0,1,1,-0.17680411985304473,-0.3,-0.0027845769424865133,0.001953125
1786721762.344134,21.740000968999993,0.0,0.0,7.215442877967689,-7.21544287796769,-0.4791781725711508,1430.0,1,1,-0.17630652929415622,-0.3,-0.0028716432769946053,0.001953125
1786721762.3641138,21.760001058999933,0.0,0.0,7.215442877967689,-7.21544287796769,-0.479212999104954,1430.0,1,1,-0.17630652929415622,-0.3,-0.002906469810797842,0.001953125
1786721762.3814654,21.780001020999862,0.0,0.0,7.215442877967689,-7.21544287796769,-0.4792269297184753,1430.0,1,1,-0.17630652929415622,-0.3,-0.002920400424319137,0.001953125
1786721762.405867,21.800000888999875,0.0,0.0,7.200952171854198,-7.200952171854198,-0.4788784272182169,1430.0,1,1,-0.1759524545484892,-0.3,-0.0029259726697276546,0.001953125
1786721762.4214811,21.82000120199973,0.0,0.0,7.200952171854198,-7.200952171854198,-0.4788806561163803,1430.0,1,1,-0.1759524545484892,-0.3,-0.002928201567891062,0.001953125
1786721762.4441419,21.840000792999945,0.0,0.0,7.185416326690017,-7.185416326690018,-0.47850193536537267,1430.0,1,1,-0.17557284223821623,-0.3,-0.002929093127156425,0.001953125
1786721762.464333,21.860001308999927,0.0,0.0,7.185416326690017,-7.185416326690018,-0.4767444794890788,1430.0,1,1,-0.17557284223821623,-0.3,-0.00117163725086257,0.0
1786721762.4815967,21.88000143699992,0.0,0.0,7.185416326690017,-7.185416326690018,-0.47604149713856125,1430.0,1,1,-0.17557284223821623,-0.3,-0.000468654900345028,0.0
1786721762.5055356,21.900000916999943,0.0,0.0,7.165083863035051,-7.1650838630350515,-0.4752634883882045,1430.0,1,1,-0.1750760264280665,-0.3,-0.0001874619601380112,0.0
1786721762.5215123,21.920001265999872,0.0,0.0,7.165083863035051,-7.1650838630350515,-0.47515101121212167,1430.0,1,1,-0.1750760264280665,-0.3,-7.49847840552045e-05,0.0
1786721762.5441585,21.94000085699963,0.0,0.0,7.144716830283812,-7.144716830283812,-0.47460835984916966,1430.0,1,1,-0.1745783659355476,-0.3,-2.99939136220818e-05,0.0
1786721762.5641103,21.960001021999688,0.0,0.0,7.144716830283812,-7.144716830283812,-0.4728325510009964,1430.0,1,1,-0.1745783659355476,-0.3,0.001745814934551167,-0.001953125
1786721762.5815368,21.980000852999638,0.0,0.0,7.144716830283812,-7.144716830283812,-0.4721222274617271,1430.0,1,1,-0.1745783659355476,-0.3,0.002456138473820467,-0.001953125
1786721762.6059756,22.00000072199964,0.0,0.0,7.134049853605802,-7.134049853605803,-0.4750930796360488,1430.0,1,1,-0.17431772252557698,-0.3,-0.0007753571104718131,0.001953125
1786721762.6215074,22.02000079399977,0.0,0.0,7.134049853605802,-7.134049853605803,-0.4763856778697657,1430.0,1,1,-0.17431772252557698,-0.3,-0.002067955344188725,0.001953125
1786721762.6443584,22.040001458999996,0.0,0.0,7.119517093929261,-7.119517093929262,-0.47654761485519304,1430.0,1,1,-0.1739626202175176,-0.3,-0.00258499463767549,0.001953125
1786721762.6641958,22.06000071599965,0.0,0.0,7.119517093929261,-7.119517093929262,-0.47675443057258776,1430.0,1,1,-0.1739626202175176,-0.3,-0.002791810355070196,0.001953125
1786721762.6815352,22.080000954999832,0.0,0.0,7.119517093929261,-7.119517093929262,-0.47683715685954564,1430.0,1,1,-0.1739626202175176,-0.3,-0.0028745366420280783,0.001953125
1786721762.705874,22.10000091599977,0.0,0.0,7.103984085696453,-7.103984085696453,-0.47473289188336615,1430.0,1,1,-0.17358307722655494,-0.3,-0.0011498146568112314,0.0
1786721762.7206495,22.120001154999954,0.0,0.0,7.103984085696453,-7.103984085696453,-0.4740430030892794,1430.0,1,1,-0.17358307722655494,-0.3,-0.00045992586272449257,0.0
1786721762.744181,22.14000096799964,0.0,0.0,7.093318508568842,-7.093318508568842,-0.4735064383591417,1430.0,1,1,-0.17332246801405185,-0.3,-0.000183970345089797,0.0
1786721762.7641308,22.16000089199997,0.0,0.0,7.093318508568842,-7.093318508568842,-0.4733960561520878,1430.0,1,1,-0.17332246801405185,-0.3,-7.358813803591881e-05,0.0
1786721762.7814755,22.18000098199991,0.0,0.0,7.093318508568842,-7.093318508568842,-0.47335190326926624,1430.0,1,1,-0.17332246801405185,-0.3,-2.9435255214367528e-05,0.0
1786721762.805913,22.200001035999776,0.0,0.0,7.078784578510351,-7.078784578510351,-0.4747369237102523,1430.0,1,1,-0.17296733710816653,-0.3,-0.0017695866020857468,0.001953125
1786721762.8214822,22.220000848999916,0.0,0.0,7.078784578510351,-7.078784578510351,-0.4754329842490008,1430.0,1,1,-0.17296733710816653,-0.3,-0.0024656471408342987,0.001953125
1786721762.8441434,22.240000624999993,0.0,0.0,7.069087192200556,-7.069087192200556,-0.47547445661657894,1430.0,1,1,-0.17273038526024526,-0.3,-0.0027440713563337193,0.001953125
1786721762.8641307,22.26000069699967,0.0,0.0,7.069087192200556,-7.069087192200556,-0.47558582630277874,1430.0,1,1,-0.17273038526024526,-0.3,-0.002855441042533488,0.001953125
1786721762.881468,22.28000075099999,0.0,0.0,7.069087192200556,-7.069087192200556,-0.4756303741772586,1430.0,1,1,-0.17273038526024526,-0.3,-0.002899988917013395,0.001953125
1786721762.904973,22.3000007859996,0.0,0.0,7.0593898169265685,-7.0593898169265685,-0.471895616748785,1430.0,1,1,-0.17249343368197967,-0.3,0.0005978169331946419,-0.001953125
1786721762.9215052,22.320000950999656,0.0,0.0,7.0593898169265685,-7.0593898169265685,-0.4704964944087018,1430.0,1,1,-0.17249343368197967,-0.3,0.0019969392732778566,-0.001953125
1786721762.9435954,22.340001003999987,0.0,0.0,7.04388667487251,-7.04388667487251,-0.4695580322501217,1430.0,1,1,-0.17211462045943288,-0.3,0.0025565882093111425,-0.001953125
1786721762.963464,22.3600009099996,0.0,0.0,7.04388667487251,-7.04388667487251,-0.4693341726757084,1430.0,1,1,-0.17211462045943288,-0.3,0.002780447783724457,-0.001953125
1786721762.9815588,22.380001111999718,0.0,0.0,7.04388667487251,-7.04388667487251,-0.4692446288459431,1430.0,1,1,-0.17211462045943288,-0.3,0.002869991613489783,-0.001953125
1786721763.005244,22.400001164999594,0.0,0.0,7.028356286420177,-7.028356286420177,-0.4688293323363873,1430.0,1,1,-0.17173514148178318,-0.3,0.0029058091453959133,-0.001953125
1786721763.0215015,22.420000829999935,0.0,0.0,7.028356286420177,-7.028356286420177,-0.46881500532362486,1430.0,1,1,-0.17173514148178318,-0.3,0.002920136158158365,-0.001953125
1786721763.0435088,22.440000790999875,0.0,0.0,7.013823023938528,-7.013823023938528,-0.4684541599246139,1430.0,1,1,-0.17138002688787732,-0.3,0.002925866963263346,-0.001953125
1786721763.063467,22.46000071499975,0.0,0.0,7.013823023938528,-7.013823023938528,-0.4702096801025719,1430.0,1,1,-0.17138002688787732,-0.3,0.0011703467853053386,0.0
1786721763.0814836,22.48000067599969,0.0,0.0,7.013823023938528,-7.013823023938528,-0.4709118881737551,1430.0,1,1,-0.17138002688787732,-0.3,0.00046813871412213545,0.0
1786721763.1047637,22.500001099999736,0.0,0.0,7.0041175506265745,-7.0041175506265745,-0.4709556219515672,1430.0,1,1,-0.17114287743721607,-0.3,0.0001872554856488542,0.0
1786721763.1214921,22.520000801999686,0.0,0.0,7.0041175506265745,-7.0041175506265745,-0.4710679752429565,1430.0,1,1,-0.17114287743721607,-0.3,7.490219425954168e-05,0.0
1786721763.14355,22.540000707999752,0.0,0.0,6.9934541315105605,-6.9934541315105605,-0.4708523600771799,1430.0,1,1,-0.17088232095488373,-0.3,2.996087770381667e-05,0.0
1786721763.1634605,22.560001075999935,0.0,0.0,6.9934541315105605,-6.9934541315105605,-0.47438596160380214,1430.0,1,1,-0.17088232095488373,-0.3,-0.0035036406489184733,0.00390625
1786721763.181452,22.58000081499995,0.0,0.0,6.9934541315105605,-6.9934541315105605,-0.4757994022144511,1430.0,1,1,-0.17088232095488373,-0.3,-0.0049170812595673895,0.00390625
1786721763.205217,22.600000923999687,0.0,0.0,6.983751929445447,-6.983751929445447,-0.47436989643968863,1430.0,1,1,-0.17064525143586168,-0.3,-0.003724645003826956,0.001953125
1786721763.2204878,22.620000848000018,0.0,0.0,6.983751929445447,-6.983751929445447,-0.47389292193739246,1430.0,1,1,-0.17064525143586168,-0.3,-0.0032476705015307824,0.001953125
1786721763.2435436,22.640000919999693,0.0,0.0,6.977952210518424,-6.977952210518425,-0.4735604182691205,1430.0,1,1,-0.1705035375685082,-0.3,-0.0030568807006123126,0.001953125
1786721763.263448,22.660000769999897,0.0,0.0,6.977952210518424,-6.977952210518425,-0.4717262898487531,1430.0,1,1,-0.1705035375685082,-0.3,-0.0012227522802449253,0.0
1786721763.281532,22.68000089799989,0.0,0.0,6.977952210518424,-6.977952210518425,-0.47099263848060613,1430.0,1,1,-0.1705035375685082,-0.3,-0.0004891009120979702,0.0
1786721763.3051999,22.700000895999892,0.0,0.0,6.9682499117635075,-6.9682499117635075,-0.47046210605174776,1430.0,1,1,-0.17026646568690856,-0.3,-0.00019564036483918807,0.0
1786721763.3214788,22.72000085699983,0.0,0.0,6.9682499117635075,-6.9682499117635075,-0.4703447218328442,1430.0,1,1,-0.17026646568690856,-0.3,-7.825614593567524e-05,0.0
1786721763.3434944,22.740000651999708,0.0,0.0,6.958520282330255,-6.958520282330255,-0.47006002844922995,1430.0,1,1,-0.17002872599085567,-0.3,-3.130245837427009e-05,0.0
1786721763.363472,22.760000871999637,0.0,0.0,6.958520282330255,-6.958520282330255,-0.47004124697420535,1430.0,1,1,-0.17002872599085567,-0.3,-1.252098334970804e-05,0.0
1786721763.3815167,22.78000099999963,0.0,0.0,6.958520282330255,-6.958520282330255,-0.47003373438419555,1430.0,1,1,-0.17002872599085567,-0.3,-5.0083933398832155e-06,0.0
1786721763.4052725,22.800001015999896,0.0,0.0,6.948817337111734,-6.948817337111734,-0.46979364167050625,1430.0,1,1,-0.16979163831317032,-0.3,-2.0033573359532865e-06,0.0
1786721763.4214897,22.820000847999836,0.0,0.0,6.948817337111734,-6.948817337111734,-0.4697924396561047,1430.0,1,1,-0.16979163831317032,-0.3,-8.013429343813146e-07,0.0
1786721763.4435084,22.84000097499984,0.0,0.0,6.94788827294451,-6.94788827294451,-0.46976925753019155,1430.0,1,1,-0.16976893699301782,-0.3,-3.205371737525259e-07,0.0
1786721763.4636629,22.860001158999694,0.0,0.0,6.94788827294451,-6.94788827294451,-0.4715268777078873,1430.0,1,1,-0.16976893699301782,-0.3,-0.001757940714869501,0.001953125
1786721763.4816046,22.880001026999707,0.0,0.0,6.94788827294451,-6.94788827294451,-0.4722299257789656,1430.0,1,1,-0.16976893699301782,-0.3,-0.0024609887859478002,0.001953125
1786721763.5044317,22.900000821999583,0.0,0.0,6.933323054375592,-6.933323054375592,-0.4703974370789766,1430.0,1,1,-0.16941304156459747,-0.3,-0.0009843955143791201,0.0
1786721763.5214956,22.920000930999777,0.0,0.0,6.933323054375592,-6.933323054375592,-0.4698067997703491,1430.0,1,1,-0.16941304156459747,-0.3,-0.00039375820575164805,0.0
1786721763.543513,22.940000835999854,0.0,0.0,6.933323054375592,-6.933323054375592,-0.46957054484689814,1430.0,1,1,-0.16941304156459747,-0.3,-0.00015750328230065922,0.0
1786721763.5634484,22.960000685999603,0.0,0.0,6.933323054375592,-6.933323054375592,-0.4694760428775177,1430.0,1,1,-0.16941304156459747,-0.3,-6.300131292026369e-05,0.0
1786721763.5814521,22.98000085099966,0.0,0.0,6.933323054375592,-6.933323054375592,-0.46943824208976553,1430.0,1,1,-0.16941304156459747,-0.3,-2.5200525168105478e-05,0.0
1786721763.6053076,23.000001052999778,0.0,0.0,6.922661984970148,-6.922661984970148,-0.46740481020659264,1430.0,1,1,-0.1691525424965254,-0.3,0.0017477322899327576,-0.001953125
1786721763.6217027,23.02000093999959,0.0,0.0,6.922661984970148,-6.922661984970148,-0.4666956370805523,1430.0,1,1,-0.1691525424965254,-0.3,0.002456905415973103,-0.001953125
1786721763.6437764,23.040001030999974,0.0,0.0,6.912033499590422,-6.9120334995904225,-0.4661522649400094,1430.0,1,1,-0.1688928396063986,-0.3,0.002740574666389241,-0.001953125
1786721763.6635792,23.060000805999607,0.0,0.0,6.912033499590422,-6.9120334995904225,-0.46603879723984293,1430.0,1,1,-0.1688928396063986,-0.3,0.0028540423665556966,-0.001953125
1786721763.681524,23.080000859999927,0.0,0.0,6.912033499590422,-6.9120334995904225,-0.4659934101597763,1430.0,1,1,-0.1688928396063986,-0.3,0.0028994294466222785,-0.001953125
1786721763.7052524,23.100000672999613,0.0,0.0,6.907195432306821,-6.907195432306821,-0.46585703904280507,1430.0,1,1,-0.168774623321454,-0.3,0.002917584278648911,-0.001953125
1786721763.7217493,23.120000800999605,0.0,0.0,6.907195432306821,-6.907195432306821,-0.4658497771099944,1430.0,1,1,-0.168774623321454,-0.3,0.0029248462114595647,-0.001953125
1786721763.7435143,23.140000762,0.0,0.0,6.897492063410908,-6.897492063410908,-0.4656097743067931,1430.0,1,1,-0.16853752529137697,-0.3,0.0029277509845838257,-0.001953125
1786721763.7634568,23.16000072299994,0.0,0.0,6.897492063410908,-6.897492063410908,-0.4691242373975434,1430.0,1,1,-0.16853752529137697,-0.3,-0.0005867121061664696,0.001953125
1786721763.7814655,23.180000831999678,0.0,0.0,6.897492063410908,-6.897492063410908,-0.4705300226338435,1430.0,1,1,-0.16853752529137697,-0.3,-0.001992497342466588,0.001953125
1786721763.8052537,23.200000903999808,0.0,0.0,6.893617607713338,-6.893617607713338,-0.46923985341626023,1430.0,1,1,-0.16844285447927362,-0.3,-0.0007969989369866351,0.0
1786721763.8214812,23.220000938999874,0.0,0.0,6.893617607713338,-6.893617607713338,-0.4687616540540682,1430.0,1,1,-0.16844285447927362,-0.3,-0.0003187995747946541,0.0
1786721763.8435793,23.240000677999888,0.0,0.0,6.892660941756219,-6.892660941756219,-0.46854699855008064,1430.0,1,1,-0.16841947872016277,-0.3,-0.00012751982991786163,0.0
1786721763.8634374,23.260000621000017,0.0,0.0,6.892660941756219,-6.892660941756219,-0.4702282991521299,1430.0,1,1,-0.16841947872016277,-0.3,-0.0018088204319671444,0.001953125
1786721763.8814688,23.280000951999682,0.0,0.0,6.892660941756219,-6.892660941756219,-0.47090081939294964,1430.0,1,1,-0.16841947872016277,-0.3,-0.0024813406727868578,0.001953125
1786721763.9043906,23.300000653999632,0.0,0.0,6.8829532930921005,-6.882953293092101,-0.4691748123847355,1430.0,1,1,-0.1681822761156208,-0.3,-0.000992536269114743,0.0
1786721763.9215117,23.320000725999762,0.0,0.0,6.8829532930921005,-6.882953293092101,-0.4685792906232667,1430.0,1,1,-0.1681822761156208,-0.3,-0.00039701450764589733,0.0
1786721763.9429357,23.340001112999744,0.0,0.0,6.881997024206754,-6.881997024206754,-0.468317715861862,1430.0,1,1,-0.16815891005880365,-0.3,-0.00015880580305835894,0.0
1786721763.962765,23.360000833999948,0.0,0.0,6.881997024206754,-6.881997024206754,-0.46998024488002693,1430.0,1,1,-0.16815891005880365,-0.3,-0.0018213348212233434,0.001953125
1786721763.9815552,23.380001053999877,0.0,0.0,6.881997024206754,-6.881997024206754,-0.47064525648729294,1430.0,1,1,-0.16815891005880365,-0.3,-0.0024863464284893373,0.001953125
1786721764.003511,23.400000996000017,0.0,0.0,6.8829532930921005,-6.882953293092101,-0.46917681468701655,1430.0,1,1,-0.1681822761156208,-0.3,-0.000994538571395735,0.0
1786721764.0218048,23.420001642999978,0.0,0.0,6.8829532930921005,-6.882953293092101,-0.46858009154417907,1430.0,1,1,-0.1681822761156208,-0.3,-0.00039781542855829403,0.0
1786721764.04355,23.440000993000012,0.0,0.0,6.8829532930921005,-6.882953293092101,-0.46834140228704413,1430.0,1,1,-0.1681822761156208,-0.3,-0.00015912617142331765,0.0
1786721764.0628102,23.460001008999825,0.0,0.0,6.8829532930921005,-6.882953293092101,-0.4664881140841901,1430.0,1,1,-0.1681822761156208,-0.3,0.0016941620314306727,-0.001953125
1786721764.0816672,23.480001006999828,0.0,0.0,6.8829532930921005,-6.882953293092101,-0.46574679880304853,1430.0,1,1,-0.1681822761156208,-0.3,0.002435477312572269,-0.001953125
1786721764.1047373,23.500001208999947,0.0,0.0,6.881997024206754,-6.881997024206754,-0.46542690663377473,1430.0,1,1,-0.16815891005880365,-0.3,0.0027320034250289072,-0.001953125
1786721764.1216002,23.520000892999633,0.0,0.0,6.881997024206754,-6.881997024206754,-0.46530829618879205,1430.0,1,1,-0.16815891005880365,-0.3,0.002850613870011563,-0.001953125
1786721764.1434603,23.540001149999625,0.0,0.0,6.873252923627774,-6.873252923627774,-0.46504719332747874,1430.0,1,1,-0.1679452513754834,-0.3,0.0028980580480046252,-0.001953125
1786721764.162816,23.56000111100002,0.0,0.0,6.873252923627774,-6.873252923627774,-0.4650282156562815,1430.0,1,1,-0.1679452513754834,-0.3,0.00291703571920185,-0.001953125
1786721764.1815171,23.580001108999568,0.0,0.0,6.873252923627774,-6.873252923627774,-0.46502062458780263,1430.0,1,1,-0.1679452513754834,-0.3,0.0029246267876807397,-0.001953125
1786721764.204655,23.600000736999846,0.0,0.0,6.867428413226236,-6.867428413226236,-0.46487526852305816,1430.0,1,1,-0.16780293173813052,-0.3,0.002927663215072296,-0.001953125
1786721764.2215464,23.620001123999828,0.0,0.0,6.867428413226236,-6.867428413226236,-0.4648740539521016,1430.0,1,1,-0.16780293173813052,-0.3,0.002928877786028918,-0.001953125
1786721764.2433527,23.640000695999788,0.0,0.0,6.85676923264981,-6.85676923264981,-0.4646131152084464,1430.0,1,1,-0.16754247882285797,-0.3,0.002929363614411567,-0.001953125
1786721764.2627845,23.66000071299959,0.0,0.0,6.85676923264981,-6.85676923264981,-0.4663707333770933,1430.0,1,1,-0.16754247882285797,-0.3,0.001171745445764627,0.0
1786721764.2815263,23.680001580999942,0.0,0.0,6.85676923264981,-6.85676923264981,-0.4670737806445521,1430.0,1,1,-0.16754247882285797,-0.3,0.0004686981783058508,0.0
1786721764.3046124,23.70000087599965,0.0,0.0,6.857728518064505,-6.857728518064505,-0.4691362518160695,1430.0,1,1,-0.16756591858739184,-0.3,-0.0015703332286776594,0.001953125
1786721764.3216908,23.72000092899998,0.0,0.0,6.857728518064505,-6.857728518064505,-0.4699518643788629,1430.0,1,1,-0.16756591858739184,-0.3,-0.0023859457914710636,0.001953125
1786721764.34332,23.74000096399959,0.0,0.0,6.85676923264981,-6.85676923264981,-0.47025466963944634,1430.0,1,1,-0.16754247882285797,-0.3,-0.0027121908165884255,0.001953125
1786721764.362751,23.760000647999732,0.0,0.0,6.85676923264981,-6.85676923264981,-0.46862735514949333,1430.0,1,1,-0.16754247882285797,-0.3,-0.0010848763266353703,0.0
1786721764.381553,23.780000904999724,0.0,0.0,6.85676923264981,-6.85676923264981,-0.4679764293535121,1430.0,1,1,-0.16754247882285797,-0.3,-0.0004339505306541481,0.0
1786721764.4046166,23.80000118099997,0.0,0.0,6.847065040276647,-6.847065040276647,-0.4692367533836975,1430.0,1,1,-0.16730536067143587,-0.3,-0.0019313927122616592,0.001953125
1786721764.421538,23.82000075299993,0.0,0.0,6.847065040276647,-6.847065040276647,-0.4698357302563405,1430.0,1,1,-0.16730536067143587,-0.3,-0.0025303695849046635,0.001953125
1786721764.4433239,23.840000898999733,0.0,0.0,6.848023932954561,-6.848023932954561,-0.47009875117356176,1430.0,1,1,-0.1673287908395999,-0.3,-0.0027699603339618652,0.001953125
1786721764.4629724,23.860000971999852,0.0,0.0,6.848023932954561,-6.848023932954561,-0.46667896247318463,1430.0,1,1,-0.1673287908395999,-0.3,0.0006498283664152537,-0.001953125
1786721764.481618,23.880001117999655,0.0,0.0,6.848023932954561,-6.848023932954561,-0.4653110469930338,1430.0,1,1,-0.1673287908395999,-0.3,0.0020177438465661013,-0.001953125
1786721764.5034518,23.90000096799986,0.0,0.0,6.847065040276647,-6.847065040276647,-0.4647404506328094,1430.0,1,1,-0.16730536067143587,-0.3,0.0025649100386264407,-0.001953125
1786721764.5215003,23.92000085499967,0.0,0.0,6.847065040276647,-6.847065040276647,-0.46452158415598527,1430.0,1,1,-0.16730536067143587,-0.3,0.0027837765154505763,-0.001953125
1786721764.5425885,23.940000963999864,0.0,0.0,6.842200118658241,-6.842200118658241,-0.46431516510512594,1430.0,1,1,-0.1671864882113062,-0.3,0.0028713231061802307,-0.001953125
1786721764.5625634,23.960000647000015,0.0,0.0,6.842200118658241,-6.842200118658241,-0.46428014646883403,1430.0,1,1,-0.1671864882113062,-0.3,0.0029063417424720923,-0.001953125
1786721764.580864,23.980000885999743,0.0,0.0,6.842200118658241,-6.842200118658241,-0.4642661390143173,1430.0,1,1,-0.1671864882113062,-0.3,0.0029203491969888367,-0.001953125
1786721764.6037753,24.000000994999937,0.0,0.0,6.842200118658241,-6.842200118658241,-0.46953397353251064,1430.0,1,1,-0.1671864882113062,-0.3,-0.0023474853212044652,0.00390625
1786721764.6209438,24.020000974999675,0.0,0.0,6.842200118658241,-6.842200118658241,-0.4716411073397879,1430.0,1,1,-0.1671864882113062,-0.3,-0.004454619128481786,0.00390625
1786721764.6426926,24.040001731999837,0.0,0.0,6.847034548967827,-6.847034548967827,-0.4726020882796036,1430.0,1,1,-0.16730461562821086,-0.3,-0.005297472651392715,0.00390625
1786721764.6625674,24.06000110099967,0.0,0.0,6.847034548967827,-6.847034548967827,-0.4676657921887679,1430.0,1,1,-0.16730461562821086,-0.3,-0.00036117656055708605,-0.001953125
1786721764.6808772,24.080001005999748,0.0,0.0,6.847034548967827,-6.847034548967827,-0.4656912737524337,1430.0,1,1,-0.16730461562821086,-0.3,0.0016133418757771655,-0.001953125
1786721764.704065,24.100001800999962,0.0,0.0,6.847007946242627,-6.847007946242627,-0.46490081635069735,1430.0,1,1,-0.16730396560100824,-0.3,0.002403149250310866,-0.001953125
1786721764.721151,24.12000094699988,0.0,0.0,6.847007946242627,-6.847007946242627,-0.4645848934008839,1430.0,1,1,-0.16730396560100824,-0.3,0.0027190722001243467,-0.001953125
1786721764.7424362,24.14000089000001,0.0,0.0,6.847029870494708,-6.847029870494708,-0.4644590599314973,1430.0,1,1,-0.16730450131154703,-0.3,0.002845441380049739,-0.001953125
1786721764.7624652,24.16000060999977,0.0,0.0,6.847029870494708,-6.847029870494708,-0.4696819497595271,1430.0,1,1,-0.16730450131154703,-0.3,-0.0023774484479801043,0.00390625
1786721764.7808745,24.180000737999762,0.0,0.0,6.847029870494708,-6.847029870494708,-0.47177110569073905,1430.0,1,1,-0.16730450131154703,-0.3,-0.004466604379192041,0.00390625
1786721764.8036797,24.200000735999765,0.0,0.0,6.851868356083543,-6.851868356083543,-0.4692093695692935,1430.0,1,1,-0.1674227278176167,-0.3,-0.0017866417516768168,0.0
1786721764.820854,24.220000807999895,0.0,0.0,6.851868356083543,-6.851868356083543,-0.4681373845182874,1430.0,1,1,-0.1674227278176167,-0.3,-0.0007146567006707268,0.0
1786721764.8424625,24.24000071399996,0.0,0.0,6.851868356083543,-6.851868356083543,-0.467708590497885,1430.0,1,1,-0.1674227278176167,-0.3,-0.0002858626802682907,0.0
1786721764.8624399,24.2600009519997,0.0,0.0,6.851868356083543,-6.851868356083543,-0.467537072889724,1430.0,1,1,-0.1674227278176167,-0.3,-0.00011434507210731628,0.0
1786721764.880868,24.28000091299964,0.0,0.0,6.851868356083543,-6.851868356083543,-0.4674684658464596,1430.0,1,1,-0.1674227278176167,-0.3,-4.5738028842926516e-05,0.0
1786721764.903652,24.30000074499958,0.0,0.0,6.857661124670216,-6.857661124670216,-0.4693403795676548,1430.0,1,1,-0.16756427185611764,-0.3,-0.0017761077115371706,0.001953125
1786721764.9208696,24.320000853999773,0.0,0.0,6.857661124670216,-6.857661124670216,-0.4700325274407325,1430.0,1,1,-0.16756427185611764,-0.3,-0.002468255584614868,0.001953125
1786721764.9424353,24.340000851999775,0.0,0.0,6.857661124670216,-6.857661124670216,-0.4703093865899635,1430.0,1,1,-0.16756427185611764,-0.3,-0.0027451147338459474,0.001953125
1786721764.9623773,24.36000064699965,0.0,0.0,6.857661124670216,-6.857661124670216,-0.468662317749656,1430.0,1,1,-0.16756427185611764,-0.3,-0.001098045893538379,0.0
1786721764.9808428,24.38000099699957,0.0,0.0,6.857661124670216,-6.857661124670216,-0.46800349021353294,1430.0,1,1,-0.16756427185611764,-0.3,-0.00043921835741535166,0.0
1786721765.0032392,24.400001420999615,0.0,0.0,6.8624992861708165,-6.8624992861708165,-0.4661003652861839,1430.0,1,1,-0.1676824904432178,-0.3,0.0015821251570338594,-0.001953125
1786721765.0207586,24.420000973999777,0.0,0.0,6.8624992861708165,-6.8624992861708165,-0.46529182788040424,1430.0,1,1,-0.1676824904432178,-0.3,0.0023906625628135436,-0.001953125
1786721765.0422456,24.44000110199977,0.0,0.0,6.86154484115923,-6.86154484115923,-0.4649450914269184,1430.0,1,1,-0.16765916895204383,-0.3,0.0027140775251254176,-0.001953125
1786721765.0622494,24.460000747999857,0.0,0.0,6.86154484115923,-6.86154484115923,-0.4648157254419937,1430.0,1,1,-0.16765916895204383,-0.3,0.0028434435100501672,-0.001953125
1786721765.080624,24.480000968999775,0.0,0.0,6.86154484115923,-6.86154484115923,-0.4647639790480238,1430.0,1,1,-0.16765916895204383,-0.3,0.002895189904020067,-0.001953125
1786721765.103386,24.500000984999588,0.0,0.0,6.862504980148572,-6.862504980148572,-0.4665245536117329,1430.0,1,1,-0.16768262957334096,-0.3,0.0011580759616080269,0.0
1786721765.1206408,24.520001038999908,0.0,0.0,6.862504980148572,-6.862504980148572,-0.46721939918869776,1430.0,1,1,-0.16768262957334096,-0.3,0.00046323038464321075,0.0
1786721765.1422231,24.540000944999974,0.0,0.0,6.8624992861708165,-6.8624992861708165,-0.46749719828936054,1430.0,1,1,-0.1676824904432178,-0.3,0.00018529215385728432,0.0
1786721765.1621249,24.560000960999787,0.0,0.0,6.8624992861708165,-6.8624992861708165,-0.4676083735816749,1430.0,1,1,-0.1676824904432178,-0.3,7.411686154291375e-05,0.0
1786721765.1804724,24.580001162999906,0.0,0.0,6.8624992861708165,-6.8624992861708165,-0.46765284369860066,1430.0,1,1,-0.1676824904432178,-0.3,2.9646744617165497e-05,0.0
1786721765.2032993,24.600000882999666,0.0,0.0,6.857633010587108,-6.857633010587108,-0.4657939137016278,1430.0,1,1,-0.16756358489947468,-0.3,0.001769671197846866,-0.001953125
1786721765.2204664,24.620001066999976,0.0,0.0,6.857633010587108,-6.857633010587108,-0.46509790392033595,1430.0,1,1,-0.16756358489947468,-0.3,0.0024656809791387463,-0.001953125
1786721765.2420197,24.640000676,0.0,0.0,6.85667896295422,-6.85667896295422,-0.4647961882264385,1430.0,1,1,-0.167540273118094,-0.3,0.0027440848916554985,-0.001953125
1786721765.2619634,24.660000932999992,0.0,0.0,6.85667896295422,-6.85667896295422,-0.4664426391614318,1430.0,1,1,-0.167540273118094,-0.3,0.0010976339566621995,0.0
1786721765.2805061,24.680000949999794,0.0,0.0,6.85667896295422,-6.85667896295422,-0.4671012195354291,1430.0,1,1,-0.167540273118094,-0.3,0.0004390535826648798,0.0
1786721765.303104,24.70000072599987,0.0,0.0,6.857633010587108,-6.857633010587108,-0.47090358846640873,1430.0,1,1,-0.16756358489947468,-0.3,-0.0033400035669340477,0.00390625
1786721765.3204374,24.72000068699981,0.0,0.0,6.857633010587108,-6.857633010587108,-0.4724152113262483,1430.0,1,1,-0.16756358489947468,-0.3,-0.004851626426773619,0.00390625
1786721765.3418472,24.740000962999602,0.0,0.0,6.857633010587108,-6.857633010587108,-0.47301986047018413,1430.0,1,1,-0.16756358489947468,-0.3,-0.005456275570709448,0.00390625
1786721765.3617785,24.760001127999658,0.0,0.0,6.857633010587108,-6.857633010587108,-0.47150390762775846,1430.0,1,1,-0.16756358489947468,-0.3,-0.00394032272828378,0.001953125
1786721765.38046,24.780000977999862,0.0,0.0,6.857633010587108,-6.857633010587108,-0.4708975264907882,1430.0,1,1,-0.16756358489947468,-0.3,-0.0033339415913135116,0.001953125
1786721765.4030013,24.800001030999738,0.0,0.0,6.861516962319371,-6.861516962319371,-0.4689920643800032,1430.0,1,1,-0.1676584877434778,-0.3,-0.0013335766365254048,0.0
1786721765.4204512,24.820001325999783,0.0,0.0,6.861516962319371,-6.861516962319371,-0.46819191839808794,1430.0,1,1,-0.1676584877434778,-0.3,-0.000533430654610162,0.0
1786721765.4417112,24.84000098999968,0.0,0.0,6.857633010587108,-6.857633010587108,-0.4677769571613188,1430.0,1,1,-0.16756358489947468,-0.3,-0.00021337226184406474,0.0
1786721765.462403,24.860001247999662,0.0,0.0,6.857633010587108,-6.857633010587108,-0.4676489338042123,1430.0,1,1,-0.16756358489947468,-0.3,-8.53489047376259e-05,0.0
1786721765.4806123,24.880000856999686,0.0,0.0,6.857633010587108,-6.857633010587108,-0.46759772446136977,1430.0,1,1,-0.16756358489947468,-0.3,-3.4139561895050365e-05,0.0
1786721765.5035622,24.900000687999636,0.0,0.0,6.852766572927607,-6.852766572927607,-0.46921614372023074,1430.0,1,1,-0.16744467539547278,-0.3,-0.0017714683247580202,0.001953125
1786721765.5204737,24.92000103800001,0.0,0.0,6.852766572927607,-6.852766572927607,-0.46991107522537595,1430.0,1,1,-0.16744467539547278,-0.3,-0.002466399829903208,0.001953125
1786721765.542147,24.9400013329996,0.0,0.0,6.852766572927607,-6.852766572927607,-0.47018904782743404,1430.0,1,1,-0.16744467539547278,-0.3,-0.0027443724319612833,0.001953125
1786721765.5620565,24.960000941999624,0.0,0.0,6.852766572927607,-6.852766572927607,-0.46854242436825727,1430.0,1,1,-0.16744467539547278,-0.3,-0.0010977489727845135,0.0
1786721765.580455,24.980001033000008,0.0,0.0,6.852766572927607,-6.852766572927607,-0.46788377498458655,1430.0,1,1,-0.16744467539547278,-0.3,-0.00043909958911380535,0.0
1786721765.6033444,25.000001104999683,0.0,0.0,6.851806596073743,-6.851806596073743,-0.46759685857153827,1430.0,1,1,-0.16742121873589277,-0.3,-0.00017563983564552216,0.0
1786721765.6204557,25.020000917999823,0.0,0.0,6.851806596073743,-6.851806596073743,-0.46749147467015095,1430.0,1,1,-0.16742121873589277,-0.3,-7.025593425820887e-05,0.0
1786721765.6424031,25.04000121199988,0.0,0.0,6.846939996400522,-6.846939996400522,-0.4673304076468522,1430.0,1,1,-0.16730230527314893,-0.3,-2.810237370328355e-05,0.0
1786721765.6622336,25.06000115500001,0.0,0.0,6.846939996400522,-6.846939996400522,-0.46379792122263025,1430.0,1,1,-0.16730230527314893,-0.3,0.0035043840505186866,-0.00390625
1786721765.6804616,25.08000074599977,0.0,0.0,6.846939996400522,-6.846939996400522,-0.46238492665294145,1430.0,1,1,-0.16730230527314893,-0.3,0.004917378620207475,-0.00390625
1786721765.7034929,25.100001410000004,0.0,0.0,6.847899973254414,-6.847899973254414,-0.4636009979846466,1430.0,1,1,-0.1673257619327296,-0.3,0.0037247639480829904,-0.001953125
1786721765.7204843,25.12000107499989,0.0,0.0,6.847899973254414,-6.847899973254414,-0.4640780438534964,1430.0,1,1,-0.1673257619327296,-0.3,0.0032477180792331965,-0.001953125
1786721765.7421145,25.140001257999756,0.0,0.0,6.846939996400522,-6.846939996400522,-0.46424540554145566,1430.0,1,1,-0.16730230527314893,-0.3,0.0030568997316932785,-0.001953125
1786721765.762045,25.160000811999907,0.0,0.0,6.846939996400522,-6.846939996400522,-0.4678373578804716,1430.0,1,1,-0.16730230527314893,-0.3,-0.0005350526073226884,0.001953125
1786721765.7807386,25.180001587999868,0.0,0.0,6.846939996400522,-6.846939996400522,-0.469274138816078,1430.0,1,1,-0.16730230527314893,-0.3,-0.001971833542929075,0.001953125
1786721765.80336,25.200001178999628,0.0,0.0,6.846939996400522,-6.846939996400522,-0.4663332261903205,1430.0,1,1,-0.16730230527314893,-0.3,0.0009690790828283699,-0.001953125
1786721765.820476,25.22000112099977,0.0,0.0,6.846939996400522,-6.846939996400522,-0.4651568611400176,1430.0,1,1,-0.16730230527314893,-0.3,0.0021454441331313478,-0.001953125
1786721765.8420901,25.240001174999634,0.0,0.0,6.852737972619593,-6.852737972619593,-0.46482798640486156,1430.0,1,1,-0.1674439765581141,-0.3,0.002615990153252539,-0.001953125
1786721765.8617835,25.260001043999637,0.0,0.0,6.852737972619593,-6.852737972619593,-0.46463976799681306,1430.0,1,1,-0.1674439765581141,-0.3,0.0028042085613010155,-0.001953125
1786721765.880589,25.28000091199965,0.0,0.0,6.852737972619593,-6.852737972619593,-0.4645644806335937,1430.0,1,1,-0.1674439765581141,-0.3,0.0028794959245204066,-0.001953125
1786721765.9029536,25.30000111399977,0.0,0.0,6.847899973254414,-6.847899973254414,-0.4644161510629214,1430.0,1,1,-0.1673257619327296,-0.3,0.0029096108698081625,-0.001953125
1786721765.9204154,25.320000963999973,0.0,0.0,6.847899973254414,-6.847899973254414,-0.4644041050848063,1430.0,1,1,-0.1673257619327296,-0.3,0.0029216568479232654,-0.001953125
1786721765.9418592,25.3400012029997,0.0,0.0,6.8517847198662025,-6.851784719866203,-0.4644942089601343,1430.0,1,1,-0.1674206841993036,-0.3,0.002926475239169306,-0.001953125
1786721765.9616468,25.360000755999863,0.0,0.0,6.8517847198662025,-6.851784719866203,-0.46449228160363587,1430.0,1,1,-0.1674206841993036,-0.3,0.0029284025956677223,-0.001953125
1786721765.980574,25.380001161999644,0.0,0.0,6.8517847198662025,-6.851784719866203,-0.4644915106610365,1430.0,1,1,-0.1674206841993036,-0.3,0.002929173538267089,-0.001953125
1786721766.002983,25.400001103999784,0.0,0.0,6.856650922079268,-6.856650922079268,-0.4646101060349569,1430.0,1,1,-0.16753958795026375,-0.3,0.002929481915306836,-0.001953125
1786721766.0204842,25.42000126899984,0.0,0.0,6.856650922079268,-6.856650922079268,-0.464609982684141,1430.0,1,1,-0.16753958795026375,-0.3,0.002929605266122734,-0.001953125
1786721766.045023,25.440001063999716,0.0,0.0,6.852773061703374,-6.852773061703374,-0.46627299183972587,1430.0,1,1,-0.16744483394617496,-0.3,0.0011718421064490939,0.0
1786721766.060939,25.460001413999635,0.0,0.0,6.852773061703374,-6.852773061703374,-0.46697609710359533,1430.0,1,1,-0.16744483394617496,-0.3,0.00046873684257963755,0.0
1786721766.080702,25.480001170999913,0.0,0.0,6.852773061703374,-6.852773061703374,-0.46725733920914314,1430.0,1,1,-0.16744483394617496,-0.3,0.000187494737031855,0.0
1786721766.10295,25.500001298999905,0.0,0.0,6.856650922079268,-6.856650922079268,-0.467464590055451,1430.0,1,1,-0.16753958795026375,-0.3,7.499789481274201e-05,0.0
1786721766.1204932,25.52000090799993,0.0,0.0,6.856650922079268,-6.856650922079268,-0.4675095887923386,1430.0,1,1,-0.16753958795026375,-0.3,2.9999157925096803e-05,0.0
1786721766.1429522,25.540000942999995,0.0,0.0,6.8517847198662025,-6.851784719866203,-0.46740868453613355,1430.0,1,1,-0.1674206841993036,-0.3,1.1999663170038722e-05,0.0
1786721766.1604621,25.560000792999745,0.0,0.0,6.8517847198662025,-6.851784719866203,-0.4674158843340356,1430.0,1,1,-0.1674206841993036,-0.3,4.799865268015489e-06,0.0
1786721766.1804068,25.580001050999726,0.0,0.0,6.8517847198662025,-6.851784719866203,-0.4674187642531964,1430.0,1,1,-0.1674206841993036,-0.3,1.919946107206196e-06,0.0
1786721766.2035859,25.60000064099995,0.0,0.0,6.846946720501023,-6.846946720501023,-0.46554388909547617,1430.0,1,1,-0.1673024695739191,-0.3,0.0017585804784428826,-0.001953125
1786721766.220414,25.620000787999743,0.0,0.0,6.846946720501023,-6.846946720501023,-0.4648412248825419,1430.0,1,1,-0.1673024695739191,-0.3,0.002461244691377153,-0.001953125
1786721766.2436337,25.64000109999961,0.0,0.0,6.852737972619593,-6.852737972619593,-0.4647016661815632,1430.0,1,1,-0.1674439765581141,-0.3,0.002742310376550861,-0.001953125
1786721766.2606947,25.660001561999707,0.0,0.0,6.852737972619593,-6.852737972619593,-0.46458923990749373,1430.0,1,1,-0.1674439765581141,-0.3,0.002854736650620344,-0.001953125
1786721766.2805734,25.68000104099974,0.0,0.0,6.852737972619593,-6.852737972619593,-0.46454426939786597,1430.0,1,1,-0.1674439765581141,-0.3,0.0028997071602481377,-0.001953125
1786721766.3042796,25.700001020999935,0.0,0.0,6.846939996400522,-6.846939996400522,-0.4661424224090497,1430.0,1,1,-0.16730230527314893,-0.3,0.0011598828640992551,0.0
1786721766.3204572,25.72000083399962,0.0,0.0,6.846939996400522,-6.846939996400522,-0.46683835212750924,1430.0,1,1,-0.16730230527314893,-0.3,0.00046395314563970214,0.0
1786721766.342908,25.74000075799995,0.0,0.0,6.851777603373648,-6.851777603373648,-0.4672349290523309,1430.0,1,1,-0.1674205103105868,-0.3,0.00018558125825588086,0.0
1786721766.360451,25.760001218999605,0.0,0.0,6.851777603373648,-6.851777603373648,-0.46734627780728444,1430.0,1,1,-0.1674205103105868,-0.3,7.423250330235235e-05,0.0
1786721766.3804395,25.78000105000001,0.0,0.0,6.851777603373648,-6.851777603373648,-0.46739081730926585,1430.0,1,1,-0.1674205103105868,-0.3,2.969300132094094e-05,0.0
1786721766.4043162,25.80000139999993,0.0,0.0,6.851777603373648,-6.851777603373648,-0.4674086331100584,1430.0,1,1,-0.1674205103105868,-0.3,1.1877200528376376e-05,0.0
1786721766.4204814,25.82000110199988,0.0,0.0,6.851777603373648,-6.851777603373648,-0.46741575943037544,1430.0,1,1,-0.1674205103105868,-0.3,4.7508802113505505e-06,0.0
1786721766.4441895,25.840001045000008,0.0,0.0,6.851777603373648,-6.851777603373648,-0.46741860995850226,1430.0,1,1,-0.1674205103105868,-0.3,1.9003520845402203e-06,0.0
1786721766.4606736,25.860001097999884,0.0,0.0,6.851777603373648,-6.851777603373648,-0.46741975016975296,1430.0,1,1,-0.1674205103105868,-0.3,7.601408338160882e-07,0.0
1786721766.4805717,25.88000113399994,0.0,0.0,6.851777603373648,-6.851777603373648,-0.4674202062542533,1430.0,1,1,-0.1674205103105868,-0.3,3.040563335264353e-07,0.0
1786721766.5042398,25.900000890999763,0.0,0.0,6.8527013037082725,-6.8527013037082725,-0.46392733394505076,1430.0,1,1,-0.16744308056758417,-0.3,0.0035157466225334104,-0.00390625
1786721766.5204537,25.920000647999586,0.0,0.0,6.8527013037082725,-6.8527013037082725,-0.4625211569185708,1430.0,1,1,-0.16744308056758417,-0.3,0.004921923649013364,-0.00390625
1786721766.5441916,25.94000086899996,0.0,0.0,6.8478638588908325,-6.8478638588908325,-0.4635982975327518,1430.0,1,1,-0.16732487949235714,-0.3,0.003726581959605346,-0.001953125
1786721766.5604677,25.960001107999688,0.0,0.0,6.8478638588908325,-6.8478638588908325,-0.46407643420851497,1430.0,1,1,-0.16732487949235714,-0.3,0.0032484452838421386,-0.001953125
1786721766.5804393,25.980000734999976,0.0,0.0,6.8478638588908325,-6.8478638588908325,-0.46426768887882025,1430.0,1,1,-0.16732487949235714,-0.3,0.0030571906135368554,-0.001953125
1786721766.6049943,26.000000825999905,0.0,0.0,6.851777603373648,-6.851777603373648,-0.46619763406517206,1430.0,1,1,-0.1674205103105868,-0.3,0.0012228762454147423,0.0
1786721766.6204877,26.020001064999633,0.0,0.0,6.851777603373648,-6.851777603373648,-0.4669313598124209,1430.0,1,1,-0.1674205103105868,-0.3,0.0004891504981658969,0.0
1786721766.6452343,26.040001377999943,0.0,0.0,6.852731018078629,-6.852731018078629,-0.4654903339273548,1430.0,1,1,-0.16744380662662117,-0.3,0.0019534726992663587,-0.001953125
1786721766.6605563,26.060000986999967,0.0,0.0,6.852731018078629,-6.852731018078629,-0.4649046050469146,1430.0,1,1,-0.16744380662662117,-0.3,0.0025392015797065432,-0.001953125
1786721766.6804757,26.08000085599997,0.0,0.0,6.852731018078629,-6.852731018078629,-0.46467031349473853,1430.0,1,1,-0.16744380662662117,-0.3,0.002773493131882617,-0.001953125
1786721766.70566,26.100000871999782,0.0,0.0,6.851777603373648,-6.851777603373648,-0.4645533005578337,1430.0,1,1,-0.1674205103105868,-0.3,0.002867209752753047,-0.001953125
1786721766.7204409,26.120001018999574,0.0,0.0,6.851777603373648,-6.851777603373648,-0.4645158139094856,1430.0,1,1,-0.1674205103105868,-0.3,0.002904696401101219,-0.001953125
1786721766.7456048,26.140001090999704,0.0,0.0,6.852737972619593,-6.852737972619593,-0.4662820979976736,1430.0,1,1,-0.1674439765581141,-0.3,0.0011618785604404877,0.0
1786721766.7604387,26.160001032999844,0.0,0.0,6.852737972619593,-6.852737972619593,-0.4669792251339379,1430.0,1,1,-0.1674439765581141,-0.3,0.00046475142417619505,0.0
1786721766.7804408,26.180000716999984,0.0,0.0,6.852737972619593,-6.852737972619593,-0.4672580759884436,1430.0,1,1,-0.1674439765581141,-0.3,0.00018590056967047802,0.0
1786721766.8064601,26.200000843999987,0.0,0.0,6.851777603373648,-6.851777603373648,-0.4673461500827186,1430.0,1,1,-0.1674205103105868,-0.3,7.436022786819121e-05,0.0
1786721766.820464,26.220000804999927,0.0,0.0,6.851777603373648,-6.851777603373648,-0.46739076621943954,1430.0,1,1,-0.1674205103105868,-0.3,2.9744091147276486e-05,0.0
1786721766.8449543,26.240000766999856,0.0,0.0,6.851777603373648,-6.851777603373648,-0.46740861267412787,1430.0,1,1,-0.1674205103105868,-0.3,1.1897636458910594e-05,0.0
1786721766.8604648,26.26000078299967,0.0,0.0,6.851777603373648,-6.851777603373648,-0.4674157512560032,1430.0,1,1,-0.1674205103105868,-0.3,4.7590545835642374e-06,0.0
1786721766.881763,26.280000799999925,0.0,0.0,6.851777603373648,-6.851777603373648,-0.46741860668875335,1430.0,1,1,-0.1674205103105868,-0.3,1.9036218334256952e-06,0.0
1786721766.9029408,26.30000111299978,0.0,0.0,6.851777603373648,-6.851777603373648,-0.46741974886185345,1430.0,1,1,-0.1674205103105868,-0.3,7.61448733370278e-07,0.0
1786721766.9204323,26.320000906999667,0.0,0.0,6.851777603373648,-6.851777603373648,-0.46742020573109344,1430.0,1,1,-0.1674205103105868,-0.3,3.045794933481112e-07,0.0
1786721766.946284,26.340000923999924,0.0,0.0,6.846939996400522,-6.846939996400522,-0.4673021834413516,1430.0,1,1,-0.16730230527314893,-0.3,1.218317973392445e-07,0.0
1786721766.9604428,26.360000940999726,0.0,0.0,6.846939996400522,-6.846939996400522,-0.46730225654043,1430.0,1,1,-0.16730230527314893,-0.3,4.87327189356978e-08,0.0
1786721766.9817827,26.380001030999665,0.0,0.0,6.846939996400522,-6.846939996400522,-0.46730228578006133,1430.0,1,1,-0.16730230527314893,-0.3,1.9493087574279123e-08,0.0
1786721767.0030963,26.400000973999795,0.0,0.0,6.846939996400522,-6.846939996400522,-0.4673022974759139,1430.0,1,1,-0.16730230527314893,-0.3,7.79723502971165e-09,0.0
1786721767.0204437,26.42000069400001,0.0,0.0,6.846939996400522,-6.846939996400522,-0.4673023021542549,1430.0,1,1,-0.16730230527314893,-0.3,3.1188940118846595e-09,0.0
1786721767.0462704,26.440001043999928,0.0,0.0,6.846939996400522,-6.846939996400522,-0.4673023040255913,1430.0,1,1,-0.16730230527314893,-0.3,1.2475576047538639e-09,0.0
1786721767.0604289,26.46000080199974,0.0,0.0,6.846939996400522,-6.846939996400522,-0.4673023047741259,1430.0,1,1,-0.16730230527314893,-0.3,4.990230419015456e-10,0.0
1786721767.0825503,26.480001058999733,0.0,0.0,6.846939996400522,-6.846939996400522,-0.4673023050735397,1430.0,1,1,-0.16730230527314893,-0.3,1.9960921676061825e-10,0.0
1786721767.1037157,26.500000926999746,0.0,0.0,6.846939996400522,-6.846939996400522,-0.46730230519330523,1430.0,1,1,-0.16730230527314893,-0.3,7.98436867042473e-11,0.0
1786721767.1204648,26.520000962999802,0.0,0.0,6.846939996400522,-6.846939996400522,-0.46730230524121147,1430.0,1,1,-0.16730230527314893,-0.3,3.193747468169892e-11,0.0
1786721767.147032,26.540000813000006,0.0,0.0,6.846939996400522,-6.846939996400522,-0.4673023052603739,1430.0,1,1,-0.16730230527314893,-0.3,1.2774989872679568e-11,0.0
1786721767.1604524,26.560001088999798,0.0,0.0,6.846939996400522,-6.846939996400522,-0.4673023052680389,1430.0,1,1,-0.16730230527314893,-0.3,5.109995949071827e-12,0.0
1786721767.1823452,26.58000082699982,0.0,0.0,6.846939996400522,-6.846939996400522,-0.46730230527110495,1430.0,1,1,-0.16730230527314893,-0.3,2.043998379628731e-12,0.0
1786721767.2044349,26.60000091799975,0.0,0.0,6.846939996400522,-6.846939996400522,-0.4673023052723313,1430.0,1,1,-0.16730230527314893,-0.3,8.175993518514924e-13,0.0
1786721767.2210732,26.620000935000007,0.0,0.0,6.846939996400522,-6.846939996400522,-0.4673023052728219,1430.0,1,1,-0.16730230527314893,-0.3,3.27039740740597e-13,0.0
1786721767.2471094,26.640000728999894,0.0,0.0,6.842073234775739,-6.842073234775739,-0.467183387853051,1430.0,1,1,-0.16718338785318188,-0.3,1.308158962962388e-13,0.0
1786721767.2610767,26.660001061000003,0.0,0.0,6.842073234775739,-6.842073234775739,-0.4671833878531295,1430.0,1,1,-0.16718338785318188,-0.3,5.2326358518495524e-14,0.0
1786721767.281746,26.680000762999953,0.0,0.0,6.846939996400522,-6.846939996400522,-0.467302305273128,1430.0,1,1,-0.16730230527314893,-0.3,2.093054340739821e-14,0.0
1786721767.305033,26.700001019999945,0.0,0.0,6.846939996400522,-6.846939996400522,-0.46730230527314054,1430.0,1,1,-0.16730230527314893,-0.3,8.372217362959284e-15,0.0
1786721767.3211226,26.720000739999705,0.0,0.0,6.846939996400522,-6.846939996400522,-0.4673023052731456,1430.0,1,1,-0.16730230527314893,-0.3,3.3488869451837143e-15,0.0
1786721767.3470726,26.74000079399957,0.0,0.0,6.851777603373648,-6.851777603373648,-0.46742051031058546,1430.0,1,1,-0.1674205103105868,-0.3,1.3395547780734859e-15,0.0
1786721767.361653,26.760000902999764,0.0,0.0,6.851777603373648,-6.851777603373648,-0.46742051031058623,1430.0,1,1,-0.1674205103105868,-0.3,5.358219112293943e-16,0.0
1786721767.3829768,26.780000789999576,0.0,0.0,6.852737972619593,-6.852737972619593,-0.46744397655811387,1430.0,1,1,-0.1674439765581141,-0.3,2.1432876449175772e-16,0.0
1786721767.4042852,26.80000101099995,0.0,0.0,6.852737972619593,-6.852737972619593,-0.467443976558114,1430.0,1,1,-0.1674439765581141,-0.3,8.57315057967031e-17,0.0
1786721767.4216409,26.820000878999963,0.0,0.0,6.852737972619593,-6.852737972619593,-0.46744397655811404,1430.0,1,1,-0.1674439765581141,-0.3,3.4292602318681244e-17,0.0
1786721767.4468725,26.840000895999765,0.0,0.0,6.852737972619593,-6.852737972619593,-0.4674439765581141,1430.0,1,1,-0.1674439765581141,-0.3,1.3717040927472497e-17,0.0
1786721767.4617429,26.86000133799962,0.0,0.0,6.852737972619593,-6.852737972619593,-0.4674439765581141,1430.0,1,1,-0.1674439765581141,-0.3,5.4868163709889985e-18,0.0
1786721767.4833477,26.880001058999824,0.0,0.0,6.852737972619593,-6.852737972619593,-0.4674439765581141,1430.0,1,1,-0.1674439765581141,-0.3,2.1947265483955998e-18,0.0
1786721767.505213,26.90000135299988,0.0,0.0,6.852737972619593,-6.852737972619593,-0.4674439765581141,1430.0,1,1,-0.1674439765581141,-0.3,8.7789061935824e-19,0.0
1786721767.5217533,26.920001461999618,0.0,0.0,6.852737972619593,-6.852737972619593,-0.4674439765581141,1430.0,1,1,-0.1674439765581141,-0.3,3.51156247743296e-19,0.0
1786721767.5468397,26.940000959999907,0.0,0.0,6.857604572292786,-6.857604572292786,-0.46756289002085727,1430.0,1,1,-0.16756289002085725,-0.3,1.4046249909731842e-19,0.0
1786721767.5608177,26.960000772999592,0.0,0.0,6.857604572292786,-6.857604572292786,-0.46756289002085727,1430.0,1,1,-0.16756289002085725,-0.3,5.618499963892737e-20,0.0
1786721767.5829914,26.980000771999585,0.0,0.0,6.852737972619593,-6.852737972619593,-0.4674439765581141,1430.0,1,1,-0.1674439765581141,-0.3,2.247399985557095e-20,0.0
1786721767.604816,27.000000584999725,0.0,0.0,6.852737972619593,-6.852737972619593,-0.4674439765581141,1430.0,1,1,-0.1674439765581141,-0.3,8.98959994222838e-21,0.0
1786721767.621533,27.020000841999718,0.0,0.0,6.852737972619593,-6.852737972619593,-0.4674439765581141,1430.0,1,1,-0.1674439765581141,-0.3,3.595839976891353e-21,0.0
1786721767.6470392,27.040001285000017,0.0,0.0,6.851777603373648,-6.851777603373648,-0.4674205103105868,1430.0,1,1,-0.1674205103105868,-0.3,1.4383359907565412e-21,0.0
1786721767.6615489,27.060001004999776,0.0,0.0,6.851777603373648,-6.851777603373648,-0.4674205103105868,1430.0,1,1,-0.1674205103105868,-0.3,5.753343963026165e-22,0.0
1786721767.6838021,27.080000835999726,0.0,0.0,6.851777603373648,-6.851777603373648,-0.4674205103105868,1430.0,1,1,-0.1674205103105868,-0.3,2.3013375852104664e-22,0.0
1786721767.704775,27.100000871999782,0.0,0.0,6.851777603373648,-6.851777603373648,-0.4674205103105868,1430.0,1,1,-0.1674205103105868,-0.3,9.205350340841865e-23,0.0
1786721767.7214952,27.120000850999986,0.0,0.0,6.851777603373648,-6.851777603373648,-0.4674205103105868,1430.0,1,1,-0.1674205103105868,-0.3,3.6821401363367466e-23,0.0
1786721767.7479742,27.140012422999916,0.0,0.0,6.851777603373648,-6.851777603373648,-0.4674205103105868,1430.0,1,1,-0.1674205103105868,-0.3,1.4728560545346987e-23,0.0
1786721767.7619858,27.160001198999908,0.0,0.0,6.851777603373648,-6.851777603373648,-0.4674205103105868,1430.0,1,1,-0.1674205103105868,-0.3,5.891424218138795e-24,0.0
1786721767.7840235,27.180001252999773,0.0,0.0,6.852731018078629,-6.852731018078629,-0.46744380662662116,1430.0,1,1,-0.16744380662662117,-0.3,2.3565696872555184e-24,0.0
1786721767.8049092,27.20000065799968,0.0,0.0,6.852731018078629,-6.852731018078629,-0.46744380662662116,1430.0,1,1,-0.16744380662662117,-0.3,9.426278749022073e-25,0.0
1786721767.8215063,27.220000767999863,0.0,0.0,6.852731018078629,-6.852731018078629,-0.46744380662662116,1430.0,1,1,-0.16744380662662117,-0.3,3.7705114996088296e-25,0.0
1786721767.846422,27.240000894999866,0.0,0.0,6.851770810988427,-6.851770810988427,-0.46742034434130614,1430.0,1,1,-0.16742034434130615,-0.3,1.508204599843532e-25,0.0
1786721767.8616204,27.260000948999732,0.0,0.0,6.851770810988427,-6.851770810988427,-0.46742034434130614,1430.0,1,1,-0.16742034434130615,-0.3,6.032818399374128e-26,0.0
1786721767.8844721,27.280000650999682,0.0,0.0,6.851770810988427,-6.851770810988427,-0.46742034434130614,1430.0,1,1,-0.16742034434130615,-0.3,2.4131273597496513e-26,0.0
1786721767.9042227,27.300000815999738,0.0,0.0,6.851770810988427,-6.851770810988427,-0.46742034434130614,1430.0,1,1,-0.16742034434130615,-0.3,9.652509438998606e-27,0.0
1786721767.9215786,27.320000850999804,0.0,0.0,6.851770810988427,-6.851770810988427,-0.46742034434130614,1430.0,1,1,-0.16742034434130615,-0.3,3.8610037755994424e-27,0.0
1786721767.946778,27.340000607999627,0.0,0.0,6.852724387685726,-6.852724387685726,-0.46744364461555954,1430.0,1,1,-0.16744364461555958,-0.3,1.5444015102397771e-27,0.0
1786721767.961517,27.360000939999736,0.0,0.0,6.852724387685726,-6.852724387685726,-0.46744364461555954,1430.0,1,1,-0.16744364461555958,-0.3,6.177606040959109e-28,0.0
1786721767.9841018,27.380000622999887,0.0,0.0,6.852724387685726,-6.852724387685726,-0.46744364461555954,1430.0,1,1,-0.16744364461555958,-0.3,2.4710424163836437e-28,0.0
1786721768.0035613,27.400000528999954,0.0,0.0,6.852724387685726,-6.852724387685726,-0.46744364461555954,1430.0,1,1,-0.16744364461555958,-0.3,9.884169665534576e-29,0.0
1786721768.0213454,27.420000285999777,0.0,0.0,6.852724387685726,-6.852724387685726,-0.46744364461555954,1430.0,1,1,-0.16744364461555958,-0.3,3.953667866213831e-29,0.0
1786721768.0434222,27.44000030299958,0.0,0.0,6.852724387685726,-6.852724387685726,-0.46744364461555954,1430.0,1,1,-0.16744364461555958,-0.3,1.5814671464855324e-29,0.0
1786721768.0602283,27.460000522999962,0.0,0.0,6.852724387685726,-6.852724387685726,-0.46744364461555954,1430.0,1,1,-0.16744364461555958,-0.3,6.32586858594213e-30,0.0
1786721768.0838652,27.480000354999902,0.0,0.0,6.852724387685726,-6.852724387685726,-0.46744364461555954,1430.0,1,1,-0.16744364461555958,-0.3,2.5303474343768522e-30,0.0
1786721768.1023133,27.50000038999997,0.0,0.0,6.852724387685726,-6.852724387685726,-0.46744364461555954,1430.0,1,1,-0.16744364461555958,-0.3,1.0121389737507409e-30,0.0
1786721768.1212883,27.520000461999643,0.0,0.0,6.852724387685726,-6.852724387685726,-0.46744364461555954,1430.0,1,1,-0.16744364461555958,-0.3,4.048555895002964e-31,0.0
1786721768.1441307,27.54000034899991,0.0,0.0,6.852724387685726,-6.852724387685726,-0.46744364461555954,1430.0,1,1,-0.16744364461555958,-0.3,1.6194223580011854e-31,0.0
1786721768.1612995,27.56000043999984,0.0,0.0,6.852724387685726,-6.852724387685726,-0.46744364461555954,1430.0,1,1,-0.16744364461555958,-0.3,6.477689432004742e-32,0.0
1786721768.1830804,27.58000038199998,0.0,0.0,6.852724387685726,-6.852724387685726,-0.46744364461555954,1430.0,1,1,-0.16744364461555958,-0.3,2.591075772801897e-32,0.0
1786721768.2031264,27.600000491999708,0.0,0.0,6.852724387685726,-6.852724387685726,-0.46744364461555954,1430.0,1,1,-0.16744364461555958,-0.3,1.0364303091207588e-32,0.0
1786721768.2212944,27.620000581999648,0.0,0.0,6.852724387685726,-6.852724387685726,-0.46744364461555954,1430.0,1,1,-0.16744364461555958,-0.3,4.145721236483036e-33,0.0
1786721768.2433698,27.640000339999915,0.0,0.0,6.857561440212464,-6.857561440212464,-0.46756183610531643,1430.0,1,1,-0.16756183610531647,-0.3,1.6582884945932144e-33,0.0
1786721768.2612944,27.66000054199958,0.0,0.0,6.857561440212464,-6.857561440212464,-0.46756183610531643,1430.0,1,1,-0.16756183610531647,-0.3,6.633153978372858e-34,0.0
1786721768.2831106,27.680000428999847,0.0,0.0,6.862428834992329,-6.862428834992329,-0.4676807689961807,1430.0,1,1,-0.16768076899618073,-0.3,2.6532615913491433e-34,0.0
1786721768.302253,27.70000042699985,0.0,0.0,6.862428834992329,-6.862428834992329,-0.4676807689961807,1430.0,1,1,-0.16768076899618073,-0.3,1.0613046365396574e-34,0.0
1786721768.3213074,27.720000350999726,0.0,0.0,6.862428834992329,-6.862428834992329,-0.4676807689961807,1430.0,1,1,-0.16768076899618073,-0.3,4.24521854615863e-35,0.0
1786721768.3435686,27.74000058999991,0.0,0.0,6.862428834992329,-6.862428834992329,-0.4676807689961807,1430.0,1,1,-0.16768076899618073,-0.3,1.6980874184634521e-35,0.0
1786721768.3613255,27.760000383999795,0.0,0.0,6.862428834992329,-6.862428834992329,-0.4676807689961807,1430.0,1,1,-0.16768076899618073,-0.3,6.792349673853808e-36,0.0
1786721768.383104,27.78000043799966,0.0,0.0,6.862428834992329,-6.862428834992329,-0.4676807689961807,1430.0,1,1,-0.16768076899618073,-0.3,2.716939869541524e-36,0.0
1786721768.4032145,27.800000435999664,0.0,0.0,6.862428834992329,-6.862428834992329,-0.4676807689961807,1430.0,1,1,-0.16768076899618073,-0.3,1.0867759478166096e-36,0.0
1786721768.4213054,27.820000415999857,0.0,0.0,6.862428834992329,-6.862428834992329,-0.4676807689961807,1430.0,1,1,-0.16768076899618073,-0.3,4.347103791266438e-37,0.0
1786721768.4433405,27.840000376999797,0.0,0.0,6.862435460091518,-6.862435460091518,-0.4676809308778925,1430.0,1,1,-0.1676809308778925,-0.3,1.7388415165065754e-37,0.0
1786721768.4614594,27.860000541999852,0.0,0.0,6.862435460091518,-6.862435460091518,-0.4676809308778925,1430.0,1,1,-0.1676809308778925,-0.3,6.955366066026302e-38,0.0
1786721768.484002,27.880000372999802,0.0,0.0,6.873093949658767,-6.873093949658767,-0.4679413669086256,1430.0,1,1,-0.1679413669086256,-0.3,2.782146426410521e-38,0.0
1786721768.5023217,27.900000500999795,0.0,0.0,6.873093949658767,-6.873093949658767,-0.4679413669086256,1430.0,1,1,-0.1679413669086256,-0.3,1.1128585705642086e-38,0.0
1786721768.52144,27.92000055499966,0.0,0.0,6.873093949658767,-6.873093949658767,-0.4679413669086256,1430.0,1,1,-0.1679413669086256,-0.3,4.451434282256835e-39,0.0
1786721768.5433857,27.94000025599962,0.0,0.0,6.873093949658767,-6.873093949658767,-0.4679413669086256,1430.0,1,1,-0.1679413669086256,-0.3,1.780573712902734e-39,0.0
1786721768.5608852,27.960000420999677,0.0,0.0,6.873093949658767,-6.873093949658767,-0.4679413669086256,1430.0,1,1,-0.1679413669086256,-0.3,7.122294851610936e-40,0.0
1786721768.5830758,27.980000326999743,0.0,0.0,6.873093949658767,-6.873093949658767,-0.4679413669086256,1430.0,1,1,-0.1679413669086256,-0.3,2.8489179406443745e-40,0.0
