t,ref,angle,err,u,pwm,phase,P,I,D,FF,gz
1.5920013538561761e-06,0.0,-0.008847880198315394,0.008847880198315394,0.00012446626087378565,1500,idle,0.00012353971302608998,9.265478476956748e-07,0.0,0.0,0.0
0.02000192400009837,0.0,-0.0065268313737565364,0.0065268313737565364,-0.00021108278687424642,1500,idle,9.113175775561296e-05,1.6100360308627718e-06,-0.00030382458066072215,0.0,0.0
0.04000108900072519,0.0,-0.0065268313737565364,0.0065268313737565364,-0.00011925192449286268,1500,idle,9.113175775561296e-05,2.2935242140298686e-06,-0.0002126772064625055,0.0,0.0
0.060001013000146486,0.0,-0.0065268313737565364,0.0065268313737565364,-5.4765274370943915e-05,1500,idle,9.113175775561296e-05,2.9770123971969657e-06,-0.00014887404452375384,0.0,0.0
0.08000145500045619,0.0,-0.007025870279681712,0.007025870279681712,6.292462403411282e-05,1500,idle,9.809965535876859e-05,3.71275981238773e-06,-3.88877911370435e-05,0.0,0.0
0.10000067500004661,0.0,-0.007025870279681712,0.007025870279681712,7.532670879041665e-05,1500,idle,9.809965535876859e-05,4.448507227578495e-06,-2.7221453795930448e-05,0.0,0.0
0.12000109900145617,0.0,-0.007025870279681712,0.007025870279681712,8.422889234438654e-05,1500,idle,9.809965535876859e-05,5.1842546427692584e-06,-1.905501765715131e-05,0.0,0.0
0.14000115300041216,0.0,-0.007025870279681712,0.007025870279681712,9.06811450567227e-05,1500,idle,9.809965535876859e-05,5.920002057960024e-06,-1.3338512360005917e-05,0.0,0.0
0.16000126200015075,0.0,-0.008871328668984546,0.008871328668984546,0.00036294910047617816,1500,idle,0.00012386711544027718,6.8490054237621025e-06,0.00023223297961213885,0.0,0.0
0.1800010930001008,0.0,-0.008871328668984546,0.008871328668984546,0.0002942082099583386,1500,idle,0.00012386711544027718,7.778008789564182e-06,0.0001625630857284972,0.0,0.0
0.2000008320010238,0.0,-0.008871328668984546,0.008871328668984546,0.0002463682876055915,1500,idle,0.00012386711544027718,8.70701215536626e-06,0.00011379416000994803,0.0,0.0
0.2200009410007624,0.0,-0.0013261798596619911,0.0013261798596619911,-0.0008806389041547941,1500,idle,1.8516964019790465e-05,8.845889385514689e-06,-0.0009080017575600993,0.0,0.0
0.2400006800016854,0.0,-0.0013261798596619911,0.0013261798596619911,-0.0006080994996566159,1500,idle,1.8516964019790465e-05,8.984766615663117e-06,-0.0006356012302920694,0.0,0.0
0.26000095600102213,0.0,-0.0013261798596619911,0.0013261798596619911,-0.00041728025333884655,1500,idle,1.8516964019790465e-05,9.123643845811546e-06,-0.0004449208612044486,0.0,0.0
0.28000084300038,0.0,-0.0013261798596619911,0.0013261798596619911,-0.00028366511774736357,1500,idle,1.8516964019790465e-05,9.262521075959974e-06,-0.000311444602843114,0.0,0.0
0.3000008409999282,0.0,-0.0013261798596619911,0.0013261798596619911,-0.00019009285966428092,1500,idle,1.8516964019790465e-05,9.401398306108404e-06,-0.0002180112219901798,0.0,0.0
0.3200008200001321,0.0,-0.0013261798596619911,0.0013261798596619911,-0.00012455061583707856,1500,idle,1.8516964019790465e-05,9.540275536256834e-06,-0.00015260785539312585,0.0,0.0
0.340000948001034,0.0,-0.0013261798596619911,0.0013261798596619911,-7.862938198899235e-05,1500,idle,1.8516964019790465e-05,9.679152766405262e-06,-0.00010682549877518808,0.0,0.0
0.36000098300064565,0.0,-0.0013261798596619911,0.0013261798596619911,-4.644285512628749e-05,1500,idle,1.8516964019790465e-05,9.818029996553693e-06,-7.477784914263165e-05,0.0,0.0
0.3800008700000035,0.0,-0.0013261798596619911,0.0013261798596619911,-2.3870623153349566e-05,1500,idle,1.8516964019790465e-05,9.956907226702121e-06,-5.234449439984215e-05,0.0,0.0
0.40000090500143415,0.0,-0.0013261798596619911,0.0013261798596619911,-8.028397603248487e-06,1500,idle,1.8516964019790465e-05,1.0095784456850551e-05,-3.66411460798895e-05,0.0,0.0
0.4200006810006016,0.0,0.0009941939336002292,-0.0009941939336002292,-0.0003332749148507022,1500,idle,-1.3881566035742305e-05,9.991672711582485e-06,-0.00032938502152654234,0.0,0.0
0.44000101200072095,0.0,0.0009941939336002292,-0.0009941939336002292,-0.00023456352013800753,1500,idle,-1.3881566035742305e-05,9.887560966314418e-06,-0.00023056951506857963,0.0,0.0
0.4600008070010517,0.0,0.008251380661244312,-0.008251380661244312,-0.0012175497116638824,1500,idle,-0.00011521100829928009,9.023478404069818e-06,-0.0011113621817686722,0.0,0.0
0.48000086000138253,0.0,0.008251380661244312,-0.008251380661244312,-0.0008850051396955255,1500,idle,-0.00011521100829928009,8.159395841825216e-06,-0.0007779535272380705,0.0,0.0
0.5000013770004443,0.0,0.008251380661244312,-0.008251380661244312,-0.0006524831640863488,1500,idle,-0.00011521100829928009,7.2953132795806155e-06,-0.0005445674690666494,0.0,0.0
0.5200007640014519,0.0,0.005931006867980315,-0.005931006867980315,-0.00015359926762677223,1500,idle,-8.281247824372253e-05,6.674219692752697e-06,-7.746100907580242e-05,0.0,0.001953125
0.5400006690015289,0.0,0.005931006867980315,-0.005931006867980315,-0.00013098205849085943,1500,idle,-8.281247824372253e-05,6.053126105924778e-06,-5.4222706353061684e-05,0.0,0.001953125
0.5600007780012675,0.0,0.005931006867980315,-0.005931006867980315,-0.00011533634017176885,1500,idle,-8.281247824372253e-05,5.432032519096859e-06,-3.7955894447143174e-05,0.0,0.001953125
0.5800011280007311,0.0,0.005931006867980315,-0.005931006867980315,-0.00010457066542445382,1500,idle,-8.281247824372253e-05,4.810938932268939e-06,-2.656912611300022e-05,0.0,0.0
0.6000008860009984,0.0,0.005931006867980315,-0.005931006867980315,-9.722102117738166e-05,1500,idle,-8.281247824372253e-05,4.18984534544102e-06,-1.8598388279100153e-05,0.0,0.0
0.6200008280011389,0.0,0.0025515071887785012,-0.0025515071887785012,0.0003976534928173129,1500,idle,-3.562576106599149e-05,3.922652137446084e-06,0.00042935660174585826,0.0,-0.001953125
0.6400010480010678,0.0,0.0025515071887785012,-0.0025515071887785012,0.00026857931908556046,1500,idle,-3.562576106599149e-05,3.655458929451148e-06,0.0003005496212221008,0.0,-0.001953125
0.6600010280017159,0.0,-0.0016146624764257211,0.0016146624764257211,0.0007821045559706075,1500,idle,2.2544941217627325e-05,3.824545988583353e-06,0.0007557350687643968,0.0,-0.001953125
0.6800010070001008,0.0,-0.0016146624764257211,0.0016146624764257211,0.0005555531224004206,1500,idle,2.2544941217627325e-05,3.993633047715558e-06,0.0005290145481350778,0.0,-0.00390625
0.7000010240008123,0.0,-0.0016146624764257211,0.0016146624764257211,0.0003970178450190295,1500,idle,2.2544941217627325e-05,4.162720106847763e-06,0.0003703101836945544,0.0,-0.00390625
0.7200007070005086,0.0,-0.003935582697117468,0.003935582697117468,0.000622550829242589,1500,idle,5.495110083937485e-05,4.574853363143074e-06,0.0005630248750400711,0.0,0.001953125
0.7400010569999722,0.0,-0.003935582697117468,0.003935582697117468,0.000454055499986863,1500,idle,5.495110083937485e-05,4.986986619438386e-06,0.00039411741252804973,0.0,0.001953125
0.7600007400014874,0.0,-0.007314624995945707,0.007314624995945707,0.000826082195500116,1500,idle,0.00010213143178234358,5.752972357805962e-06,0.0007181977913599664,0.0,0.001953125
0.7800010900009511,0.0,-0.007314624995945707,0.007314624995945707,0.0006113888438304936,1500,idle,0.00010213143178234358,6.5189580961735395e-06,0.0005027384539519765,0.0,0.0
0.800000903000182,0.0,-0.007314624995945707,0.007314624995945707,0.00046133329338326817,1500,idle,0.00010213143178234358,7.284943834541116e-06,0.0003519169177663835,0.0,0.0
0.8200009010015492,0.0,-0.009635882768330717,0.009635882768330717,0.0006930300899369231,1500,idle,0.0001345423045148456,8.294011118402459e-06,0.000550193774303675,0.0,-0.001953125
0.8400010470013513,0.0,-0.009635882768330717,0.009635882768330717,0.0005289810249296819,1500,idle,0.0001345423045148456,9.3030784022638e-06,0.0003851356420125725,0.0,-0.001953125
0.8600013040013437,0.0,-0.013014467756134351,0.013014467756134351,0.00090423289059604,1500,idle,0.00018171625019134633,1.0665950278698897e-05,0.0007118506901259947,0.0,-0.001953125
0.8800008210000669,0.0,-0.013014467756134351,0.013014467756134351,0.0006920405554346767,1500,idle,0.00018171625019134633,1.2028822155133994e-05,0.0004982954830881963,0.0,0.001953125
0.9000011890002497,0.0,-0.013014467756134351,0.013014467756134351,0.0005439147823846528,1500,idle,0.00018171625019134633,1.3391694031569092e-05,0.0003488068381617374,0.0,0.001953125
0.920001021000644,0.0,-0.013014467756134351,0.013014467756134351,0.00044063560281256667,1500,idle,0.00018171625019134633,1.4754565908004188e-05,0.00024416478671321617,0.0,0.0
0.9400008890006575,0.0,-0.013014467756134351,0.013014467756134351,0.00036874903867503694,1500,idle,0.00018171625019134633,1.6117437784439286e-05,0.0001709153506992513,0.0,0.0
0.9600009610003326,0.0,-0.013014467756134351,0.013014467756134351,0.0003188373053416966,1500,idle,0.00018171625019134633,1.7480309660874385e-05,0.0001196407454894759,0.0,0.0
0.9800009410009807,0.0,-0.013014467756134351,0.013014467756134351,0.0002843079535712889,1500,idle,0.00018171625019134633,1.8843181537309483e-05,8.374852184263312e-05,0.0,-0.001953125
1.0000009200011846,0.0,-0.013014467756134351,0.013014467756134351,0.0002605462688949341,1500,idle,0.00018171625019134633,2.0206053413744577e-05,5.862396528984318e-05,0.0,-0.001953125
1.0200007150015153,0.0,-0.013014467756134351,0.013014467756134351,0.0002443219511844162,1500,idle,0.00018171625019134633,2.1568925290179676e-05,4.1036775702890225e-05,0.0,0.0
1.0400006570016558,0.0,-0.013014467756134351,0.013014467756134351,0.00023337379034998426,1500,idle,0.00018171625019134633,2.2931797166614774e-05,2.8725742992023155e-05,0.0,0.0
1.0600008220008021,0.0,-0.015336063146239809,0.015336063146239809,0.0005626737689181894,1500,idle,0.00021413183695651625,2.4537785943788646e-05,0.00032400414601788444,0.0,0.0
1.0800006720000965,0.0,-0.015336063146239809,0.015336063146239809,0.00046707851388999783,1500,idle,0.00021413183695651625,2.614377472096252e-05,0.0002268029022125191,0.0,0.0
1.1000006510003004,0.0,-0.015336063146239809,0.015336063146239809,0.00040064363200341597,1500,idle,0.00021413183695651625,2.7749763498136392e-05,0.00015876203154876337,0.0,0.0
1.120001001001583,0.0,-0.0195025219711642,0.0195025219711642,0.0009586202464065711,1500,idle,0.00027230657667147993,2.9792062823172495e-05,0.0006565216069119187,0.0,-0.001953125
1.1400009620010678,0.0,-0.0195025219711642,0.0195025219711642,0.0007637060636580316,1500,idle,0.00027230657667147993,3.183436214820859e-05,0.00045956512483834305,0.0,-0.001953125
1.1600010160000238,0.0,-0.025202791678976766,0.025202791678976766,0.0014542300959995854,1500,idle,0.00035189735639389947,3.447359232116284e-05,0.0010678591472845231,0.0,-0.001953125
1.1800010510014545,0.0,-0.025202791678976766,0.025202791678976766,0.0011365115819871826,1500,idle,0.00035189735639389947,3.7112822494117085e-05,0.0007475014030991662,0.0,0.001953125
1.2000008080012776,0.0,-0.025202791678976766,0.025202791678976766,0.000914900391230387,1500,idle,0.00035189735639389947,3.9752052667071335e-05,0.0005232509821694163,0.0,0.001953125
1.2200010280012066,0.0,-0.0195025219711642,0.0195025219711642,-6.578694371550426e-05,1500,idle,0.00027230657667147993,4.179435199210743e-05,-0.00037988787237909163,0.0,0.0
1.2400009709999722,0.0,-0.0195025219711642,0.0195025219711642,5.0221717323259364e-05,1500,idle,0.00027230657667147993,4.3836651317143534e-05,-0.0002659215106653641,0.0,0.0
1.260000950000176,0.0,-0.0195025219711642,0.0195025219711642,0.00013204046984790469,1500,idle,0.00027230657667147993,4.587895064217963e-05,-0.00018614505746575487,0.0,0.0
1.2800008190006338,0.0,-0.0195025219711642,0.0195025219711642,0.00018992628641266728,1500,idle,0.00027230657667147993,4.7921249967215733e-05,-0.0001303015402260284,0.0,0.001953125
1.3000010570012819,0.0,-0.0195025219711642,0.0195025219711642,0.00023105904780551192,1500,idle,0.00027230657667147993,4.9963549292251836e-05,-9.121107815821986e-05,0.0,0.001953125
1.3200010180007666,0.0,-0.01224677040065636,0.01224677040065636,-0.0007913802132301823,1500,idle,0.00017099717298179088,5.1246028089615266e-05,-0.0010136234143015884,0.0,-0.001953125
1.340000793999934,0.0,-0.01224677040065636,0.01224677040065636,-0.0004860107101423422,1500,idle,0.00017099717298179088,5.2528506886978696e-05,-0.0007095363900111118,0.0,-0.001953125
1.3600009030014917,0.0,-0.01380213270843278,0.01380213270843278,-4.639103252509049e-05,1500,idle,0.00019271412764748362,5.3973862844334827e-05,-0.0002930790230169089,0.0,-0.001953125
1.3800010120012303,0.0,-0.01380213270843278,0.01380213270843278,4.297803033733832e-05,1500,idle,0.00019271412764748362,5.541921880169095e-05,-0.00020515531611183625,0.0,0.0
1.400001122001413,0.0,-0.01380213270843278,0.01380213270843278,0.00010596998112824533,1500,idle,0.00019271412764748362,5.6864574759047074e-05,-0.00014360872127828537,0.0,0.0
1.4200010640015535,0.0,-0.006545860741534071,0.006545860741534071,-0.0009014223706675121,1500,idle,9.139745785344566e-05,5.755005569294791e-05,-0.0010503698842139057,0.0,0.001953125
1.4400014700004249,0.0,-0.006545860741534071,0.006545860741534071,-0.0005856259244694396,1500,idle,9.139745785344566e-05,5.823553662684875e-05,-0.0007352589189497339,0.0,0.001953125
1.4600007820008614,0.0,-0.014589002728969902,0.014589002728969902,0.0008016277800637901,1500,idle,0.00020370090576237018,5.976329342006653e-05,0.0005381635808813535,0.0,0.001953125
1.4800009470000077,0.0,-0.014589002728969902,0.014589002728969902,0.0006417064625926019,1500,idle,0.00020370090576237018,6.12910502132843e-05,0.0003767145066169474,0.0,0.0
1.5000009270006558,0.0,-0.014589002728969902,0.014589002728969902,0.0005302198674007354,1500,idle,0.00020370090576237018,6.281880700650206e-05,0.00026370015463186315,0.0,0.0
1.5200010360003944,0.0,-0.01305319352563572,0.01305319352563572,0.0002299958518116266,1500,idle,0.00018225696393788014,6.418573423603617e-05,-1.64468463622897e-05,0.0,-0.001953125
1.5400009410004714,0.0,-0.01305319352563572,0.01305319352563572,0.00023629683294984762,1500,idle,0.00018225696393788014,6.555266146557026e-05,-1.1512792453602788e-05,0.0,-0.001953125
1.5600006980002945,0.0,-0.01305319352563572,0.01305319352563572,0.00024111759791546256,1500,idle,0.00018225696393788014,6.691958869510437e-05,-8.058954717521951e-06,0.0,-0.001953125
1.580000956000731,0.0,-0.01305319352563572,0.01305319352563572,0.0002449022115602533,1500,idle,0.00018225696393788014,6.828651592463846e-05,-5.641268302265365e-06,0.0,0.0
1.6000011200012523,0.0,-0.01305319352563572,0.01305319352563572,0.000247961519280467,1500,idle,0.00018225696393788014,6.965344315417256e-05,-3.948887811585756e-06,0.0,0.0
1.6200008220002928,0.0,-0.017716078003450875,0.017716078003450875,0.0009264777092316354,1500,idle,0.0002473631133602889,7.150866650437473e-05,0.0006076059293669718,0.0,0.0
1.6400010050001583,0.0,-0.017716078003450875,0.017716078003450875,0.0007460511537717461,1500,idle,0.0002473631133602889,7.33638898545769e-05,0.00042532415055688026,0.0,0.0
1.660001114001716,0.0,-0.01539432266362617,0.01539432266362617,0.0002837311149269325,1500,idle,0.00021494529327572816,7.497597955414486e-05,-6.190157902940499e-06,0.0,0.0
1.6800008900008834,0.0,-0.01539432266362617,0.01539432266362617,0.00028720025199738264,1500,idle,0.00021494529327572816,7.658806925371282e-05,-4.333110532058349e-06,0.0,-0.001953125
1.7000008140003047,0.0,-0.01539432266362617,0.01539432266362617,0.0002901122748565681,1500,idle,0.00021494529327572816,7.820015895328078e-05,-3.0331773724408443e-06,0.0,-0.001953125
1.7200008120016719,0.0,-0.01539432266362617,0.01539432266362617,0.00029263431776786834,1500,idle,0.00021494529327572816,7.981224865284875e-05,-2.1232241607085907e-06,0.0,0.0
1.7400010510009452,0.0,-0.01539432266362617,0.01539432266362617,0.0002948833747156488,1500,idle,0.00021494529327572816,8.142433835241671e-05,-1.4862569124960134e-06,0.0,0.0
1.7600008270001126,0.0,-0.01539432266362617,0.01539432266362617,0.00029694134148896563,1500,idle,0.00021494529327572816,8.303642805198467e-05,-1.0403798387472094e-06,0.0,0.0
1.7800009360016702,0.0,-0.01539432266362617,0.01539432266362617,0.0002988655451401577,1500,idle,0.00021494529327572816,8.464851775155263e-05,-7.282658871230466e-07,0.0,0.0
1.8000010270006896,0.0,-0.01539432266362617,0.01539432266362617,0.00030069611460586265,1500,idle,0.00021494529327572816,8.626060745112059e-05,-5.097861209861326e-07,0.0,0.0
1.8200007100003859,0.0,-0.012013971034040338,0.012013971034040338,-0.00018757845568799904,1500,idle,0.00016774668062658534,8.751870755581999e-05,-0.0004428438438704044,0.0,0.0
1.8400008190001245,0.0,-0.012013971034040338,0.012013971034040338,-5.346720242217838e-05,1500,idle,0.00016774668062658534,8.877680766051937e-05,-0.00030999069070928307,0.0,0.0
1.8600008540015551,0.0,-0.00813609479400057,0.00813609479400057,-0.0005213761648554163,1500,idle,0.00011360131392774378,8.962881751497746e-05,-0.0007246062962981374,0.0,0.0
1.880001056000765,0.0,-0.00813609479400057,0.00813609479400057,-0.0003031422661115169,1500,idle,0.00011360131392774378,9.048082736943555e-05,-0.0005072244074086962,0.0,0.001953125
1.9000012200012861,0.0,-0.00813609479400057,0.00813609479400057,-0.00015012293403444992,1500,idle,0.00011360131392774378,9.133283722389363e-05,-0.00035505708518608734,0.0,0.001953125
1.9200022000004537,0.0,-0.004755222557545125,0.004755222557545125,-0.0005328688652947759,1500,idle,6.639543223541436e-05,9.183080296565923e-05,-0.0006910951004958495,0.0,0.0
1.9400010500012286,0.0,-0.004755222557545125,0.004755222557545125,-0.0003250423694042554,1500,idle,6.639543223541436e-05,9.232876870742484e-05,-0.0004837665703470946,0.0,0.0
1.9600007880017074,0.0,-0.00813609479400057,0.00813609479400057,0.00031070063411224884,1500,idle,0.00011360131392774378,9.318077856188292e-05,0.00010391854162262212,0.0,0.0
1.9800007870016998,0.0,-0.00813609479400057,0.00813609479400057,0.00028037708147992025,1500,idle,0.00011360131392774378,9.4032788416341e-05,7.274297913583548e-05,0.0,0.0
2.0000012470009096,0.0,-0.00813609479400057,0.00813609479400057,0.00025940619759362766,1500,idle,0.00011360131392774378,9.488479827079908e-05,5.0920085395084837e-05,0.0,0.0
2.020001246000902,0.0,-0.00813609479400057,0.00813609479400057,0.00024498218182956034,1500,idle,0.00011360131392774378,9.573680812525718e-05,3.564405977655938e-05,0.0,0.0
2.0400006320014654,0.0,-0.00813609479400057,0.00813609479400057,0.0002351409737510506,1500,idle,0.00011360131392774378,9.658881797971526e-05,2.4950841843591565e-05,0.0,0.0
2.060000815999956,0.0,-0.00813609479400057,0.00813609479400057,0.00022850773105243124,1500,idle,0.00011360131392774378,9.744082783417334e-05,1.7465589290514094e-05,0.0,0.0
2.080001203001302,0.0,-0.00813609479400057,0.00813609479400057,0.00022412006411973506,1500,idle,0.00011360131392774378,9.829283768863142e-05,1.2225912503359865e-05,0.0,0.0
2.1000007380007446,0.0,-0.00813609479400057,0.00813609479400057,0.00022130430022318517,1500,idle,0.00011360131392774378,9.91448475430895e-05,8.558138752351905e-06,0.0,0.0
2.1200003100002505,0.0,-0.00813609479400057,0.00813609479400057,0.0002195888684519377,1500,idle,0.00011360131392774378,9.99968573975476e-05,5.990697126646334e-06,0.0,0.0
2.140000271001554,0.0,-0.00813609479400057,0.00813609479400057,0.0002186436691684019,1500,idle,0.00011360131392774378,0.00010084886725200568,4.193487988652433e-06,0.0,0.0
2.16000056500161,0.0,-0.00813609479400057,0.00813609479400057,0.00021823763262626426,1500,idle,0.00011360131392774378,0.00010170087710646376,2.935441592056703e-06,0.0,0.0
2.1800003590014967,0.0,-0.00813609479400057,0.00813609479400057,0.00021820901000310533,1500,idle,0.00011360131392774378,0.00010255288696092184,2.054809114439692e-06,0.0,0.0
2.2000008200011507,0.0,-0.00813609479400057,0.00813609479400057,0.00021844457712323149,1500,idle,0.00011360131392774378,0.00010340489681537992,1.4383663801077842e-06,0.0,0.0
2.220000355000593,0.0,-0.00813609479400057,0.00813609479400057,0.00021886507706365724,1500,idle,0.00011360131392774378,0.00010425690666983802,1.006856466075449e-06,0.0,0.0
2.2400002980011777,0.0,-0.00813609479400057,0.00813609479400057,0.0002194150299782927,1500,idle,0.00011360131392774378,0.0001051089165242961,7.047995262528142e-07,0.0,0.0
2.2600003510015085,0.0,-9.385643808101918e-05,9.385643808101918e-05,-0.0009458039511464364,1500,idle,1.3104830949663785e-06,0.00010511874514750835,-0.0010522331793889111,0.0,0.0
2.2800005710014375,0.0,-9.385643808101918e-05,9.385643808101918e-05,-0.0006301241687065508,1500,idle,1.3104830949663785e-06,0.00010512857377072058,-0.0007365632255722377,0.0,0.0
2.3000002920016414,0.0,-9.385643808101918e-05,9.385643808101918e-05,-0.0004091453724116671,1500,idle,1.3104830949663785e-06,0.00010513840239393283,-0.0005155942579005663,0.0,0.0
2.3200007710001955,0.0,-0.002415403097108637,0.002415403097108637,8.209049877060766e-05,1500,idle,3.372538944593124e-05,0.00010539134281477732,-5.7026233490100903e-05,0.0,0.0
2.340000380001584,0.0,-0.002415403097108637,0.002415403097108637,9.945130923848242e-05,1500,idle,3.372538944593124e-05,0.0001056442832356218,-3.991836344307063e-05,0.0,0.0
2.360000304001005,0.0,-0.002415403097108637,0.002415403097108637,0.00011167975869224808,1500,idle,3.372538944593124e-05,0.00010589722365646628,-2.7942854410149437e-05,0.0,0.0
2.3800004130007437,0.0,-0.002415403097108637,0.002415403097108637,0.00012031555543613742,1500,idle,3.372538944593124e-05,0.00010615016407731077,-1.9559998087104606e-05,0.0,0.0
2.400000319001265,0.0,-0.002415403097108637,0.002415403097108637,0.00012643649528311325,1500,idle,3.372538944593124e-05,0.00010640310449815525,-1.3691998660973224e-05,0.0,0.0
2.4200006870014477,0.0,-0.005795880694172695,0.005795880694172695,0.000620854892265396,1500,idle,8.092576093287045e-05,0.0001070100477051518,0.0004329190836273737,0.0,0.0
2.4400005000006786,0.0,-0.005795880694172695,0.005795880694172695,0.0004915861103841803,1500,idle,8.092576093287045e-05,0.00010761699091214832,0.0003030433585391616,0.0,0.0
2.4600004050007556,0.0,-0.005795880694172695,0.005795880694172695,0.0004012800460294284,1500,idle,8.092576093287045e-05,0.00010822393411914485,0.0002121303509774131,0.0,0.0
2.480000570001721,0.0,-0.005795880694172695,0.005795880694172695,0.00033824788394320104,1500,idle,8.092576093287045e-05,0.0001088308773261414,0.00014849124568418916,0.0,0.0
2.500000401001671,0.0,-0.005795880694172695,0.005795880694172695,0.0002943074534449408,1500,idle,8.092576093287045e-05,0.00010943782053313792,0.00010394387197893241,0.0,0.0
2.5200003250010923,0.0,-0.0019189824652592335,0.0019189824652592335,-0.0002982912553068949,1500,idle,2.6794049845449062e-05,0.00010963877590697879,-0.00043472408105932277,0.0,0.0
2.540000268001677,0.0,-0.0019189824652592335,0.0019189824652592335,-0.0001676730756152572,1500,idle,2.6794049845449062e-05,0.00010983973128081965,-0.00030430685674152593,0.0,0.0
2.5600004510015424,0.0,-7.529198938982518e-05,7.529198938982518e-05,-0.0003434544283242407,1500,idle,1.0512744921832687e-06,0.00010984761583951103,-0.000454353318655935,0.0,0.0
2.5800002640007733,0.0,-7.529198938982518e-05,7.529198938982518e-05,-0.0002071405481687688,1500,idle,1.0512744921832687e-06,0.00010985550039820239,-0.0003180473230591545,0.0,0.0
2.60000078000121,0.0,-7.529198938982518e-05,7.529198938982518e-05,-0.00011171846669233106,1500,idle,1.0512744921832687e-06,0.00010986338495689377,-0.0002226331261414081,0.0,0.0
2.620000760000039,0.0,-7.529198938982518e-05,7.529198938982518e-05,-4.492064429121726e-05,1500,idle,1.0512744921832687e-06,0.00010987126951558513,-0.00015584318829898566,0.0,0.0
2.640000979999968,0.0,-7.529198938982518e-05,7.529198938982518e-05,1.8401967571698248e-06,1500,idle,1.0512744921832687e-06,0.00010987915407427651,-0.00010909023180928996,0.0,0.0
2.6600009040012083,0.0,-7.529198938982518e-05,7.529198938982518e-05,3.457515085864819e-05,1500,idle,1.0512744921832687e-06,0.00010988703863296789,-7.636316226650297e-05,0.0,0.0
2.680000309001116,0.0,-7.529198938982518e-05,7.529198938982518e-05,5.749198409729045e-05,1500,idle,1.0512744921832687e-06,0.00010989492319165926,-5.345421358655208e-05,0.0,0.0
2.700000437000199,0.0,-7.529198938982518e-05,7.529198938982518e-05,7.353613273194744e-05,1500,idle,1.0512744921832687e-06,0.00010990280775035063,-3.741794951058645e-05,0.0,0.0
2.7200003050002124,0.0,-7.529198938982518e-05,7.529198938982518e-05,8.476940214381475e-05,1500,idle,1.0512744921832687e-06,0.000109910692309042,-2.6192564657410516e-05,0.0,0.0
2.740000396001051,0.0,-7.529198938982518e-05,7.529198938982518e-05,9.263505609972928e-05,1500,idle,1.0512744921832687e-06,0.00010991857686773338,-1.833479526018736e-05,0.0,0.0
2.760000246000345,0.0,0.003801148811366062,-0.003801148811366062,-0.0004638127991191507,1500,idle,-5.307404969328531e-05,0.00010952052149503374,-0.0005202592709208991,0.0,0.0
2.7800007440000627,0.0,0.003801148811366062,-0.003801148811366062,-0.00030813307321558056,1500,idle,-5.307404969328531e-05,0.00010912246612233412,-0.00036418148964462936,0.0,0.0
2.8000003900015145,0.0,0.003801148811366062,-0.003801148811366062,-0.00019927668169489137,1500,idle,-5.307404969328531e-05,0.00010872441074963448,-0.00025492704275124054,0.0,0.0
2.8200003690017184,0.0,0.003801148811366062,-0.003801148811366062,-0.00012319662424221885,1500,idle,-5.307404969328531e-05,0.00010832635537693485,-0.00017844892992586837,0.0,0.0
2.840000312000484,0.0,0.003801148811366062,-0.003801148811366062,-7.006000063715796e-05,1500,idle,-5.307404969328531e-05,0.00010792830000423521,-0.00012491425094810787,0.0,0.0
2.860000384000159,0.0,0.007967061130731423,-0.007967061130731423,-0.0006369037905186077,1500,idle,-0.00011124115875114058,0.00010709399131360165,-0.0006327566230810688,0.0,0.0
2.8800004010008706,0.0,0.007967061130731423,-0.007967061130731423,-0.00044791111228492057,1500,idle,-0.00011124115875114058,0.0001062596826229681,-0.0004429296361567481,0.0,0.0
2.900000750001709,0.0,0.007967061130731423,-0.007967061130731423,-0.00031586653012852966,1500,idle,-0.00011124115875114058,0.00010542537393233453,-0.00031005074530972363,0.0,0.0
2.9200002670004324,0.0,0.007967061130731423,-0.007967061130731423,-0.00022368561522624614,1500,idle,-0.00011124115875114058,0.00010459106524170097,-0.00021703552171680653,0.0,0.0
2.9400002830006997,0.0,0.007967061130731423,-0.007967061130731423,-0.00015940926740183774,1500,idle,-0.00011124115875114058,0.00010375675655106741,-0.00015192486520176457,0.0,0.0
2.9600002440001845,0.0,0.007967061130731423,-0.007967061130731423,-0.00011466611653194192,1500,idle,-0.00011124115875114058,0.00010292244786043385,-0.00010634740564123519,0.0,0.0
2.9800002420015517,0.0,0.007967061130731423,-0.007967061130731423,-8.359620353020491e-05,1500,idle,-0.00011124115875114058,0.00010208813916980029,-7.444318394886462e-05,0.0,0.0
3.0000002770011633,15.0,0.007967061130731423,14.992032938869269,0.2109482090090783,1475,up,0.20932826908056842,0.0016720501572740631,-5.211022876420523e-05,0.0,0.0
3.0200002750007116,15.0,0.004586915226246546,14.995413084773753,0.21302381386828095,1450,up,0.20937546482075323,0.0032423661434297125,0.00040598290409802793,0.0,0.0
3.04000036600155,15.0,0.004586915226246546,14.995413084773753,0.2144723349832072,1425,up,0.20937546482075323,0.004812682129585362,0.00028418803286861955,0.0,0.0
3.060000420000506,15.0,0.004586915226246546,14.995413084773753,0.21595739455950227,1400,up,0.20937546482075323,0.006382998115741011,0.00019893162300803368,0.0,0.0
3.0800006210010906,15.0,0.004586915226246546,14.995413084773753,0.21746803105875553,1375,up,0.20937546482075323,0.00795331410189666,0.00013925213610562357,0.0,0.0
3.1000008230003004,15.0,0.004586915226246546,14.995413084773753,0.2189965714040795,1350,up,0.20937546482075323,0.00952363008805231,9.74764952739365e-05,0.0,0.0
3.1200004320016888,15.0,0.006141031582812317,14.993858968417188,0.22031234878170494,1348.8364844313708,up,0.2093537652628483,0.011093783327523673,-0.00013519980866702616,0.0,0.0
3.1400003000017023,15.0,0.006141031582812317,14.993858968417188,0.2219230619637764,1348.3224270328374,up,0.2093537652628483,0.012663936566995033,-9.463986606691831e-05,0.0,0.0
3.1600005210002564,15.0,0.006141031582812317,14.993858968417188,0.22352160716306785,1347.8122530330634,up,0.2093537652628483,0.014234089806466396,-6.62479062468428e-05,0.0,0.0
3.1800003520002065,15.0,0.006141031582812317,14.993858968417188,0.22511163477441326,1347.3047974124213,up,0.2093537652628483,0.015804243045937756,-4.637353437278996e-05,0.0,0.0
3.2000002570002835,15.0,0.006141031582812317,14.993858968417188,0.22669570007419648,1346.7992446571714,up,0.2093537652628483,0.01737439628540912,-3.246147406095297e-05,0.0,0.0
3.220000292001714,15.0,0.008753165166348609,14.991246834833651,0.2278969184621595,1346.415877086545,up,0.20931729299762059,0.018944275982891275,-0.0003646505183523668,0.0,0.001953125
3.2400002900012623,15.0,0.008753165166348609,14.991246834833651,0.22957619331514736,1345.8799383036765,up,0.20931729299762059,0.020514155680373427,-0.0002552553628466567,0.0,0.001953125
3.2600004370015085,15.0,0.028198308175449327,14.97180169182455,0.22840374464792068,1346.254124048536,up,0.20904578758239667,0.022081999087241403,-0.002724042021717399,0.0,0.001953125
3.280000527000084,15.0,0.028198308175449327,14.97180169182455,0.23078880066130386,1345.4929359591583,up,0.20904578758239667,0.023649842494109376,-0.0019068294152021791,0.0,0.017578125
3.300000266001007,15.0,0.028198308175449327,14.97180169182455,0.2329286928927325,1344.8099916299789,up,0.20904578758239667,0.02521768590097735,-0.0013347805906415253,0.0,0.017578125
3.3200002450012107,15.0,0.09847439855717433,14.901525601442826,0.22470925313231851,1347.4332170854302,up,0.20806454825232445,0.026778170012869782,-0.010133465132875717,0.0,0.0390625
3.3400002800008224,15.0,0.09847439855717433,14.901525601442826,0.22930977678407366,1345.9649648561467,up,0.20806454825232445,0.02833865412476222,-0.007093425593013001,0.0,0.0390625
3.360000315000434,15.0,0.24348440167842966,14.75651559832157,0.21197661653867006,1351.496824508935,up,0.20603982665008994,0.029883952824637895,-0.023947162936057795,0.0,0.0390625
3.3800003320011456,15.0,0.24348440167842966,14.75651559832157,0.22070606411936305,1348.7108306002033,up,0.20603982665008994,0.03142925152451357,-0.016763014055240454,0.0,0.07421875
3.400000256000567,15.0,0.24348440167842966,14.75651559832157,0.22728026703581086,1346.6126807332519,up,0.20603982665008994,0.03297455022438925,-0.011734109838668317,0.0,0.07421875
3.420000346000961,15.0,0.4933475832372647,14.506652416762735,0.19612387093510736,1356.556211403689,up,0.2025510784919219,0.034493683313078664,-0.04092089086989319,0.0,0.115234375
3.4400006590003613,15.0,0.4933475832372647,14.506652416762735,0.20991927128476473,1352.1534240580538,up,0.2025510784919219,0.03601281640176808,-0.028644623608925227,0.0,0.115234375
3.4600003980012843,15.0,0.8602502409035786,14.139749759096421,0.1668429963917314,1365.901171364341,up,0.19742815096344607,0.037493527533993924,-0.06807868210570861,0.0,0.115234375
3.480000266001298,15.0,0.8602502409035786,14.139749759096421,0.1887473121556698,1358.9104322907438,up,0.19742815096344607,0.03897423866621977,-0.04765507747399603,0.0,0.15234375
3.5000003750010364,15.0,0.8602502409035786,14.139749759096421,0.20452454653009444,1353.8751447244379,up,0.19742815096344607,0.04045494979844561,-0.03335855423179722,0.0,0.15234375
3.5200002620003943,15.0,1.3340687318159574,13.665931268184043,0.14732475617252971,1372.130396966214,up,0.1908123967848446,0.04188604277433194,-0.08537368338664685,0.0,0.189453125
3.5400002599999425,15.0,1.3340687318159574,13.665931268184043,0.17436795416441006,1363.499589096465,up,0.1908123967848446,0.04331713575021827,-0.05976157837065279,0.0,0.189453125
3.5600005360010982,15.0,1.908498207403614,13.091501792596386,0.11045417548055048,1383.897603570037,up,0.1827918482492374,0.04468807461208755,-0.11702574738077445,0.0,0.189453125
3.580000349000329,15.0,1.908498207403614,13.091501792596386,0.14693283855665212,1372.2554770563877,up,0.1827918482492374,0.046059013473956835,-0.0819180231665421,0.0,0.220703125
3.6000005880014214,15.0,1.908498207403614,13.091501792596386,0.17287918436848404,1363.974728393037,up,0.1827918482492374,0.047429952335826114,-0.05734261621657947,0.0,0.220703125
3.620000308001181,15.0,2.5589398793363305,12.44106012066367,0.0971602992332804,1388.1403300319319,up,0.17370996923531523,0.048732777105090976,-0.1252824471071258,0.0,0.240234375
3.6400002320006024,15.0,2.5589398793363305,12.44106012066367,0.136047858134683,1375.7294069782927,up,0.17370996923531523,0.05003560187435584,-0.08769771297498806,0.0,0.240234375
3.660000989000764,15.0,3.269270021780704,11.730729978219296,0.0606855331748119,1399.7812128165494,up,0.16379188942586353,0.051264041045049814,-0.15437039729610144,0.0,0.240234375
3.680000413000016,15.0,3.269270021780704,11.730729978219296,0.10822509153433632,1384.6090133401053,up,0.16379188942586353,0.0524924802157438,-0.108059278107271,0.0,0.263671875
3.7000004110013833,15.0,3.269270021780704,11.730729978219296,0.1418713141372116,1373.8708571902516,up,0.16379188942586353,0.05372091938643778,-0.0756414946750897,0.0,0.263671875
3.7200003530015238,15.0,4.033102927979119,10.966897072020881,0.05506160038515648,1398.8708571902516,up,0.15312677010727205,0.05486937016224232,-0.15293453988435787,0.0,0.279296875
3.740000259000226,15.0,4.033102927979119,10.966897072020881,0.1020904131262684,1386.5668894277867,up,0.15312677010727205,0.056017820938046865,-0.1070541779190505,0.0,0.279296875
3.760000423000747,15.0,4.837917419622283,10.162082580377717,0.018683536501724413,1400.0,up,0.14188943990972197,0.057081991737369775,-0.18028789514536733,0.0,0.279296875
3.7800002730000415,15.0,4.837917419622283,10.162082580377717,0.07383407584465754,1395.5848694112794,up,0.14188943990972197,0.058146162536692685,-0.12620152660175712,0.0,0.2890625
3.8000003270008165,15.0,4.837917419622283,10.162082580377717,0.1127587046245076,1383.16211554537,up,0.14188943990972197,0.059210333336015594,-0.08834106862122998,0.0,0.2890625
3.8200003990004916,15.0,5.6767770318493085,9.323222968150692,0.018718194615502143,1400.0,up,0.1301767501534304,0.06018665896216632,-0.17164521450009457,0.0,0.30078125
3.8400003780006955,15.0,5.6767770318493085,9.323222968150692,0.07118808459168123,1396.4293347047826,up,0.1301767501534304,0.061162984588317044,-0.1201516501500662,0.0,0.30078125
3.8600003390001802,15.0,6.5374100422978785,8.462589957702122,-0.016553521389780224,1400.0,up,0.11816004640648772,0.06204918493636571,-0.19676275273263366,0.0,0.30078125
3.8800003370015475,15.0,6.5374100422978785,8.462589957702122,0.04336150477805853,1400.0,up,0.11816004640648772,0.06293538528441436,-0.13773392691284356,0.0,0.306640625
3.900000613000884,15.0,6.5374100422978785,8.462589957702122,0.08556788319996025,1391.8400372766084,up,0.11816004640648772,0.06382158563246303,-0.09641374883899048,0.0,0.306640625
3.920000241001617,15.0,7.396789797606594,7.603210202393406,-0.009203537755323177,1400.0,up,0.10616084140239149,0.06461779194298096,-0.17998217110069564,0.0,0.310546875
3.9400003500013554,15.0,7.396789797606594,7.603210202393406,0.04558731988540343,1400.0,up,0.10616084140239149,0.0654139982534989,-0.12598751977048694,0.0,0.310546875
3.960000292001496,15.0,8.284188627288344,6.715811372711656,-0.04446380631828495,1400.0,up,0.09377041631735875,0.0661172763758791,-0.20435149901152277,0.0,0.310546875
3.980000272000325,15.0,8.284188627288344,6.715811372711656,0.017544921507552075,1400.0,up,0.09377041631735875,0.06682055449825929,-0.14304604930806594,0.0,0.310546875
4.000000362000719,15.0,8.284188627288344,6.715811372711656,0.061162014422352085,1399.6291443332918,up,0.09377041631735875,0.06752383262063949,-0.10013223451564615,0.0,0.310546875
4.0200002860001405,15.0,9.161886864524732,5.838113135475268,-0.03533235929846587,1400.0,up,0.08151543705437854,0.06813519839854731,-0.1849829947513917,0.0,0.30859375
4.040000303000852,15.0,9.161886864524732,5.838113135475268,0.020773904904859503,1400.0,up,0.08151543705437854,0.06874656417645515,-0.1294880963259742,0.0,0.30859375
4.060000282001056,15.0,10.049688724505394,4.950311275494606,-0.0684703149773479,1400.0,up,0.06911938460478476,0.06926495956099103,-0.20685465914312368,0.0,0.30859375
4.080000336000012,15.0,10.049688724505394,4.950311275494606,-0.00589552184987488,1400.0,up,0.06911938460478476,0.06978335494552693,-0.14479826140018656,0.0,0.306640625
4.1000003710014425,15.0,10.049688724505394,4.950311275494606,0.03806235195471698,1400.0,up,0.06911938460478476,0.0703017503300628,-0.10135878298013058,0.0,0.306640625
4.120000313001583,15.0,10.921175474173225,4.078824525826775,-0.05734847895014347,1400.0,up,0.05695113406941894,0.07072888383558344,-0.18502849685514586,0.0,0.3046875
4.140000404000602,15.0,10.921175474173225,4.078824525826775,-0.0014127963880790628,1400.0,up,0.05695113406941894,0.07115601734110408,-0.1295199477986021,0.0,0.3046875
4.160000253001272,15.0,11.791184866974966,3.208815133025034,-0.08825237166318001,1400.0,up,0.04480351132728533,0.07149204367605871,-0.20454792666652405,0.0,0.3046875
4.1800003810003545,15.0,11.791184866974966,3.208815133025034,-0.026551967328268145,1400.0,up,0.04480351132728533,0.07182807001101335,-0.14318354866656682,0.0,0.3046875
4.200000379001722,15.0,11.791184866974966,3.208815133025034,0.01673912360665654,1400.0,up,0.04480351132728533,0.07216409634596799,-0.10022848406659678,0.0,0.3046875
4.220000321000043,15.0,12.652070536623548,2.3479294633764525,-0.07765635874933444,1400.0,up,0.03278327979240214,0.07240997094441101,-0.1828496094861476,0.0,0.30078125
4.240000375000818,15.0,12.652070536623548,2.3479294633764525,-0.02255560130504715,1400.0,up,0.03278327979240214,0.07265584554285402,-0.1279947266403033,0.0,0.30078125
4.260000373000366,15.0,13.490704063653094,1.5092959363469056,-0.10548553520560981,1400.0,up,0.021073746780979397,0.07281389864371136,-0.19937318063030057,0.0,0.30078125
4.280000389000634,15.0,13.490704063653094,1.5092959363469056,-0.04551552791566227,1400.0,up,0.021073746780979397,0.07297195174456872,-0.13956122644121038,0.0,0.294921875
4.300000627999907,15.0,13.490704063653094,1.5092959363469056,-0.003489106882441806,1400.0,up,0.021073746780979397,0.07313000484542606,-0.09769285850884726,0.0,0.294921875
4.320000348001486,15.0,14.320245102060689,0.6797548979393113,-0.09427931148852373,1400.0,up,0.009491168860479182,0.07320118861187966,-0.17697166896088257,0.0,0.283203125
4.3400002350008435,15.0,14.320245102060689,0.6797548979393113,-0.04111662703380535,1400.0,up,0.009491168860479182,0.07327237237833326,-0.12388016827261779,0.0,0.283203125
4.360000585000307,15.0,15.108919084006974,-0.10891908400697403,-0.11821313152297423,1400.0,up,-0.0015207973073424253,0.07326096639852818,-0.18995330061416,0.0,0.283203125
4.380000268000003,15.0,15.108919084006974,-0.10891908400697403,-0.061238547318531275,1400.0,up,-0.0015207973073424253,0.07324956041872312,-0.13296731042991197,0.0,0.279296875
4.400000285000715,15.0,15.108919084006974,-0.10891908400697403,-0.02135976016936275,1400.0,up,-0.0015207973073424253,0.07323815443891804,-0.09307711730093837,0.0,0.279296875
4.420000412001173,15.0,15.903069957645588,-0.9030699576455881,-0.10857373851534283,1400.0,up,-0.01260923530940903,0.07314358517409747,-0.16910808838003127,0.0,0.26953125
4.440000669001165,15.0,15.903069957645588,-0.9030699576455881,-0.057935881266154,1400.0,up,-0.01260923530940903,0.07304901590927691,-0.11837566186602189,0.0,0.26953125
4.4600004450003325,15.0,16.651377295635026,-1.6513772956350259,-0.13099765750977926,1400.0,up,-0.023057576801208814,0.07287608408326784,-0.1808161647918383,0.0,0.26953125
4.48000031400079,15.0,16.651377295635026,-1.6513772956350259,-0.07692573989823683,1400.0,up,-0.023057576801208814,0.07270315225725878,-0.12657131535428678,0.0,0.2578125
4.500000423000529,15.0,16.651377295635026,-1.6513772956350259,-0.03912727711795985,1400.0,up,-0.023057576801208814,0.07253022043124971,-0.08859992074800074,0.0,0.2578125
4.520000291000542,15.0,17.36899931960695,-2.3689993196069494,-0.11675177887821395,1400.0,up,-0.03307747048371739,0.07228213940262183,-0.1559564477971184,0.0,0.24609375
4.540000252000027,15.0,17.36899931960695,-2.3689993196069494,-0.07021292556770631,1400.0,up,-0.03307747048371739,0.07203405837399394,-0.10916951345798287,0.0,0.24609375
4.560000324001521,15.0,18.06204699858305,-3.0620469985830496,-0.13817922847510028,1400.0,up,-0.04275424158086749,0.07171340156213744,-0.16713838845637025,0.0,0.24609375
4.580000302999906,15.0,18.06204699858305,-3.0620469985830496,-0.08835836875004573,1400.0,up,-0.04275424158086749,0.07139274475028093,-0.11699687191945916,0.0,0.240234375
4.6000007830007235,15.0,18.06204699858305,-3.0620469985830496,-0.05357996398606449,1400.0,up,-0.04275424158086749,0.07107208793842441,-0.08189781034362141,0.0,0.240234375
4.620000318000166,15.0,18.711012419363637,-3.7110124193636373,-0.12340987878573706,1400.0,up,-0.05181550824023687,0.07068347162662264,-0.14227784217212283,0.0,0.2265625
4.64000039000166,15.0,18.711012419363637,-3.7110124193636373,-0.08111514244590198,1400.0,up,-0.05181550824023687,0.07029485531482087,-0.09959448952048598,0.0,0.2265625
4.660000406000108,15.0,19.330590408595025,-4.330590408595025,-0.1414438038021493,1500,dwell,-0.060466448948215804,0.06984135694770925,-0.15081871180164275,0.0,0.2265625
4.680000349000693,15.0,19.330590408595025,-4.330590408595025,-0.09665168862876808,1500,dwell,-0.060466448948215804,0.06938785858059764,-0.10557309826114991,0.0,0.20703125
4.700000384000305,15.0,19.330590408595025,-4.330590408595025,-0.06543325751753472,1500,dwell,-0.060466448948215804,0.06893436021348602,-0.07390116878280494,0.0,0.20703125
4.720000289000382,15.0,19.90380759347636,-4.903807593476358,-0.12681400821613253,1500,dwell,-0.06847007071236969,0.06842083468314324,-0.12676477218690607,0.0,0.189453125
4.74000028699993,15.0,19.90380759347636,-4.903807593476358,-0.08929810209040347,1500,dwell,-0.06847007071236969,0.06790730915280047,-0.08873534053083425,0.0,0.189453125
4.760000230000514,15.0,20.415475321108467,-5.415475321108467,-0.13736598532467237,1500,dwell,-0.07561429993107197,0.06734020190331744,-0.12909188729691784,0.0,0.189453125
4.780000339000253,15.0,20.415475321108467,-5.415475321108467,-0.09920552638508005,1500,dwell,-0.07561429993107197,0.0667730946538344,-0.09036432110784248,0.0,0.162109375
4.80000024400033,15.0,20.415475321108467,-5.415475321108467,-0.07266333730221035,1500,dwell,-0.07561429993107197,0.06620598740435135,-0.06325502477548973,0.0,0.162109375
4.820000353000069,15.0,20.837135471555676,-5.837135471555676,-0.11538076424974014,1500,dwell,-0.08150178629087873,0.06559472400716977,-0.09947370196603118,0.0,0.1328125
4.840000666001288,15.0,20.837135471555676,-5.837135471555676,-0.08614991705711238,1500,dwell,-0.08150178629087873,0.06498346060998818,-0.06963159137622182,0.0,0.1328125
4.860000256001513,15.0,21.183787046430595,-6.183787046430595,-0.11612475842142518,1500,dwell,-0.0863419553619115,0.06433589594477385,-0.09411869900428753,0.0,0.1328125
4.880000273000405,15.0,21.183787046430595,-6.183787046430595,-0.08853671338535327,1500,dwell,-0.0863419553619115,0.0636883312795595,-0.06588308930300127,0.0,0.107421875
4.900000438001371,15.0,21.183787046430595,-6.183787046430595,-0.06941935125966722,1500,dwell,-0.0863419553619115,0.06304076661434517,-0.04611816251210089,0.0,0.107421875
4.920000287000221,15.0,21.45240308085272,-6.452403080852719,-0.09517194063842385,1500,dwell,-0.09009254274136468,0.062365072543784934,-0.06744447044084412,0.0,0.080078125
4.940000397000404,15.0,21.45240308085272,-6.452403080852719,-0.07561429357673086,1500,dwell,-0.09009254274136468,0.0616893784732247,-0.04721112930859088,0.0,0.080078125
4.960000302000481,15.0,21.641855573730354,-6.6418555737303535,-0.08959101742102944,1500,dwell,-0.09273779856282537,0.06099384498400351,-0.057847063842207586,0.0,0.080078125
4.980000392000875,15.0,21.641855573730354,-6.6418555737303535,-0.07293243175758835,1525,down,-0.09273779856282537,0.06029831149478232,-0.040492944689545306,0.0,0.05078125
5.000000835001629,15.0,21.641855573730354,-6.6418555737303535,-0.06148008183994595,1550,down,-0.09273779856282537,0.05960277800556113,-0.028345061282681713,0.0,0.05078125
5.020000537000669,15.0,21.750741492372953,-6.750741492372953,-0.06945696710288644,1575,down,-0.09425813279432296,0.05889584200960371,-0.03409467631816719,0.0,0.0234375
5.040000275001148,15.0,21.750741492372953,-6.750741492372953,-0.05993550020339371,1600,down,-0.09425813279432296,0.05818890601364629,-0.023866273422717032,0.0,0.0234375
5.060000366000168,15.0,21.785080897142123,-6.785080897142123,-0.05846063630069018,1600.0,down,-0.09473760133544062,0.05747837400363049,-0.021201408968880047,0.0,0.0234375
5.0800002710002445,15.0,21.785080897142123,-6.785080897142123,-0.052810745620041975,1600.0,down,-0.09473760133544062,0.05676784199361468,-0.014840986278216032,0.0,0.0
5.100000306001675,15.0,21.785080897142123,-6.785080897142123,-0.049068981746592966,1600.0,down,-0.09473760133544062,0.05605730998359888,-0.010388690394751222,0.0,0.0
5.120000360000631,15.0,21.742329992664665,-6.742329992664665,-0.040465434230836504,1600.0,down,-0.09414068610237086,0.0553512548378311,-0.0016760029662967382,0.0,-0.0234375
5.140000339000835,15.0,21.742329992664665,-6.742329992664665,-0.04066868848671526,1600.0,down,-0.09414068610237086,0.05464519969206332,-0.0011732020764077167,0.0,-0.0234375
5.160000374000447,15.0,21.652886149626724,-6.652886149626724,-0.028056373152033492,1600.0,down,-0.0928918144570516,0.053948511083635436,0.010886930221382665,0.0,-0.0234375
5.180000371999995,15.0,21.652886149626724,-6.652886149626724,-0.03201914082687618,1600.0,down,-0.0928918144570516,0.05325182247520755,0.0076208511549678655,0.0,-0.041015625
5.200000352000643,15.0,21.652886149626724,-6.652886149626724,-0.035002084781794424,1600.0,down,-0.0928918144570516,0.052555133866779666,0.0053345958084775056,0.0,-0.041015625
5.220000405000974,15.0,21.271461399553182,-6.271461399553182,0.017994867793911178,1600.0,down,-0.08756612026714775,0.05189838796477606,0.05366260009628286,0.0,-0.0625
5.240000292000332,15.0,21.271461399553182,-6.271461399553182,0.0012393418630227138,1600.0,down,-0.08756612026714775,0.05124164206277246,0.037563820067398,0.0,-0.0625
5.260000419000789,15.0,21.031391723460814,-6.031391723460814,0.024115642119159036,1600.0,down,-0.08421411524154127,0.0506100361984609,0.057719721162239404,0.0,-0.0625
5.280000529000972,15.0,21.031391723460814,-6.031391723460814,0.006168119906175662,1600.0,down,-0.08421411524154127,0.049978430334149344,0.04040380481356758,0.0,-0.076171875
5.300000415001705,15.0,21.031391723460814,-6.031391723460814,-0.006584627402206174,1600.0,down,-0.08421411524154127,0.049346824469837784,0.028282663369497307,0.0,-0.076171875
5.320000395000534,15.0,20.748514608232355,-5.748514608232355,0.02530682797089278,1600.0,down,-0.08026440561011726,0.0487448414277619,0.05682639215324814,0.0,-0.09375
5.340000282001711,15.0,20.748514608232355,-5.748514608232355,0.007656927282842459,1600.0,down,-0.08026440561011726,0.04814285838568602,0.039778474507273696,0.0,-0.09375
5.3600004090003495,15.0,20.424980931716583,-5.424980931716583,0.042023123795107004,1600.0,down,-0.07574702329309124,0.047574755710987834,0.07019539137721041,0.0,-0.09375
5.3800003890009975,15.0,20.424980931716583,-5.424980931716583,0.0203964037072457,1600.0,down,-0.07574702329309124,0.047006653036289654,0.04913677396404729,0.0,-0.109375
5.400000498000736,15.0,20.424980931716583,-5.424980931716583,0.005087268843333326,1600.0,down,-0.07574702329309124,0.04643855036159147,0.0343957417748331,0.0,-0.109375
5.420000403000813,15.0,20.05831294933909,-5.05831294933909,0.047355218516803875,1600.0,down,-0.07062737244978581,0.04590884506821807,0.07207374589837162,0.0,-0.126953125
5.440000605000023,15.0,20.05831294933909,-5.05831294933909,0.025203389453918992,1600.0,down,-0.07062737244978581,0.04537913977484467,0.05045162212886013,0.0,-0.126953125
5.460000325001602,15.0,19.68386528603134,-4.683865286031342,0.06382076977878509,1600.0,down,-0.06539909676889032,0.044888646549077996,0.08433121999859741,0.0,-0.126953125
5.480000397001277,15.0,19.68386528603134,-4.683865286031342,0.03803091055343919,1600.0,down,-0.06539909676889032,0.044398153323311325,0.05903185399901818,0.0,-0.140625
5.500000728001396,15.0,19.68386528603134,-4.683865286031342,0.01983086112796706,1600.0,down,-0.06539909676889032,0.04390766009754465,0.04132229779931273,0.0,-0.140625
5.5200002630008385,15.0,19.266841704761372,-4.266841704761372,0.06739835594815469,1600.0,down,-0.059576349127595046,0.04346083747908769,0.08351386759666204,0.0,-0.154296875
5.540000261000387,15.0,19.266841704761372,-4.266841704761372,0.04189737305069911,1600.0,down,-0.059576349127595046,0.04301401486063073,0.05845970731766343,0.0,-0.154296875
5.560000315001162,15.0,18.815877647818997,-3.815877647818997,0.08928756617745778,1600.0,down,-0.053279703046158526,0.04261441708778454,0.09995285213583177,0.0,-0.154296875
5.580000276000646,15.0,18.815877647818997,-3.815877647818997,0.05890211276386205,1600.0,down,-0.053279703046158526,0.04221481931493835,0.06996699649508223,0.0,-0.169921875
5.600000533000639,15.0,18.815877647818997,-3.815877647818997,0.03751241604249119,1600.0,down,-0.053279703046158526,0.04181522154209216,0.048976897546557555,0.0,-0.169921875
5.620000272001562,15.0,18.31318552555682,-3.3131855255568183,0.0952935418573187,1600.0,down,-0.046260796920308205,0.04146826556518985,0.10008607321243705,0.0,-0.181640625
5.6400003070011735,15.0,18.31318552555682,-3.3131855255568183,0.06492076391668528,1600.0,down,-0.046260796920308205,0.041121309588287545,0.07006025124870593,0.0,-0.181640625
5.660000471001695,15.0,17.77803664300121,-2.7780366430012116,0.12113468613350438,1600.0,down,-0.038788708929137175,0.040830394271319015,0.11909300079132254,0.0,-0.181640625
5.680000302001645,15.0,17.77803664300121,-2.7780366430012116,0.08511587057913908,1600.0,down,-0.038788708929137175,0.040539478954350484,0.08336510055392578,0.0,-0.193359375
5.700000300001193,15.0,17.77803664300121,-2.7780366430012116,0.05981542509599282,1600.0,down,-0.038788708929137175,0.04024856363738196,0.05835557038774804,0.0,-0.193359375
5.720000298000741,15.0,17.20325082080815,-2.203250820808151,0.12534284234897464,1600.0,down,-0.03076318485629588,0.04001783975095974,0.11608818745431077,0.0,-0.203125
5.74000038900158,15.0,17.20325082080815,-2.203250820808151,0.09028566222625917,1600.0,down,-0.03076318485629588,0.039787115864537516,0.08126173121801752,0.0,-0.203125
5.760000239000874,15.0,16.966120330667046,-1.9661203306670458,0.1000525260428815,1600.0,down,-0.0274522186084317,0.03958122422497428,0.08792352042633893,0.0,-0.203125
5.780000329001268,15.0,16.966120330667046,-1.9661203306670458,0.07346957827541659,1600.0,down,-0.0274522186084317,0.039375332585411045,0.06154646429843724,0.0,-0.21484375
5.8000003270008165,15.0,16.966120330667046,-1.9661203306670458,0.054799747346322175,1600.0,down,-0.0274522186084317,0.03916944094584781,0.04308252500890607,0.0,-0.21484375
5.820000436000555,15.0,16.657996249363798,-1.6579962493637979,0.08633693658685021,1600.0,down,-0.02314999482969218,0.03899581598462512,0.07049111543191727,0.0,-0.228515625
5.84000037900114,15.0,16.657996249363798,-1.6579962493637979,0.06501597699605234,1600.0,down,-0.02314999482969218,0.03882219102340243,0.049343780802342085,0.0,-0.228515625
5.860000303000561,15.0,16.089913222021774,-1.0899132220217744,0.13239253709970455,1600.0,down,-0.015218059428239972,0.03870805557769063,0.1089025409502539,0.0,-0.228515625
5.880000356000892,15.0,16.089913222021774,-1.0899132220217744,0.09960763936891658,1600.0,down,-0.015218059428239972,0.03859392013197883,0.07623177866517772,0.0,-0.232421875
5.900000521000038,15.0,16.089913222021774,-1.0899132220217744,0.07662397032365145,1600.0,down,-0.015218059428239972,0.038479784686267025,0.0533622450656244,0.0,-0.232421875
5.920000519001405,15.0,15.44388460810637,-0.4438846081063694,0.15415402222833013,1500,dwell,-0.006197798328304716,0.03843330119880474,0.1219185193578301,0.0,-0.23828125
5.940000257000065,15.0,15.44388460810637,-0.4438846081063694,0.11753198293351881,1500,dwell,-0.006197798328304716,0.038386817711342454,0.08534296355048107,0.0,-0.23828125
5.960000329001559,15.0,14.76034192590684,0.23965807409316042,0.19097377497625484,1500,dwell,0.00334625797753132,0.03841191464617394,0.14921560235254958,0.0,-0.23828125
5.980000364001171,15.0,14.76034192590684,0.23965807409316042,0.14623419120532144,1500,dwell,0.00334625797753132,0.038437011581005424,0.1044509216467847,0.0,-0.23828125
6.000000325000656,15.0,14.76034192590684,0.23965807409316042,0.1149240116461175,1500,dwell,0.00334625797753132,0.0384621085158369,0.07311564515274928,0.0,-0.23828125
6.0200002860001405,15.0,14.077957528352147,0.9220424716478526,0.19193766652514227,1500,dwell,0.012874141578785171,0.038558664577677794,0.14050486036867932,0.0,-0.232421875
6.040000395001698,15.0,14.077957528352147,0.9220424716478526,0.14988276447637935,1500,dwell,0.012874141578785171,0.03865522063951868,0.09835340225807551,0.0,-0.232421875
6.060000282001056,15.0,13.440982515417126,1.5590174845828741,0.2128136869259611,1500,dwell,0.021767990561704843,0.03881848056873147,0.15222721579552478,0.0,-0.22265625
6.080000243000541,15.0,13.440982515417126,1.5590174845828741,0.16730878211651645,1500,dwell,0.021767990561704843,0.038981740497944256,0.10655905105686735,0.0,-0.22265625
6.100000315000216,15.0,13.440982515417126,1.5590174845828741,0.13550432672866902,1500,dwell,0.021767990561704843,0.039145000427157045,0.07459133573980714,0.0,-0.22265625
6.12000038700171,15.0,12.811782772727078,2.188217227272922,0.20450341502884795,1500,dwell,0.03055327629181881,0.03937414999934569,0.13457598873768345,0.0,-0.212890625
6.140000404000602,15.0,12.811782772727078,2.188217227272922,0.16435976797973156,1500,dwell,0.03055327629181881,0.039603299571534335,0.09420319211637841,0.0,-0.212890625
6.160000494000997,15.0,12.203992780241556,2.796007219758444,0.22443748073139871,1500,dwell,0.03903962551545397,0.039896096762900235,0.1455017584530445,0.0,-0.208984375
6.180000307000228,15.0,12.203992780241556,2.796007219758444,0.18107975038685126,1500,dwell,0.03903962551545397,0.040188893954266135,0.10185123091713115,0.0,-0.208984375
6.200000268001531,15.0,12.203992780241556,2.796007219758444,0.15081717830307778,1500,dwell,0.03903962551545397,0.040481691145632034,0.0712958616419918,0.0,-0.208984375
6.22000048800146,15.0,11.620453154414442,3.3795468455855584,0.21431523375683814,1500,dwell,0.04718737574468508,0.04083559646371717,0.1262922615484359,0.0,-0.201171875
6.240000264000628,15.0,11.620453154414442,3.3795468455855584,0.17678146061039252,1475,up,0.04718737574468508,0.041189501781802314,0.08840458308390513,0.0,-0.201171875
6.2600002990002395,15.0,11.060214358325467,3.9397856416745327,0.2318301552628836,1450,up,0.05500978501601448,0.04160207516942242,0.1352182950774467,0.0,-0.193359375
6.280000407999978,15.0,11.060214358325467,3.9397856416745327,0.1916772401272697,1425,up,0.05500978501601448,0.04201464855704253,0.09465280655421268,0.0,-0.193359375
6.300000294000711,15.0,11.060214358325467,3.9397856416745327,0.16369397154862597,1400,up,0.05500978501601448,0.04242722194466264,0.06625696458794887,0.0,-0.193359375
6.32000099600009,15.0,10.512115785557924,4.487884214442076,0.22368568748646847,1375,up,0.06266268479223476,0.042897192080604406,0.11812581061362931,0.0,-0.18359375
6.340000346001034,15.0,10.512115785557924,4.487884214442076,0.18871791443832145,1358.9198145409612,up,0.06266268479223476,0.04336716221654617,0.08268806742954052,0.0,-0.18359375
6.360000325001238,15.0,9.995725059711987,5.004274940288013,0.23924110331579004,1342.7953925587904,up,0.06987285950645475,0.04389120866284458,0.12547703514649072,0.0,-0.171875
6.380000268000003,15.0,9.995725059711987,5.004274940288013,0.20212203921814123,1354.641902377189,up,0.06987285950645475,0.04441525510914299,0.0878339246025435,0.0,-0.171875
6.400000543000715,15.0,9.995725059711987,5.004274940288013,0.17629590828367658,1362.884284590316,up,0.06987285950645475,0.044939301555441395,0.06148374722178044,0.0,-0.171875
6.420000375001109,15.0,9.507060001739031,5.492939998260969,0.22921516131758674,1345.9951612816212,up,0.07669591086731638,0.04551452088694627,0.1070047295633241,0.0,-0.166015625
6.440000650000002,15.0,9.507060001739031,5.492939998260969,0.19768896178009437,1356.0567143255018,up,0.07669591086731638,0.046089740218451136,0.07490331069432686,0.0,-0.166015625
6.460000426000988,15.0,9.04756640425516,5.952433595744839,0.24240461815410363,1341.785760163584,up,0.08311165180165805,0.046713077606963575,0.112579888745482,0.0,-0.150390625
6.480000276000283,15.0,9.04756640425516,5.952433595744839,0.20925398891897146,1352.3657482173496,up,0.08311165180165805,0.047336414995476014,0.07880592212183739,0.0,-0.150390625
6.500000329000613,15.0,9.04756640425516,5.952433595744839,0.18623554967093267,1359.7120586156598,up,0.08311165180165805,0.047959752383988453,0.05516414548528617,0.0,-0.150390625
6.5200003090012615,15.0,8.635301272540982,6.364698727459018,0.23007450241601485,1345.7209034842506,up,0.08886795895332245,0.04862626207613837,0.09258028138655404,0.0,-0.123046875
6.54000030700081,15.0,8.635301272540982,6.364698727459018,0.20296692769219854,1354.372257119511,up,0.08886795895332245,0.049292771768288286,0.06480619697058783,0.0,-0.123046875
6.560000416000548,15.0,8.325521120051263,6.674478879948737,0.22909949242657013,1346.0320768851373,up,0.09319330584794301,0.04999172156214786,0.08591446501647926,0.0,-0.0859375
6.580000395000752,15.0,8.325521120051263,6.674478879948737,0.2040241027154859,1354.0348608354832,up,0.09319330584794301,0.05069067135600743,0.060140125511535476,0.0,-0.0859375
6.600000486001591,15.0,8.325521120051263,6.674478879948737,0.18668101485588484,1359.5698888757815,up,0.09319330584794301,0.051389621149867004,0.04209808785807483,0.0,-0.0859375
6.620000354001604,15.0,8.120733213058852,6.879266786941148,0.20443803656766335,1353.902754286916,up,0.09605268444417142,0.052110016283198286,0.05627533584029364,0.0,-0.037109375
6.640000371000497,15.0,8.120733213058852,6.879266786941148,0.18827583094890651,1359.0609050163064,up,0.09605268444417142,0.05283041141652957,0.039392735088205545,0.0,-0.037109375
6.660000517000299,15.0,8.054962625979382,6.945037374020618,0.1867129733882523,1359.5596893441748,up,0.09697101508057654,0.053557694029633895,0.03618426427804186,0.0,0.0078125
6.680000311000185,15.0,8.054962625979382,6.945037374020618,0.17658497671794407,1362.7920287070392,up,0.09697101508057654,0.05428497664273822,0.0253289849946293,0.0,0.0078125
6.700000364000516,15.0,8.121427129015903,6.878572870984097,0.16007840105255822,1368.0600847704602,up,0.09604299554962528,0.05500529910936042,0.009030106393572525,0.0,0.0078125
6.720000344001164,15.0,8.121427129015903,6.878572870984097,0.15808969160110864,1368.694779276242,up,0.09604299554962528,0.055725621575982605,0.006321074475500767,0.0,0.046875
6.740000286001305,15.0,8.121427129015903,6.878572870984097,0.15691369172508063,1369.0700983856125,up,0.09604299554962528,0.0564459440426048,0.004424752132850537,0.0,0.046875
6.760000377000324,15.0,8.30440894833231,6.695591051667691,0.1297802544281442,1377.729706033571,up,0.09348808737493677,0.057147104697916826,-0.02085493764470939,0.0,0.080078125
6.780000245000338,15.0,8.30440894833231,6.695591051667691,0.13673789637686903,1375.5091820073822,up,0.09348808737493677,0.057848265353228845,-0.014598456351296573,0.0,0.080078125
6.800000243001705,15.0,8.55851602588767,6.44148397411233,0.10498144111215257,1385.6442209216534,up,0.08994008325016745,0.0585228159776051,-0.04348145811561999,0.0,0.080078125
6.820000241001253,15.0,8.55851602588767,6.44148397411233,0.11870042917121482,1381.265820477272,up,0.08994008325016745,0.059197366601981355,-0.030437020680933992,0.0,0.107421875
6.840000313000928,15.0,8.55851602588767,6.44148397411233,0.12850608599987126,1378.136355531956,up,0.08994008325016745,0.05987191722635761,-0.02130591447665379,0.0,0.107421875
6.860000274000413,15.0,8.882170642350292,6.117829357649708,0.08865315675368113,1390.8553755041444,up,0.0854210122929257,0.06051257481855456,-0.05728043035779911,0.0,0.123046875
6.880000327000744,15.0,8.882170642350292,6.117829357649708,0.10647794345321782,1385.1666137915263,up,0.0854210122929257,0.0611532324107515,-0.040096301250459376,0.0,0.123046875
6.900000640000144,15.0,9.256393430963453,5.743606569036547,0.06489751858422545,1398.4369621539706,up,0.08019587645509019,0.061754701484164676,-0.07705305935502942,0.0,0.123046875
6.92000041600113,15.0,9.256393430963453,5.743606569036547,0.08861490546414746,1390.8675833625061,up,0.08019587645509019,0.06235617055757785,-0.05393714154852059,0.0,0.140625
6.940000395001334,15.0,9.256393430963453,5.743606569036547,0.10539751700211683,1385.5114307440053,up,0.08019587645509019,0.06295763963099103,-0.03775599908396441,0.0,0.140625
6.960000412000227,15.0,9.663068273919805,5.336931726080195,0.05837133445541198,1400.0,up,0.0745176244593948,0.06351652181443648,-0.0796628118184193,0.0,0.150390625
6.980000354000367,15.0,9.663068273919805,5.336931726080195,0.08282906018438324,1392.7141297283883,up,0.0745176244593948,0.06407540399788195,-0.05576396827289351,0.0,0.150390625
7.000000259000444,15.0,10.108523734604066,4.891476265395934,0.035540769845530396,1400.0,up,0.06829789289145198,0.06458763819456784,-0.09734476124048941,0.0,0.150390625
7.020000387001346,15.0,10.108523734604066,4.891476265395934,0.06525643241436314,1398.3224151869053,up,0.06829789289145198,0.06509987239125374,-0.06814133286834258,0.0,0.162109375
7.040001052000662,15.0,10.108523734604066,4.891476265395934,0.0862110664715518,1391.6347660197175,up,0.06829789289145198,0.06561210658793963,-0.047698933007839804,0.0,0.162109375
7.060000642000887,15.0,10.09854174251593,4.9014582574840695,0.10248004049347854,1386.4425402680388,up,0.06843726779372879,0.0661253860963926,-0.03208261339664285,0.0,0.162109375
7.080000584001027,15.0,10.09854174251593,4.9014582574840695,0.11261810402092433,1383.2069880784284,up,0.06843726779372879,0.06663866560484555,-0.022457829377649997,0.0,0.162109375
7.100000971000554,15.0,10.32944019497343,4.670559805026571,0.08639606537818711,1391.5757238154722,up,0.06521331720721445,0.06712776548389966,-0.04594501731292699,0.0,0.162109375
7.120001117000356,15.0,10.32944019497343,4.670559805026571,0.10066867045111932,1387.0206370900682,up,0.06521331720721445,0.06761686536295378,-0.03216151211904889,0.0,0.17578125
7.1400008000000525,15.0,10.32944019497343,4.670559805026571,0.11080622396588809,1383.7852476704613,up,0.06521331720721445,0.06810596524200788,-0.022513058483334222,0.0,0.17578125
7.160001058000489,15.0,10.724906229999046,4.275093770000954,0.06071969783826128,1399.770309200555,up,0.059691569694411056,0.06855365201471596,-0.06752552387086572,0.0,0.1796875
7.18000100000063,15.0,10.724906229999046,4.275093770000954,0.08142504177222912,1393.1622207109908,up,0.059691569694411056,0.06900133878742405,-0.047267866709606,0.0,0.1796875
7.200000720000389,15.0,11.205070450183253,3.7949295498167466,0.02644509916063495,1400.0,up,0.0529872124204227,0.06939874288057721,-0.09594085614036496,0.0,0.1796875
7.220000866000191,15.0,11.205070450183253,3.7949295498167466,0.05562476009589762,1400.0,up,0.0529872124204227,0.06979614697373038,-0.06715859929825546,0.0,0.1875
7.240000753001368,15.0,11.205070450183253,3.7949295498167466,0.07616974397852744,1394.8394434111083,up,0.0529872124204227,0.07019355106688355,-0.04701101950877882,0.0,0.1875
7.260001029000705,15.0,11.70607647110429,3.2939235288957107,0.018041090206172214,1400.0,up,0.04599184871051257,0.07053848993221239,-0.09848924843655274,0.0,0.1875
7.280001193001226,15.0,11.70607647110429,3.2939235288957107,0.04793280360246689,1400.0,up,0.04599184871051257,0.07088342879754124,-0.06894247390558692,0.0,0.1875
7.300000858000203,15.0,12.21427648909387,2.7857235109061307,-0.004711771594648195,1400.0,up,0.03889603785242251,0.07117514908143441,-0.11478295852850512,0.0,0.1875
7.320000819001507,15.0,12.21427648909387,2.7857235109061307,0.030014836247796495,1400.0,up,0.03889603785242251,0.07146686936532758,-0.08034807096995358,0.0,0.1875
7.340000891001182,15.0,12.21427648909387,2.7857235109061307,0.05441097782267575,1400.0,up,0.03889603785242251,0.07175858964922074,-0.05624364967896751,0.0,0.1875
7.36000077800054,15.0,12.73952876393789,2.2604712360621093,-0.004568478556170902,1400.0,up,0.03156213257272782,0.07199530564351621,-0.10812591677241493,0.0,0.1875
7.380000757000744,15.0,12.73952876393789,2.2604712360621093,0.028106012469849062,1400.0,up,0.03156213257272782,0.07223202163781167,-0.07568814174069044,0.0,0.1875
7.400001255000461,15.0,13.276604806048706,1.7233951939512941,-0.026809157213090462,1400.0,up,0.02406313635799706,0.07241249516049664,-0.12328478873158416,0.0,0.1875
7.420001086000411,15.0,13.276604806048706,1.7233951939512941,0.010356752929069776,1400.0,up,0.02406313635799706,0.07259296868318162,-0.0862993521121089,0.0,0.18359375
7.440001140001186,15.0,13.276604806048706,1.7233951939512941,0.03642703208538743,1400.0,up,0.02406313635799706,0.0727734422058666,-0.060409546478476225,0.0,0.18359375
7.4600011380007345,15.0,13.798016815972677,1.2019831840273234,-0.020857190147081858,1400.0,up,0.016782851291905355,0.07289931359055589,-0.11053935502954311,0.0,0.1796875
7.480000673000177,15.0,13.798016815972677,1.2019831840273234,0.012430487746470362,1400.0,up,0.016782851291905355,0.07302518497524518,-0.07737754852068017,0.0,0.1796875
7.5000006700011,15.0,14.31804358147751,0.6819564185224891,-0.03961712121758919,1400.0,up,0.009521907886660675,0.07309659928439513,-0.12223562838864499,0.0,0.1796875
7.520000724000056,15.0,14.31804358147751,0.6819564185224891,-0.0028750183918457434,1400.0,up,0.009521907886660675,0.07316801359354508,-0.0855649398720515,0.0,0.181640625
7.540000851000514,15.0,14.31804358147751,0.6819564185224891,0.022865877878919673,1400.0,up,0.009521907886660675,0.07323942790269504,-0.05989545791043604,0.0,0.181640625
7.560001016001479,15.0,14.821962759723515,0.1780372402764847,-0.032145745973742354,1400.0,up,0.002485868827191107,0.07325807191889896,-0.10788968671983243,0.0,0.173828125
7.580000958001619,15.0,14.821962759723515,0.1780372402764847,0.0002398040584113137,1400.0,up,0.002485868827191107,0.0732767159351029,-0.0755227807038827,0.0,0.173828125
7.6000009380004485,15.0,15.311391922332483,-0.3113919223324828,-0.04803581846155992,1400.0,up,-0.004347851447053053,0.07324410704925001,-0.11693207406375689,0.0,0.173828125
7.620001065000906,15.0,15.311391922332483,-0.3113919223324828,-0.01298880512828575,1400.0,up,-0.004347851447053053,0.07321149816339712,-0.08185245184462982,0.0,0.171875
7.640001489000497,15.0,15.311391922332483,-0.3113919223324828,0.01153432153925029,1400.0,up,-0.004347851447053053,0.0731788892775442,-0.05729671629124087,0.0,0.171875
7.660001191001356,15.0,15.79624925999206,-0.7962492599920594,-0.041597609241190096,1400.0,up,-0.011117737002743856,0.07309550625002363,-0.10357537848846987,0.0,0.162109375
7.680000652000672,15.0,15.79624925999206,-0.7962492599920594,-0.010608378722169708,1400.0,up,-0.011117737002743856,0.07301212322250306,-0.07250276494192891,0.0,0.162109375
7.700001039000199,15.0,15.720997467264585,-0.7209974672645849,0.021968097956513992,1400.0,up,-0.01006702376184565,0.0729366205442892,-0.04090149882592956,0.0,0.162109375
7.720000777000678,15.0,15.720997467264585,-0.7209974672645849,0.03416304492607902,1400.0,up,-0.01006702376184565,0.07286111786607537,-0.02863104917815069,0.0,0.158203125
7.740000886000416,15.0,15.720997467264585,-0.7209974672645849,0.04267685700131038,1400.0,up,-0.01006702376184565,0.07278561518786152,-0.02004173442470548,0.0,0.158203125
7.760001032000218,15.0,15.90851735288949,-0.9085173528894899,0.021429670451928104,1400.0,up,-0.012685295295539856,0.07269047547314497,-0.03857550972567701,0.0,0.1484375
7.780001140999957,15.0,15.90851735288949,-0.9085173528894899,0.03290718365491465,1400.0,up,-0.012685295295539856,0.07259533575842841,-0.02700285680797391,0.0,0.1484375
7.800001065001197,15.0,16.277298986133477,-1.2772989861334771,-0.012548283623950829,1400.0,up,-0.01783445827233168,0.07246157732138592,-0.06717540267300506,0.0,0.1484375
7.82000082200102,15.0,16.277298986133477,-1.2772989861334771,0.007470578740908208,1400.0,up,-0.01783445827233168,0.07232781888434343,-0.04702278187110354,0.0,0.138671875
7.840000598000188,15.0,16.277298986133477,-1.2772989861334771,0.021443654865196775,1400.0,up,-0.01783445827233168,0.07219406044730094,-0.03291594730977248,0.0,0.138671875
7.860001059001661,15.0,16.632173897044535,-1.6321738970445345,-0.020260487506074357,1400.0,up,-0.022789446774827263,0.07202313959648973,-0.06949418032773683,0.0,0.130859375
7.88000066800123,15.0,16.632173897044535,-1.6321738970445345,0.0004168457414355023,1400.0,up,-0.022789446774827263,0.07185221874567854,-0.04864592622941578,0.0,0.130859375
7.900001036001413,15.0,16.97812075479013,-1.9781207547901296,-0.03531119185886816,1400.0,up,-0.027619776138498555,0.0716450704246398,-0.0793364861450094,0.0,0.130859375
7.920000682001046,15.0,16.97812075479013,-1.9781207547901296,-0.011717394336404077,1400.0,up,-0.027619776138498555,0.07143792210360106,-0.05553554030150658,0.0,0.123046875
7.940000921000319,15.0,16.97812075479013,-1.9781207547901296,0.00473611943300916,1400.0,up,-0.027619776138498555,0.07123077378256232,-0.0388748782110546,0.0,0.123046875
7.960000678000142,15.0,17.319532935098646,-2.319532935098646,-0.033302081242838066,1400.0,up,-0.03238678946073548,0.0709878728616068,-0.07190316464370938,0.0,0.111328125
7.980000880001171,15.0,17.319532935098646,-2.319532935098646,-0.011974032770680758,1400.0,up,-0.03238678946073548,0.07074497194065128,-0.050332215250596564,0.0,0.111328125
8.000000730000465,15.0,17.63087565512682,-2.6308756551268218,-0.04225170405269114,1400.0,up,-0.0367339539140207,0.07046946728629612,-0.07598721742496656,0.0,0.111328125
8.020000876000267,15.0,17.63087565512682,-2.6308756551268218,-0.019731043479556315,1400.0,up,-0.0367339539140207,0.07019396263194097,-0.053191052197476586,0.0,0.1015625
8.040000763001444,15.0,17.63087565512682,-2.6308756551268218,-0.004049232474668499,1400.0,up,-0.0367339539140207,0.06991845797758581,-0.03723373653823361,0.0,0.1015625
8.0600010750004,15.0,17.90991353468698,-2.9099135346869787,-0.033605913755668085,1400.0,up,-0.040630057702907243,0.069613732544814,-0.06258958859757484,0.0,0.0859375
8.080001129001175,15.0,17.90991353468698,-2.9099135346869787,-0.015133762609167427,1400.0,up,-0.040630057702907243,0.0693090071120422,-0.043812712018302384,0.0,0.0859375
8.10000083000159,15.0,18.145312056390793,-3.145312056390793,-0.03641970315388532,1400.0,up,-0.04391684110935432,0.06897963080372205,-0.061482492848253044,0.0,0.0859375
8.120001013001456,15.0,18.145312056390793,-3.145312056390793,-0.018304331607729554,1400.0,up,-0.04391684110935432,0.0686502544954019,-0.043037744993777126,0.0,0.08203125
8.14000123400001,15.0,18.145312056390793,-3.145312056390793,-0.0057223844179165664,1400.0,up,-0.04391684110935432,0.06832087818708174,-0.030126421495643985,0.0,0.08203125
8.160001213000214,15.0,18.35683547575057,-3.3568354757505716,-0.027677759895331507,1400.0,up,-0.046870265199678234,0.06796935119808416,-0.04877684589373743,0.0,0.064453125
8.180000915001074,15.0,18.35683547575057,-3.3568354757505716,-0.013396233116207856,1400.0,up,-0.046870265199678234,0.06761782420908657,-0.0341437921256162,0.0,0.064453125
8.200000931001341,15.0,18.529255287822934,-3.5292552878229344,-0.02849981358357919,1400.0,up,-0.049277699932744314,0.06724824145959099,-0.04647035511042587,0.0,0.064453125
8.220000725001228,15.0,18.529255287822934,-3.5292552878229344,-0.014928289799947002,1400.0,up,-0.049277699932744314,0.06687865871009542,-0.03252924857729811,0.0,0.05078125
8.24000098200122,15.0,18.529255287822934,-3.5292552878229344,-0.005539097976253151,1400.0,up,-0.049277699932744314,0.06650907596059984,-0.022770474004108674,0.0,0.05078125
8.260000665000916,15.0,18.657596423384035,-3.6575964233840352,-0.017682774041507233,1400.0,up,-0.051069680237775965,0.06612605335881651,-0.03273914716254778,0.0,0.0390625
8.28000101500038,15.0,18.657596423384035,-3.6575964233840352,-0.008244052494526213,1400.0,up,-0.051069680237775965,0.0657430307570332,-0.022917403013783443,0.0,0.0390625
8.300000865001493,15.0,18.746269424479248,-3.746269424479248,-0.01460651736904376,1400.0,up,-0.052307788899164764,0.06535072234028945,-0.027649450810168445,0.0,0.0390625
8.320000752000851,15.0,18.746269424479248,-3.746269424479248,-0.006703990542736956,1400.0,up,-0.052307788899164764,0.06495841392354572,-0.01935461556711791,0.0,0.029296875
8.340001027001563,15.0,18.746269424479248,-3.746269424479248,-0.0012899142893453269,1400.0,up,-0.052307788899164764,0.06456610550680197,-0.013548230896982537,0.0,0.029296875
8.360001007000392,15.0,18.80377338966694,-3.80377338966694,-0.005953933499609952,1400.0,up,-0.05311069571954672,0.06416777528890537,-0.0170110130689686,0.0,0.017578125
8.380000671000744,15.0,18.80377338966694,-3.80377338966694,-0.001248959796815977,1400.0,up,-0.05311069571954672,0.06376944507100876,-0.011907709148278019,0.0,0.017578125
8.400001077001434,15.0,18.844364829511328,-3.8443648295113277,-0.0039593984651706705,1400.0,up,-0.053677459138274534,0.06336686412747171,-0.013648803454367845,0.0,0.017578125
8.420000723001067,15.0,18.844364829511328,-3.8443648295113277,-0.0002673383723973844,1400.0,up,-0.053677459138274534,0.06296428318393464,-0.009554162418057491,0.0,0.001953125
8.44000131300163,15.0,18.844364829511328,-3.8443648295113277,0.00219632940948281,1400.0,up,-0.053677459138274534,0.06256170224039759,-0.006687913692640243,0.0,0.001953125
8.460001311001179,15.0,18.85052455264179,-3.85052455264179,0.002907165697045978,1400.0,up,-0.0537634650979848,0.0621584762521627,-0.0054878454571319225,0.0,-0.0078125
8.480000957000811,15.0,18.85052455264179,-3.85052455264179,0.004150293345950672,1400.0,up,-0.0537634650979848,0.061755250263927815,-0.0038414918199923456,0.0,-0.0078125
8.500000918000296,15.0,18.833237441054482,-3.8332374410544823,0.007405576433278645,1400.0,up,-0.053522091485698246,0.06135383457778508,-0.0004261666588081881,0.0,-0.0078125
8.520000972001071,15.0,18.833237441054482,-3.8332374410544823,0.00713201074477836,1400.0,up,-0.053522091485698246,0.06095241889164234,-0.0002983166611657316,0.0,-0.013671875
8.540001044000746,15.0,18.833237441054482,-3.8332374410544823,0.006820090056985344,1400.0,up,-0.053522091485698246,0.0605510032054996,-0.00020882166281601213,0.0,-0.013671875
8.560001227000612,15.0,18.808607370936283,-3.808607370936283,0.010051869418643724,1400.0,up,-0.05317819083085054,0.060152166774268226,0.003077893475226039,0.0,-0.015625
8.580001039001218,15.0,18.808607370936283,-3.808607370936283,0.008729664944844534,1400.0,up,-0.05317819083085054,0.05975333034303685,0.002154525432658227,0.0,-0.015625
8.600001000000702,15.0,18.785209899516712,-3.785209899516712,0.011076333238469373,1400.0,up,-0.0528515005005203,0.059356944089282944,0.004570889649706731,0.0,-0.015625
8.620000943001287,15.0,18.785209899516712,-3.785209899516712,0.009308680089803456,1400.0,up,-0.0528515005005203,0.058960557835529046,0.0031996227547947116,0.0,-0.015625
8.640000959001554,15.0,18.785209899516712,-3.785209899516712,0.007952407009611136,1400.0,up,-0.0528515005005203,0.05856417158177514,0.002239735928356298,0.0,-0.015625
8.660001235000891,15.0,18.76898695829984,-3.768986958299841,0.00923589187009463,1400.0,up,-0.05262498550964678,0.058169484190452786,0.0036913931892886254,0.0,-0.01171875
8.680000936001306,15.0,18.76898695829984,-3.768986958299841,0.007733786521985687,1400.0,up,-0.05262498550964678,0.05777479679913043,0.0025839752325020377,0.0,-0.01171875
8.700000860000728,15.0,18.76003077715711,-3.760030777157109,0.007862257699578075,1400.0,up,-0.05249993363017023,0.05738104729690416,0.0029811440328441434,0.0,-0.01171875
8.720000691000678,15.0,18.76003077715711,-3.760030777157109,0.006574164987498552,1400.0,up,-0.05249993363017023,0.05698729779467788,0.0020868008229909005,0.0,-0.013671875
8.740001060001305,15.0,18.76003077715711,-3.760030777157109,0.005554375238375008,1400.0,up,-0.05249993363017023,0.056593548292451605,0.0014607605760936302,0.0,-0.013671875
8.760000891001255,15.0,18.749964581051746,-3.7499645810517457,0.006181664293989145,1400.0,up,-0.052359383018018194,0.05620085291981647,0.0023401943921908695,0.0,-0.009765625
8.780001204000655,15.0,18.749964581051746,-3.7499645810517457,0.005086910603696747,1400.0,up,-0.052359383018018194,0.05580815754718133,0.0016381360745336086,0.0,-0.009765625
8.80000101600126,15.0,18.755530409929893,-3.755530409929893,0.003395912628396368,1400.0,up,-0.052437096649639206,0.05541487932230904,0.00041812995572653344,0.0,-0.009765625
8.820000959000026,15.0,18.755530409929893,-3.755530409929893,0.002877195416806117,1400.0,up,-0.052437096649639206,0.05502160109743675,0.0002926909690085734,0.0,-0.005859375
8.840000845000759,15.0,18.755530409929893,-3.755530409929893,0.0023961099012312537,1400.0,up,-0.052437096649639206,0.05462832287256446,0.00020488367830600134,0.0,-0.005859375
8.860001009999905,15.0,18.76329839654435,-3.76329839654435,0.000815264487024117,1400.0,up,-0.05254555820377771,0.05423423118603612,-0.0008734084952342917,0.0,0.0
8.880000712000765,15.0,18.76329839654435,-3.76329839654435,0.0006831953490660712,1400.0,up,-0.05254555820377771,0.053840139499507784,-0.0006113859466640041,0.0,0.0
8.900001061001603,15.0,18.78508586320337,-3.7850858632033706,-0.0026859452712439925,1400.0,up,-0.052849768626872434,0.05344376623480624,-0.003279942879177799,0.0,0.0
8.920000874000834,15.0,18.78508586320337,-3.7850858632033706,-0.0020983356721921967,1400.0,up,-0.052849768626872434,0.0530473929701047,-0.002295960015424459,0.0,0.0
8.940000668000721,15.0,18.78508586320337,-3.7850858632033706,-0.0018059209322664027,1400.0,up,-0.052849768626872434,0.05265101970540315,-0.0016071720107971213,0.0,0.0
8.960001037001348,15.0,18.815876148739,-3.815876148739001,-0.0061837193847654945,1400.0,up,-0.053279682115053184,0.052251422089540256,-0.005155459359252566,0.0,0.0
8.980000794001171,15.0,18.815876148739,-3.815876148739001,-0.0050366791928526215,1400.0,up,-0.053279682115053184,0.05185182447367736,-0.003608821551476796,0.0,0.0
9.000001181000698,15.0,18.84093036997216,-3.8409303699721598,-0.007985666827130708,1400.0,up,-0.05362950503668654,0.051449603185902214,-0.005805764976346385,0.0,0.0
9.020001012000648,15.0,18.84093036997216,-3.8409303699721598,-0.006646158622001938,1400.0,up,-0.05362950503668654,0.05104738189812707,-0.00406403548344247,0.0,0.001953125
9.04000115800045,15.0,18.84093036997216,-3.8409303699721598,-0.005829169264744348,1400.0,up,-0.05362950503668654,0.050645160610351916,-0.0028448248384097285,0.0,0.001953125
9.060000674000548,15.0,18.87374910505588,-3.8737491050558788,-0.010135578234368468,1400.0,up,-0.05408774102352707,0.05023950255267546,-0.006287339763516857,0.0,0.001953125
9.08000091300164,15.0,18.87374910505588,-3.8737491050558788,-0.008655034362989861,1400.0,up,-0.05408774102352707,0.04983384449499901,-0.004401137834461799,0.0,0.001953125
9.100000929000089,15.0,18.89393030781015,-3.8939303078101517,-0.010665960452057387,1400.0,up,-0.05436952377158675,0.0494260730667121,-0.00572250974718274,0.0,0.001953125
9.120000872000674,15.0,18.89393030781015,-3.8939303078101517,-0.009356978956189465,1400.0,up,-0.05436952377158675,0.0490183016384252,-0.004005756823027918,0.0,0.0
9.140001018000476,15.0,18.89393030781015,-3.8939303078101517,-0.00856302333756799,1400.0,up,-0.05436952377158675,0.0486105302101383,-0.0028040297761195423,0.0,0.0
9.160001053000087,15.0,18.917921171654573,-3.917921171654573,-0.011607470535613212,1400.0,up,-0.05470449942317299,0.048200246464464504,-0.005103217576904722,0.0,-0.001953125
9.180000902000756,15.0,18.917921171654573,-3.917921171654573,-0.010486789008215586,1400.0,up,-0.05470449942317299,0.04778996271879071,-0.003572252303833305,0.0,-0.001953125
9.200001159000749,15.0,18.928947561114725,-3.9289475611147253,-0.01142386018924447,1400.0,up,-0.05485845686372248,0.0473785242923128,-0.003943927617834785,0.0,-0.001953125
9.220000898001672,15.0,18.928947561114725,-3.9289475611147253,-0.010652120330371957,1400.0,up,-0.05485845686372248,0.046967085865834875,-0.0027607493324843494,0.0,0.0
9.240001174001009,15.0,18.928947561114725,-3.9289475611147253,-0.010235333957104568,1400.0,up,-0.05485845686372248,0.04655564743935696,-0.0019325245327390444,0.0,0.0
9.260000709000451,15.0,18.949131106215944,-3.949131106215944,-0.012992963968611847,1400.0,up,-0.05514027231711532,0.04614209539697859,-0.003994787048475119,0.0,0.001953125
9.280001095001353,15.0,18.949131106215944,-3.949131106215944,-0.012208079896447673,1400.0,up,-0.05514027231711532,0.04572854335460023,-0.0027963509339325836,0.0,0.001953125
9.300000667000859,15.0,18.968617700886092,-3.9686177008860923,-0.014607640757132386,1400.0,up,-0.05541235650671186,0.045312950680799886,-0.0045082349312204105,0.0,0.001953125
9.320000888001232,15.0,18.968617700886092,-3.9686177008860923,-0.013670762951566605,1400.0,up,-0.05541235650671186,0.044897358006999545,-0.003155764451854287,0.0,0.001953125
9.340001182001288,15.0,18.968617700886092,-3.9686177008860923,-0.01313962628981066,1400.0,up,-0.05541235650671186,0.044481765333199204,-0.002209035116298001,0.0,0.001953125
9.360000772001513,15.0,18.98810360166076,-3.988103601660761,-0.015717321935228654,1400.0,up,-0.05568443100769978,0.04406413210064145,-0.00409702302817033,0.0,0.001953125
9.380000992001442,15.0,18.98810360166076,-3.988103601660761,-0.014905848259335308,1400.0,up,-0.05568443100769978,0.0436464988680837,-0.0028679161197192305,0.0,0.001953125
9.40000110100118,15.0,19.003083356936276,-4.003083356936276,-0.016634677553097464,1400.0,up,-0.05589358784826035,0.04322729695922175,-0.003968386664058861,0.0,0.001953125
9.420000933001575,15.0,19.003083356936276,-4.003083356936276,-0.015863363462741756,1400.0,up,-0.05589358784826035,0.0428080950503598,-0.0027778706648412025,0.0,-0.00390625
9.440001449000192,15.0,19.003083356936276,-4.003083356936276,-0.01544920417215135,1400.0,up,-0.05589358784826035,0.042388893141497845,-0.0019445094653888417,0.0,-0.00390625
9.460000891000163,15.0,19.014804988316754,-4.0148049883167545,-0.01698430353650836,1400.0,up,-0.05605725269729592,0.04196846374626813,-0.002895514585480571,0.0,0.001953125
9.48000066700115,15.0,19.014804988316754,-4.0148049883167545,-0.016536078556093906,1400.0,up,-0.05605725269729592,0.04154803435103841,-0.0020268602098363997,0.0,0.001953125
9.500000887001079,15.0,19.02327011115857,-4.0232701111585705,-0.01757561375491993,1400.0,up,-0.05617544810943627,0.04112671849021764,-0.0025268841357012975,0.0,0.001953125
9.5200008110005,15.0,19.02327011115857,-4.0232701111585705,-0.017238864375030315,1400.0,up,-0.05617544810943627,0.04070540262939686,-0.0017688188949909081,0.0,0.001953125
9.540001013001529,15.0,19.02327011115857,-4.0232701111585705,-0.017129534567353822,1400.0,up,-0.05617544810943627,0.04028408676857608,-0.0012381732264936357,0.0,0.001953125
9.560000918001606,15.0,19.032635422978444,-4.032635422978444,-0.018537060065268698,1400.0,up,-0.056306212530822464,0.039861790174594916,-0.0020926377090411514,0.0,0.001953125
9.58000089699999,15.0,19.032635422978444,-4.032635422978444,-0.01833156534653752,1400.0,up,-0.056306212530822464,0.03943949358061375,-0.0014648463963288058,0.0,0.001953125
9.600000895001358,15.0,19.042754684209402,-4.042754684209402,-0.01978136744688018,1400.0,up,-0.05644750407190218,0.03901613730007448,-0.0023500006750524762,0.0,0.001953125
9.620000763001372,15.0,19.042754684209402,-4.042754684209402,-0.0194997235249037,1400.0,up,-0.05644750407190218,0.03859278101953521,-0.0016450004725367332,0.0,0.0
9.640000835001047,15.0,19.042754684209402,-4.042754684209402,-0.019429579663681952,1400.0,up,-0.05644750407190218,0.03816942473899594,-0.0011515003307757132,0.0,0.0
9.660001000000193,15.0,19.060585348203713,-4.060585348203713,-0.02209234456225077,1400.0,up,-0.05669646710751617,0.03774420123568957,-0.0031400786904241702,0.0,0.0
9.680000813001243,15.0,19.060585348203713,-4.060585348203713,-0.02157554445842989,1400.0,up,-0.05669646710751617,0.0373189777323832,-0.002198055083296919,0.0,0.0
9.700001014000009,15.0,19.072307473555234,-4.0723074735552345,-0.023040673341382826,1400.0,up,-0.05686013885368864,0.03689252669098053,-0.0030730611786747193,0.0,0.0
9.720001086001503,15.0,19.072307473555234,-4.0723074735552345,-0.022545206029183078,1400.0,up,-0.05686013885368864,0.036466075649577864,-0.0021511428250723034,0.0,-0.001953125
9.740000954001516,15.0,19.072307473555234,-4.0723074735552345,-0.022326314223064046,1400.0,up,-0.05686013885368864,0.036039624608175204,-0.0015057999775506122,0.0,-0.001953125
9.76000080400081,15.0,19.087283651690278,-4.087283651690278,-0.024472077600828458,1400.0,up,-0.05706924574794599,0.035611605265065606,-0.0030144371179480784,0.0,-0.001953125
9.780000746000951,15.0,19.087283651690278,-4.087283651690278,-0.023995765808553636,1400.0,up,-0.05706924574794599,0.03518358592195601,-0.0021101059825636547,0.0,-0.001953125
9.80000085500069,15.0,19.09789857179489,-4.0978985717948895,-0.025329566985719358,1400.0,up,-0.05721745799247527,0.03475445498701245,-0.002866563980256537,0.0,-0.001953125
9.820000983001592,15.0,19.09789857179489,-4.0978985717948895,-0.024898728726585957,1400.0,up,-0.05721745799247527,0.03432532405206889,-0.002006594786179576,0.0,0.0
9.840001444001246,15.0,19.09789857179489,-4.0978985717948895,-0.02472588122567565,1400.0,up,-0.05721745799247527,0.03389619311712532,-0.001404616350325703,0.0,0.0
9.860001275001196,15.0,19.109620499956957,-4.109620499956957,-0.026432920574184154,1400.0,up,-0.05738112698536355,0.03346583466473509,-0.0025176282535556956,0.0,0.001953125
9.880001032001019,15.0,19.109620499956957,-4.109620499956957,-0.02610799055050767,1400.0,up,-0.05738112698536355,0.03303547621234487,-0.0017623397774889867,0.0,0.001953125
9.900001308000355,15.0,19.121342501538514,-4.121342501538514,-0.027708951031719886,1400.0,up,-0.05754479700338125,0.032603890234819514,-0.002768044263158153,0.0,0.001953125
9.920000953999988,15.0,19.121342501538514,-4.121342501538514,-0.0273101237302978,1400.0,up,-0.05754479700338125,0.03217230425729416,-0.0019376309842107072,0.0,0.0
9.940000784999938,15.0,19.121342501538514,-4.121342501538514,-0.027160420412559942,1400.0,up,-0.05754479700338125,0.0317407182797688,-0.001356341688947495,0.0,0.0
9.960000894001496,15.0,19.121342501538514,-4.121342501538514,-0.027185103883401052,1400.0,up,-0.05754479700338125,0.03130913230224344,-0.0009494391822632464,0.0,0.0
9.980000725001446,15.0,19.121342501538514,-4.121342501538514,-0.02733185810624744,1400.0,up,-0.05754479700338125,0.03087754632471808,-0.0006646074275842725,0.0,0.0
10.000001205000444,15.0,19.139171543971806,-4.1391715439718055,-0.030148685499846707,1400.0,up,-0.05779373739773224,0.03044409329423509,-0.0027990413963495577,0.0,0.0
10.020000629001515,15.0,19.139171543971806,-4.1391715439718055,-0.029742426111424834,1400.0,up,-0.05779373739773224,0.030010640263752098,-0.0019593289774446905,0.0,0.0
10.040001386001677,15.0,19.139171543971806,-4.1391715439718055,-0.029588080448674416,1400.0,up,-0.05779373739773224,0.029577187233269107,-0.0013715302842112833,0.0,0.0
10.06000125400169,15.0,19.143679592117113,-4.143679592117113,-0.030263592824276323,1400.0,up,-0.057856681624111464,0.02914326212108827,-0.0015501733212531289,0.0,0.0
10.080000715001006,15.0,19.143679592117113,-4.143679592117113,-0.03023246594008122,1400.0,up,-0.057856681624111464,0.028709337008907432,-0.0010851213248771901,0.0,0.0
10.10000106500047,15.0,19.14924011025502,-4.149240110255018,-0.03114694655276995,1400.0,up,-0.057934321103810096,0.028274829600628857,-0.0014874550495887115,0.0,0.0
10.120000692000758,15.0,19.14924011025502,-4.149240110255018,-0.031135217446171915,1400.0,up,-0.057934321103810096,0.02784032219235028,-0.001041218534712098,0.0,0.0
10.140001005000158,15.0,19.14924011025502,-4.149240110255018,-0.03125735929403686,1400.0,up,-0.057934321103810096,0.027405814784071704,-0.0007288529742984685,0.0,0.0
10.160000984000362,15.0,19.15771076833563,-4.15771076833563,-0.032701177103799536,1400.0,up,-0.05805259380246395,0.026970420330553222,-0.0016190036318888094,0.0,-0.001953125
10.1800010750012,15.0,19.15771076833563,-4.15771076833563,-0.03265087046775137,1400.0,up,-0.05805259380246395,0.026535025877034744,-0.0011333025423221664,0.0,-0.001953125
10.20000090600115,15.0,19.160962501127226,-4.160962501127226,-0.033217668261184975,1400.0,up,-0.058097996557350706,0.02609929090285461,-0.0012189626066888785,0.0,-0.001953125
10.220000978000826,15.0,19.160962501127226,-4.160962501127226,-0.03328771445335844,1400.0,up,-0.058097996557350706,0.025663555928674482,-0.0008532738246822149,0.0,0.001953125
10.240000976000374,15.0,19.160962501127226,-4.160962501127226,-0.03346746728013391,1400.0,up,-0.058097996557350706,0.02522782095449435,-0.0005972916772775504,0.0,0.001953125
10.260000714000853,15.0,19.168722025137427,-4.168722025137427,-0.03484889003821892,1400.0,up,-0.058206339951243136,0.024791273404860027,-0.001433823491835811,0.0,0.001953125
10.280001138000443,15.0,19.168722025137427,-4.168722025137427,-0.0348552905403025,1400.0,up,-0.058206339951243136,0.0243547258552257,-0.0010036764442850677,0.0,0.001953125
10.300000765000732,15.0,19.17593570797955,-4.175935707979551,-0.03603648146110683,1400.0,up,-0.058307061964674924,0.02391742289049064,-0.0016468423869225462,0.0,0.001953125
10.32000076300028,15.0,19.17593570797955,-4.175935707979551,-0.03597973170976512,1400.0,up,-0.058307061964674924,0.02348011992575558,-0.0011527896708457823,0.0,0.001953125
10.340000724001584,15.0,19.17593570797955,-4.175935707979551,-0.03607119777324646,1400.0,up,-0.058307061964674924,0.023042816961020517,-0.0008069527695920476,0.0,0.001953125
10.360001370001555,15.0,19.183149211398835,-4.183149211398835,-0.03731213520115949,1400.0,up,-0.05840778147289121,0.022604758599973834,-0.0015091123282421036,0.0,0.0
10.380001072000596,15.0,19.183149211398835,-4.183149211398835,-0.037297459863733534,1400.0,up,-0.05840778147289121,0.02216670023892715,-0.0010563786297694724,0.0,0.0
10.400001070000144,15.0,19.184407499577553,-4.184407499577553,-0.037601014958236936,1400.0,up,-0.05842535049021724,0.021728510110250523,-0.000904174578270215,0.0,0.0
10.420001512000454,15.0,19.184407499577553,-4.184407499577553,-0.0377679527134325,1400.0,up,-0.05842535049021724,0.021290319981573894,-0.0006329222047891504,0.0,0.001953125
10.440001454000594,15.0,19.184407499577553,-4.184407499577553,-0.03801626618067239,1400.0,up,-0.05842535049021724,0.020852129852897267,-0.00044304554335240526,0.0,0.001953125
10.460000951999973,15.0,19.196130106641988,-4.196130106641988,-0.04002093438347775,1400.0,up,-0.058589028962370816,0.020412712135679485,-0.0018446175567864234,0.0,0.0
10.48000085700005,15.0,19.196130106641988,-4.196130106641988,-0.03990696683365961,1400.0,up,-0.058589028962370816,0.019973294418461702,-0.0012912322897504964,0.0,0.0
10.50000065200038,15.0,19.19937977135357,-4.19937977135357,-0.04043010916310971,1400.0,up,-0.05863440284141319,0.019533536397151104,-0.0013292427188476255,0.0,0.0
10.520000798000183,15.0,19.19937977135357,-4.19937977135357,-0.040471094368766024,1400.0,up,-0.05863440284141319,0.019093778375840507,-0.0009304699031933378,0.0,-0.001953125
10.540001055000175,15.0,19.19937977135357,-4.19937977135357,-0.04063171141911862,1400.0,up,-0.05863440284141319,0.018654020354529906,-0.0006513289322353364,0.0,-0.001953125
10.560000849000062,15.0,19.20494059734061,-4.2049405973406095,-0.0416822072867099,1400.0,up,-0.05871204661949663,0.018213680004883683,-0.0011838406720969482,0.0,-0.001953125
10.580000921001556,15.0,19.20494059734061,-4.2049405973406095,-0.041767395434727045,1400.0,up,-0.05871204661949663,0.017773339655237457,-0.0008286884704678637,0.0,-0.001953125
10.600001141001485,15.0,19.2022355986355,-4.2022355986355,-0.04156699356700023,1400.0,up,-0.058674277712563554,0.017333282572393232,-0.00022599842682990046,0.0,-0.001953125
10.620000806000462,15.0,19.2022355986355,-4.2022355986355,-0.04193925112179548,1400.0,up,-0.058674277712563554,0.016893225489549007,-0.00015819889878093032,0.0,-0.001953125
10.640000970000983,15.0,19.2022355986355,-4.2022355986355,-0.04233184853500543,1400.0,up,-0.058674277712563554,0.01645316840670478,-0.00011073922914665121,0.0,-0.001953125
10.660000949001187,15.0,19.2022355986355,-4.2022355986355,-0.04273868384910565,1400.0,up,-0.058674277712563554,0.016013111323860556,-7.751746040265584e-05,0.0,-0.001953125
10.680001003000143,15.0,19.2022355986355,-4.2022355986355,-0.043155485693829085,1400.0,up,-0.058674277712563554,0.01557305424101633,-5.426222228185909e-05,0.0,-0.001953125
10.700000945000284,15.0,19.202780875613104,-4.202780875613104,-0.043658311303594814,1400.0,up,-0.058681891215439166,0.015132940056900536,-0.00010936014505618383,0.0,-0.001953125
10.720001054000022,15.0,19.202780875613104,-4.202780875613104,-0.04406561744419375,1400.0,up,-0.058681891215439166,0.014692825872784743,-7.655210153932867e-05,0.0,0.001953125
10.740000645000691,15.0,19.202780875613104,-4.202780875613104,-0.04448276599784775,1400.0,up,-0.058681891215439166,0.01425271168866895,-5.3586471077530064e-05,0.0,0.001953125
10.76000097600081,15.0,19.214503386641567,-4.214503386641567,-0.04660618205572313,1400.0,up,-0.05884556834667758,0.013811369926068868,-0.0015719836351144167,0.0,-0.001953125
10.780000900000232,15.0,19.214503386641567,-4.214503386641567,-0.04657592872778889,1400.0,up,-0.05884556834667758,0.013370028163468784,-0.0011003885445800916,0.0,-0.001953125
10.800001527000859,15.0,19.221716530549287,-4.221716530549287,-0.04773282210374076,1400.0,up,-0.0589462828351655,0.012927931042205043,-0.0017144703107803004,0.0,-0.001953125
10.820001044001401,15.0,19.221716530549287,-4.221716530549287,-0.04766057813177041,1400.0,up,-0.0589462828351655,0.012485833920941302,-0.0012001292175462103,0.0,0.0
10.840000875001351,15.0,19.221716530549287,-4.221716530549287,-0.04774263648777029,1400.0,up,-0.0589462828351655,0.01204373679967756,-0.0008400904522823471,0.0,0.0
10.860001076000117,15.0,19.221716530549287,-4.221716530549287,-0.04793270647334933,1400.0,up,-0.0589462828351655,0.011601639678413819,-0.000588063316597643,0.0,0.0
10.880000630000723,15.0,19.221716530549287,-4.221716530549287,-0.04819838459963378,1400.0,up,-0.0589462828351655,0.011159542557150076,-0.00041164432161835,0.0,0.0
10.900001165000504,15.0,19.22622596898192,-4.226225968981922,-0.04917070840064332,1400.0,up,-0.05900924647361783,0.010716973208597944,-0.0008784351356234303,0.0,0.0
10.9200008480002,15.0,19.22622596898192,-4.226225968981922,-0.04934974720850841,1400.0,up,-0.05900924647361783,0.01027440386004581,-0.0006149045949364012,0.0,0.001953125
10.940001309001673,15.0,19.22622596898192,-4.226225968981922,-0.04960784517857963,1400.0,up,-0.05900924647361783,0.009831834511493677,-0.00043043321645548085,0.0,0.001953125
10.960000955001306,15.0,19.230190347345502,-4.230190347345502,-0.05049598878941287,1400.0,up,-0.05906459963780928,0.009388850014210108,-0.0008202391658136967,0.0,0.0
10.980000692999965,15.0,19.230190347345502,-4.230190347345502,-0.050692901536952335,1400.0,up,-0.05906459963780928,0.008945865516926537,-0.0005741674160695876,0.0,0.0
11.000000802001523,-15.0,19.233438932800972,-34.23343893280097,-0.47345518678422904,1500,dwell,-0.4779889789262326,0.005360948174979794,-0.0008271560329762268,-0.0,0.0
11.020001041000796,-15.0,19.233438932800972,-34.23343893280097,-0.4767919573162829,1500,dwell,-0.4779889789262326,0.001776030833033049,-0.0005790092230833588,-0.0,0.00390625
11.040000928000154,-15.0,19.233438932800972,-34.23343893280097,-0.4802031718913046,1500,dwell,-0.4779889789262326,-0.0018088865089136953,-0.00040530645615835114,-0.0,0.00390625
11.060001018000548,-15.0,19.241196758299957,-34.24119675829996,-0.4847911263553361,1500,dwell,-0.4780972986044346,-0.0053946162484469545,-0.0012992115024545556,-0.0,-0.009765625
11.080000979000033,-15.0,19.241196758299957,-34.24119675829996,-0.487987092644133,1500,dwell,-0.4780972986044346,-0.008980345987980214,-0.0009094480517181889,-0.0,-0.009765625
11.100000699001612,-15.0,19.21440506427075,-34.21440506427075,-0.4874160751826411,1500,dwell,-0.4777232159860374,-0.012563270107875495,0.002870410911271831,-0.0,-0.009765625
11.120000845001414,-15.0,19.21440506427075,-34.21440506427075,-0.4918601225759179,1500,dwell,-0.4777232159860374,-0.016146194227770774,0.0020092876378902816,-0.0,-0.013671875
11.140000991001216,-15.0,19.21440506427075,-34.21440506427075,-0.49604583298718025,1500,dwell,-0.4777232159860374,-0.019729118347666056,0.001406501346523197,-0.0,-0.013671875
11.160001415000806,-15.0,19.168870384178284,-34.168870384178284,-0.49344967937140044,1500,dwell,-0.4770874319128726,-0.0233072740870126,0.006945026628484802,-0.0,-0.021484375
11.180001042001095,-15.0,19.168870384178284,-34.168870384178284,-0.49911134309929234,1500,dwell,-0.4770874319128726,-0.026885429826359147,0.0048615186399393615,-0.0,-0.021484375
11.200000781000199,-15.0,19.11182040154557,-34.11182040154557,-0.4958775868786947,1500,dwell,-0.4762908638847556,-0.030457611305494812,0.010870888311555735,-0.0,-0.021484375
11.220000964000064,-15.0,19.11182040154557,-34.11182040154557,-0.5027110348512971,1500,dwell,-0.4762908638847556,-0.03402979278463048,0.007609621818089014,-0.0,-0.02734375
11.240001073001622,-15.0,19.11182040154557,-34.11182040154557,-0.5085661028758593,1500,dwell,-0.4762908638847556,-0.03760197426376615,0.005326735272662309,-0.0,-0.02734375
11.260000737000155,-15.0,19.03693631965269,-34.03693631965269,-0.5028805806672556,1500,dwell,-0.4752452848556645,-0.04116631390018363,0.013531018088592507,-0.0,-0.02734375
11.280000846001712,-15.0,19.03693631965269,-34.03693631965269,-0.5105042257302509,1500,dwell,-0.4752452848556645,-0.04473065353660111,0.009471712662014754,-0.0,-0.02734375
11.300001048000922,-15.0,18.95899701412288,-33.95899701412288,-0.5056114481451152,1500,dwell,-0.474157046857094,-0.04828683138802932,0.0168324301000081,-0.0,-0.033203125
11.32000104600047,-15.0,18.95899701412288,-33.95899701412288,-0.5142173550265459,1525,down,-0.474157046857094,-0.051843009239457526,0.011782701070005671,-0.0,-0.033203125
11.340001210000992,-15.0,18.95899701412288,-33.95899701412288,-0.5213083431989757,1550,down,-0.474157046857094,-0.05539918709088574,0.008247890749003969,-0.0,-0.033203125
11.360000949000096,-15.0,18.86353081591543,-33.863530815915425,-0.5134994353686303,1575,down,-0.47282408727062886,-0.05894536774541545,0.018270019647414017,-0.0,-0.033203125
11.380000854000173,-15.0,18.86353081591543,-33.863530815915425,-0.5225266219173842,1600,down,-0.47282408727062886,-0.06249154839994517,0.012789013753189811,-0.0,-0.033203125
11.400001074000102,-15.0,18.784146198953756,-33.784146198953756,-0.5184013531464716,1625,down,-0.47171566891749617,-0.06602941591682639,0.019343731687851,-0.0,-0.033203125
11.420000998001342,-15.0,18.784146198953756,-33.784146198953756,-0.5277423401697081,1650,down,-0.47171566891749617,-0.06956728343370762,0.013540612181495701,-0.0,-0.033203125
11.440000959000827,-15.0,18.784146198953756,-33.784146198953756,-0.5353423913410381,1675,down,-0.47171566891749617,-0.07310515095058884,0.00947842852704699,-0.0,-0.033203125
11.460000901000967,-15.0,18.689050970381864,-33.689050970381864,-0.5279381128824007,1700,down,-0.4703878890442834,-0.07663306011842096,0.019082836280303703,-0.0,-0.03515625
11.48000114000024,-15.0,18.689050970381864,-33.689050970381864,-0.5371908729343239,1725,down,-0.4703878890442834,-0.08016096928625309,0.013357985396212592,-0.0,-0.03515625
11.500001156000508,-15.0,18.60407194112177,-33.604071941121774,-0.5324070187352664,1750,down,-0.46920135795969353,-0.0836799794709508,0.02047431869537791,-0.0,-0.03515625
11.520001061000585,-15.0,18.60407194112177,-33.604071941121774,-0.5420683245285776,1753.8515929346524,down,-0.46920135795969353,-0.0871989896556485,0.014332023086764536,-0.0,-0.033203125
11.540000892000535,-15.0,18.60407194112177,-33.604071941121774,-0.5498869416393046,1756.3468962678633,down,-0.46920135795969353,-0.09071799984034622,0.010032416160735174,-0.0,-0.033203125
11.560000815999956,-15.0,18.508498262571813,-33.50849826257181,-0.5425606426578121,1754.008715741855,down,-0.4678668976645421,-0.09422700157283027,0.019533256579560315,-0.0,-0.046875
11.580000870000731,-15.0,18.508498262571813,-33.50849826257181,-0.5519296213641642,1756.9988153289887,down,-0.4678668976645421,-0.09773600330531433,0.01367327960569222,-0.0,-0.046875
11.600000960001125,-15.0,18.3511840900797,-33.3511840900797,-0.5367352358354226,1752.1495433517307,down,-0.4656703774485118,-0.10122853113617818,0.030163672749267324,-0.0,-0.046875
11.620000958000674,-15.0,18.3511840900797,-33.3511840900797,-0.5492768654910667,1756.1521911141704,down,-0.4656703774485118,-0.10472105896704202,0.021114570924487125,-0.0,-0.0859375
11.640000937000877,-15.0,18.3511840900797,-33.3511840900797,-0.5591037645992767,1759.2884355104075,down,-0.4656703774485118,-0.10821358679790587,0.014780199647140986,-0.0,-0.0859375
11.660001028001716,-15.0,18.06404353278254,-33.06404353278254,-0.5254044334664092,1748.533329829705,down,-0.4616611389358344,-0.11167604533992463,0.04793275080934977,-0.0,-0.140625
11.680000748001476,-15.0,18.06404353278254,-33.06404353278254,-0.5432467172512329,1754.2276757184786,down,-0.4616611389358344,-0.11513850388194338,0.033552925566544836,-0.0,-0.140625
11.700000857001214,-15.0,17.597880167213134,-32.597880167213134,-0.4891967266244046,1736.9776787099163,down,-0.4551522704707431,-0.11855214591047394,0.08450768975681242,-0.0,-0.140625
11.720000836001418,-15.0,17.597880167213134,-32.597880167213134,-0.5159968876409743,1745.530921587545,down,-0.4551522704707431,-0.12,0.059155382829768684,-0.0,-0.20703125
11.740000797000903,-15.0,17.597880167213134,-32.597880167213134,-0.533743502489905,1751.1947348372037,down,-0.4551522704707431,-0.12,0.041408767980838077,-0.0,-0.20703125
11.760001517001001,-15.0,16.970669826153276,-31.970669826153276,-0.4553069827855323,1726.1947348372037,down,-0.44639476202750217,-0.12,0.1110877792419699,-0.0,-0.2578125
11.780001144999915,-15.0,16.970669826153276,-31.970669826153276,-0.48863331655812325,1736.7978669866352,down,-0.44639476202750217,-0.12,0.07776144546937892,-0.0,-0.2578125
11.80000095700052,-15.0,16.20182768547911,-31.20182768547911,-0.4005854879013183,1711.7978669866352,down,-0.4356597006012257,-0.12,0.15507421269990737,-0.0,-0.2578125
11.820001603000492,-15.0,16.20182768547911,-31.20182768547911,-0.4471077517112906,1723.5450271419013,down,-0.4356597006012257,-0.12,0.10855194888993515,-0.0,-0.310546875
11.840001323000251,-15.0,16.20182768547911,-31.20182768547911,-0.47967333637827114,1733.9382988441291,down,-0.4356597006012257,-0.12,0.0759863642229546,-0.0,-0.310546875
11.860000840000794,-15.0,15.289248124301153,-30.289248124301153,-0.37027084600478655,1708.9382988441291,down,-0.4229176861780575,-0.12,0.17264684017327095,-0.0,-0.34765625
11.880001152001569,-15.0,15.289248124301153,-30.289248124301153,-0.42206489805676783,1715.5526270393939,down,-0.4229176861780575,-0.12,0.12085278812128966,-0.0,-0.34765625
11.900001132000398,-15.0,14.263646635411032,-29.263646635411032,-0.3097497152988988,1690.5526270393939,down,-0.40859758794246653,-0.12,0.2188478726435677,-0.0,-0.34765625
11.920000722000623,-15.0,14.263646635411032,-29.263646635411032,-0.3754040770919691,1700.6608756676496,down,-0.40859758794246653,-0.12,0.15319351085049737,-0.0,-0.390625
11.940001201000996,-15.0,14.263646635411032,-29.263646635411032,-0.42136213034711834,1715.3283394724845,down,-0.40859758794246653,-0.12,0.10723545759534815,-0.0,-0.390625
11.960001070001454,-15.0,13.135072159609024,-28.135072159609024,-0.29004484183499557,1690.3283394724845,down,-0.39283971557709524,-0.12,0.2227948737420996,-0.0,-0.41796875
11.980000660001679,-15.0,13.135072159609024,-28.135072159609024,-0.35688330395762546,1694.749990624774,down,-0.39283971557709524,-0.12,0.15595641161946971,-0.0,-0.41796875
12.000000751000698,-15.0,11.91986891991376,-26.91986891991376,-0.22763305725071759,1669.749990624774,down,-0.37587227748622787,-0.12,0.2682392202355103,-0.0,-0.41796875
12.020000619000712,-15.0,11.91986891991376,-26.91986891991376,-0.3081048233213707,1679.182390421714,down,-0.37587227748622787,-0.12,0.18776745416485718,-0.0,-0.44140625
12.040001098001085,-15.0,11.91986891991376,-26.91986891991376,-0.36443505957082784,1697.160125394945,down,-0.37587227748622787,-0.12,0.13143721791540003,-0.0,-0.44140625
12.060000244000548,-15.0,10.633452842689746,-25.633452842689746,-0.21751299733081375,1672.160125394945,down,-0.3579105206077089,-0.12,0.26039752327689514,-0.0,-0.46484375
12.080000761001429,-15.0,10.633452842689746,-25.633452842689746,-0.2956322543138823,1675.2017832916645,down,-0.3579105206077089,-0.12,0.1822782662938266,-0.0,-0.46484375
12.100000925000131,-15.0,9.300568371945342,-24.300568371945342,-0.15723098692753762,1650.2017832916645,down,-0.3392999425571554,-0.12,0.3020689556296178,-0.0,-0.46484375
12.120000923001498,-15.0,9.300568371945342,-24.300568371945342,-0.24785167361642296,1659.9526617924755,down,-0.3392999425571554,-0.12,0.21144826894073243,-0.0,-0.484375
12.140000717001385,-15.0,9.300568371945342,-24.300568371945342,-0.3112861542986427,1680.1977088187157,down,-0.3392999425571554,-0.12,0.1480137882585127,-0.0,-0.484375
12.160000400001081,-15.0,7.913289532157041,-22.91328953215704,-0.15472584857650867,1655.1977088187157,down,-0.3199298758391132,-0.12,0.2852040272626045,-0.0,-0.49609375
12.180000250000376,-15.0,7.913289532157041,-22.91328953215704,-0.24028705675529005,1657.5384223687097,down,-0.3199298758391132,-0.12,0.19964281908382314,-0.0,-0.49609375
12.200000377000833,-15.0,6.4832985101191625,-21.483298510119162,-0.0930280741297228,1632.5384223687097,down,-0.2999634345522974,-0.12,0.3269353604225746,-0.0,-0.49609375
12.220001079000212,-15.0,6.4832985101191625,-21.483298510119162,-0.1911086822564952,1641.843196464839,down,-0.2999634345522974,-0.12,0.2288547522958022,-0.0,-0.51171875
12.240000299001622,-15.0,6.4832985101191625,-21.483298510119162,-0.2597651079452359,1663.7548216846499,down,-0.2999634345522974,-0.12,0.16019832660706154,-0.0,-0.51171875
12.260000334001234,-15.0,5.031950218495123,-20.031950218495123,-0.09757891378646927,1638.7548216846499,down,-0.2796987895266699,-0.12,0.3021198757402006,-0.0,-0.513671875
12.280000535,-15.0,5.031950218495123,-20.031950218495123,-0.18821487650852947,1640.9196414388923,down,-0.2796987895266699,-0.12,0.2114839130181404,-0.0,-0.513671875
12.300000403000013,-15.0,3.5654473030157803,-18.56544730301578,-0.03921902418272333,1615.9196414388923,down,-0.2592225460345014,-0.12,0.34000352185177807,-0.0,-0.513671875
12.320000327001253,-15.0,3.5654473030157803,-18.56544730301578,-0.14122008073825676,1625.9213023632735,down,-0.2592225460345014,-0.12,0.23800246529624464,-0.0,-0.51953125
12.340000270000019,-15.0,3.5654473030157803,-18.56544730301578,-0.21262082032713017,1648.7087724448288,down,-0.2592225460345014,-0.12,0.16660172570737122,-0.0,-0.51953125
12.360000267000942,-15.0,2.0891573969165034,-17.089157396916505,-0.048742545563602024,1623.7087724448288,down,-0.23860965037418916,-0.12,0.3098671048105871,-0.0,-0.51953125
12.380000321001717,-15.0,2.0891573969165034,-17.089157396916505,-0.14170267700677816,1626.0753224489717,down,-0.23860965037418916,-0.12,0.21690697336741097,-0.0,-0.51953125
12.400000300000102,-15.0,0.6198065845010063,-15.619806584501006,0.006078810194081741,1601.0753224489717,down,-0.21809364273938595,-0.12,0.34417245293346765,-0.0,-0.51953125
12.420000261001405,-15.0,0.6198065845010063,-15.619806584501006,-0.09717292568595856,1611.863699687008,down,-0.21809364273938595,-0.12,0.24092071705342735,-0.0,-0.513671875
12.44000072200106,-15.0,0.6198065845010063,-15.619806584501006,-0.16944914080198678,1634.9305768516979,down,-0.21809364273938595,-0.12,0.16864450193739913,-0.0,-0.513671875
12.460000534001665,-15.0,-0.8377533904000689,-14.162246609599931,-0.008896960342536286,1609.9305768516979,down,-0.1977422662535382,-0.12,0.3088453059110019,-0.0,-0.501953125
12.48000049500115,-15.0,-0.8377533904000689,-14.162246609599931,-0.10155055211583686,1613.2608145050542,down,-0.1977422662535382,-0.12,0.21619171413770133,-0.0,-0.501953125
12.5000003260011,-15.0,-2.2583177071345464,-12.741682292865454,0.03937818751874245,1600.0,down,-0.17790744660285004,-0.12,0.3372856341215925,-0.0,-0.501953125
12.520000380000056,-15.0,-2.2583177071345464,-12.741682292865454,-0.06180750271773533,1600.57686256949,down,-0.17790744660285004,-0.12,0.23609994388511474,-0.0,-0.49609375
12.540000507000514,-15.0,-2.2583177071345464,-12.741682292865454,-0.13263748588326976,1623.1821763457244,down,-0.17790744660285004,-0.12,0.1652699607195803,-0.0,-0.49609375
12.560000746001606,-15.0,-3.644142398846153,-11.355857601153847,0.018535316825020298,1600.0,down,-0.1585576836222077,-0.12,0.297093000447228,-0.0,-0.482421875
12.580000670001027,-15.0,-3.644142398846153,-11.355857601153847,-0.07059258330914811,1603.380611694409,down,-0.1585576836222077,-0.12,0.20796510031305956,-0.0,-0.482421875
12.600000704000195,-15.0,-4.986437822132444,-10.013562177867556,0.06146592636454695,1600.0,down,-0.1398157038855703,-0.12,0.32128163025011724,-0.0,-0.462890625
12.620001036000758,-15.0,-4.986437822132444,-10.013562177867556,-0.03491856271048824,1600.0,down,-0.1398157038855703,-0.12,0.22489714117508205,-0.0,-0.462890625
12.640000885001427,-15.0,-4.986437822132444,-10.013562177867556,-0.10238770506301287,1613.5279909775572,down,-0.1398157038855703,-0.12,0.15742799882255742,-0.0,-0.462890625
12.66000064200125,-15.0,-6.289234149955912,-8.710765850044087,0.03911000413853066,1600.0,down,-0.12162523556284155,-0.12,0.2807352397013722,-0.0,-0.4453125
12.680000492000545,-15.0,-6.289234149955912,-8.710765850044087,-0.04511056777188102,1600.0,down,-0.12162523556284155,-0.12,0.19651466779096052,-0.0,-0.4453125
12.700000323000495,-15.0,-7.525426220252725,-7.474573779747275,0.07501269294474466,1600.0,down,-0.10436473811186192,-0.12,0.2993774310566066,-0.0,-0.427734375
12.72000037700127,-15.0,-7.525426220252725,-7.474573779747275,-0.014800536372237327,1600.0,down,-0.10436473811186192,-0.12,0.2095642017396246,-0.0,-0.427734375
12.740000449000945,-15.0,-7.525426220252725,-7.474573779747275,-0.0776697968941247,1605.6392968811037,down,-0.10436473811186192,-0.12,0.1466949412177372,-0.0,-0.427734375
12.760000298001614,-15.0,-8.709827580449506,-6.290172419550494,0.04989685896497928,1600.0,down,-0.0878273753914354,-0.12,0.25772423435641467,-0.0,-0.404296875
12.78000035200057,-15.0,-8.709827580449506,-6.290172419550494,-0.027420411341945145,1600.0,down,-0.0878273753914354,-0.12,0.18040696404949025,-0.0,-0.404296875
12.800000368000838,-15.0,-9.835276008145744,-5.164723991854256,0.08149257862815729,1600.0,down,-0.07211315089168123,-0.12,0.2736057295198385,-0.0,-0.380859375
12.820000347001042,-15.0,-9.835276008145744,-5.164723991854256,-0.0005891402277942714,1600.0,down,-0.07211315089168123,-0.12,0.19152401066388697,-0.0,-0.380859375
12.840000271000463,-15.0,-9.835276008145744,-5.164723991854256,-0.058046343426960384,1600.0,down,-0.07211315089168123,-0.12,0.13406680746472086,-0.0,-0.380859375
12.860000380000201,-15.0,-10.882720409241287,-4.117279590758713,0.053468848638411115,1600.0,down,-0.057488068067123366,-0.12,0.23095691670553448,-0.0,-0.35546875
12.880000304001442,-15.0,-10.882720409241287,-4.117279590758713,-0.015818226373249228,1600.0,down,-0.057488068067123366,-0.12,0.16166984169387413,-0.0,-0.35546875
12.900000339001053,-15.0,-11.859138319769635,-3.1408616802303655,0.07712699265614187,1600.0,down,-0.04385470213579293,-0.12,0.2409816947919348,-0.0,-0.330078125
12.92000035500132,-15.0,-11.859138319769635,-3.1408616802303655,0.004832484218561417,1600.0,down,-0.04385470213579293,-0.12,0.16868718635435434,-0.0,-0.330078125
12.940000779000911,-15.0,-11.859138319769635,-3.1408616802303655,-0.04577367168774489,1600.0,down,-0.04385470213579293,-0.12,0.11808103044804803,-0.0,-0.330078125
12.960000369001136,-15.0,-12.753327456313581,-2.2466725436864188,0.04833633909437399,1600.0,down,-0.031369466481187304,-0.12,0.19970580557556128,-0.0,-0.302734375
12.98000031200172,-15.0,-12.753327456313581,-2.2466725436864188,-0.011575402578294397,1600.0,down,-0.031369466481187304,-0.12,0.1397940639028929,-0.0,-0.302734375
13.000000309000825,-15.0,-13.572750159554918,-1.4272498404450822,0.0651898585892138,1600.0,down,-0.019928167171464308,-0.12,0.2051180257606781,-0.0,-0.271484375
13.020000326001536,-15.0,-13.572750159554918,-1.4272498404450822,0.00365445086101035,1600.0,down,-0.019928167171464308,-0.12,0.14358261803247466,-0.0,-0.271484375
13.040000509001402,-15.0,-13.572750159554918,-1.4272498404450822,-0.03942033454873205,1600.0,down,-0.019928167171464308,-0.12,0.10050783262273226,-0.0,-0.271484375
13.060000766001394,-15.0,-14.30207719201099,-0.6979228079890092,0.03607932739775971,1600.0,down,-0.009744840739337901,-0.12,0.1658241681370976,-0.0,-0.2421875
13.08000072700088,-15.0,-14.30207719201099,-0.6979228079890092,-0.013667923043369584,1600.0,down,-0.009744840739337901,-0.12,0.11607691769596831,-0.0,-0.2421875
13.100000391001231,-15.0,-14.948402040571722,-0.05159795942827827,0.045137123799999374,1600.0,down,-0.0007204434234671098,-0.12,0.16585756722346648,-0.0,-0.208984375
13.120000278000589,-15.0,-14.948402040571722,-0.05159795942827827,-0.004620146367040584,1600.0,down,-0.0007204434234671098,-0.12,0.11610029705642652,-0.0,-0.208984375
13.140000368000983,-15.0,-14.948402040571722,-0.05159795942827827,-0.039450235483968546,1600.0,down,-0.0007204434234671098,-0.12,0.08127020793949856,-0.0,-0.208984375
13.160000403000595,-15.0,-15.495538310792268,0.4955383107922682,0.015480028575908744,1600.0,down,0.006919020074476823,-0.11994810734944143,0.12850911585087335,-0.0,-0.1796875
13.180000382000799,-15.0,-15.495538310792268,0.4955383107922682,-0.02302081352879469,1600.0,down,0.006919020074476823,-0.11989621469888286,0.08995638109561134,-0.0,-0.1796875
13.20000041700041,-15.0,-15.950579386995887,0.9505793869958872,0.01601012617919398,1600.0,down,0.013272592083734082,-0.11979667025825484,0.12253420435371473,-0.0,-0.14453125
13.220000267001524,-15.0,-15.950579386995887,0.9505793869958872,-0.020650590686292436,1600.0,down,0.013272592083734082,-0.11969712581762683,0.0857739430476003,-0.0,-0.14453125
13.240000413001326,-15.0,-16.310486538152126,1.3104865381521265,0.005891447978729716,1600.0,down,0.018297843915053538,-0.11955989198826393,0.1071534960519401,-0.0,-0.14453125
13.26000037400081,-15.0,-16.310486538152126,1.3104865381521265,-0.026117367007489414,1600.0,down,0.018297843915053538,-0.11942265815890102,0.07500744723635806,-0.0,-0.111328125
13.280000390001078,-15.0,-16.310486538152126,1.3104865381521265,-0.04848236734903394,1600.0,down,0.018297843915053538,-0.11928542432953812,0.05250521306545064,-0.0,-0.111328125
13.300000406001345,-15.0,-16.584868510705466,1.5848685107054656,-0.02432035294419982,1600.0,down,0.0221289389783915,-0.11911945728720018,0.07267016536460885,-0.0,-0.078125
13.320000404000893,-15.0,-16.584868510705466,1.5848685107054656,-0.04595543551124455,1600.0,down,0.0221289389783915,-0.11895349024486224,0.050869115755226194,-0.0,-0.078125
13.340000402000442,-15.0,-16.763445756906897,1.763445756906897,-0.03516238703249795,1600.0,down,0.02462234771067915,-0.11876882263703215,0.05898408789385505,-0.0,-0.078125
13.36000039999999,-15.0,-16.763445756906897,1.763445756906897,-0.05267294579282438,1600.0,down,0.02462234771067915,-0.11858415502920205,0.04128886152569853,-0.0,-0.046875
13.380000361001294,-15.0,-16.763445756906897,1.763445756906897,-0.06487493664270386,1601.555830843416,down,0.02462234771067915,-0.11839948742137196,0.02890220306798897,-0.0,-0.046875
13.400000340001498,-15.0,-16.850008034375143,1.8500080343751435,-0.06081225215105142,1600.25922940991,down,0.025830985110555774,-0.1182057550330428,0.03156251777143561,-0.0,-0.01171875
13.420000282001638,-15.0,-16.850008034375143,1.8500080343751435,-0.07008727509415294,1603.2193431151552,down,0.025830985110555774,-0.11801202264471364,0.022093762440004924,-0.0,-0.01171875
13.440000725000573,-15.0,-16.84293808142823,1.8429380814282297,-0.07754658164370966,1605.5999728650138,down,0.025732269945048004,-0.11781903062012578,0.014540179031368122,-0.0,-0.01171875
13.460000408000269,-15.0,-16.84293808142823,1.8429380814282297,-0.08171564332853222,1606.930524466553,down,0.025732269945048004,-0.1176260385955379,0.010178125321957684,-0.0,0.017578125
13.480000628000198,-15.0,-16.84293808142823,1.8429380814282297,-0.08457608890053166,1607.8434326278293,down,0.025732269945048004,-0.11743304657095004,0.0071246877253703786,-0.0,0.017578125
13.500000385000021,-15.0,-16.75868920839977,1.758689208399769,-0.09873381358607039,1612.3618553998097,down,0.024555933764694962,-0.11724887706771484,-0.00604087028305052,-0.0,0.033203125
13.520000475000415,-15.0,-16.75868920839977,1.758689208399769,-0.09673738299792002,1611.724696701464,down,0.024555933764694962,-0.11706470756447962,-0.0042286091981353635,-0.0,0.033203125
13.540000362001592,-15.0,-16.631142992351975,1.6311429923519754,-0.11377462911725535,1617.1621156757199,down,0.02277505262989976,-0.11689389466975537,-0.019655787077399737,-0.0,0.033203125
13.560000286001014,-15.0,-16.631142992351975,1.6311429923519754,-0.10770708009931118,1615.2256638614822,down,0.02277505262989976,-0.11672308177503113,-0.013759050954179815,-0.0,0.0390625
13.580000246000054,-15.0,-16.631142992351975,1.6311429923519754,-0.103408551918333,1613.8537931654255,down,0.02277505262989976,-0.11655226888030688,-0.00963133566792587,-0.0,0.0390625
13.600000615000681,-15.0,-16.49361705134828,1.4936170513482807,-0.12028506796866464,1619.2399153091483,down,0.020854828247965387,-0.11639585766844715,-0.02474403854818289,-0.0,0.044921875
13.620000631000948,-15.0,-16.49361705134828,1.4936170513482807,-0.11270544519235004,1616.820886763516,down,0.020854828247965387,-0.1162394464565874,-0.017320826983728024,-0.0,0.044921875
13.6400002950013,-15.0,-16.34888913525374,1.3488891352537387,-0.12833356459712286,1621.8085844458903,down,0.01883404532364552,-0.11609819111666006,-0.031069418804108337,-0.0,0.044921875
13.660000404001039,-15.0,-16.34888913525374,1.3488891352537387,-0.11887148361596303,1618.7887713667967,down,0.01883404532364552,-0.11595693577673272,-0.021748593162875834,-0.0,0.044921875
13.68000043900065,-15.0,-16.34888913525374,1.3488891352537387,-0.11220565032717293,1616.6613777639914,down,0.01883404532364552,-0.11581568043680537,-0.015224015214013084,-0.0,0.044921875
13.700000455000918,-15.0,-16.2018837629768,1.2018837629767987,-0.12880812523375437,1621.9600399682195,down,0.01678146311216344,-0.11568981946346416,-0.029899768882453652,-0.0,0.044921875
13.720000268000149,-15.0,-16.2018837629768,1.2018837629767987,-0.11971233359567705,1619.0571277433012,down,0.01678146311216344,-0.11556395849012294,-0.020929838217717555,-0.0,0.044921875
13.74000030300158,-15.0,-16.056226787434106,1.056226787434106,-0.134422982874081,1623.7520158108769,down,0.014747708070789935,-0.115453350679592,-0.03371734026527893,-0.0,0.044921875
13.760000319000028,-15.0,-16.056226787434106,1.056226787434106,-0.12419717298396639,1620.488459462968,down,0.014747708070789935,-0.11534274286906107,-0.02360213818569525,-0.0,0.044921875
13.780000521001057,-15.0,-16.056226787434106,1.056226787434106,-0.11700592371772689,1618.193379909913,down,0.014747708070789935,-0.11523213505853015,-0.016521496729986672,-0.0,0.044921875
13.80000038900107,-15.0,-15.909767323139276,0.9097673231392758,-0.133170663030446,1623.3523392650359,down,0.012702748172668477,-0.11513686444723514,-0.030736546755879328,-0.0,0.044921875
13.820000387000619,-15.0,-15.909767323139276,0.9097673231392758,-0.12385442839238717,1620.3790728911874,down,0.012702748172668477,-0.11504159383594012,-0.021515582729115527,-0.0,0.044921875
13.840000385000167,-15.0,-15.755237468659047,0.7552374686590468,-0.13970621974333147,1625.4381552372333,down,0.010545104370022297,-0.11496250555316495,-0.03528881856018881,-0.0,0.044921875
13.860000327000307,-15.0,-15.755237468659047,0.7552374686590468,-0.12904048589249967,1622.0341976252657,down,0.010545104370022297,-0.11488341727038978,-0.024702172992132166,-0.0,0.044921875
13.880000288001611,-15.0,-15.755237468659047,0.7552374686590468,-0.12155074571208481,1619.643855014495,down,0.010545104370022297,-0.1148043289876146,-0.017291521094492515,-0.0,0.044921875
13.900000323001223,-15.0,-15.607795596576931,0.6077955965769313,-0.13765841399973947,1624.7846002126828,down,0.008486427471512537,-0.11474068078157826,-0.03140416068967375,-0.0,0.046875
13.920000802001596,-15.0,-15.607795596576931,0.6077955965769313,-0.128173517586801,1621.757505612809,down,0.008486427471512537,-0.11467703257554192,-0.02198291248277162,-0.0,0.046875
13.94000028100163,-15.0,-15.456114741070207,0.45611474107020733,-0.14350372144690154,1626.6501238660323,down,0.006368563198845223,-0.11462926835155059,-0.0352430162941962,-0.0,0.046875
13.960000409000713,-15.0,-15.456114741070207,0.45611474107020733,-0.13288305233465136,1623.2605486174418,down,0.006368563198845223,-0.11458150412755926,-0.024670111405937337,-0.0,0.041015625
13.980000462001044,-15.0,-15.456114741070207,0.45611474107020733,-0.12543425468887884,1620.8832727730464,down,0.006368563198845223,-0.11453373990356792,-0.017269077984156136,-0.0,0.041015625
14.000000367001121,-15.0,-15.308253595500492,0.30825359550049214,-0.14164076080808197,1626.0555619600261,down,0.004304032138075531,-0.11450145966253235,-0.031443333283625155,-0.0,0.0390625
14.020000495000204,-15.0,-15.308253595500492,0.30825359550049214,-0.13217548058195885,1623.034727845306,down,0.004304032138075531,-0.11446917942149679,-0.022010333298537608,-0.0,0.0390625
14.040000937000514,-15.0,-15.166049411966519,0.1660494119665188,-0.14615502100469752,1627.4962832993715,down,0.0023184871678529895,-0.11445179076773787,-0.03402171740481265,-0.0,0.0390625
14.060000287001458,-15.0,-15.166049411966519,0.1660494119665188,-0.13593111712949482,1624.233335254094,down,0.0023184871678529895,-0.11443440211397897,-0.023815202183368852,-0.0,0.04296875
14.080000618001577,-15.0,-15.166049411966519,0.1660494119665188,-0.12876916782072528,1621.9476067512953,down,0.0023184871678529895,-0.11441701346022007,-0.016670641528358194,-0.0,0.04296875
14.1000003930003,-15.0,-15.022821826993852,0.0228218269938516,-0.14451386684694356,1626.972510695833,down,0.00031865281789058566,-0.1144146235640859,-0.03041789610074827,-0.0,0.037109375
14.120000354001604,-15.0,-15.022821826993852,0.0228218269938516,-0.13538610812058494,1624.0593962086973,down,0.00031865281789058566,-0.11441223366795172,-0.02129252727052379,-0.0,0.037109375
14.140000259001681,-15.0,-14.89482890811344,-0.10517109188655915,-0.14755071561613536,1627.9417177498303,down,-0.0014684654650703344,-0.11442324715893976,-0.031659002992125276,-0.0,0.037109375
14.16000036800142,-15.0,-14.89482890811344,-0.10517109188655915,-0.13806402820948582,1624.914051556219,down,-0.0014684654650703344,-0.11443426064992779,-0.022161302094487693,-0.0,0.03515625
14.180000385000312,-15.0,-14.89482890811344,-0.10517109188655915,-0.13142665107212753,1622.7957397038704,down,-0.0014684654650703344,-0.11444527414091582,-0.015512911466141383,-0.0,0.03515625
14.200000438000643,-15.0,-14.777364194124745,-0.2226358058752549,-0.14381230391569177,1626.7486076326677,down,-0.0031085822762833004,-0.11446858850798794,-0.026235133131420525,-0.0,0.033203125
14.220000436000191,-15.0,-14.777364194124745,-0.2226358058752549,-0.13596507834333774,1624.244173939363,down,-0.0031085822762833004,-0.11449190287506006,-0.018364593191994367,-0.0,0.033203125
14.240000341000268,-15.0,-14.665995294268967,-0.3340047057310329,-0.14662383536723156,1627.6459049044356,down,-0.004663585465729004,-0.11452687976605304,-0.027433370135449518,-0.0,0.033203125
14.260000265001509,-15.0,-14.665995294268967,-0.3340047057310329,-0.1384288012175897,1625.0304684736989,down,-0.004663585465729004,-0.114561856657046,-0.019203359094814663,-0.0,0.02734375
14.28000041100131,-15.0,-14.665995294268967,-0.3340047057310329,-0.13270277038013825,1623.2030118234484,down,-0.004663585465729004,-0.11459683354803898,-0.013442351366370264,-0.0,0.02734375
14.300000501001705,-15.0,-14.565593840368287,-0.43440615963171325,-0.1432599442150427,1626.5723226218222,down,-0.006065454221213962,-0.11464232445469807,-0.02255216553913067,-0.0,0.025390625
14.320000314000936,-15.0,-14.565593840368287,-0.43440615963171325,-0.13653978545996262,1624.4275911042434,down,-0.006065454221213962,-0.11468781536135718,-0.01578651587739147,-0.0,0.025390625
14.340000349000547,-15.0,-14.474695062100025,-0.5253049378999748,-0.14502664912582328,1627.1361646146245,down,-0.007334640594671127,-0.11474282516581721,-0.02294918336533495,-0.0,0.025390625
14.36203588600074,-15.0,-14.474695062100025,-0.5253049378999748,-0.13819690392068285,1624.9564586980903,down,-0.007334640594671127,-0.11479783497027726,-0.016064428355734465,-0.0,0.021484375
14.380000844001188,-15.0,-14.474695062100025,-0.5253049378999748,-0.13343258521842255,1623.435931452688,down,-0.007334640594671127,-0.1148528447747373,-0.011245099849014124,-0.0,0.021484375
14.400000805000673,-15.0,-14.392365870216754,-0.6076341297832464,-0.14204908495260643,1626.1858781763638,down,-0.008484172969766534,-0.11491647607201055,-0.018648435910829333,-0.0,0.017578125
14.420000988000538,-15.0,-14.392365870216754,-0.6076341297832464,-0.13651818547663086,1624.4206974925419,down,-0.008484172969766534,-0.1149801073692838,-0.013053905137580533,-0.0,0.017578125
14.440001838000171,-15.0,-14.326651542878954,-0.6733484571210457,-0.1421920572564535,1626.2315076350383,down,-0.009401718071988885,-0.11505062025482371,-0.017739718929640907,-0.0,0.017578125
14.460001039000417,-15.0,-14.326651542878954,-0.6733484571210457,-0.13694065446310116,1624.5555280201386,down,-0.009401718071988885,-0.11512113314036362,-0.012417803250748635,-0.0,0.015625
14.480000981000558,-15.0,-14.326651542878954,-0.6733484571210457,-0.13328582637341646,1623.3890935234308,down,-0.009401718071988885,-0.11519164602590354,-0.008692462275524044,-0.0,0.015625
14.502112535999913,-15.0,-14.264382517450825,-0.7356174825491753,-0.13977555735394345,1625.460284261897,down,-0.010271157684572008,-0.11526867970853782,-0.014235719960833606,-0.0,0.009765625
14.520555079001497,-15.0,-14.264382517450825,-0.7356174825491753,-0.13558187504832764,1624.1218750154237,down,-0.010271157684572008,-0.11534571339117211,-0.009965003972583524,-0.0,0.009765625
14.540001679000852,-15.0,-14.21632301485025,-0.78367698514975,-0.13963645174371203,1625.4158888543761,down,-0.010942194930372651,-0.1154277798531499,-0.013266476960189495,-0.0,0.009765625
14.56053601900021,-15.0,-14.21632301485025,-0.78367698514975,-0.13573857511763301,1624.1718856758403,down,-0.010942194930372651,-0.1155098463151277,-0.009286533872132645,-0.0,0.009765625
14.580000785001175,-15.0,-14.21632301485025,-0.78367698514975,-0.13303468141797098,1623.3089408780759,down,-0.010942194930372651,-0.1155919127771055,-0.006500573710492851,-0.0,0.009765625
14.600284649000969,-15.0,-14.176390739376107,-0.8236092606238934,-0.1369554398490586,1624.5602467603378,down,-0.011499754678242402,-0.1156781609371923,-0.009777524233623915,-0.0,0.001953125
14.620000836001054,-15.0,-14.176390739376107,-0.8236092606238934,-0.13410843073905826,1623.6516268316143,down,-0.011499754678242402,-0.11576440909727911,-0.00684426696353674,-0.0,0.001953125
14.640836413000216,-15.0,-14.152605160003711,-0.847394839996289,-0.13558952402883603,1624.1243161794157,down,-0.011831864017876594,-0.11585314807741319,-0.00790451193354625,-0.0,0.001953125
14.660001369000383,-15.0,-14.152605160003711,-0.847394839996289,-0.13330690942890622,1623.3958221581615,down,-0.011831864017876594,-0.11594188705754727,-0.005533158353482375,-0.0,-0.001953125
14.6800006450012,-15.0,-14.152605160003711,-0.847394839996289,-0.1317357009029956,1622.8943726286157,down,-0.011831864017876594,-0.11603062603768136,-0.0038732108474376623,-0.0,-0.001953125
14.700000791001003,-15.0,-14.13313666055633,-0.86686333944367,-0.13348476751636293,1623.4525853775626,down,-0.012103695550500193,-0.1161214037543101,-0.005259668211552622,-0.0,0.0
14.72082433000105,-15.0,-14.13313666055633,-0.86686333944367,-0.13199764476952588,1622.9779717349552,down,-0.012103695550500193,-0.11621218147093886,-0.0036817677480868354,-0.0,0.0
14.740000786001474,-15.0,-14.116531361382805,-0.8834686386171953,-0.13339111335860238,1623.4226957527455,down,-0.012335549265585555,-0.11630469809043074,-0.004750866002586051,-0.0,0.0
14.760000895001212,-15.0,-14.116531361382805,-0.8834686386171953,-0.13205837017731845,1622.9973521842505,down,-0.012335549265585555,-0.11639721470992263,-0.0033256062018102352,-0.0,0.0
14.780963599001552,-15.0,-14.116531361382805,-0.8834686386171953,-0.13115320493626725,1622.708469660511,down,-0.012335549265585555,-0.11648973132941452,-0.0023279243412671646,-0.0,0.0
14.800582788000611,-15.0,-14.099869968049095,-0.9001300319509049,-0.13296269725504634,1623.2859672090574,down,-0.012568186202900011,-0.11658399272593627,-0.0038105183262100457,-0.0,0.0
14.822027003001494,-15.0,-14.099869968049095,-0.9001300319509049,-0.13191380315370507,1622.9512137724591,down,-0.012568186202900011,-0.11667825412245801,-0.002667362828347032,-0.0,0.0
14.840000793999934,-15.0,-14.077594651987217,-0.9224053480127825,-0.1344370425071438,1623.7565029278119,down,-0.012879208288661737,-0.11677484818462297,-0.004782986033859096,-0.0,0.001953125
14.860001050999927,-15.0,-14.077594651987217,-0.9224053480127825,-0.133098740759151,1623.3293853486653,down,-0.012879208288661737,-0.11687144224678793,-0.0033480902237013666,-0.0,0.001953125
14.880000715000278,-15.0,-14.077594651987217,-0.9224053480127825,-0.13219090775420558,1623.0396514109166,down,-0.012879208288661737,-0.11696803630895289,-0.0023436631565909565,-0.0,0.001953125
14.900000713001646,-15.0,-14.05993636511451,-0.9400636348854903,-0.13414427258425102,1623.663065718378,down,-0.013125764485614089,-0.11706647954259498,-0.003952028556041971,-0.0,0.001953125
14.92154540699994,-15.0,-14.05993636511451,-0.9400636348854903,-0.13305710725108055,1623.3160980588555,down,-0.013125764485614089,-0.11716492277623708,-0.0027664199892293794,-0.0,0.001953125
14.94206826700065,-15.0,-14.040467145657336,-0.9595328543426636,-0.13514801975311208,1623.983410559504,down,-0.013397606071470891,-0.11726540482177311,-0.004485008859868088,-0.0,0.001953125
14.960001299001306,-15.0,-14.040467145657336,-0.9595328543426636,-0.1339029991406877,1623.5860635555387,down,-0.013397606071470891,-0.11736588686730913,-0.0031395062019076614,-0.0,0.001953125
14.980001241001446,-15.0,-14.040467145657336,-0.9595328543426636,-0.13306162932565144,1623.317541274144,down,-0.013397606071470891,-0.11746636891284516,-0.002197654341335363,-0.0,0.001953125
15.002054409000266,-15.0,-14.033802092487292,-0.9661979075127078,-0.13346902814941608,1623.4475621753456,down,-0.0134906677695811,-0.11756754892111701,-0.0024108114587179574,-0.0,0.001953125
15.020001459000923,-15.0,-14.033802092487292,-0.9661979075127078,-0.1328469647200725,1623.2490312936402,down,-0.0134906677695811,-0.11766872892938886,-0.0016875680211025702,-0.0,0.001953125
15.040001642000789,-15.0,-14.020004131093753,-0.9799958689062471,-0.13444212404910866,1623.758124696524,down,-0.013683323654685366,-0.117771353856799,-0.0029874465376242814,-0.0,0.001953125
15.060001510000802,-15.0,-14.020004131093753,-0.9799958689062471,-0.13364851501523148,1623.504845217627,down,-0.013683323654685366,-0.11787397878420913,-0.0020912125763369966,-0.0,0.0
15.080001138001535,-15.0,-14.020004131093753,-0.9799958689062471,-0.13312377616974053,1623.3373753733215,down,-0.013683323654685366,-0.11797660371161928,-0.0014638488034358975,-0.0,0.0
15.100001525001062,-15.0,-14.002933754560672,-0.9970662454393278,-0.13526188854474708,1624.0197516632172,down,-0.013921671074731324,-0.11808101624467976,-0.0032592012253359936,-0.0,0.001953125
15.120000708000589,-15.0,-14.002933754560672,-0.9970662454393278,-0.13438854071020673,1623.741023630917,down,-0.013921671074731324,-0.11818542877774023,-0.0022814408577351954,-0.0,0.001953125
15.140000335000877,-15.0,-13.984803473884092,-1.0151965261159077,-0.1364368142490706,1624.394727951831,down,-0.014174817548424935,-0.11829173990935342,-0.003970256791292237,-0.0,0.001953125
15.160000277001018,-15.0,-13.984803473884092,-1.0151965261159077,-0.1353520483432961,1624.0485260670093,down,-0.014174817548424935,-0.1183980510409666,-0.0027791797539045656,-0.0,0.001953125
15.180000553000355,-15.0,-13.984803473884092,-1.0151965261159077,-0.1346246055487379,1623.8163634730015,down,-0.014174817548424935,-0.11850436217257979,-0.0019454258277331958,-0.0,0.001953125
15.200000291000833,-15.0,-13.974866058065187,-1.025133941934813,-0.13558788676477335,1624.123793648332,down,-0.014313570048568659,-0.11861171394794406,-0.0026626027682606496,-0.0,-0.001953125
15.220000271001481,-15.0,-13.974866058065187,-1.025133941934813,-0.13489645770965944,1623.903124800955,down,-0.014313570048568659,-0.11871906572330833,-0.0018638219377824547,-0.0,-0.001953125
15.240000305000649,-15.0,-13.957793085856188,-1.0422069141438115,-0.13691968127979068,1624.548834450997,down,-0.014551953711087485,-0.1188282053761415,-0.0035395221925617146,-0.0,-0.001953125
15.260000248001234,-15.0,-13.957793085856188,-1.0422069141438115,-0.13596696427485533,1624.2447758324006,down,-0.014551953711087485,-0.11893734502897466,-0.0024776655347932,-0.0,0.0
15.280000411999936,-15.0,-13.957793085856188,-1.0422069141438115,-0.13533280426725053,1624.042384340612,down,-0.014551953711087485,-0.11904648468180781,-0.00173436587435524,-0.0,0.0
15.300000428000203,-15.0,-13.947267850398086,-1.0527321496019137,-0.13644744646817647,1624.3981212132478,down,-0.014698913721720698,-0.11915672653472072,-0.002591806211735035,-0.0,0.0
15.320000482000978,-15.0,-13.947267850398086,-1.0527321496019137,-0.13578014645756883,1624.185153124756,down,-0.014698913721720698,-0.11926696838763362,-0.0018142643482145246,-0.0,0.0
15.340000461001182,-15.0,-13.937330773405971,-1.0626692265940285,-0.13678665772004023,1624.506380123417,down,-0.014837661490949961,-0.11937825084881575,-0.002570745380274515,-0.0,0.0
15.360000440001386,-15.0,-13.937330773405971,-1.0626692265940285,-0.13612671656713998,1624.295760606534,down,-0.014837661490949961,-0.11948953330999787,-0.0017995217661921604,-0.0,-0.001953125
15.3800003080014,-15.0,-13.937330773405971,-1.0626692265940285,-0.13569814249846443,1624.1589816484461,down,-0.014837661490949961,-0.11960081577117998,-0.0012596652363345122,-0.0,-0.001953125
15.400000343001011,-15.0,-13.920658426268734,-1.0793415737312664,-0.13784846633097184,1624.8452552120123,down,-0.015070451372214168,-0.1197138441564716,-0.0030641708022860893,-0.0,0.0
15.42000043400003,-15.0,-13.920658426268734,-1.0793415737312664,-0.13704224347557764,1624.587950045397,down,-0.015070451372214168,-0.1198268725417632,-0.0021449195616002623,-0.0,0.0
15.440000913000404,-15.0,-13.905869789691659,-1.0941302103083412,-0.138655660976042,1625.1028705242688,down,-0.015276939692334835,-0.11994144958945571,-0.003437271694251446,-0.0,0.0
15.460000411001602,-15.0,-13.905869789691659,-1.0941302103083412,-0.13768302987831085,1624.7924563441418,down,-0.015276939692334835,-0.12,-0.002406090185976012,-0.0,-0.001953125
15.480000279001615,-15.0,-13.905869789691659,-1.0941302103083412,-0.13696120282251806,1624.5620860071867,down,-0.015276939692334835,-0.12,-0.0016842631301832083,-0.0,-0.001953125
15.500000332000127,-15.0,-13.893058727756117,-1.1069412722438834,-0.1383117641385157,1624.9931162144198,down,-0.015455815861496537,-0.12,-0.002855948277019196,-0.0,0.001953125
15.520000256001367,-15.0,-13.893058727756117,-1.1069412722438834,-0.13745497965540995,1624.7196743581096,down,-0.015455815861496537,-0.12,-0.001999163793913437,-0.0,0.001953125
15.54000042000007,-15.0,-13.879258730334609,-1.1207412696653911,-0.13885433026894367,1625.166275617748,down,-0.01564850017491415,-0.12,-0.0032058300940295244,-0.0,0.001953125
15.56000034400131,-15.0,-13.879258730334609,-1.1207412696653911,-0.1378925812407348,1624.8593344385324,down,-0.01564850017491415,-0.12,-0.002244081065820667,-0.0,0.001953125
15.580000453001048,-15.0,-13.879258730334609,-1.1207412696653911,-0.1372193569209886,1624.6444756130816,down,-0.01564850017491415,-0.12,-0.0015708567460744668,-0.0,0.001953125
15.60000037700047,-15.0,-13.862660374266689,-1.1373396257333113,-0.13915257639673614,1625.2614605521499,down,-0.015880256945957027,-0.12,-0.003272319450779119,-0.0,0.001953125
15.620000393000737,-15.0,-13.862660374266689,-1.1373396257333113,-0.1381708805615024,1624.9481533706924,down,-0.015880256945957027,-0.12,-0.002290623615545383,-0.0,0.001953125
15.640000428000349,-15.0,-13.855521763520898,-1.1444782364791024,-0.13851780924755688,1625.0588752917736,down,-0.01597993075518287,-0.12,-0.002537878492374037,-0.0,0.001953125
15.660000296000362,-15.0,-13.855521763520898,-1.1444782364791024,-0.1377564456998447,1624.8158869254823,down,-0.01597993075518287,-0.12,-0.0017765149446618256,-0.0,0.0
15.680000664000545,-15.0,-13.855521763520898,-1.1444782364791024,-0.13722349121644614,1624.6457950690785,down,-0.01597993075518287,-0.12,-0.001243560461263278,-0.0,0.0
15.700000310000178,-15.0,-13.845584924396842,-1.1544150756031577,-0.13828989672569988,1624.986137252883,down,-0.01611867520314747,-0.12,-0.002171221522552424,-0.0,-0.001953125
15.72000045599998,-15.0,-13.845584924396842,-1.1544150756031577,-0.13763853026893416,1624.7782543411492,down,-0.01611867520314747,-0.12,-0.001519855065786697,-0.0,-0.001953125
15.74000026900103,-15.0,-13.838924343819558,-1.1610756561804418,-0.13814744095689258,1624.9406726458167,down,-0.01621167445208187,-0.12,-0.001935766504810688,-0.0,-0.001953125
15.760000341000705,-15.0,-13.838924343819558,-1.1610756561804418,-0.13756671100544937,1624.7553332996115,down,-0.01621167445208187,-0.12,-0.0013550365533674816,-0.0,0.0
15.780000301001564,-15.0,-13.838924343819558,-1.1610756561804418,-0.1371602000394391,1624.6255957572678,down,-0.01621167445208187,-0.12,-0.000948525587357237,-0.0,0.0
15.800000281000393,-15.0,-13.829386731434541,-1.170613268565459,-0.13825728309608146,1624.9757286476856,down,-0.016344844643199897,-0.12,-0.0019124384528815604,-0.0,0.0
15.820000390000132,-15.0,-13.829386731434541,-1.170613268565459,-0.137683551560217,1624.7926228383672,down,-0.016344844643199897,-0.12,-0.0013387069170170923,-0.0,0.0
15.840000313000928,-15.0,-13.823712520108819,-1.1762874798911813,-0.13810391894684074,1624.9267826426087,down,-0.01642407157927015,-0.12,-0.0016798473675705915,-0.0,0.0
15.860000293001576,-15.0,-13.823712520108819,-1.1762874798911813,-0.13759996473656955,1624.7659461925223,down,-0.01642407157927015,-0.12,-0.001175893157299414,-0.0,0.001953125
15.880000346000088,-15.0,-13.823712520108819,-1.1762874798911813,-0.13724719678937972,1624.6533606774617,down,-0.01642407157927015,-0.12,-0.0008231252101095898,-0.0,0.001953125
15.900000381001519,-15.0,-13.817052936584101,-1.1829470634158987,-0.1379649819986852,1624.8824410634102,down,-0.016517056906724448,-0.12,-0.0014479250919607566,-0.0,-0.001953125
15.92000032300166,-15.0,-13.817052936584101,-1.1829470634158987,-0.13753060447109697,1624.743809937584,down,-0.016517056906724448,-0.12,-0.0010135475643725295,-0.0,-0.001953125
15.940000302000044,-15.0,-13.814174800613095,-1.1858251993869047,-0.13764347367860272,1624.779832025086,down,-0.016557243265935773,-0.12,-0.001086230412666942,-0.0,-0.001953125
15.960001059000206,-15.0,-13.814174800613095,-1.1858251993869047,-0.13731760455480263,1624.6758312408945,down,-0.016557243265935773,-0.12,-0.0007603612888668593,-0.0,0.00390625
15.98000029800096,-15.0,-13.814174800613095,-1.1858251993869047,-0.13708949616814256,1624.6030306919604,down,-0.016557243265935773,-0.12,-0.0005322529022068015,-0.0,0.00390625
16.000000425001417,-15.0,-13.798907752491921,-1.201092247508079,-0.1391414404287122,1625.2579065198017,down,-0.016770411471355696,-0.12,-0.0023710289573565337,-0.0,0.001953125
16.020000497001092,-15.0,-13.798907752491921,-1.201092247508079,-0.13843013174150526,1625.030893108991,down,-0.016770411471355696,-0.12,-0.0016597202701495734,-0.0,0.001953125
16.04000040200117,-15.0,-13.792248164330157,-1.2077518356698427,-0.1388969391045321,1625.1798741822975,down,-0.01686339686355538,-0.12,-0.0020335422409767465,-0.0,0.001953125
16.06000032600059,-15.0,-13.792248164330157,-1.2077518356698427,-0.13828687643223908,1624.985173329438,down,-0.01686339686355538,-0.12,-0.0014234795686837226,-0.0,-0.001953125
16.08000063899999,-15.0,-13.792248164330157,-1.2077518356698427,-0.13785983256163398,1624.8488827324363,down,-0.01686339686355538,-0.12,-0.0009964356980786057,-0.0,-0.001953125
16.10000035900157,-15.0,-13.789453164432096,-1.2105468355679037,-0.13796579204396714,1624.8826995885001,down,-0.016902422424206632,-0.12,-0.0010633696197605048,-0.0,-0.001953125
16.120000264001646,-15.0,-13.789453164432096,-1.2105468355679037,-0.137646781158039,1624.7808876036295,down,-0.016902422424206632,-0.12,-0.0007443587338323534,-0.0,-0.001953125
16.140000799001427,-15.0,-13.783295996996156,-1.2167040030038443,-0.13831541514602544,1624.9942814295825,down,-0.016988392699689638,-0.12,-0.0013270224463358187,-0.0,-0.001953125
16.16000035200159,-15.0,-13.783295996996156,-1.2167040030038443,-0.1379173084121247,1624.867226088976,down,-0.016988392699689638,-0.12,-0.0009289157124350731,-0.0,-0.001953125
16.18000029399991,-15.0,-13.783295996996156,-1.2167040030038443,-0.13763863369839419,1624.7782873505514,down,-0.016988392699689638,-0.12,-0.0006502409987045511,-0.0,-0.001953125
16.20000032900134,-15.0,-13.783295996996156,-1.2167040030038443,-0.1374435613987828,1624.716030233654,down,-0.016988392699689638,-0.12,-0.00045516869909318573,-0.0,0.0
16.22000034500161,-15.0,-13.783295996996156,-1.2167040030038443,-0.13730701078905486,1624.672450251826,down,-0.016988392699689638,-0.12,-0.00031861808936523,-0.0,0.0
16.240000306001093,-15.0,-13.77663741130596,-1.2233625886940391,-0.13817600358595195,1624.9497883784952,down,-0.0170813640947457,-0.12,-0.0010946394912062505,-0.0,0.0
16.26000030400064,-15.0,-13.77663741130596,-1.2233625886940391,-0.13784761173859006,1624.8449824697627,down,-0.0170813640947457,-0.12,-0.0007662476438443753,-0.0,0.0
16.280000339000253,-15.0,-13.77663741130596,-1.2233625886940391,-0.13761773744543676,1624.77161833365,down,-0.0170813640947457,-0.12,-0.0005363733506910627,-0.0,0.0
16.300000336001176,-15.0,-13.769495274081962,-1.2305047259180384,-0.13849145206479008,1625.050463424933,down,-0.017181087142896123,-0.12,-0.0013103649218939699,-0.0,-0.001953125
16.32000035300007,-15.0,-13.769495274081962,-1.2305047259180384,-0.1380983425882219,1624.925002953688,down,-0.017181087142896123,-0.12,-0.0009172554453257788,-0.0,-0.001953125
16.34000029500021,-15.0,-13.768082003599961,-1.231917996400039,-0.13802789560662107,1624.9025198744534,down,-0.01720082012140185,-0.12,-0.0008270754852192314,-0.0,-0.001953125
16.36000034800054,-15.0,-13.768082003599961,-1.231917996400039,-0.13777977296105529,1624.8233317960814,down,-0.01720082012140185,-0.12,-0.0005789528396534619,-0.0,0.0
16.38000027199996,-15.0,-13.768082003599961,-1.231917996400039,-0.13760608710915925,1624.7679001412212,down,-0.01720082012140185,-0.12,-0.00040526698775742326,-0.0,0.0
16.400000251000165,-15.0,-13.770962798722628,-1.2290372012773716,-0.1370671883251148,1624.5959111675897,down,-0.017160596633429104,-0.12,9.340830831429641e-05,-0.0,-0.001953125
16.420000785999946,-15.0,-13.770962798722628,-1.2290372012773716,-0.13709521081760911,1624.6048545162582,down,-0.017160596633429104,-0.12,6.538581582000748e-05,-0.0,-0.001953125
16.44000115400013,-15.0,-13.76528813444175,-1.2347118655582499,-0.13793687164022217,1624.8734696724114,down,-0.01723982989394641,-0.12,-0.0006970417462757619,-0.0,-0.001953125
16.460000652001327,-15.0,-13.76528813444175,-1.2347118655582499,-0.13772775911633944,1624.8067316328743,down,-0.01723982989394641,-0.12,-0.0004879292223930333,-0.0,0.00390625
16.480000668001594,-15.0,-13.76528813444175,-1.2347118655582499,-0.13758138034962153,1624.7600150051983,down,-0.01723982989394641,-0.12,-0.0003415504556751233,-0.0,0.00390625
16.50000051800089,-15.0,-13.751885356893874,-1.2481146431061259,-0.13942047276903818,1625.346959394374,down,-0.017426967971644648,-0.12,-0.001993504797393535,-0.0,-0.001953125
16.52000027500071,-15.0,-13.751885356893874,-1.2481146431061259,-0.13882242132982012,1625.1560919137723,down,-0.017426967971644648,-0.12,-0.0013954533581754744,-0.0,-0.001953125
16.540000421000514,-15.0,-13.75050463783795,-1.2494953621620493,-0.13860379949900595,1625.0863189890445,down,-0.01744624644650137,-0.12,-0.001157553052504591,-0.0,-0.001953125
16.560000400000717,-15.0,-13.75050463783795,-1.2494953621620493,-0.13825653358325457,1624.975489441464,down,-0.01744624644650137,-0.12,-0.0008102871367532136,-0.0,-0.001953125
16.58000045300105,-15.0,-13.75050463783795,-1.2494953621620493,-0.1380134474422286,1624.897908758158,down,-0.01744624644650137,-0.12,-0.0005672009957272495,-0.0,-0.001953125
16.60000037700047,-15.0,-13.744830375163932,-1.2551696248360678,-0.13866527404367285,1625.1059385245765,down,-0.01752547409952907,-0.12,-0.0011397999441437857,-0.0,0.0
16.62000031900061,-15.0,-13.744830375163932,-1.2551696248360678,-0.1383233340604297,1624.9968087426903,down,-0.01752547409952907,-0.12,-0.0007978599609006499,-0.0,0.0
16.64000033600132,-15.0,-13.740965903841536,-1.259034096158464,-0.13864379238408484,1625.0990826757718,down,-0.01757943229826886,-0.12,-0.001064360085815983,-0.0,0.0
16.660000389001652,-15.0,-13.740965903841536,-1.259034096158464,-0.13832448435834005,1624.9971758590448,down,-0.01757943229826886,-0.12,-0.0007450520600711881,-0.0,0.00390625
16.680000330999974,-15.0,-13.740965903841536,-1.259034096158464,-0.13810096874031869,1624.9258410873358,down,-0.01757943229826886,-0.12,-0.0005215364420498316,-0.0,0.00390625
16.700000255001214,-15.0,-13.740965903841536,-1.259034096158464,-0.13794450780770373,1624.8759067471394,down,-0.01757943229826886,-0.12,-0.0003650755094348821,-0.0,-0.001953125
16.720000401001016,-15.0,-13.740965903841536,-1.259034096158464,-0.13783498515487327,1624.840952709002,down,-0.01757943229826886,-0.12,-0.0002555528566044175,-0.0,-0.001953125
16.74000038000122,-15.0,-13.744830375163932,-1.2551696248360678,-0.1371985029859666,1624.6378201019043,down,-0.01752547409952907,-0.12,0.00032697111356243605,-0.0,-0.001953125
16.760000285001297,-15.0,-13.744830375163932,-1.2551696248360678,-0.13729659432003535,1624.6691258468197,down,-0.01752547409952907,-0.12,0.0002288797794937052,-0.0,0.0
16.78000032000091,-15.0,-13.744830375163932,-1.2551696248360678,-0.13736525825388346,1624.6910398682608,down,-0.01752547409952907,-0.12,0.00016021584564559363,-0.0,0.0
16.800000725001155,-15.0,-13.75476658064549,-1.2452334193545092,-0.13597394115087155,1624.247002494959,down,-0.01738673849888275,-0.12,0.001412797348011189,-0.0,0.0
16.820000334000724,-15.0,-13.75476658064549,-1.2452334193545092,-0.13639778035527492,1624.3822703261517,down,-0.01738673849888275,-0.12,0.0009889581436078323,-0.0,0.0
16.840000387001055,-15.0,-13.753782779918916,-1.2462172200810837,-0.1368369834618138,1624.522441530366,down,-0.017400474948372536,-0.12,0.0005634914865587261,-0.0,0.0
16.86000023700035,-15.0,-13.753782779918916,-1.2462172200810837,-0.13700603090778143,1624.576392842909,down,-0.017400474948372536,-0.12,0.00039444404059110825,-0.0,0.0
16.88000029000068,-15.0,-13.753782779918916,-1.2462172200810837,-0.13712436411995876,1624.614158761689,down,-0.017400474948372536,-0.12,0.00027611082841377577,-0.0,0.0
16.900000251000165,-15.0,-13.746640041988709,-1.2533599580112913,-0.1382419110127433,1624.9708226636415,down,-0.017500206383963903,-0.12,-0.0007417046287794121,-0.0,0.001953125
16.920000359999904,-15.0,-13.746640041988709,-1.2533599580112913,-0.1380193996241095,1624.8998083906733,down,-0.017500206383963903,-0.12,-0.0005191932401455885,-0.0,0.001953125
16.94000037600017,-15.0,-13.745656036636202,-1.254343963363798,-0.13800618695811132,1624.895591582376,down,-0.017513945690570697,-0.12,-0.0004922412675406338,-0.0,0.001953125
16.96000085600099,-15.0,-13.745656036636202,-1.254343963363798,-0.13785851457784912,1624.8484620993136,down,-0.017513945690570697,-0.12,-0.0003445688872784436,-0.0,0.001953125
16.98000079800113,-15.0,-13.745656036636202,-1.254343963363798,-0.1377551439116656,1624.8154714611699,down,-0.017513945690570697,-0.12,-0.0002411982210949105,-0.0,0.001953125
17.000000721000106,-15.0,-13.745656036636202,-1.254343963363798,-0.13768278444533713,1624.7923780144693,down,-0.017513945690570697,-0.12,-0.00016883875476643735,-0.0,-0.001953125
17.02000088600107,-15.0,-13.745656036636202,-1.254343963363798,-0.13763213281890718,1624.776212601779,down,-0.017513945690570697,-0.12,-0.00011818712833650613,-0.0,-0.001953125
17.04000071700102,-15.0,-13.748052786189888,-1.2519472138101122,-0.13724947796062884,1624.654088710839,down,-0.017480480753724683,-0.12,0.00023100279309585647,-0.0,-0.001953125
17.06000093700095,-15.0,-13.748052786189888,-1.2519472138101122,-0.13731877879855758,1624.6762059995397,down,-0.017480480753724683,-0.12,0.0001617019551670995,-0.0,0.001953125
17.080000731000837,-15.0,-13.748052786189888,-1.2519472138101122,-0.1373672893851077,1624.69168810163,down,-0.017480480753724683,-0.12,0.00011319136861696965,-0.0,0.001953125
17.100001155000427,-15.0,-13.739926775380566,-1.2600732246194344,-0.13857839963819793,1625.0782126504887,down,-0.017593941268664936,-0.12,-0.000984458369533018,-0.0,0.0
17.120000875000187,-15.0,-13.739926775380566,-1.2600732246194344,-0.13828306212733804,1624.9839559980867,down,-0.017593941268664936,-0.12,-0.0006891208586731125,-0.0,0.0
17.14000107600077,-15.0,-13.744187688986486,-1.2558123110135142,-0.13745908000573565,1624.720982980554,down,-0.01753444769141188,-0.12,7.536768567621954e-05,-0.0,0.0
17.160001018000912,-15.0,-13.744187688986486,-1.2558123110135142,-0.13748169031143853,1624.7281990355655,down,-0.01753444769141188,-0.12,5.2757379973353674e-05,-0.0,0.001953125
17.180000719999953,-15.0,-13.744187688986486,-1.2558123110135142,-0.13749751752543052,1624.7332502740735,down,-0.01753444769141188,-0.12,3.693016598134757e-05,-0.0,0.001953125
17.200000755001383,-15.0,-13.742720146716852,-1.2572798532831477,-0.13772118816471846,1624.8046345206549,down,-0.017554938447025714,-0.12,-0.00016624971769274482,-0.0,0.001953125
17.220000826000614,-15.0,-13.742720146716852,-1.2572798532831477,-0.13767131324941062,1624.7887169944927,down,-0.017554938447025714,-0.12,-0.00011637480238492137,-0.0,0.001953125
17.240000935000353,-15.0,-13.738459661606317,-1.261540338393683,-0.1382535845998568,1624.97454827655,down,-0.017614426041354547,-0.12,-0.0006391585585022553,-0.0,0.001953125
17.26000084000043,-15.0,-13.738459661606317,-1.261540338393683,-0.13806183703230612,1624.913352244353,down,-0.017614426041354547,-0.12,-0.0004474109909515787,-0.0,0.001953125
17.280001116001586,-15.0,-13.738459661606317,-1.261540338393683,-0.13792761373502066,1624.8705150218152,down,-0.017614426041354547,-0.12,-0.00031318769366610506,-0.0,0.001953125
17.300000817000182,-15.0,-13.745601029575981,-1.2543989704240186,-0.1367991422383337,1624.510364544149,down,-0.01751471373402085,-0.12,0.0007155714956871563,-0.0,-0.001953125
17.32000092599992,-15.0,-13.745601029575981,-1.2543989704240186,-0.13701381368703985,1624.5788767086297,down,-0.01751471373402085,-0.12,0.0005009000469810093,-0.0,-0.001953125
17.34000083200044,-15.0,-13.744134464664647,-1.255865535335353,-0.13737653370822936,1624.69463841752,down,-0.01753519084313846,-0.12,0.000158657134909099,-0.0,-0.001953125
17.360000996000963,-15.0,-13.744134464664647,-1.255865535335353,-0.1374241308487021,1624.7098289942667,down,-0.01753519084313846,-0.12,0.0001110599944363693,-0.0,0.00390625
17.380001086001357,-15.0,-13.744134464664647,-1.255865535335353,-0.13745744884703298,1624.7204623979892,down,-0.01753519084313846,-0.12,7.77419961054585e-05,-0.0,0.00390625
17.40000084300118,-15.0,-13.744134464664647,-1.255865535335353,-0.13748077144586462,1624.7279057805952,down,-0.01753519084313846,-0.12,5.441939727382095e-05,-0.0,0.0
17.420000971000263,-15.0,-13.744134464664647,-1.255865535335353,-0.13749709726504677,1624.7331161484192,down,-0.01753519084313846,-0.12,3.8093578091674664e-05,-0.0,0.0
17.44000128300104,-15.0,-13.745601029575981,-1.2543989704240186,-0.13729607533137908,1624.6689602121423,down,-0.01751471373402085,-0.12,0.00021863840264177978,-0.0,0.0
17.46000098500008,-15.0,-13.745601029575981,-1.2543989704240186,-0.1373616668521716,1624.689893676225,down,-0.01751471373402085,-0.12,0.00015304688184924583,-0.0,0.001953125
17.480000723000558,-15.0,-13.745601029575981,-1.2543989704240186,-0.1374075809167264,1624.7045471010829,down,-0.01751471373402085,-0.12,0.00010713281729447208,-0.0,0.001953125
17.500001536000127,-15.0,-13.745601029575981,-1.2543989704240186,-0.1374397207619147,1624.7148044984833,down,-0.01751471373402085,-0.12,7.499297210613045e-05,-0.0,0.0
17.52000068200141,-15.0,-13.745601029575981,-1.2543989704240186,-0.13746221865354658,1624.7219846766639,down,-0.01751471373402085,-0.12,5.249508047429131e-05,-0.0,0.0
17.54000071700102,-15.0,-13.745601029575981,-1.2543989704240186,-0.13747796717768884,1624.72701080139,down,-0.01751471373402085,-0.12,3.674655633200391e-05,-0.0,0.0
17.560000974001014,-15.0,-13.745601029575981,-1.2543989704240186,-0.13748899114458846,1624.7305290886984,down,-0.01751471373402085,-0.12,2.5722589432402737e-05,-0.0,0.001953125
17.580000731000837,-15.0,-13.745601029575981,-1.2543989704240186,-0.13749670792141816,1624.7329918898142,down,-0.01751471373402085,-0.12,1.8005812602681915e-05,-0.0,0.001953125
17.600000747001104,-15.0,-13.739926775380566,-1.2600732246194344,-0.1383240953371314,1624.9970517033398,down,-0.017593941268664936,-0.12,-0.0007301540684664522,-0.0,0.0
17.6200008370015,-15.0,-13.739926775380566,-1.2600732246194344,-0.13810504911659144,1624.9271433350823,down,-0.017593941268664936,-0.12,-0.0005111078479265166,-0.0,0.0
17.640001502000814,-15.0,-13.739926775380566,-1.2600732246194344,-0.1379517167622135,1624.878207477302,down,-0.017593941268664936,-0.12,-0.00035777549354856157,-0.0,0.0
17.660000999001568,-15.0,-13.739926775380566,-1.2600732246194344,-0.13784438411414893,1624.8439523768561,down,-0.017593941268664936,-0.12,-0.00025044284548399306,-0.0,-0.001953125
17.68000112700065,-15.0,-13.739926775380566,-1.2600732246194344,-0.1377692512605037,1624.8199738065437,down,-0.017593941268664936,-0.12,-0.00017530999183879513,-0.0,-0.001953125
17.700000921000537,-15.0,-13.745601029575981,-1.2543989704240186,-0.13689467259101967,1624.5408529545807,down,-0.01751471373402085,-0.12,0.0006200411430011731,-0.0,0.0
17.720000752000487,-15.0,-13.745601029575981,-1.2543989704240186,-0.13708068493392003,1624.600218595932,down,-0.01751471373402085,-0.12,0.00043402880010082114,-0.0,0.0
17.74000067599991,-15.0,-13.74839477784246,-1.25160522215754,-0.1368061846964584,1624.5126121371675,down,-0.01747570564944332,-0.12,0.0006695209529849167,-0.0,0.0
17.760001099000874,-15.0,-13.74839477784246,-1.25160522215754,-0.13700704098235386,1624.5767152071342,down,-0.01747570564944332,-0.12,0.00046866466708944167,-0.0,0.0
17.78000078200057,-15.0,-13.74839477784246,-1.25160522215754,-0.1371476403824807,1624.621587356111,down,-0.01747570564944332,-0.12,0.00032806526696260913,-0.0,0.0
17.800001021001663,-15.0,-13.751275232287217,-1.2487247677127833,-0.13682879062624725,1624.519826795611,down,-0.017435486918231536,-0.12,0.0006066962919842919,-0.0,-0.001953125
17.820000889001676,-15.0,-13.751275232287217,-1.2487247677127833,-0.13701079951384254,1624.5779147384603,down,-0.017435486918231536,-0.12,0.0004246874043890043,-0.0,-0.001953125
17.84000107200154,-15.0,-13.755535801848163,-1.244464198151837,-0.1365210097103145,1624.4215988437174,down,-0.017375998144752526,-0.12,0.0008549884344380274,-0.0,-0.001953125
17.860000773000138,-15.0,-13.755535801848163,-1.244464198151837,-0.13677750624064589,1624.503459438504,down,-0.017375998144752526,-0.12,0.0005984919041066191,-0.0,0.005859375
17.88000073400144,-15.0,-13.755535801848163,-1.244464198151837,-0.1369570538118779,1624.5607618548547,down,-0.017375998144752526,-0.12,0.0004189443328746334,-0.0,0.005859375
17.900001047000842,-15.0,-13.747409509010668,-1.2525904909893324,-0.13825993080950325,1624.9765736626075,down,-0.017489462597548956,-0.12,-0.0007704682119542893,-0.0,0.0
17.920000915000855,-15.0,-13.747409509010668,-1.2525904909893324,-0.13802879034591697,1624.902805429548,down,-0.017489462597548956,-0.12,-0.0005393277483680025,-0.0,0.0
17.940000635000615,-15.0,-13.751275232287217,-1.2487247677127833,-0.13730699434848834,1624.6724450048366,down,-0.017435486918231536,-0.12,0.0001284925697432064,-0.0,0.0
17.960000855000544,-15.0,-13.751275232287217,-1.2487247677127833,-0.1373455421194113,1624.6847474849185,down,-0.017435486918231536,-0.12,8.994479882024448e-05,-0.0,0.0
17.980000630001086,-15.0,-13.751275232287217,-1.2487247677127833,-0.13737252555905738,1624.6933592209757,down,-0.017435486918231536,-0.12,6.296135917417113e-05,-0.0,0.0
18.000000721000106,-15.0,-13.748481484020738,-1.251518515979262,-0.1377961228443017,1624.828549843926,down,-0.01747449500280909,-0.12,-0.00032162784149263025,-0.0,0.0
18.020000941000035,-15.0,-13.748481484020738,-1.251518515979262,-0.13769963449185393,1624.7977556888895,down,-0.01747449500280909,-0.12,-0.00022513948904484115,-0.0,0.0
18.040001049001148,-15.0,-13.748876454898143,-1.2511235451018567,-0.13757487624438067,1624.75793922693,down,-0.017468980169000916,-0.12,-0.00010589607537976305,-0.0,0.0
18.06000064,-15.0,-13.748876454898143,-1.2511235451018567,-0.13754310742176676,1624.7478002409894,down,-0.017468980169000916,-0.12,-7.412725276583413e-05,-0.0,0.001953125
18.080001341000752,-15.0,-13.748876454898143,-1.2511235451018567,-0.137520869245937,1624.740702950831,down,-0.017468980169000916,-0.12,-5.188907693608389e-05,-0.0,0.001953125
18.100001061000512,-15.0,-13.743202925761283,-1.2567970742387171,-0.1383271831611183,1624.9980371790803,down,-0.017548197579917747,-0.12,-0.0007789855812005587,-0.0,-0.001953125
18.12000139200063,-15.0,-13.743202925761283,-1.2567970742387171,-0.13809348748675812,1624.9234534532206,down,-0.017548197579917747,-0.12,-0.000545289906840391,-0.0,-0.001953125
18.14000129700071,-15.0,-13.738942184169103,-1.2610578158308972,-0.13854712146039588,1625.0682302533178,down,-0.017607688755405925,-0.12,-0.0009394327049899608,-0.0,-0.001953125
18.160000999001568,-15.0,-13.738942184169103,-1.2610578158308972,-0.1382652916488989,1624.9782845687976,down,-0.017607688755405925,-0.12,-0.0006576028934929725,-0.0,0.0
18.180001015000016,-15.0,-13.738942184169103,-1.2610578158308972,-0.13806801078085099,1624.9153225896332,down,-0.017607688755405925,-0.12,-0.0004603220254450807,-0.0,0.0
18.20000086500113,-15.0,-13.748876454898143,-1.2511235451018567,-0.1364908125892655,1624.4119614646593,down,-0.017468980169000916,-0.12,0.0009781675797354305,-0.0,0.0
18.220000937000805,-15.0,-13.748876454898143,-1.2511235451018567,-0.13678426286318612,1624.5056158073999,down,-0.017468980169000916,-0.12,0.0006847173058148013,-0.0,0.0
18.240000768000755,-15.0,-13.748876454898143,-1.2511235451018567,-0.13698967805493056,1624.5711738473183,down,-0.017468980169000916,-0.12,0.0004793021140703609,-0.0,0.0
18.260000784001022,-15.0,-13.748876454898143,-1.2511235451018567,-0.13713346868915166,1624.6170644752613,down,-0.017468980169000916,-0.12,0.0003355114798492526,-0.0,0.00390625
18.280001596000147,-15.0,-13.748876454898143,-1.2511235451018567,-0.13723412213310643,1624.6491879148211,down,-0.017468980169000916,-0.12,0.0002348580358944768,-0.0,0.00390625
18.300001187000817,-15.0,-13.744615885337197,-1.255384114662803,-0.1379217755687195,1624.868651777251,down,-0.017528468942479926,-0.12,-0.0003933066262395906,-0.0,0.0
18.320000814001105,-15.0,-13.744615885337197,-1.255384114662803,-0.13780378358084763,1624.830994759845,down,-0.017528468942479926,-0.12,-0.0002753146383677134,-0.0,0.0
18.34000110800116,-15.0,-13.740268741388098,-1.259731258611902,-0.13835092658158785,1625.0056148664642,down,-0.01758916652245588,-0.12,-0.0007617600591319737,-0.0,0.0
18.360001513001407,-15.0,-13.740268741388098,-1.259731258611902,-0.13812239856384825,1624.9326803927174,down,-0.01758916652245588,-0.12,-0.0005332320413923816,-0.0,-0.001953125
18.38000071500028,-15.0,-13.740268741388098,-1.259731258611902,-0.13796242895143054,1624.8816262610949,down,-0.01758916652245588,-0.12,-0.0003732624289746671,-0.0,-0.001953125
18.400001157000588,-15.0,-13.737475117714627,-1.2625248822853727,-0.13825514105139697,1624.9750450164033,down,-0.01762817286738685,-0.12,-0.0006269681840101076,-0.0,-0.001953125
18.420001136000792,-15.0,-13.737475117714627,-1.2625248822853727,-0.13806705059619392,1624.9150161477214,down,-0.01762817286738685,-0.12,-0.0004388777288070753,-0.0,-0.001953125
18.440001208000467,-15.0,-13.741340716398168,-1.2586592836018315,-0.13737540765346684,1624.6942790383405,down,-0.01757419892771601,-0.12,0.000198791274249146,-0.0,-0.001953125
18.460000984001454,-15.0,-13.741340716398168,-1.2586592836018315,-0.13743504503574158,1624.7133122454495,down,-0.01757419892771601,-0.12,0.00013915389197440218,-0.0,0.001953125
18.480000944000494,-15.0,-13.741340716398168,-1.2586592836018315,-0.13747679120333392,1624.7266354904257,down,-0.01757419892771601,-0.12,9.740772438208152e-05,-0.0,0.001953125
18.50000099800127,-15.0,-13.738459661606317,-1.261540338393683,-0.13792336982464837,1624.8691605823346,down,-0.017614426041354547,-0.12,-0.00030894378329381517,-0.0,0.00390625
18.520000884000183,-15.0,-13.738459661606317,-1.261540338393683,-0.13783068668966023,1624.8395808584023,down,-0.017614426041354547,-0.12,-0.00021626064830567061,-0.0,0.00390625
18.540000752000196,-15.0,-13.734594062922774,-1.265405937077226,-0.13832578811925367,1624.9975919529534,down,-0.017668399981025408,-0.12,-0.0006573881382282762,-0.0,0.00390625
18.560000787001627,-15.0,-13.734594062922774,-1.265405937077226,-0.1381285716777852,1624.9346505354633,down,-0.017668399981025408,-0.12,-0.0004601716967597933,-0.0,0.001953125
18.580000970001493,-15.0,-13.734594062922774,-1.265405937077226,-0.13799052016875726,1624.8905915432204,down,-0.017668399981025408,-0.12,-0.0003221201877318553,-0.0,0.001953125
18.600001005001104,-15.0,-13.736061301309974,-1.2639386986900263,-0.13768133654406084,1624.7919159183173,down,-0.01764791346841077,-0.12,-3.342307565007714e-05,-0.0,-0.001953125
18.620001114000843,-15.0,-13.736061301309974,-1.2639386986900263,-0.1376713096213658,1624.7887158366061,down,-0.01764791346841077,-0.12,-2.3396152955053995e-05,-0.0,-0.001953125
18.64000085200132,-15.0,-13.741394694517389,-1.258605305482611,-0.13689168301976445,1624.539898836095,down,-0.01757344525099247,-0.12,0.0006817622312280227,-0.0,-0.001953125
18.660001424001166,-15.0,-13.741394694517389,-1.258605305482611,-0.13709621168913286,1624.6051739433403,down,-0.01757344525099247,-0.12,0.00047723356185961583,-0.0,-0.001953125
18.680000940001264,-15.0,-13.741394694517389,-1.258605305482611,-0.13723938175769074,1624.650866518412,down,-0.01757344525099247,-0.12,0.00033406349330173106,-0.0,-0.001953125
18.700000808001278,-15.0,-13.748449031105299,-1.2515509688947013,-0.13631769318565676,1624.356710591167,down,-0.017474948130990108,-0.12,0.001157254945333346,-0.0,0.0
18.720001028001207,-15.0,-13.748449031105299,-1.2515509688947013,-0.13666486966925676,1624.4675115965713,down,-0.017474948130990108,-0.12,0.0008100784617333422,-0.0,0.0
18.74000100700141,-15.0,-13.7523141283087,-1.2476858716912993,-0.1363479862292723,1624.3663785838103,down,-0.01742098119330293,-0.12,0.00107299496403063,-0.0,-0.001953125
18.76000087600005,-15.0,-13.7523141283087,-1.2476858716912993,-0.1366698847184815,1624.4691121441963,down,-0.01742098119330293,-0.12,0.0007510964748214409,-0.0,-0.001953125
18.780001559000084,-15.0,-13.7523141283087,-1.2476858716912993,-0.1368952136609279,1624.5410256364664,down,-0.01742098119330293,-0.12,0.0005257675323750086,-0.0,-0.001953125
18.80000096399999,-15.0,-13.755194667059317,-1.2448053329406825,-0.13663566237157515,1624.458190118588,down,-0.01738076128495929,-0.12,0.0007450989133841463,-0.0,0.0
18.82000086900007,-15.0,-13.755194667059317,-1.2448053329406825,-0.13685919204559038,1624.5295293762522,down,-0.01738076128495929,-0.12,0.0005215692393689024,-0.0,0.0
18.840000996000526,-15.0,-13.757988162945555,-1.242011837054445,-0.13661099050029835,1624.4503161171165,down,-0.017341756724274692,-0.12,0.0007307662239763265,-0.0,0.0
18.860000790000413,-15.0,-13.757988162945555,-1.242011837054445,-0.13683022036749126,1624.520283096008,down,-0.017341756724274692,-0.12,0.0005115363567834286,-0.0,-0.001953125
18.880000769000617,-15.0,-13.757988162945555,-1.242011837054445,-0.1369836812745263,1624.5692599812319,down,-0.017341756724274692,-0.12,0.0003580754497484,-0.0,-0.001953125
18.900001064001117,-15.0,-13.7594562655327,-1.2405437344673,-0.13687843115105813,1624.5356695162952,down,-0.017321258145152507,-0.12,0.00044282699409437063,-0.0,0.0
18.920000875999904,-15.0,-13.7594562655327,-1.2405437344673,-0.13701127924928644,1624.578067845517,down,-0.017321258145152507,-0.12,0.00030997889586605943,-0.0,0.0
18.940000615000827,-15.0,-13.765129699526929,-1.2348703004730712,-0.1362824060623671,1624.3454487433087,down,-0.01724204206267741,-0.12,0.0009596360003102816,-0.0,0.0
18.960000835000756,-15.0,-13.765129699526929,-1.2348703004730712,-0.1365702968624602,1624.4373287858916,down,-0.01724204206267741,-0.12,0.0006717452002171971,-0.0,0.0
18.98000072100149,-15.0,-13.765129699526929,-1.2348703004730712,-0.13677182042252536,1624.5016448156996,down,-0.01724204206267741,-0.12,0.00047022164015203793,-0.0,0.0
19.000000941001417,20.0,-13.774668051355754,33.774668051355754,0.356697926461828,1500,dwell,0.4715833290114361,-0.11646312503241424,0.0015777224828061448,0.0,0.0
19.02000092000162,20.0,-13.774668051355754,33.774668051355754,0.3597614846845719,1500,dwell,0.4715833290114361,-0.11292625006482847,0.0011044057379643014,0.0,0.0
19.040000825001698,20.0,-13.769874409229852,33.76987440922985,0.36227211778418666,1500,dwell,0.4715163971408287,-0.10938987708627225,0.00014559772963021315,0.0,0.009765625
19.060000879000654,20.0,-13.769874409229852,33.76987440922985,0.36576481144385387,1500,dwell,0.4715163971408287,-0.10585350410771602,0.0001019184107411492,0.0,0.009765625
19.080000710000604,20.0,-13.769874409229852,33.76987440922985,0.3692706088991877,1500,dwell,0.4715163971408287,-0.1023171311291598,7.134288751880444e-05,0.0,0.009765625
19.100000763000935,20.0,-13.733090678471683,33.73309067847168,0.3674531501611646,1500,dwell,0.471002799370511,-0.09878461013388097,-0.004765039075465459,0.0,0.02734375
19.120000965000145,20.0,-13.733090678471683,33.73309067847168,0.37241518287908304,1500,dwell,0.471002799370511,-0.09525208913860214,-0.003335527352825821,0.0,0.02734375
19.140001222000137,20.0,-13.62936281182107,33.62936281182107,0.36191123949069554,1500,dwell,0.4695544851312128,-0.09173043050011805,-0.015912815140399206,0.0,0.041015625
19.160001053000087,20.0,-13.62936281182107,33.62936281182107,0.3702067426712994,1500,dwell,0.4695544851312128,-0.08820877186163394,-0.011138970598279443,0.0,0.041015625
19.180000884000037,20.0,-13.62936281182107,33.62936281182107,0.37707009248926737,1500,dwell,0.4695544851312128,-0.08468711322314983,-0.00779727941879561,0.0,0.041015625
19.200000733000707,20.0,-13.491366907866302,33.4913669078663,0.3629260761664251,1500,dwell,0.4676276988285915,-0.08117990548193539,-0.023521717180231067,0.0,0.05078125
19.220000934999916,20.0,-13.491366907866302,33.4913669078663,0.3734897990617088,1500,dwell,0.4676276988285915,-0.07767269774072096,-0.016465202026161745,0.0,0.05078125
19.240000969000903,20.0,-13.334472594563834,33.334472594563834,0.35919206201499915,1500,dwell,0.4654370409527646,-0.07418191993357522,-0.032063059004190264,0.0,0.064453125
19.260000930000388,20.0,-13.334472594563834,33.334472594563834,0.37230175752340194,1500,dwell,0.4654370409527646,-0.07069114212642949,-0.022444141302933183,0.0,0.064453125
19.28000116900148,20.0,-13.334472594563834,33.334472594563834,0.3825257777214276,1500,dwell,0.4654370409527646,-0.06720036431928375,-0.015710898912053226,0.0,0.064453125
19.300001074001557,20.0,-13.14153340502721,33.14153340502721,0.36276000051509705,1500,dwell,0.4627431016619298,-0.06372979105681928,-0.03625331009001342,0.0,0.076171875
19.320000609001,20.0,-13.14153340502721,33.14153340502721,0.37710656680456556,1475,up,0.4627431016619298,-0.06025921779435481,-0.02537731706300939,0.0,0.076171875
19.340001254000526,20.0,-12.916000323732241,32.91600032373224,0.3554954702385368,1450,up,0.4595940657893176,-0.05681226230093493,-0.04728633324984589,0.0,0.08203125
19.36000062200037,20.0,-12.916000323732241,32.91600032373224,0.37312832570691046,1425,up,0.4595940657893176,-0.05336530680751505,-0.03310043327489212,0.0,0.08203125
19.380000787001336,20.0,-12.916000323732241,32.91600032373224,0.38650541118279796,1400,up,0.4595940657893176,-0.04991835131409517,-0.023170303292424484,0.0,0.08203125
19.400001007001265,20.0,-12.666808670327246,32.66680867032724,0.3607788793656554,1375,up,0.45611469393299303,-0.04649749110959773,-0.04883832345773993,0.0,0.095703125
19.420000949001405,20.0,-12.666808670327246,32.66680867032724,0.37885123660747483,1350,up,0.45611469393299303,-0.04307663090510028,-0.03418682642041795,0.0,0.095703125
19.440001391001715,20.0,-12.38443386158229,32.38443386158229,0.3515931023777771,1325,up,0.45217199782316203,-0.039685340921426566,-0.06089355452395841,0.0,0.109375
19.460000889001094,20.0,-12.38443386158229,32.38443386158229,0.3732524587186383,1300.025811047243,up,0.45217199782316203,-0.03629405093775285,-0.042625488166770885,0.0,0.109375
19.48000097900149,20.0,-12.38443386158229,32.38443386158229,0.38943139515234326,1294.8623206960606,up,0.45217199782316203,-0.03290276095407913,-0.029837841716739616,0.0,0.109375
19.500000773001375,20.0,-12.060488884150553,32.06048888415055,0.35481269066502497,1305.9108434047794,up,0.447648872661976,-0.029545394409114314,-0.06329078758783672,0.0,0.1171875
19.52000082700033,20.0,-12.060488884150553,32.06048888415055,0.3771572934863408,1298.7795871852104,up,0.447648872661976,-0.026188027864149494,-0.0443035513114857,0.0,0.1171875
19.54000115800045,20.0,-11.718042412710131,31.718042412710133,0.3441622714748024,1309.3099133591056,up,0.4428674179111983,-0.022866522229815507,-0.07583862420658044,0.0,0.1328125
19.56000078500074,20.0,-11.718042412710131,31.718042412710133,0.3702353643711105,1300.9887134985818,up,0.4428674179111983,-0.019545016595481517,-0.05308703694460631,0.0,0.1328125
19.580000764000943,20.0,-11.718042412710131,31.718042412710133,0.38948298108882634,1294.8458570993107,up,0.4428674179111983,-0.01622351096114753,-0.037160925861224416,0.0,0.1328125
19.600001410000914,20.0,-11.333399877378927,31.333399877378927,0.3481922717260095,1308.0237430661673,up,0.4374967949633998,-0.012942284998922032,-0.07636223823846833,0.0,0.15625
19.62000088900095,20.0,-11.333399877378927,31.333399877378927,0.3743821691597755,1299.6652651617737,up,0.4374967949633998,-0.009661059036696533,-0.05345356676692783,0.0,0.15625
19.640001276000476,20.0,-10.835069516509398,30.8350695165094,0.32145798397217457,1316.555962562072,up,0.43053879051554,-0.006432018107829983,-0.10264878843553542,0.0,0.216796875
19.660001311000087,20.0,-10.835069516509398,30.8350695165094,0.3554816614317018,1305.6973420962654,up,0.43053879051554,-0.0032029771789634336,-0.07185415190487479,0.0,0.216796875
19.680001605000143,20.0,-10.835069516509398,30.8350695165094,0.38026694793203075,1297.7871442770115,up,0.43053879051554,2.6063749903116466e-05,-0.05029790633341235,0.0,0.216796875
19.700000825001553,20.0,-10.134105983128233,30.134105983128233,0.29696874680186736,1322.7871442770115,up,0.42075149324040845,0.0031816999492061794,-0.1269644463877473,0.0,0.294921875
19.720000915000128,20.0,-10.134105983128233,30.134105983128233,0.3382137169174946,1311.2083882178208,up,0.42075149324040845,0.006337336148509243,-0.0888751124714231,0.0,0.294921875
19.740000802001305,20.0,-9.216790069678321,29.21679006967832,0.23505130710408623,1336.2083882178208,up,0.40794334686389616,0.009396911249988463,-0.18228895100979842,0.0,0.3828125
19.760001058000853,20.0,-9.216790069678321,29.21679006967832,0.29279756750850494,1325.7029039866475,up,0.40794334686389616,0.012456486351467682,-0.1276022657068589,0.0,0.3828125
19.780000778000613,20.0,-9.216790069678321,29.21679006967832,0.33413782232204187,1312.5092056419016,up,0.40794334686389616,0.015516061452946902,-0.08932158599480122,0.0,0.3828125
19.80000099800054,20.0,-8.03756544447565,28.03756544447565,0.19304516076580258,1337.5092056419016,up,0.39147826499959,0.018452148440443825,-0.21688525267423125,0.0,0.46484375
19.820001126001443,20.0,-8.03756544447565,28.03756544447565,0.26104682355556885,1335.8361201418397,up,0.39147826499959,0.02138823542794075,-0.15181967687196188,0.0,0.46484375
19.840001178999955,20.0,-6.650256877494833,26.650256877494833,0.10841478644124636,1360.8361201418397,up,0.37210778321163834,0.024179043802028035,-0.28787204057242,0.0,0.54296875
19.860000992001005,20.0,-6.650256877494833,26.650256877494833,0.19756720698705965,1356.0955722381725,up,0.37210778321163834,0.026969852176115323,-0.201510428400694,0.0,0.54296875
19.880000730001484,20.0,-5.056013567007877,25.056013567007877,0.029698397891379347,1381.0955722381725,up,0.349847947334925,0.029593711781127262,-0.3497432612246729,0.0,0.54296875
19.900001098001667,20.0,-5.056013567007877,25.056013567007877,0.13724523586379317,1375.3472651498532,up,0.349847947334925,0.0322175713861392,-0.24482028285727103,0.0,0.6015625
19.920000707001236,20.0,-5.056013567007877,25.056013567007877,0.21331518032598643,1351.069623300217,up,0.349847947334925,0.03484143099115113,-0.1713741980000897,0.0,0.6015625
19.940001038001355,20.0,-3.2955966617526684,23.29559666175267,0.01214885790667708,1376.069623300217,up,0.32526789037134707,0.03728094016893623,-0.3503999726336062,0.0,0.63671875
19.96000077700046,20.0,-3.2955966617526684,23.29559666175267,0.11970835887454409,1380.94414078472,up,0.32526789037134707,0.03972044934672134,-0.24527998084352434,0.0,0.63671875
19.98000073700132,20.0,-1.4368658622564396,21.43686586225644,-0.07372285411208684,1400.0,up,0.29931511248379844,0.04196531269034983,-0.4150032792862351,0.0,0.63671875
20.000001124000846,20.0,-1.4368658622564396,21.43686586225644,0.0530229930174122,1400.0,up,0.29931511248379844,0.04421017603397832,-0.29050229550036455,0.0,0.671875
20.020000918000733,20.0,-1.4368658622564396,21.43686586225644,0.1424185450111501,1375.0,up,0.29931511248379844,0.04645503937760681,-0.20335160685025516,0.0,0.671875
20.0400011010006,20.0,0.4883800180246691,19.51161998197533,-0.07342832089457696,1400.0,up,0.2724336088667089,0.04849829144410713,-0.394360221205393,0.0,0.6875
20.060000950001267,20.0,0.4883800180246691,19.51161998197533,0.04692299753354129,1400.0,up,0.2724336088667089,0.050541543510607446,-0.2760521548437751,0.0,0.6875
20.08000109600107,20.0,2.475966845749733,17.52403315425027,-0.1563526983511992,1500,dwell,0.2446816614162516,0.052376655971229334,-0.45341101573868015,0.0,0.6875
20.100001372000406,20.0,2.475966845749733,17.52403315425027,-0.018494281168973226,1500,dwell,0.2446816614162516,0.05421176843185122,-0.3173877110170761,0.0,0.703125
20.12000114700095,20.0,2.475966845749733,17.52403315425027,0.07855714459677146,1500,dwell,0.2446816614162516,0.05604688089247311,-0.22217139771195324,0.0,0.703125
20.14000096000018,20.0,4.489863228525859,15.51013677147414,-0.14490493655467496,1500,dwell,0.21656236327749367,0.057671098617054314,-0.41913839844922296,0.0,0.69921875
20.16000067999994,20.0,4.489863228525859,15.51013677147414,-0.017539199295326824,1500,dwell,0.21656236327749367,0.05929531634163551,-0.29339687891445604,0.0,0.69921875
20.180001048000122,20.0,6.479398133887564,13.520601866112436,-0.21631291936439925,1500,dwell,0.18878321553196123,0.06071119045812522,-0.4658073253544857,0.0,0.69921875
20.2000009530002,20.0,6.479398133887564,13.520601866112436,-0.07515484764156383,1500,dwell,0.18878321553196123,0.062127064574614935,-0.32606512774814,0.0,0.69140625
20.220001043000593,20.0,6.479398133887564,13.520601866112436,0.024080564799367876,1500,dwell,0.18878321553196123,0.06354293869110464,-0.228245589423698,0.0,0.69140625
20.240000633000818,20.0,8.441966728128008,11.558033271871992,-0.1905376592152062,1500,dwell,0.1613805885193753,0.06475329310499996,-0.41667154083958147,0.0,0.6796875
20.26000087200009,20.0,8.441966728128008,11.558033271871992,-0.06432584254943641,1500,dwell,0.1613805885193753,0.06596364751889527,-0.291670078587707,0.0,0.6796875
20.28000087000146,20.0,10.370809428374852,9.629190571625148,-0.2552330962350964,1500,dwell,0.13444886382148297,0.0669720139975564,-0.4566539740541357,0.0,0.6796875
20.300001275001705,20.0,10.370809428374852,9.629190571625148,-0.11722853754019452,1500,dwell,0.13444886382148297,0.06798038047621752,-0.319657781837895,0.0,0.66796875
20.320001013000365,20.0,10.370809428374852,9.629190571625148,-0.02032283651016492,1500,dwell,0.13444886382148297,0.06898874695487862,-0.2237604472865265,0.0,0.66796875
20.340000752001288,20.0,12.264405520666706,7.735594479333294,-0.22669537082577385,1500,dwell,0.10800927461076992,0.0697988165144594,-0.4045034619510032,0.0,0.654296875
20.360000786000455,20.0,12.264405520666706,7.735594479333294,-0.10453426268089208,1500,dwell,0.10800927461076992,0.07060888607404017,-0.2831524233657022,0.0,0.654296875
20.380000766001103,20.0,14.109672525475354,5.890327474524646,-0.28628137596277137,1500,dwell,0.08224448676091,0.07122571972474699,-0.4397515824484284,0.0,0.654296875
20.400000708001244,20.0,14.109672525475354,5.890327474524646,-0.15373906757753603,1525,down,0.08224448676091,0.07184255337545382,-0.30782610771389984,0.0,0.6328125
20.4200010200002,20.0,14.109672525475354,5.890327474524646,-0.06077440161265926,1550,down,0.08224448676091,0.07245938702616064,-0.21547827539972988,0.0,0.6328125
20.44000105500163,20.0,15.900849943215228,4.099150056784772,-0.2551757874461198,1575,down,0.05723493201936543,0.07288864901630589,-0.38529936848179114,0.0,0.615234375
20.460000812001454,20.0,15.900849943215228,4.099150056784772,-0.13915671491143722,1600,down,0.05723493201936543,0.07331791100645112,-0.26970955793725376,0.0,0.615234375
20.48000071700153,20.0,17.624780170972816,2.375219829027184,-0.3077276610483228,1625,down,0.033164325180144914,0.07356664344530221,-0.4144586296737699,0.0,0.615234375
20.50000071500108,20.0,17.624780170972816,2.375219829027184,-0.1831413397073407,1639.3004275661726,down,0.033164325180144914,0.0738153758841533,-0.2901210407716389,0.0,0.59375
20.520001046001198,20.0,17.624780170972816,2.375219829027184,-0.09585629503699791,1614.3004275661726,down,0.033164325180144914,0.07406410832300439,-0.20308472854014722,0.0,0.59375
20.540001025001402,20.0,19.30645684989038,0.693543150109619,-0.27846984731536417,1639.3004275661726,down,0.009683689179252886,0.07413673599184878,-0.36229027248646584,0.0,0.5703125
20.560000875000696,20.0,19.30645684989038,0.693543150109619,-0.16971013790057998,1635.0138737980574,down,0.009683689179252886,0.07420936366069318,-0.25360319074052606,0.0,0.5703125
20.580001150001408,20.0,20.90821317364113,-0.9082131736411299,-0.3257584383515162,1660.0138737980574,down,-0.01268104815201978,0.07411425579955302,-0.3871916459990494,0.0,0.5703125
20.600001333001273,20.0,20.90821317364113,-0.9082131736411299,-0.20969605241294148,1647.7753358764708,down,-0.01268104815201978,0.07401914793841288,-0.2710341521993346,0.0,0.544921875
20.620001164001224,20.0,20.90821317364113,-0.9082131736411299,-0.12848091461428124,1622.7753358764708,down,-0.01268104815201978,0.07392404007727273,-0.1897239065395342,0.0,0.544921875
20.640001014000518,20.0,22.422333684932582,-2.422333684932582,-0.29115643085305615,1647.7753358764708,down,-0.033822158707232396,0.07367037388696848,-0.3310046460327922,0.0,0.509765625
20.660001085001568,20.0,22.422333684932582,-2.422333684932582,-0.1921087032335227,1642.162352095805,down,-0.033822158707232396,0.07341670769666424,-0.23170325222295454,0.0,0.509765625
20.680001379001624,20.0,23.822499800030478,-3.822499800030478,-0.3258293417111648,1667.162352095805,down,-0.05337216573388535,0.0730164164536601,-0.34547359243093956,0.0,0.509765625
20.70000082200022,20.0,23.822499800030478,-3.822499800030478,-0.22258755522488707,1651.8896452845383,down,-0.05337216573388535,0.07261612521065595,-0.24183151470165767,0.0,0.45703125
20.720001041001524,20.0,23.822499800030478,-3.822499800030478,-0.15043839205739387,1628.863316614062,down,-0.05337216573388535,0.07221583396765183,-0.16928206029116036,0.0,0.45703125
20.740000632000374,20.0,25.0655134791104,-5.0655134791104,-0.2802500884834979,1653.863316614062,down,-0.0707279108117036,0.07168537463656405,-0.28120755230835837,0.0,0.408203125
20.760001000000557,20.0,25.0655134791104,-5.0655134791104,-0.19641828212207818,1643.5377496134292,down,-0.0707279108117036,0.07115491530547628,-0.19684528661585085,0.0,0.408203125
20.7800018120015,20.0,26.178114442019805,-6.178114442019805,-0.2991856322969083,1668.5377496134292,down,-0.08626275086260633,0.07050794467400673,-0.2834308261083087,0.0,0.408203125
20.80000142100107,20.0,26.178114442019805,-6.178114442019805,-0.21480335509588525,1649.4053260944315,down,-0.08626275086260633,0.06986097404253717,-0.1984015782758161,0.0,0.3515625
20.820001086000048,20.0,26.178114442019805,-6.178114442019805,-0.15592985224460998,1630.615910290833,down,-0.08626275086260633,0.06921400341106762,-0.13888110479307125,0.0,0.3515625
20.840000676000273,20.0,27.125866915595005,-7.1258669155950045,-0.25230536945490956,1655.615910290833,down,-0.09949587178885255,0.06846778437265123,-0.22127728203870822,0.0,0.296875
20.860000988001048,20.0,27.125866915595005,-7.1258669155950045,-0.18666840388171346,1640.4260863452278,down,-0.09949587178885255,0.06772156533423483,-0.15489409742709576,0.0,0.296875
20.88000102300066,20.0,27.903766905962797,-7.903766905962797,-0.2537162586786467,1661.8243378761638,down,-0.11035740465537272,0.06689388479931954,-0.21025273882259354,0.0,0.296875
20.900000891000673,20.0,27.903766905962797,-7.903766905962797,-0.19146811756678395,1641.9579098617396,down,-0.11035740465537272,0.06606620426440425,-0.14717691717581546,0.0,0.240234375
20.92000077800003,20.0,27.903766905962797,-7.903766905962797,-0.14814272294895459,1628.1306562603047,down,-0.11035740465537272,0.06523852372948895,-0.10302384202307081,0.0,0.240234375
20.940001183000277,20.0,28.530282386077573,-8.530282386077573,-0.20888735034914663,1647.517239473132,down,-0.11910521100954541,0.06434523464691735,-0.15412737398651857,0.0,0.18359375
20.960000903000036,20.0,28.530282386077573,-8.530282386077573,-0.16354242723576265,1633.0454555007752,down,-0.11910521100954541,0.06345194556434576,-0.107889161790563,0.0,0.18359375
20.98000066000168,20.0,28.99424552203007,-8.99424552203007,-0.1993283338282148,1644.4664895196431,down,-0.12558335847374474,0.06251007037579269,-0.13625504573026276,0.0,0.18359375
21.00000082400038,20.0,28.99424552203007,-8.99424552203007,-0.15939369529768907,1631.7213921162838,down,-0.12558335847374474,0.061568195187239605,-0.09537853201118393,0.0,0.138671875
21.020000858999992,20.0,28.99424552203007,-8.99424552203007,-0.131722010882887,1622.890003473262,down,-0.12558335847374474,0.06062631999868652,-0.06676497240782875,0.0,0.138671875
21.04000076400007,20.0,29.314231239348132,-9.314231239348132,-0.15902177908546605,1631.6026954528083,down,-0.1300512019349896,0.0596509359841741,-0.08862151313465055,0.0,0.080078125
21.06000070600021,20.0,29.314231239348132,-9.314231239348132,-0.1334107091595833,1623.4289497317818,down,-0.1300512019349896,0.05867555196966168,-0.062035059194255386,0.0,0.080078125
21.08000092600014,20.0,29.48599368426779,-9.48599368426779,-0.14067546995651406,1625.7474904116534,down,-0.1324494580910883,0.057682181033978513,-0.06590819289940428,0.0,0.080078125
21.10000147900064,20.0,29.48599368426779,-9.48599368426779,-0.12189638302237593,1619.7541647943754,down,-0.1324494580910883,0.05668881009829535,-0.04613573502958299,0.0,0.033203125
21.120000644001266,20.0,29.48599368426779,-9.48599368426779,-0.10904903344918421,1615.6539468454844,down,-0.1324494580910883,0.05569543916261219,-0.03229501452070809,0.0,0.033203125
21.1400013270013,20.0,29.523017870402008,-9.523017870402008,-0.10572118698494135,1614.5918681866833,down,-0.132966413251819,0.05469819106322354,-0.027452964796345902,0.0,-0.013671875
21.160001102000024,20.0,29.523017870402008,-9.523017870402008,-0.09848254564542622,1612.2816635038594,down,-0.132966413251819,0.053700942963834895,-0.01921707535744213,0.0,-0.013671875
21.18000128500171,20.0,29.42052605347027,-9.420526053470269,-0.07885673502658752,1606.018106923379,down,-0.13153535752237092,0.05271442778241711,-3.580528663371316e-05,0.0,-0.013671875
21.200001246001193,20.0,29.42052605347027,-9.420526053470269,-0.0798325086220152,1606.3295240283028,down,-0.13153535752237092,0.05172791260099933,-2.506370064359921e-05,0.0,-0.052734375
21.220001466001122,20.0,29.42052605347027,-9.420526053470269,-0.08081150469323987,1606.6419695829488,down,-0.13153535752237092,0.05074139741958155,-1.7544590450519444e-05,0.0,-0.052734375
21.240001426000163,20.0,29.222694087819704,-9.222694087819704,-0.05311364050227878,1600.0,down,-0.12877310218933516,0.04977559915316153,0.025883862533894856,0.0,-0.07421875
21.260001017000832,20.0,29.222694087819704,-9.222694087819704,-0.06184459752886724,1600.5887013390002,down,-0.12877310218933516,0.048809800886741514,0.0181187037737264,0.0,-0.07421875
21.28000092200091,20.0,28.959029330477115,-8.959029330477115,-0.030023305480651394,1600.0,down,-0.12509164767965505,0.047871613529144104,0.047196728669859564,0.0,-0.07421875
21.300000734001515,20.0,28.959029330477115,-8.959029330477115,-0.045120511439206666,1600.0,down,-0.12509164767965505,0.04693342617154669,0.033037710068901695,0.0,-0.09765625
21.320000732001063,20.0,28.959029330477115,-8.959029330477115,-0.05597001181747459,1600.0,down,-0.12509164767965505,0.04599523881394928,0.023126397048231186,0.0,-0.09765625
21.340001193000717,20.0,28.636132757368813,-8.636132757368813,-0.01703675538306143,1600.0,down,-0.12058316100433793,0.04509086510641674,0.058455540514859766,0.0,-0.1171875
21.360000820001005,20.0,28.636132757368813,-8.636132757368813,-0.03547779124505188,1600.0,down,-0.12058316100433793,0.044186491398884205,0.04091887836040183,0.0,-0.1171875
21.380000651000955,20.0,28.258226443961547,-8.258226443961547,0.006126134090045476,1600.0,down,-0.11530659345791361,0.04332169194794985,0.07811103560000923,0.0,-0.1171875
21.40000063000116,20.0,28.258226443961547,-8.258226443961547,-0.018171976040891644,1600.0,down,-0.11530659345791361,0.0424568924970155,0.05467772492000646,0.0,-0.142578125
21.42000107200147,20.0,28.258226443961547,-8.258226443961547,-0.03544009296782794,1600.0,down,-0.11530659345791361,0.04159209304608115,0.03827440744400452,0.0,-0.142578125
21.440001051001673,20.0,27.81993695023335,-7.819936950233348,0.015750319278877004,1600.0,down,-0.10918691766394871,0.04077319116360154,0.08416404577922416,0.0,-0.16015625
21.460001401001136,20.0,27.81993695023335,-7.819936950233348,-0.01031779633736988,1600.0,down,-0.10918691766394871,0.03995428928112193,0.05891483204545691,0.0,-0.16015625
21.480000695000854,20.0,27.328651184426747,-7.328651184426747,0.04240909919811002,1600.0,down,-0.10232727431874317,0.039186834723731356,0.10554953879312183,0.0,-0.16015625
21.50000100700163,20.0,27.328651184426747,-7.328651184426747,0.009976783002782888,1600.0,down,-0.10232727431874317,0.038419380166340784,0.07388467715518528,0.0,-0.1796875
21.520000746000733,20.0,27.328651184426747,-7.328651184426747,-0.012956074701163278,1600.0,down,-0.10232727431874317,0.037651925608950206,0.05171927400862969,0.0,-0.1796875
21.54000098400138,20.0,26.781630918047277,-6.781630918047277,0.0500606015719012,1600.0,down,-0.09468943053997658,0.03694175487990038,0.1078082772319774,0.0,-0.201171875
21.560000778001267,20.0,26.781630918047277,-6.781630918047277,0.01700794767325816,1600.0,down,-0.09468943053997658,0.03623158415085056,0.07546579406238418,0.0,-0.201171875
21.58000090600035,20.0,26.18036606575292,-6.180366065752921,0.08082162923073477,1600.0,down,-0.08629418946073347,0.03558437772989506,0.13153144096157318,0.0,-0.201171875
21.60000064400083,20.0,26.18036606575292,-6.180366065752921,0.040714990521307316,1600.0,down,-0.08629418946073347,0.034937171308939564,0.09207200867310122,0.0,-0.220703125
21.620001012001012,20.0,26.18036606575292,-6.180366065752921,0.012446181498421437,1600.0,down,-0.08629418946073347,0.03428996488798406,0.06445040607117085,0.0,-0.220703125
21.640000658000645,20.0,25.55007077707163,-5.550070777071632,0.08383590041696046,1600.0,down,-0.07749360702289616,0.03370876283531234,0.12762074460454428,0.0,-0.234375
21.66000074800104,20.0,25.55007077707163,-5.550070777071632,0.044968474982925444,1600.0,down,-0.07749360702289616,0.03312756078264062,0.08933452122318099,0.0,-0.234375
21.68000139400101,20.0,24.89130903118332,-4.891309031183319,0.11308566198309028,1600.0,down,-0.06829555786134636,0.032615344098680527,0.14876587574575612,0.0,-0.234375
21.70000091000111,20.0,24.89130903118332,-4.891309031183319,0.06794368257540334,1600.0,down,-0.06829555786134636,0.03210312741472043,0.10413611302202927,0.0,-0.251953125
21.720000982000784,20.0,24.89130903118332,-4.891309031183319,0.03619063198483445,1600.0,down,-0.06829555786134636,0.03159091073076033,0.07289527911542049,0.0,-0.251953125
21.74000066500048,20.0,24.169529107353547,-4.169529107353547,0.11844413619179632,1600.0,down,-0.05821760894484762,0.03115427866367397,0.14550746647296997,0.0,-0.26953125
21.760000755000874,20.0,24.169529107353547,-4.169529107353547,0.07435526418281897,1600.0,down,-0.05821760894484762,0.03071764659658761,0.10185522653107898,0.0,-0.26953125
21.780000846001712,20.0,23.398913435098905,-3.3989134350989048,0.15507594305189706,1500,dwell,-0.047457784346197185,0.030361713213991132,0.1721720141841031,0.0,-0.26953125
21.800001065001197,20.0,23.398913435098905,-3.3989134350989048,0.10306840541406964,1500,dwell,-0.047457784346197185,0.030005779831394654,0.12052040992887217,0.0,-0.279296875
21.820000748000894,20.0,23.398913435098905,-3.3989134350989048,0.0665563490528115,1500,dwell,-0.047457784346197185,0.029649846448798176,0.08436428695021052,0.0,-0.279296875
21.840001061000294,20.0,22.572899119244546,-2.5728991192445463,0.160635986288249,1500,dwell,-0.03592444876198364,0.029380413083083298,0.16718002196714934,0.0,-0.283203125
21.860001021001153,20.0,22.572899119244546,-2.5728991192445463,0.11021254633238932,1500,dwell,-0.03592444876198364,0.029110979717368424,0.11702601537700454,0.0,-0.283203125
21.880000760000257,20.0,21.747349412817847,-1.7473494128178473,0.19451281199962292,1500,dwell,-0.024397600349168824,0.02892799771474966,0.18998241463404208,0.0,-0.283203125
21.900001072001032,20.0,21.747349412817847,-1.7473494128178473,0.13733510560679152,1500,dwell,-0.024397600349168824,0.028745015712130895,0.13298769024382945,0.0,-0.283203125
21.920001015001617,20.0,21.747349412817847,-1.7473494128178473,0.09725581653102391,1500,dwell,-0.024397600349168824,0.02856203370951213,0.09309138317068061,0.0,-0.283203125
21.940000809001504,20.0,20.949119607057412,-0.9491196070574119,0.18486243788100667,1500,dwell,-0.013252209710709329,0.02846264213668181,0.1696520054550342,0.0,-0.279296875
21.960000936000142,20.0,20.949119607057412,-0.9491196070574119,0.13386744467166609,1500,dwell,-0.013252209710709329,0.028363250563851493,0.11875640381852393,0.0,-0.279296875
21.98000067400062,20.0,20.14024047609138,-0.14024047609137824,0.2154019514918246,1500,dwell,-0.001958126441887176,0.02834856461553734,0.18901151331817442,0.0,-0.279296875
22.00000078300036,20.0,20.14024047609138,-0.14024047609137824,0.15868381154805808,1500,dwell,-0.001958126441887176,0.028333878667223186,0.13230805932272208,0.0,-0.275390625
22.020001133001642,20.0,20.14024047609138,-0.14024047609137824,0.1189767078029273,1500,dwell,-0.001958126441887176,0.02831919271890903,0.09261564152590544,0.0,-0.275390625
22.04000114900009,20.0,19.33786202395071,0.6621379760492907,0.20749576471821973,1500,dwell,0.009245190227641188,0.02838853164561634,0.1698620428449622,0.0,-0.279296875
22.060000795001542,20.0,19.33786202395071,0.6621379760492907,0.15660649079143837,1500,dwell,0.009245190227641188,0.02845787057232365,0.11890342999147353,0.0,-0.279296875
22.080000866000773,20.0,18.545848458506402,1.454151541493598,0.23582066901826915,1500,dwell,0.020303785777611383,0.028610148965655734,0.18690673427500204,0.0,-0.279296875
22.100001623000935,20.0,18.545848458506402,1.454151541493598,0.17990092712910064,1475,up,0.020303785777611383,0.02876242735898782,0.13083471399250143,0.0,-0.2734375
22.12000141700082,20.0,18.545848458506402,1.454151541493598,0.14080279132468226,1450,up,0.020303785777611383,0.028914705752319903,0.091584299794751,0.0,-0.2734375
22.14000150800166,20.0,17.762378799219288,2.237621200780712,0.22705706322597136,1425,up,0.03124308589284204,0.029149028896516216,0.1666649484366131,0.0,-0.2734375
22.160001079000722,20.0,17.762378799219288,2.237621200780712,0.17729190183918372,1400,up,0.03124308589284204,0.029383352040712532,0.11666546390562915,0.0,-0.2734375
22.180000818001645,20.0,16.97849308348051,3.0215069165194883,0.2561641837335349,1375,up,0.04218819525203719,0.02969976350510281,0.18427622497639493,0.0,-0.2734375
22.200000741000622,20.0,16.97849308348051,3.0215069165194883,0.2011977277050067,1354.9368954132958,up,0.04218819525203719,0.030016174969493086,0.12899335748347643,0.0,-0.26953125
22.220000684001207,20.0,16.97849308348051,3.0215069165194883,0.16281613192435404,1367.186340875206,up,0.04218819525203719,0.030332586433883365,0.09029535023843349,0.0,-0.26953125
22.240000755000437,20.0,16.221827489410625,3.778172510589375,0.24573551556348366,1342.186340875206,up,0.05275324001449993,0.030728235733992113,0.16225403981499162,0.0,-0.263671875
22.26000073400064,20.0,16.221827489410625,3.778172510589375,0.19745495291909493,1356.1313980045443,up,0.05275324001449993,0.03112388503410086,0.11357782787049413,0.0,-0.263671875
22.280000991000634,20.0,15.468557186238066,4.5314428137619345,0.27297662580695625,1332.0287364445885,up,0.06327087757278559,0.031598416615896754,0.17810733161827388,0.0,-0.263671875
22.300001082001472,20.0,15.468557186238066,4.5314428137619345,0.22001895790326995,1348.9301198181054,up,0.06327087757278559,0.03207294819769265,0.12467513213279172,0.0,-0.2578125
22.32000098700155,20.0,15.468557186238066,4.5314428137619345,0.18309094984522833,1360.7156543047145,up,0.06327087757278559,0.03254747977948854,0.0872725924929542,0.0,-0.2578125
22.340001002999998,20.0,14.735872538937738,5.264127461062262,0.263598833871877,1335.7156543047145,up,0.07350108515214884,0.03309873791812966,0.1569990108015985,0.0,-0.24609375
22.360000908000075,20.0,14.735872538937738,5.264127461062262,0.21705038877003857,1349.8775354989239,up,0.07350108515214884,0.03364999605677078,0.10989930756111894,0.0,-0.24609375
22.380000832001315,20.0,14.044396977794122,5.955603022205878,0.28487302527573954,1328.2320132098703,up,0.08315590534337403,0.03427366534684608,0.1674434545855194,0.0,-0.24609375
22.400000978001117,20.0,14.044396977794122,5.955603022205878,0.235263658190159,1344.064789939311,up,0.08315590534337403,0.034897334636921386,0.11721041820986357,0.0,-0.220703125
22.420001790000242,20.0,14.044396977794122,5.955603022205878,0.2007242020172752,1355.0880206327845,up,0.08315590534337403,0.03552100392699669,0.08204729274690449,0.0,-0.220703125
22.440001325001504,20.0,13.442298467774332,6.557701532225668,0.2640181268877446,1334.8878318443367,up,0.09156278648033195,0.036207724825599176,0.13624761558181353,0.0,-0.181640625
22.460000951999973,20.0,13.442298467774332,6.557701532225668,0.22383056311180308,1347.713650070701,up,0.09156278648033195,0.03689444572420167,0.09537333090726946,0.0,-0.181640625
22.480000709001615,20.0,12.94547691423126,7.054523085768739,0.267928038574509,1333.6399876889864,up,0.09849972400369185,0.037633193654229354,0.13179512091658777,0.0,-0.181640625
22.5000006700011,20.0,12.94547691423126,7.054523085768739,0.22912825022956032,1346.0228988629062,up,0.09849972400369185,0.038371941584257045,0.09225658464161143,0.0,-0.130859375
22.520000760001494,20.0,12.94547691423126,7.054523085768739,0.2021900227671046,1354.6202054998603,up,0.09849972400369185,0.03911068951428474,0.064579609249128,0.0,-0.130859375
22.54000083200117,20.0,12.591024095371942,7.408975904628058,0.2349388666109688,1344.1684468262865,up,0.10344881898934799,0.03988655565670485,0.09160349196491595,0.0,-0.07421875
22.560001311001542,20.0,12.591024095371942,7.408975904628058,0.2082336851639141,1352.6913770753465,up,0.10344881898934799,0.04066242179912496,0.06412244437544116,0.0,-0.07421875
22.580001049000202,20.0,12.40114199486371,7.5988580051362895,0.2172994655098817,1349.7980429223783,up,0.10610007326492515,0.0414581723486119,0.06974121989634463,0.0,-0.07421875
22.60000106500047,20.0,12.40114199486371,7.5988580051362895,0.19717285009046523,1356.221430822192,up,0.10610007326492515,0.04225392289809884,0.04881885392744124,0.0,-0.025390625
22.620001156001308,20.0,12.40114199486371,7.5988580051362895,0.18332294446171982,1360.641613469664,up,0.10610007326492515,0.04304967344758578,0.034173197749208864,0.0,-0.025390625
22.640000783001597,20.0,12.354819086053478,7.645180913946522,0.1805820310161801,1361.5163730799425,up,0.10674686308719686,0.04385027492073976,0.02998489300824348,0.0,0.025390625
22.66000104000159,20.0,12.354819086053478,7.645180913946522,0.172387164586861,1364.1317559829167,up,0.10674686308719686,0.044650876393893736,0.020989425105770437,0.0,0.025390625
22.680001167000228,20.0,12.44602769195933,7.55397230804067,0.1536686962079567,1370.1057352527798,up,0.105473350703828,0.04544192652417244,0.0027534189799562625,0.0,0.025390625
22.700000886999987,20.0,12.44602769195933,7.55397230804067,0.15363372064424854,1370.116897666729,up,0.105473350703828,0.04623297665445115,0.0019273932859693837,0.0,0.060546875
22.720000811001228,20.0,12.44602769195933,7.55397230804067,0.1538465527887364,1370.0489725142331,up,0.105473350703828,0.047024026784729854,0.0013491753001785686,0.0,0.060546875
22.74000097499993,20.0,12.631423356197033,7.368576643802967,0.12735658823348292,1378.5032165212288,up,0.10288473889593215,0.04779566232644934,-0.023323812988898563,0.0,0.08984375
22.760000862001107,20.0,12.631423356197033,7.368576643802967,0.135125367671872,1376.023818828126,up,0.10288473889593215,0.04856729786816883,-0.016326669092228994,0.0,0.08984375
22.78000106300169,20.0,12.89316228422393,7.10683771577607,0.10285148428472046,1386.3239943772169,up,0.0992301740361643,0.04931152417344006,-0.04569021392488389,0.0,0.08984375
22.800000838000415,20.0,12.89316228422393,7.10683771577607,0.11730277476745687,1381.711880393365,up,0.0992301740361643,0.050055750478711296,-0.03198314974741872,0.0,0.111328125
22.820000818001063,20.0,12.89316228422393,7.10683771577607,0.12764194599695375,1378.4121448945893,up,0.0992301740361643,0.050799976783982535,-0.022388204823193102,0.0,0.111328125
22.840000778000103,20.0,13.214240609791926,6.785759390208074,0.08855685682055493,1390.8861095253549,up,0.09474707488580283,0.05151057984562605,-0.057700797910873944,0.0,0.12890625
22.860000739001407,20.0,13.214240609791926,6.785759390208074,0.10657769925546065,1385.1347768333635,up,0.09474707488580283,0.05222118290726957,-0.04039055853761176,0.0,0.12890625
22.880000700000892,20.0,13.581991380055094,6.4180086199449065,0.06609372643472916,1398.0551936910438,up,0.08961230547153282,0.05289327519830606,-0.07641185423510971,0.0,0.12890625
22.900000753001223,20.0,13.581991380055094,6.4180086199449065,0.08968937499629859,1390.5246675543729,up,0.08961230547153282,0.05356536748934256,-0.0534882979645768,0.0,0.14453125
22.920001010001215,20.0,13.581991380055094,6.4180086199449065,0.10640795667670812,1385.1889499967954,up,0.08961230547153282,0.054237459780379055,-0.03744180857520375,0.0,0.14453125
22.940001470000425,20.0,13.986721773340221,6.013278226659779,0.05964002132318011,1400.0,up,0.0839612031149592,0.05486716880374125,-0.07918835059552035,0.0,0.15234375
22.960001283001475,20.0,13.986721773340221,6.013278226659779,0.08402623552519839,1392.332052491958,up,0.0839612031149592,0.05549687782710345,-0.05543184541686424,0.0,0.15234375
22.980000707000727,20.0,14.192089831031307,5.807910168968693,0.07151389716428766,1396.3253519688444,up,0.0810937240868511,0.05610508075775483,-0.06568490768031829,0.0,0.15234375
23.000000777999958,20.0,14.192089831031307,5.807910168968693,0.09182757239903451,1389.8422641279676,up,0.0810937240868511,0.05671328368840622,-0.0459794353762228,0.0,0.162109375
23.02000062800107,20.0,14.192089831031307,5.807910168968693,0.10622960594255274,1385.2458704438661,up,0.0810937240868511,0.0573214866190576,-0.03218560476335596,0.0,0.162109375
23.04000097700009,20.0,14.320128342784106,5.6798716572158945,0.09793212526526404,1387.8940025749157,up,0.07930596920729927,0.05791628138811235,-0.03929012533014756,0.0,0.1640625
23.06000090100133,20.0,14.320128342784106,5.6798716572158945,0.11031395763336309,1383.942353946799,up,0.07930596920729927,0.058511076157167094,-0.027503087731103288,0.0,0.1640625
23.080001324000477,20.0,14.70785933758971,5.29214066241029,0.06295146111437683,1399.0580443251988,up,0.07389222323018663,0.05906526783139349,-0.07000602994720329,0.0,0.1640625
23.100000693000766,20.0,14.70785933758971,5.29214066241029,0.08450746177276422,1392.1784696469902,up,0.07389222323018663,0.05961945950561989,-0.0490042209630423,0.0,0.169921875
23.120000653001625,20.0,14.70785933758971,5.29214066241029,0.09976291973590332,1387.309706467265,up,0.07389222323018663,0.060173651179846285,-0.03430295467412961,0.0,0.169921875
23.14000111400128,20.0,15.152569971386217,4.847430028613783,0.04613961016314544,1400.0,up,0.06768289140748274,0.060681272865402404,-0.0822245541097397,0.0,0.173828125
23.16000072300085,20.0,15.152569971386217,4.847430028613783,0.07131459808162348,1396.3889580590562,up,0.06768289140748274,0.06118889455095852,-0.05755718787681778,0.0,0.173828125
23.18000088700137,20.0,15.615076329554569,4.384923670445431,0.022041194857655252,1400.0,up,0.06122508439832602,0.06164808268394597,-0.10083197222461673,0.0,0.173828125
23.20000099600111,20.0,15.615076329554569,4.384923670445431,0.05274997465802772,1400.0,up,0.06122508439832602,0.062107270816933416,-0.0705823805572317,0.0,0.17578125
23.220000993000212,20.0,15.615076329554569,4.384923670445431,0.07438387695818469,1395.4094009707921,up,0.06122508439832602,0.06256645894992087,-0.049407666390062194,0.0,0.17578125
23.240000639001664,20.0,16.08116589671995,3.9188341032800516,0.022097736506135376,1400.0,up,0.054717246353341145,0.06297683829757092,-0.09559634814477669,0.0,0.177734375
23.260001174001445,20.0,16.08116589671995,3.9188341032800516,0.05118702029721846,1400.0,up,0.054717246353341145,0.06338721764522098,-0.06691744370134367,0.0,0.177734375
23.280000634000316,20.0,16.570982134307133,3.4290178656928667,0.0006654188911121434,1400.0,up,0.04787812149283939,0.06374630355641728,-0.11095900615814452,0.0,0.177734375
23.300000817000182,20.0,16.570982134307133,3.4290178656928667,0.034312206649751806,1400.0,up,0.04787812149283939,0.06410538946761357,-0.07767130431070116,0.0,0.173828125
23.320000962999984,20.0,16.570982134307133,3.4290178656928667,0.05797268385415845,1400.0,up,0.04787812149283939,0.06446447537880987,-0.054369913017490806,0.0,0.173828125
23.34000085000116,20.0,17.051916801011966,2.9480831989880336,0.004923064915934597,1400.0,up,0.041163006756054665,0.06477319792948026,-0.10101313976960033,0.0,0.169921875
23.360000661999948,20.0,17.051916801011966,2.9480831989880336,0.035535729397485116,1400.0,up,0.041163006756054665,0.06508192048015067,-0.07070919783872022,0.0,0.169921875
23.380000882001696,20.0,17.537856887001574,2.462143112998426,-0.013388088310963053,1400.0,up,0.034378003181700256,0.06533975550401343,-0.11310584699667674,0.0,0.169921875
23.40000134300135,20.0,17.537856887001574,2.462143112998426,0.020801500811902712,1400.0,up,0.034378003181700256,0.06559759052787617,-0.07917409289767371,0.0,0.169921875
23.42000080300022,20.0,17.537856887001574,2.462143112998426,0.04481156370506757,1400.0,up,0.034378003181700256,0.06585542555173891,-0.0554218650283716,0.0,0.169921875
23.44000124500053,20.0,18.018286560783796,1.981713439216204,-0.007950513184139751,1400.0,up,0.027669939476274632,0.06606295009781098,-0.10168340275822536,0.0,0.1640625
23.460001002000354,20.0,18.018286560783796,1.981713439216204,0.022762032189399928,1400.0,up,0.027669939476274632,0.06627047464388304,-0.07117838193075775,0.0,0.1640625
23.4800014070006,20.0,18.484725903897548,1.515274096102452,-0.023295263173938457,1400.0,up,0.021157217637734996,0.06642915377616605,-0.1108816345878395,0.0,0.1640625
23.50000160900163,20.0,18.484725903897548,1.515274096102452,0.010127906334696415,1400.0,up,0.021157217637734996,0.06658783290844907,-0.07761714421148765,0.0,0.158203125
23.52000084700012,20.0,18.484725903897548,1.515274096102452,0.03357172873042572,1400.0,up,0.021157217637734996,0.06674651204073208,-0.05433200094804135,0.0,0.158203125
23.54000078900026,20.0,18.931637217707987,1.068362782292013,-0.014757405586589167,1400.0,up,0.01491715852541038,0.06685839072967266,-0.09653295484167221,0.0,0.150390625
23.560000972000125,20.0,18.931637217707987,1.068362782292013,0.014314359554853079,1400.0,up,0.01491715852541038,0.06697026941861324,-0.06757306838917054,0.0,0.150390625
23.58000117300071,20.0,19.357892456246773,0.6421075437532267,-0.027094804724571236,1400.0,up,0.00896551263230987,0.06703751076335555,-0.10309782812023666,0.0,0.150390625
23.60000120800032,20.0,19.357892456246773,0.6421075437532267,0.003901785056242099,1400.0,up,0.00896551263230987,0.06710475210809788,-0.07216847968416565,0.0,0.14453125
23.62000133500078,20.0,19.357892456246773,0.6421075437532267,0.02561957030623411,1400.0,up,0.00896551263230987,0.0671719934528402,-0.05051793577891595,0.0,0.14453125
23.640000611001597,20.0,19.766424725622972,0.23357527437702785,-0.018381524585006456,1400.0,up,0.0032613260713026285,0.06719645339837496,-0.08883930405468404,0.0,0.138671875
23.660000794001462,20.0,19.766424725622972,0.23357527437702785,0.008294726576933524,1400.0,up,0.0032613260713026285,0.06722091334390973,-0.06218751283827883,0.0,0.138671875
23.680001440001433,20.0,19.84528257857207,0.15471742142792877,0.015543650246274965,1400.0,up,0.0021602627312903968,0.06723711531439441,-0.05385372779940985,0.0,0.138671875
23.700001308001447,20.0,19.84528257857207,0.15471742142792877,0.031715970556582596,1400.0,up,0.0021602627312903968,0.06725331728487909,-0.03769760945958689,0.0,0.12890625
23.720001602001503,20.0,19.84528257857207,0.15471742142792877,0.04304145536494333,1400.0,up,0.0021602627312903968,0.06726951925536376,-0.026388326621710822,0.0,0.12890625
23.740001099000438,20.0,19.91551987159877,0.08448012840122843,0.0407920623154821,1400.0,up,0.0011795651144872023,0.06727836599372242,-0.027665868792727522,0.0,0.12109375
23.760000670999943,20.0,19.91551987159877,0.08448012840122843,0.049100669691659014,1400.0,up,0.0011795651144872023,0.06728721273208108,-0.019366108154909266,0.0,0.12109375
23.780000706001374,20.0,20.176113128382426,-0.17611312838242554,0.01714191379768483,1400.0,up,-0.0024590031570086435,0.06726877020840351,-0.047667853253710035,0.0,0.12109375
23.800000685001578,20.0,20.176113128382426,-0.17611312838242554,0.03142382725012027,1400.0,up,-0.0024590031570086435,0.06725032768472594,-0.033367497277597025,0.0,0.111328125
23.82000073800009,20.0,20.176113128382426,-0.17611312838242554,0.04141563390972183,1400.0,up,-0.0024590031570086435,0.06723188516104839,-0.023357248094317915,0.0,0.111328125
23.840000865000547,20.0,20.44521450693331,-0.4452145069333113,0.00939353344171577,1400.0,up,-0.006216367218903552,0.06718526240690662,-0.051575361746287296,0.0,0.099609375
23.860000548000244,20.0,20.44521450693331,-0.4452145069333113,0.024819519211460188,1400.0,up,-0.006216367218903552,0.06713863965276484,-0.036102753222401106,0.0,0.099609375
23.88000104599996,20.0,20.700892231002683,-0.7008922310026833,-0.0014611223894489545,1400.0,up,-0.00978630170611643,0.06706524238996897,-0.0587400630733015,0.0,0.099609375
23.900000599000123,20.0,20.700892231002683,-0.7008922310026833,0.016087499269745627,1400.0,up,-0.00978630170611643,0.0669918451271731,-0.041118044151311046,0.0,0.09375
23.920001023001532,20.0,20.700892231002683,-0.7008922310026833,0.028349515252343072,1400.0,up,-0.00978630170611643,0.06691844786437723,-0.02878263090591773,0.0,0.09375
23.940000780001355,20.0,20.947676984178926,-0.9476769841789263,0.0011352501832329193,1400.0,up,-0.013232066895433992,0.06681920736266146,-0.05245189028399455,0.0,0.080078125
23.960000629000206,20.0,20.947676984178926,-0.9476769841789263,0.016771576766715535,1400.0,up,-0.013232066895433992,0.06671996686094571,-0.03671632319879618,0.0,0.080078125
23.980000867000854,20.0,21.166438289421855,-1.1664382894218548,-0.004025947341006482,1400.0,up,-0.016286550937393552,0.06659781772891527,-0.0543372141325282,0.0,0.080078125
24.00000081000144,20.0,21.166438289421855,-1.1664382894218548,0.012153067766721523,1400.0,up,-0.016286550937393552,0.06647566859688481,-0.038036049892769735,0.0,0.068359375
24.02000119600052,20.0,21.166438289421855,-1.1664382894218548,0.023441733602522,1400.0,up,-0.016286550937393552,0.06635351946485436,-0.026625234924938814,0.0,0.068359375
24.04000091600028,20.0,21.35851228852303,-1.3585122885230305,0.0034627543639810937,1400.0,up,-0.018968409890824045,0.06621125639067318,-0.043780092135868046,0.0,0.052734375
24.06000063600004,20.0,21.35851228852303,-1.3585122885230305,0.01645451893056033,1400.0,up,-0.018968409890824045,0.066068993316492,-0.03064606449510763,0.0,0.052734375
24.0800007630005,20.0,21.512698270280254,-1.5126982702802536,0.0031541886373663286,1400.0,up,-0.021121252324490802,0.06591058392405832,-0.041635142962201194,0.0,0.052734375
24.100000631000512,20.0,21.512698270280254,-1.5126982702802536,0.015486322133593008,1400.0,up,-0.021121252324490802,0.06575217453162464,-0.029144600073540833,0.0,0.046875
24.120001036000758,20.0,21.512698270280254,-1.5126982702802536,0.024071292763221577,1400.0,up,-0.021121252324490802,0.06559376513919096,-0.020401220051478583,0.0,0.046875
24.14000096000018,20.0,21.63281890647925,-1.632818906479251,0.012619715392142492,1400.0,up,-0.02279845280550106,0.0654227767431497,-0.030004608545506146,0.0,0.03125
24.16000073500072,20.0,21.63281890647925,-1.632818906479251,0.021450109559753086,1400.0,up,-0.02279845280550106,0.06525178834710844,-0.0210032259818543,0.0,0.03125
24.180000973999995,20.0,21.72139316047233,-1.7213931604723314,0.014739740857261,1400.0,up,-0.024035182697242655,0.06507152447687911,-0.026296600922375457,0.0,0.03125
24.200000971000918,20.0,21.72139316047233,-1.7213931604723314,0.02244845726374432,1400.0,up,-0.024035182697242655,0.06489126060664979,-0.018407620645662818,0.0,0.01953125
24.22000102400125,20.0,21.72139316047233,-1.7213931604723314,0.027790479587213847,1400.0,up,-0.024035182697242655,0.06471099673642047,-0.012885334451963971,0.0,0.01953125
24.240000800000416,20.0,21.766691463157912,-1.7666914631579118,0.024909054847753832,1400.0,up,-0.024667666319185336,0.06452598923902658,-0.014949268072087414,0.0,0.0078125
24.260000649001086,20.0,21.766691463157912,-1.7666914631579118,0.029208827771986166,1400.0,up,-0.024667666319185336,0.06434098174163269,-0.01046448765046119,0.0,0.0078125
24.280001054001332,20.0,21.780438133078142,-1.7804381330781425,0.0301703524160917,1400.0,up,-0.024859606040219664,0.06415453469633103,-0.009124576240019664,0.0,0.0078125
24.300001015000817,20.0,21.780438133078142,-1.7804381330781425,0.032721278242795956,1400.0,up,-0.024859606040219664,0.06396808765102939,-0.006387203368013765,0.0,-0.00390625
24.32000099400102,20.0,21.780438133078142,-1.7804381330781425,0.03445099220789844,1400.0,up,-0.024859606040219664,0.06378164060572775,-0.004471042357609635,0.0,-0.00390625
24.340000770000188,20.0,21.771756241794698,-1.771756241794698,0.03686444601743825,1400.0,up,-0.024738383969662617,0.06359610272595528,-0.0019932727388544224,0.0,-0.013671875
24.36000065600092,20.0,21.771756241794698,-1.771756241794698,0.037276889959322095,1400.0,up,-0.024738383969662617,0.06341056484618281,-0.0013952909171980957,0.0,-0.013671875
24.38000070900125,20.0,21.74540679870404,-1.745406798704039,0.04132974032732782,1400.0,up,-0.024370476339263505,0.06322778627363833,0.002472430392953002,0.0,-0.013671875
24.400000651001392,20.0,21.74540679870404,-1.745406798704039,0.040405232636897444,1400.0,up,-0.024370476339263505,0.06304500770109385,0.0017307012750671013,0.0,-0.015625
24.420000723001067,20.0,21.74540679870404,-1.745406798704039,0.03970324368183283,1400.0,up,-0.024370476339263505,0.06286222912854937,0.0012114908925469708,0.0,-0.015625
24.440001239001504,20.0,21.713028644766766,-1.7130286447667658,0.0438507832268363,1400.0,up,-0.023918392025725144,0.06268284118835644,0.005086334064204995,0.0,-0.01953125
24.460000830000354,20.0,21.713028644766766,-1.7130286447667658,0.04214549506738186,1400.0,up,-0.023918392025725144,0.0625034532481635,0.0035604338449434962,0.0,-0.01953125
24.48000062400024,20.0,21.673969069275714,-1.6739690692757137,0.046560328315912766,1400.0,up,-0.02337301746832501,0.06232815561715106,0.007605190167086719,0.0,-0.01953125
24.500001010001142,20.0,21.673969069275714,-1.6739690692757137,0.04410347363477431,1400.0,up,-0.02337301746832501,0.06215285798613862,0.005323633116960703,0.0,-0.015625
24.520000971000627,20.0,21.673969069275714,-1.6739690692757137,0.042331086068673654,1400.0,up,-0.02337301746832501,0.06197756035512618,0.0037265431818724916,0.0,-0.015625
24.540001394001592,20.0,21.643597430250146,-1.6435974302501464,0.04544071232555457,1400.0,up,-0.022948949388146334,0.06180544323471508,0.006584218478985817,0.0,-0.017578125
24.56000100300116,20.0,21.643597430250146,-1.6435974302501464,0.04329332966144773,1400.0,up,-0.022948949388146334,0.061633326114303985,0.0046089529352900714,0.0,-0.017578125
24.580000704001577,20.0,21.615763228697013,-1.6157632286970127,0.045773568683877046,1400.0,up,-0.022560310618733627,0.06146412378466348,0.006869755517947188,0.0,-0.017578125
24.60000096100157,20.0,21.615763228697013,-1.6157632286970127,0.04354343969885239,1400.0,up,-0.022560310618733627,0.06129492145502299,0.004808828862563031,0.0,-0.013671875
24.62000088500099,20.0,21.615763228697013,-1.6157632286970127,0.04193158871044298,1400.0,up,-0.022560310618733627,0.061125719125382484,0.003366180203794121,0.0,-0.013671875
24.640000901001258,20.0,21.59396176567219,-1.5939617656721907,0.04391302604927345,1400.0,up,-0.022255904769505674,0.060958799839611194,0.005210130979167926,0.0,-0.015625
24.660001028001716,20.0,21.59396176567219,-1.5939617656721907,0.04218306746975177,1400.0,up,-0.022255904769505674,0.0607918805538399,0.0036470916854175477,0.0,-0.015625
24.680000748001476,20.0,21.57384925191817,-1.573849251918169,0.043837672418511386,1400.0,up,-0.021975081100817386,0.060627067445583764,0.005185686073745005,0.0,-0.015625
24.70000111600166,20.0,21.57384925191817,-1.573849251918169,0.04211715348813175,1400.0,up,-0.021975081100817386,0.06046225433732763,0.0036299802516215032,0.0,-0.01171875
24.720000743000128,20.0,21.57384925191817,-1.573849251918169,0.040863346304389155,1400.0,up,-0.021975081100817386,0.06029744122907149,0.002540986176135052,0.0,-0.01171875
24.740001297001072,20.0,21.562104537248203,-1.562104537248203,0.041638833954731586,1400.0,up,-0.021811093948258843,0.06013385802445956,0.003316069878530871,0.0,-0.0078125
24.76000122000005,20.0,21.562104537248203,-1.562104537248203,0.040480429786560385,1400.0,up,-0.021811093948258843,0.05997027481984762,0.0023212489149716095,0.0,-0.0078125
24.780000736000147,20.0,21.563792698608815,-1.5637926986088146,0.039375744139017364,1400.0,up,-0.021834665127496947,0.05980651483139139,0.001403894435122919,0.0,-0.0078125
24.800000919000013,20.0,21.563792698608815,-1.5637926986088146,0.038790815820024256,1400.0,up,-0.021834665127496947,0.05964275484293516,0.0009827261045860431,0.0,-0.0078125
24.820001250000132,20.0,21.563792698608815,-1.5637926986088146,0.03833223800019222,1400.0,up,-0.021834665127496947,0.05947899485447893,0.0006879082732102301,0.0,-0.0078125
24.840001507000125,20.0,21.563792698608815,-1.5637926986088146,0.03796210552977292,1400.0,up,-0.021834665127496947,0.059315234866022706,0.00048153579124716106,0.0,-0.005859375
24.860000949000096,20.0,21.563792698608815,-1.5637926986088146,0.03765388480394254,1400.0,up,-0.021834665127496947,0.05915147487756648,0.0003370750538730127,0.0,-0.005859375
24.880000984001526,20.0,21.563792698608815,-1.5637926986088146,0.03738900229932442,1400.0,up,-0.021834665127496947,0.058987714889110254,0.00023595253771110887,0.0,-0.005859375
24.900000982001075,20.0,21.563792698608815,-1.5637926986088146,0.03715445654955485,1400.0,up,-0.021834665127496947,0.05882395490065402,0.00016516677639777619,0.0,0.0
24.920001016000242,20.0,21.563792698608815,-1.5637926986088146,0.03694114652817929,1400.0,up,-0.021834665127496947,0.058660194912197795,0.00011561674347844332,0.0,0.0
24.940001181001207,20.0,21.576062446091157,-1.5760624460911572,0.03496399244850014,1400.0,up,-0.022005983121061057,0.05849515003878984,-0.0015251744692286484,0.0,-0.001953125
24.960001086001284,20.0,21.576062446091157,-1.5760624460911572,0.03525649991586078,1400.0,up,-0.022005983121061057,0.05833010516538189,-0.0010676221284600539,0.0,-0.001953125
24.980000657000346,20.0,21.59384239053638,-1.5938423905363805,0.032834235627018385,1400.0,up,-0.022254237978173743,0.05816319838054558,-0.0030747247753534516,0.0,-0.001953125
25.00000102500053,20.0,21.59384239053638,-1.5938423905363805,0.03358974627478812,1400.0,up,-0.022254237978173743,0.05799629159570927,-0.002152307342747416,0.0,-0.001953125
25.02000096700067,20.0,21.59384239053638,-1.5938423905363805,0.03406853169277602,1400.0,up,-0.022254237978173743,0.057829384810872964,-0.001506615139923191,0.0,-0.001953125
25.040001039000344,20.0,21.610133273143113,-1.6101332731431128,0.03199196829446981,1400.0,up,-0.022481701609808405,0.0576607720487994,-0.0031871021445211826,0.0,0.0
25.060000870000295,20.0,21.610133273143113,-1.6101332731431128,0.0327794861757526,1400.0,up,-0.022481701609808405,0.05749215928672583,-0.0022309715011648275,0.0,0.0
25.080001460000858,20.0,21.62738749813017,-1.6273874981301688,0.030778870807809815,1400.0,up,-0.02272261603853161,0.05732173966643685,-0.003820252820095422,0.0,0.0
25.100000939000893,20.0,21.62738749813017,-1.6273874981301688,0.03175452703354945,1400.0,up,-0.02272261603853161,0.057151320046147855,-0.002674176974066795,0.0,0.0
25.120000677999997,20.0,21.62738749813017,-1.6273874981301688,0.032386360505480494,1400.0,up,-0.02272261603853161,0.05698090042585886,-0.0018719238818467564,0.0,0.0
25.140001323999968,20.0,21.646854462645692,-1.6468544626456918,0.02995544967682065,1400.0,up,-0.022994426139463453,0.05680844222981289,-0.0038585664135287884,0.0,0.0
25.160000858000785,20.0,21.646854462645692,-1.6468544626456918,0.030940561404833315,1400.0,up,-0.022994426139463453,0.05663598403376692,-0.0027009964894701517,0.0,0.0
25.180001189000905,20.0,21.65594901983956,-1.6559490198395608,0.03025999104936164,1400.0,up,-0.023121410113098585,0.05646257345791868,-0.0030811722954584573,0.0,0.0
25.200001205001172,20.0,21.65594901983956,-1.6559490198395608,0.031010932162150933,1400.0,up,-0.023121410113098585,0.05628916288207044,-0.0021568206068209197,0.0,-0.00390625
25.22000131400091,20.0,21.65594901983956,-1.6559490198395608,0.03148456776834898,1400.0,up,-0.023121410113098585,0.056115752306222205,-0.0015097744247746438,0.0,-0.00390625
25.24000083000101,20.0,21.66049665241235,-1.6604966524123483,0.0311048326519652,1400.0,up,-0.023184907042351457,0.05594186550340457,-0.001652125809087915,0.0,0.001953125
25.260001050000938,20.0,21.66049665241235,-1.6604966524123483,0.03142658359187393,1400.0,up,-0.023184907042351457,0.05576797870058693,-0.0011564880663615404,0.0,0.001953125
25.280001011000422,20.0,21.670868240991695,-1.6708682409916946,0.03009610463296222,1400.0,up,-0.023329721737848932,0.05559300578755306,-0.0021671794167419057,0.0,0.001953125
25.300001082001472,20.0,21.670868240991695,-1.6708682409916946,0.030571285544950925,1400.0,up,-0.023329721737848932,0.05541803287451919,-0.0015170255917193339,0.0,-0.001953125
25.32000085800064,20.0,21.670868240991695,-1.6708682409916946,0.03085142030943286,1400.0,up,-0.023329721737848932,0.055243059961485326,-0.0010619179142035337,0.0,-0.001953125
25.3400005780004,20.0,21.679964213894287,-1.6799642138942872,0.029676406433278887,1400.0,up,-0.02345672547850688,0.05506713452039652,-0.0019340026086107492,0.0,0.0
25.360000835000392,20.0,21.679964213894287,-1.6799642138942872,0.030080681774773313,1400.0,up,-0.02345672547850688,0.05489120907930772,-0.0013538018260275243,0.0,0.0
25.380000925000786,20.0,21.691708981419318,-1.6917089814193176,0.028608292607810958,1400.0,up,-0.023620713369061352,0.054714053729039765,-0.002485047752167455,0.0,0.0
25.400001311001688,20.0,21.691708981419318,-1.6917089814193176,0.029176651583193228,1400.0,up,-0.023620713369061352,0.0545368983787718,-0.0017395334265172182,0.0,0.0
25.420001383001363,20.0,21.691708981419318,-1.6917089814193176,0.029521356260880434,1400.0,up,-0.023620713369061352,0.05435974302850384,-0.0012176733985620526,0.0,0.0
25.44000138100091,20.0,21.708002583314787,-1.7080025833147872,0.027347467567474235,1400.0,up,-0.023848214969129436,0.054180881416235366,-0.0029851988796316935,0.0,0.0
25.46000111900139,20.0,21.708002583314787,-1.7080025833147872,0.02806416561909527,1400.0,up,-0.023848214969129436,0.05400201980396689,-0.0020896392157421853,0.0,0.0
25.480000969000685,20.0,21.717208642518116,-1.7172086425181163,0.027177620548161426,1400.0,up,-0.02397675580451475,0.05382219413543304,-0.002667817782756864,0.0,0.0
25.500001096001142,20.0,21.717208642518116,-1.7172086425181163,0.02779814021445462,1400.0,up,-0.02397675580451475,0.053642368466899175,-0.0018674724479298046,0.0,0.0
25.520001075001346,20.0,21.717208642518116,-1.7172086425181163,0.0281785562802997,1400.0,up,-0.02397675580451475,0.05346254279836531,-0.001307230713550863,0.0,0.0
25.54000085000007,20.0,21.732976544438586,-1.7329765444385856,0.026105073636460176,1400.0,up,-0.024196917248229744,0.0532810659190036,-0.002979075034313678,0.0,0.001953125
25.56000079200021,20.0,21.732976544438586,-1.7329765444385856,0.02681731926739256,1400.0,up,-0.024196917248229744,0.053099589039641876,-0.0020853525240195746,0.0,0.001953125
25.580001086000266,20.0,21.737525740571165,-1.737525740571165,0.026601964612622035,1400.0,up,-0.024260436008895738,0.05291763576957516,-0.002055235148057383,0.0,0.001953125
25.600000806000025,20.0,21.737525740571165,-1.737525740571165,0.027036581886972527,1400.0,up,-0.024260436008895738,0.052735682499508434,-0.001438664603640168,0.0,0.0
25.620001137000145,20.0,21.737525740571165,-1.737525740571165,0.02728622799799786,1400.0,up,-0.024260436008895738,0.052553729229441716,-0.0010070652225481177,0.0,0.0
25.64000093100003,20.0,21.754777984166353,-1.7547779841663527,0.024905387475006206,1400.0,up,-0.024501322772169456,0.05236996930865045,-0.002963259061474786,0.0,0.0
25.660001021000426,20.0,21.754777984166353,-1.7547779841663527,0.025610605272657374,1400.0,up,-0.024501322772169456,0.05218620938785918,-0.0020742813430323502,0.0,0.0
25.680000852000376,20.0,21.76028543328311,-1.7602854332831086,0.025250731116123637,1400.0,up,-0.024578221268548184,0.05200187272834506,-0.0021729203436732392,0.0,-0.00390625
25.700000886999987,20.0,21.76028543328311,-1.7602854332831086,0.0257182705597115,1400.0,up,-0.024578221268548184,0.05181753606883095,-0.0015210442405712674,0.0,-0.00390625
25.72000103300161,20.0,21.76028543328311,-1.7602854332831086,0.025990247172368763,1400.0,up,-0.024578221268548184,0.051633199409316835,-0.001064730968399887,0.0,-0.00390625
25.74000079000143,20.0,21.76483445479972,-1.7648344547997183,0.025465871584321554,1400.0,up,-0.0246417375911153,0.05144838637738347,-0.001340777201946617,0.0,0.001953125
25.76000069500151,20.0,21.76483445479972,-1.7648344547997183,0.025683291712972168,1400.0,up,-0.0246417375911153,0.0512635733454501,-0.0009385440413626319,0.0,0.001953125
25.78000124800019,20.0,21.77034179124628,-1.770341791246281,0.0249816595882601,1400.0,up,-0.024718634514321415,0.05107818358659269,-0.0013778894840111764,0.0,0.00390625
25.800000838000415,20.0,21.77034179124628,-1.770341791246281,0.02520963667460604,1400.0,up,-0.024718634514321415,0.05089279382773528,-0.0009645226388078234,0.0,0.00390625
25.82000081700062,20.0,21.77034179124628,-1.770341791246281,0.025313603707390983,1400.0,up,-0.024718634514321415,0.05070740406887787,-0.0006751658471654764,0.0,0.00390625
25.84000064800057,20.0,21.782087098737804,-1.7820870987378044,0.023628081151653102,1400.0,up,-0.024882629944230406,0.05052078434429614,-0.002010073248412632,0.0,0.0
25.860001220000413,20.0,21.782087098737804,-1.7820870987378044,0.024044483401595165,1400.0,up,-0.024882629944230406,0.05033416461971441,-0.0014070512738888423,0.0,0.0
25.880001199000617,20.0,21.78611305079304,-1.7861130507930412,0.023696348675669186,1400.0,up,-0.024938842839343424,0.05014712329841933,-0.0015119317834067236,0.0,0.0
25.900000623001688,20.0,21.78611305079304,-1.7861130507930412,0.023962886889396122,1400.0,up,-0.024938842839343424,0.04996008197712425,-0.0010583522483847065,0.0,0.0
25.920001194001088,20.0,21.78611305079304,-1.7861130507930412,0.02409335124261646,1400.0,up,-0.024938842839343424,0.04977304065582918,-0.0007408465738692945,0.0,0.0
25.940001025001038,20.0,21.790662220125675,-1.7906622201256752,0.02346908424597599,1400.0,up,-0.025002361225811634,0.04958552294663559,-0.001114077474847963,0.0,0.0
25.960000819000925,20.0,21.790662220125675,-1.7906622201256752,0.02361578977923679,1400.0,up,-0.025002361225811634,0.049398005237442,-0.0007798542323935741,0.0,0.0
25.980000928000663,20.0,21.79383242669376,-1.7938324266937613,0.023202652853079795,1400.0,up,-0.025046625659876788,0.04921015554499292,-0.0009608770320363343,0.0,-0.00390625
26.000000888001523,20.0,21.79383242669376,-1.7938324266937613,0.02330306627024162,1400.0,up,-0.025046625659876788,0.04902230585254384,-0.000672613922425434,0.0,-0.00390625
26.020000923001135,20.0,21.79383242669376,-1.7938324266937613,0.02331700075452017,1400.0,up,-0.025046625659876788,0.04883445616009476,-0.0004708297456978037,0.0,-0.00390625
26.040001069000937,20.0,21.801551592343998,-1.8015515923439978,0.022151375330985257,1400.0,up,-0.02515440554475954,0.04864579811850907,-0.0013400172427642692,0.0,0.0
26.06000095500167,20.0,21.801551592343998,-1.8015515923439978,0.022364722462228846,1400.0,up,-0.02515440554475954,0.04845714007692337,-0.0009380120699349884,0.0,0.0
26.08000087900109,20.0,21.801551592343998,-1.8015515923439978,0.022457468041623647,1400.0,up,-0.02515440554475954,0.04826848203533768,-0.0006566084489544918,0.0,-0.001953125
26.10000093200142,20.0,21.801551592343998,-1.8015515923439978,0.022465792534724298,1400.0,up,-0.02515440554475954,0.048079823993751984,-0.00045962591426814423,0.0,-0.001953125
26.120000800001435,20.0,21.801551592343998,-1.8015515923439978,0.02241502226741904,1400.0,up,-0.02515440554475954,0.04789116595216628,-0.0003217381399877009,0.0,-0.001953125
26.14000139000018,20.0,21.810127414645542,-1.8101274146455424,0.021079674027426356,1400.0,up,-0.025274146612941896,0.04770160985256922,-0.0013477892122009706,0.0,0.001953125
26.160000684001716,20.0,21.810127414645542,-1.8101274146455424,0.02129445469148959,1400.0,up,-0.025274146612941896,0.04751205375297216,-0.0009434524485406793,0.0,0.001953125
26.18000094100171,20.0,21.81615760783439,-1.8161576078343913,0.020513755022983693,1400.0,up,-0.02535834399348329,0.04732186617302104,-0.0014497671565540569,0.0,0.0
26.20000069800153,20.0,21.81615760783439,-1.8161576078343913,0.020758497589998787,1400.0,up,-0.02535834399348329,0.047131678593069916,-0.0010148370095878398,0.0,0.0
26.220000992001587,20.0,21.81615760783439,-1.8161576078343913,0.020872761112924007,1400.0,up,-0.02535834399348329,0.046941491013118786,-0.0007103859067114878,0.0,0.0
26.2400008780005,20.0,21.820184235805385,-1.8201842358053852,0.020311960935963314,1400.0,up,-0.02541456632616068,0.04675088176567258,-0.001024354503548586,0.0,0.001953125
26.260000801999922,20.0,21.820184235805385,-1.8201842358053852,0.020428658039581687,1400.0,up,-0.02541456632616068,0.04656027251822638,-0.0007170481524840101,0.0,0.001953125
26.280000966000443,20.0,21.833409848987536,-1.833409848987536,0.018535885141230495,1400.0,up,-0.025599230722659617,0.04636827828780643,-0.00223316242391632,0.0,0.0
26.300000705001366,20.0,21.833409848987536,-1.833409848987536,0.01901383963798545,1400.0,up,-0.025599230722659617,0.04617628405738649,-0.0015632136967414238,0.0,0.0
26.320000776000597,20.0,21.833409848987536,-1.833409848987536,0.019290809516587928,1400.0,up,-0.025599230722659617,0.04598428982696654,-0.0010942495877189966,0.0,0.0
26.340000829000928,20.0,21.835098636021122,-1.8350986360211223,0.019182271692079936,1400.0,up,-0.0256228106379405,0.04579211874718198,-0.0009870364171615496,0.0,-0.001953125
26.360000994000075,20.0,21.835098636021122,-1.8350986360211223,0.019286211537443847,1400.0,up,-0.0256228106379405,0.04559994766739743,-0.0006909254920130847,0.0,-0.001953125
26.38000069500049,20.0,21.83964865806344,-1.8396486580634388,0.018641714842952108,1400.0,up,-0.025686340930481902,0.04540730011041882,-0.0010792443369848099,0.0,-0.001953125
26.4000007300001,20.0,21.83964865806344,-1.8396486580634388,0.018772840587068927,1400.0,up,-0.025686340930481902,0.0452146525534402,-0.0007554710358893669,0.0,-0.001953125
26.420000764001088,20.0,21.83964865806344,-1.8396486580634388,0.018806834340857125,1400.0,up,-0.025686340930481902,0.045022004996461584,-0.0005288297251225568,0.0,-0.001953125
26.440001540000594,20.0,21.846843955225744,-1.8468439552257436,0.017729754714682952,1400.0,up,-0.0257868062313952,0.044828603949726126,-0.0013120430036479718,0.0,0.0
26.460000982000565,20.0,21.846843955225744,-1.8468439552257436,0.017929966569041878,1400.0,up,-0.0257868062313952,0.04463520290299066,-0.0009184301025535802,0.0,0.0
26.480000831001234,20.0,21.846843955225744,-1.8468439552257436,0.018012094553072493,1400.0,up,-0.0257868062313952,0.0444418018562552,-0.0006429010717875061,0.0,-0.001953125
26.500000940000973,20.0,21.846843955225744,-1.8468439552257436,0.01801156382787329,1400.0,up,-0.0257868062313952,0.04424840080951974,-0.00045003075025125427,0.0,-0.001953125
26.520000660000733,20.0,21.856900966861446,-1.8569009668614456,0.01649523672099611,1400.0,up,-0.025927228604158706,0.04405394659498855,-0.0016314812698337332,0.0,-0.001953125
26.540000861001317,20.0,21.856900966861446,-1.8569009668614456,0.016790226887415036,1400.0,up,-0.025927228604158706,0.04385949238045735,-0.0011420368888836131,0.0,0.00390625
26.560001285000908,20.0,21.856900966861446,-1.8569009668614456,0.01693838373954893,1400.0,up,-0.025927228604158706,0.043665038165926165,-0.0007994258222185291,0.0,0.00390625
26.58000096700016,20.0,21.8585892935193,-1.8585892935193016,0.01673900554059033,1400.0,up,-0.02595080209138172,0.0434704071502408,-0.0007805995182687495,0.0,0.0
26.600001058001,20.0,21.8585892935193,-1.8585892935193016,0.0167785543803856,1400.0,up,-0.02595080209138172,0.043275776134555445,-0.0005464196627881247,0.0,0.0
26.62000101800004,20.0,21.866306780748786,-1.8663067807487863,0.015629067924442245,1400.0,up,-0.026058558541089828,0.04308033694549727,-0.001392710479965194,0.0,0.0
26.64000084899999,20.0,21.866306780748786,-1.8663067807487863,0.015851441879373634,1400.0,up,-0.026058558541089828,0.0428848977564391,-0.0009748973359756357,0.0,-0.001953125
26.66000067999994,20.0,21.866306780748786,-1.8663067807487863,0.015948471891108148,1400.0,up,-0.026058558541089828,0.04268945856738092,-0.0006824281351829449,0.0,-0.001953125
26.680001270000503,20.0,21.866306780748786,-1.8663067807487863,0.01595776114260486,1400.0,up,-0.026058558541089828,0.04249401937832275,-0.0004776996946280614,0.0,-0.001953125
26.700000787001045,20.0,21.866306780748786,-1.8663067807487863,0.0159056318619351,1400.0,up,-0.026058558541089828,0.04229858018926457,-0.00033438978623964293,0.0,-0.001953125
26.72000078400015,20.0,21.865351380702414,-1.865351380702414,0.01594901113281609,1400.0,up,-0.02604521863990348,0.0421032410494653,-0.00010901127674572939,0.0,-0.001953125
26.740000745001453,20.0,21.865351380702414,-1.865351380702414,0.015786375376040537,1400.0,up,-0.02604521863990348,0.04190790190966603,-7.630789372201057e-05,0.0,0.0
26.760000705000493,20.0,21.865351380702414,-1.865351380702414,0.015613928604357868,1400.0,up,-0.02604521863990348,0.041712562769866755,-5.341552560540739e-05,0.0,0.0
26.780000962000486,20.0,21.8608003304886,-1.8608003304886012,0.0160943664355377,1400.0,up,-0.025981673991379763,0.041517700214931404,0.0005583402119860596,0.0,0.0
26.80000094100069,20.0,21.8608003304886,-1.8608003304886012,0.015732001817006538,1400.0,up,-0.025981673991379763,0.04132283765999606,0.00039083814839024173,0.0,0.0
26.82000086500011,20.0,21.865351380702414,-1.865351380702414,0.014760135504256632,1400.0,up,-0.02604521863990348,0.04112749852019679,-0.00032214437603667555,0.0,0.0
26.84000093600116,20.0,21.865351380702414,-1.865351380702414,0.014661439677268363,1400.0,up,-0.02604521863990348,0.040932159380397515,-0.00022550106322567287,0.0,0.0
26.860000971000773,20.0,21.865351380702414,-1.865351380702414,0.014533750856436793,1400.0,up,-0.02604521863990348,0.04073682024059824,-0.000157850744257971,0.0,0.0
26.88000096900032,20.0,21.8608003304886,-1.8608003304886012,0.015045519253212392,1400.0,up,-0.025981673991379763,0.04054195768566289,0.00048523555892926505,0.0,0.001953125
26.900000948000525,20.0,21.8608003304886,-1.8608003304886012,0.014705086030598268,1400.0,up,-0.025981673991379763,0.040347095130727546,0.0003396648912504855,0.0,0.001953125
26.920000890000665,20.0,21.864827755164193,-1.8648277551641925,0.013824480143350944,1400.0,up,-0.02603790744815191,0.0401518108248664,-0.00028942323336354634,0.0,0.001953125
26.940000832000806,20.0,21.864827755164193,-1.8648277551641925,0.01371602280749887,1400.0,up,-0.02603790744815191,0.03995652651900526,-0.00020259626335448244,0.0,-0.001953125
26.960000681001475,20.0,21.864827755164193,-1.8648277551641925,0.013581517380644075,1400.0,up,-0.02603790744815191,0.03976124221314412,-0.0001418173843481377,0.0,-0.001953125
26.980000716001086,20.0,21.864827755164193,-1.8648277551641925,0.013428778290087377,1400.0,up,-0.02603790744815191,0.039565957907282984,-9.92721690436964e-05,0.0,0.0
27.00000099099998,0.0,21.864827755164193,-21.864827755164193,-0.2680837997865466,1500,dwell,-0.30529058776724466,0.03727627849902865,-6.949051833058748e-05,0.0,0.0
27.020000858999992,0.0,21.86027693992338,-21.86027693992338,-0.2696929137893463,1500,dwell,-0.30522704639956294,0.03498707565103193,0.0005470569591847016,0.0,0.0
27.040000876000704,0.0,21.86027693992338,-21.86027693992338,-0.27214623372509844,1500,dwell,-0.30522704639956294,0.03269787280303521,0.0003829398714292911,0.0,-0.001953125
27.060000873001627,0.0,21.86027693992338,-21.86027693992338,-0.27455031853452394,1500,dwell,-0.30522704639956294,0.03040866995503849,0.00026805791000050376,0.0,-0.001953125
27.080000649000795,0.0,21.85168185340668,-21.85168185340668,-0.2756739344387213,1500,dwell,-0.3051070363521948,0.02812036718239703,0.0013127347310765175,0.0,-0.009765625
27.100000702001125,0.0,21.85168185340668,-21.85168185340668,-0.2783560576306857,1500,dwell,-0.3051070363521948,0.025832064409755568,0.0009189143117535623,0.0,-0.009765625
27.12000101400008,0.0,21.813807630855713,-21.813807630855713,-0.2754295204708181,1500,dwell,-0.3045782124440768,0.023547727816424995,0.005600964156833673,0.0,-0.009765625
27.140001049001512,0.0,21.813807630855713,-21.813807630855713,-0.2793941463111988,1500,dwell,-0.3045782124440768,0.02126339122309442,0.00392067490978357,0.0,-0.021484375
27.1600008430014,0.0,21.813807630855713,-21.813807630855713,-0.28285468537746444,1500,dwell,-0.3045782124440768,0.018979054629763847,0.002744472436848499,0.0,-0.021484375
27.180001062000883,0.0,21.751606457239006,-21.751606457239006,-0.2769452432009862,1500,dwell,-0.3037097202215039,0.016701231728102568,0.010063245292415124,0.0,-0.025390625
27.200000893000833,0.0,21.751606457239006,-21.751606457239006,-0.28224203969037204,1500,dwell,-0.3037097202215039,0.014423408826441289,0.007044271704690586,0.0,-0.025390625
27.220000650000657,0.0,21.672539152925054,-21.672539152925054,-0.2751709904297704,1500,dwell,-0.3026057323887401,0.012153865833525738,0.015280876125444012,0.0,-0.025390625
27.240001074000247,0.0,21.672539152925054,-21.672539152925054,-0.2820247962603191,1500,dwell,-0.3026057323887401,0.009884322840610187,0.010696613287810807,0.0,-0.03515625
27.260000701000536,0.0,21.672539152925054,-21.672539152925054,-0.2875033232395779,1500,dwell,-0.3026057323887401,0.007614779847694636,0.0074876293014675644,0.0,-0.03515625
27.28000079100093,0.0,21.569695106719365,-21.569695106719365,-0.2771101572739908,1500,dwell,-0.3011697586108501,0.00535600665811326,0.01870359467874603,0.0,-0.037109375
27.30000082600054,0.0,21.569695106719365,-21.569695106719365,-0.284980008867196,1500,dwell,-0.3011697586108501,0.0030972334685318847,0.013092516275122219,0.0,-0.037109375
27.32000104600047,0.0,21.456683027959095,-21.456683027959095,-0.2747835095303147,1525,down,-0.29959181231573817,0.0008502948761638486,0.0239580079092596,0.0,-0.037109375
27.340000858001076,0.0,21.456683027959095,-21.456683027959095,-0.2842178504954606,1550,down,-0.29959181231573817,-0.0013966437162041877,0.01677060553648172,0.0,-0.04296875
27.360000874001344,0.0,21.456683027959095,-21.456683027959095,-0.29149597074877315,1575,down,-0.29959181231573817,-0.0036435823085722236,0.011739423875537204,0.0,-0.04296875
27.380000631001167,0.0,21.333710481042154,-21.333710481042154,-0.2794377694327131,1600,down,-0.2978747916491271,-0.005877643245940677,0.02431466546235471,0.0,-0.046875
27.400000684001498,0.0,21.333710481042154,-21.333710481042154,-0.28896623000878796,1625,down,-0.2978747916491271,-0.00811170418330913,0.017020265823648295,0.0,-0.046875
27.420000756001173,0.0,21.200170179529984,-21.200170179529984,-0.2769474274379833,1650,down,-0.29601021729273247,-0.010331780813004624,0.0293945706677538,0.0,-0.046875
27.440001309001673,0.0,21.200170179529984,-21.200170179529984,-0.2879858752680049,1672.7614495536186,down,-0.29601021729273247,-0.01255185744270012,0.02057619946742766,0.0,-0.048828125
27.460000824999952,0.0,21.200170179529984,-21.200170179529984,-0.29637881173792874,1675.440046299339,down,-0.29601021729273247,-0.014771934072395613,0.01440333962719936,0.0,-0.048828125
27.480000786001256,0.0,21.053070429403363,-21.053070429403363,-0.2815952737668378,1670.7218958830333,down,-0.2939563173178761,-0.016976606452279684,0.029337650003317978,0.0,-0.056640625
27.50000078300036,0.0,21.053070429403363,-21.053070429403363,-0.29260124114771724,1674.234438664165,down,-0.2939563173178761,-0.019181278832163754,0.020536355002322582,0.0,-0.056640625
27.520000799000627,0.0,20.893171893506164,-20.893171893506164,-0.2777868013524219,1669.506425963539,down,-0.2917237125814565,-0.021369206676524678,0.03530611790555932,0.0,-0.056640625
27.540000704000704,0.0,20.893171893506164,-20.893171893506164,-0.2905665645684506,1673.5850737984417,down,-0.2917237125814565,-0.023557134520885602,0.024714282533891522,0.0,-0.068359375
27.560000924000633,0.0,20.893171893506164,-20.893171893506164,-0.300168777172979,1676.649609736057,down,-0.2917237125814565,-0.025745062365246523,0.017299997773724065,0.0,-0.068359375
27.5800009400009,0.0,20.67274701837937,-20.67274701837937,-0.27559236096915407,1668.8060726497301,down,-0.28864600072204855,-0.02790990737066189,0.040963547123556376,0.0,-0.095703125
27.600000845000977,0.0,20.67274701837937,-20.67274701837937,-0.29004627011163636,1673.4190223760543,down,-0.28864600072204855,-0.030074752376077256,0.02867448298648946,0.0,-0.095703125
27.620000806000462,0.0,20.386056802925438,-20.386056802925438,-0.25925282588258,1663.591327409334,down,-0.28464305016771013,-0.03220957525233508,0.057599799537465246,0.0,-0.095703125
27.640000970000983,0.0,20.386056802925438,-20.386056802925438,-0.27866758862007734,1669.7875282830034,down,-0.28464305016771013,-0.034344398128592905,0.04031985967622567,0.0,-0.123046875
27.660000709000087,0.0,20.386056802925438,-20.386056802925438,-0.2928983693992029,1674.3292668295328,down,-0.28464305016771013,-0.03647922100485073,0.028223901773357967,0.0,-0.123046875
27.680000854001264,0.0,20.005560247804524,-20.005560247804524,-0.24834090056273683,1660.1087980519374,down,-0.2793303160242253,-0.03857419837503242,0.06956361383652088,0.0,-0.16015625
27.70000081500075,0.0,20.005560247804524,-20.005560247804524,-0.27130496208387483,1667.437753856556,down,-0.2793303160242253,-0.04066917574521411,0.04869452968556461,0.0,-0.16015625
27.72000077500161,0.0,19.53872562868432,-19.53872562868432,-0.22033266187541772,1651.169998470878,down,-0.2728120750914723,-0.04271526630840015,0.09519467952445476,0.0,-0.16015625
27.740000847001284,0.0,19.53872562868432,-19.53872562868432,-0.25093715629594016,1660.9373903072149,down,-0.2728120750914723,-0.04476135687158619,0.06663627566711833,0.0,-0.185546875
27.760000826001487,0.0,19.53872562868432,-19.53872562868432,-0.2729741295592617,1667.9704668806155,down,-0.2728120750914723,-0.04680744743477223,0.04664539296698283,0.0,-0.185546875
27.78000106500076,0.0,18.987537085603716,-18.987537085603716,-0.20910966221226124,1647.588190067743,down,-0.2651160311906506,-0.048795817668702106,0.10480218664709144,0.0,-0.21484375
27.8000010070009,0.0,18.987537085603716,-18.987537085603716,-0.24253868844031856,1658.2570282256336,down,-0.2651160311906506,-0.05078418790263199,0.07336153065296401,0.0,-0.21484375
27.820000893001634,0.0,18.357158805127,-18.357158805127,-0.17515143963372812,1636.7504594575728,down,-0.25631428996874744,-0.052706545077397596,0.1338693954124169,0.0,-0.21484375
27.840000631000294,0.0,18.357158805127,-18.357158805127,-0.21723461543221884,1650.1812602443251,down,-0.25631428996874744,-0.05462890225216321,0.09370857678869184,0.0,-0.244140625
27.860000777000096,0.0,18.357158805127,-18.357158805127,-0.24726954564359194,1659.7668762692315,down,-0.25631428996874744,-0.05655125942692881,0.06559600375208428,0.0,-0.244140625
27.880000812001526,0.0,17.66754979340914,-17.66754979340914,-0.1689001214681705,1634.7668762692315,down,-0.24668553172402677,-0.058401400914859014,0.13618681117071527,0.0,-0.263671875
27.900001013000292,0.0,17.66754979340914,-17.66754979340914,-0.2116063063073153,1648.384991374675,down,-0.24668553172402677,-0.06025154240278921,0.09533076781950069,0.0,-0.263671875
27.920000844000242,0.0,16.910505135285344,-16.910505135285344,-0.13230914909805336,1623.384991374675,down,-0.23611519422891072,-0.062022406359506045,0.1658284514903634,0.0,-0.263671875
27.940000879001673,0.0,16.910505135285344,-16.910505135285344,-0.1838285485018792,1639.5197495218763,down,-0.23611519422891072,-0.06379327031622288,0.11607991604325438,0.0,-0.28125
27.96000080200065,0.0,16.910505135285344,-16.910505135285344,-0.22042338727157235,1651.1989533845444,down,-0.23611519422891072,-0.06556413427293971,0.08125594123027806,0.0,-0.28125
27.980000948000452,0.0,16.10054430705076,-16.10054430705076,-0.12915340359933114,1626.1989533845444,down,-0.22480600761701172,-0.0672501793300673,0.16290278334774788,0.0,-0.30078125
28.000000908999937,0.0,16.10054430705076,-16.10054430705076,-0.17971028366078312,1638.2054096789734,down,-0.22480600761701172,-0.06893622438719489,0.1140319483434235,0.0,-0.30078125
28.020000980000987,0.0,15.24472605643832,-15.24472605643832,-0.09154046808699273,1613.2054096789734,down,-0.2128565305995357,-0.0705326483666914,0.19184871087923433,0.0,-0.30078125
28.040000811000937,0.0,15.24472605643832,-15.24472605643832,-0.1506915053302596,1628.9440974458275,down,-0.2128565305995357,-0.07212907234618793,0.13429409761546401,0.0,-0.3125
28.060000753001077,0.0,15.24472605643832,-15.24472605643832,-0.1925761585943953,1642.3115399769347,down,-0.2128565305995357,-0.07372549632568444,0.0940058683308248,0.0,-0.3125
28.08000095400166,0.0,14.344820939031408,-14.344820939031408,-0.09191775501895022,1617.3115399769347,down,-0.20029148479609826,-0.07522768246165518,0.18360141223880322,0.0,-0.32421875
28.100001248001718,0.0,14.344820939031408,-14.344820939031408,-0.14850036482656195,1628.244797285073,down,-0.20029148479609826,-0.07672986859762591,0.12852098856716224,0.0,-0.32421875
28.12000078300116,0.0,13.419501403549575,-13.419501403549575,-0.05441800632190391,1603.244797285073,down,-0.18737158677435228,-0.07813515549843354,0.2110887359508819,0.0,-0.32421875
28.140001372999905,0.0,13.419501403549575,-13.419501403549575,-0.11914991400797614,1618.8776321302053,down,-0.18737158677435228,-0.07954044239924118,0.14776211516561732,0.0,-0.3359375
28.160001037000256,0.0,13.419501403549575,-13.419501403549575,-0.16488383545846902,1633.473564508022,down,-0.18737158677435228,-0.08094572930004883,0.10343348061593212,0.0,-0.3359375
28.180000942000333,0.0,12.466129096361502,-12.466129096361502,-0.05911159784004644,1608.473564508022,down,-0.17405999816813897,-0.08225117928630987,0.19719957961440243,0.0,-0.33984375
28.200000866001574,0.0,12.466129096361502,-12.466129096361502,-0.1195769217106282,1619.013911184243,down,-0.17405999816813897,-0.08355662927257092,0.1380397057300817,0.0,-0.33984375
28.22000117800053,0.0,11.50676960083446,-11.50676960083446,-0.023218769694555108,1600.0,down,-0.16066481264236399,-0.08476161536738865,0.2222076583151975,0.0,-0.33984375
28.240000935000353,0.0,11.50676960083446,-11.50676960083446,-0.0910860532839321,1609.9210808352975,down,-0.16066481264236399,-0.08596660146220637,0.15554536082063825,0.0,-0.34375
28.260000914000557,0.0,11.50676960083446,-11.50676960083446,-0.1389546476249413,1625.198291795194,down,-0.16066481264236399,-0.0871715875570241,0.10888175257444677,0.0,-0.34375
28.28000078200057,0.0,10.521368616053635,-10.521368616053635,-0.029973487956666905,1600.198291795194,down,-0.14690601933290806,-0.08827338270202091,0.20520591407826208,0.0,-0.34765625
28.300000854000245,0.0,10.521368616053635,-10.521368616053635,-0.09263705732514235,1610.4160821250455,down,-0.14690601933290806,-0.08937517784701772,0.14364413985478344,0.0,-0.34765625
28.32000072200026,0.0,9.542240339182914,-9.542240339182914,0.005109241162224276,1600.0,down,-0.13323480954828987,-0.09037443891862991,0.22871848962914404,0.0,-0.34765625
28.340000905000124,0.0,9.542240339182914,-9.542240339182914,-0.06450556679813113,1601.4379468504674,down,-0.13323480954828987,-0.09137369999024209,0.16010294274040082,0.0,-0.353515625
28.36000082800092,0.0,9.542240339182914,-9.542240339182914,-0.11353571069186358,1617.0858651144245,down,-0.13323480954828987,-0.09237296106185426,0.11207205991828056,0.0,-0.353515625
28.380001085000913,0.0,8.545801715322437,-8.545801715322437,-0.0037058242529022234,1600.0,down,-0.11932190172396454,-0.093267875324784,0.20888395279584632,0.0,-0.34765625
28.400000860001455,0.0,8.545801715322437,-8.545801715322437,-0.0672659243545859,1602.3189120280592,down,-0.11932190172396454,-0.09416278958771375,0.1462187669570924,0.0,-0.34765625
28.420000802001596,0.0,7.565317706255346,-7.565317706255346,0.03011140337809462,1600.0,down,-0.1056317623468648,-0.09495502780531523,0.23069819353027465,0.0,-0.34765625
28.440001226001186,0.0,7.565317706255346,-7.565317706255346,-0.03989029289858928,1600.0,down,-0.1056317623468648,-0.09574726602291672,0.16148873547119225,0.0,-0.345703125
28.460001168001327,0.0,7.565317706255346,-7.565317706255346,-0.08912915175754843,1609.2965377949622,down,-0.1056317623468648,-0.0965395042405182,0.11304211482983456,0.0,-0.345703125
28.480000684001425,0.0,6.596200819602753,-6.596200819602753,0.01665598948169708,1600.0,down,-0.09210033793985326,-0.09723025677506711,0.20598658419661744,0.0,-0.341796875
28.500000700001692,0.0,6.596200819602753,-6.596200819602753,-0.045830738311837066,1600.0,down,-0.09210033793985326,-0.097921009309616,0.1441906089376322,0.0,-0.341796875
28.52000092000162,0.0,5.624312266776652,-5.624312266776652,0.05111314064042374,1600.0,down,-0.07853021377244662,-0.09850998591290937,0.22815334032577975,0.0,-0.341796875
28.540000788001635,0.0,5.624312266776652,-5.624312266776652,-0.017921838060603518,1600.0,down,-0.07853021377244662,-0.09909896251620272,0.1597073382280458,0.0,-0.33984375
28.560001563000696,0.0,5.624312266776652,-5.624312266776652,-0.06642301613231065,1602.049898765631,down,-0.07853021377244662,-0.09968793911949607,0.11179513675963205,0.0,-0.33984375
28.580000690000816,0.0,4.669975302790565,-4.669975302790565,0.037796878388539984,1600.0,down,-0.0652051560164116,-0.10017697778961916,0.20317901219457074,0.0,-0.333984375
28.600000966000152,0.0,4.669975302790565,-4.669975302790565,-0.023645863939954354,1600.0,down,-0.0652051560164116,-0.10066601645974226,0.1422253085361995,0.0,-0.333984375
28.62000088900095,0.0,3.7327934183643627,-3.7327934183643627,0.06905799574474455,1600.0,down,-0.052119628357785844,-0.10105691367242566,0.22223453777495605,0.0,-0.333984375
28.64000105300147,0.0,3.7327934183643627,-3.7327934183643627,0.0019967371995743277,1600.0,down,-0.052119628357785844,-0.10144781088510904,0.15556417644246923,0.0,-0.326171875
28.66000066200104,0.0,3.7327934183643627,-3.7327934183643627,-0.04506341294584981,1600.0,down,-0.052119628357785844,-0.10183870809779243,0.10889492350972846,0.0,-0.326171875
28.680000678001306,0.0,2.811683776456034,-2.811683776456034,0.05540775815696741,1600.0,down,-0.03925851153925281,-0.10213314693433682,0.19679941663055706,0.0,-0.322265625
28.700000972001362,0.0,2.811683776456034,-2.811683776456034,-0.0039265056687441124,1600.0,down,-0.03925851153925281,-0.10242758577088122,0.13775959164138993,0.0,-0.322265625
28.720000933000847,0.0,1.9249443154646766,-1.9249443154646766,0.08299917971527423,1600.0,down,-0.026877292977925606,-0.10262916546821566,0.2125056381614155,0.0,-0.322265625
28.740001060001305,0.0,1.9249443154646766,-1.9249443154646766,0.01904590856951513,1600.0,down,-0.026877292977925606,-0.10283074516555009,0.14875394671299083,0.0,-0.310546875
28.760000909000155,0.0,1.9249443154646766,-1.9249443154646766,-0.025781855141716575,1600.0,down,-0.026877292977925606,-0.10303232486288454,0.10412776269909357,0.0,-0.310546875
28.78000077700017,0.0,1.0462665463684555,-1.0462665463684555,0.07015755839093232,1600.0,down,-0.014608636870079576,-0.10314188963941012,0.18790808490042202,0.0,-0.302734375
28.800000979001197,0.0,1.0462665463684555,-1.0462665463684555,0.013675568144280115,1600.0,down,-0.014608636870079576,-0.10325145441593572,0.1315356594302954,0.0,-0.302734375
28.820000735000576,0.0,0.2107793884233029,-0.2107793884233029,0.09522341219271586,1600.0,down,-0.0029430354586613243,-0.10327352718187569,0.20143997483325288,0.0,-0.302734375
28.840000733000124,0.0,0.2107793884233029,-0.2107793884233029,0.03476934697680001,1600.0,down,-0.0029430354586613243,-0.10329559994781566,0.141007982383277,0.0,-0.29296875
28.860000953000053,0.0,0.2107793884233029,-0.2107793884233029,-0.007555120504123061,1600.0,down,-0.0029430354586613243,-0.10331767271375562,0.09870558766829389,0.0,-0.29296875
28.880000932000257,0.0,-0.6005111052574019,0.6005111052574019,0.0804215181016039,1600.0,down,0.008384716785225515,-0.10325478733786643,0.17529158865424482,0.0,-0.27734375
28.900000652000017,0.0,-0.6005111052574019,0.6005111052574019,0.02789692688121964,1600.0,down,0.008384716785225515,-0.10319190196197724,0.12270411205797137,0.0,-0.27734375
28.920001001000855,0.0,-1.3760145104352528,1.3760145104352528,0.10357101774688557,1600.0,down,0.019212787009850428,-0.10304780605940336,0.1874060367964385,0.0,-0.27734375
28.940001165001377,0.0,-1.3760145104352528,1.3760145104352528,0.047493302610527866,1600.0,down,0.019212787009850428,-0.10290371015682949,0.13118422575750693,0.0,-0.26953125
28.960000719000163,0.0,-1.3760145104352528,1.3760145104352528,0.008282130785849662,1600.0,down,0.019212787009850428,-0.1027596142542556,0.09182895803025484,0.0,-0.26953125
28.980000772000494,0.0,-2.1106077773897987,2.1106077773897987,0.08736935642848456,1600.0,down,0.029469643946921215,-0.10253859192465369,0.16043830440621704,0.0,-0.2578125
29.00000086200089,0.0,-2.1106077773897987,2.1106077773897987,0.03945888743622136,1600.0,down,0.029469643946921215,-0.10231756959505177,0.11230681308435192,0.0,-0.2578125
29.020000785001685,0.0,-2.8146632637379803,2.8146632637379803,0.10805271109273648,1600.0,down,0.039300113029725824,-0.10202281874732884,0.1707754168103395,0.0,-0.2578125
29.040000783001233,0.0,-2.8146632637379803,2.8146632637379803,0.05711483689735757,1600.0,down,0.039300113029725824,-0.1017280678996059,0.11954279176723764,0.0,-0.244140625
29.060000725001373,0.0,-2.8146632637379803,2.8146632637379803,0.021546750214909212,1600.0,down,0.039300113029725824,-0.10143331705188295,0.08367995423706634,0.0,-0.244140625
29.08000079700105,0.0,-3.4755933173262896,3.4755933173262896,0.0925505933770133,1600.0,down,0.04852843747812467,-0.10106935377079702,0.14509150966968565,0.0,-0.2265625
29.100000998001633,0.0,-3.4755933173262896,3.4755933173262896,0.04938710375719352,1600.0,down,0.04852843747812467,-0.1007053904897111,0.10156405676877994,0.0,-0.2265625
29.12000069900023,0.0,-4.092295414712847,4.092295414712847,0.10868333235807177,1600.0,down,0.05713922316080479,-0.10027684631600506,0.15182095551327204,0.0,-0.2265625
29.1400013450002,0.0,-4.092295414712847,4.092295414712847,0.06356558987779619,1600.0,down,0.05713922316080479,-0.09984830214229902,0.10627466885929042,0.0,-0.208984375
29.16000075000011,0.0,-4.092295414712847,4.092295414712847,0.03211173339371508,1600.0,down,0.05713922316080479,-0.099419757968593,0.07439226820150328,0.0,-0.208984375
29.180001062000883,0.0,-4.652157245270588,4.652157245270588,0.09138411378641093,1600.0,down,0.06495636900038493,-0.0989325852010901,0.1253603299871161,0.0,-0.193359375
29.20000107800115,0.0,-4.652157245270588,4.652157245270588,0.054263187557778966,1600.0,down,0.06495636900038493,-0.09844541243358723,0.08775223099098127,0.0,-0.193359375
29.22000079800091,0.0,-5.168192042251855,5.168192042251855,0.10323273204168451,1600.0,down,0.07216157401013182,-0.09790420062851124,0.12897535866006393,0.0,-0.193359375
29.24000079600046,0.0,-5.168192042251855,5.168192042251855,0.06508133624874132,1600.0,down,0.07216157401013182,-0.09736298882343525,0.09028275106204475,0.0,-0.169921875
29.26000107100117,0.0,-5.168192042251855,5.168192042251855,0.03853772273520388,1600.0,down,0.07216157401013182,-0.09682177701835926,0.06319792574343132,0.0,-0.169921875
29.28000080900165,0.0,-5.626068200117093,5.626068200117093,0.08649651162175395,1600.0,down,0.0785547312270356,-0.09623261653415648,0.10417439692887483,0.0,-0.15234375
29.300000992001515,0.0,-5.626068200117093,5.626068200117093,0.055833353027294266,1600.0,down,0.0785547312270356,-0.09564345604995371,0.07292207785021237,0.0,-0.15234375
29.320000934001655,0.0,-6.019077057455295,6.019077057455295,0.09151922391316779,1600.0,down,0.08404217006707744,-0.09501313977445063,0.10249019362054097,0.0,-0.15234375
29.340000858001076,0.0,-6.019077057455295,6.019077057455295,0.06140248210250858,1600.0,down,0.08404217006707744,-0.09438282349894754,0.07174313553437868,0.0,-0.134765625
29.360000781000053,0.0,-6.019077057455295,6.019077057455295,0.04050985771769806,1600.0,down,0.08404217006707744,-0.09375250722344446,0.05022019487406507,0.0,-0.134765625
29.380000649000067,0.0,-6.372359824472178,6.372359824472178,0.07728847525833694,1600.0,down,0.08897492804707796,-0.09308519526309136,0.08139874247435035,0.0,-0.11328125
29.40000072100156,0.0,-6.372359824472178,6.372359824472178,0.05353616447638493,1600.0,down,0.08897492804707796,-0.09241788330273827,0.05697911973204524,0.0,-0.11328125
29.420000792000792,0.0,-6.660299319381783,6.660299319381783,0.07885147900194772,1600.0,down,0.09299532183323961,-0.09172041838898898,0.07757657555769709,0.0,-0.11328125
29.44000129000051,0.0,-6.660299319381783,6.660299319381783,0.0562759712483879,1600.0,down,0.09299532183323961,-0.09102295347523967,0.054303602890387964,0.0,-0.09375
29.460000917000798,0.0,-6.660299319381783,6.660299319381783,0.0406823552950208,1600.0,down,0.09299532183323961,-0.09032548856149038,0.03801252202327157,0.0,-0.09375
29.480001137000727,0.0,-6.895308694518226,6.895308694518226,0.06404467889024276,1600.0,down,0.09627667172858795,-0.08960341352352597,0.057371420685180786,0.0,-0.07421875
29.500001560001692,0.0,-6.895308694518226,6.895308694518226,0.047555327722652946,1600.0,down,0.09627667172858795,-0.08888133848556155,0.04015999447962655,0.0,-0.07421875
29.520000780001283,0.0,-6.712393116299179,6.712393116299179,0.009712673069344435,1600.0,down,0.09372268845409866,-0.08817841832215581,0.004168402937401585,0.0,-0.07421875
29.540000943999985,0.0,-6.712393116299179,6.712393116299179,0.009165072351529701,1600.0,down,0.09372268845409866,-0.08747549815875007,0.0029178820561811094,0.0,-0.0546875
29.560000886000125,0.0,-6.712393116299179,6.712393116299179,0.008992627898081099,1600.0,down,0.09372268845409866,-0.08677257799534434,0.0020425174393267766,0.0,-0.0546875
29.5800013470016,0.0,-6.466541360332716,6.466541360332716,-0.026557610397414118,1600.0,down,0.09028995036335916,-0.08609540336761914,-0.03075215739315413,0.0,-0.03125
29.600001067001358,0.0,-6.466541360332716,6.466541360332716,-0.016654788551742697,1600.0,down,0.09028995036335916,-0.08541822873989396,-0.02152651017520789,0.0,-0.03125
29.62000095300027,0.0,-6.297438516673277,6.297438516673277,-0.03403400086947531,1600.0,down,0.08792882924628521,-0.08475876252054683,-0.0372040675952137,0.0,-0.03125
29.640001006000603,0.0,-6.297438516673277,6.297438516673277,-0.022213314371564066,1600.0,down,0.08792882924628521,-0.0840992963011997,-0.026042847316649586,0.0,-0.009765625
29.660000874000616,0.0,-6.297438516673277,6.297438516673277,-0.013740993957222055,1600.0,down,0.08792882924628521,-0.08343983008185256,-0.01822999312165471,0.0,-0.009765625
29.680001020000418,0.0,-6.191253816606015,6.191253816606015,-0.023005812277922852,1600.0,down,0.08644621114115213,-0.08279148349829393,-0.026660539920781046,0.0,0.0078125
29.700000832001024,0.0,-6.191253816606015,6.191253816606015,-0.014359303718129896,1600.0,down,0.08644621114115213,-0.08214313691473529,-0.01866237794454673,0.0,0.0078125
29.720000663000974,0.0,-6.111091737521763,6.111091737521763,-0.019733103691192373,1600.0,down,0.0853269373689407,-0.08150318488446824,-0.023556856175664834,0.0,0.0078125
29.740000661000522,0.0,-6.111091737521763,6.111091737521763,-0.012026094808225855,1600.0,down,0.0853269373689407,-0.08086323285420118,-0.016489799322965383,0.0,0.025390625
29.760000732001572,0.0,-6.111091737521763,6.111091737521763,-0.006439202981069174,1600.0,down,0.0853269373689407,-0.08022328082393411,-0.011542859526075767,0.0,0.025390625
29.780000989001564,0.0,-6.007421779253767,6.007421779253767,-0.017365120875230188,1600.0,down,0.08387943168319538,-0.07959418508631015,-0.021650367472115416,0.0,0.02734375
29.800000765000732,0.0,-6.007421779253767,6.007421779253767,-0.01024091489597159,1600.0,down,0.08387943168319538,-0.07896508934868618,-0.01515525723048079,0.0,0.02734375
29.82000091000009,0.0,-5.901300781155769,5.901300781155769,-0.02044928977933264,1600.0,down,0.08239770302534521,-0.07834710657599608,-0.02449988622868177,0.0,0.02734375
29.84000124100021,0.0,-5.901300781155769,5.901300781155769,-0.012481341138038025,1600.0,down,0.08239770302534521,-0.077729123803306,-0.017149920360077238,0.0,0.033203125
29.86000088700166,0.0,-5.901300781155769,5.901300781155769,-0.006718382257324757,1600.0,down,0.08239770302534521,-0.0771111410306159,-0.012004944252054065,0.0,0.033203125
29.880000977000236,0.0,-5.789520633486238,5.789520633486238,-0.01870335420485954,1600.0,down,0.0808369577331862,-0.07650486384761701,-0.023035448090428724,0.0,0.033203125
29.90000084500025,0.0,-5.789520633486238,5.789520633486238,-0.011186442594732025,1600.0,down,0.0808369577331862,-0.07589858666461811,-0.016124813663300104,0.0,0.033203125
29.920001028000115,0.0,-5.687446138132965,5.687446138132965,-0.020540159546578517,1600.0,down,0.07941172891220517,-0.07530299869777658,-0.024648889761007108,0.0,0.033203125
29.940000933000192,0.0,-5.687446138132965,5.687446138132965,-0.012549904651434851,1600.0,down,0.07941172891220517,-0.07470741073093505,-0.017254222832704974,0.0,0.033203125
29.96000072700008,0.0,-5.687446138132965,5.687446138132965,-0.006778049834781813,1600.0,down,0.07941172891220517,-0.0741118227640935,-0.012077955982893481,0.0,0.033203125
29.980000928000663,0.0,-5.582858040628928,5.582858040628928,-0.017720902789722548,1600.0,down,0.07795140358433132,-0.07352718723721102,-0.022145119136842847,0.0,0.037109375
30.000000888001523,0.0,-5.582858040628928,5.582858040628928,-0.01049273152178721,1600.0,down,0.07795140358433132,-0.07294255171032854,-0.015501583395789992,0.0,0.037109375
30.020000701000754,0.0,-5.476729090284063,5.476729090284063,-0.020642821580047672,1600.0,down,0.07646956389216855,-0.07236902998113728,-0.02474335549107894,0.0,0.037109375
30.040000958000746,0.0,-5.476729090284063,5.476729090284063,-0.012646293203532718,1600.0,down,0.07646956389216855,-0.07179550825194601,-0.017320348843755256,0.0,0.0390625
30.06000095500167,0.0,-5.476729090284063,5.476729090284063,-0.0068766668212148704,1600.0,down,0.07646956389216855,-0.07122198652275474,-0.012124244190628679,0.0,0.0390625
30.080000823001683,0.0,-5.376209746554606,5.376209746554606,-0.01723786432908549,1600.0,down,0.07506604908415021,-0.07065899115462362,-0.021644922258612077,0.0,0.033203125
30.100000765000004,0.0,-5.376209746554606,5.376209746554606,-0.010181392283370732,1600.0,down,0.07506604908415021,-0.07009599578649249,-0.015151445581028452,0.0,0.033203125
30.120000744000208,0.0,-5.275748078029665,5.275748078029665,-0.01963659473105928,1600.0,down,0.0736633395739043,-0.06954352073968821,-0.023756413565275362,0.0,0.033203125
30.14000151900109,0.0,-5.275748078029665,5.275748078029665,-0.01195719561467239,1600.0,down,0.0736633395739043,-0.06899104569288393,-0.01662948949569275,0.0,0.037109375
30.16000073900068,0.0,-5.275748078029665,5.275748078029665,-0.006415873719160284,1600.0,down,0.0736633395739043,-0.06843857064607965,-0.011640642646984925,0.0,0.037109375
30.180000737000228,0.0,-5.183432539280795,5.183432539280795,-0.015753916984809574,1600.0,down,0.07237437149236814,-0.0678957628598869,-0.020232525617290817,0.0,0.037109375
30.20000101200094,0.0,-5.183432539280795,5.183432539280795,-0.009141351513429558,1600.0,down,0.07237437149236814,-0.06735295507369413,-0.014162767932103571,0.0,0.037109375
30.220001491001312,0.0,-5.095112119083308,5.095112119083308,-0.017153263912666524,1600.0,down,0.07114118578901531,-0.0668193961802765,-0.021475053521405326,0.0,0.037109375
30.2400012850012,0.0,-5.095112119083308,5.095112119083308,-0.010177188962827318,1600.0,down,0.07114118578901531,-0.0662858372868589,-0.015032537464983727,0.0,0.03515625
30.26000072700117,0.0,-5.095112119083308,5.095112119083308,-0.005133868829914578,1600.0,down,0.07114118578901531,-0.06575227839344128,-0.010522776225488608,0.0,0.03515625
30.280001188000824,0.0,-5.004299752279334,5.004299752279334,-0.01460827777640649,1600.0,down,0.06987320594720879,-0.06522822934883722,-0.01925325437477806,0.0,0.033203125
30.300001092000457,0.0,-5.004299752279334,5.004299752279334,-0.008308252419369003,1600.0,down,0.06987320594720879,-0.06470418030423315,-0.013477278062344642,0.0,0.033203125
30.320000923000407,0.0,-4.9232347288700655,4.9232347288700655,-0.015492777069055254,1600.0,down,0.06874132469385039,-0.06418862036902927,-0.020045481393876373,0.0,0.033203125
30.340000717000294,0.0,-4.9232347288700655,4.9232347288700655,-0.00896357271568847,1600.0,down,0.06874132469385039,-0.0636730604338254,-0.01403183697571346,0.0,0.033203125
30.360000937000223,0.0,-4.9232347288700655,4.9232347288700655,-0.004238461687770546,1600.0,down,0.06874132469385039,-0.06315750049862151,-0.009822285882999422,0.0,0.033203125
30.38000095300049,0.0,-4.841461428248222,4.841461428248222,-0.012630649957100011,1600.0,down,0.06759955402499095,-0.06265050384343408,-0.017579700138656874,0.0,0.033203125
30.400000969000757,0.0,-4.841461428248222,4.841461428248222,-0.006849743260315521,1600.0,down,0.06759955402499095,-0.062143507188246655,-0.012305790097059812,0.0,0.033203125
30.420001022001088,0.0,-4.76358926207606,4.76358926207606,-0.013939907601706571,1600.0,down,0.06651225346869945,-0.06164466528723141,-0.018807495783174612,0.0,0.033203125
30.440001131000827,0.0,-4.76358926207606,4.76358926207606,-0.0077988169657389455,1600.0,down,0.06651225346869945,-0.061145823386216165,-0.013165247048222228,0.0,0.029296875
30.460000962000777,0.0,-4.76358926207606,4.76358926207606,-0.0033504009502570344,1600.0,down,0.06651225346869945,-0.060646981485200924,-0.009215672933755558,0.0,0.029296875
30.48000084800151,0.0,-4.693108719971677,4.693108719971677,-0.010304213276214533,1600.0,down,0.06552815945404986,-0.06015552028929555,-0.01567685244096884,0.0,0.02734375
30.500001031001375,0.0,-4.693108719971677,4.693108719971677,-0.0051096963480185,1600.0,down,0.06552815945404986,-0.05966405909339017,-0.010973796708678187,0.0,0.02734375
30.5200008060001,0.0,-4.624273769017939,4.624273769017939,-0.011304895755826928,1600.0,down,0.06456704222637663,-0.059179806276692344,-0.016692131705511214,0.0,0.02734375
30.54000104500119,0.0,-4.624273769017939,4.624273769017939,-0.005813003427475738,1600.0,down,0.06456704222637663,-0.05869555345999452,-0.01168449219385785,0.0,0.0234375
30.560000875000696,0.0,-4.624273769017939,4.624273769017939,-0.001823402952620557,1600.0,down,0.06456704222637663,-0.058211300643296694,-0.008179144535700494,0.0,0.0234375
30.580000984000435,0.0,-4.56822562779643,4.56822562779643,-0.0070105403355222844,1600.0,down,0.06378446254322616,-0.0577329171742225,-0.013062085704525944,0.0,0.021484375
30.600000981999983,0.0,-4.56822562779643,4.56822562779643,-0.0026135311550903057,1600.0,down,0.06378446254322616,-0.057254533705148304,-0.00914345999316816,0.0,0.021484375
30.620000868000716,0.0,-4.515599801140818,4.515599801140818,-0.007021120409557139,1600.0,down,0.06304966738584677,-0.05678166119975445,-0.01328912659564946,0.0,0.021484375
30.640001088000645,0.0,-4.515599801140818,4.515599801140818,-0.0025615099254684415,1600.0,down,0.06304966738584677,-0.056308788694360595,-0.009302388616954621,0.0,0.021484375
30.66000101100144,0.0,-4.515599801140818,4.515599801140818,0.0007020791650117963,1600.0,down,0.06304966738584677,-0.055835916188966744,-0.006511672031868234,0.0,0.021484375
30.68000110200046,0.0,-4.4686417710134725,4.4686417710134725,-0.0036789137120245476,1600.0,down,0.06239400959706848,-0.05536796111698873,-0.010704962192104294,0.0,0.017578125
30.700000821001595,0.0,-4.4686417710134725,4.4686417710134725,5.300175847612262e-07,1600.0,down,0.06239400959706848,-0.05490000604501071,-0.007493473534473005,0.0,0.017578125
30.72000078200108,0.0,-4.426438893291534,4.426438893291534,-0.0034014994366500656,1600.0,down,0.06180474626101698,-0.05443647044805309,-0.010769775249613957,0.0,0.017578125
30.740000798001347,0.0,-4.426438893291534,4.426438893291534,0.0002929687351917523,1600.0,down,0.06180474626101698,-0.05397293485109546,-0.007538842674729769,0.0,0.013671875
30.76000066600136,0.0,-4.426438893291534,4.426438893291534,0.0030181571345683136,1600.0,down,0.06180474626101698,-0.05350939925413783,-0.005277189872310838,0.0,0.013671875
30.78000090400019,0.0,-4.3972676746909105,4.3972676746909105,0.0008359842557316092,1600.0,down,0.061397439211897054,-0.053048918460048604,-0.0075125364961168405,0.0,0.013671875
30.80000082800143,0.0,-4.3972676746909105,4.3972676746909105,0.003550225998655886,1600.0,down,0.061397439211897054,-0.05258843766595938,-0.005258775547281788,0.0,0.013671875
30.820000751000407,0.0,-4.365709345930913,4.365709345930913,0.0010134217071731209,1600.0,down,0.06095680181726604,-0.05213126165232989,-0.007812118457763027,0.0,0.013671875
30.840001174999998,0.0,-4.365709345930913,4.365709345930913,0.003814233258131526,1600.0,down,0.06095680181726604,-0.05167408563870039,-0.005468482920434119,0.0,0.01171875
30.860001042001386,0.0,-4.365709345930913,4.365709345930913,0.005911954147891252,1600.0,down,0.06095680181726604,-0.0512169096250709,-0.003827938044303883,0.0,0.01171875
30.8800006700003,0.0,-4.347846830886306,4.347846830886306,0.004928035504822622,1600.0,down,0.0607073940570937,-0.0507616041696427,-0.005017754382628383,0.0,0.005859375
30.900000797000757,0.0,-4.347846830886306,4.347846830886306,0.006888667275039335,1600.0,down,0.0607073940570937,-0.0503062987142145,-0.003512428067839868,0.0,0.005859375
30.92000086799999,0.0,-4.329983804081884,4.329983804081884,0.0058081508925208105,1600.0,down,0.060457979151406376,-0.04985286387057895,-0.004796964388306612,0.0,0.005859375
30.94000090300142,0.0,-4.329983804081884,4.329983804081884,0.00770067505264834,1600.0,down,0.060457979151406376,-0.04939942902694341,-0.0033578750718146278,0.0,0.00390625
30.960000975001094,0.0,-4.329983804081884,4.329983804081884,0.009161472417828267,1600.0,down,0.060457979151406376,-0.04894599418330787,-0.0023505125502702394,0.0,0.00390625
30.98000088000117,0.0,-4.318671836625461,4.318671836625461,0.00868019850104074,1600.0,down,0.06030003428981195,-0.04849374392613428,-0.003126091862636929,0.0,0.005859375
31.00000091400034,0.0,-4.318671836625461,4.318671836625461,0.010070276317005408,1600.0,down,0.06030003428981195,-0.04804149366896069,-0.00218826430384585,0.0,0.005859375
31.02000065300126,0.0,-4.30810851891019,4.30810851891019,0.009647672882542948,1600.0,down,0.06015254255055938,-0.047590349599831494,-0.002914520068184937,0.0,0.005859375
31.040000872000746,0.0,-4.30810851891019,4.30810851891019,0.010973172972127618,1600.0,down,0.06015254255055938,-0.047139205530702305,-0.002040164047729456,0.0,0.001953125
31.060000796000168,0.0,-4.30810851891019,4.30810851891019,0.01203636625557565,1600.0,down,0.06015254255055938,-0.04668806146157311,-0.001428114833410619,0.0,0.001953125
31.08000077500037,0.0,-4.312200123652018,4.312200123652018,0.013509092634386046,1600.0,down,0.060209672130107465,-0.046236488920597306,-0.00046409057512411295,0.0,-0.001953125
31.1000009950003,0.0,-4.312200123652018,4.312200123652018,0.014099892347899084,1600.0,down,0.060209672130107465,-0.0457849163796215,-0.00032486340258687903,0.0,-0.001953125
31.120000898999933,0.0,-4.311531147291169,4.311531147291169,0.014551944381657193,1600.0,down,0.0602003314580156,-0.045333413893686385,-0.0003149731826720222,0.0,-0.001953125
31.140001323001343,0.0,-4.311531147291169,4.311531147291169,0.015097938822393919,1600.0,down,0.0602003314580156,-0.04488191140775127,-0.00022048122787041554,0.0,0.0
31.160000969000976,0.0,-4.311531147291169,4.311531147291169,0.01561558567669016,1600.0,down,0.0602003314580156,-0.04443040892181615,-0.00015433685950929087,0.0,0.0
31.180000891999953,0.0,-4.32276327659282,4.32276327659282,0.017741677844393303,1600.0,down,0.060357161568674426,-0.04397773021005109,0.0013622464857699643,0.0,0.001953125
31.200001038001574,0.0,-4.32276327659282,4.32276327659282,0.017785682610427376,1600.0,down,0.060357161568674426,-0.043525051498286026,0.000953572540038975,0.0,0.001953125
31.220000795001397,0.0,-4.326854365195713,4.326854365195713,0.018545362596701198,1600.0,down,0.060414283941563465,-0.0430719443687243,0.0012030230238620344,0.0,0.001953125
31.240001144000416,0.0,-4.326854365195713,4.326854365195713,0.018637562819104312,1600.0,down,0.060414283941563465,-0.04261883723916258,0.000842116116703424,0.0,-0.001953125
31.26000084500083,0.0,-4.326854365195713,4.326854365195713,0.01883803511365501,1600.0,down,0.060414283941563465,-0.042165730109600855,0.0005894812816923967,0.0,-0.001953125
31.280000621,0.0,-4.329315054969314,4.329315054969314,0.01947101679042138,1600.0,down,0.060448641652299066,-0.04171236529720861,0.0007347404353309247,0.0,0.001953125
31.300001100000372,0.0,-4.329315054969314,4.329315054969314,0.01970395947221434,1600.0,down,0.060448641652299066,-0.04125900048481637,0.0005143183047316473,0.0,0.001953125
31.32000085600157,0.0,-4.3325234868473,4.3325234868473,0.02046814569019113,1600.0,down,0.06049343981237651,-0.040805299686223546,0.0007800055640381684,0.0,0.001953125
31.340001021000717,0.0,-4.3325234868473,4.3325234868473,0.020687844819572507,1600.0,down,0.06049343981237651,-0.04035159888763072,0.0005460038948267179,0.0,0.0
31.36000090700145,0.0,-4.3325234868473,4.3325234868473,0.020977744449717315,1600.0,down,0.06049343981237651,-0.039897898089037896,0.0003822027263787025,0.0,0.0
31.38000084900159,0.0,-4.3325234868473,4.3325234868473,0.021316784430396536,1600.0,down,0.06049343981237651,-0.039444197290445064,0.0002675419084650917,0.0,0.0
31.400000643001476,0.0,-4.3325234868473,4.3325234868473,0.021690222656449834,1600.0,down,0.06049343981237651,-0.03899049649185224,0.0001872793359255642,0.0,0.0
31.420000788000834,0.0,-4.333405978602696,4.333405978602696,0.022215671878638307,1600.0,down,0.06050576172177918,-0.03853670327893889,0.0002466134357980144,0.0,0.0
31.440001379000023,0.0,-4.333405978602696,4.333405978602696,0.022595481060812248,1600.0,down,0.06050576172177918,-0.038082910066025544,0.00017262940505861007,0.0,-0.001953125
31.460000950000904,0.0,-4.333405978602696,4.333405978602696,0.022997485452208016,1600.0,down,0.06050576172177918,-0.037629116853112196,0.00012084058354102704,0.0,-0.001953125
31.4800006330006,0.0,-4.3366144104806805,4.3366144104806805,0.02388014338706298,1600.0,down,0.06055055988185662,-0.03717498765399827,0.0005045711592046303,0.0,0.001953125
31.50000085300053,0.0,-4.3366144104806805,4.3366144104806805,0.024182901238415513,1600.0,down,0.06055055988185662,-0.03672085845488435,0.00035319981144324116,0.0,0.001953125
31.520000702001198,0.0,-4.337418175505833,4.337418175505833,0.024647589936813746,1600.0,down,0.06056178255873765,-0.03626664508569381,0.0003524524637699122,0.0,0.001953125
31.540001051000218,0.0,-4.337418175505833,4.337418175505833,0.02499606756687331,1600.0,down,0.06056178255873765,-0.03581243171650328,0.0002467167246389385,0.0,0.0
31.56000067900095,0.0,-4.337418175505833,4.337418175505833,0.02537626591867216,1600.0,down,0.06056178255873765,-0.035358218347312745,0.00017270170724725695,0.0,0.0
31.580001009000625,0.0,-4.333405978602696,4.333405978602696,0.025197032435967312,1600.0,down,0.06050576172177918,-0.0349044251343994,-0.0004043041514124748,0.0,0.001953125
31.600001451000935,0.0,-4.333405978602696,4.333405978602696,0.025772116894304396,1600.0,down,0.06050576172177918,-0.034450631921486057,-0.00028301290598873235,0.0,0.001953125
31.620001060000504,0.0,-4.331826607090426,4.331826607090426,0.026081857153705635,1600.0,down,0.060483709535378155,-0.03399700409997072,-0.00040484828170180335,0.0,0.001953125
31.640001095000116,0.0,-4.331826607090426,4.331826607090426,0.02665693945973151,1600.0,down,0.060483709535378155,-0.033543376278455383,-0.00028339379719126233,0.0,-0.001953125
31.660000944000785,0.0,-4.331826607090426,4.331826607090426,0.027195585420404227,1600.0,down,0.060483709535378155,-0.033089748456940044,-0.00019837565803388363,0.0,-0.001953125
31.68000103400118,0.0,-4.328617276430371,4.328617276430371,0.027243478748542622,1600.0,down,0.060438898825935616,-0.03263645671574553,-0.0005589633616474671,0.0,0.0
31.700000995000664,0.0,-4.328617276430371,4.328617276430371,0.02786445949823138,1600.0,down,0.060438898825935616,-0.03218316497455101,-0.0003912743531532269,0.0,0.0
31.720000974000868,0.0,-4.332707310961215,4.332707310961215,0.02902805377617927,1600.0,down,0.0604960064812024,-0.03172944492594199,0.00026149222091885954,0.0,0.0
31.74000063800122,0.0,-4.332707310961215,4.332707310961215,0.02940332615851263,1600.0,down,0.0604960064812024,-0.031275724877332975,0.00018304455464320166,0.0,-0.001953125
31.760000821001086,0.0,-4.332707310961215,4.332707310961215,0.029802132840728683,1600.0,down,0.0604960064812024,-0.03082200482872396,0.00012813118825024116,0.0,-0.001953125
31.780000892000317,0.0,-4.33591664162127,4.33591664162127,0.030682660723649738,1600.0,down,0.06054081719064494,-0.03036794869979412,0.0005097922327989174,0.0,0.001953125
31.80000085300162,0.0,-4.33591664162127,4.33591664162127,0.0309837791827399,1600.0,down,0.06054081719064494,-0.029913892570864284,0.0003568545629592422,0.0,0.001953125
31.820001072001105,0.0,-4.332707310961215,4.332707310961215,0.030865531751994857,1600.0,down,0.0604960064812024,-0.029460172522255267,-0.00017030220695227904,0.0,-0.001953125
31.840001014001245,0.0,-4.332707310961215,4.332707310961215,0.031370342462689556,1600.0,down,0.0604960064812024,-0.02900645247364625,-0.00011921154486659532,0.0,-0.001953125
31.860001049000857,0.0,-4.332707310961215,4.332707310961215,0.031859825974758546,1600.0,down,0.0604960064812024,-0.028552732425037235,-8.344808140661672e-05,0.0,-0.001953125
31.880000880000807,0.0,-4.332707310961215,4.332707310961215,0.032338580447789554,1600.0,down,0.0604960064812024,-0.028099012376428218,-5.84136569846317e-05,0.0,0.001953125
31.900000989000546,0.0,-4.332707310961215,4.332707310961215,0.03280982459349396,1600.0,down,0.0604960064812024,-0.027645292327819204,-4.088955988924219e-05,0.0,0.001953125
31.92000078199999,0.0,-4.327036633399622,4.327036633399622,0.032453750125673475,1600.0,down,0.0604168288857874,-0.027192166111175798,-0.000770912648938124,0.0,0.0
31.940000780001355,0.0,-4.327036633399622,4.327036633399622,0.03313815013699832,1600.0,down,0.0604168288857874,-0.02673903989453239,-0.0005396388542566867,0.0,0.0
31.96000064800137,0.0,-4.327036633399622,4.327036633399622,0.03375316800991874,1600.0,down,0.0604168288857874,-0.026285913677888982,-0.00037774719797968066,0.0,0.0
31.98000079400117,0.0,-4.331049133961976,4.331049133961976,0.034901298746257206,1600.0,down,0.06047285396262835,-0.02583236727316927,0.00026081205679811766,0.0,-0.001953125
32.000001013000656,0.0,-4.331049133961976,4.331049133961976,0.03527660153393747,1600.0,down,0.06047285396262835,-0.025378820868449562,0.00018256843975868235,0.0,-0.001953125
32.02000106600099,0.0,-4.331049133961976,4.331049133961976,0.03567537740672958,1600.0,down,0.06047285396262835,-0.02492527446372985,0.00012779790783107764,0.0,0.0
32.04000074900068,0.0,-4.331049133961976,4.331049133961976,0.036090584439099974,1600.0,down,0.06047285396262835,-0.02447172805901014,8.945853548175434e-05,0.0,0.0
32.06000071000017,0.0,-4.331049133961976,4.331049133961976,0.036517293283175156,1600.0,down,0.06047285396262835,-0.024018181654290427,6.262097483722804e-05,0.0,0.0
32.08000089200141,0.0,-4.335138630946147,4.335138630946147,0.037544895699696976,1600.0,down,0.06052995411232768,-0.02356420699844797,0.000579148585817274,0.0,0.0
32.10000100100115,0.0,-4.335138630946147,4.335138630946147,0.03782512577979426,1600.0,down,0.06052995411232768,-0.02311023234260551,0.00040540401007209176,0.0,0.0
32.12000088700006,0.0,-4.335138630946147,4.335138630946147,0.03815747923261509,1600.0,down,0.06052995411232768,-0.022656257686763052,0.0002837828070504642,0.0,0.001953125
32.14000134800153,0.0,-4.335138630946147,4.335138630946147,0.038526319046342405,1600.0,down,0.06052995411232768,-0.022202283030920596,0.00019864796493532493,0.0,0.001953125
32.160001012000066,0.0,-4.335138630946147,4.335138630946147,0.03892069931270427,1600.0,down,0.06052995411232768,-0.021748308375078136,0.00013905357545472745,0.0,0.001953125
32.18000091700014,0.0,-4.335138630946147,4.335138630946147,0.03933295789591031,1600.0,down,0.06052995411232768,-0.02129433371923568,9.733750281830921e-05,0.0,-0.001953125
32.20000111800073,0.0,-4.335138630946147,4.335138630946147,0.039757731300907276,1600.0,down,0.06052995411232768,-0.02084035906339322,6.813625197281644e-05,0.0,-0.001953125
32.22000076400036,0.0,-4.331049133961976,4.331049133961976,0.0395984227769046,1600.0,down,0.06047285396262835,-0.02038681265867351,-0.0004876185270502428,0.0,0.001953125
32.240000947000226,0.0,-4.331049133961976,4.331049133961976,0.040198254739739384,1600.0,down,0.06047285396262835,-0.019933266253953797,-0.00034133296893516996,0.0,0.001953125
32.26000098100121,0.0,-4.331049133961976,4.331049133961976,0.040754201035139645,1600.0,down,0.06047285396262835,-0.01947971984923409,-0.00023893307825461897,0.0,0.001953125
32.28000103400154,0.0,-4.32449892584494,4.32449892584494,0.04032986303098068,1600.0,down,0.06038139580396184,-0.019026859380704374,-0.0010246733922767933,0.0,0.0
32.30000093900162,0.0,-4.32449892584494,4.32449892584494,0.041090125517193425,1600.0,down,0.06038139580396184,-0.01857399891217466,-0.0007172713745937553,0.0,0.0
32.32000121400051,0.0,-4.318828788625679,4.318828788625679,0.04093618434553766,1600.0,down,0.060302225753149065,-0.018121732219026042,-0.0012443091885853594,0.0,0.0
32.34000093400027,0.0,-4.318828788625679,4.318828788625679,0.04176174379526189,1600.0,down,0.060302225753149065,-0.017669465525877424,-0.0008710164320097515,0.0,0.0
32.36000063500069,0.0,-4.318828788625679,4.318828788625679,0.042475315418013436,1600.0,down,0.060302225753149065,-0.017217198832728806,-0.000609711502406826,0.0,0.0
32.38000070700036,0.0,-4.318828788625679,4.318828788625679,0.0431104955618841,1600.0,down,0.060302225753149065,-0.016764932139580187,-0.00042679805168477814,0.0,0.0
32.400000741999975,0.0,-4.318828788625679,4.318828788625679,0.043690801670538154,1600.0,down,0.060302225753149065,-0.01631266544643157,-0.00029875863617934465,0.0,0.0
32.42000098000062,0.0,-4.326051867392887,4.326051867392887,0.04527980435851526,1600.0,down,0.060403078958444004,-0.015859642354243243,0.0007363677543144964,0.0,0.0
32.44000132900146,0.0,-4.326051867392887,4.326051867392887,0.04551191712440923,1600.0,down,0.060403078958444004,-0.015406619262054912,0.0005154574280201474,0.0,0.0
32.460000975001094,0.0,-4.326051867392887,4.326051867392887,0.045810302988191526,1600.0,down,0.060403078958444004,-0.014953596169866582,0.00036082019961410316,0.0,0.0
32.48000089800007,0.0,-4.3187520131351205,4.3187520131351205,0.045096841700321216,1600.0,down,0.060301153765073,-0.014501337516628535,-0.00070297454812325,0.0,0.0
32.50000067400106,0.0,-4.3187520131351205,4.3187520131351205,0.04575999271799624,1600.0,down,0.060301153765073,-0.014049078863390487,-0.000492082183686275,0.0,0.0
32.52000100400073,0.0,-4.318828788625679,4.318828788625679,0.046371005942539886,1600.0,down,0.060302225753149065,-0.013596812170241869,-0.00033440764036730795,0.0,0.001953125
32.54000105800151,0.0,-4.318828788625679,4.318828788625679,0.0469235949277987,1600.0,down,0.060302225753149065,-0.01314454547709325,-0.00023408534825711556,0.0,0.001953125
32.56000068499998,0.0,-4.318828788625679,4.318828788625679,0.047446087225424455,1600.0,down,0.060302225753149065,-0.012692278783944633,-0.0001638597437799809,0.0,0.001953125
32.58000121900113,0.0,-4.318828788625679,4.318828788625679,0.04794751184170707,1600.0,down,0.060302225753149065,-0.012240012090796015,-0.00011470182064598662,0.0,0.001953125
32.60000119800134,0.0,-4.318828788625679,4.318828788625679,0.048434189081049475,1600.0,down,0.060302225753149065,-0.011787745397647396,-8.029127445219062e-05,0.0,0.001953125
32.62000125100167,0.0,-4.318828788625679,4.318828788625679,0.04891054315653375,1600.0,down,0.060302225753149065,-0.011335478704498778,-5.6203892116533435e-05,0.0,-0.001953125
32.64000080400001,0.0,-4.318828788625679,4.318828788625679,0.04937967101731733,1600.0,down,0.060302225753149065,-0.01088321201135016,-3.9342724481573404e-05,0.0,-0.001953125
32.660000969000976,0.0,-4.318828788625679,4.318828788625679,0.049843740527810425,1600.0,down,0.060302225753149065,-0.010430945318201542,-2.753990713710138e-05,0.0,-0.001953125
32.680000911001116,0.0,-4.321288797253036,4.321288797253036,0.050660889381052454,1600.0,down,0.060336573953288945,-0.009978421013551874,0.0003027364413153816,0.0,0.00390625
32.700001038001574,0.0,-4.321288797253036,4.321288797253036,0.051022592753307505,1600.0,down,0.060336573953288945,-0.009525896708902207,0.00021191550892076712,0.0,0.00390625
32.7200008130003,0.0,-4.325378459255025,4.325378459255025,0.05200440863168004,1600.0,down,0.06039367640707166,-0.009072944135849168,0.0006836763604575395,0.0,0.0
32.74000073600109,0.0,-4.325378459255025,4.325378459255025,0.052252258296595806,1600.0,down,0.06039367640707166,-0.008619991562796131,0.00047857345232027763,0.0,0.0
32.76000073400064,0.0,-4.325378459255025,4.325378459255025,0.05256163883395276,1600.0,down,0.06039367640707166,-0.008167038989743093,0.0003350014166241943,0.0,0.0
32.780000824001036,0.0,-4.322918264357878,4.322918264357878,0.05255744379108485,1600.0,down,0.06035932560611489,-0.00771434404769723,-8.753776733280886e-05,0.0,0.001953125
32.80000089600071,0.0,-4.322918264357878,4.322918264357878,0.05303640006333056,1600.0,down,0.06035932560611489,-0.007261649105651368,-6.12764371329662e-05,0.0,0.001953125
32.82000068900015,0.0,-4.319707686078702,4.319707686078702,0.053042049882068586,1600.0,down,0.06031449747662318,-0.006809290374576695,-0.0004631572199778961,0.0,-0.001953125
32.84000074300093,0.0,-4.319707686078702,4.319707686078702,0.05363335577913663,1600.0,down,0.06031449747662318,-0.006356931643502021,-0.00032421005398452726,0.0,-0.001953125
32.86000074000003,0.0,-4.319707686078702,4.319707686078702,0.05418297752640667,1600.0,down,0.06031449747662318,-0.0059045729124273475,-0.00022694703778916906,0.0,-0.001953125
32.88000092300172,0.0,-4.329467770039116,4.329467770039116,0.056118310925577,1600.0,down,0.06045077395692743,-0.0054511921077503925,0.0011187290763999607,0.0,0.0
32.90000086500004,0.0,-4.329467770039116,4.329467770039116,0.056236073007333964,1600.0,down,0.06045077395692743,-0.004997811303073437,0.0007831103534799725,0.0,0.0
32.92000069599999,0.0,-4.326257191759939,4.326257191759939,0.05598909265151909,1600.0,down,0.060405945827435706,-0.004544766709367669,0.00012791353345105688,0.0,0.001953125
32.94000098900142,0.0,-4.326257191759939,4.326257191759939,0.05640376318518954,1600.0,down,0.060405945827435706,-0.004091722115661901,8.953947341573981e-05,0.0,0.001953125
32.96000082000137,0.0,-4.326257191759939,4.326257191759939,0.056829945936870595,1600.0,down,0.060405945827435706,-0.003638677521956133,6.267763139101786e-05,0.0,0.001953125
32.980000909999944,0.0,-4.323796810659126,4.323796810659126,0.056907513056829596,1600.0,down,0.06037159242658529,-0.0031858905787567433,-0.00027818879099895255,0.0,0.0
