t,ref,angle,err,u,pwm,state,P,I,D,gz
7.769999683659989e-07,0.0,0.006830012548789455,-0.006830012548789455,0.0,1500,idle,0.0,0.0,0.0,0.0
0.020001542000045447,0.0,0.006830012548789455,-0.006830012548789455,0.0,1500,idle,0.0,0.0,0.0,0.0
0.04000047299996368,0.0,0.006830012548789455,-0.006830012548789455,0.0,1500,idle,0.0,0.0,0.0,0.0
0.060000830000262795,0.0,0.006830012548789455,-0.006830012548789455,0.0,1500,idle,0.0,0.0,0.0,0.0
0.08000066900012825,0.0,0.006830012548789455,-0.006830012548789455,0.0,1500,idle,0.0,0.0,0.0,0.0
0.10000085899991973,0.0,0.006830012548789455,-0.006830012548789455,0.0,1500,idle,0.0,0.0,0.0,0.0
0.12000090199990154,0.0,0.006830012548789455,-0.006830012548789455,0.0,1500,idle,0.0,0.0,0.0,0.0
0.1400006660001054,0.0,0.006830012548789455,-0.006830012548789455,0.0,1500,idle,0.0,0.0,0.0,0.0
0.1600004310002987,0.0,0.006830012548789455,-0.006830012548789455,0.0,1500,idle,0.0,0.0,0.0,0.0
0.18000041699997382,0.0,0.006830012548789455,-0.006830012548789455,0.0,1500,idle,0.0,0.0,0.0,0.0
0.20000038600028347,0.0,0.006830012548789455,-0.006830012548789455,0.0,1500,idle,0.0,0.0,0.0,0.0
0.22000033499989513,0.0,0.006830012548789455,-0.006830012548789455,0.0,1500,idle,0.0,0.0,0.0,0.0
0.24000034100026824,0.0,0.006830012548789455,-0.006830012548789455,0.0,1500,idle,0.0,0.0,0.0,0.0
0.2600003830002606,0.0,0.006830012548789455,-0.006830012548789455,0.0,1500,idle,0.0,0.0,0.0,0.0
0.28000048100011554,0.0,0.004948691755657819,-0.004948691755657819,0.0,1500,idle,0.0,0.0,0.0,0.0
0.3000005050002983,0.0,0.004948691755657819,-0.004948691755657819,0.0,1500,idle,0.0,0.0,0.0,0.0
0.32000032499990994,0.0,0.006480712108270836,-0.006480712108270836,0.0,1500,idle,0.0,0.0,0.0,0.0
0.3400007559998812,0.0,0.006480712108270836,-0.006480712108270836,0.0,1500,idle,0.0,0.0,0.0,0.0
0.3600003540000216,0.0,0.006480712108270836,-0.006480712108270836,0.0,1500,idle,0.0,0.0,0.0,0.0
0.3800014140001622,0.0,0.0021030221198543586,-0.0021030221198543586,0.0,1500,idle,0.0,0.0,0.0,0.0
0.40000086400004875,0.0,0.0021030221198543586,-0.0021030221198543586,0.0,1500,idle,0.0,0.0,0.0,0.0
0.42000096199990367,0.0,0.006290198490773946,-0.006290198490773946,0.0,1500,idle,0.0,0.0,0.0,0.0
0.440000634000171,0.0,0.006290198490773946,-0.006290198490773946,0.0,1500,idle,0.0,0.0,0.0,0.0
0.4600004910003008,0.0,0.006290198490773946,-0.006290198490773946,0.0,1500,idle,0.0,0.0,0.0,0.0
0.4800007230001029,0.0,0.006290198490773946,-0.006290198490773946,0.0,1500,idle,0.0,0.0,0.0,0.0
0.5000004600001375,0.0,0.006290198490773946,-0.006290198490773946,0.0,1500,idle,0.0,0.0,0.0,0.0
0.5200002520000453,0.0,0.005942210126363534,-0.005942210126363534,0.0,1500,idle,0.0,0.0,0.0,0.0
0.5400003220001963,0.0,0.005942210126363534,-0.005942210126363534,0.0,1500,idle,0.0,0.0,0.0,-0.00390625
0.5600003180002204,0.0,0.005942210126363534,-0.005942210126363534,0.0,1500,idle,0.0,0.0,0.0,-0.00390625
0.5800003700001071,0.0,-0.001091901541514062,0.001091901541514062,0.0,1500,idle,0.0,0.0,0.0,0.0
0.6000004030001946,0.0,-0.001091901541514062,0.001091901541514062,0.0,1500,idle,0.0,0.0,0.0,0.0
0.6200003439998909,0.0,-0.001091901541514062,0.001091901541514062,0.0,1500,idle,0.0,0.0,0.0,0.0
0.6400007470001583,0.0,-0.001091901541514062,0.001091901541514062,0.0,1500,idle,0.0,0.0,0.0,0.0
0.6600002989998757,0.0,-0.001091901541514062,0.001091901541514062,0.0,1500,idle,0.0,0.0,0.0,0.0
0.68000064700027,0.0,-0.005470614636635673,0.005470614636635673,0.0,1500,idle,0.0,0.0,0.0,-0.001953125
0.7000003460002517,0.0,-0.005470614636635673,0.005470614636635673,0.0,1500,idle,0.0,0.0,0.0,-0.001953125
0.7200003050002124,0.0,-0.0028152332886008935,0.0028152332886008935,0.0,1500,idle,0.0,0.0,0.0,-0.001953125
0.7400005049998981,0.0,-0.0028152332886008935,0.0028152332886008935,0.0,1500,idle,0.0,0.0,0.0,0.0
0.7600004270002501,0.0,-0.0028152332886008935,0.0028152332886008935,0.0,1500,idle,0.0,0.0,0.0,0.0
0.7800012190000416,0.0,0.0015636913830689991,-0.0015636913830689991,0.0,1500,idle,0.0,0.0,0.0,0.0
0.8000006420002137,0.0,0.0015636913830689991,-0.0015636913830689991,0.0,1500,idle,0.0,0.0,0.0,0.0
0.8200008230001004,0.0,0.0015636913830689991,-0.0015636913830689991,0.0,1500,idle,0.0,0.0,0.0,0.0
0.8400008369999341,0.0,0.0015636913830689991,-0.0015636913830689991,0.0,1500,idle,0.0,0.0,0.0,0.0
0.8600002779999159,0.0,0.0015636913830689991,-0.0015636913830689991,0.0,1500,idle,0.0,0.0,0.0,0.0
0.8800008850002996,0.0,-0.004694531592974727,0.004694531592974727,0.0,1500,idle,0.0,0.0,0.0,0.0
0.9000004919998901,0.0,-0.004694531592974727,0.004694531592974727,0.0,1500,idle,0.0,0.0,0.0,0.0
0.920000285000242,0.0,-0.0031626027265474477,0.0031626027265474477,0.0,1500,idle,0.0,0.0,0.0,0.0
0.9400012440000864,0.0,-0.0031626027265474477,0.0031626027265474477,0.0,1500,idle,0.0,0.0,0.0,0.0
0.9600007029998778,0.0,-0.0031626027265474477,0.0031626027265474477,0.0,1500,idle,0.0,0.0,0.0,0.0
0.9800006989999019,0.0,-0.007697127858563135,0.007697127858563135,0.0,1500,idle,0.0,0.0,0.0,-0.001953125
1.0000006210002539,0.0,-0.007697127858563135,0.007697127858563135,0.0,1500,idle,0.0,0.0,0.0,-0.001953125
1.0200006909999502,0.0,-0.007697127858563135,0.007697127858563135,0.0,1500,idle,0.0,0.0,0.0,-0.001953125
1.0400003720001223,0.0,-0.007697127858563135,0.007697127858563135,0.0,1500,idle,0.0,0.0,0.0,-0.001953125
1.0600006829999984,0.0,-0.007697127858563135,0.007697127858563135,0.0,1500,idle,0.0,0.0,0.0,-0.001953125
1.080000641999959,0.0,-0.011885161937016164,0.011885161937016164,0.0,1500,idle,0.0,0.0,0.0,0.001953125
1.100000490000184,0.0,-0.011885161937016164,0.011885161937016164,0.0,1500,idle,0.0,0.0,0.0,0.001953125
1.1200005420000707,0.0,-0.011885161937016164,0.011885161937016164,0.0,1500,idle,0.0,0.0,0.0,0.001953125
1.1400004269999044,0.0,-0.011885161937016164,0.011885161937016164,0.0,1500,idle,0.0,0.0,0.0,-0.001953125
1.160000312000193,0.0,-0.011885161937016164,0.011885161937016164,0.0,1500,idle,0.0,0.0,0.0,-0.001953125
1.180000770999868,0.0,-0.011885161937016164,0.011885161937016164,0.0,1500,idle,0.0,0.0,0.0,-0.001953125
1.200001044000146,0.0,-0.011885161937016164,0.011885161937016164,0.0,1500,idle,0.0,0.0,0.0,-0.001953125
1.2200013920000856,0.0,-0.011885161937016164,0.011885161937016164,0.0,1500,idle,0.0,0.0,0.0,-0.001953125
1.2400011110003106,0.0,-0.011885161937016164,0.011885161937016164,0.0,1500,idle,0.0,0.0,0.0,-0.001953125
1.260001181000007,0.0,-0.011885161937016164,0.011885161937016164,0.0,1500,idle,0.0,0.0,0.0,-0.001953125
1.2800015289999465,0.0,-0.011885161937016164,0.011885161937016164,0.0,1500,idle,0.0,0.0,0.0,0.0
1.3000008399999388,0.0,-0.011885161937016164,0.011885161937016164,0.0,1500,idle,0.0,0.0,0.0,0.0
1.320000964999963,0.0,-0.01607303264287907,0.01607303264287907,0.0,1500,idle,0.0,0.0,0.0,0.001953125
1.340000739000061,0.0,-0.01607303264287907,0.01607303264287907,0.0,1500,idle,0.0,0.0,0.0,0.001953125
1.3600007720001486,0.0,-0.01607303264287907,0.01607303264287907,0.0,1500,idle,0.0,0.0,0.0,0.001953125
1.3800008610000987,0.0,-0.011885161937016164,0.011885161937016164,0.0,1500,idle,0.0,0.0,0.0,0.0
1.4000010610002391,0.0,-0.011885161937016164,0.011885161937016164,0.0,1500,idle,0.0,0.0,0.0,0.0
1.4200017050002316,0.0,-0.011885161937016164,0.011885161937016164,0.0,1500,idle,0.0,0.0,0.0,0.001953125
1.4400012199998855,0.0,-0.011885161937016164,0.011885161937016164,0.0,1500,idle,0.0,0.0,0.0,0.001953125
1.4600011229999836,0.0,-0.011885161937016164,0.011885161937016164,0.0,1500,idle,0.0,0.0,0.0,0.001953125
1.4800009750001664,0.0,-0.01341765129484429,0.01341765129484429,0.0,1500,idle,0.0,0.0,0.0,0.0
1.5000008880001587,0.0,-0.01341765129484429,0.01341765129484429,0.0,1500,idle,0.0,0.0,0.0,0.0
1.5200006710001617,0.0,-0.01341765129484429,0.01341765129484429,0.0,1500,idle,0.0,0.0,0.0,0.0
1.540000899000006,0.0,-0.01341765129484429,0.01341765129484429,0.0,1500,idle,0.0,0.0,0.0,0.0
1.5600005340002099,0.0,-0.01341765129484429,0.01341765129484429,0.0,1500,idle,0.0,0.0,0.0,0.0
1.5800008539999908,0.0,-0.009038726623145976,0.009038726623145976,0.0,1500,idle,0.0,0.0,0.0,0.0
1.6000014149999515,0.0,-0.009038726623145976,0.009038726623145976,0.0,1500,idle,0.0,0.0,0.0,0.0
1.6200009570002294,0.0,-0.009038726623145976,0.009038726623145976,0.0,1500,idle,0.0,0.0,0.0,0.0
1.6400006660001054,0.0,-0.009038726623145976,0.009038726623145976,0.0,1500,idle,0.0,0.0,0.0,0.0
1.6600007639999603,0.0,-0.009038726623145976,0.009038726623145976,0.0,1500,idle,0.0,0.0,0.0,0.0
1.6800009359999422,0.0,-0.004503565593125813,0.004503565593125813,0.0,1500,idle,0.0,0.0,0.0,0.0
1.7000008489999345,0.0,-0.004503565593125813,0.004503565593125813,0.0,1500,idle,0.0,0.0,0.0,0.0
1.7200008540003182,0.0,-0.007159158517708875,0.007159158517708875,0.0,1500,idle,0.0,0.0,0.0,0.0
1.7400007670003106,0.0,-0.007159158517708875,0.007159158517708875,0.0,1500,idle,0.0,0.0,0.0,0.0
1.7600006980001126,0.0,-0.007159158517708875,0.007159158517708875,0.0,1500,idle,0.0,0.0,0.0,0.0
1.7800013890000628,0.0,-0.007159158517708875,0.007159158517708875,0.0,1500,idle,0.0,0.0,0.0,0.0
1.8000009870002032,0.0,-0.007159158517708875,0.007159158517708875,0.0,1500,idle,0.0,0.0,0.0,0.0
1.8200008260000686,0.0,-0.007159158517708875,0.007159158517708875,0.0,1500,idle,0.0,0.0,0.0,0.0
1.8400010529999236,0.0,-0.007159158517708875,0.007159158517708875,0.0,1500,idle,0.0,0.0,0.0,0.0
1.8600009100000534,0.0,-0.002780851269278628,0.002780851269278628,0.0,1500,idle,0.0,0.0,0.0,0.0
1.8800010640002256,0.0,-0.002780851269278628,0.002780851269278628,0.0,1500,idle,0.0,0.0,0.0,0.0
1.9000007360000382,0.0,-0.002780851269278628,0.002780851269278628,0.0,1500,idle,0.0,0.0,0.0,0.0
1.920000982000147,0.0,-0.002780851269278628,0.002780851269278628,0.0,1500,idle,0.0,0.0,0.0,0.0
1.9400007280000864,0.0,-0.002780851269278628,0.002780851269278628,0.0,1500,idle,0.0,0.0,0.0,0.0
1.9600015670002904,0.0,-0.002780851269278628,0.002780851269278628,0.0,1500,idle,0.0,0.0,0.0,0.0
1.9800011279999126,0.0,-0.002780851269278628,0.002780851269278628,0.0,1500,idle,0.0,0.0,0.0,0.0
2.000001022000106,-60.0,-0.002780851269278628,-59.99721914873072,-3.141447048557821,1670,kick,-3.141447048557821,0.0,0.0,0.0
2.020000730999982,-60.0,-0.002780851269278628,-59.99721914873072,-3.141447048557821,1670,kick,-3.141447048557821,0.0,0.0,0.0
2.040001550999932,-60.0,-0.002780851269278628,-59.99721914873072,-3.141447048557821,1670,kick,-3.141447048557821,0.0,0.0,0.0
2.0600006310000936,-60.0,-0.00431326523852249,-59.99568673476148,-3.1413668115500206,1670,kick,-3.1413668115500206,0.0,0.0,0.0
2.080001266000181,-60.0,-0.00431326523852249,-59.99568673476148,-3.1413668115500206,1670,kick,-3.1413668115500206,0.0,0.0,0.0
2.1000006409999514,-60.0,-0.00431326523852249,-59.99568673476148,-3.1413668115500206,1670,kick,-3.1413668115500206,0.0,0.0,0.0
2.12000077599987,-60.0,-0.0017847865520366213,-59.99821521344796,-3.138569514884458,1670,kick,-3.141499202384458,0.0,0.001171875,-0.001953125
2.140000782000243,-60.0,-0.0017847865520366213,-59.99821521344796,-3.1373976398844583,1670,kick,-3.141499202384458,0.0,0.001640625,-0.001953125
2.160000787000172,-60.0,-0.016340792845340957,-59.98365920715466,-3.136166739177181,1670,kick,-3.140737051677181,0.0,0.0018281249999999999,-0.001953125
2.18000092200009,-60.0,-0.016340792845340957,-59.98365920715466,-3.121330801677181,1670,kick,-3.140737051677181,0.0,0.0077624999999999994,-0.01171875
2.2000006870002835,-60.0,-0.016340792845340957,-59.98365920715466,-3.1153964266771808,1670,kick,-3.140737051677181,0.0,0.01013625,-0.01171875
2.2200008590002653,-60.0,-0.05841573879291673,-59.94158426120708,-3.1049602626590294,1670,kick,-3.1385340126590293,0.0,0.0134295,-0.015625
2.240000920000057,-60.0,-0.05841573879291673,-59.94158426120708,-3.1016670126590293,1670,kick,-3.1385340126590293,0.0,0.014746800000000001,-0.015625
2.2600007949999963,-60.0,-0.09653441237043126,-59.90346558762957,-3.098353823577767,1670,kick,-3.136538123577767,0.0,0.015273720000000001,-0.015625
2.280001282000285,-60.0,-0.09653441237043126,-59.90346558762957,-3.097826903577767,1670,kick,-3.136538123577767,0.0,0.015484488000000001,-0.015625
2.300000862000161,-60.0,-0.09653441237043126,-59.90346558762957,-3.097616135577767,1670,kick,-3.136538123577767,0.0,0.0155687952,-0.015625
2.3200009410002167,-60.0,-0.12296485406119473,-59.877035145938805,-3.0961479336869866,1670,kick,-3.1351542288869867,0.0,0.01560251808,-0.015625
2.340000632000283,-60.0,-0.12296485406119473,-59.877035145938805,-3.0961142108069866,1670,kick,-3.1351542288869867,0.0,0.015616007232,-0.015625
2.360000877999937,-60.0,-0.15016763818624668,-59.84983236181375,-3.0946763872089127,1670,kick,-3.1337298944409127,0.0,0.0156214028928,-0.015625
2.380001345999972,-60.0,-0.15016763818624668,-59.84983236181375,-3.1005303665481128,1670,kick,-3.1337298944409127,0.0,0.01327981115712,-0.01171875
2.4000008140001228,-60.0,-0.15016763818624668,-59.84983236181375,-3.1028719582837927,1670,kick,-3.1337298944409127,0.0,0.012343174462848,-0.01171875
2.420000801000242,-60.0,-0.17394871280376378,-59.826051287196236,-3.1142821708228503,1670,kick,-3.1324847202856985,0.0,0.0072810197851392,-0.00390625
2.440000603000044,-60.0,-0.17394871280376378,-59.826051287196236,-3.1193443255005593,1670,kick,-3.1324847202856985,0.0,0.00525615791405568,-0.00390625
2.4600006450000365,-60.0,-0.1837041077442052,-59.816295892255795,-3.1208583960870135,1670,kick,-3.1319739290010693,0.0,0.004446213165622272,-0.00390625
2.480001284000082,-60.0,-0.1837041077442052,-59.816295892255795,-3.115808965835447,1670,kick,-3.1319739290010693,0.0,0.006465985266248909,-0.0078125
2.500000855000053,-60.0,-0.1837041077442052,-59.816295892255795,-3.1137891937348203,1695.0,run,-3.1319739290010693,0.0,0.007273894106499564,-0.0078125
2.520000684000024,-60.0,-0.18504501336775547,-59.814954986632245,-3.124629825240301,1720.0,run,-3.1319037193468007,0.0,0.002909557642599826,0.0
2.5400007729999743,-60.0,-0.18504501336775547,-59.814954986632245,-3.1289941617042007,1745.0,run,-3.1319037193468007,0.0,0.0011638230570399303,0.0
2.5600006760000724,-60.0,-0.1771257996449549,-59.822874200355045,-3.131154545350656,1770.0,run,-3.132318368407696,0.0,0.00046552922281597217,0.0
2.5800010060002023,-60.0,-0.1771257996449549,-59.822874200355045,-3.13185283918488,1795.0,run,-3.132318368407696,0.0,0.00018621168912638888,0.0
2.6000009280000995,-60.0,-0.1771257996449549,-59.822874200355045,-3.1321321567185696,1820.0,run,-3.132318368407696,0.0,7.448467565055556e-05,0.0
2.6200007380002717,-60.0,-0.17283941425765192,-59.82716058574235,-3.100241755846099,1845.0,run,-3.1325428030217495,0.0,0.012920418870260221,-0.021484375
2.6400010120000843,-60.0,-0.17283941425765192,-59.82716058574235,-3.0873958216514894,1870.0,run,-3.1325428030217495,0.0,0.018058792548104087,-0.021484375
2.6600008790001084,-60.0,-0.24044837304055022,-59.75955162695945,-3.0787174511698256,1895.0,run,-3.1290028062179296,0.0,0.020114142019241634,-0.021484375
2.680001356000048,-60.0,-0.24044837304055022,-59.75955162695945,-3.023927726698688,1900.0,run,-3.1290028062179296,0.0,0.042030031807696655,-0.056640625
2.700001537999924,-60.0,-0.24044837304055022,-59.75955162695945,-3.002011836910233,1900.0,run,-3.1290028062179296,0.0,0.050796387723078665,-0.056640625
2.72000099700017,-60.0,-0.4336991335873108,-59.56630086641269,-2.904025332334278,1900.0,run,-3.1188842200573568,0.0,0.08594355508923147,-0.109375
2.740000936999877,-60.0,-0.4336991335873108,-59.56630086641269,-2.8688781649681254,1900.0,run,-3.1188842200573568,0.0,0.1000024220356926,-0.109375
2.7600007480000386,-60.0,-0.7968552599064935,-59.20314474009351,-2.8358044877124904,1900.0,run,-3.099869409748183,0.0,0.10562596881427705,-0.109375
2.780001115000232,-60.0,-0.7968552599064935,-59.20314474009351,-2.721782503433906,1900.0,run,-3.099869409748183,0.0,0.15123476252571083,-0.181640625
2.800000740000087,-60.0,-0.7968552599064935,-59.20314474009351,-2.6761737097224723,1900.0,run,-3.099869409748183,0.0,0.16947828001028434,-0.181640625
2.8200007180003013,-60.0,-1.3679944671900444,-58.632005532809956,-2.513767600774914,1900.0,run,-3.069964630785198,0.0,0.22247881200411374,-0.2578125
2.840001603000019,-60.0,-1.3679944671900444,-58.632005532809956,-2.4607670687810845,1900.0,run,-3.069964630785198,0.0,0.2436790248016455,-0.2578125
2.860000746999958,-60.0,-2.153385823411611,-57.84661417658839,-2.3984438607352425,1900.0,run,-3.028841635536888,0.0,0.2521591099206582,-0.2578125
2.8800010019999718,-60.0,-2.153385823411611,-57.84661417658839,-2.2815653381162297,1900.0,run,-3.028841635536888,0.0,0.29891051896826326,-0.330078125
2.9000008319999324,-60.0,-2.153385823411611,-57.84661417658839,-2.2348139290686246,1900.0,run,-3.028841635536888,0.0,0.3176110825873053,-0.330078125
2.920000697999967,-60.0,-3.1489549680006803,-56.85104503199932,-2.0614464244365545,1900.0,run,-2.9767137570238598,0.0,0.36610693303492214,-0.3984375
2.9400011390002874,-60.0,-3.1489549680006803,-56.85104503199932,-2.0129505739889373,1900.0,run,-2.9767137570238598,0.0,0.3855052732139689,-0.3984375
2.9600012640003115,-60.0,-4.349601636052057,-55.65039836394794,-1.9306865212781026,1900.0,run,-2.9138480444920716,0.0,0.39326460928558754,-0.3984375
2.9800009460000183,-60.0,-4.349601636052057,-55.65039836394794,-1.814528747706484,1900.0,run,-2.9138480444920716,0.0,0.439727718714235,-0.470703125
3.000001201000032,-60.0,-4.349601636052057,-55.65039836394794,-1.7680656382778366,1900.0,run,-2.9138480444920716,0.0,0.458312962485694,-0.470703125
3.0200009380000665,-60.0,-5.74652996116609,-54.25347003883391,-1.5679389609435488,1900.0,run,-2.8407050484292427,0.0,0.5091064349942775,-0.54296875
3.0400010270000166,-60.0,-5.74652996116609,-54.25347003883391,-1.5171454884349653,1900.0,run,-2.8407050484292427,0.0,0.5294238239977109,-0.54296875
3.0600007820003157,-60.0,-7.348038871741238,-52.65196112825876,-1.4129732889628404,1900.0,run,-2.7568502379605513,0.0,0.5375507795990844,-0.54296875
3.080001297000308,-60.0,-7.348038871741238,-52.65196112825876,-1.305236958361467,1900.0,run,-2.7568502379605513,0.0,0.5806453118396337,-0.609375
3.100000793000163,-60.0,-7.348038871741238,-52.65196112825876,-1.2621424261209175,1900.0,run,-2.7568502379605513,0.0,0.5978831247358535,-0.609375
3.120001029999912,-60.0,-9.144803633345077,-50.85519636665492,-1.033638730303304,1900.0,run,-2.6627718550391575,0.0,0.6516532498943414,-0.6875
3.140000692000285,-60.0,-9.144803633345077,-50.85519636665492,-0.9798686051448162,1894.8664943119281,run,-2.6627718550391575,0.0,0.6731612999577365,-0.6875
3.1600007070001084,-60.0,-11.162779291667817,-48.83722070833218,-0.8526995966929249,1869.8664943119281,run,-2.5571108966506615,0.0,0.6817645199830946,-0.6875
3.180001109999921,-60.0,-11.162779291667817,-48.83722070833218,-0.7474166891675669,1844.8664943119281,run,-2.5571108966506615,0.0,0.7238776829932378,-0.751953125
3.2000009210000826,-60.0,-11.162779291667817,-48.83722070833218,-0.7053035261574234,1824.852399170143,run,-2.5571108966506615,0.0,0.7407229481972952,-0.751953125
3.220012768000288,-60.0,-13.354870630531877,-46.64512936946812,-0.4916493768504808,1799.852399170143,run,-2.442333262547776,0.0,0.7802735542789181,-0.806640625
3.240001117000247,-60.0,-13.354870630531877,-46.64512936946812,-0.45209877076885796,1774.852399170143,run,-2.442333262547776,0.0,0.7960937967115672,-0.806640625
3.2600008170002184,-60.0,-15.698818547196993,-44.30118145280301,-0.31354970241300517,1749.852399170143,run,-2.319604436624572,0.0,0.8024218936846268,-0.806640625
3.2800013690002743,-60.0,-15.698818547196993,-44.30118145280301,-0.23104973043994548,1724.852399170143,run,-2.319604436624572,0.0,0.8354218824738506,-0.857421875
3.3000008829999388,-60.0,-15.698818547196993,-44.30118145280301,-0.19804974165072142,1699.852399170143,run,-2.319604436624572,0.0,0.8486218779895403,-0.857421875
3.3200006760002907,-60.0,-18.161560746531734,-41.838439253468266,-0.020744616116438408,1500,idle,-2.1906555566059787,0.0,0.867964376195816,-0.880859375
3.340000801000315,-60.0,-18.161560746531734,-41.838439253468266,-0.001402117910162648,1500,idle,-2.1906555566059787,0.0,0.8757013754783264,-0.880859375
3.360000796999884,-60.0,-20.669131412316972,-39.33086858768303,0.1376309744054831,1500,idle,-2.059359463572843,0.0,0.8787961751913305,-0.880859375
3.380000830999961,-60.0,-20.669131412316972,-39.33086858768303,0.1407257741184873,1500,idle,-2.059359463572843,0.0,0.8800340950765322,-0.880859375
3.4000008640000488,-60.0,-20.669131412316972,-39.33086858768303,0.14196369400368924,1500,idle,-2.059359463572843,0.0,0.8805292630306129,-0.880859375
3.420000767000147,-60.0,-23.16599387647213,-36.83400612352787,0.2497567748646694,1500,idle,-1.9286240506659436,0.0,0.8713523302122452,-0.865234375
3.4400008190000335,-60.0,-23.16599387647213,-36.83400612352787,0.2405798420463019,1500,idle,-1.9286240506659436,0.0,0.8676815570848981,-0.865234375
3.460000926000248,-60.0,-25.626977004687973,-34.37302299531203,0.3657658441891436,1500,dwell,-1.7997672753957548,0.0,0.8662132478339593,-0.865234375
3.480001259999881,-60.0,-25.626977004687973,-34.37302299531203,0.3525787849382045,1500,dwell,-1.7997672753957548,0.0,0.8609384241335837,-0.857421875
3.500001839000106,-60.0,-25.626977004687973,-34.37302299531203,0.34730396123782903,1500,dwell,-1.7997672753957548,0.0,0.8588284946534335,-0.857421875
3.5200009000000136,-60.0,-28.057162876887304,-31.942837123112696,0.4548601414736644,1500,dwell,-1.6725230406797693,0.0,0.8509532728613735,-0.845703125
3.540000794000207,-60.0,-28.057162876887304,-31.942837123112696,0.44698491968160425,1500,dwell,-1.6725230406797693,0.0,0.8478031841445495,-0.845703125
3.5600006140002733,-60.0,-30.47013921916175,-29.52986078083825,0.5701779768010364,1500,dwell,-1.5461798948435133,0.0,0.8465431486578199,-0.845703125
3.5800005450000754,-60.0,-30.47013921916175,-29.52986078083825,0.5601288788143066,1500,dwell,-1.5461798948435133,0.0,0.842523509463128,-0.83984375
3.600000717000057,-60.0,-30.47013921916175,-29.52986078083825,0.5561092396196148,1500,dwell,-1.5461798948435133,0.0,0.8409156537852512,-0.83984375
3.620000889000039,-60.0,-32.845629440238866,-27.154370559761134,0.6613036360619087,1380,kick,-1.4217995177233425,0.0,0.8332412615141005,-0.828125
3.640001375999873,-60.0,-32.845629440238866,-27.154370559761134,0.6536292437907578,1380,kick,-1.4217995177233425,0.0,0.8301715046056402,-0.828125
3.6600006960002247,-60.0,-35.18420351479756,-24.81579648520244,0.7730069390907834,1380,kick,-1.2993520655148565,0.0,0.828943601842256,-0.828125
3.680000978999942,-60.0,-35.18420351479756,-24.81579648520244,0.7512712238273993,1380,kick,-1.2993520655148565,0.0,0.8202493157369024,-0.814453125
3.7000011140003153,-60.0,-35.18420351479756,-24.81579648520244,0.7425769377220459,1380,kick,-1.2993520655148565,0.0,0.816771601294761,-0.814453125
3.7200008230001913,-60.0,-37.4950773062842,-22.5049226937158,0.8337291045583646,1355.0,run,-1.1783549967363962,0.0,0.8048336405179044,-0.796875
3.7400010320002366,-60.0,-37.4950773062842,-22.5049226937158,0.8217911437815082,1330.0,run,-1.1783549967363962,0.0,0.8000584562071618,-0.796875
3.760001000000102,-60.0,-39.74862511415955,-20.25137488584045,0.935011446766342,1305.0,run,-1.0603595094408198,0.0,0.7981483824828647,-0.796875
3.7800009319998935,-60.0,-39.74862511415955,-20.25137488584045,0.903804498042045,1280.0,run,-1.0603595094408198,0.0,0.7856656029931459,-0.77734375
3.800000973999886,-60.0,-39.74862511415955,-20.25137488584045,0.8913217185523261,1255.0,run,-1.0603595094408198,0.0,0.7806724911972583,-0.77734375
3.8200010159998783,-60.0,-41.938640967183716,-18.061359032816284,0.9453335061748703,1230.0,run,-0.9456905475223881,0.0,0.7564096214789033,-0.740234375
3.8400007620002725,-60.0,-41.938640967183716,-18.061359032816284,0.9210706364565152,1205.0,run,-0.9456905475223881,0.0,0.7467044735915613,-0.740234375
3.8600007860000005,-60.0,-43.999873671318966,-16.000126328681034,1.019291380580012,1180.0,run,-0.8377646555115494,0.0,0.7428224144366246,-0.740234375
3.8800011799999083,-60.0,-43.999873671318966,-16.000126328681034,0.9011515089250752,1155.0,run,-0.8377646555115494,0.0,0.6955664657746499,-0.6640625
3.900001500000144,-60.0,-43.999873671318966,-16.000126328681034,0.8538955602631004,1143.83133192107,run,-0.8377646555115494,0.0,0.67666408630986,-0.6640625
3.920000987000094,-60.0,-45.77738927279941,-14.222610727200589,0.6995480550525139,1168.83133192107,run,-0.7446941562573459,0.0,0.577696884523944,-0.51171875
3.9400005850002344,-60.0,-45.77738927279941,-14.222610727200589,0.6005808532665982,1193.83133192107,run,-0.7446941562573459,0.0,0.5381100038095776,-0.51171875
3.9600009050000153,-60.0,-47.01949488398742,-12.98050511601258,0.6260304702704136,1212.190858918876,run,-0.679657658539164,0.0,0.522275251523831,-0.51171875
3.9800007250000817,-60.0,-47.01949488398742,-12.98050511601258,0.23519571798466687,1237.190858918876,run,-0.679657658539164,0.0,0.36594135060953237,-0.26171875
4.000000397999884,-60.0,-47.01949488398742,-12.98050511601258,0.07886181707036832,1262.190858918876,run,-0.679657658539164,0.0,0.3034077902438129,-0.26171875
4.020000755000183,-60.0,-47.5307516392329,-12.469248360767097,-0.3231133396890617,1500,idle,-0.6528883174328747,0.0,0.1319099910975252,-0.017578125
4.040000704000249,-60.0,-47.5307516392329,-12.469248360767097,-0.49461113883534946,1500,dwell,-0.6528883174328747,0.0,0.06331087143901008,-0.017578125
4.060000727999977,-60.0,-47.414309107111535,-12.585690892888465,-0.569307175218496,1500,dwell,-0.6589852341575061,0.0,0.03587122357560403,-0.017578125
4.080001067000012,-60.0,-47.414309107111535,-12.585690892888465,-0.8340515105819021,1500,dwell,-0.6589852341575061,0.0,-0.07002651056975838,0.140625
4.100000682999962,-60.0,-47.414309107111535,-12.585690892888465,-0.9399492447272645,1500,dwell,-0.6589852341575061,0.0,-0.11238560422790335,0.140625
4.120000781000272,-60.0,-46.9761275552907,-13.023872444709298,-1.0316186582877245,1500,dwell,-0.6819283665598211,0.0,-0.13987611669116135,0.158203125
4.140000990000317,-60.0,-46.9761275552907,-13.023872444709298,-1.0591091707509825,1500,dwell,-0.6819283665598211,0.0,-0.15087232167646453,0.158203125
4.1600008840000555,-60.0,-46.50353726234627,-13.49646273765373,-1.0948501456108204,1500,dwell,-0.7066731364343557,0.0,-0.15527080367058582,0.158203125
4.180001018999974,-60.0,-46.50353726234627,-13.49646273765373,-1.1051080026049416,1500,dwell,-0.7066731364343557,0.0,-0.15937394646823433,0.162109375
4.200000672999977,-60.0,-46.50353726234627,-13.49646273765373,-1.10921114540259,1670,kick,-0.7066731364343557,0.0,-0.1610152035872937,0.162109375
4.220001011000022,-60.0,-46.04151859908694,-13.958481400913058,-1.1262545806602642,1670,kick,-0.7308643770729705,0.0,-0.1581560814349175,0.15625
4.240000961000078,-60.0,-46.04151859908694,-13.958481400913058,-1.123395458507888,1670,kick,-0.7308643770729705,0.0,-0.15701243257396702,0.15625
4.260000985000261,-60.0,-45.59902613407121,-14.40097386592879,-1.1454206609363085,1670,kick,-0.7540332283623415,0.0,-0.15655497302958682,0.15625
4.280001564000031,-60.0,-45.59902613407121,-14.40097386592879,-1.1156663263919284,1670,kick,-0.7540332283623415,0.0,-0.14465323921183473,0.13671875
4.300000791999992,-60.0,-45.59902613407121,-14.40097386592879,-1.1037645925741764,1670,kick,-0.7540332283623415,0.0,-0.1398925456847339,0.13671875
4.320001130000037,-60.0,-45.21146027887491,-14.78853972112509,-1.0841405497715244,1670,kick,-0.7743261290867905,0.0,-0.12392576827389355,0.11328125
4.340001135999955,-60.0,-45.21146027887491,-14.78853972112509,-1.0681737723606841,1670,kick,-0.7743261290867905,0.0,-0.11753905730955741,0.11328125
4.360000604000106,-60.0,-44.92574074614612,-15.074259253853882,-1.0767473011464792,1670,kick,-0.7892863688369218,0.0,-0.11498437292382296,0.11328125
4.380000943000141,-60.0,-44.92574074614612,-15.074259253853882,-1.0155988667607447,1670,kick,-0.7892863688369218,0.0,-0.09052499916952919,0.07421875
4.4000006149999535,-60.0,-44.92574074614612,-15.074259253853882,-0.991139493006451,1670,kick,-0.7892863688369218,0.0,-0.08074124966781168,0.07421875
4.420000712000274,-60.0,-44.742132685497836,-15.257867314502164,-0.9382350640792755,1670,kick,-0.7989000644114638,0.0,-0.05573399986712468,0.0390625
4.440000755000256,-60.0,-44.742132685497836,-15.257867314502164,-0.9132278142785885,1670,kick,-0.7989000644114638,0.0,-0.045731099946849874,0.0390625
4.460000778999984,-60.0,-44.65519259269237,-15.344807407307627,-0.9077770869726479,1670,kick,-0.803452237025798,0.0,-0.04172993997873995,0.0390625
4.48000114000024,-60.0,-44.65519259269237,-15.344807407307627,-0.856900927004538,1670,kick,-0.803452237025798,0.0,-0.02137947599149598,0.0078125
4.500001099000201,-60.0,-44.65519259269237,-15.344807407307627,-0.8365504630172941,1670,kick,-0.803452237025798,0.0,-0.013239290396598394,0.0078125
4.520001187000162,-60.0,-44.66432176888796,-15.335678231112041,-0.7839869623745735,1670,kick,-0.8029742344779751,0.0,0.007594908841360642,-0.021484375
4.5400008500000695,-60.0,-44.66432176888796,-15.335678231112041,-0.7631527631366145,1670,kick,-0.8029742344779751,0.0,0.015928588536544257,-0.021484375
4.56000080900003,-60.0,-44.75002433470996,-15.249975665290037,-0.7503317075884274,1670,kick,-0.7984868586249716,0.0,0.019262060414617702,-0.021484375
4.580000730999927,-60.0,-44.75002433470996,-15.249975665290037,-0.711841985710354,1670,kick,-0.7984868586249716,0.0,0.03465794916584708,-0.044921875
4.600000948999877,-60.0,-44.75002433470996,-15.249975665290037,-0.6964460969591245,1670,kick,-0.7984868586249716,0.0,0.04081630466633883,-0.044921875
4.620000981999965,-60.0,-44.88263987476418,-15.11736012523582,-0.6657658830188633,1670,kick,-0.7915431251852021,0.0,0.05031089686653553,-0.056640625
4.640000997000243,-60.0,-44.88263987476418,-15.11736012523582,-0.6562712908186665,1670,kick,-0.7915431251852021,0.0,0.05410873374661421,-0.056640625
4.660001195999939,-60.0,-45.05647568043349,-14.943524319566507,-0.6433714324382284,1670,kick,-0.7824411036848425,0.0,0.05562786849864568,-0.056640625
4.680001340000217,-60.0,-45.05647568043349,-14.943524319566507,-0.6213444851861969,1670,kick,-0.7824411036848425,0.0,0.06443864739945826,-0.0703125
4.700001207000241,-60.0,-45.05647568043349,-14.943524319566507,-0.6125337062853843,1695.0,run,-0.7824411036848425,0.0,0.0679629589597833,-0.0703125
4.72000086900016,-60.0,-45.27536137007496,-14.724638629925039,-0.585829816815833,1720.0,run,-0.7709802757756163,0.0,0.07406018358391332,-0.078125
4.740000883999983,-60.0,-45.27536137007496,-14.724638629925039,-0.579732592191703,1745.0,run,-0.7709802757756163,0.0,0.07649907343356532,-0.078125
4.760000732000208,-60.0,-45.51730984064284,-14.482690159357162,-0.5646253100473289,1770.0,run,-0.7583118834808942,0.0,0.07747462937342613,-0.078125
4.780000653000116,-60.0,-45.51730984064284,-14.482690159357162,-0.5343528791074681,1781.2599841724043,run,-0.7583118834808942,0.0,0.08958360174937045,-0.09765625
4.800000926999928,-60.0,-45.51730984064284,-14.482690159357162,-0.5222439067315237,1778.1721962165384,run,-0.7583118834808942,0.0,0.09442719069974818,-0.09765625
4.820000831000016,-60.0,-45.80796966708053,-14.192030332919472,-0.46409546735730717,1763.3443441761133,run,-0.7430929705570554,0.0,0.11159900127989927,-0.123046875
4.840000808000241,-60.0,-45.80796966708053,-14.192030332919472,-0.4469236567771561,1758.9655324781747,run,-0.7430929705570554,0.0,0.1184677255119597,-0.123046875
4.8600010079999265,-60.0,-46.22294851464454,-13.777051485355457,-0.41832669089672453,1751.6733061786647,run,-0.7213647289086842,0.0,0.12121521520478387,-0.123046875
4.8800009300002785,-60.0,-46.22294851464454,-13.777051485355457,-0.35112607620390035,1734.5371494319945,run,-0.7213647289086842,0.0,0.14809546108191354,-0.166015625
4.900001221999901,-60.0,-46.22294851464454,-13.777051485355457,-0.3242458303267707,1727.6826867333266,run,-0.7213647289086842,0.0,0.1588475594327654,-0.166015625
4.920001107000189,-60.0,-46.76876386671245,-13.231236133287553,-0.23511021947136795,1704.9531059651988,run,-0.6927859039041333,0.0,0.18307027377310614,-0.19921875
4.940000916999907,-60.0,-46.76876386671245,-13.231236133287553,-0.21088750513102716,1698.776313808412,run,-0.6927859039041333,0.0,0.19275935950924244,-0.19921875
4.9600012470000365,-60.0,-47.408143475608966,-12.591856524391034,-0.16772058135881723,1687.7687482464985,run,-0.6593080658680597,0.0,0.19663499380369698,-0.19921875
4.980001464999987,-60.0,-47.408143475608966,-12.591856524391034,-0.12282932206436281,1676.3214771264124,run,-0.6593080658680597,0.0,0.21459149752147877,-0.2265625
5.000000665000243,-60.0,-47.408143475608966,-12.591856524391034,-0.10487281834658091,1671.7425686783781,run,-0.6593080658680597,0.0,0.22177409900859152,-0.2265625
5.020001068000056,-60.0,-48.11360661848187,-11.886393381518133,-0.043174128075670226,1500,idle,-0.6223701020842618,0.0,0.23167838960343662,-0.23828125
5.0400010080002176,-60.0,-48.11360661848187,-11.886393381518133,-0.033269837480825126,1500,idle,-0.6223701020842618,0.0,0.23564010584137465,-0.23828125
5.060000875000242,-60.0,-48.870771036082346,-11.129228963917654,0.010336914955333842,1500,idle,-0.5827250658860408,0.0,0.23722479233654986,-0.23828125
5.080001056000128,-60.0,-48.870771036082346,-11.129228963917654,0.020710663950509134,1500,idle,-0.5827250658860408,0.0,0.24137429193461996,-0.244140625
5.100000922000163,-60.0,-48.870771036082346,-11.129228963917654,0.02486016354857923,1500,idle,-0.5827250658860408,0.0,0.243034091773848,-0.244140625
5.1200011770001765,-60.0,-49.73415983232363,-10.265840167676373,0.06586752004552954,1500,idle,-0.5375181342283184,0.0,0.2413542617095392,-0.240234375
5.140000692000285,-60.0,-49.73415983232363,-10.265840167676373,0.06418768998122082,1500,idle,-0.5375181342283184,0.0,0.24068232968381567,-0.240234375
5.1600007619999815,-60.0,-50.554207244964374,-9.445792755035626,0.10546417897040367,1500,idle,-0.4945805521091936,-0.003297203680727958,0.24041355687352628,-0.240234375
5.180000720999942,-60.0,-50.554207244964374,-9.445792755035626,0.09248749505589576,1500,idle,-0.4945805521091936,-0.006594407361455916,0.2356185477494105,-0.232421875
5.200000735000231,-60.0,-50.554207244964374,-9.445792755035626,0.08670332482756171,1500,idle,-0.4945805521091936,-0.009891611042183873,0.23370054409976418,-0.232421875
5.220001230999969,-60.0,-51.34899335651875,-8.651006643481253,0.11963491836791185,1500,idle,-0.4529656486219533,-0.012911382032996894,0.2305895926399057,-0.228515625
5.240001005000067,-60.0,-51.34899335651875,-8.651006643481253,0.11561803561080947,1500,idle,-0.4529656486219533,-0.015931153023809916,0.22934521205596228,-0.228515625
5.260001038000155,-60.0,-51.998166923509984,-8.001833076490016,0.14752635350932675,1500,idle,-0.4189750001392141,-0.018724319691404676,0.2288474598223849,-0.228515625
5.280000792999999,-60.0,-51.998166923509984,-8.001833076490016,0.13447190127547087,1500,idle,-0.4189750001392141,-0.021517486358999437,0.22396085892895395,-0.220703125
5.300001270999928,-60.0,-51.998166923509984,-8.001833076490016,0.1287473503817616,1500,idle,-0.4189750001392141,-0.024310653026594197,0.2220062185715816,-0.220703125
5.32000096999991,-60.0,-52.626427108866466,-7.373572891133534,0.1501271151578542,1500,idle,-0.3860793737582327,-0.02688451551831575,0.21770873742863264,-0.21484375
5.3400010770001245,-60.0,-52.626427108866466,-7.373572891133534,0.1450574752673887,1500,idle,-0.3860793737582327,-0.0294583780100373,0.21598974497145307,-0.21484375
5.360000981000212,-60.0,-53.24696918636069,-6.753030813639313,0.17512281427540927,1500,idle,-0.3535878665599128,-0.031815630453770054,0.21530214798858122,-0.21484375
5.380001476999951,-60.0,-53.24696918636069,-6.753030813639313,0.16786866655941762,1500,idle,-0.3535878665599128,-0.0341728828975028,0.2126833591954325,-0.2109375
5.400001547000102,-60.0,-53.24696918636069,-6.753030813639313,0.16454270203314897,1500,idle,-0.3535878665599128,-0.03653013534123555,0.211635843678173,-0.2109375
5.420001061000221,-60.0,-53.847288842348064,-6.152711157651936,0.18256478979439655,1500,idle,-0.3221552028756546,-0.03867783669373991,0.20652933747126923,-0.203125
5.440001150000171,-60.0,-53.847288842348064,-6.152711157651936,0.17681397318174136,1500,idle,-0.3221552028756546,-0.040825538046244274,0.2044867349885077,-0.203125
5.460001720000037,-60.0,-54.436365066125134,-5.563634933874866,0.20503270716150357,1500,idle,-0.29131124392528024,-0.04276761300574614,0.20366969399540308,-0.203125
5.480000627000209,-60.0,-54.436365066125134,-5.563634933874866,0.19777366868054846,1500,idle,-0.29131124392528024,-0.04470968796524801,0.20099912759816124,-0.19921875
5.5000008179999895,-60.0,-54.436365066125134,-5.563634933874866,0.194520479795456,1500,idle,-0.29131124392528024,-0.04665176292474988,0.19993090103926447,-0.19921875
5.520000655999866,-60.0,-55.000287724330576,-4.999712275669424,0.21073685592823316,1500,idle,-0.2617843225884295,-0.048396991742006075,0.1948161104157058,-0.19140625
5.540000698000313,-60.0,-55.000287724330576,-4.999712275669424,0.20509849665949764,1500,idle,-0.2617843225884295,-0.05014222055926227,0.19277019416628233,-0.19140625
5.560000611000305,-60.0,-55.522876480503996,-4.477123519496004,0.22994642041885607,1500,idle,-0.23442163930104543,-0.051705031487935905,0.19195182766651292,-0.19140625
5.58000059699998,-60.0,-55.522876480503996,-4.477123519496004,0.21987014814048456,1500,idle,-0.23442163930104543,-0.05326784241660954,0.18810885606660516,-0.185546875
5.600000472999909,-60.0,-55.522876480503996,-4.477123519496004,0.2155583332619747,1500,idle,-0.23442163930104543,-0.05483065334528318,0.18657166742664205,-0.185546875
5.620000737000282,-60.0,-56.02811236738131,-3.9718876326186887,0.22541086119748938,1500,idle,-0.20796755012531715,-0.05621710367945196,0.18009741697065684,-0.17578125
5.640000852999947,-60.0,-56.02811236738131,-3.9718876326186887,0.21852067564125346,1500,idle,-0.20796755012531715,-0.05760355401362074,0.17750771678826274,-0.17578125
5.6600009510002565,-60.0,-56.53821286880827,-3.461787131191727,0.24227725775612813,1500,idle,-0.18125875032739358,-0.05881194568247003,0.17647183671530509,-0.17578125
5.680000919000122,-60.0,-56.53821286880827,-3.461787131191727,0.2262304226825157,1500,idle,-0.18125875032739358,-0.06002033735131932,0.17019810968612203,-0.166015625
5.700001128000167,-60.0,-56.53821286880827,-3.461787131191727,0.21959417815267787,1500,idle,-0.18125875032739358,-0.06122872902016861,0.1676886188744488,-0.166015625
5.720001021999906,-60.0,-57.03690245052999,-2.9630975494700067,0.23995603043054053,1500,idle,-0.15514742488808153,-0.062263045186089154,0.16551294754977952,-0.1640625
5.740000990000226,-60.0,-57.03690245052999,-2.9630975494700067,0.23747006425609507,1500,idle,-0.15514742488808153,-0.0632973613520097,0.1646426790199118,-0.1640625
5.760000699000102,-60.0,-57.529189800627535,-2.4708101993724654,0.26211715846256234,1500,idle,-0.12937131951272116,-0.06415983681542783,0.16429457160796473,-0.1640625
5.780000870000094,-60.0,-57.529189800627535,-2.4708101993724654,0.24686187091158973,1500,idle,-0.12937131951272116,-0.06502231227884597,0.15829595364318588,-0.154296875
5.8000008009998965,-60.0,-57.529189800627535,-2.4708101993724654,0.24060451030778549,1500,idle,-0.12937131951272116,-0.06588478774226411,0.15589650645727435,-0.154296875
5.820001102999868,-60.0,-57.97402845951348,-2.0259715404865233,0.0,1500,idle,-0.12937131951272116,-0.06588478774226411,0.15589650645727435,-0.14453125
5.840001108000251,-60.0,-57.97402845951348,-2.0259715404865233,0.0,1500,idle,-0.12937131951272116,-0.06588478774226411,0.15589650645727435,-0.14453125
5.860000909000064,-60.0,-58.37569241652788,-1.6243075834721168,0.0,1500,idle,-0.12937131951272116,-0.06588478774226411,0.15589650645727435,-0.14453125
5.88000097000031,-60.0,-58.37569241652788,-1.6243075834721168,0.0,1500,idle,-0.12937131951272116,-0.06588478774226411,0.15589650645727435,-0.140625
5.900001142000292,-60.0,-58.37569241652788,-1.6243075834721168,0.0,1500,idle,-0.12937131951272116,-0.06588478774226411,0.15589650645727435,-0.140625
5.920000998999967,-60.0,-58.77298916915265,-1.2270108308473482,0.0,1500,idle,-0.12937131951272116,-0.06588478774226411,0.15589650645727435,-0.1328125
5.9400008000002344,-60.0,-58.77298916915265,-1.2270108308473482,0.0,1500,idle,-0.12937131951272116,-0.06588478774226411,0.15589650645727435,-0.1328125
5.960001341999941,-60.0,-59.22182709479094,-0.7781729052090611,0.0,1500,idle,-0.12937131951272116,-0.06588478774226411,0.15589650645727435,-0.1328125
5.980001273000198,-60.0,-59.22182709479094,-0.7781729052090611,0.0,1500,idle,-0.12937131951272116,-0.06588478774226411,0.15589650645727435,-0.123046875
6.000000760000148,-60.0,-59.22182709479094,-0.7781729052090611,0.0,1500,idle,-0.12937131951272116,-0.06588478774226411,0.15589650645727435,-0.123046875
6.020001265000246,-60.0,-59.63225537776728,-0.36774462223272053,0.0,1500,idle,-0.12937131951272116,-0.06588478774226411,0.15589650645727435,-0.115234375
6.040001676999964,-60.0,-59.63225537776728,-0.36774462223272053,0.0,1500,idle,-0.12937131951272116,-0.06588478774226411,0.15589650645727435,-0.115234375
6.060001312000168,-60.0,-60.023097717306456,0.023097717306455934,0.0,1500,idle,-0.12937131951272116,-0.06588478774226411,0.15589650645727435,-0.115234375
6.080001021000044,-60.0,-60.023097717306456,0.023097717306455934,0.0,1500,idle,-0.12937131951272116,-0.06588478774226411,0.15589650645727435,-0.10546875
6.100000988999909,-60.0,-60.023097717306456,0.023097717306455934,0.0,1500,idle,-0.12937131951272116,-0.06588478774226411,0.15589650645727435,-0.10546875
6.120001050000155,-60.0,-60.595590203662454,0.5955902036624536,0.0,1500,idle,-0.12937131951272116,-0.06588478774226411,0.15589650645727435,-0.103515625
6.140000759000031,-60.0,-60.595590203662454,0.5955902036624536,0.0,1500,idle,-0.12937131951272116,-0.06588478774226411,0.15589650645727435,-0.103515625
6.160000838000087,-60.0,-61.048244298383196,1.0482442983831959,0.0,1500,idle,-0.12937131951272116,-0.06588478774226411,0.15589650645727435,-0.103515625
6.180000768999889,-60.0,-61.048244298383196,1.0482442983831959,0.0,1500,idle,-0.12937131951272116,-0.06588478774226411,0.15589650645727435,-0.09375
6.200000680999892,-60.0,-61.048244298383196,1.0482442983831959,0.0,1500,idle,-0.12937131951272116,-0.06588478774226411,0.15589650645727435,-0.09375
6.22000105699999,-60.0,-61.479961774095045,1.4799617740950453,0.0,1500,idle,-0.12937131951272116,-0.06588478774226411,0.15589650645727435,-0.0859375
6.240001025000311,-60.0,-61.479961774095045,1.4799617740950453,0.0,1500,idle,-0.12937131951272116,-0.06588478774226411,0.15589650645727435,-0.0859375
6.260000697000123,-60.0,-61.90781868684692,1.9078186868469231,0.0,1500,idle,-0.12937131951272116,-0.06588478774226411,0.15589650645727435,-0.0859375
6.280000868000116,-60.0,-61.90781868684692,1.9078186868469231,0.0,1500,idle,-0.12937131951272116,-0.06588478774226411,0.15589650645727435,-0.078125
6.30000122499996,-60.0,-61.90781868684692,1.9078186868469231,0.0,1500,idle,-0.12937131951272116,-0.06588478774226411,0.15589650645727435,-0.078125
6.320000730000174,-60.0,-62.30337770608881,2.30337770608881,0.0,1500,idle,-0.12937131951272116,-0.06588478774226411,0.15589650645727435,-0.0703125
6.340000643000167,-60.0,-62.30337770608881,2.30337770608881,0.0,1500,idle,-0.12937131951272116,-0.06588478774226411,0.15589650645727435,-0.0703125
6.360000832999958,-60.0,-62.666683534129405,2.6666835341294046,0.0,1500,idle,-0.12937131951272116,-0.06588478774226411,0.15589650645727435,-0.0703125
6.380001079000067,-60.0,-62.666683534129405,2.6666835341294046,0.0,1500,idle,-0.12937131951272116,-0.06588478774226411,0.15589650645727435,-0.0625
6.400001066000186,-60.0,-62.666683534129405,2.6666835341294046,0.0,1500,idle,-0.12937131951272116,-0.06588478774226411,0.15589650645727435,-0.0625
6.420000996999988,-60.0,-63.01503395748111,3.0150339574811085,0.0,1500,idle,-0.12937131951272116,-0.06588478774226411,0.15589650645727435,-0.0546875
6.4400009650003085,-60.0,-63.01503395748111,3.0150339574811085,0.0,1500,idle,-0.12937131951272116,-0.06588478774226411,0.15589650645727435,-0.0546875
6.460001248000026,-60.0,-63.338727440718856,3.3387274407188556,0.0,1500,idle,-0.12937131951272116,-0.06588478774226411,0.15589650645727435,-0.0546875
6.480001627000092,-60.0,-63.338727440718856,3.3387274407188556,0.0,1500,idle,-0.12937131951272116,-0.06588478774226411,0.15589650645727435,-0.046875
6.500001271000201,-60.0,-63.338727440718856,3.3387274407188556,0.0,1500,idle,-0.12937131951272116,-0.06588478774226411,0.15589650645727435,-0.046875
6.5200008589999925,-60.0,-63.623546751053496,3.623546751053496,0.0,1500,idle,-0.12937131951272116,-0.06588478774226411,0.15589650645727435,-0.0390625
6.54000087400027,-60.0,-63.623546751053496,3.623546751053496,0.0,1500,idle,-0.12937131951272116,-0.06588478774226411,0.15589650645727435,-0.0390625
6.560000758000115,-60.0,-63.87460485781085,3.8746048578108514,0.0,1500,idle,-0.12937131951272116,-0.06588478774226411,0.15589650645727435,-0.0390625
6.5800008649998745,-60.0,-63.87460485781085,3.8746048578108514,0.0,1500,idle,-0.12937131951272116,-0.06588478774226411,0.15589650645727435,-0.03125
6.600000897999962,-60.0,-63.87460485781085,3.8746048578108514,0.0,1500,idle,-0.12937131951272116,-0.06588478774226411,0.15589650645727435,-0.03125
6.620000967000124,-60.0,-64.11184149691233,4.111841496912334,0.2919627799751372,1500,idle,0.10764775866187873,-0.06444948429343907,0.07759297758290974,-0.025390625
6.640001037000275,-60.0,-64.11184149691233,4.111841496912334,0.21387454661809635,1500,idle,0.10764775866187873,-0.06301418084461402,0.046271566033163895,-0.025390625
6.660000922000108,-60.0,-64.3159133256695,4.315913325669499,0.18812170374520926,1500,idle,0.11299034664544658,-0.0615076428893414,0.033743001413265555,-0.025390625
6.680001436000111,-60.0,-64.3159133256695,4.315913325669499,0.16117068231860182,1500,idle,0.11299034664544658,-0.06000110493406878,0.02287220056530622,-0.015625
6.70000108000022,-60.0,-64.3159133256695,4.315913325669499,0.15052586216393338,1500,idle,0.11299034664544658,-0.05849456697879616,0.01852388022612249,-0.015625
6.720001148999927,-60.0,-64.44209692833296,4.442096928332958,0.14385423346878454,1500,idle,0.11629382563820506,-0.056943982636953425,0.014440802090448995,-0.01171875
6.740000923000025,-60.0,-64.44209692833296,4.442096928332958,0.14000374298438745,1500,idle,0.11629382563820506,-0.05539339829511069,0.012807570836179599,-0.01171875
6.760000751999996,-60.0,-64.54332616937452,4.543326169374524,0.14125857506526632,1500,idle,0.1189440009714105,-0.05380747828215855,0.01215427833447184,-0.01171875
6.780000839999957,-60.0,-64.54332616937452,4.543326169374524,0.12619473306550139,1500,idle,0.1189440009714105,-0.052221558269206415,0.006033586333788737,-0.001953125
6.800000798999918,-60.0,-64.54332616937452,4.543326169374524,0.1203119290667611,1500,idle,0.1189440009714105,-0.05063563825625428,0.003585309533515495,-0.001953125
6.820000869000069,-60.0,-64.60747921066765,4.607479210667648,0.11685473450741724,1500,idle,0.12062352366500986,-0.04902732460738748,0.0014341238134061981,0.0
6.84000069800004,-60.0,-64.60747921066765,4.607479210667648,0.11494479583463796,1500,idle,0.12062352366500986,-0.04741901095852068,0.0005736495253624793,0.0
6.860000711999874,-60.0,-64.66047087060565,4.66047087060565,0.11571566164377325,1500,idle,0.12201084207803281,-0.045792199730813575,0.00022945981014499173,0.0
6.8800006340002255,-60.0,-64.66047087060565,4.66047087060565,0.11268580611271184,1500,idle,0.12201084207803281,-0.04416538850310647,-0.0010800910759420032,0.001953125
6.900000907000049,-60.0,-64.66047087060565,4.66047087060565,0.1116202769107809,1500,idle,0.12201084207803281,-0.04253857727539937,-0.0016039114303768012,0.001953125
6.9200007919998825,-60.0,-64.70996659342822,4.70996659342822,0.11556855232385142,1500,idle,0.12330663707139534,-0.0408944887811141,-0.0006415645721507205,0.0
6.9400008430002345,-60.0,-64.70996659342822,4.70996659342822,0.1167775124562203,1500,idle,0.12330663707139534,-0.03925040028682882,-0.0002566258288602882,0.0
6.960001505000037,-60.0,-64.77108976989102,4.77108976989102,0.11901246589351923,1500,idle,0.12490683808922538,-0.03758497577897248,-0.00010265033154411528,0.0
6.980001334000008,-60.0,-64.77108976989102,4.77108976989102,0.12527563006701384,1500,idle,0.12490683808922538,-0.035919551271116144,0.002302689867382354,-0.00390625
7.000001033999979,-60.0,-64.77108976989102,4.77108976989102,0.12793078394211876,1500,idle,0.12490683808922538,-0.034254126763259805,0.0032648259469529417,-0.00390625
7.020000844000151,-60.0,-64.83656446164792,4.836564461647924,0.125000910366541,1500,idle,0.12662096151105492,-0.032565847276445736,0.0013059303787811768,0.0
7.040000784000313,-60.0,-64.83656446164792,4.836564461647924,0.12329525672139136,1500,idle,0.12662096151105492,-0.03087756778963167,0.0005223721515124708,0.0
7.060000983999998,-60.0,-64.88726706422804,4.887267064228041,0.12409498623073764,1500,idle,0.12794835254258474,-0.029171589755730542,0.00020894886060498832,0.0
7.080000627000118,-60.0,-64.88726706422804,4.887267064228041,0.11817808464491532,1500,idle,0.12794835254258474,-0.027465611721829413,-0.0022601704557580044,0.00390625
7.100001196999983,-60.0,-64.88726706422804,4.887267064228041,0.1159648620336375,1500,idle,0.12794835254258474,-0.025759633687928284,-0.0032478181823032016,0.00390625
7.120000988999891,-60.0,-64.92563842414573,4.925638424145731,0.12209905498543179,1500,idle,0.12895291239613196,-0.024040261522646524,-0.0012991272729212808,0.0
7.140000966000116,-60.0,-64.92563842414573,4.925638424145731,0.12430565171960598,1500,idle,0.12895291239613196,-0.022320889357364763,-0.0005196509091685124,0.0
7.160000666000087,-60.0,-64.97210495254345,4.972104952543447,0.12656195775865592,1500,idle,0.13016940326489934,-0.02058529731383277,-0.00020786036366740495,0.0
7.180001032000291,-60.0,-64.97210495254345,4.972104952543447,0.13006377461068683,1500,idle,0.13016940326489934,-0.01884970527030078,0.001088730854533038,-0.001953125
7.200001063999935,-60.0,-64.97210495254345,4.972104952543447,0.13162070463541706,1500,idle,0.13016940326489934,-0.017114113226768788,0.0016073673418132153,-0.001953125
7.22000067099998,-60.0,-65.0207452916843,5.020745291684307,0.12781625283237094,1500,idle,0.13144280436584135,-0.015361542501890903,-0.0005289280632747138,0.001953125
7.240001277999909,-60.0,-65.0207452916843,5.020745291684307,0.1259428430360147,1500,idle,0.13144280436584135,-0.013608971777013017,-0.0013834462253098855,0.001953125
7.260000903000218,-60.0,-65.06542251911566,5.065422519115657,0.12945288435587832,1500,idle,0.13261245144485045,-0.011840805757748344,-0.0005533784901239542,0.0
7.280001029000232,-60.0,-65.06542251911566,5.065422519115657,0.13054817699395393,1500,idle,0.13261245144485045,-0.010072639738483671,-0.0002213513960495817,0.0
7.30000095000014,-60.0,-65.06542251911566,5.065422519115657,0.13114542899091802,1500,idle,0.13261245144485045,-0.008304473719218998,-8.854055841983269e-05,0.0
7.3200010569998994,-60.0,-65.10860220416487,5.1086022041648675,0.13267616712558403,1500,idle,0.13374289295597477,-0.0065212351464726676,-3.541622336793308e-05,0.0
7.340001052999924,-60.0,-65.10860220416487,5.1086022041648675,0.13299677724654788,1500,idle,0.13374289295597477,-0.004737996573726337,-1.4166489347173232e-05,0.0
7.360001010999895,-60.0,-65.15408577300325,5.154085773003246,0.13447865132825673,1500,idle,0.13493365000365556,-0.0029388812403442627,-5.6665957388692935e-06,0.0
7.380000933000247,-60.0,-65.15408577300325,5.154085773003246,0.13475701852187238,1500,idle,0.13493365000365556,-0.0011397659069621886,-2.2666382955477175e-06,0.0
7.4000010400000065,-60.0,-65.15408577300325,5.154085773003246,0.135030285779323,1500,idle,0.13493365000365556,0.0006593494264198856,-9.06655318219087e-07,0.0
7.420001090999904,-60.0,-65.19488306126863,5.1948830612686265,0.1363717197125002,1500,idle,0.13600172051282977,0.0024727056999242825,-3.6266212728763485e-07,0.0
7.440000994000002,-60.0,-65.19488306126863,5.1948830612686265,0.13664426714671676,1500,idle,0.13600172051282977,0.0042860619734286795,-1.4506485091505395e-07,0.0
7.460000971000227,-60.0,-65.23130069075461,5.231300690754608,0.13787180631809234,1500,idle,0.1369551318232824,0.006112130397739111,-5.8025940366021585e-08,0.0
7.480001044999881,-60.0,-65.23130069075461,5.231300690754608,0.13814580362064946,1500,idle,0.1369551318232824,0.007938198822049543,-2.3210376146408634e-08,0.0
7.500000939000074,-60.0,-65.23130069075461,5.231300690754608,0.13841974869986023,1500,idle,0.1369551318232824,0.009764267246359976,-9.284150458563455e-09,0.0
7.52000101800013,-60.0,-65.26326454592146,5.263264545921459,0.13953215828471363,1500,idle,0.13779194359472063,0.011601493160956251,-3.713660183425382e-09,0.0
7.540000930000133,-60.0,-65.26326454592146,5.263264545921459,0.13980774774239332,1500,idle,0.13779194359472063,0.013438719075552526,-1.485464073370153e-09,0.0
7.560001009000189,-60.0,-65.2938733667481,5.293873366748102,0.1438159610872565,1500,idle,0.13859328065008752,0.01528662948422036,0.0011718744058143707,-0.001953125
7.580000680000012,-60.0,-65.2938733667481,5.293873366748102,0.14526502353983511,1500,idle,0.13859328065008752,0.017134539892888195,0.0016406247623257483,-0.001953125
7.600000684999941,-60.0,-65.2938733667481,5.293873366748102,0.14601096045764667,1500,idle,0.13859328065008752,0.018982450301556028,0.0018281249049302993,-0.001953125
7.620000838000124,-60.0,-65.31650041798638,5.316500417986376,0.1412098317273718,1500,idle,0.13918565546627554,0.02083825904110637,-0.00044062503802788015,0.001953125
7.640000861000317,-60.0,-65.31650041798638,5.316500417986376,0.13921945309534617,1500,idle,0.13918565546627554,0.02269406778065671,-0.0013481250152111521,0.001953125
7.660001181000098,-60.0,-65.34020838599548,5.340208385995481,0.14800130142647216,1500,idle,0.1398063286173501,0.02455815216222138,0.001804499993915539,-0.00390625
7.680000648000259,-60.0,-65.34020838599548,5.340208385995481,0.15143353909283355,1500,idle,0.1398063286173501,0.026422236543786046,0.0030655499975662157,-0.00390625
7.700001319999956,-60.0,-65.34020838599548,5.340208385995481,0.15297420175371892,1500,idle,0.1398063286173501,0.028286320925350713,0.003569969999026486,-0.00390625
7.720001010000033,-60.0,-65.36406114058397,5.364061140583971,0.14852457199458258,1500,idle,0.1404307922722091,0.030158731488980167,0.0014279879996105945,0.0
7.740000976999909,-60.0,-65.36406114058397,5.364061140583971,0.14666345157971114,1500,idle,0.1404307922722091,0.032031142052609624,0.0005711951998442379,0.0
7.760000871000102,-60.0,-65.37784942677578,5.377849426775782,0.1435195313058475,1500,idle,0.14079176876059063,0.03390836563608417,-0.0009433969200623048,0.001953125
7.780000783000105,-60.0,-65.37784942677578,5.377849426775782,0.14228652272346212,1500,idle,0.14079176876059063,0.03578558921955871,-0.001549233768024922,0.001953125
7.800000825000097,-60.0,-65.37784942677578,5.377849426775782,0.14196226941302068,1500,idle,0.14079176876059063,0.037662812803033255,-0.0017915685072099688,0.001953125
7.820000830000026,-60.0,-65.39538062874539,5.395380628745386,0.14539108943724802,1500,idle,0.1412507345548932,0.03954615593043183,-0.0007166274028839875,0.0
7.840000704999966,-60.0,-65.39538062874539,5.395380628745386,0.14674853201068377,1500,idle,0.1412507345548932,0.0414294990578304,-0.00028665096115359503,0.0
7.860001264999937,-60.0,-65.41399320020182,5.413993200201816,0.15087894795475262,1500,idle,0.14173801053615934,0.043319339198312524,0.0010572146155385619,-0.001953125
7.880001269999866,-60.0,-65.41399320020182,5.413993200201816,0.1525062895525171,1500,idle,0.14173801053615934,0.04520917933879465,0.0015947608462154247,-0.001953125
7.900000829999954,-60.0,-65.41399320020182,5.413993200201816,0.1533273118042663,1500,idle,0.14173801053615934,0.04709901947927677,0.00180977933848617,-0.001953125
7.92000076100021,-60.0,-65.43094101134209,5.430941011342085,0.15134069886103133,1500,idle,0.14218170319426512,0.04899477552186697,0.000723911735394468,0.0
7.940000858000076,-60.0,-65.43094101134209,5.430941011342085,0.15053919466432816,1500,idle,0.14218170319426512,0.05089053156445717,0.0002895646941577872,0.0
7.96000169600029,-60.0,-65.44847223050768,5.448472230507676,0.15084909520646145,1500,idle,0.14264066943875758,0.05279240715697394,0.00011582587766311488,0.0
7.9800013310000395,-60.0,-65.44847223050768,5.448472230507676,0.15096063772884433,1500,idle,0.14264066943875758,0.05469428274949071,4.633035106524596e-05,0.0
8.000000649999947,-60.0,-65.44847223050768,5.448472230507676,0.15117642354112396,1500,idle,0.14264066943875758,0.05659615834200748,1.8532140426098384e-05,0.0
8.020000950999929,-60.0,-65.46858213991146,5.468582139911462,0.15489112331881716,1500,idle,0.1431671456358183,0.05850505361715172,0.0011792878561704392,-0.001953125
8.040000992999921,-60.0,-65.46858213991146,5.468582139911462,0.15633821332583314,1500,idle,0.1431671456358183,0.06041394889229596,0.0016435901424681756,-0.001953125
8.060000998000305,-60.0,-65.48912505695486,5.489125056954862,0.15469805033858072,1500,idle,0.1437049579463754,0.06233001499824763,0.0006574360569872703,0.0
8.080000614000255,-60.0,-65.48912505695486,5.489125056954862,0.15399930616899254,1500,idle,0.1437049579463754,0.0642460811041993,0.00026297442279490815,0.0
8.100001025999973,-60.0,-65.5047253464683,5.504725346468305,0.15430148590435266,1500,idle,0.1441133725707863,0.06616759273847644,0.00010518976911796327,0.0
8.120001159999902,-60.0,-65.5047253464683,5.504725346468305,0.15443192799581731,1500,idle,0.1441133725707863,0.06808910437275359,4.207590764718531e-05,0.0
8.140000812999915,-60.0,-65.5047253464683,5.504725346468305,0.1546570408794881,1500,idle,0.1441133725707863,0.07001061600703073,1.6830363058874126e-05,0.0
8.160001040000225,-60.0,-65.52032644296504,5.520326442965043,0.1553292747027279,1500,idle,0.14452180832197045,0.07193757345132368,6.73214522354965e-06,0.0
8.18000063799991,-60.0,-65.52032644296504,5.520326442965043,0.1556082201015365,1500,idle,0.14452180832197045,0.07386453089561662,2.6928580894198602e-06,0.0
8.200001087000146,-60.0,-65.5378589579793,5.537858957979296,0.15635314260111685,1500,idle,0.14498080849170153,0.07579760834217264,1.077143235767944e-06,0.0
8.220000703000096,-60.0,-65.5378589579793,5.537858957979296,0.1537118010032466,1500,idle,0.14498080849170153,0.07773068578872866,-0.0011714441427056927,0.001953125
8.240000799999962,-60.0,-65.5378589579793,5.537858957979296,0.15282924133428852,1500,idle,0.14498080849170153,0.07966376323528468,-0.0016404526570822772,0.001953125
8.26000080499989,-60.0,-65.54971182105314,5.549711821053137,0.1471017472809945,1500,idle,0.1452911157213414,0.08160097811156923,-0.004171806062832911,0.005859375
8.28000079100002,-60.0,-65.54971182105314,5.549711821053137,0.14486097610668655,1500,idle,0.1452911157213414,0.08353819298785378,-0.005184347425133164,0.005859375
8.300000963000002,-60.0,-65.56156448220571,5.561564482205711,0.14444993952306917,1500,idle,0.14560141766469487,0.08547954522338305,-0.005589363970053265,0.005859375
8.320000856000206,-60.0,-65.56156448220571,5.561564482205711,0.15312518831347843,1500,idle,0.14560141766469487,0.08742089745891232,-0.002235745588021306,0.0
8.340000935000262,-60.0,-65.56156448220571,5.561564482205711,0.1567700095308398,1500,idle,0.14560141766469487,0.08936224969444159,-0.0008942982352085224,0.0
8.360000791999937,-60.0,-65.57341694117541,5.5734169411754095,0.15871357696250057,1500,idle,0.14591171431491304,0.09130773921864044,-0.000357719294083409,0.0
8.380000925999866,-60.0,-65.57341694117541,5.5734169411754095,0.15954197933225553,1500,idle,0.14591171431491304,0.09325322874283928,-0.0001430877176333636,0.0
8.400000764000197,-60.0,-65.59036241056957,5.590362410569568,0.16049295295137406,1500,idle,0.14635534566624903,0.0952046333517226,-5.723508705334544e-05,0.0
8.420000843000253,-60.0,-65.59036241056957,5.590362410569568,0.16087151627328655,1500,idle,0.14635534566624903,0.09715603796060593,-2.2894034821338177e-05,0.0
8.440000903000055,-60.0,-65.59036241056957,5.590362410569568,0.1611985680168511,1500,idle,0.14635534566624903,0.09910744256948925,-9.157613928535271e-06,0.0
8.460000686000058,-60.0,-65.59861957496288,5.598619574962882,0.16172161953150566,1500,idle,0.14657151772456167,0.1010617294724834,-3.6630455714141086e-06,0.0
8.480000732000008,-60.0,-65.59861957496288,5.598619574962882,0.16202025713531187,1500,idle,0.14657151772456167,0.10301601637547755,-1.4652182285656435e-06,0.0
8.500001060000159,-60.0,-65.60746395077851,5.607463950778509,0.16254760630593837,1500,idle,0.14680306294196135,0.10497339054803703,-5.860872914262574e-07,0.0
8.520001036999929,-60.0,-65.60746395077851,5.607463950778509,0.16284209156275942,1500,idle,0.14680306294196135,0.10693076472059651,-2.3443491657050298e-07,0.0
8.540000829000292,-60.0,-65.60746395077851,5.607463950778509,0.1631360493410182,1500,idle,0.14680306294196135,0.10888813889315599,-9.37739666282012e-08,0.0
8.560000657000273,-60.0,-65.61931619846987,5.619316198469875,0.1666703953290543,1500,idle,0.14711335406092568,0.110849650280635,0.0011718374904133486,-0.001953125
8.580000689999906,-60.0,-65.61931619846987,5.619316198469875,0.16813655330155614,1500,idle,0.14711335406092568,0.112811161668114,0.0016406099961653394,-0.001953125
8.600000851000004,-60.0,-65.6311682427641,5.6311682427641045,0.16921045888105782,1500,idle,0.14742363985496545,0.11477681019951354,0.0018281189984661358,-0.001953125
8.620000901999902,-60.0,-65.6311682427641,5.6311682427641045,0.16676312766306856,1500,idle,0.14742363985496545,0.11674245873091307,0.0007312475993864544,0.0
8.640000897999926,-60.0,-65.6311682427641,5.6311682427641045,0.16596110354369878,1500,idle,0.14742363985496545,0.11870810726231261,0.0002924990397545818,0.0
8.66000063399997,-60.0,-65.63926839950105,5.639268399501049,0.16895937549447274,1500,idle,0.14763570146244637,0.1206765832818119,0.0012888746159018328,-0.001953125
8.680000813999868,-60.0,-65.63926839950105,5.639268399501049,0.17025102247354487,1500,idle,0.14763570146244637,0.12264505930131119,0.001687424846360733,-0.001953125
8.70000112400021,-60.0,-65.65127792445811,5.651277924458114,0.17125988155233682,1500,idle,0.14795011009059822,0.12461772743585249,0.0018468449385442933,-0.001953125
8.72000121200017,-60.0,-65.65127792445811,5.651277924458114,0.16878551436470157,1500,idle,0.14795011009059822,0.1265903955703938,0.0007387379754177174,0.0
8.740001226000004,-60.0,-65.65127792445811,5.651277924458114,0.1679733076217562,1500,idle,0.14795011009059822,0.12856306370493512,0.00029549519016708694,0.0
8.760001016999922,-60.0,-65.65996519017581,5.659965190175811,0.1680538520055102,1500,idle,0.14817754217525236,0.13053876426727182,0.00011819807606683478,0.0
8.78000090200021,-60.0,-65.65996519017581,5.659965190175811,0.16817290997576048,1500,idle,0.14817754217525236,0.13251446482960852,4.727923042673391e-05,0.0
8.800000877999992,-60.0,-65.66822339802039,5.6682233980203875,0.16861497798902533,1500,idle,0.1483937415510552,0.13449304805028925,1.8911692170693567e-05,0.0
8.820001170000069,-60.0,-65.66822339802039,5.6682233980203875,0.1688833979338714,1500,idle,0.1483937415510552,0.13647163127096998,7.564676868277427e-06,0.0
8.840001017000304,-60.0,-65.66822339802039,5.6682233980203875,0.16916883840167107,1500,idle,0.1483937415510552,0.1384502144916507,3.025870747310971e-06,0.0
8.860000789999958,-60.0,-65.68007474471212,5.680074744712115,0.16684228764456288,1500,idle,0.14870400908190418,0.14043293461274275,-0.0011706646517010756,0.001953125
8.880001063000236,-60.0,-65.68007474471212,5.680074744712115,0.16596600514027832,1500,idle,0.14870400908190418,0.1424156547338348,-0.0016401408606804301,0.001953125
8.900000892000207,-60.0,-65.68382734547643,5.6838273454764305,0.16589237629345455,1500,idle,0.1488022519401794,0.14439968475970386,-0.001827931344272172,0.001953125
8.920001072000105,-60.0,-65.68382734547643,5.6838273454764305,0.16893187781374316,1500,idle,0.1488022519401794,0.1463837147855729,-0.0007311725377088688,0.0
8.940001048999875,-60.0,-65.68382734547643,5.6838273454764305,0.17032624112418682,1500,idle,0.1488022519401794,0.14836774481144197,-0.00029246901508354754,0.0
8.960001452000142,-60.0,-65.68833340615816,5.688333406158165,0.1711807534802645,1500,idle,0.1489202203329658,0.15035334774921486,-0.00011698760603341902,0.0
8.980001280000124,-60.0,-65.68833340615816,5.688333406158165,0.17165407532998053,1500,idle,0.1489202203329658,0.15233895068698775,-4.6795042413367606e-05,0.0
9.000000961000296,-60.0,-65.68833340615816,5.688333406158165,0.17202210833426654,1500,idle,0.1489202203329658,0.15432455362476064,-1.8718016965347044e-05,0.0
9.020001159999993,-60.0,-65.68833340615816,5.688333406158165,0.1694183383003805,1500,idle,0.1489202203329658,0.15631015656253353,-0.0011793622067861388,0.001953125
9.040000766000048,-60.0,-65.68833340615816,5.688333406158165,0.16855553455122566,1500,idle,0.1489202203329658,0.15829575950030642,-0.0016436198827144556,0.001953125
9.060000632000083,-60.0,-65.68849346661293,5.688493466612925,0.17132300356961577,1500,idle,0.1489244107058725,0.16028141830971804,-0.0006574479530857823,0.0
9.08000079400017,-60.0,-65.68849346661293,5.688493466612925,0.17260702432065617,1500,idle,0.1489244107058725,0.16226707711912966,-0.0002629791812343129,0.0
9.10000141799992,-60.0,-65.6930010897207,5.6930010897206955,0.17341758722951778,1500,idle,0.14904242000287687,0.16425430938583468,-0.00010519167249372518,0.0
9.120001080000293,-60.0,-65.6930010897207,5.6930010897206955,0.1738734595782641,1500,idle,0.14904242000287687,0.1662415416525397,-4.207666899749008e-05,0.0
9.14000076100001,-60.0,-65.6930010897207,5.6930010897206955,0.17423465942176608,1500,idle,0.14904242000287687,0.16822877391924473,-1.6830667598996033e-05,0.0
9.160000664000108,-60.0,-65.6930010897207,5.6930010897206955,0.17162830276317034,1500,idle,0.14904242000287687,0.17021600618594976,-0.0011786072670395985,0.001953125
9.180000696000207,-60.0,-65.6930010897207,5.6930010897206955,0.17076461100373547,1500,idle,0.14904242000287687,0.17220323845265478,-0.0016433179068158395,0.001953125
9.20000083900004,-60.0,-65.6997571254231,5.699757125423105,0.17077521155025113,1500,idle,0.14921929260396086,0.1741928290207076,-0.0018292021627263357,0.001953125
9.220000798000001,-60.0,-65.6997571254231,5.699757125423105,0.1738174533795486,1500,idle,0.14921929260396086,0.1761824195887604,-0.0007316808650905343,0.0
9.240001052000025,-60.0,-65.6997571254231,5.699757125423105,0.1752134132623923,1500,idle,0.14921929260396086,0.17817201015681322,-0.00029267234603621374,0.0
9.26000089900026,-60.0,-65.70485226359376,5.704852263593764,0.1760845175528484,1500,idle,0.14935268300934396,0.18016337926360448,-0.00011706893841448551,0.0
9.28000100600002,-60.0,-65.70485226359376,5.704852263593764,0.17655882632648884,1500,idle,0.14935268300934396,0.18215474837039575,-4.6827575365794204e-05,0.0
9.300001334000171,-60.0,-65.70801689778457,5.708016897784574,0.1770107886847912,1500,idle,0.14943553293872017,0.18414722214291201,-1.8731030146317684e-05,0.0
9.320001273999878,-60.0,-65.70801689778457,5.708016897784574,0.17733775629588808,1500,idle,0.14943553293872017,0.18613969591542828,-7.492412058527074e-06,0.0
9.340000936000251,-60.0,-65.70801689778457,5.708016897784574,0.17764786597985333,1500,idle,0.14943553293872017,0.18813216968794455,-2.99696482341083e-06,0.0
9.36000085700016,-60.0,-65.71986783754699,5.719867837546985,0.17826210988418517,1500,idle,0.14974578981618453,0.190128780218827,-1.1987859293643321e-06,0.0
9.380000925999866,-60.0,-65.71986783754699,5.719867837546985,0.1785633996427116,1500,idle,0.14974578981618453,0.19212539074970947,-4.795143717457328e-07,0.0
9.4000007919999,-60.0,-65.72362039037176,5.723620390371764,0.17896204858032913,1500,idle,0.14984403141940564,0.19412331116863488,-1.9180574869829314e-07,0.0
9.420001046999914,-60.0,-65.72362039037176,5.723620390371764,0.17926202435179098,1500,idle,0.14984403141940564,0.19612123158756029,-7.672229947931726e-08,0.0
9.440000874999896,-60.0,-65.72362039037176,5.723620390371764,0.179561827498079,1500,idle,0.14984403141940564,0.1981191520064857,-3.0688919791726905e-08,0.0
9.460001056000237,-60.0,-65.72855399574067,5.728553995740668,0.17706129390379272,1500,idle,0.1499731929059278,0.20011879457856474,-0.0011718872755679167,0.001953125
9.480000629000187,-60.0,-65.72855399574067,5.728553995740668,0.17618938370295648,1500,idle,0.1499731929059278,0.2021184371506438,-0.0016406299102271666,0.001953125
9.500001115000032,-60.0,-65.73230694192509,5.7323069419250885,0.17611903585926422,1500,idle,0.15007144480728027,0.2041193897480742,-0.0018281269640908666,0.001953125
9.520001397000215,-60.0,-65.73230694192509,5.7323069419250885,0.18209105669501507,1500,idle,0.15007144480728027,0.2061203423455046,0.00044062421436365327,-0.001953125
9.540001234000101,-60.0,-65.73230694192509,5.7323069419250885,0.1846599507630842,1500,idle,0.15007144480728027,0.20812129494293502,0.0013481246857454613,-0.001953125
9.560000831000252,-60.0,-65.73723964204456,5.737239642044557,0.18013761518680219,1500,idle,0.15020058259442762,0.2101239693775274,-0.0006326251257018154,0.001953125
9.58000098399998,-60.0,-65.73723964204456,5.737239642044557,0.17845726654054378,1500,idle,0.15020058259442762,0.21212664381211976,-0.0014249250502807263,0.001953125
9.600000820999867,-60.0,-65.73740199394706,5.73740199394706,0.17796962664474777,1500,idle,0.15020483295729595,0.21412937491821704,-0.0017418450201122904,0.001953125
9.62000071500006,-60.0,-65.73740199394706,5.73740199394706,0.1838124913408308,1500,idle,0.15020483295729595,0.21613210602431432,0.00047513699195508375,-0.001953125
9.640000773999873,-60.0,-65.73740199394706,5.73740199394706,0.1863298830188128,1500,idle,0.15020483295729595,0.2181348371304116,0.0013619297967820336,-0.001953125
9.660000668000066,-60.0,-65.73740199394706,5.73740199394706,0.1875170854895543,1500,idle,0.15020483295729595,0.22013756823650887,0.0017166469187128133,-0.001953125
9.680000913000185,-60.0,-65.73740199394706,5.73740199394706,0.1881722122773997,1500,idle,0.15020483295729595,0.22214029934260615,0.0018585337674851253,-0.001953125
9.700000934999935,-60.0,-65.74549957663703,5.74549957663703,0.18882692699961348,1500,idle,0.15041682717638466,0.2241458570382913,0.00191528850699405,-0.001953125
9.720000699000138,-60.0,-65.74549957663703,5.74549957663703,0.18332514039347517,1500,idle,0.15041682717638466,0.22615141473397643,-0.0004057595972023799,0.001953125
9.740000666000014,-60.0,-65.74549957663703,5.74549957663703,0.1813049259436315,1500,idle,0.15041682717638466,0.22815697242966157,-0.001334178838880952,0.001953125
9.76000087400007,-60.0,-65.74190955234985,5.741909552349853,0.1805831657670169,1500,idle,0.15032284056032796,0.23016127697046596,-0.0017055465355523807,0.001953125
9.780000915000073,-60.0,-65.74190955234985,5.741909552349853,0.18051244375146613,1500,idle,0.15032284056032796,0.23216558151127034,-0.0018540936142209523,0.001953125
9.800000957000066,-60.0,-65.74507466945815,5.745074669458148,0.1807475706511889,1500,idle,0.1504057031324544,0.23417099088636972,-0.001913512445688381,0.001953125
9.820000831000016,-60.0,-65.74507466945815,5.745074669458148,0.1839186507259864,1500,idle,0.1504057031324544,0.2361764002614691,-0.0007654049782753525,0.0
9.840000910000072,-60.0,-65.74507466945815,5.745074669458148,0.18536756959966433,1500,idle,0.1504057031324544,0.2381818096365685,-0.000306161991310141,0.0
9.860000803000275,-60.0,-65.74823942230108,5.748239422301083,0.1862106427346474,1500,idle,0.150488556168136,0.2401883237188103,-0.0001224647965240564,0.0
9.880000992000078,-60.0,-65.74823942230108,5.748239422301083,0.18669531704176975,1500,idle,0.150488556168136,0.2421948378010521,-4.8985918609622566e-05,0.0
9.900000941000144,-60.0,-65.74823942230108,5.748239422301083,0.18706977303202044,1500,idle,0.150488556168136,0.24420135188329392,-1.9594367443849028e-05,0.0
9.920000668000284,-60.0,-65.74823942230108,5.748239422301083,0.18447045419552252,1500,idle,0.150488556168136,0.24620786596553573,-0.0011797127469775396,0.001953125
9.94000063500016,-60.0,-65.74823942230108,5.748239422301083,0.1836113129283251,1500,idle,0.150488556168136,0.24821438004777754,-0.001643760098791016,0.001953125
9.960001787000238,-60.0,-65.75333577466682,5.753335774666823,0.18651161922616968,1500,idle,0.15062197836107194,0.25022267309259183,-0.0006575040395164064,0.0
9.980000977000145,-60.0,-65.75333577466682,5.753335774666823,0.18779911924216647,1500,idle,0.15062197836107194,0.25223096613740614,-0.00026300161580656255,0.0
10.000000981000085,0.0,-65.74448713477639,65.74448713477639,1.7211866483053515,1380,kick,1.7211866483053515,0.0,0.0,0.0
10.020001040999887,0.0,-65.74448713477639,65.74448713477639,1.7211866483053515,1380,kick,1.7211866483053515,0.0,0.0,0.0
10.040001008000218,0.0,-65.74448713477639,65.74448713477639,1.7211866483053515,1380,kick,1.7211866483053515,0.0,0.0,0.0
10.060000846000094,0.0,-65.74465005512721,65.74465005512721,1.7270502885501622,1380,kick,1.7211909135501622,0.0,0.00234375,-0.00390625
10.080001128000276,0.0,-65.74465005512721,65.74465005512721,1.7293940385501623,1380,kick,1.7211909135501622,0.0,0.00328125,-0.00390625
10.100001058000089,0.0,-65.74299292766494,65.74299292766494,1.7302881550546492,1355.0,run,1.7211475300546493,0.0,0.0036562499999999998,-0.00390625
10.120000894999976,0.0,-65.74299292766494,65.74299292766494,1.7218740925546492,1330.0,run,1.7211475300546493,0.0,0.0002906250000000001,0.001953125
10.140000936999968,0.0,-65.74299292766494,65.74299292766494,1.7185084675546494,1305.0,run,1.7211475300546493,0.0,-0.001055625,0.001953125
10.160000847999981,0.0,-65.72668989249011,65.72668989249011,1.6903682175918455,1280.0,run,1.7207207175918455,0.0,-0.012141,0.01953125
10.180000889999974,0.0,-65.72668989249011,65.72668989249011,1.6792828425918456,1255.0,run,1.7207207175918455,0.0,-0.01657515,0.01953125
10.200001523000083,0.0,-65.68564154794636,65.68564154794636,1.6737740494446731,1230.0,run,1.719646074444673,0.0,-0.01834881,0.01953125
10.220001306000086,0.0,-65.68564154794636,65.68564154794636,1.654422264444673,1205.0,run,1.719646074444673,0.0,-0.026089524,0.03125
10.240001421000215,0.0,-65.68564154794636,65.68564154794636,1.646681550444673,1180.0,run,1.719646074444673,0.0,-0.0291858096,0.03125
10.260001443999954,0.0,-65.54951518773665,65.54951518773665,1.5404121100680503,1155.0,run,1.7160822946680503,0.0,-0.07026807384,0.09765625
10.280001188999904,0.0,-65.54951518773665,65.54951518773665,1.4993298458280502,1130.0,run,1.7160822946680503,0.0,-0.086700979536,0.09765625
10.300001175000034,0.0,-65.15483684085709,65.15483684085709,1.4725642851729854,1105.0,run,1.7057496397089853,0.0,-0.0932741418144,0.09765625
10.320000660000005,0.0,-65.15483684085709,65.15483684085709,1.2374754978945854,1100.0,run,1.7057496397089853,0.0,-0.18730965672576,0.25
10.340000850000251,0.0,-65.15483684085709,65.15483684085709,1.1434399829832254,1100.0,run,1.7057496397089853,0.0,-0.224923862690304,0.25
10.360000817000127,0.0,-64.2434857565159,64.2434857565159,0.72161509892362,1125.0,run,1.681890524113924,0.0,-0.3841101700761216,0.490234375
10.380000562000077,0.0,-64.2434857565159,64.2434857565159,0.5624287915378023,1150.0,run,1.681890524113924,0.0,-0.44778469303044866,0.490234375
10.400000658999943,0.0,-62.57225574237208,62.57225574237208,0.45500156912603384,1175.0,run,1.6381378246564824,0.0,-0.47325450221217946,0.490234375
10.420000829999935,0.0,-62.57225574237208,62.57225574237208,-0.02456980255569685,1500,idle,1.6381378246564824,0.0,-0.6650830508848717,0.79296875
10.440000908000002,0.0,-62.57225574237208,62.57225574237208,-0.21639835122838913,1500,idle,1.6381378246564824,0.0,-0.7418144703539487,0.79296875
10.460000635000142,0.0,-60.05788870903285,60.05788870903285,-0.7661823082005235,1500,dwell,1.572311849653425,0.0,-0.9353976631415795,1.064453125
10.48000075400023,0.0,-60.05788870903285,60.05788870903285,-0.9597655009881545,1500,dwell,1.572311849653425,0.0,-1.0128309402566318,1.064453125
10.500000785999873,0.0,-56.883445794177945,56.883445794177945,-1.120305499274443,1500,dwell,1.4892051284821888,0.0,-1.0438042511026526,1.064453125
10.520000984000035,0.0,-56.883445794177945,56.883445794177945,-1.3212006851204638,1500,dwell,1.4892051284821888,0.0,-1.124162325441061,1.177734375
10.540001183000186,0.0,-56.883445794177945,56.883445794177945,-1.4015587594588725,1500,dwell,1.4892051284821888,0.0,-1.1563055551764245,1.177734375
10.560000732999924,0.0,-53.52324815239426,53.52324815239426,-1.5099530077445473,1500,dwell,1.4012353599318772,0.0,-1.1644753470705698,1.169921875
10.580001005000213,0.0,-53.52324815239426,53.52324815239426,-1.5181227996386928,1500,dwell,1.4012353599318772,0.0,-1.167743263828228,1.169921875
10.600000777999867,0.0,-50.18077028647775,50.18077028647775,-1.6088965822992656,1500,dwell,1.3137294940289623,0.0,-1.1690504305312912,1.169921875
10.620000754000102,0.0,-50.18077028647775,50.18077028647775,-1.6043443740023287,1670,kick,1.3137294940289623,0.0,-1.1672295472125165,1.166015625
10.640000953000254,0.0,-50.18077028647775,50.18077028647775,-1.6025234906835537,1670,kick,1.3137294940289623,0.0,-1.1665011938850065,1.166015625
10.660000966000098,0.0,-46.84971596958718,46.84971596958718,-1.6684941229448111,1670,kick,1.2265226959401958,0.0,-1.1580067275540027,1.15234375
10.680000719999953,0.0,-46.84971596958718,46.84971596958718,-1.6599996566138073,1670,kick,1.2265226959401958,0.0,-1.1546089410216012,1.15234375
10.700001048000104,0.0,-43.56641090278481,43.56641090278481,-1.7425585957260754,1670,kick,1.1405659702955253,0.0,-1.1532498264086404,1.15234375
10.720001006000075,0.0,-43.56641090278481,43.56641090278481,-1.6913947936131155,1670,kick,1.1405659702955253,0.0,-1.1327843055634563,1.119140625
10.740000778000194,0.0,-43.56641090278481,43.56641090278481,-1.670929272767931,1670,kick,1.1405659702955253,0.0,-1.1245980972253826,1.119140625
10.760000975999901,0.0,-40.40034968634171,40.40034968634171,-1.6841069157498003,1670,kick,1.0576786814755819,0.0,-1.096714238890153,1.078125
10.780001582000295,0.0,-40.40034968634171,40.40034968634171,-1.6562230574145715,1670,kick,1.0576786814755819,0.0,-1.0855606955560613,1.078125
10.800000744000045,0.0,-37.36634215420585,37.36634215420585,-1.7244996455295971,1670,kick,0.9782485500264643,0.0,-1.0810992782224245,1.078125
10.820001035000132,0.0,-37.36634215420585,37.36634215420585,-1.6585147906959605,1670,kick,0.9782485500264643,0.0,-1.0547053362889698,1.037109375
10.84000093700024,0.0,-37.36634215420585,37.36634215420585,-1.6321208487625056,1670,kick,0.9782485500264643,0.0,-1.044147759515588,1.037109375
10.860001005999948,0.0,-34.43708210825153,34.43708210825153,-1.6396573706626583,1670,kick,0.9015607013529292,0.0,-1.016487228806235,0.998046875
10.880000778000067,0.0,-34.43708210825153,34.43708210825153,-1.6119968399533058,1670,kick,0.9015607013529292,0.0,-1.005423016522494,0.998046875
10.900001143000281,0.0,-31.58476388589108,31.58476388589108,-1.6756061441117973,1670,kick,0.8268871849106968,0.0,-1.0009973316089975,0.998046875
10.92000106400019,0.0,-31.58476388589108,31.58476388589108,-1.6067273341983008,1670,kick,0.8268871849106968,0.0,-0.973445807643599,0.955078125
10.940000799000245,0.0,-31.58476388589108,31.58476388589108,-1.5791758102329023,1670,kick,0.8268871849106968,0.0,-0.9624251980574396,0.955078125
10.960001183000259,0.0,-28.88279998428854,28.88279998428854,-1.5861580751762372,1670,kick,0.7561499353812022,0.0,-0.9369232042229758,0.919921875
10.980001084999913,0.0,-28.88279998428854,28.88279998428854,-1.5606560813417734,1670,kick,0.7561499353812022,0.0,-0.9267224066891903,0.919921875
11.000000857000032,0.0,-26.27915622377347,26.27915622377347,-1.61861851806298,1670,kick,0.6879867011262102,0.0,-0.922642087675676,0.919921875
11.020001036999929,0.0,-26.27915622377347,26.27915622377347,-1.5559444490494656,1670,kick,0.6879867011262102,0.0,-0.8975724600702704,0.880859375
11.040000828000302,0.0,-26.27915622377347,26.27915622377347,-1.53087482144406,1670,kick,0.6879867011262102,0.0,-0.8875446090281081,0.880859375
11.060001230000125,0.0,-23.775197215171772,23.775197215171772,-1.5307364014545068,1670,kick,0.6224332075736012,0.0,-0.8612678436112432,0.84375
11.080001059000097,0.0,-23.775197215171772,23.775197215171772,-1.504459636037642,1670,kick,0.6224332075736012,0.0,-0.8507571374444973,0.84375
11.100001071999941,0.0,-21.407818375127704,21.407818375127704,-1.5559267629721159,1670,kick,0.5604553744723815,0.0,-0.846552854977799,0.84375
11.120001252000293,0.0,-21.407818375127704,21.407818375127704,-1.5019177930054173,1695.0,run,0.5604553744723815,0.0,-0.8249492669911196,0.810546875
11.140000839000095,0.0,-21.407818375127704,21.407818375127704,-1.4803142050187381,1720.0,run,0.5604553744723815,0.0,-0.8163078317964478,0.810546875
11.160000981999929,0.0,-19.10483056853826,19.10483056853826,-1.4763007871114686,1745.0,run,0.5001632946849792,0.0,-0.7905856327185792,0.7734375
11.180001032000291,0.0,-19.10483056853826,19.10483056853826,-1.4505785880335997,1770.0,run,0.5001632946849792,0.0,-0.7802967530874316,0.7734375
11.200000804999945,0.0,-16.899571559507905,16.899571559507905,-1.4980232542527232,1795.0,run,0.44242974883470865,0.0,-0.7761812012349727,0.7734375
11.220000985000297,0.0,-16.899571559507905,16.899571559507905,-1.4265248899002638,1820.0,run,0.44242974883470865,0.0,-0.747581855493989,0.728515625
11.240001350000057,0.0,-16.899571559507905,16.899571559507905,-1.3979255441592804,1845.0,run,0.44242974883470865,0.0,-0.7361421171975956,0.728515625
11.26000104800005,0.0,-14.843215054966407,14.843215054966407,-1.3553601557614634,1870.0,run,0.3885944614361324,0.0,-0.6975818468790382,0.671875
11.280000931999894,0.0,-14.843215054966407,14.843215054966407,-1.3167998854429062,1895.0,run,0.3885944614361324,0.0,-0.6821577387516153,0.671875
11.300001351999981,0.0,-12.98550440235178,12.98550440235178,-1.3500105284717296,1900.0,run,0.3399597102798856,0.0,-0.6759880955006461,0.671875
11.32000097700029,0.0,-12.98550440235178,12.98550440235178,-1.2090752602207608,1900.0,run,0.3399597102798856,0.0,-0.6196139882002585,0.58203125
11.340000897000209,0.0,-12.98550440235178,12.98550440235178,-1.1527011529203732,1900.0,run,0.3399597102798856,0.0,-0.5970643452801034,0.58203125
11.360000799000318,0.0,-11.392682438416102,11.392682438416102,-1.0165780540033575,1900.0,run,0.29825972877674567,0.0,-0.5259351131120413,0.478515625
11.380000850000215,0.0,-11.392682438416102,11.392682438416102,-0.9454488218352957,1886.0894495680004,run,0.29825972877674567,0.0,-0.4974834202448165,0.478515625
11.40000086300006,0.0,-10.065374510197927,10.065374510197927,-0.7994022192709183,1861.0894495680004,run,0.2635108884738981,0.0,-0.4251652430979266,0.376953125
11.420001024000157,0.0,-10.065374510197927,10.065374510197927,-0.7270840421240286,1836.0894495680004,run,0.2635108884738981,0.0,-0.3962379722391707,0.376953125
11.440000760000203,0.0,-10.065374510197927,10.065374510197927,-0.6981567712652725,1823.0299766726444,run,0.2635108884738981,0.0,-0.3846670638956683,0.376953125
11.460000865999973,0.0,-9.055424256556194,9.055424256556194,-0.5602084078275447,1798.0299766726444,run,0.23707045266279791,0.0031609393688373055,-0.3191012005582673,0.275390625
11.480000863999976,0.0,-9.055424256556194,9.055424256556194,-0.49416840358481817,1773.0299766726444,run,0.23707045266279791,0.006321878737674611,-0.2928748552233069,0.275390625
11.500001163999968,0.0,-8.319931519026113,8.319931519026113,-0.48676158249582496,1769.1242035364353,run,0.21781529782118839,0.00922608270862379,-0.28238431708932277,0.275390625
11.5200011310003,0.0,-8.319931519026113,8.319931519026113,-0.3586479137661984,1744.1242035364353,run,0.21781529782118839,0.012130286679572968,-0.23131310183572912,0.197265625
11.54000061600027,0.0,-8.319931519026113,8.319931519026113,-0.3071410679169624,1723.3209723188254,run,0.21781529782118839,0.015034490650522146,-0.21088461573429162,0.197265625
11.560000675000083,0.0,-7.776192936043913,7.776192936043913,-0.20386077662026375,1698.3209723188254,run,0.20358025500643667,0.017748894050607967,-0.16404134629371664,0.1328125
11.580001012000139,0.0,-7.776192936043913,7.776192936043913,-0.15661034666967585,1684.9356384007674,run,0.20358025500643667,0.02046329745069379,-0.14530403851748663,0.1328125
11.600000664000163,0.0,-7.402482356658169,7.402482356658169,-0.1472691659133378,1682.5536373079012,run,0.19379653491671134,0.023047251249583275,-0.13780911540699464,0.1328125
11.620001094000145,0.0,-7.402482356658169,7.402482356658169,-0.07493352473301235,1664.108048806918,run,0.19379653491671134,0.02563120504847276,-0.10902989616279785,0.08984375
11.640000708000116,0.0,-7.402482356658169,7.402482356658169,-0.04576671241898217,1500,idle,0.19379653491671134,0.028215158847362247,-0.09751820846511913,0.08984375
11.660000990000299,0.0,-7.169194828847168,7.169194828847168,0.012747275245927808,1500,idle,0.18768908172050164,0.030717679936968934,-0.07181978338604766,0.0546875
11.680000678999932,0.0,-7.169194828847168,7.169194828847168,0.038821078488440325,1500,idle,0.18768908172050164,0.03322020102657562,-0.061540413354419066,0.0546875
11.700000978999924,0.0,-6.99945027305759,6.99945027305759,0.04502303680055736,1500,idle,0.18324517964170667,0.035663470088465044,-0.05742866534176763,0.0546875
11.720000945000265,0.0,-6.99945027305759,6.99945027305759,0.0700090876724922,1500,idle,0.18324517964170667,0.038106739150354466,-0.047580841136707054,0.041015625
11.740000986000268,0.0,-6.99945027305759,6.99945027305759,0.08022340223683622,1500,idle,0.18324517964170667,0.04055000821224389,-0.04364171145468282,0.041015625
11.760000656000102,0.0,-6.867824716474814,6.867824716474814,0.11330274386690811,1500,idle,0.17979923062849734,0.042947331287290516,-0.02917543458187313,0.01953125
11.780000789000042,0.0,-6.867824716474814,6.867824716474814,0.1281286192009748,1500,idle,0.17979923062849734,0.045344654362337145,-0.02338892383274925,0.01953125
11.800000792999981,0.0,-6.802095987131537,6.802095987131537,0.13255051275284646,1500,idle,0.17807845651820875,0.047719033782579925,-0.0210743195330997,0.01953125
11.8200011670001,0.0,-6.802095987131537,6.802095987131537,0.16158846146553243,1500,idle,0.17807845651820875,0.050093413202822706,-0.00960160281323988,0.001953125
11.84000102300024,0.0,-6.802095987131537,6.802095987131537,0.1734173350984287,1500,idle,0.17807845651820875,0.05246779262306549,-0.005012516125295952,0.001953125
11.860000915,0.0,-6.79507226375577,6.79507226375577,0.20454551779012842,1500,idle,0.17789457587022411,0.054839720301335146,0.007369993549881619,-0.015625
11.88000078899995,0.0,-6.79507226375577,6.79507226375577,0.21728381661704643,1500,idle,0.17789457587022411,0.057211647979604804,0.012322997419952648,-0.015625
11.900001108000197,0.0,-6.8139141331240864,6.8139141331240864,0.2230868751833927,1500,idle,0.1783878548567858,0.05959015271102862,0.014304198967981059,-0.015625
11.92000090800002,0.0,-6.8139141331240864,6.8139141331240864,0.2371436024411347,1500,idle,0.1783878548567858,0.06196865744245243,0.019784179587192422,-0.0234375
11.940000800000234,0.0,-6.8139141331240864,6.8139141331240864,0.24298035877005963,1500,idle,0.1783878548567858,0.06434716217387625,0.02197617183487697,-0.0234375
11.960001359000216,0.0,-6.246559857548505,6.246559857548505,0.23650549492596384,1500,idle,0.16353455465569405,0.06652762290261884,0.02519671873395079,-0.02734375
11.980001289000029,0.0,-6.246559857548505,6.246559857548505,0.24005311093434906,1500,idle,0.16353455465569405,0.06870808363136142,0.026484937493580316,-0.02734375
12.000000793000254,0.0,-5.743273590594669,5.743273590594669,0.22846604313835134,1500,idle,0.1503585509980707,0.0707128643113357,0.027000224997432126,-0.02734375
12.020000610999887,0.0,-5.743273590594669,5.743273590594669,0.2380711102441993,1500,idle,0.1503585509980707,0.07271764499130998,0.03072196499897285,-0.033203125
12.040001096000196,0.0,-5.743273590594669,5.743273590594669,0.24209356734773615,1500,idle,0.1503585509980707,0.07472242567128426,0.032210660999589136,-0.033203125
12.060000785000284,0.0,-5.467004647590841,5.467004647590841,0.23663581102768733,1500,idle,0.14312584698343866,0.0766307702977301,0.032806139399835656,-0.033203125
12.08000063999998,0.0,-5.467004647590841,5.467004647590841,0.2375175411219007,1500,idle,0.14312584698343866,0.07853911492417595,0.033044330759934265,-0.033203125
12.10000090299991,0.0,-5.286667951497122,5.286667951497122,0.23331133810513355,1500,idle,0.13840464331993302,0.08038451016844173,0.03313960730397371,-0.033203125
12.120001110999965,0.0,-5.286667951497122,5.286667951497122,0.24247248643581287,1500,idle,0.13840464331993302,0.0822299054127075,0.03669334292158948,-0.0390625
12.14000087400018,0.0,-5.286667951497122,5.286667951497122,0.24630303134006848,1500,idle,0.13840464331993302,0.08407530065697327,0.03811483716863579,-0.0390625
12.160000655000204,0.0,-5.17254384354365,5.17254384354365,0.24207790968990126,1500,idle,0.13541688116039868,0.08588085907244526,0.03751155986745432,-0.037109375
12.18000063999989,0.0,-5.17254384354365,5.17254384354365,0.2417454661510406,1500,idle,0.13541688116039868,0.08768641748791725,0.03727024894698173,-0.037109375
12.200000996000199,0.0,-5.1016745249701785,5.1016745249701785,0.23991592386241778,1500,idle,0.13356152673877092,0.0894672378444342,0.03717372457879269,-0.037109375
12.220000684000297,0.0,-5.1016745249701785,5.1016745249701785,0.2400865225477063,1500,idle,0.13356152673877092,0.09124805820095114,0.037135114831517074,-0.037109375
12.240000651000173,0.0,-5.1016745249701785,5.1016745249701785,0.2403150358539082,1500,idle,0.13356152673877092,0.09302887855746808,0.03711967093260683,-0.037109375
12.260001081000155,0.0,-5.040588626822995,5.040588626822995,0.2418939789845185,1500,idle,0.13196230166496153,0.0947883759130009,0.038285368373042736,-0.0390625
12.280000918000042,0.0,-5.040588626822995,5.040588626822995,0.24332360102828432,1500,idle,0.13196230166496153,0.09654787326853373,0.03875164734921709,-0.0390625
12.300000829000055,0.0,-5.001808234119466,5.001808234119466,0.24303650576433544,1500,idle,0.13094703335812208,0.09829383371330869,0.038938158939686836,-0.0390625
12.320000814000196,0.0,-5.001808234119466,5.001808234119466,0.24348491142152145,1500,idle,0.13094703335812208,0.10003979415808364,0.039012763575874736,-0.0390625
12.340000947000135,0.0,-5.001808234119466,5.001808234119466,0.2438214101244256,1500,idle,0.13094703335812208,0.1017857546028586,0.039042605430349896,-0.0390625
12.360000784000022,0.0,-5.029058088428798,5.029058088428798,0.23896859736223208,1500,idle,0.13166043287570198,0.10354122704120129,0.03671079217213996,-0.03515625
12.380000954000025,0.0,-5.029058088428798,5.029058088428798,0.23690010496977354,1500,idle,0.13166043287570198,0.10529669947954398,0.035778066868855984,-0.03515625
12.400000810000165,0.0,-5.074904593343462,5.074904593343462,0.23743335974156382,1500,idle,0.13286069156764096,0.10706817536711252,0.035404976747542394,-0.03515625
12.420000701999925,0.0,-5.074904593343462,5.074904593343462,0.23732599100338553,1500,idle,0.13286069156764096,0.10883965125468106,0.035255740699016956,-0.03515625
12.440000779999991,0.0,-5.074904593343462,5.074904593343462,0.23744247633799534,1500,idle,0.13286069156764096,0.1106111271422496,0.03519604627960678,-0.03515625
12.460001024000121,0.0,-5.114009958461054,5.114009958461054,0.23867432691859475,1500,idle,0.13388446763238576,0.11239625337734808,0.03517216851184271,-0.03515625
12.48000088400022,0.0,-5.114009958461054,5.114009958461054,0.23891821808609545,1500,idle,0.13388446763238576,0.11418137961244657,0.035162617404737084,-0.03515625
12.500000934000127,0.0,-5.160792947172382,5.160792947172382,0.24040366124621942,1500,idle,0.13510924341278976,0.11598283619128376,0.035158796961894834,-0.03515625
12.520000705000257,0.0,-5.160792947172382,5.160792947172382,0.24067005929020274,1500,idle,0.13510924341278976,0.11778429277012095,0.03515726878475793,-0.03515625
12.540000773999964,0.0,-5.160792947172382,5.160792947172382,0.24093874959989142,1500,idle,0.13510924341278976,0.11958574934895815,0.03515665751390317,-0.03515625
12.560000805000072,0.0,-5.208567365065932,5.208567365065932,0.23953190211423284,1500,idle,0.13635997474848896,0.12140388234560466,0.03398453800556127,-0.033203125
12.580000910000308,0.0,-5.208567365065932,5.208567365065932,0.23863250255538793,1500,idle,0.13635997474848896,0.12322201534225118,0.03351569020222451,-0.033203125
12.600000681999973,0.0,-5.250092959405691,5.250092959405691,0.23952568649419784,1500,idle,0.13744711226610346,0.12505464350579923,0.0333281510808898,-0.033203125
12.620000730999891,0.0,-5.250092959405691,5.250092959405691,0.23668335409739538,1500,idle,0.13744711226610346,0.12688727166934727,0.03208126043235592,-0.03125
12.640000781000253,0.0,-5.250092959405691,5.250092959405691,0.23571135767339368,1500,idle,0.13744711226610346,0.1287198998328953,0.031582504172942366,-0.03125
12.660001034000288,0.0,-5.29426439268596,5.29426439268596,0.23664621386844908,1500,idle,0.13860351768520202,0.13056794673536468,0.031383001669176944,-0.03125
12.680000824000217,0.0,-5.29426439268596,5.29426439268596,0.23672391840005408,1500,idle,0.13860351768520202,0.13241599363783405,0.031303200667670776,-0.03125
12.700001503000294,0.0,-5.339058128744227,5.339058128744227,0.23809636709618287,1500,idle,0.1397762149529311,0.13427967650387312,0.03127128026706831,-0.03125
12.720001164000223,0.0,-5.339058128744227,5.339058128744227,0.23541431162548626,1500,idle,0.1397762149529311,0.1361433593699122,0.030086637106827324,-0.029296875
12.740000676999898,0.0,-5.339058128744227,5.339058128744227,0.2345092208951511,1500,idle,0.1397762149529311,0.13800704223595128,0.029612779842730932,-0.029296875
12.760000689000208,0.0,-5.368565513328861,5.368565513328861,0.23508896258598566,1500,idle,0.1405487164749122,0.13988102512228345,0.029423236937092374,-0.029296875
12.780000923999978,0.0,-5.368565513328861,5.368565513328861,0.23518051711329696,1500,idle,0.1405487164749122,0.14175500800861562,0.02934741977483695,-0.029296875
12.800001288000203,0.0,-5.400518921208317,5.400518921208317,0.23622400872260935,1500,idle,0.14138525473700603,0.14364014473844236,0.029317092909934783,-0.029296875
12.820001079000122,0.0,-5.400518921208317,5.400518921208317,0.23940613986718118,1500,idle,0.14138525473700603,0.1455252814682691,0.030476837163973914,-0.03125
12.84000098000024,0.0,-5.400518921208317,5.400518921208317,0.24084865463069433,1500,idle,0.14138525473700603,0.14741041819809583,0.030940734865589566,-0.03125
12.860000733000106,0.0,-5.437632241971926,5.437632241971926,0.23670951555622563,1500,idle,0.14235687920251666,0.14930850992079606,0.028782543946235827,-0.02734375
12.880001523999908,0.0,-5.437632241971926,5.437632241971926,0.23483603839527695,1500,idle,0.14235687920251666,0.15120660164349628,0.027919267578494333,-0.02734375
12.900001166000038,0.0,-5.466677151051556,5.466677151051556,0.23501939051539653,1500,idle,0.14311727314408956,0.15311483195208414,0.027573957031397735,-0.02734375
12.920000678000179,0.0,-5.466677151051556,5.466677151051556,0.2320306270145881,1500,idle,0.14311727314408956,0.155023062260672,0.026263957812559094,-0.025390625
12.94000089500014,0.0,-5.466677151051556,5.466677151051556,0.23100686234203766,1500,idle,0.14311727314408956,0.15693129256925986,0.025739958125023638,-0.025390625
12.960001666000153,0.0,-5.491647021962137,5.491647021962137,0.23142411431195534,1500,idle,0.14377098283587098,0.15884823900707148,0.025530358250009454,-0.025390625
12.980001215999891,0.0,-5.491647021962137,5.491647021962137,0.2315020564026129,1500,idle,0.14377098283587098,0.1607651854448831,0.02544651830000378,-0.025390625
13.000001042999884,0.0,-5.518985421299277,5.518985421299277,0.2324229074745081,1500,idle,0.14448670045685816,0.16269167478430788,0.025412982320001512,-0.025390625
13.020000870999866,0.0,-5.518985421299277,5.518985421299277,0.22974865739541955,1500,idle,0.14448670045685816,0.16461816412373265,0.024227692928000602,-0.0234375
13.040000754000175,0.0,-5.518985421299277,5.518985421299277,0.22885234140433236,1500,idle,0.14448670045685816,0.16654465346315742,0.02375357717120024,-0.0234375
13.060000691999903,0.0,-5.548848430986084,5.548848430986084,0.23238026193736108,1500,idle,0.14526851222224274,0.168481566959454,0.024735805868480096,-0.025390625
13.080000834000202,0.0,-5.548848430986084,5.548848430986084,0.2336530276590854,1500,idle,0.14526851222224274,0.17041848045575056,0.025128697347392037,-0.025390625
13.100001106000036,0.0,-5.563151078783136,5.563151078783136,0.2347116474910468,1500,idle,0.14564295466596028,0.17236038651796337,0.025285853938956816,-0.025390625
13.120000582000102,0.0,-5.563151078783136,5.563151078783136,0.22930071499194354,1500,idle,0.14564295466596028,0.17430229258017618,0.023004966575582726,-0.021484375
13.140000705000148,0.0,-5.563151078783136,5.563151078783136,0.22731111353790134,1500,idle,0.14564295466596028,0.176244198642389,0.02209261163023309,-0.021484375
13.160000921000119,0.0,-5.581774821217721,5.581774821217721,0.22717858807554753,1500,idle,0.1461305231027506,0.17819260561709233,0.021727669652093235,-0.021484375
13.180000953000217,0.0,-5.581774821217721,5.581774821217721,0.22710590714361317,1500,idle,0.1461305231027506,0.18014101259179566,0.021581692860837293,-0.021484375
13.200000817000273,0.0,-5.600927057131514,5.600927057131514,0.22775459857101177,1500,idle,0.1466319274664722,0.1820961049580153,0.021523302144334917,-0.021484375
13.220000774000255,0.0,-5.600927057131514,5.600927057131514,0.22798947170944234,1500,idle,0.1466319274664722,0.18405119732423492,0.021499945857733967,-0.021484375
13.240001286000279,0.0,-5.600927057131514,5.600927057131514,0.22825937927777434,1500,idle,0.1466319274664722,0.18600628969045455,0.021490603343093585,-0.021484375
13.260000798999954,0.0,-5.618485831135189,5.618485831135189,0.22900390762179043,1500,idle,0.1470916150949388,0.18796751122505373,0.021486866337237433,-0.021484375
13.280000978000317,0.0,-5.618485831135189,5.618485831135189,0.22929435384612415,1500,idle,0.1470916150949388,0.1899287327596529,0.02148537153489497,-0.021484375
13.300001213000087,0.0,-5.632881129060479,5.632881129060479,0.2299646640284111,1500,idle,0.14746848311334151,0.19189497920116413,0.021484773613957987,-0.021484375
13.3200006510001,0.0,-5.632881129060479,5.632881129060479,0.22732931557370079,1500,idle,0.14746848311334151,0.19386122564267536,0.020312659445583196,-0.01953125
13.340001016000315,0.0,-5.632881129060479,5.632881129060479,0.2264521383715527,1500,idle,0.14746848311334151,0.19582747208418658,0.019843813778233278,-0.01953125
13.36000065799999,0.0,-5.651257619996784,5.651257619996784,0.23261966226894698,1500,idle,0.14794957852104362,0.19780013313113382,0.022000025511293313,-0.0234375
13.380000893000215,0.0,-5.651257619996784,5.651257619996784,0.2350717731590491,1500,idle,0.14794957852104362,0.19977279417808105,0.022862510204517322,-0.0234375
13.400000701999943,0.0,-5.667200008435515,5.667200008435515,0.23664836250415344,1500,idle,0.14836694927437521,0.20175102016840607,0.023207504081806926,-0.0234375
13.420001029000105,0.0,-5.667200008435515,5.667200008435515,0.22557134027999182,1500,idle,0.14836694927437521,0.2037292461587311,0.01865800163272277,-0.015625
13.440000819000034,0.0,-5.667200008435515,5.667200008435515,0.2213185717294564,1500,idle,0.14836694927437521,0.2057074721490561,0.016838200653089108,-0.015625
13.460001035000005,0.0,-5.67952822203128,5.67952822203128,0.22597827702932877,1500,idle,0.1486897011515781,0.2076900014977438,0.018454030261235644,-0.01953125
13.480000941000071,0.0,-5.67952822203128,5.67952822203128,0.22789148603977843,1500,idle,0.1486897011515781,0.2096725308464315,0.019100362104494256,-0.01953125
13.500001148000138,0.0,-5.7016346857695055,5.7016346857695055,0.22941510064438198,1500,idle,0.14926844701888523,0.2116627768066833,0.019358894841797702,-0.01953125
13.520001021000098,0.0,-5.7016346857695055,5.7016346857695055,0.2299721702757232,1500,idle,0.14926844701888523,0.2136530227669351,0.019462307936719082,-0.01953125
13.540000856999995,0.0,-5.7016346857695055,5.7016346857695055,0.23037412026468232,1500,idle,0.14926844701888523,0.2156432687271869,0.01950367317468763,-0.01953125
13.560000971000136,0.0,-5.715821693227525,5.715821693227525,0.22522680521338326,1500,idle,0.1496398620056064,0.21763846688726166,0.017176469269875053,-0.015625
13.580001048000213,0.0,-5.715821693227525,5.715821693227525,0.2231988810325819,1500,idle,0.1496398620056064,0.21963366504733642,0.01624558770795002,-0.015625
13.600000829000237,0.0,-5.730676915943832,5.730676915943832,0.2229569658335855,1500,idle,0.1500287708268813,0.2216340486583615,0.015873235083180007,-0.015625
13.62000075700007,0.0,-5.730676915943832,5.730676915943832,0.22288467075046928,1500,idle,0.1500287708268813,0.2236344322693866,0.015724294033272003,-0.015625
13.640000982999936,0.0,-5.730676915943832,5.730676915943832,0.22303578724221504,1500,idle,0.1500287708268813,0.22563481588041168,0.0156647176133088,-0.015625
13.660000689000299,0.0,-5.745800454271858,5.745800454271858,0.22367299353808417,1500,idle,0.15042470413444473,0.22764047860220427,0.015640887045323522,-0.015625
13.680000765999921,0.0,-5.745800454271858,5.745800454271858,0.22395001237836776,1500,idle,0.15042470413444473,0.22964614132399686,0.015631354818129408,-0.015625
13.700001490999966,0.0,-5.7617436825364905,5.7617436825364905,0.21880018208484467,1500,idle,0.150842096874367,0.23165736928232175,0.013283791927251763,-0.01171875
13.720000642000286,0.0,-5.7617436825364905,5.7617436825364905,0.21675430338771576,1500,idle,0.150842096874367,0.23366859724064665,0.012344766770900704,-0.01171875
13.740000830000099,0.0,-5.7617436825364905,5.7617436825364905,0.21611696242511344,1500,idle,0.150842096874367,0.23567982519897154,0.011969156708360282,-0.01171875
13.760000648000187,0.0,-5.770703473582017,5.770703473582017,0.22213744747093656,1500,idle,0.15107666365541972,0.23769418071437715,0.014162662683344113,-0.015625
13.780000984000253,0.0,-5.770703473582017,5.770703473582017,0.22463310677323123,1500,idle,0.15107666365541972,0.23970853622978275,0.015040065073337645,-0.015625
13.800001135000002,0.0,-5.783751225298772,5.783751225298772,0.22322524751037814,1500,idle,0.1514182529965799,0.24172744626973713,0.014219151029335058,-0.013671875
13.820000897000227,0.0,-5.783751225298772,5.783751225298772,0.22270716997236872,1500,idle,0.1514182529965799,0.24374635630969152,0.013890785411734025,-0.013671875
13.84000093700024,0.0,-5.783751225298772,5.783751225298772,0.2226816408607608,1500,idle,0.1514182529965799,0.2457652663496459,0.013759439164693611,-0.013671875
13.860000718000265,0.0,-5.801720213668688,5.801720213668688,0.22039481148920584,1500,idle,0.15188868001204128,0.24779044874980646,0.012535025665877445,-0.01171875
13.88000083199995,0.0,-5.801720213668688,5.801720213668688,0.21947417535041377,1500,idle,0.15188868001204128,0.24981563114996702,0.012045260266350978,-0.01171875
13.900001316000271,0.0,-5.812842529946153,5.812842529946153,0.21665026373326474,1500,idle,0.15217986157127616,0.25184469597091735,0.010677479106540391,-0.009765625
13.920000949000041,0.0,-5.812842529946153,5.812842529946153,0.2155868422965967,1500,idle,0.15217986157127616,0.2538737607918677,0.010130366642616156,-0.009765625
13.940000877999864,0.0,-5.812842529946153,5.812842529946153,0.21534408955581502,1500,idle,0.15217986157127616,0.255902825612818,0.009911521657046462,-0.009765625
13.960001491000185,0.0,-5.8148170116312485,5.8148170116312485,0.21841108698664502,1500,idle,0.15223155338091404,0.2579325796578969,0.010995858662818585,-0.01171875
13.980001198000082,0.0,-5.8148170116312485,5.8148170116312485,0.21979988709917903,1500,idle,0.15223155338091404,0.2599623337029758,0.011429593465127435,-0.01171875
14.000000942000042,0.0,-5.823511344811521,5.823511344811521,0.21490678235286217,1500,idle,0.15245917049130578,0.26199512264285985,0.009259337386050974,-0.0078125
14.020001166999918,0.0,-5.823511344811521,5.823511344811521,0.21304144461476834,1500,idle,0.15245917049130578,0.2640279115827439,0.008391234954420389,-0.0078125
14.040001059000133,0.0,-5.823511344811521,5.823511344811521,0.2124782605241204,1500,idle,0.15245917049130578,0.266060700522628,0.008043993981768156,-0.0078125
14.060001043000284,0.0,-5.8193224583308165,5.8193224583308165,0.21232605377124664,1500,idle,0.15234950569968492,0.26809202726529047,0.007905097592707262,-0.0078125
14.080000730999927,0.0,-5.8193224583308165,5.8193224583308165,0.21249185639358512,1500,idle,0.15234950569968492,0.27012335400795295,0.007849539037082905,-0.0078125
14.100000956000258,0.0,-5.827965294473074,5.827965294473074,0.21296771830829145,1500,idle,0.15257577462077404,0.27215769766956327,0.007827315614833161,-0.0078125
14.120000959000208,0.0,-5.827965294473074,5.827965294473074,0.21325064643528324,1500,idle,0.15257577462077404,0.2741920413311736,0.007818426245933265,-0.0078125
14.140000703000169,0.0,-5.827965294473074,5.827965294473074,0.2135469086156249,1500,idle,0.15257577462077404,0.2762263849927839,0.007814870498373306,-0.0078125
14.160001039000235,0.0,-5.832418970339802,5.832418970339802,0.21689502207276606,1500,idle,0.15269237158231055,0.27826228328054803,0.008985323199349322,-0.009765625
14.180000801000006,0.0,-5.832418970339802,5.832418970339802,0.2183708595169067,1500,idle,0.15269237158231055,0.28029818156831215,0.00945350427973973,-0.009765625
14.200000656000157,0.0,-5.832470871674303,5.832470871674303,0.21328641183176908,1500,idle,0.1526937303560704,0.28233409797305975,0.007297026711895891,-0.005859375
14.220001065999895,0.0,-5.832470871674303,5.832470871674303,0.2114353217246374,1500,idle,0.1526937303560704,0.28437001437780735,0.006434435684758356,-0.005859375
14.240001235999898,0.0,-5.832418970339802,5.832418970339802,0.2108767566669046,1500,idle,0.15269237158231055,0.28640591266557147,0.006089399273903342,-0.005859375
14.26000120100025,0.0,-5.832418970339802,5.832418970339802,0.20790741749921424,1500,idle,0.15269237158231055,0.2884418109533356,0.004779509709561337,-0.00390625
14.280000723000285,0.0,-5.832418970339802,5.832418970339802,0.20690291267803684,1500,idle,0.15269237158231055,0.2904777092410997,0.004255553883824535,-0.00390625
14.300001614999928,0.0,-5.823776115896436,5.823776115896436,0.2005982446564532,1500,idle,0.15246610218209952,0.29251059060352774,0.001702221553529814,0.0
14.320000784000058,0.0,-5.823776115896436,5.823776115896436,0.1983498445305227,1500,idle,0.15246610218209952,0.29454347196595576,0.0006808886214119257,0.0
14.340000916999998,0.0,-5.8213475261314045,5.8213475261314045,0.1975697363107362,1500,idle,0.15240252185072947,0.29657550559063217,0.0002723554485647703,0.0
14.360000697000032,0.0,-5.8213475261314045,5.8213475261314045,0.20332538318159052,1500,idle,0.15240252185072947,0.2986075392153086,0.002452692179425908,-0.00390625
14.380000737000046,0.0,-5.8213475261314045,5.8213475261314045,0.20581052495615312,1500,idle,0.15240252185072947,0.300639572839985,0.003324826871770363,-0.00390625
14.400001055000303,0.0,-5.8213475261314045,5.8213475261314045,0.20405777719219903,1500,idle,0.15240252185072947,0.3026716064646614,0.002501805748708145,-0.001953125
14.420000854000136,0.0,-5.8213475261314045,5.8213475261314045,0.2035395611128383,1500,idle,0.15240252185072947,0.3047036400893378,0.002172597299483258,-0.001953125
14.440000931000213,0.0,-5.812651907933201,5.812651907933201,0.20328705165372826,1500,idle,0.15217487109864702,0.3067326383706531,0.0020409139197933033,-0.001953125
14.460000951999973,0.0,-5.812651907933201,5.812651907933201,0.20345971801623558,1500,idle,0.15217487109864702,0.30876163665196843,0.0019882405679173213,-0.001953125
14.480000885000209,0.0,-5.812651907933201,5.812651907933201,0.20371139440655692,1500,idle,0.15217487109864702,0.31079063493328374,0.0019671712271669287,-0.001953125
14.50000111899999,0.0,-5.80400880590301,5.80400880590301,0.20083825887422077,1500,idle,0.151948595216628,0.3128166162028388,0.0007868684908667715,0.0
14.520001372000024,0.0,-5.80400880590301,5.80400880590301,0.19996185332835384,1500,idle,0.151948595216628,0.31484259747239385,0.00031474739634670864,0.0
14.540000957000302,0.0,-5.80400880590301,5.80400880590301,0.19979362942426707,1500,idle,0.151948595216628,0.3168685787419489,0.00012589895853868345,0.0
14.560000987999956,0.0,-5.80400880590301,5.80400880590301,0.19990867817689228,1500,idle,0.151948595216628,0.31889456001150396,5.0359583415473386e-05,0.0
14.580001055000139,0.0,-5.80400880590301,5.80400880590301,0.20013703599220234,1500,idle,0.151948595216628,0.320920541281059,2.0143833366189357e-05,0.0
14.600000769999951,0.0,-5.790859835905195,5.790859835905195,0.20006578972456546,1500,idle,0.15160435598706629,0.3229419326942199,8.057533346475743e-06,0.0
14.620000838000124,0.0,-5.790859835905195,5.790859835905195,0.20035691213651988,1500,idle,0.15160435598706629,0.32496332410738077,3.2230133385902975e-06,0.0
14.640001053000105,0.0,-5.784238919445897,5.784238919445897,0.20048160447053964,1500,idle,0.15143102079949497,0.3269824043847074,1.2892053354361191e-06,0.0
14.66000145399994,0.0,-5.784238919445897,5.784238919445897,0.20078253270413549,1500,idle,0.15143102079949497,0.329001484662034,5.156821341744477e-07,0.0
14.680000928000027,0.0,-5.784238919445897,5.784238919445897,0.20108462122253323,1500,idle,0.15143102079949497,0.3310205649393606,2.0627285366977908e-07,0.0
14.700001292000252,0.0,-5.773520966372246,5.773520966372246,0.20403570480882685,1500,idle,0.15115042544418075,0.33303590394528304,0.0011719575091414679,-0.001953125
14.720000841000001,0.0,-5.773520966372246,5.773520966372246,0.20550975689600307,1500,idle,0.15115042544418075,0.3350512429512055,0.001640658003656587,-0.001953125
14.740000722999866,0.0,-5.7666363117330945,5.7666363117330945,0.20610015792475872,1500,idle,0.1509701856072069,0.33706417875930156,0.0018281382014626348,-0.001953125
14.76000090100024,0.0,-5.7666363117330945,5.7666363117330945,0.20658957849377918,1500,idle,0.1509701856072069,0.33907711456739764,0.001903130280585054,-0.001953125
14.780000987000221,0.0,-5.7666363117330945,5.7666363117330945,0.20696651094411603,1500,idle,0.1509701856072069,0.3410900503754937,0.0019331271122340215,-0.001953125
14.800001073000203,0.0,-5.76456214110047,5.76456214110047,0.20431435038347784,1500,idle,0.1509158839470257,0.34310226216145406,0.0007732508448936087,0.0
14.82000069500009,0.0,-5.76456214110047,5.76456214110047,0.20345630588403146,1500,idle,0.1509158839470257,0.3451144739474144,0.0003093003379574435,0.0
14.840000669999881,0.0,-5.760108850143666,5.760108850143666,0.2031773670866019,1500,idle,0.15079929706240747,0.34712513124157984,0.0001237201351829774,0.0
14.860000774000127,0.0,-5.760108850143666,5.760108850143666,0.20036369797795223,1500,idle,0.15079929706240747,0.3491357885357453,-0.001122386945926809,0.001953125
14.88000086000011,0.0,-5.760108850143666,5.760108850143666,0.19941918949096726,1500,idle,0.15079929706240747,0.3511464458299107,-0.0016208297783707236,0.001953125
14.90000135299988,0.0,-5.755655285897944,5.755655285897944,0.1991055180252641,1500,idle,0.15068270302310202,0.3531555485368854,-0.0018202069113482894,0.001953125
14.92000112400001,0.0,-5.755655285897944,5.755655285897944,0.19920750629833275,1500,idle,0.15068270302310202,0.3551646512438601,-0.0018999577645393158,0.001953125
14.940000988000065,0.0,-5.7469601446991305,5.7469601446991305,0.19920102731039172,1500,idle,0.15045506475883436,0.3571707187739779,-0.0019318581058157262,0.001953125
14.960001424999973,0.0,-5.7469601446991305,5.7469601446991305,0.20239972459863298,1500,idle,0.15045506475883436,0.35917678630409566,-0.0007727432423262905,0.0
14.980001530000209,0.0,-5.7469601446991305,5.7469601446991305,0.20385974959164008,1500,idle,0.15045506475883436,0.36118285383421345,-0.00030909729693051624,0.0
15.000001134000286,0.0,-5.7380013057587576,5.7380013057587576,0.20438929472784545,1500,idle,0.15022052290383628,0.36318579413959795,-0.0001236389187722065,0.0
15.020001016000151,0.0,-5.7380013057587576,5.7380013057587576,0.20487519415181144,1500,idle,0.15022052290383628,0.36518873444498245,-4.9455567508882607e-05,0.0
15.040000731999953,0.0,-5.733811521672152,5.733811521672152,0.20513991088141226,1500,idle,0.15011083461294789,0.36719021223982173,-1.9782227003553045e-05,0.0
15.060000687999946,0.0,-5.733811521672152,5.733811521672152,0.2054698058911435,1500,idle,0.15011083461294789,0.369191690034661,-7.912890801421219e-06,0.0
15.08000093999999,0.0,-5.733811521672152,5.733811521672152,0.2057818968965715,1500,idle,0.15011083461294789,0.3711931678295003,-3.1651563205684876e-06,0.0
15.100001304000216,0.0,-5.722419427206518,5.722419427206518,0.20578802547592157,1500,idle,0.14981259027726257,0.37319066903319714,-1.2660625282273952e-06,0.0
15.12000087100023,0.0,-5.722419427206518,5.722419427206518,0.20608954975026844,1500,idle,0.14981259027726257,0.375188170236894,-5.064250112909581e-07,0.0
15.140000735000285,0.0,-5.722419427206518,5.722419427206518,0.2063899345683399,1500,idle,0.14981259027726257,0.37718567144059084,-2.0257000451638324e-07,0.0
15.16000089399995,0.0,-5.722419427206518,5.722419427206518,0.2096195511039012,1500,idle,0.14981259027726257,0.3791831726442877,0.0011717939719981935,-0.001953125
15.180000869000196,0.0,-5.722419427206518,5.722419427206518,0.21109117282645842,1500,idle,0.14981259027726257,0.38118067384798454,0.0016405925887992773,-0.001953125
15.200001029000305,0.0,-5.718229192262839,5.718229192262839,0.20589030212932652,1500,idle,0.14970289018296362,0.3831767123837574,-0.000515637964480289,0.001953125
15.220001004000096,0.0,-5.718229192262839,5.718229192262839,0.20403347735641286,1500,idle,0.14970289018296362,0.38517275091953024,-0.0013781301857921156,0.001953125
15.240001126000152,0.0,-5.709270404308626,5.709270404308626,0.20323538131424304,1500,idle,0.14946834966278005,0.3871656622483673,-0.0017231270743168462,0.001953125
15.260001212000134,0.0,-5.709270404308626,5.709270404308626,0.20318932112504387,1500,idle,0.14946834966278005,0.38915857357720435,-0.0018611258297267384,0.001953125
15.280000965,0.0,-5.709270404308626,5.709270404308626,0.2033502590689595,1500,idle,0.14946834966278005,0.3911514849060414,-0.0019163253318906955,0.001953125
15.300001458000224,0.0,-5.700574951937597,5.700574951937597,0.20922526956256246,1500,idle,0.14924070325204286,0.393141360949402,0.0004053448672437217,-0.001953125
15.320000655000058,0.0,-5.700574951937597,5.700574951937597,0.21184542116820096,1500,idle,0.14924070325204286,0.3951312369927626,0.0013340129468974887,-0.001953125
15.34000085200023,0.0,-5.700574951937597,5.700574951937597,0.21307257065435883,1500,idle,0.14924070325204286,0.3971211130361232,0.0017054801787589956,-0.001953125
15.360000826000032,0.0,-5.700574951937597,5.700574951937597,0.21374251929272442,1500,idle,0.14924070325204286,0.3991109890794838,0.0018540670715035982,-0.001953125
15.380001042000004,0.0,-5.700574951937597,5.700574951937597,0.2141895875919731,1500,idle,0.14924070325204286,0.4011008651228444,0.0019135018286014394,-0.001953125
15.400000923999869,0.0,-5.700574951937597,5.700574951937597,0.20868812875557505,1500,idle,0.14924070325204286,0.40309074116620497,-0.00040647426855942414,0.001953125
15.420000694999999,0.0,-5.700574951937597,5.700574951937597,0.20666663406491828,1500,idle,0.14924070325204286,0.40508061720956556,-0.0013344647074237696,0.001953125
15.44000103999997,0.0,-5.697877052729183,5.697877052729183,0.2059663529347751,1500,idle,0.1491700724159322,0.40706955150844465,-0.0017056608829695077,0.001953125
15.460000977000163,0.0,-5.697877052729183,5.697877052729183,0.20882318440406125,1500,idle,0.1491700724159322,0.40905848580732374,-0.0006822643531878031,0.0
15.480001067000103,0.0,-5.697877052729183,5.697877052729183,0.21014492107867483,1500,idle,0.1491700724159322,0.4110474201062028,-0.00027290574127512125,0.0
15.500001069000064,0.0,-5.693372286495503,5.693372286495503,0.20780476196219536,1500,idle,0.14905213791171662,0.4130347819450257,-0.0012810372965100483,0.001953125
15.520000774999971,0.0,-5.693372286495503,5.693372286495503,0.20709473468278386,1500,idle,0.14905213791171662,0.41502214378384855,-0.0016842899186040193,0.001953125
15.540001110000048,0.0,-5.691353157858657,5.691353157858657,0.20693661995108373,1500,idle,0.14899927724761525,0.41700880081381675,-0.0018455909674416078,0.001953125
15.560000927000146,0.0,-5.691353157858657,5.691353157858657,0.21000300495674137,1500,idle,0.14899927724761525,0.41899545784378495,-0.0007382363869766432,0.0
15.58000096600017,0.0,-5.691353157858657,5.691353157858657,0.21140835809170158,1500,idle,0.14899927724761525,0.42098211487375314,-0.0002952945547906573,0.0
15.600000838000142,0.0,-5.691353157858657,5.691353157858657,0.2150789859783828,1500,idle,0.14899927724761525,0.42296877190372134,0.001053757178083737,-0.001953125
15.62000065500024,0.0,-5.691353157858657,5.691353157858657,0.2167260362657524,1500,idle,0.14899927724761525,0.42495542893368954,0.0015933778712334948,-0.001953125
15.640000676,0.0,-5.686849025130556,5.686849025130556,0.21744550175848093,1500,idle,0.14888135932853694,0.4269405137247367,0.0018092261484933978,-0.001953125
15.660000899999886,0.0,-5.686849025130556,5.686849025130556,0.21502942525439792,1500,idle,0.14888135932853694,0.4289255985157838,0.0007236904593973592,0.0
15.68000093899991,0.0,-5.686849025130556,5.686849025130556,0.21424165228395892,1500,idle,0.14888135932853694,0.43091068330683097,0.00028947618375894365,0.0
15.700001292000252,0.0,-5.686849025130556,5.686849025130556,0.21410520072697758,1500,idle,0.14888135932853694,0.4328957680978781,0.00011579047350357747,0.0
15.720001128000149,0.0,-5.686849025130556,5.686849025130556,0.2142292777353793,1500,idle,0.14888135932853694,0.43488085288892525,4.631618940143099e-05,0.0
15.740000667000004,0.0,-5.688604593830064,5.688604593830064,0.21450361877237342,1500,idle,0.14892732000961398,0.43686655048905343,1.8526475760572396e-05,0.0
15.760000910000144,0.0,-5.688604593830064,5.688604593830064,0.21477368369875177,1500,idle,0.14892732000961398,0.4388522480891816,7.410590304228958e-06,0.0
15.780000856000242,0.0,-5.688604593830064,5.688604593830064,0.2150604224533147,1500,idle,0.14892732000961398,0.4408379456893098,2.9642361216915833e-06,0.0
15.800000801999886,0.0,-5.693058939061871,5.693058939061871,0.21547067845359563,1500,idle,0.1490439344950873,0.44282519814924426,1.1856944486766333e-06,0.0
15.820000675000301,0.0,-5.693058939061871,5.693058939061871,0.2157669877809128,1500,idle,0.1490439344950873,0.44481245060917873,4.7427777947065335e-07,0.0
15.840001009999924,0.0,-5.686849025130556,5.686849025130556,0.2159014639163503,1500,idle,0.14888135932853694,0.4467975354002259,1.8971111178826136e-07,0.0
15.860000881999895,0.0,-5.686849025130556,5.686849025130556,0.2161989420683397,1500,idle,0.14888135932853694,0.448782620191273,7.588444471530454e-08,0.0
15.880000920999919,0.0,-5.686849025130556,5.686849025130556,0.2164965909603297,1500,idle,0.14888135932853694,0.45076770498232016,3.035377788612182e-08,0.0
15.90000101600026,0.0,-5.686849025130556,5.686849025130556,0.2197239956483199,1500,idle,0.14888135932853694,0.4527527897733673,0.0011718871415111545,-0.001953125
15.920000629000242,0.0,-5.686849025130556,5.686849025130556,0.22119361515471025,1500,idle,0.14888135932853694,0.45473787456441445,0.0016406298566044618,-0.001953125
15.940000890000192,0.0,-5.688604593830064,5.688604593830064,0.22200617319089982,1500,idle,0.14892732000961398,0.4567235721645426,0.0018281269426417847,-0.001953125
15.960001355000259,0.0,-5.688604593830064,5.688604593830064,0.2166321499169564,1500,idle,0.14892732000961398,0.4587092697646708,-0.00044062422294328604,0.001953125
15.98000122800022,0.0,-5.688604593830064,5.688604593830064,0.21466125339139053,1500,idle,0.14892732000961398,0.460694967364799,-0.0013481246891773144,0.001953125
16.000001007000265,0.0,-5.686849025130556,5.686849025130556,0.21400555496273654,1500,idle,0.14888135932853694,0.4626800521558461,-0.0017111248756709256,0.001953125
16.02000097200016,0.0,-5.686849025130556,5.686849025130556,0.2139403174949,1500,idle,0.14888135932853694,0.46466513694689326,-0.0018563249502683702,0.001953125
16.04000099299992,0.0,-5.688604593830064,5.688604593830064,0.21413893274139884,1500,idle,0.14892732000961398,0.46665083454702144,-0.0019144049801073481,0.001953125
16.060001273000125,0.0,-5.688604593830064,5.688604593830064,0.21437870735157907,1500,idle,0.14892732000961398,0.4686365321471496,-0.0019376369920429393,0.001953125
16.080000774999917,0.0,-5.688604593830064,5.688604593830064,0.21465332997966272,1500,idle,0.14892732000961398,0.4706222297472778,-0.0019469297968171756,0.001953125
16.10000133199992,0.0,-5.684413850396936,5.684413850396936,0.217761646481573,1500,idle,0.14881760660309235,0.4726064645019857,-0.0007787719187268703,0.0
16.12000120399989,0.0,-5.684413850396936,5.684413850396936,0.2192274395728695,1500,idle,0.14881760660309235,0.47459069925669356,-0.00031150876749074815,0.0
16.140000947000317,0.0,-5.684413850396936,5.684413850396936,0.21999233793731182,1500,idle,0.14881760660309235,0.47657493401140144,-0.00012460350699629926,0.0
16.160000968000077,0.0,-5.684413850396936,5.684413850396936,0.22047687841101243,1500,idle,0.14881760660309235,0.4785591687661093,-4.9841402798519703e-05,0.0
16.180000672999995,0.0,-5.684413850396936,5.684413850396936,0.2208492757284164,1500,idle,0.14881760660309235,0.4805434035208172,-1.9936561119407883e-05,0.0
16.200001249000252,0.0,-5.684413850396936,5.684413850396936,0.2182471282833017,1500,idle,0.14881760660309235,0.4825276382755251,-0.0011798496244477632,0.001953125
16.220000862000234,0.0,-5.684413850396936,5.684413850396936,0.21738485043317954,1500,idle,0.14881760660309235,0.48451187303023296,-0.0016438148497791053,0.001953125
16.240000937999866,0.0,-5.6737005210042355,5.6737005210042355,0.21693748516480915,1500,idle,0.1485371322954624,0.4864923681275058,-0.0018294009399116421,0.001953125
16.26000077400022,0.0,-5.6737005210042355,5.6737005210042355,0.21704897333926754,1500,idle,0.1485371322954624,0.4884728632247786,-0.0019036353759646569,0.001953125
16.28000077600018,0.0,-5.6737005210042355,5.6737005210042355,0.21727181316780544,1500,idle,0.1485371322954624,0.49045335832205145,-0.0019333291503858627,0.001953125
16.30000118499993,0.0,-5.675455524265601,5.675455524265601,0.21758523142767217,1500,idle,0.14858307817340352,0.49243446603103014,-0.0019452066601543451,0.001953125
16.320000817000164,0.0,-5.675455524265601,5.675455524265601,0.2178705200742505,1500,idle,0.14858307817340352,0.49441557374000883,-0.001949957664061738,0.001953125
16.340001003999987,0.0,-5.677890949527352,5.677890949527352,0.2182268220295141,1500,idle,0.14864683745765922,0.4963975315727776,-0.0019518580656246952,0.001953125
16.360000691000096,0.0,-5.677890949527352,5.677890949527352,0.22438159030286647,1500,idle,0.14864683745765922,0.4983794894055464,0.0003911317737501218,-0.001953125
16.380000934000236,0.0,-5.677890949527352,5.677890949527352,0.22696765673140934,1500,idle,0.14864683745765922,0.5,0.0013283277095000488,-0.001953125
16.400000899000133,0.0,-5.677890949527352,5.677890949527352,0.2308345401671593,1500,idle,0.14864683745765922,0.5,0.0028750810838000197,-0.00390625
16.42000097500022,0.0,-5.677890949527352,5.677890949527352,0.23238129354145926,1500,idle,0.14864683745765922,0.5,0.003493782433520008,-0.00390625
16.44000097700018,0.0,-5.679646225695507,5.679646225695507,0.23304594791380334,1500,idle,0.14869279048028333,0.5,0.003741262973408003,-0.00390625
16.46000094200008,0.0,-5.679646225695507,5.679646225695507,0.23036374095369133,1500,idle,0.14869279048028333,0.5,0.002668380189363201,-0.001953125
16.480000947999997,0.0,-5.679646225695507,5.679646225695507,0.22929085816964653,1500,idle,0.14869279048028333,0.5,0.0022392270757452806,-0.001953125
16.500001088000317,0.0,-5.679333700625534,5.679333700625534,0.22592383566882954,1500,idle,0.14868460859308424,0.5,0.0008956908302981123,0.0
16.520000987999993,0.0,-5.679333700625534,5.679333700625534,0.22458029942338237,1500,idle,0.14868460859308424,0.5,0.0003582763321192449,0.0
16.54000086899987,0.0,-5.675142858616795,5.675142858616795,0.2239331689379784,1500,idle,0.14857489260585915,0.5,0.00014331053284769797,0.0
16.560000676000072,0.0,-5.675142858616795,5.675142858616795,0.22664789063870686,1500,idle,0.14857489260585915,0.5,0.0012291992131390791,-0.001953125
16.580000853,0.0,-5.675142858616795,5.675142858616795,0.22773377931899824,1500,idle,0.14857489260585915,0.5,0.0016635546852556316,-0.001953125
16.60000069700027,0.0,-5.670687967421941,5.670687967421941,0.22512181851236235,1500,idle,0.1484582638271067,0.5,0.0006654218741022526,0.0
16.620000745000198,0.0,-5.670687967421941,5.670687967421941,0.22412368570120897,1500,idle,0.1484582638271067,0.5,0.00026616874964090106,0.0
16.640000773999873,0.0,-5.670687967421941,5.670687967421941,0.2237244325767476,1500,idle,0.1484582638271067,0.5,0.00010646749985636043,0.0
16.66000100700012,0.0,-5.670687967421941,5.670687967421941,0.22356473132696306,1500,idle,0.1484582638271067,0.5,4.2586999942544174e-05,0.0
16.68000077700026,0.0,-5.670687967421941,5.670687967421941,0.22350085082704926,1500,idle,0.1484582638271067,0.5,1.703479997701767e-05,0.0
16.700000955000178,0.0,-5.673123260295398,5.673123260295398,0.22060936694542202,1500,idle,0.14852201964544498,0.5,-0.0011650610800091929,0.001953125
16.720000817000255,0.0,-5.673123260295398,5.673123260295398,0.2194272710654358,1500,idle,0.14852201964544498,0.5,-0.0016378994320036771,0.001953125
16.740000902000247,0.0,-5.670687967421941,5.670687967421941,0.21889067689510303,1500,idle,0.1484582638271067,0.5,-0.0018270347728014708,0.001953125
16.76000085700025,0.0,-5.670687967421941,5.670687967421941,0.21870154155430524,1500,idle,0.1484582638271067,0.5,-0.0019026889091205883,0.001953125
16.780000960000052,0.0,-5.670687967421941,5.670687967421941,0.2186258874179861,1500,idle,0.1484582638271067,0.5,-0.0019329505636482354,0.001953125
16.80000093400031,0.0,-5.666184983178169,5.666184983178169,0.2214074254116296,1500,idle,0.14834037597527786,0.5,-0.0007731802254592942,0.0
16.820000686000185,0.0,-5.666184983178169,5.666184983178169,0.22256719574981854,1500,idle,0.14834037597527786,0.5,-0.0003092720901837177,0.0
16.84000093700024,0.0,-5.666184983178169,5.666184983178169,0.22303110388509412,1500,idle,0.14834037597527786,0.5,-0.00012370883607348707,0.0
16.860001022000233,0.0,-5.666184983178169,5.666184983178169,0.22321666713920435,1500,idle,0.14834037597527786,0.5,-4.948353442939483e-05,0.0
16.880001087999972,0.0,-5.666184983178169,5.666184983178169,0.22329089244084843,1500,idle,0.14834037597527786,0.5,-1.9793413771757934e-05,0.0
16.90000100599991,0.0,-5.666184983178169,5.666184983178169,0.22332058256150608,1500,idle,0.14834037597527786,0.5,-7.917365508703174e-06,0.0
16.920001054000295,0.0,-5.666184983178169,5.666184983178169,0.22333245860976914,1500,idle,0.14834037597527786,0.5,-3.16694620348127e-06,0.0
16.940001102000224,0.0,-5.66168238177616,5.66168238177616,0.22321933120001944,1500,idle,0.1482224981462229,0.5,-1.266778481392508e-06,0.0
16.96000155699994,0.0,-5.66168238177616,5.66168238177616,0.22322123136774152,1500,idle,0.1482224981462229,0.5,-5.067113925570032e-07,0.0
16.98000121599989,0.0,-5.66168238177616,5.66168238177616,0.22322199143483035,1500,idle,0.1482224981462229,0.5,-2.026845570228013e-07,0.0
17.000001040999905,0.0,-5.66168238177616,5.66168238177616,0.2232222954616659,1500,idle,0.1482224981462229,0.5,-8.107382280912052e-08,0.0
17.02000116299996,0.0,-5.66168238177616,5.66168238177616,0.2232224170724001,1500,idle,0.1482224981462229,0.5,-3.2429529123648214e-08,0.0
17.0400010809999,0.0,-5.65479104128562,5.65479104128562,0.22304205084453987,1500,idle,0.14804208327406898,0.5,-1.2971811649459286e-08,0.0
17.060000796000168,0.0,-5.65479104128562,5.65479104128562,0.22304207030225734,1500,idle,0.14804208327406898,0.5,-5.1887246597837145e-09,0.0
17.080000677000044,0.0,-5.65479104128562,5.65479104128562,0.22304207808534432,1500,idle,0.14804208327406898,0.5,-2.075489863913486e-09,0.0
17.100000966000152,0.0,-5.65479104128562,5.65479104128562,0.22304208119857913,1500,idle,0.14804208327406898,0.5,-8.301959455653944e-10,0.0
17.120000921000155,0.0,-5.65479104128562,5.65479104128562,0.22304208244387305,1500,idle,0.14804208327406898,0.5,-3.320783782261578e-10,0.0
17.14000091300022,0.0,-5.657227217642941,5.657227217642941,0.2231058618898824,1500,idle,0.14810586222196076,0.5,-1.328313512904631e-10,0.0
17.160000794000098,0.0,-5.657227217642941,5.657227217642941,0.22310586208912941,1500,idle,0.14810586222196076,0.5,-5.313254051618525e-11,0.0
17.18000102699989,0.0,-5.657227217642941,5.657227217642941,0.22310586216882822,1500,idle,0.14810586222196076,0.5,-2.12530162064741e-11,0.0
17.20000066700004,0.0,-5.652724999089486,5.652724999089486,0.22298799439460446,1500,idle,0.14798799441585747,0.5,-8.501206482589641e-12,0.0
17.22000095600015,0.0,-5.652724999089486,5.652724999089486,0.22298799440735628,1500,idle,0.14798799441585747,0.5,-3.4004825930358565e-12,0.0
17.240001226000004,0.0,-5.652724999089486,5.652724999089486,0.222987994412457,1500,idle,0.14798799441585747,0.5,-1.3601930372143426e-12,0.0
17.26000084799989,0.0,-5.652724999089486,5.652724999089486,0.2229879944144973,1500,idle,0.14798799441585747,0.5,-5.440772148857371e-13,0.0
17.28000098800021,0.0,-5.652724999089486,5.652724999089486,0.22298799441531342,1500,idle,0.14798799441585747,0.5,-2.1763088595429485e-13,0.0
17.30000131399993,0.0,-5.648269562046664,5.648269562046664,0.22287135134662103,1500,idle,0.14787135134683865,0.5,-8.705235438171794e-14,0.0
17.320000787000026,0.0,-5.648269562046664,5.648269562046664,0.22287135134675162,1500,idle,0.14787135134683865,0.5,-3.4820941752687175e-14,0.0
17.340001076000135,0.0,-5.648269562046664,5.648269562046664,0.22287135134680383,1500,idle,0.14787135134683865,0.5,-1.3928376701074871e-14,0.0
17.360000809000212,0.0,-5.648269562046664,5.648269562046664,0.22287135134682473,1500,idle,0.14787135134683865,0.5,-5.571350680429949e-15,0.0
17.380001023000204,0.0,-5.648269562046664,5.648269562046664,0.22287135134683309,1500,idle,0.14787135134683865,0.5,-2.22854027217198e-15,0.0
17.400000959999943,0.0,-5.648269562046664,5.648269562046664,0.22287135134683644,1500,idle,0.14787135134683865,0.5,-8.91416108868792e-16,0.0
17.420000989000073,0.0,-5.648269562046664,5.648269562046664,0.22287135134683778,1500,idle,0.14787135134683865,0.5,-3.565664435475168e-16,0.0
17.440000629000224,0.0,-5.648269562046664,5.648269562046664,0.2228713513468383,1500,idle,0.14787135134683865,0.5,-1.4262657741900673e-16,0.0
17.460001047999867,0.0,-5.648269562046664,5.648269562046664,0.22287135134683853,1500,idle,0.14787135134683865,0.5,-5.705063096760269e-17,0.0
17.480000950999965,0.0,-5.648269562046664,5.648269562046664,0.2228713513468386,1500,idle,0.14787135134683865,0.5,-2.282025238704108e-17,0.0
17.500001156000053,0.0,-5.645833135487067,5.645833135487067,0.2228075658486666,1500,idle,0.14780756584866664,0.5,-9.128100954816432e-18,0.0
17.520001027000035,0.0,-5.645833135487067,5.645833135487067,0.22280756584866662,1500,idle,0.14780756584866664,0.5,-3.651240381926573e-18,0.0
17.54000078700028,0.0,-5.645833135487067,5.645833135487067,0.22280756584866662,1500,idle,0.14780756584866664,0.5,-1.4604961527706293e-18,0.0
17.56000106600004,0.0,-5.645833135487067,5.645833135487067,0.22280756584866662,1500,idle,0.14780756584866664,0.5,-5.841984611082517e-19,0.0
17.580000862999896,0.0,-5.645833135487067,5.645833135487067,0.22280756584866662,1500,idle,0.14780756584866664,0.5,-2.336793844433007e-19,0.0
17.600000863999867,0.0,-5.641331049668111,5.641331049668111,0.22268970151754447,1500,idle,0.14768970151754446,0.5,-9.347175377732028e-20,0.0
17.620000921000155,0.0,-5.641331049668111,5.641331049668111,0.22268970151754447,1500,idle,0.14768970151754446,0.5,-3.7388701510928113e-20,0.0
17.640000755000074,0.0,-5.641331049668111,5.641331049668111,0.22268970151754447,1500,idle,0.14768970151754446,0.5,-1.4955480604371245e-20,0.0
17.660000756000045,0.0,-5.641331049668111,5.641331049668111,0.22268970151754447,1500,idle,0.14768970151754446,0.5,-5.982192241748498e-21,0.0
17.680000886000016,0.0,-5.641331049668111,5.641331049668111,0.22268970151754447,1500,idle,0.14768970151754446,0.5,-2.3928768966993995e-21,0.0
17.70000131300003,0.0,-5.641331049668111,5.641331049668111,0.22268970151754447,1500,idle,0.14768970151754446,0.5,-9.571507586797598e-22,0.0
17.72000075899996,0.0,-5.641331049668111,5.641331049668111,0.22268970151754447,1500,idle,0.14768970151754446,0.5,-3.828603034719039e-22,0.0
17.740000722999866,0.0,-5.641331049668111,5.641331049668111,0.22268970151754447,1500,idle,0.14768970151754446,0.5,-1.5314412138876157e-22,0.0
17.76000107500022,0.0,-5.641331049668111,5.641331049668111,0.22268970151754447,1500,idle,0.14768970151754446,0.5,-6.125764855550463e-23,0.0
17.780000798999936,0.0,-5.641331049668111,5.641331049668111,0.22268970151754447,1500,idle,0.14768970151754446,0.5,-2.4503059422201855e-23,0.0
17.800001022000288,0.0,-5.641331049668111,5.641331049668111,0.22268970151754447,1500,idle,0.14768970151754446,0.5,-9.801223768880742e-24,0.0
17.820001133999995,0.0,-5.641331049668111,5.641331049668111,0.22268970151754447,1500,idle,0.14768970151754446,0.5,-3.920489507552297e-24,0.0
17.84000091200005,0.0,-5.641331049668111,5.641331049668111,0.22268970151754447,1500,idle,0.14768970151754446,0.5,-1.5681958030209187e-24,0.0
17.860000932000275,0.0,-5.641331049668111,5.641331049668111,0.22268970151754447,1500,idle,0.14768970151754446,0.5,-6.272783212083675e-25,0.0
17.88000087699993,0.0,-5.641331049668111,5.641331049668111,0.22268970151754447,1500,idle,0.14768970151754446,0.5,-2.50911328483347e-25,0.0
17.90000187800024,0.0,-5.636875339744535,5.636875339744535,0.22257305130452415,1500,idle,0.14757305130452417,0.5,-1.0036453139333881e-25,0.0
17.920000842000263,0.0,-5.636875339744535,5.636875339744535,0.22257305130452415,1500,idle,0.14757305130452417,0.5,-4.014581255733553e-26,0.0
17.940001046999896,0.0,-5.636875339744535,5.636875339744535,0.22257305130452415,1500,idle,0.14757305130452417,0.5,-1.6058325022934212e-26,0.0
17.96000130700031,0.0,-5.636875339744535,5.636875339744535,0.22257305130452415,1500,idle,0.14757305130452417,0.5,-6.4233300091736854e-27,0.0
17.980001363000156,0.0,-5.636875339744535,5.636875339744535,0.22257305130452415,1500,idle,0.14757305130452417,0.5,-2.5693320036694744e-27,0.0
