t,ref,angle,err,u,pwm,state,P,I,D,gz
6.109999617365247e-07,0.0,-0.0011454665591941193,0.0011454665591941193,0.0,1500,idle,0.0,0.0,0.0,0.0
0.020000896999988527,0.0,0.0042286891276432925,-0.0042286891276432925,0.0,1500,idle,0.0,0.0,0.0,0.0
0.04000060799995708,0.0,0.0042286891276432925,-0.0042286891276432925,0.0,1500,idle,0.0,0.0,0.0,-0.001953125
0.06000061599996798,0.0,0.0042286891276432925,-0.0042286891276432925,0.0,1500,idle,0.0,0.0,0.0,-0.001953125
0.0800006979999921,0.0,0.001134472963741473,-0.001134472963741473,0.0,1500,idle,0.0,0.0,0.0,0.0
0.10000100199999906,0.0,0.001134472963741473,-0.001134472963741473,0.0,1500,idle,0.0,0.0,0.0,0.0
0.12000036199998476,0.0,0.0042286891276432925,-0.0042286891276432925,0.0,1500,idle,0.0,0.0,0.0,0.0
0.14000048099995865,0.0,0.0042286891276432925,-0.0042286891276432925,0.0,1500,idle,0.0,0.0,0.0,0.0
0.16000048899996955,0.0,0.0042286891276432925,-0.0042286891276432925,0.0,1500,idle,0.0,0.0,0.0,0.0
0.18000038499997117,0.0,0.001134472963741473,-0.001134472963741473,0.0,1500,idle,0.0,0.0,0.0,-0.001953125
0.20000028199996223,0.0,0.001134472963741473,-0.001134472963741473,0.0,1500,idle,0.0,0.0,0.0,-0.001953125
0.22000036399998635,0.0,0.0030609327274646603,-0.0030609327274646603,0.0,1500,idle,0.0,0.0,0.0,-0.001953125
0.2400003159999642,0.0,0.0030609327274646603,-0.0030609327274646603,0.0,1500,idle,0.0,0.0,0.0,0.0
0.2600006209999606,0.0,0.0030609327274646603,-0.0030609327274646603,0.0,1500,idle,0.0,0.0,0.0,0.0
0.2800007769999979,0.0,-3.284226991695505e-05,3.284226991695505e-05,0.0,1500,idle,0.0,0.0,0.0,0.0
0.3000006179999559,0.0,-3.284226991695505e-05,3.284226991695505e-05,0.0,1500,idle,0.0,0.0,0.0,0.0
0.32000042199996415,0.0,-3.284226991695505e-05,3.284226991695505e-05,0.0,1500,idle,0.0,0.0,0.0,0.0
0.34000041100000544,0.0,-3.284226991695505e-05,3.284226991695505e-05,0.0,1500,idle,0.0,0.0,0.0,0.0
0.3600003819999529,0.0,-3.284226991695505e-05,3.284226991695505e-05,0.0,1500,idle,0.0,0.0,0.0,0.0
0.3800003899999638,0.0,-3.284226991695505e-05,3.284226991695505e-05,0.0,1500,idle,0.0,0.0,0.0,0.001953125
0.4000005460000011,0.0,-3.284226991695505e-05,3.284226991695505e-05,0.0,1500,idle,0.0,0.0,0.0,0.001953125
0.4200005170000054,0.0,-0.0023128984813354236,0.0023128984813354236,0.0,1500,idle,0.0,0.0,0.0,0.001953125
0.4400003579999634,0.0,-0.0023128984813354236,0.0023128984813354236,0.0,1500,idle,0.0,0.0,0.0,-0.001953125
0.4600004029999809,0.0,-0.0023128984813354236,0.0023128984813354236,0.0,1500,idle,0.0,0.0,0.0,-0.001953125
0.48000024399999575,0.0,-0.001199280174944306,0.001199280174944306,0.0,1500,idle,0.0,0.0,0.0,-0.00390625
0.5000002889999564,0.0,-0.001199280174944306,0.001199280174944306,0.0,1500,idle,0.0,0.0,0.0,-0.00390625
0.5200003519999541,0.0,-0.001199280174944306,0.001199280174944306,0.0,1500,idle,0.0,0.0,0.0,-0.00390625
0.5400003969999716,0.0,-0.001199280174944306,0.001199280174944306,0.0,1500,idle,0.0,0.0,0.0,0.001953125
0.5600003499999957,0.0,-0.001199280174944306,0.001199280174944306,0.0,1500,idle,0.0,0.0,0.0,0.001953125
0.5800003389999802,0.0,-0.0031261761771190777,0.0031261761771190777,0.0,1500,idle,0.0,0.0,0.0,0.0
0.6000003279999646,0.0,-0.0031261761771190777,0.0031261761771190777,0.0,1500,idle,0.0,0.0,0.0,0.0
0.6200003920000086,0.0,-0.0031261761771190777,0.0031261761771190777,0.0,1500,idle,0.0,0.0,0.0,0.0
0.6400003069999798,0.0,-0.0031261761771190777,0.0031261761771190777,0.0,1500,idle,0.0,0.0,0.0,0.0
0.6600004259999537,0.0,-0.0031261761771190777,0.0031261761771190777,0.0,1500,idle,0.0,0.0,0.0,0.0
0.6800003230000016,0.0,-0.0031261761771190777,0.0031261761771190777,0.0,1500,idle,0.0,0.0,0.0,0.0
0.7000002749999794,0.0,-0.0031261761771190777,0.0031261761771190777,0.0,1500,idle,0.0,0.0,0.0,0.0
0.7200004129999797,0.0,-3.284226991695505e-05,3.284226991695505e-05,0.0,1500,idle,0.0,0.0,0.0,0.0
0.7400004019999642,0.0,-3.284226991695505e-05,3.284226991695505e-05,0.0,1500,idle,0.0,0.0,0.0,0.0
0.7600005019999685,0.0,-3.284226991695505e-05,3.284226991695505e-05,0.0,1500,idle,0.0,0.0,0.0,0.0
0.7800002879999965,0.0,-3.284226991695505e-05,3.284226991695505e-05,0.0,1500,idle,0.0,0.0,0.0,0.0
0.800000443999977,0.0,-3.284226991695505e-05,3.284226991695505e-05,0.0,1500,idle,0.0,0.0,0.0,0.0
0.8200002669999549,0.0,0.004173891788468609,-0.004173891788468609,0.0,1500,idle,0.0,0.0,0.0,0.0
0.8400005149999856,0.0,0.004173891788468609,-0.004173891788468609,0.0,1500,idle,0.0,0.0,0.0,0.0
0.8600003379999634,0.0,0.004173891788468609,-0.004173891788468609,0.0,1500,idle,0.0,0.0,0.0,0.0
0.8800004009999611,0.0,0.010537894472236076,-0.010537894472236076,0.0,1500,idle,0.0,0.0,0.0,0.0
0.9000005940000051,0.0,0.010537894472236076,-0.010537894472236076,0.0,1500,idle,0.0,0.0,0.0,0.0
0.920000712999979,0.0,0.013631793594214514,-0.013631793594214514,0.0,1500,idle,0.0,0.0,0.0,0.0
0.9400006839999833,0.0,0.013631793594214514,-0.013631793594214514,0.0,1500,idle,0.0,0.0,0.0,0.0
0.9600006919999942,0.0,0.013631793594214514,-0.013631793594214514,0.0,1500,idle,0.0,0.0,0.0,0.0
0.9800007739999614,0.0,0.013631793594214514,-0.013631793594214514,0.0,1500,idle,0.0,0.0,0.0,0.0
1.0000007630000027,0.0,0.013631793594214514,-0.013631793594214514,0.0,1500,idle,0.0,0.0,0.0,0.0
1.0200005859999806,0.0,0.013631793594214514,-0.013631793594214514,0.0,1500,idle,0.0,0.0,0.0,0.0
1.040000852999981,0.0,0.013631793594214514,-0.013631793594214514,0.0,1500,idle,0.0,0.0,0.0,0.0
1.0600002499999732,0.0,0.013631793594214514,-0.013631793594214514,0.0,1500,idle,0.0,0.0,0.0,0.0
1.0800003319999973,0.0,0.009547170075762779,-0.009547170075762779,0.0,1500,idle,0.0,0.0,0.0,0.0
1.1000002839999752,0.0,0.009547170075762779,-0.009547170075762779,0.0,1500,idle,0.0,0.0,0.0,0.0
1.120000513999969,0.0,0.009547170075762779,-0.009547170075762779,0.0,1500,idle,0.0,0.0,0.0,0.0
1.1400002809999705,0.0,0.009547170075762779,-0.009547170075762779,0.0,1500,idle,0.0,0.0,0.0,0.0
1.160000604000004,0.0,0.009547170075762779,-0.009547170075762779,0.0,1500,idle,0.0,0.0,0.0,0.0
1.1800003899999751,0.0,0.006453395078381163,-0.006453395078381163,0.0,1500,idle,0.0,0.0,0.0,0.0
1.2000003050000032,0.0,0.006453395078381163,-0.006453395078381163,0.0,1500,idle,0.0,0.0,0.0,0.0
1.2200005720000036,0.0,0.004173891788468609,-0.004173891788468609,0.0,1500,idle,0.0,0.0,0.0,0.0
1.2400005430000078,0.0,0.004173891788468609,-0.004173891788468609,0.0,1500,idle,0.0,0.0,0.0,0.0
1.2600005319999923,0.0,0.004173891788468609,-0.004173891788468609,0.0,1500,idle,0.0,0.0,0.0,0.0
1.2800002809999569,0.0,0.004173891788468609,-0.004173891788468609,0.0,1500,idle,0.0,0.0,0.0,0.0
1.3000004559999638,0.0,0.004173891788468609,-0.004173891788468609,0.0,1500,idle,0.0,0.0,0.0,0.0
1.3200004450000051,0.0,0.004173891788468609,-0.004173891788468609,0.0,1500,idle,0.0,0.0,0.0,0.0
1.3400002859999631,0.0,0.004173891788468609,-0.004173891788468609,0.0,1500,idle,0.0,0.0,0.0,0.0
1.3600004979999767,0.0,0.004173891788468609,-0.004173891788468609,0.0,1500,idle,0.0,0.0,0.0,0.0
1.3800005059999876,0.0,0.008258391182351943,-0.008258391182351943,0.0,1500,idle,0.0,0.0,0.0,0.0
1.4000002729999892,0.0,0.008258391182351943,-0.008258391182351943,0.0,1500,idle,0.0,0.0,0.0,0.0
1.4200004659999763,0.0,0.005164933120653359,-0.005164933120653359,0.0,1500,idle,0.0,0.0,0.0,0.0
1.4400003259999608,0.0,0.005164933120653359,-0.005164933120653359,0.0,1500,idle,0.0,0.0,0.0,0.0
1.4600002409999888,0.0,0.005164933120653359,-0.005164933120653359,0.0,1500,idle,0.0,0.0,0.0,0.0
1.480000322999956,0.0,0.005164933120653359,-0.005164933120653359,0.0,1500,idle,0.0,0.0,0.0,0.0
1.500000459999967,0.0,0.005164933120653359,-0.005164933120653359,0.0,1500,idle,0.0,0.0,0.0,0.0
1.5200005239999541,0.0,0.002885095064414145,-0.002885095064414145,0.0,1500,idle,0.0,0.0,0.0,0.0
1.5400007349999782,0.0,0.002885095064414145,-0.002885095064414145,0.0,1500,idle,0.0,0.0,0.0,0.0
1.560000539999976,0.0,0.002885095064414145,-0.002885095064414145,0.0,1500,idle,0.0,0.0,0.0,0.0
1.580000622,0.0,0.002885095064414145,-0.002885095064414145,0.0,1500,idle,0.0,0.0,0.0,0.0
1.6000005369999712,0.0,0.002885095064414145,-0.002885095064414145,0.0,1500,idle,0.0,0.0,0.0,0.0
1.6200003039999729,0.0,0.002885095064414145,-0.002885095064414145,0.0,1500,idle,0.0,0.0,0.0,0.0
1.640000329999964,0.0,0.002885095064414145,-0.002885095064414145,0.0,1500,idle,0.0,0.0,0.0,0.0
1.6600003009999682,0.0,0.002885095064414145,-0.002885095064414145,0.0,1500,idle,0.0,0.0,0.0,0.0
1.680000401999962,0.0,0.002885095064414145,-0.002885095064414145,0.0,1500,idle,0.0,0.0,0.0,0.0
1.700000612999986,0.0,0.002885095064414145,-0.002885095064414145,0.0,1500,idle,0.0,0.0,0.0,0.0
1.7200006580000036,0.0,-0.00020792201328845294,0.00020792201328845294,0.0,1500,idle,0.0,0.0,0.0,0.0
1.740000461999955,0.0,-0.00020792201328845294,0.00020792201328845294,0.0,1500,idle,0.0,0.0,0.0,0.0
1.7600007300000016,0.0,-0.00020792201328845294,0.00020792201328845294,0.0,1500,idle,0.0,0.0,0.0,0.0
1.7800002930000005,0.0,-0.00020792201328845294,0.00020792201328845294,0.0,1500,idle,0.0,0.0,0.0,0.0
1.8000004119999744,0.0,-0.00020792201328845294,0.00020792201328845294,0.0,1500,idle,0.0,0.0,0.0,0.0
1.8200003089999655,0.0,-0.00020792201328845294,0.00020792201328845294,0.0,1500,idle,0.0,0.0,0.0,0.0
1.8400003909999896,0.0,-0.00020792201328845294,0.00020792201328845294,0.0,1500,idle,0.0,0.0,0.0,0.0
1.8600003059999608,0.0,-0.00020792201328845294,0.00020792201328845294,0.0,1500,idle,0.0,0.0,0.0,0.0
1.8800003139999717,0.0,0.002885095064414145,-0.002885095064414145,0.0,1500,idle,0.0,0.0,0.0,0.0
1.9000003959999958,0.0,0.002885095064414145,-0.002885095064414145,0.0,1500,idle,0.0,0.0,0.0,0.0
1.920000310999967,0.0,-0.00020792201328845294,0.00020792201328845294,0.0,1500,idle,0.0,0.0,0.0,0.0
1.9400003559999845,0.0,-0.00020792201328845294,0.00020792201328845294,0.0,1500,idle,0.0,0.0,0.0,0.0
1.960000511999965,0.0,-0.00020792201328845294,0.00020792201328845294,0.0,1500,idle,0.0,0.0,0.0,0.0
1.9800006309999958,0.0,-0.00020792201328845294,0.00020792201328845294,0.0,1500,idle,0.0,0.0,0.0,0.0
2.0000003799999604,-60.0,-0.00020792201328845294,-59.99979207798671,-3.1415817668186357,1645,kick,-3.1415817668186357,0.0,0.0,0.0
2.020000906000007,-60.0,-0.00020792201328845294,-59.99979207798671,-3.1415817668186357,1645,kick,-3.1415817668186357,0.0,0.0,0.0
2.0400003769999557,-60.0,-0.00020792201328845294,-59.99979207798671,-3.1415817668186357,1645,kick,-3.1415817668186357,0.0,0.0,0.0
2.0600004219999732,-60.0,-0.00020792201328845294,-59.99979207798671,-3.1415817668186357,1645,kick,-3.1415817668186357,0.0,0.0,0.0
2.0800002999999947,-60.0,-0.0024880949024463916,-59.997511905097554,-3.138532689745344,1645,kick,-3.141462377245344,0.0,0.001171875,-0.001953125
2.100000437999995,-60.0,-0.0024880949024463916,-59.997511905097554,-3.1373608147453442,1645,kick,-3.141462377245344,0.0,0.001640625,-0.001953125
2.1200003719999927,-60.0,-0.00853436503047078,-59.99146563496953,-3.1365754827817467,1645,kick,-3.1411457952817465,0.0,0.0018281249999999999,-0.001953125
2.1400003979999838,-60.0,-0.00853436503047078,-59.99146563496953,-3.1275989202817467,1645,kick,-3.1411457952817465,0.0,0.00541875,-0.0078125
2.1600007389999973,-60.0,-0.00853436503047078,-59.99146563496953,-3.1240082952817465,1645,kick,-3.1411457952817465,0.0,0.006855,-0.0078125
2.1800007100000016,-60.0,-0.03697758868241863,-59.96302241131758,-3.109364011573924,1645,kick,-3.1396565115739237,0.0,0.012117,-0.015625
2.200000624999973,-60.0,-0.03697758868241863,-59.96302241131758,-3.1041020115739237,1645,kick,-3.1396565115739237,0.0,0.0142218,-0.015625
2.2200012440000023,-60.0,-0.08283149388446986,-59.91716850611553,-3.0995963067119043,1670.0,run,-3.1372556067119044,0.0,0.01506372,-0.015625
2.240001233999976,-60.0,-0.08283149388446986,-59.91716850611553,-3.0987543867119043,1695.0,run,-3.1372556067119044,0.0,0.015400488,-0.015625
2.260001296999974,-60.0,-0.08283149388446986,-59.91716850611553,-3.0984176187119044,1720.0,run,-3.1372556067119044,0.0,0.0155351952,-0.015625
2.2800013049999848,-60.0,-0.11551686274839312,-59.88448313725161,-3.0877824471001913,1745.0,run,-3.1355442048001914,0.0,0.01910470308,-0.021484375
2.3000009059999798,-60.0,-0.11551686274839312,-59.88448313725161,-3.0842129392201914,1770.0,run,-3.1355442048001914,0.0,0.020532506232,-0.021484375
2.320000765999964,-60.0,-0.1725743458179636,-59.827425654182036,-3.0563601132407965,1795.0,run,-3.1325566819727966,0.0,0.030478627492800003,-0.037109375
2.340000959000008,-60.0,-0.1725743458179636,-59.827425654182036,-3.0464139919799966,1820.0,run,-3.1325566819727966,0.0,0.03445707599712,-0.037109375
2.3600008369999728,-60.0,-0.1725743458179636,-59.827425654182036,-3.0424355434756767,1845.0,run,-3.1325566819727966,0.0,0.036048455398848,-0.037109375
2.380000825999957,-60.0,-0.29150487199081,-59.70849512800919,-2.9818826012854123,1870.0,run,-3.1263294941842603,0.0,0.0577787571595392,-0.072265625
2.400001204999967,-60.0,-0.29150487199081,-59.70849512800919,-2.960152299524721,1895.0,run,-3.1263294941842603,0.0,0.06647087786381568,-0.072265625
2.4200013789999844,-60.0,-0.5394982009685236,-59.460501799031476,-2.841795590979517,1900.0,run,-3.113344593843333,0.0,0.10861960114552627,-0.13671875
2.4400011089999794,-60.0,-0.5394982009685236,-59.460501799031476,-2.7996468676978066,1900.0,run,-3.113344593843333,0.0,0.1254790904582105,-0.13671875
2.460000875999981,-60.0,-0.5394982009685236,-59.460501799031476,-2.7827873783851222,1900.0,run,-3.113344593843333,0.0,0.1322228861832842,-0.13671875
2.480000994999955,-60.0,-0.982008408674659,-59.01799159132534,-2.6268972398655808,1900.0,run,-3.090174813548865,0.0,0.18531102947331368,-0.220703125
2.500000947999979,-60.0,-0.982008408674659,-59.01799159132534,-2.5738090965755513,1900.0,run,-3.090174813548865,0.0,0.20654628678932546,-0.220703125
2.5200009189999832,-60.0,-1.6580594442686447,-58.341940555731355,-2.3882696398116416,1900.0,run,-3.054776864100967,0.0,0.2666028897157302,-0.306640625
2.5400006300000086,-60.0,-1.6580594442686447,-58.341940555731355,-2.328213036885237,1900.0,run,-3.054776864100967,0.0,0.29062553088629206,-0.306640625
2.560000711999976,-60.0,-1.6580594442686447,-58.341940555731355,-2.3041903957146754,1900.0,run,-3.054776864100967,0.0,0.3002345873545168,-0.306640625
2.5800008679999564,-60.0,-2.5809012937219507,-57.41909870627805,-2.123214578001989,1900.0,run,-3.0064569778565056,0.0,0.3532969599418067,-0.388671875
2.600000912999974,-60.0,-2.5809012937219507,-57.41909870627805,-2.070152205414699,1900.0,run,-3.0064569778565056,0.0,0.37452190897672266,-0.388671875
2.6200010689999544,-60.0,-3.749151044499712,-56.25084895550029,-1.8588515924697575,1900.0,run,-2.94528756394648,0.0,0.43457438859068903,-0.474609375
2.6400007439999627,-60.0,-3.749151044499712,-56.25084895550029,-1.7987991128557912,1900.0,run,-2.94528756394648,0.0,0.45859538043627557,-0.474609375
2.6600009189999696,-60.0,-3.749151044499712,-56.25084895550029,-1.7747781210102045,1900.0,run,-2.94528756394648,0.0,0.4682037771745102,-0.474609375
2.680001075000007,-60.0,-5.156537703559337,-54.84346229644066,-1.5625728811242694,1900.0,run,-2.87159697079878,0.0,0.5236096358698041,-0.560546875
2.700001044999965,-60.0,-5.156537703559337,-54.84346229644066,-1.5071670224289757,1900.0,run,-2.87159697079878,0.0,0.5457719793479217,-0.560546875
2.720000812999956,-60.0,-6.817843319491146,-53.182156680508854,-1.2720423578112108,1900.0,run,-2.7846112121591324,0.0,0.6050275417391686,-0.64453125
2.7400010430000066,-60.0,-6.817843319491146,-53.182156680508854,-1.2127867954199636,1900.0,run,-2.7846112121591324,0.0,0.6287297666956675,-0.64453125
2.7600011060000043,-60.0,-6.817843319491146,-53.182156680508854,-1.1890845704634647,1900.0,run,-2.7846112121591324,0.0,0.638210656678267,-0.64453125
2.7800011879999715,-60.0,-8.716001621979927,-51.28399837802007,-0.9513100941733785,1882.228184373283,run,-2.6852238758516456,0.0,0.6935655126713068,-0.73046875
2.8000009919999798,-60.0,-8.716001621979927,-51.28399837802007,-0.8959552381803388,1862.0236619358236,run,-2.6852238758516456,0.0,0.7157074550685227,-0.73046875
2.8200011669999867,-60.0,-10.852329434273628,-49.14767056572637,-0.6359788706037655,1837.0236619358236,run,-2.573366013172288,0.0,0.7749548570274091,-0.814453125
2.8400009899999645,-60.0,-10.852329434273628,-49.14767056572637,-0.576731468644879,1812.0236619358236,run,-2.573366013172288,0.0,0.7986538178109637,-0.814453125
2.860000941999999,-60.0,-10.852329434273628,-49.14767056572637,-0.5530325078613245,1787.0236619358236,run,-2.573366013172288,0.0,0.8081334021243854,-0.814453125
2.8800010239999665,-60.0,-13.226619218688228,-46.77338078131177,-0.31376665114439906,1762.0236619358236,run,-2.4490484907687846,0.0,0.8541127358497542,-0.884765625
2.9000010319999774,-60.0,-13.226619218688228,-46.77338078131177,-0.2677873174190304,1737.0236619358236,run,-2.4490484907687846,0.0,0.8725044693399018,-0.884765625
2.920001318000004,-60.0,-15.77734893807775,-44.22265106192225,-0.03673812563342782,1500,idle,-2.31549259497333,0.0,0.9115017877359608,-0.9375
2.9400006770000005,-60.0,-15.77734893807775,-44.22265106192225,0.0022591927626312014,1500,idle,-2.31549259497333,0.0,0.9271007150943844,-0.9375
2.9600011299999665,-60.0,-15.77734893807775,-44.22265106192225,0.017858120121054366,1500,idle,-2.31549259497333,0.0,0.9333402860377538,-0.9375
2.9800008779999985,-60.0,-18.462696882320216,-41.537303117679784,0.19692874313050002,1500,idle,-2.1748881054072537,0.0,0.9487267394151014,-0.958984375
3.0000012379999816,-60.0,-18.462696882320216,-41.537303117679784,0.21231519650784758,1500,idle,-2.1748881054072537,0.0,0.9548813207660405,-0.958984375
3.0200014129999886,-60.0,-21.170359651859286,-38.829640348140714,0.34266454394516277,1500,idle,-2.033115214320878,0.0,0.9503119033064162,-0.947265625
3.040000938999981,-60.0,-21.170359651859286,-38.829640348140714,0.3380951264855381,1500,idle,-2.033115214320878,0.0,0.9484841363225665,-0.947265625
3.060000946999992,-60.0,-21.170359651859286,-38.829640348140714,0.33626735950168873,1500,idle,-2.033115214320878,0.0,0.9477530295290266,-0.947265625
3.0800008809999895,-60.0,-23.85361543563647,-36.14638456436353,0.47896088450842744,1500,dwell,-1.8926202700205994,0.0,0.9486324618116106,-0.94921875
3.100001093000003,-60.0,-23.85361543563647,-36.14638456436353,0.47984031679101125,1500,dwell,-1.8926202700205994,0.0,0.9489842347246442,-0.94921875
3.1200009149999914,-60.0,-26.539787864762985,-33.460212135237015,0.6179100616976996,1500,dwell,-1.7519726105269444,0.0,0.9479530688898576,-0.947265625
3.1400009049999653,-60.0,-26.539787864762985,-33.460212135237015,0.6168788958629134,1500,dwell,-1.7519726105269444,0.0,0.9475406025559431,-0.947265625
3.160001152999996,-60.0,-26.539787864762985,-33.460212135237015,0.6164664295289985,1500,dwell,-1.7519726105269444,0.0,0.9473756160223772,-0.947265625
3.180000697999958,-60.0,-29.241987360195225,-30.758012639804775,0.763647652718499,1500,dwell,-1.6104857758038782,0.0,0.9496533714089509,-0.951171875
3.200001446999977,-60.0,-29.241987360195225,-30.758012639804775,0.7659254081050726,1500,dwell,-1.6104857758038782,0.0,0.9505644735635803,-0.951171875
3.2200012879999917,-60.0,-31.93933340518501,-28.06066659481499,0.9051395314118589,1500,dwell,-1.4692530671517214,0.0,0.9497570394254321,-0.94921875
3.240001073999963,-60.0,-31.93933340518501,-28.06066659481499,0.9043320972737103,1390,kick,-1.4692530671517214,0.0,0.9494340657701728,-0.94921875
3.2600010079999606,-60.0,-34.6283249435005,-25.371675056499498,1.0448043913240688,1390,kick,-1.3284577994461038,0.0,0.949304876308069,-0.94921875
3.280000885999982,-60.0,-34.6283249435005,-25.371675056499498,1.0476048893619652,1390,kick,-1.3284577994461038,0.0,0.9504250755232276,-0.951171875
3.3000005789999705,-60.0,-34.6283249435005,-25.371675056499498,1.048725088577124,1390,kick,-1.3284577994461038,0.0,0.950873155209291,-0.951171875
3.3200009759999602,-60.0,-37.34534737649946,-22.65465262350054,1.185576755182324,1390,kick,-1.1861948375269673,0.0,0.9487086370837164,-0.947265625
3.340000798999995,-60.0,-37.34534737649946,-22.65465262350054,1.1834122370567495,1390,kick,-1.1861948375269673,0.0,0.9478428298334867,-0.947265625
3.3600008439999556,-60.0,-40.0265343393273,-19.9734656606727,1.3229330508951973,1390,kick,-1.0458082164382896,0.0,0.9474965069333947,-0.947265625
3.380001074000006,-60.0,-40.0265343393273,-19.9734656606727,1.3108679779951053,1390,kick,-1.0458082164382896,0.0,0.9426704777733579,-0.939453125
3.4000006929999813,-60.0,-40.0265343393273,-19.9734656606727,1.3060419488350683,1390,kick,-1.0458082164382896,0.0,0.9407400661093431,-0.939453125
3.4200007750000054,-60.0,-42.677740872817964,-17.322259127182036,1.425350261650446,1390,kick,-0.9069913669588971,0.0,0.9329366514437373,-0.927734375
3.440000745999953,-60.0,-42.677740872817964,-17.322259127182036,1.4175468469848402,1390,kick,-0.9069913669588971,0.0,0.9298152855774949,-0.927734375
3.460000734999994,-60.0,-45.29168493816033,-14.70831506183967,1.5512912723281682,1365.0,run,-0.7701255757493268,0.0,0.928566739230998,-0.927734375
3.4800009470000077,-60.0,-45.29168493816033,-14.70831506183967,1.5295349134816714,1340.0,run,-0.7701255757493268,0.0,0.9198641956923992,-0.9140625
3.500000917999955,-60.0,-45.29168493816033,-14.70831506183967,1.5208323699430724,1315.0,run,-0.7701255757493268,0.0,0.9163831782769597,-0.9140625
3.520000815000003,-60.0,-47.886725019568985,-12.113274980431015,1.6297898334530414,1290.0,run,-0.6342495948239187,0.0,0.905615771310784,-0.8984375
3.5400009889999637,-60.0,-47.886725019568985,-12.113274980431015,1.6190224264868656,1265.0,run,-0.6342495948239187,0.0,0.9013088085243136,-0.8984375
3.5600010530000077,-60.0,-50.404879660447534,-9.595120339552466,1.7455609337212115,1240.0,run,-0.5023993261508004,-0.0033493288410053365,0.8995860234097255,-0.8984375
3.5800012649999644,-60.0,-50.404879660447534,-9.595120339552466,1.704747412454322,1215.0,run,-0.5023993261508004,-0.006698657682010673,0.8836625343638902,-0.873046875
3.6000009019999766,-60.0,-50.404879660447534,-9.595120339552466,1.6878191247561851,1190.0,run,-0.5023993261508004,-0.010047986523016009,0.877293138745556,-0.873046875
3.620000928999957,-60.0,-52.84248429254542,-7.1575157074545785,1.6735672509216208,1165.0,run,-0.3747666460748809,-0.012546430830181882,0.8208391304982224,-0.783203125
3.640000843999985,-60.0,-52.84248429254542,-7.1575157074545785,1.6163637093821372,1140.0,run,-0.3747666460748809,-0.015044875137347756,0.798257527199289,-0.783203125
3.6600009999999656,-60.0,-54.94483990511016,-5.0551600948898425,1.703331813417087,1115.0,run,-0.2646875636137702,-0.01680945889477289,0.7892248858797156,-0.783203125
3.6800011929999528,-60.0,-54.94483990511016,-5.0551600948898425,1.438886984470286,1100.0,run,-0.2646875636137702,-0.018574042652198024,0.6836587043518862,-0.61328125
3.700001052999994,-60.0,-54.94483990511016,-5.0551600948898425,1.3327914278152293,1100.0,run,-0.2646875636137702,-0.020338626409623157,0.6414322317407546,-0.61328125
3.720000765000009,-60.0,-56.4682249235795,-3.5317750764205016,0.9685921741264909,1110.364582538258,run,-0.1849233105702363,-0.021571448480091397,0.4639947676963019,-0.345703125
3.740001179999979,-60.0,-56.4682249235795,-3.5317750764205016,0.7907848634608977,1135.364582538258,run,-0.1849233105702363,-0.02280427055055964,0.39301978207852073,-0.345703125
3.7600013169999897,-60.0,-57.154971694146866,-2.845028305853134,0.7554699239971352,1160.364582538258,run,-0.14896533374872037,-0.02379737277555111,0.3646297878314083,-0.345703125
3.7800010659999543,-60.0,-57.154971694146866,-2.845028305853134,0.0,1500,idle,-0.14896533374872037,-0.02379737277555111,0.3646297878314083,-0.017578125
3.8000008519999824,-60.0,-57.154971694146866,-2.845028305853134,0.0,1500,idle,-0.14896533374872037,-0.02379737277555111,0.3646297878314083,-0.017578125
3.8200008779999735,-60.0,-56.92608465762294,-3.073915342377063,-0.22565615461931487,1500,idle,-0.1609498309561456,-0.02487037164859208,-0.022898084867436663,0.28125
3.8400007199999777,-60.0,-56.92608465762294,-3.073915342377063,-0.6135059269800721,1500,dwell,-0.1609498309561456,-0.025943370521633053,-0.17790923394697464,0.28125
3.8600008759999582,-60.0,-55.95656745802819,-4.043432541971811,-0.8197043051881783,1500,dwell,-0.2117136328190757,-0.02735479474042689,-0.23991369357878983,0.28125
3.880000902000006,-60.0,-55.95656745802819,-4.043432541971811,-1.0520540670856318,1500,dwell,-0.2117136328190757,-0.02876621895922073,-0.33268422743151593,0.39453125
3.9000007619999906,-60.0,-55.95656745802819,-4.043432541971811,-1.1452480282039958,1500,dwell,-0.2117136328190757,-0.03017764317801457,-0.36979244097260633,0.39453125
3.920000861999995,-60.0,-54.78712176214509,-5.212878237854909,-1.2792904165269323,1500,dwell,-0.2729456662683848,-0.031997280953137135,-0.3986982263890425,0.41796875
3.9400006669999925,-60.0,-54.78712176214509,-5.212878237854909,-1.3087420932759053,1500,dwell,-0.2729456662683848,-0.0338169187282597,-0.410260540555617,0.41796875
3.9600006929999836,-60.0,-53.58998484663002,-6.410015153369983,-1.3836576049783758,1500,dwell,-0.3356276085871065,-0.036054436118840405,-0.4148854662222468,0.41796875
3.980000904999997,-60.0,-53.58998484663002,-6.410015153369983,-1.4036022233621799,1500,dwell,-0.3356276085871065,-0.03829195350942111,-0.42259481148889877,0.427734375
4.000000709000005,-60.0,-53.58998484663002,-6.410015153369983,-1.411982823846006,1645,kick,-0.3356276085871065,-0.04052947090000182,-0.4256785495955595,0.427734375
4.0200008839999555,-60.0,-52.36736043401092,-7.632639565989081,-1.4857416896453284,1645,kick,-0.39964407313350137,-0.04319376472089183,-0.4292557948382238,0.431640625
4.040001020999966,-60.0,-52.36736043401092,-7.632639565989081,-1.4901182230342596,1645,kick,-0.39964407313350137,-0.045858058541781835,-0.4306866929352895,0.431640625
4.060000806999994,-60.0,-51.15396597676016,-8.846034023239838,-1.5560086608614452,1645,kick,-0.46317725834692725,-0.04894590693076135,-0.4312590521741158,0.431640625
4.080000980999955,-60.0,-51.15396597676016,-8.846034023239838,-1.5282104996169652,1645,kick,-0.46317725834692725,-0.05203375531974086,-0.4197692458696463,0.412109375
4.100001192999969,-60.0,-51.15396597676016,-8.846034023239838,-1.5176470478291897,1645,kick,-0.46317725834692725,-0.05512160370872037,-0.4151733233478585,0.412109375
4.12000108999996,-60.0,-50.00543817550704,-9.994561824492962,-1.5273595284218653,1645,kick,-0.5233140333946015,-0.05861036393135105,-0.3945849543391434,0.380859375
4.140000930999975,-60.0,-50.00543817550704,-9.994561824492962,-1.5078177874799394,1645,kick,-0.5233140333946015,-0.06209912415398173,-0.3863496067356574,0.380859375
4.160000957999955,-60.0,-48.960879312464186,-11.039120687535814,-1.5356456768032176,1645,kick,-0.5780070075675603,0.0,-0.38305546769426296,0.380859375
4.180000724999957,-60.0,-48.960879312464186,-11.039120687535814,-1.4649687252618233,1645,kick,-0.5780070075675603,0.0,-0.35478468707770516,0.3359375
4.2000010109999835,-60.0,-48.960879312464186,-11.039120687535814,-1.4366979446452655,1645,kick,-0.5780070075675603,0.0,-0.34347637483108207,0.3359375
4.220000832999972,-60.0,-48.01156836466711,-11.988431635332887,-1.437009499891503,1670.0,run,-0.6277128125604211,0.0,-0.3237186749324328,0.310546875
4.240000840999983,-60.0,-48.01156836466711,-11.988431635332887,-1.4172517999928538,1695.0,run,-0.6277128125604211,0.0,-0.31581559497297307,0.310546875
4.260000923000007,-60.0,-47.15387412975173,-12.846125870248272,-1.4542574851573358,1720.0,run,-0.6726215776843627,0.0,-0.31265436298918925,0.310546875
4.282121114999995,-60.0,-47.15387412975173,-12.846125870248272,-1.4071509406735518,1745.0,run,-0.6726215776843627,0.0,-0.29381174519567566,0.28125
4.300001586999997,-60.0,-47.15387412975173,-12.846125870248272,-1.3883083228800381,1770.0,run,-0.6726215776843627,0.0,-0.2862746980782702,0.28125
4.320001094999952,-60.0,-46.40732561790557,-13.59267438209443,-1.346618276935371,1795.0,run,-0.7117107663571006,0.0,-0.2539630042313081,0.232421875
4.342107342999952,-60.0,-46.40732561790557,-13.59267438209443,-1.3143065830884089,1820.0,run,-0.7117107663571006,0.0,-0.24103832669252323,0.232421875
4.360000870999954,-60.0,-45.80235844451016,-14.197641555489838,-1.333057912676324,1845.0,run,-0.7433867734838007,0.0,-0.2358684556770093,0.232421875
4.380000544999973,-60.0,-45.80235844451016,-14.197641555489838,-1.22827866666081,1870.0,run,-0.7433867734838007,0.0,-0.19395675727080372,0.166015625
4.4000005719999535,-60.0,-45.80235844451016,-14.197641555489838,-1.1863669682546043,1895.0,run,-0.7433867734838007,0.0,-0.17719207790832148,0.166015625
4.4200007089999644,-60.0,-45.39761774462852,-14.60238225537148,-1.0560288373814046,1900.0,run,-0.7645789469730833,0.0,-0.11657995616332859,0.076171875
4.440000790999989,-60.0,-45.39761774462852,-14.60238225537148,-0.9954167156364119,1898.3271012072903,run,-0.7645789469730833,0.0,-0.09233510746533144,0.076171875
4.46000068799998,-60.0,-45.28252385848887,-14.717476141511128,-0.9771981687245718,1891.6773315844687,run,-0.7706052487592403,0.0,-0.08263716798613258,0.076171875
4.4800008069999535,-60.0,-45.28252385848887,-14.717476141511128,-0.8063674167453729,1866.6773315844687,run,-0.7706052487592403,0.0,-0.014304867194453032,-0.03125
4.500000629999988,-60.0,-45.28252385848887,-14.717476141511128,-0.7380351159536933,1841.6773315844687,run,-0.7706052487592403,0.0,0.013028053122218785,-0.03125
4.520000748999962,-60.0,-45.480527796812424,-14.519472203187576,-0.5479909836700362,1816.6773315844687,run,-0.760237786792255,0.0,0.0848987212488875,-0.1328125
4.540001034999989,-60.0,-45.480527796812424,-14.519472203187576,-0.4761203155433675,1791.6773315844687,run,-0.760237786792255,0.0,0.113646988499555,-0.1328125
4.5600009129999535,-60.0,-45.959694385918255,-14.040305614081745,-0.4222829443563574,1766.6773315844687,run,-0.7351486828559124,0.0,0.125146295399822,-0.1328125
4.580000735999988,-60.0,-45.959694385918255,-14.040305614081745,-0.27894769995609037,1741.6773315844687,run,-0.7351486828559124,0.0,0.1824803931599288,-0.220703125
4.600000965999982,-60.0,-45.959694385918255,-14.040305614081745,-0.22161360219598358,1716.6773315844687,run,-0.7351486828559124,0.0,0.20541403226397154,-0.220703125
4.6200008999999795,-60.0,-46.654958092800655,-13.345041907199345,-0.07731510302778488,1691.6773315844687,run,-0.6987447602917565,0.0,0.24857186290558864,-0.27734375
4.640000944999997,-60.0,-46.654958092800655,-13.345041907199345,-0.034157272386167836,1500,idle,-0.6987447602917565,0.0,0.26583499516223547,-0.27734375
4.660001007999995,-60.0,-47.49867530422671,-12.501324695773292,0.027282789755868286,1500,idle,-0.6545678304063671,0.0,0.27274024806489416,-0.27734375
4.680001089999962,-60.0,-47.49867530422671,-12.501324695773292,0.09571148015852704,1500,idle,-0.6545678304063671,0.0,0.30011172422595767,-0.318359375
4.700000801999977,-60.0,-47.49867530422671,-12.501324695773292,0.12308295631959054,1500,idle,-0.6545678304063671,0.0,0.3110603146903831,-0.318359375
4.720001031999971,-60.0,-48.43269216342327,-11.567307836576731,0.20637405517036467,1500,idle,-0.6056628220200184,0.0,0.32481475087615325,-0.333984375
4.740000687999952,-60.0,-48.43269216342327,-11.567307836576731,0.22012849135613477,1500,idle,-0.6056628220200184,0.0,0.3303165253504613,-0.333984375
4.760001103999969,-60.0,-49.40608200686677,-10.593917993133232,0.2765968388511264,1500,idle,-0.5546962489993348,0.0,0.3325172351401845,-0.333984375
4.780001092999953,-60.0,-49.40608200686677,-10.593917993133232,0.2963756736408496,1500,idle,-0.5546962489993348,0.0,0.3404287690560738,-0.345703125
4.800000878999981,-60.0,-49.40608200686677,-10.593917993133232,0.3042872075567391,1500,idle,-0.5546962489993348,0.0,0.34359338262242956,-0.345703125
4.820001145999981,-60.0,-50.4234093590467,-9.576590640953299,0.3831535984947002,1500,dwell,-0.5014291134009276,-0.0033428607560061835,0.35423422804897187,-0.361328125
4.840001024000003,-60.0,-50.4234093590467,-9.576590640953299,0.3927915856944406,1500,dwell,-0.5014291134009276,-0.006685721512012367,0.35849056621958875,-0.361328125
4.8600008290000005,-60.0,-51.489895098978934,-8.510104901021066,0.4519978105259363,1500,dwell,-0.4455880506387712,-0.009656308516270841,0.3601931014878355,-0.361328125
4.880000965999955,-60.0,-51.489895098978934,-8.510104901021066,0.47331698219290547,1500,dwell,-0.4455880506387712,-0.012626895520529317,0.3690772405951342,-0.375
4.900000918999979,-60.0,-51.489895098978934,-8.510104901021066,0.48130994519892656,1500,dwell,-0.4455880506387712,-0.015597482524787792,0.3726308962380537,-0.375
4.920000797,-60.0,-52.57433365777936,-7.425666342220637,0.5525858070408373,1500,dwell,-0.38880698047882245,-0.018189529061313277,0.37873985849522146,-0.3828125
4.940000711999971,-60.0,-52.57433365777936,-7.425666342220637,0.5579171553370473,1500,dwell,-0.38880698047882245,-0.02078157559783876,0.3811834433980886,-0.3828125
4.960001108999961,-60.0,-53.68772158023326,-6.312278419766741,0.6179965752858287,1500,dwell,-0.3305101251825431,-0.02298497643238905,0.38216087735923543,-0.3828125
4.980001042999959,-60.0,-53.68772158023326,-6.312278419766741,0.6329614264966104,1390,kick,-0.3305101251825431,-0.025188377266939337,0.38841122594369415,-0.392578125
5.000000903,-60.0,-53.68772158023326,-6.312278419766741,0.6385507548307041,1390,kick,-0.3305101251825431,-0.027391778101489624,0.39091136537747767,-0.392578125
5.02000129999999,-60.0,-54.81887477802917,-5.181125221970831,0.6997353710380027,1390,kick,-0.2712830822445391,-0.029200331983119887,0.3919114211509911,-0.392578125
5.040000955999972,-60.0,-54.81887477802917,-5.181125221970831,0.7001928606470269,1390,kick,-0.2712830822445391,-0.031008885864750146,0.3923114434603964,-0.392578125
5.060001037999996,-60.0,-55.970566052238155,-4.029433947761845,0.7604733357244589,1390,kick,-0.21098066814023217,-0.03241542365235169,0.3924714523841586,-0.392578125
5.08000102699998,-60.0,-55.970566052238155,-4.029433947761845,0.7602113833119405,1390,kick,-0.21098066814023217,-0.03382196143995324,0.39253545595366346,-0.392578125
5.1000009979999845,-60.0,-55.970566052238155,-4.029433947761845,0.759853425545165,1390,kick,-0.21098066814023217,-0.035228499227554784,0.3925610573814654,-0.392578125
5.120001061999972,-60.0,-57.12433200988929,-2.8756679901107134,0.81998893200055,1390,kick,-0.15056962386491907,-0.03623229671998758,0.39257129795258616,-0.392578125
5.140001050999956,-60.0,-57.12433200988929,-2.8756679901107134,0.819698033323941,1390,kick,-0.15056962386491907,-0.03723609421242038,0.3925753941810345,-0.392578125
5.160000652000008,-60.0,-58.281247553664386,-1.718752446335614,0.880098098436226,1390,kick,-0.08999366764579084,-0.03783605199672565,0.3925770326724138,-0.392578125
5.180001029999971,-60.0,-58.281247553664386,-1.718752446335614,0.8564822495923137,1390,kick,-0.08999366764579084,-0.03843600978103092,0.3832026880689655,-0.376953125
5.2000007049999795,-60.0,-58.281247553664386,-1.718752446335614,0.8469279176535737,1365.0,run,-0.08999366764579084,-0.03903596756533619,0.3794529502275862,-0.376953125
5.220000823999953,-60.0,-59.40136325604294,-0.5986367439570586,0.8871161742483458,1340.0,run,-0.03134454661640682,-0.03924493120944557,0.3720936800910345,-0.3671875
5.240000868999971,-60.0,-59.40136325604294,-0.5986367439570586,0.8796942150185612,1315.0,run,-0.03134454661640682,-0.039453894853554945,0.3691499720364138,-0.3671875
5.260001154999998,-60.0,-60.478436721028345,0.4784367210283449,0.9088845327433988,1290.0,run,0.012525444066585314,-0.039286888932667144,0.3679724888145655,-0.3671875
5.280000959000006,-60.0,-60.478436721028345,0.4784367210283449,0.8931588155740833,1265.0,run,0.012525444066585314,-0.03911988301177934,0.3616421205258262,-0.357421875
5.300001430000009,-60.0,-60.478436721028345,0.4784367210283449,0.8869286508378766,1240.0,run,0.012525444066585314,-0.03895287709089154,0.3591099732103305,-0.357421875
5.320001067999954,-60.0,-61.49918444002974,1.4991844400297367,0.8499101672704534,1215.0,run,0.03924855685977957,-0.03842956299942781,0.3334877392841322,-0.31640625
5.340000852999992,-60.0,-61.49918444002974,1.4991844400297367,0.8246019217991334,1190.0,run,0.03924855685977957,-0.03790624890796408,0.3232388457136529,-0.31640625
5.360001323999995,-60.0,-62.37037444865908,2.370374448659078,0.8376571793838548,1165.0,run,0.06205625795136929,-0.037078832135279155,0.3191392882854612,-0.31640625
5.380001166,-60.0,-62.37037444865908,2.370374448659078,0.687569697019274,1190.0,run,0.06205625795136929,-0.03625141536259423,0.2589057153141845,-0.21875
5.4000007289999985,-60.0,-62.37037444865908,2.370374448659078,0.6278325741116082,1215.0,run,0.06205625795136929,-0.0354239985899093,0.2348122861256738,-0.21875
5.4200010149999684,-60.0,-62.87972576056606,2.8797257605660604,0.0,1500,idle,0.06205625795136929,-0.0354239985899093,0.2348122861256738,-0.037109375
5.440000818999977,-60.0,-62.87972576056606,2.8797257605660604,0.0,1500,idle,0.06205625795136929,-0.0354239985899093,0.2348122861256738,-0.037109375
5.46000103099999,-60.0,-62.83978494566236,2.839784945662359,0.0,1500,idle,0.06205625795136929,-0.0354239985899093,0.2348122861256738,-0.037109375
5.480000723999979,-60.0,-62.83978494566236,2.839784945662359,0.0,1500,idle,0.06205625795136929,-0.0354239985899093,0.2348122861256738,0.14453125
5.500000768999996,-60.0,-62.83978494566236,2.839784945662359,0.0,1500,idle,0.06205625795136929,-0.0354239985899093,0.2348122861256738,0.14453125
5.5200010359999965,-60.0,-62.38924981483636,2.3892498148363615,-0.031008483334873993,1500,idle,0.06255041388233906,-0.034589993071478115,-0.029121960549730472,0.205078125
5.540001211000003,-60.0,-62.38924981483636,2.3892498148363615,-0.29444232669921955,1500,idle,0.06255041388233906,-0.03375598755304693,-0.13469565921989218,0.205078125
5.560000940999998,-60.0,-61.80301346179658,1.8030134617965814,-0.41498603494612973,1500,dwell,0.047202782049197006,-0.0331266171257243,-0.17692513868795687,0.205078125
5.580000818999963,-60.0,-61.80301346179658,1.8030134617965814,-0.5037128921578009,1500,dwell,0.047202782049197006,-0.03249724669840168,-0.21256693047518274,0.236328125
5.600001123999959,-60.0,-61.80301346179658,1.8030134617965814,-0.5389770616886331,1500,dwell,0.047202782049197006,-0.03186787627107905,-0.22682364719007309,0.236328125
5.620001057999957,-60.0,-61.12785105596444,1.1278510559644417,-0.5970404597819249,1500,dwell,0.029527071598011503,-0.031474181983105566,-0.24307320887602923,0.25390625
5.640001084000005,-60.0,-61.12785105596444,1.1278510559644417,-0.613053804895097,1500,dwell,0.029527071598011503,-0.03108048769513208,-0.24957303355041172,0.25390625
5.660000943999989,-60.0,-60.40795026020045,0.407950260200451,-0.6383151474274945,1500,dwell,0.010680112837298179,-0.030938086190634772,-0.2521729634201647,0.25390625
5.680000692999954,-60.0,-60.40795026020045,0.407950260200451,-0.6613374488945489,1500,dwell,0.010680112837298179,-0.030795684686137463,-0.26141606036806586,0.267578125
5.700000977999991,-60.0,-60.40795026020045,0.407950260200451,-0.6704951049397518,1500,dwell,0.010680112837298179,-0.030653283181640154,-0.26511329914722637,0.267578125
5.720000857000002,-60.0,-59.66331657656522,-0.33668342343477775,-0.6904107443348428,1645,kick,-0.017628702827469322,-0.030770807867156618,-0.26542031965889057,0.265625
5.740000993999956,-60.0,-59.66331657656522,-0.33668342343477775,-0.6907530222521618,1645,kick,-0.017628702827469322,-0.030888332552673082,-0.2655431278635562,0.265625
5.760001427999953,-60.0,-58.99788231349234,-1.0021176865076598,-0.7258228285141715,1645,kick,-0.05247075936608105,-0.031238137615113622,-0.2655922511454225,0.265625
5.780001196000001,-60.0,-58.99788231349234,-1.0021176865076598,-0.7201175183147698,1645,kick,-0.05247075936608105,-0.03158794267755416,-0.263268150458169,0.26171875
5.800001221999992,-60.0,-58.99788231349234,-1.0021176865076598,-0.7178983591462484,1645,kick,-0.05247075936608105,-0.0319377477399947,-0.2623385101832676,0.26171875
5.820001081999976,-60.0,-58.35733737040954,-1.6426626295904612,-0.7125936553910457,1645,kick,-0.08600961415746473,-0.032511145167711135,-0.24673227907330703,0.236328125
5.840000941999961,-60.0,-58.35733737040954,-1.6426626295904612,-0.6971594435094,1645,kick,-0.08600961415746473,-0.03308454259542757,-0.2404897866293228,0.236328125
5.860000912999965,-60.0,-57.77268294471094,-2.2273170552890633,-0.7217626293064109,1645,kick,-0.1166220483018562,-0.03386202291743994,-0.2379927896517291,0.236328125
5.8800006799999665,-60.0,-57.77268294471094,-2.2273170552890633,-0.660905126425421,1645,kick,-0.1166220483018562,-0.034639503239452314,-0.21355649086069162,0.197265625
5.900000761999991,-60.0,-57.77268294471094,-2.2273170552890633,-0.6367020717309873,1645,kick,-0.1166220483018562,-0.035416983561464686,-0.20378197134427664,0.197265625
5.920000843999958,-60.0,-57.28712552212521,-2.7128744778747915,-0.605760370960421,1645,kick,-0.14204577549671152,-0.03636395539810943,-0.18112216353771066,0.166015625
5.940000962999989,-60.0,-57.28712552212521,-2.7128744778747915,-0.5833846547048485,1670.0,run,-0.14204577549671152,-0.037310927234754175,-0.17205824041508427,0.166015625
5.960001304000002,-60.0,-56.89233219668759,-3.1076678033124097,-0.59531749597493,1695.0,run,-0.16271710567806327,-0.0383957079392746,-0.16843267116603372,0.166015625
5.98000099799998,-60.0,-56.89233219668759,-3.1076678033124097,0.0,1500,idle,-0.16271710567806327,-0.0383957079392746,-0.16843267116603372,0.130859375
6.000000709000005,-60.0,-56.89233219668759,-3.1076678033124097,0.0,1500,idle,-0.16271710567806327,-0.0383957079392746,-0.16843267116603372,0.130859375
6.020000920999962,-60.0,-56.58546439214638,-3.4145356078536224,0.0,1500,idle,-0.16271710567806327,-0.0383957079392746,-0.16843267116603372,0.091796875
6.040001020999966,-60.0,-56.58546439214638,-3.4145356078536224,0.0,1500,idle,-0.16271710567806327,-0.0383957079392746,-0.16843267116603372,0.091796875
6.0600010849999535,-60.0,-56.39362674285775,-3.606373257142252,0.0,1500,idle,-0.16271710567806327,-0.0383957079392746,-0.16843267116603372,0.091796875
6.080001166999978,-60.0,-56.39362674285775,-3.606373257142252,0.0,1500,idle,-0.16271710567806327,-0.0383957079392746,-0.16843267116603372,0.0703125
6.100000953000006,-60.0,-56.39362674285775,-3.606373257142252,0.0,1500,idle,-0.16271710567806327,-0.0383957079392746,-0.16843267116603372,0.0703125
6.120001201999969,-60.0,-56.2763524987827,-3.7236475012173003,0.0,1500,idle,-0.16271710567806327,-0.0383957079392746,-0.16843267116603372,0.037109375
6.140001042999984,-60.0,-56.2763524987827,-3.7236475012173003,0.0,1500,idle,-0.16271710567806327,-0.0383957079392746,-0.16843267116603372,0.037109375
6.160008865999998,-60.0,-56.21892679950261,-3.7810732004973886,0.0,1500,idle,-0.16271710567806327,-0.0383957079392746,-0.16843267116603372,0.037109375
6.180000984999992,-60.0,-56.21892679950261,-3.7810732004973886,0.0,1500,idle,-0.16271710567806327,-0.0383957079392746,-0.16843267116603372,0.0078125
6.200000789000001,-60.0,-56.21892679950261,-3.7810732004973886,0.0,1500,idle,-0.16271710567806327,-0.0383957079392746,-0.16843267116603372,0.0078125
6.220000629999959,-60.0,-56.24976139391387,-3.7502386060861284,0.0,1500,idle,-0.16271710567806327,-0.0383957079392746,-0.16843267116603372,-0.013671875
6.240000749999979,-60.0,-56.24976139391387,-3.7502386060861284,0.0,1500,idle,-0.16271710567806327,-0.0383957079392746,-0.16843267116603372,-0.013671875
6.260000849999983,-60.0,-56.364621661579775,-3.6353783384202245,0.0,1500,idle,-0.16271710567806327,-0.0383957079392746,-0.16843267116603372,-0.013671875
6.280000635999954,-60.0,-56.364621661579775,-3.6353783384202245,0.0,1500,idle,-0.16271710567806327,-0.0383957079392746,-0.16843267116603372,-0.03515625
6.300001033000001,-60.0,-56.364621661579775,-3.6353783384202245,0.0,1500,idle,-0.16271710567806327,-0.0383957079392746,-0.16843267116603372,-0.03515625
6.320000762999996,-60.0,-56.51855470017587,-3.4814452998241308,0.0,1500,idle,-0.16271710567806327,-0.0383957079392746,-0.16843267116603372,-0.05078125
6.340000844999963,-60.0,-56.51855470017587,-3.4814452998241308,0.0,1500,idle,-0.16271710567806327,-0.0383957079392746,-0.16843267116603372,-0.05078125
6.360001038000007,-60.0,-56.759879328861444,-3.2401206711385555,0.0,1500,idle,-0.16271710567806327,-0.0383957079392746,-0.16843267116603372,-0.05078125
6.380000786999972,-60.0,-56.759879328861444,-3.2401206711385555,0.0,1500,idle,-0.16271710567806327,-0.0383957079392746,-0.16843267116603372,-0.06640625
6.400000831999989,-60.0,-56.759879328861444,-3.2401206711385555,0.0,1500,idle,-0.16271710567806327,-0.0383957079392746,-0.16843267116603372,-0.06640625
6.420001006999996,-60.0,-57.09489596162547,-2.9051040383745317,0.0,1500,idle,-0.16271710567806327,-0.0383957079392746,-0.16843267116603372,-0.076171875
6.440000773999998,-60.0,-57.09489596162547,-2.9051040383745317,0.0,1500,idle,-0.16271710567806327,-0.0383957079392746,-0.16843267116603372,-0.076171875
6.460000855999965,-60.0,-57.41804742852953,-2.5819525714704668,0.0,1500,idle,-0.16271710567806327,-0.0383957079392746,-0.16843267116603372,-0.076171875
6.480001048999952,-60.0,-57.41804742852953,-2.5819525714704668,0.0,1500,idle,-0.16271710567806327,-0.0383957079392746,-0.16843267116603372,-0.08203125
6.500000650000004,-60.0,-57.41804742852953,-2.5819525714704668,0.0,1500,idle,-0.16271710567806327,-0.0383957079392746,-0.16843267116603372,-0.08203125
6.5200006389999885,-60.0,-57.92730338901107,-2.0726966109889275,0.0,1500,idle,-0.16271710567806327,-0.0383957079392746,-0.16843267116603372,-0.08984375
6.540000684000006,-60.0,-57.92730338901107,-2.0726966109889275,0.0,1500,idle,-0.16271710567806327,-0.0383957079392746,-0.16843267116603372,-0.08984375
6.560001025999952,-60.0,-58.44496484818211,-1.55503515181789,0.0,1500,idle,-0.16271710567806327,-0.0383957079392746,-0.16843267116603372,-0.08984375
6.580000736999978,-60.0,-58.44496484818211,-1.55503515181789,0.0,1500,idle,-0.16271710567806327,-0.0383957079392746,-0.16843267116603372,-0.09765625
6.600000985999998,-60.0,-58.44496484818211,-1.55503515181789,0.0,1500,idle,-0.16271710567806327,-0.0383957079392746,-0.16843267116603372,-0.09765625
6.620000901999958,-60.0,-58.93242609902731,-1.0675739009726897,0.0,1500,idle,-0.16271710567806327,-0.0383957079392746,-0.16843267116603372,-0.109375
6.640000834999967,-60.0,-58.93242609902731,-1.0675739009726897,0.0,1500,idle,-0.16271710567806327,-0.0383957079392746,-0.16843267116603372,-0.109375
6.660000787999991,-60.0,-59.37600983844362,-0.6239901615563781,0.0,1500,idle,-0.16271710567806327,-0.0383957079392746,-0.16843267116603372,-0.109375
6.680000813999982,-60.0,-59.37600983844362,-0.6239901615563781,0.0,1500,idle,-0.16271710567806327,-0.0383957079392746,-0.16843267116603372,-0.125
6.700000896000006,-60.0,-59.37600983844362,-0.6239901615563781,0.0,1500,idle,-0.16271710567806327,-0.0383957079392746,-0.16843267116603372,-0.125
6.720000866999953,-60.0,-59.806229406415426,-0.19377059358457416,0.0,1500,idle,-0.16271710567806327,-0.0383957079392746,-0.16843267116603372,-0.126953125
6.740001004999954,-60.0,-59.806229406415426,-0.19377059358457416,0.0,1500,idle,-0.16271710567806327,-0.0383957079392746,-0.16843267116603372,-0.126953125
6.760001308999961,-60.0,-60.28284834486598,0.2828483448659824,0.0,1500,idle,-0.16271710567806327,-0.0383957079392746,-0.16843267116603372,-0.126953125
6.780001040000002,-60.0,-60.28284834486598,0.2828483448659824,0.0,1500,idle,-0.16271710567806327,-0.0383957079392746,-0.16843267116603372,-0.13671875
6.80000086199999,-60.0,-60.28284834486598,0.2828483448659824,0.0,1500,idle,-0.16271710567806327,-0.0383957079392746,-0.16843267116603372,-0.13671875
6.820000758999981,-60.0,-60.767152092747125,0.7671520927471249,0.0,1500,idle,-0.16271710567806327,-0.0383957079392746,-0.16843267116603372,-0.14453125
6.840001414999961,-60.0,-60.767152092747125,0.7671520927471249,0.0,1500,idle,-0.16271710567806327,-0.0383957079392746,-0.16843267116603372,-0.14453125
6.8600007199999595,-60.0,-61.233732921043696,1.2337329210436963,0.0,1500,idle,-0.16271710567806327,-0.0383957079392746,-0.16843267116603372,-0.14453125
6.880000671999994,-60.0,-61.233732921043696,1.2337329210436963,0.06667328633284063,1500,idle,0.032299052343689606,-0.037965053908025403,0.022861306533586506,-0.150390625
6.900000938999995,-60.0,-61.233732921043696,1.2337329210436963,0.2582256564512104,1390,kick,0.032299052343689606,-0.03753439987677621,0.09937889761343459,-0.150390625
6.920000669999979,-60.0,-61.72506953078215,1.7250695307821502,0.35675677011199797,1390,kick,0.04516221470697329,-0.036932237014016565,0.13350155904537384,-0.15625
6.9400009549999595,-60.0,-61.72506953078215,1.7250695307821502,0.391240729261593,1390,kick,0.04516221470697329,-0.03633007415125692,0.14715062361814954,-0.15625
6.960000796999964,-60.0,-62.24473408075937,2.244734080759372,0.41896471594535617,1390,kick,0.058767000811469,-0.03554651414043734,0.15261024944725982,-0.15625
6.980000878999988,-60.0,-62.24473408075937,2.244734080759372,0.43075385278095824,1390,kick,0.058767000811469,-0.03476295412961775,0.15713784977890394,-0.16015625
7.000000867999972,-60.0,-62.24473408075937,2.244734080759372,0.43575158911909406,1390,kick,0.058767000811469,-0.03397939411879817,0.15894888991156159,-0.16015625
7.020001338999975,-60.0,-62.76576950081632,2.765769500816319,0.46057162856069567,1390,kick,0.07240767621072713,-0.03301395843598847,0.16318893096462464,-0.166015625
7.040000865999957,-60.0,-62.76576950081632,2.765769500816319,0.4653909310234445,1390,kick,0.07240767621072713,-0.03204852275317877,0.16488494738584986,-0.166015625
7.060000763000005,-60.0,-63.28852333610942,3.288523336109421,0.4814613575665343,1390,kick,0.08609333961566629,-0.03090061155830322,0.16556335395433996,-0.166015625
7.080000677999976,-60.0,-63.28852333610942,3.288523336109421,0.47110976085194967,1390,kick,0.08609333961566629,-0.02975270036342767,0.16114721658173597,-0.158203125
7.100000815999977,-60.0,-63.28852333610942,3.288523336109421,0.46738237019627094,1390,kick,0.08609333961566629,-0.02860478916855212,0.15938076163269438,-0.158203125
7.120001102000003,-60.0,-63.76664571051863,3.766645710518631,0.4701329516714262,1365.0,run,0.09861055410700698,-0.027289981780458692,0.15515855465307776,-0.15234375
7.140000998000005,-60.0,-63.76664571051863,3.766645710518631,0.4666996291246656,1340.0,run,0.09861055410700698,-0.025975174392365265,0.15346967186123112,-0.15234375
7.160001005999959,-60.0,-64.22270997882222,4.222709978822223,0.4778348832665609,1315.0,run,0.11055028873090172,-0.02450117054261991,0.15279411874449245,-0.15234375
7.180001236999999,-60.0,-64.22270997882222,4.222709978822223,0.48390310745966947,1290.0,run,0.11055028873090172,-0.023027166692874555,0.15486764749779697,-0.15625
7.200000762999991,-60.0,-64.22270997882222,4.222709978822223,0.48686103852282114,1269.335857287469,run,0.11055028873090172,-0.0215531628431292,0.1556970589991188,-0.15625
7.220000733999996,-60.0,-64.6615475933362,4.661547593336195,0.4444914416513483,1283.317824255055,run,0.12203903061320143,-0.019925975768286513,0.13376319859964753,-0.119140625
7.240000926999983,-60.0,-64.6615475933362,4.661547593336195,0.42353389349678267,1290.2338151460617,run,0.12203903061320143,-0.018298788693443827,0.12498965443985902,-0.119140625
7.2600011949999725,-60.0,-64.99898202146845,4.99898202146845,0.4246413463540037,1289.8683557031788,run,0.13087304328393948,-0.0165538147829913,0.1214802367759436,-0.119140625
7.280000961999974,-60.0,-64.99898202146845,4.99898202146845,0.3284289130363598,1314.8683557031788,run,0.13087304328393948,-0.014808840872538774,0.08257646971037744,-0.056640625
7.300000728999976,-60.0,-64.99898202146845,4.99898202146845,0.2905721303170652,1334.1111969953686,run,0.13087304328393948,-0.013063866962086248,0.06701496288415097,-0.056640625
7.320001348000005,-60.0,-65.14330895867532,5.14330895867532,0.17146786848052165,1359.1111969953686,run,0.13465151366430794,-0.011268513446562142,0.017430985153660393,0.015625
7.34000109699997,-60.0,-65.14330895867532,5.14330895867532,0.12296110285934553,1384.1111969953686,run,0.13465151366430794,-0.009473159931038037,-0.0024026059385358423,0.015625
7.360001271999977,-60.0,-65.06720973544697,5.067209735446966,0.10219651268710384,1396.2751508132558,run,0.13265924065899057,-0.007704370055584829,-0.010336042375414337,0.015625
7.380000964999965,-60.0,-65.06720973544697,5.067209735446966,0.016222787675497258,1500,idle,0.13265924065899057,-0.005935580180131621,-0.04515004195016573,0.068359375
7.40000067699998,-60.0,-65.06720973544697,5.067209735446966,-0.017529937973982196,1500,idle,0.13265924065899057,-0.004166790304678413,-0.059075641780066294,0.068359375
7.4200008889999935,-60.0,-64.87102670325677,4.871026703256774,-0.06193859962918735,1500,idle,0.12752318088659326,-0.0024664812261905025,-0.07519275671202652,0.0859375
7.440000655999995,-60.0,-64.87102670325677,4.871026703256774,-0.07703552911405481,1500,idle,0.12752318088659326,-0.0007661721477025922,-0.0816396026848106,0.0859375
7.460000997000009,-60.0,-64.65739250182348,4.65739250182348,-0.08809986339708432,1500,idle,0.12193025057177362,0.0008595645265877226,-0.08421834107392423,0.0859375
7.48000080099996,-60.0,-64.65739250182348,4.65739250182348,-0.08677347228162378,1500,idle,0.12193025057177362,0.0024853012008780374,-0.08407796142956969,0.083984375
7.500000790999991,-60.0,-64.65739250182348,4.65739250182348,-0.08565765063269506,1500,idle,0.12193025057177362,0.004111037875168352,-0.08402180957182788,0.083984375
7.520000817999971,-60.0,-64.44432354723838,4.444323547238383,-0.0873191265148129,1500,idle,0.11635211838483528,0.0056623994536328225,-0.08282747382873115,0.08203125
7.5400011959999915,-60.0,-64.44432354723838,4.444323547238383,-0.08519397382463753,1500,idle,0.11635211838483528,0.007213761032097293,-0.08234973953149247,0.08203125
7.560000871,-60.0,-64.24600833268136,4.246008332681356,-0.08901883779795865,1500,idle,0.11116023820860661,0.00869589754154538,-0.08215864581259699,0.08203125
7.580000971000004,-60.0,-64.24600833268136,4.246008332681356,-0.07036033717339432,1500,idle,0.11116023820860661,0.010178034050993469,-0.0750509583250388,0.0703125
7.600000867999995,-60.0,-64.24600833268136,4.246008332681356,-0.062363367780167225,1500,idle,0.11116023820860661,0.011660170560441557,-0.07220788333001552,0.0703125
7.620000708999953,-60.0,-64.08344595347144,4.08344595347144,-0.03948343100019311,1500,idle,0.10690436507297368,0.013085562094747873,-0.06169565333200621,0.0546875
7.64000088399996,-60.0,-64.08344595347144,4.08344595347144,-0.028115966081600025,1500,idle,0.10690436507297368,0.014510953629054189,-0.05749076133280249,0.0546875
7.66000113299998,-60.0,-64.11806254370389,4.118062543703886,-0.02214232886705321,1500,idle,0.10781062528602853,0.015948428632867905,-0.055808804533120995,0.0546875
7.680000973999995,-60.0,-64.11806254370389,4.118062543703886,-0.0020197620650835024,1500,idle,0.10781062528602853,0.01738590363668162,-0.0481047718132484,0.04296875
7.700000944999999,-60.0,-64.11806254370389,4.118062543703886,0.006546755657077338,1500,idle,0.10781062528602853,0.018823378640495332,-0.045023158725299356,0.04296875
7.720001026999967,-60.0,-64.51238830887769,4.512388308877689,0.04726405303404063,1500,idle,0.11813404967762181,0.020398499302863624,-0.03324363849011974,0.025390625
7.740000664999968,-60.0,-64.51238830887769,4.512388308877689,0.05998864566664122,1500,idle,0.11813404967762181,0.021973619965231915,-0.028531830396047897,0.025390625
7.760001321000004,-60.0,-64.71470815117566,4.714708151175657,0.07098462101213948,1500,idle,0.12343077076294467,0.02361936357540451,-0.02664710715841916,0.025390625
7.780001013999993,-60.0,-64.71470815117566,4.714708151175657,0.09729429041587177,1500,idle,0.12343077076294467,0.025265107185577104,-0.016518217863367664,0.009765625
7.800001336999969,-60.0,-64.71470815117566,4.714708151175657,0.10841062587702682,1500,idle,0.12343077076294467,0.0269108507957497,-0.012466662145347066,0.009765625
7.820001103999971,-60.0,-64.83954926072242,4.839549260722421,0.1431112945271431,1500,idle,0.1266991033680956,0.028600172173990975,-0.0002991648581388267,-0.0078125
7.840001112999971,-60.0,-64.83954926072242,4.839549260722421,0.1562923846412961,1500,idle,0.1266991033680956,0.03028949355223225,0.004567834056744469,-0.0078125
7.860001082999986,-60.0,-64.92773453004243,4.927734530042429,0.164500130814829,1500,idle,0.12900778832018372,0.03200959739650137,0.006514633622697788,-0.0078125
7.88000081399997,-60.0,-64.92773453004243,4.927734530042429,0.1938461801873438,1500,idle,0.12900778832018372,0.03372970124077048,0.017840228449079114,-0.025390625
7.900000876999968,-60.0,-64.92773453004243,4.927734530042429,0.20620383732028658,1500,idle,0.12900778832018372,0.035449805085039594,0.022370466379631644,-0.025390625
7.920000829999992,-60.0,-65.05392835421569,5.053928354215685,0.22974475162138985,1500,idle,0.13231153491144293,0.03721395888385883,0.030041936551852656,-0.03515625
7.940000838000003,-60.0,-65.05392835421569,5.053928354215685,0.2384747140729024,1500,idle,0.13231153491144293,0.03897811268267807,0.03311052462074106,-0.03515625
7.960000772000001,-60.0,-65.19730860136669,5.197308601366686,0.24638551000248593,1500,idle,0.1360652210041052,0.04079231562939947,0.03433795984829642,-0.03515625
7.980000743000005,-60.0,-65.19730860136669,5.197308601366686,0.26334990449807416,1390,kick,0.1360652210041052,0.042606518576120876,0.04068830893931857,-0.044921875
8.000000935999992,-60.0,-65.19730860136669,5.197308601366686,0.27078877535712914,1390,kick,0.1360652210041052,0.04442072152284228,0.04322844857572743,-0.044921875
8.020001202999993,-60.0,-65.35905241220703,5.359052412207035,0.29333419287192797,1390,kick,0.14029966406993566,0.04629138371044142,0.05010387943029097,-0.0546875
8.040000803999988,-60.0,-65.35905241220703,5.359052412207035,0.301332021039051,1390,kick,0.14029966406993566,0.04816204589804056,0.05285405177211639,-0.0546875
8.060001016000001,-60.0,-65.53798267162179,5.537982671621791,0.3099264489966873,1390,kick,0.14498404730728828,0.0500951665288044,0.05395412070884656,-0.0546875
8.080000930999972,-60.0,-65.53798267162179,5.537982671621791,0.3151160778118758,1390,kick,0.14498404730728828,0.05202828715956824,0.05556602328353862,-0.056640625
8.100000938999983,-60.0,-65.53798267162179,5.537982671621791,0.3178878527650261,1390,kick,0.14498404730728828,0.05396140779033208,0.056210784313415446,-0.056640625
8.120001317000003,-60.0,-65.70917705232725,5.709177052327249,0.3242101994469463,1390,kick,0.14946590571362262,0.05595428653318038,0.05646868872536617,-0.056640625
8.140001065999968,-60.0,-65.70917705232725,5.709177052327249,0.325663831104606,1390,kick,0.14946590571362262,0.05794716527602868,0.05657185049014647,-0.056640625
8.160001073999979,-60.0,-65.87795579714444,5.877955797144438,0.3314166862594135,1390,kick,0.1538845229202875,0.059998958914965844,0.05661311519605859,-0.056640625
8.180001063999953,-60.0,-65.87795579714444,5.877955797144438,0.3297593396486879,1390,kick,0.1538845229202875,0.06205075255390301,0.05545774607842344,-0.0546875
8.200001200999964,-60.0,-65.87795579714444,5.877955797144438,0.32983504671441505,1365.0,run,0.1538845229202875,0.06410254619284017,0.05499559843136938,-0.0546875
8.220001005999961,-60.0,-66.02777716768868,6.027777167688683,0.32283891807396475,1340.0,run,0.1578068372290588,0.06620663735589429,0.05012323937254775,-0.046875
8.240000716999987,-60.0,-66.02777716768868,6.027777167688683,0.31922901371297563,1324.654425474718,run,0.1578068372290588,0.0683107285189484,0.0481742957490191,-0.046875
8.260001133000003,-60.0,-66.17181101564982,6.171811015649823,0.3223434884877125,1323.626648799055,run,0.16157763455091703,0.07046509697962729,0.04739471829960764,-0.046875
8.280001140999957,-60.0,-66.17181101564982,6.171811015649823,0.3052784071147084,1329.2581256521462,run,0.16157763455091703,0.07261946544030617,0.040051637319843056,-0.03515625
8.300000834000002,-60.0,-66.17181101564982,6.171811015649823,0.29922794721135115,1331.2547774202542,run,0.16157763455091703,0.07477383390098506,0.03711440492793722,-0.03515625
8.320001101000003,-60.0,-66.26937985191978,6.26937985191978,0.26500186682551063,1342.5493839475814,run,0.16413198071129204,0.07696226031046896,0.021877011971174885,-0.01171875
8.340000997999994,-60.0,-66.26937985191978,6.26937985191978,0.25107752971443864,1347.1444151942353,run,0.16413198071129204,0.07915068671995286,0.015782054788469953,-0.01171875
8.360000987999967,-60.0,-66.27786552052441,6.277865520524415,0.24651955989627664,1348.6485452342288,run,0.16435413499586804,0.08134207518656443,0.01334407191538798,-0.01171875
8.380001069999992,-60.0,-66.27786552052441,6.277865520524415,0.19266203510316163,1366.4215284159566,run,0.16435413499586804,0.083533463653176,-0.008724871233844807,0.0234375
8.400000929999976,-60.0,-66.27786552052441,6.277865520524415,0.1719079250338958,1373.2703847388143,run,0.16435413499586804,0.08572485211978757,-0.01755244849353792,0.0234375
8.420001104999983,-60.0,-66.20121150669159,6.2012115066915925,0.13307545408567656,1386.0851001517267,run,0.16234733760649,0.0878894832878741,-0.032802229397415165,0.04296875
8.44000092799996,-60.0,-66.20121150669159,6.2012115066915925,0.11912445188265124,1390.6889308787252,run,0.16234733760649,0.09005411445596063,-0.038902141758966065,0.04296875
8.460001083999998,-60.0,-66.07509842763365,6.075098427633648,0.110995272471356,1393.3715600844525,run,0.15904570491740644,0.09217472385485939,-0.04134210670358643,0.04296875
8.480000794999967,-60.0,-66.07509842763365,6.075098427633648,0.09517923566607489,1398.5908522301952,run,0.15904570491740644,0.09429533325375815,-0.04817746768143457,0.052734375
8.50000089599996,-60.0,-66.07509842763365,6.075098427633648,0.08961624032756602,1400.4266406919032,run,0.15904570491740644,0.0964159426526569,-0.05091161207257383,0.052734375
8.520001070999967,-60.0,-65.9410997500811,5.941099750081094,0.10219644478345125,1396.275173221461,run,0.155537627742491,0.09848977768922346,-0.04497401982902953,0.041015625
8.540000782999982,-60.0,-65.9410997500811,5.941099750081094,0.10937833804893549,1393.9051484438512,run,0.155537627742491,0.10056361272579001,-0.04259898293161181,0.041015625
8.560001049999983,-60.0,-65.82634714189231,5.826347141892313,0.10996942598101753,1393.7100894262642,run,0.15253341148527316,0.10259739154559365,-0.041648968172644726,0.041015625
8.58000098399998,-60.0,-65.82634714189231,5.826347141892313,0.11799908303186682,1391.060302599484,run,0.15253341148527316,0.10463117036539729,-0.03892521226905789,0.037109375
8.600001066000004,-60.0,-65.82634714189231,5.826347141892313,0.12194310622733584,1389.7587749449792,run,0.15253341148527316,0.10666494918520093,-0.03783570990762315,0.037109375
8.620000758999993,-60.0,-65.74551246133053,5.745512461330534,0.14262751141634422,1382.9329212326063,run,0.1504171644968718,0.10867051137849255,-0.029196783963049262,0.0234375
8.640001118999976,-60.0,-65.74551246133053,5.745512461330534,0.15246977467689304,1379.6849743566254,run,0.1504171644968718,0.11067607357178418,-0.025741213585219705,0.0234375
8.66000083099999,-60.0,-65.69322815724973,5.6932281572497345,0.1557489320916719,1378.6028524097483,run,0.14904836461688603,0.11266338510000933,-0.024358985434087883,0.0234375
8.680000819999975,-60.0,-65.69322815724973,5.6932281572497345,0.18176104715973884,1370.018854437286,run,0.14904836461688603,0.11465069662823447,-0.014431094173635153,0.0078125
8.700000773,-60.0,-65.69322815724973,5.6932281572497345,0.19288132533712665,1366.349162638748,run,0.14904836461688603,0.11663800815645962,-0.01045993766945406,0.0078125
8.720000984999956,-60.0,-65.67194072899032,5.671940728990322,0.20627216926108066,1361.9301841438435,run,0.14849106104827275,0.1186178889704366,-0.005355850067781625,0.001953125
8.74000095599996,-60.0,-65.67194072899032,5.671940728990322,0.2125641853511393,1359.853818834124,run,0.14849106104827275,0.12059776978441357,-0.0033142150271126495,0.001953125
8.76000157499999,-60.0,-65.6804227277266,5.680422727726594,0.21601758355350253,1358.714197427344,run,0.14871311925591968,0.1225806113744925,-0.00249756101084506,0.001953125
8.780001156999958,-60.0,-65.6804227277266,5.680422727726594,0.2180239425238175,1358.0520989671402,run,0.14871311925591968,0.12456345296457143,-0.002170899404338024,0.001953125
8.80000092399996,-60.0,-65.6804227277266,5.680422727726594,0.2195403090843719,1357.5516980021573,run,0.14871311925591968,0.12654629455465036,-0.0020402347617352098,0.001953125
8.820001468999976,-60.0,-65.69347016554009,5.693470165540091,0.2241346799531997,1356.035555615444,run,0.14905470037911178,0.12853369055970518,-0.0008160939046940839,0.0
8.840000810999982,-60.0,-65.69347016554009,5.693470165540091,0.2265512584132737,1355.2380847236197,run,0.14905470037911178,0.13052108656476,-0.00032643756187763356,0.0
8.86000063299997,-60.0,-65.7028270474832,5.702827047483197,0.22848027465633597,1354.6015093634091,run,0.1492996629755532,0.13251174873776736,-0.00013057502475105344,0.0
8.880000623,-60.0,-65.7028270474832,5.702827047483197,0.22987053449726697,1354.142723615902,run,0.1492996629755532,0.13450241091077472,-5.223000990042138e-05,0.0
8.900001056999997,-60.0,-65.7028270474832,5.702827047483197,0.23114327681592203,1353.7227186507457,run,0.1492996629755532,0.13649307308378208,-2.0892003960168554e-05,0.0
8.920000823999999,-60.0,-65.69436890769593,5.694368907695932,0.22335674457518956,1356.2922742901874,run,0.1490782293937306,0.13848078280903184,-0.003523981801584067,0.005859375
8.94000073999996,-60.0,-65.69436890769593,5.694368907695932,0.2210462806127155,1357.0547273978038,run,0.1490782293937306,0.1404684925342816,-0.0049252177206336265,0.005859375
8.960000839999964,-60.0,-65.68044296953009,5.680442969530091,0.22047017367851213,1357.244842686091,run,0.14871364918509603,0.14245134119008288,-0.00548571208825345,0.005859375
8.980000921999988,-60.0,-65.68044296953009,5.680442969530091,0.20938063850437305,1360.904389293557,run,0.14871364918509603,0.14443418984588416,-0.01039740983530138,0.013671875
9.000001005000001,-60.0,-65.68044296953009,5.680442969530091,0.2056586499508059,1362.132645516234,run,0.14871364918509603,0.14641703850168544,-0.012362088934120552,0.013671875
9.020001272000002,-60.0,-65.64135035025993,5.641350350259927,0.20092236262719418,1363.695620333026,run,0.14769020680585662,0.14838624125909686,-0.01431983557364822,0.015625
9.040001206,-60.0,-65.64135035025993,5.641350350259927,0.20014613764211336,1363.9517745781027,run,0.14769020680585662,0.15035544401650827,-0.015102934229459289,0.015625
9.060001324999973,-60.0,-65.58993385334372,5.589933853343723,0.1874689612532729,1368.13524278642,run,0.1463441260643127,0.1523066990306991,-0.020103673691783716,0.0234375
9.080001221999964,-60.0,-65.58993385334372,5.589933853343723,0.18363897479946295,1369.3991383161772,run,0.1463441260643127,0.15425795404488993,-0.022103969476713486,0.0234375
9.100001118999955,-60.0,-65.58993385334372,5.589933853343723,0.18280943202304767,1369.6728874323942,run,0.1463441260643127,0.15620920905908076,-0.022904087790685396,0.0234375
9.12000108999996,-60.0,-65.54272000402034,5.542720004020339,0.18779349758726113,1368.0281457962037,run,0.14510807037946238,0.15814398333080693,-0.02088038511627416,0.01953125
9.140000950000001,-60.0,-65.54272000402034,5.542720004020339,0.19097806482470808,1366.9772386078464,run,0.14510807037946238,0.1600787576025331,-0.020070904046509665,0.01953125
9.160001031999968,-60.0,-65.49632787424719,5.496327874247186,0.20051321349523862,1363.8306395465713,run,0.14389352726213137,0.1619973379660282,-0.016231486618603866,0.013671875
9.180000761999963,-60.0,-65.49632787424719,5.496327874247186,0.20550377914124146,1362.1837528833903,run,0.14389352726213137,0.1639159183295233,-0.014695719647441548,0.013671875
9.200001028999964,-60.0,-65.49632787424719,5.496327874247186,0.20819069433050086,1361.2970708709347,run,0.14389352726213137,0.1658344986930184,-0.01408141285897662,0.013671875
9.220000833999961,-60.0,-65.4581149963996,5.458114996399601,0.20894773524798743,1361.047247368164,run,0.14289311645947722,0.16773974024581143,-0.01383569014359065,0.013671875
9.240001063999955,-60.0,-65.4581149963996,5.458114996399601,0.21033660289504924,1360.5889210446337,run,0.14289311645947722,0.16964498179860446,-0.01373740105743626,0.013671875
9.260001238999962,-60.0,-65.42951268521176,5.429512685211762,0.21961230220297084,1357.5279402730196,run,0.14214430970361552,0.17154023926131934,-0.010182460422974503,0.0078125
9.280001061999997,-60.0,-65.42951268521176,5.429512685211762,0.22430439731506158,1355.9795488860298,run,0.14214430970361552,0.17343549672403422,-0.008760484169189802,0.0078125
9.300000866000005,-60.0,-65.42951268521176,5.429512685211762,0.22686352804647517,1355.1350357446631,run,0.14214430970361552,0.1753307541867491,-0.008191693667675921,0.0078125
9.320001095999999,-60.0,-65.40468762420042,5.40468762420042,0.22498466759951352,1355.7550596921606,run,0.14149439112613094,0.17721734606843084,-0.009136052467070369,0.009765625
9.340001067000003,-60.0,-65.40468762420042,5.40468762420042,0.22517226392912812,1355.6931529033877,run,0.14149439112613094,0.1791039379501126,-0.009513795986828147,0.009765625
9.36000101999997,-60.0,-65.37804502546007,5.378045025460068,0.22229370642158744,1356.6430768808762,run,0.14079688952217068,0.1809812298104082,-0.010836768394731258,0.01171875
9.380000860999985,-60.0,-65.37804502546007,5.378045025460068,0.2220971091298617,1356.7079539871456,run,0.14079688952217068,0.18285852167070382,-0.011365957357892503,0.01171875
9.400000850999959,-60.0,-65.37804502546007,5.378045025460068,0.22269429528287785,1356.5108825566504,run,0.14079688952217068,0.18473581353099944,-0.011577632943157001,0.01171875
9.420000673999994,-60.0,-65.34748056414276,5.3474805641427565,0.22280241768185338,1356.4752021649883,run,0.1399967137960424,0.18660243638161333,-0.0116623031772628,0.01171875
9.440000903999987,-60.0,-65.34748056414276,5.3474805641427565,0.22383772115811595,1356.1335520178218,run,0.1399967137960424,0.18846905923222723,-0.01169617127090512,0.01171875
9.460000929999978,-60.0,-65.30645007485212,5.306450074852123,0.2179816826715213,1358.066044718398,run,0.13892253809830363,0.19032135974020462,-0.014053468508362046,0.015625
9.480000863999976,-60.0,-65.30645007485212,5.306450074852123,0.21673576573885078,1358.4771973061793,run,0.13892253809830363,0.192173660248182,-0.01499638740334482,0.015625
9.500000854000007,-60.0,-65.30645007485212,5.306450074852123,0.21690422714865448,1358.421605040944,run,0.13892253809830363,0.19402596075615938,-0.015373554961337927,0.015625
9.520000898999967,-60.0,-65.25732411436154,5.257324114361538,0.21048266134019455,1360.5407217577358,run,0.1376364234601556,0.19586111306896145,-0.01786817198453517,0.01953125
9.540000832999965,-60.0,-65.25732411436154,5.257324114361538,0.20908913570467852,1361.000585217456,run,0.1376364234601556,0.19769626538176352,-0.01886601879381407,0.01953125
9.560001007999972,-60.0,-65.20235578252809,5.2023557825280875,0.2077418001803492,1361.4452059404848,run,0.1361973558979218,0.19951223012706915,-0.019265157517525628,0.01953125
9.580000774999974,-60.0,-65.20235578252809,5.2023557825280875,0.20843224030382104,1361.217360699739,run,0.1361973558979218,0.20132819487237477,-0.019424813007010253,0.01953125
9.600000708999971,-60.0,-65.20235578252809,5.2023557825280875,0.20936216366151977,1360.9104859916984,run,0.1361973558979218,0.2031441596176804,-0.0194886752028041,0.01953125
9.620000716999982,-60.0,-65.13730574493985,5.137305744939852,0.2145306252632046,1359.2048936631425,run,0.13449434989623063,0.2049374176162968,-0.01717047008112164,0.015625
9.640000706999956,-60.0,-65.13730574493985,5.137305744939852,0.2179247851840569,1358.0848208892612,run,0.13449434989623063,0.2067306756149132,-0.016243188032448657,0.015625
9.660001010999963,-60.0,-65.08115209415129,5.081152094151292,0.20965709959886725,1360.8131571323738,run,0.13302425075631746,0.2085043322916641,-0.019387900212979464,0.021484375
9.680000851999978,-60.0,-65.08115209415129,5.081152094151292,0.20757658142438704,1361.4997281299522,run,0.13302425075631746,0.21027798896841499,-0.020645785085191784,0.021484375
9.700000638000006,-60.0,-65.08115209415129,5.081152094151292,0.20738289055822523,1361.5636461157856,run,0.13302425075631746,0.21205164564516588,-0.021148939034076712,0.021484375
9.720001349999961,-60.0,-65.01718580230586,5.01718580230586,0.20625589994206323,1361.9355530191192,run,0.13134961715182586,0.21380297387385688,-0.021350200613630684,0.021484375
9.74000102499997,-60.0,-65.01718580230586,5.01718580230586,0.20710543529972392,1361.6552063510912,run,0.13134961715182586,0.2155543021025479,-0.02143070524545227,0.021484375
9.76000129199997,-60.0,-64.9494972815951,4.9494972815951,0.20335978212617972,1362.8912718983606,run,0.12957753582351517,0.21728200258019476,-0.022634782098180907,0.0234375
9.780001133999974,-60.0,-64.9494972815951,4.9494972815951,0.20319232556003922,1362.946532565187,run,0.12957753582351517,0.21900970305784162,-0.023116412839272363,0.0234375
9.800001289999955,-60.0,-64.9494972815951,4.9494972815951,0.2037473151055359,1362.7633860151732,run,0.12957753582351517,0.22073740353548849,-0.023309065135708944,0.0234375
9.820001020000007,-60.0,-64.87752905907784,4.877529059077844,0.19683271144680956,1365.0452052225528,run,0.12769341216391408,0.22243998236434068,-0.025729876054283576,0.02734375
9.840000972999974,-60.0,-64.87752905907784,4.877529059077844,0.1954334478255462,1365.5069622175697,run,0.12769341216391408,0.22414256119319287,-0.026698200421713433,0.02734375
9.860000905999982,-60.0,-64.79313570646003,4.793135706460035,0.1932595826480219,1366.2243377261527,run,0.12548399935894808,0.2258156811846455,-0.027085530168685375,0.02734375
9.880000691999953,-60.0,-64.79313570646003,4.793135706460035,0.1938761248959216,1366.0208787843458,run,0.12548399935894808,0.22748880117609815,-0.02724046206747415,0.02734375
9.900001070999963,-60.0,-64.79313570646003,4.793135706460035,0.19472506499200443,1365.7407285526385,run,0.12548399935894808,0.2291619211675508,-0.02730243482698966,0.02734375
9.92000111599998,-60.0,-64.71374255311262,4.713742553112624,0.19650151577002742,1365.1544997958908,run,0.12340549146476845,0.23080732772041437,-0.026155348930795866,0.025390625
9.940000994000002,-60.0,-64.71374255311262,4.713742553112624,0.19863584559793931,1364.45017095268,run,0.12340549146476845,0.23245273427327795,-0.02569651457231835,0.025390625
9.96000070599996,-60.0,-64.63170460839322,4.631704608393221,0.19791699353078795,1364.68739213484,run,0.12125774309438445,0.23406950418120306,-0.02551298082892734,0.025390625
9.980000899000004,-60.0,-64.63170460839322,4.631704608393221,0.199070589218934,1364.3067055577517,run,0.12125774309438445,0.23568627408912818,-0.025439567331570937,0.025390625
10.000000814999964,0.0,-64.55414044770644,64.55414044770644,1.6519375074109857,1339.3067055577517,run,1.6900234449109857,0.0,-0.015234375,0.025390625
10.020000804000006,0.0,-64.55414044770644,64.55414044770644,1.6396328199109858,1314.3067055577517,run,1.6900234449109857,0.0,-0.02015625,0.0234375
10.040000700999997,0.0,-64.55414044770644,64.55414044770644,1.6347109449109856,1289.3067055577517,run,1.6900234449109857,0.0,-0.022125,0.0234375
10.060000653999964,0.0,-64.47982722437382,64.47982722437382,1.6249373042735995,1264.3067055577517,run,1.6880779292735995,0.0,-0.02525625,0.02734375
10.080000698999982,0.0,-64.47982722437382,64.47982722437382,1.6218060542735995,1239.3067055577517,run,1.6880779292735995,0.0,-0.02650875,0.02734375
10.100001187999965,0.0,-64.3783485996737,64.3783485996737,1.6178968500914803,1214.3067055577517,run,1.6854212250914804,0.0,-0.027009750000000003,0.02734375
10.120000936999986,0.0,-64.3783485996737,64.3783485996737,1.5675911625914805,1189.3067055577517,run,1.6854212250914804,0.0,-0.047132024999999994,0.060546875
10.140000944999997,0.0,-64.3783485996737,64.3783485996737,1.5474688875914804,1164.3067055577517,run,1.6854212250914804,0.0,-0.05518093499999999,0.060546875
10.160000712999988,0.0,-64.1227605250445,64.1227605250445,1.3862443224448113,1139.3067055577517,run,1.6787299449448114,0.0,-0.116994249,0.158203125
10.180000758000006,0.0,-64.1227605250445,64.1227605250445,1.3244310084448114,1114.3067055577517,run,1.6787299449448114,0.0,-0.1417195746,0.158203125
10.200000950999993,0.0,-63.519651761755796,63.519651761755796,1.2839163323442828,1100.0,run,1.662940594444283,0.0,-0.15160970484000003,0.158203125
10.220000663000008,0.0,-63.519651761755796,63.519651761755796,0.995705889604283,1101.4170564305866,run,1.662940594444283,0.0,-0.266893881936,0.34375
10.240000948999977,0.0,-63.519651761755796,63.519651761755796,0.8804217125082829,1126.4170564305866,run,1.662940594444283,0.0,-0.3130075527744,0.34375
10.26000073399996,0.0,-62.30565323172573,62.30565323172573,0.3923693844747891,1151.4170564305866,run,1.6311581872491892,0.0,-0.49551552110976,0.6171875
10.28000074299996,0.0,-62.30565323172573,62.30565323172573,0.209861416139429,1176.4170564305866,run,1.6311581872491892,0.0,-0.5685187084439041,0.6171875
10.300000732,0.0,-60.26840108776145,60.26840108776145,0.08352309239704958,1201.4170564305866,run,1.5778230508409536,0.0,-0.5977199833775616,0.6171875
10.32000138799998,0.0,-60.26840108776145,60.26840108776145,-0.38806099503660807,1500,dwell,1.5778230508409536,0.0,-0.7863536183510247,0.912109375
10.340001210999958,0.0,-60.26840108776145,60.26840108776145,-0.576694630010071,1500,dwell,1.5778230508409536,0.0,-0.8618070723404099,0.912109375
10.360000979000006,0.0,-57.45225827078721,57.45225827078721,-1.0657182805433387,1500,dwell,1.5040966042970711,0.0,-1.027925953936164,1.138671875
10.38000122699998,0.0,-57.45225827078721,57.45225827078721,-1.2318371621390924,1500,dwell,1.5040966042970711,0.0,-1.0943735065744655,1.138671875
10.400000790999968,0.0,-54.077918562256826,54.077918562256826,-1.386624721769356,1500,dwell,1.4157565973051096,0.0,-1.1209525276297863,1.138671875
10.420001002999982,0.0,-54.077918562256826,54.077918562256826,-1.5508990553246764,1500,dwell,1.4157565973051096,0.0,-1.1866622610519144,1.23046875
10.44000082599996,0.0,-54.077918562256826,54.077918562256826,-1.6166087887468048,1500,dwell,1.4157565973051096,0.0,-1.2129461544207658,1.23046875
10.460000815,0.0,-50.49802830880296,50.49802830880296,-1.809856177289893,1500,dwell,1.3220352896308731,0.0,-1.2527565867683064,1.279296875
10.480000953000001,0.0,-50.49802830880296,50.49802830880296,-1.8496666096374335,1645,kick,1.3220352896308731,0.0,-1.2686807597073226,1.279296875
10.500001091000001,0.0,-46.80938181340062,46.80938181340062,-1.9621593220068303,1645,kick,1.2254667502004923,0.0,-1.275050428882929,1.279296875
10.520000987999993,0.0,-46.80938181340062,46.80938181340062,-2.0124743036824366,1645,kick,1.2254667502004923,0.0,-1.2951764215531716,1.30859375
10.540001217999986,0.0,-46.80938181340062,46.80938181340062,-2.0326002963526792,1645,kick,1.2254667502004923,0.0,-1.3032268186212685,1.30859375
10.560001003999957,0.0,-43.06191001387572,43.06191001387572,-2.1036030257117964,1645,kick,1.1273581679094726,0.0,-1.2923844774485076,1.28515625
10.580000752999979,0.0,-43.06191001387572,43.06191001387572,-2.0927606845390354,1645,kick,1.1273581679094726,0.0,-1.2880475409794032,1.28515625
10.60000103799996,0.0,-39.41604993634289,39.41604993634289,-2.1838721416998763,1645,kick,1.031909774279527,0.0,-1.2863127663917613,1.28515625
10.620000879999964,0.0,-39.41604993634289,39.41604993634289,-2.1323326796122344,1645,kick,1.031909774279527,0.0,-1.2656969815567045,1.251953125
10.640000869000005,0.0,-39.41604993634289,39.41604993634289,-2.1117168947771776,1645,kick,1.031909774279527,0.0,-1.2574506676226818,1.251953125
10.660000858999979,0.0,-35.86547079254299,35.86547079254299,-2.117322962961079,1645,kick,0.938955829661603,0.0,-1.2225115170490728,1.19921875
10.680000699999994,0.0,-35.86547079254299,35.86547079254299,-2.08238381238747,1645,kick,0.938955829661603,0.0,-1.2085358568196292,1.19921875
10.700000967999983,0.0,-32.44473950941807,32.44473950941807,-2.157962687732776,1670.0,run,0.8494012940868527,0.0,-1.2029455927278516,1.19921875
10.720001104999994,0.0,-32.44473950941807,32.44473950941807,-2.1025677361409993,1695.0,run,0.8494012940868527,0.0,-1.1807876120911407,1.166015625
10.740000909999992,0.0,-32.44473950941807,32.44473950941807,-2.080409755504288,1720.0,run,0.8494012940868527,0.0,-1.1719244198364562,1.166015625
10.760001158999955,0.0,-29.134002495777537,29.134002495777537,-2.099627705583111,1745.0,run,0.7627264017533452,0.0,-1.1449416429345824,1.126953125
10.780000721999954,0.0,-29.134002495777537,29.134002495777537,-2.072644928681237,1770.0,run,0.7627264017533452,0.0,-1.134148532173833,1.126953125
10.800001007999981,0.0,-25.94387951560924,25.94387951560924,-2.1453690422416933,1795.0,run,0.6792091774321392,0.0,-1.1298312878695331,1.126953125
10.820000737999976,0.0,-25.94387951560924,25.94387951560924,-2.0619502354373944,1820.0,run,0.6792091774321392,0.0,-1.0964637651478133,1.07421875
10.84000094999999,0.0,-25.94387951560924,25.94387951560924,-2.028582712715674,1845.0,run,0.6792091774321392,0.0,-1.0831167560591253,1.07421875
10.86000110599997,0.0,-22.90902640004981,22.90902640004981,-1.9921489098983662,1870.0,run,0.5997569086607593,0.0,-1.0367623274236502,1.005859375
10.880001002999961,0.0,-22.90902640004981,22.90902640004981,-1.9457944812628911,1895.0,run,0.5997569086607593,0.0,-1.0182205559694602,1.005859375
10.900001029999999,0.0,-20.0960779427146,20.0960779427146,-2.000895528212793,1900.0,run,0.5261140902566672,0.0,-1.010803847387784,1.005859375
10.920001111999966,0.0,-20.0960779427146,20.0960779427146,-1.8528538196311168,1900.0,run,0.5261140902566672,0.0,-0.9515871639551137,0.912109375
10.940000768000004,0.0,-20.0960779427146,20.0960779427146,-1.7936371361984467,1900.0,run,0.5261140902566672,0.0,-0.9279004905820455,0.912109375
10.960000683999965,0.0,-17.563503170272668,17.563503170272668,-1.666331240323465,1900.0,run,0.45981143775858047,0.0,-0.8504570712328181,0.798828125
10.980000673000006,0.0,-17.563503170272668,17.563503170272668,-1.5888878209742374,1900.0,run,0.45981143775858047,0.0,-0.8194797034931272,0.798828125
11.00000079299997,0.0,-15.365500442552275,15.365500442552275,-1.6154540300843525,1900.0,run,0.40226786090877453,0.0,-0.8070887563972509,0.798828125
11.020001041,0.0,-15.365500442552275,15.365500442552275,-1.4331412079884762,1900.0,run,0.40226786090877453,0.0,-0.7341636275589003,0.685546875
11.04000105,0.0,-15.365500442552275,15.365500442552275,-1.3602160791501259,1900.0,run,0.40226786090877453,0.0,-0.7049935760235602,0.685546875
11.060000650000006,0.0,-13.479231368959802,13.479231368959802,-1.2105065614838835,1900.0,run,0.3528854520396767,0.0,-0.6253568054094241,0.572265625
11.08000100999999,0.0,-13.479231368959802,13.479231368959802,-1.1308697908697474,1900.0,run,0.3528854520396767,0.0,-0.5935020971637697,0.572265625
11.100001110999983,0.0,-11.91155794877318,11.91155794877318,-1.1400566767914788,1900.0,run,0.3118438578722911,0.0,-0.5807602138655079,0.572265625
11.120001156,0.0,-11.91155794877318,11.91155794877318,-0.9603226059932166,1885.517751187524,run,0.3118438578722911,0.0,-0.5088665855462031,0.4609375
11.140001163999955,0.0,-11.91155794877318,11.91155794877318,-0.888428977673912,1860.517751187524,run,0.3118438578722911,0.0,-0.4801091342184812,0.4609375
11.160001301999955,0.0,-10.673495258688433,10.673495258688433,-0.7221620567783058,1835.517751187524,run,0.2794314524401756,0.0,-0.40063740368739253,0.34765625
11.18000114299997,0.0,-10.673495258688433,10.673495258688433,-0.642690326247217,1810.517751187524,run,0.2794314524401756,0.0,-0.368848711474957,0.34765625
11.200001058999987,0.0,-9.743042886373303,9.743042886373303,-0.6332202420492554,1785.517751187524,run,0.25507226629533886,0.0034009635506045185,-0.3561332345899828,0.34765625
11.220000640999956,0.0,-9.743042886373303,9.743042886373303,-0.47783918703391853,1760.517751187524,run,0.25507226629533886,0.006801927101209037,-0.29479704383599314,0.25390625
11.240001055999983,0.0,-9.743042886373303,9.743042886373303,-0.41446241814956614,1735.517751187524,run,0.25507226629533886,0.010202890651813555,-0.27026256753439726,0.25390625
11.26000086099998,0.0,-9.063479295240455,9.063479295240455,-0.291562811896228,1710.517751187524,run,0.23728133308242175,0.01336664175957918,-0.2147456520137589,0.177734375
11.280000739000002,0.0,-9.063479295240455,9.063479295240455,-0.23414764571093022,1685.517751187524,run,0.23728133308242175,0.0165303928673448,-0.19253888580550355,0.177734375
11.300000765999982,0.0,-8.584515741039723,8.584515741039723,-0.22268217925701536,1660.517751187524,run,0.22474209655563615,0.019526954154753282,-0.1836561793222014,0.177734375
11.320000754999967,0.0,-8.584515741039723,8.584515741039723,-0.1211812235012682,1635.517751187524,run,0.22474209655563615,0.022523515442161763,-0.14377497172888057,0.1171875
11.34000122599997,0.0,-8.584515741039723,8.584515741039723,-0.07950207913550225,1610.517751187524,run,0.22474209655563615,0.025520076729570244,-0.12782248869155222,0.1171875
11.360000734999971,0.0,-8.251732906436843,8.251732906436843,-0.014869528936534149,1500,idle,0.21602986231872612,0.028400474893819926,-0.09917587047662088,0.080078125
11.380000908999989,0.0,-8.251732906436843,8.251732906436843,0.015505328176947025,1500,idle,0.21602986231872612,0.031280873058069605,-0.08771722319064834,0.080078125
11.400000768999973,0.0,-8.02155335117962,8.02155335117962,0.02261791900312704,1500,idle,0.21000377565370398,0.03408092340011899,-0.08313376427625933,0.080078125
11.42000094399998,0.0,-8.02155335117962,8.02155335117962,0.0757564081227457,1500,idle,0.21000377565370398,0.03688097374216838,-0.06255038071050373,0.048828125
11.440000988999998,0.0,-8.02155335117962,8.02155335117962,0.09801982189373093,1500,idle,0.21000377565370398,0.03968102408421777,-0.05431702728420149,0.048828125
11.460000922999996,0.0,-7.876114379754341,7.876114379754341,0.1538998489901902,1500,idle,0.20619619228557642,0.042430306648025454,-0.031101810913680597,0.015625
11.480000802000006,0.0,-7.876114379754341,7.876114379754341,0.1787646348989957,1500,idle,0.20619619228557642,0.04517958921183314,-0.021815724365472237,0.015625
11.50000092099998,0.0,-7.8084165467574,7.8084165467574,0.1879137872611087,1500,idle,0.20442386716218358,0.04790524077399559,-0.018101289746188895,0.015625
11.520000965999998,0.0,-7.8084165467574,7.8084165467574,0.2313495503176895,1500,idle,0.20442386716218358,0.05063089233615804,-0.0013811408984755582,-0.009765625
11.540000695999993,0.0,-7.8084165467574,7.8084165467574,0.24970509010270034,1500,idle,0.20442386716218358,0.053356543898320494,0.005306918640609777,-0.009765625
11.560000666999997,0.0,-7.8226912239569515,7.8226912239569515,0.2847724279356719,1500,idle,0.20479757733737086,0.056087178262818775,0.018529017456243912,-0.02734375
11.580001138,0.0,-7.8226912239569515,7.8226912239569515,0.29963290737000503,1500,idle,0.20479757733737086,0.058817812627317057,0.023817856982497568,-0.02734375
11.60000105399996,0.0,-7.885159330886779,7.885159330886779,0.3082086220197987,1500,idle,0.20643298855249098,0.061570252474683604,0.025933392792999027,-0.02734375
11.620000672999993,0.0,-7.885159330886779,7.885159330886779,0.33541312173872007,1500,idle,0.20643298855249098,0.06432269232205015,0.03615460711719961,-0.04296875
11.640001014999996,0.0,-7.885159330886779,7.885159330886779,0.3472857999713406,1500,idle,0.20643298855249098,0.0670751321694167,0.040243092846879845,-0.04296875
11.660000688999958,0.0,-7.982196927703086,7.982196927703086,0.3673052614601937,1500,dwell,0.20897342689649193,0.0698614445280366,0.04656598713875194,-0.05078125
11.680000919999998,0.0,-7.982196927703086,7.982196927703086,0.37529994316723775,1500,dwell,0.20897342689649193,0.07264775688665649,0.049095144855500775,-0.05078125
11.700000649999993,0.0,-8.113254632961997,8.113254632961997,0.38295941966107544,1500,dwell,0.21240450959680635,0.07547981701461391,0.05010680794220031,-0.05078125
11.720001158000002,0.0,-8.113254632961997,8.113254632961997,0.39738906882454944,1500,dwell,0.21240450959680635,0.07831187714257133,0.05519897317688012,-0.05859375
11.74000072199999,0.0,-8.113254632961997,8.113254632961997,0.4041804701360038,1500,dwell,0.21240450959680635,0.08114393727052875,0.05723583927075205,-0.05859375
11.76000113699996,0.0,-8.25944558793688,8.25944558793688,0.4176338357200812,1500,dwell,0.2162317798482261,0.0840270276685051,0.06039433570830082,-0.0625
11.780001292999998,0.0,-8.25944558793688,8.25944558793688,0.4225221863964158,1500,dwell,0.2162317798482261,0.08691011806648145,0.06165773428332033,-0.0625
11.800001115999976,0.0,-8.414359831397462,8.414359831397462,0.42960352978343547,1500,dwell,0.220287425258161,0.08984728373659026,0.062163093713328135,-0.0625
11.820001012999967,0.0,-8.414359831397462,8.414359831397462,0.43187118861550855,1390,kick,0.220287425258161,0.09278444940669907,0.06236523748533125,-0.0625
11.840000836000002,0.0,-8.414359831397462,8.414359831397462,0.43383563178957696,1390,kick,0.220287425258161,0.09572161507680788,0.0624460949941325,-0.0625
11.86000077,0.0,-8.584457838750438,8.584457838750438,0.4489566318628826,1390,kick,0.2247405806772474,0.09871815615250451,0.06599406299765301,-0.068359375
11.88000105599997,0.0,-8.584457838750438,8.584457838750438,0.45430252451182107,1390,kick,0.2247405806772474,0.10171469722820115,0.0674132501990612,-0.068359375
11.90000082399996,0.0,-7.847770605006133,7.847770605006133,0.43807891826584155,1390,kick,0.20545415399787662,0.10445408594817283,0.06798092507962449,-0.068359375
11.920001017000004,0.0,-7.847770605006133,7.847770605006133,0.4432199138783878,1390,kick,0.20545415399787662,0.10719347466814452,0.06937987003184978,-0.0703125
11.940001080000002,0.0,-7.847770605006133,7.847770605006133,0.4462624920625961,1390,kick,0.20545415399787662,0.10993286338811621,0.06993944801273991,-0.0703125
11.96000090299998,0.0,-7.1898128525841685,7.1898128525841685,0.4369619822478664,1390,kick,0.18822886031969915,0.1124425815257122,0.07250702920509597,-0.07421875
11.98000092999996,0.0,-7.1898128525841685,7.1898128525841685,0.44103539432278,1390,kick,0.18822886031969915,0.11495229966330818,0.07353406168203838,-0.07421875
12.000000937999971,0.0,-6.873189156884678,6.873189156884678,0.43521275520083946,1390,kick,0.17993967135001607,0.1173514952813084,0.07394487467281535,-0.07421875
12.020001057000002,0.0,-6.873189156884678,6.873189156884678,0.4282740230624166,1390,kick,0.17993967135001607,0.1197506908993086,0.07059357486912614,-0.068359375
12.040001064999956,0.0,-6.873189156884678,6.873189156884678,0.42636224062952743,1365.0,run,0.17993967135001607,0.12214988651730882,0.06925305494765045,-0.068359375
12.060000998999953,0.0,-6.6906628810000655,6.6906628810000655,0.4099257331366398,1340.0,run,0.17516114462163104,0.12448536844559724,0.06402934697906018,-0.060546875
12.08000102599999,0.0,-6.6906628810000655,6.6906628810000655,0.40610331432502256,1315.0,run,0.17516114462163104,0.12682085037388566,0.06193986379162407,-0.060546875
12.100000700999999,0.0,-6.589575866388287,6.589575866388287,0.40274749682574695,1297.0933260475035,run,0.17251469276765033,0.12912104627745433,0.06110407051664962,-0.060546875
12.120001245999958,0.0,-6.589575866388287,6.589575866388287,0.3827840085929137,1303.6812771643386,run,0.17251469276765033,0.131421242181023,0.052566628206659846,-0.046875
12.140000772999997,0.0,-6.589575866388287,6.589575866388287,0.3756266838250652,1306.0431943377284,run,0.17251469276765033,0.13372143808459167,0.04915165128266394,-0.046875
12.160000854999964,0.0,-6.495411121611397,6.495411121611397,0.3271615628716973,1322.03668425234,run,0.17004946551416505,0.1359887642914472,0.030207535513065577,-0.017578125
12.180000769999992,0.0,-6.495411121611397,6.495411121611397,0.3095778428262123,1327.8393118673498,run,0.17004946551416505,0.13825609049830276,0.022629889205226232,-0.017578125
12.200000649000003,0.0,-6.331580853544239,6.331580853544239,0.29903721332308464,1331.317719603382,run,0.16576039912586976,0.14046622915331436,0.019598830682090493,-0.017578125
12.220000804999984,0.0,-6.331580853544239,6.331580853544239,0.22409005049295583,1356.0502833373246,run,0.16576039912586976,0.14267636780832596,-0.010910467727163801,0.03125
12.24000112799996,0.0,-6.331580853544239,6.331580853544239,0.1949068352767085,1365.6807443586863,run,0.16576039912586976,0.14488650646333756,-0.02311418709086552,0.03125
12.260000876999982,0.0,-6.060034529929254,6.060034529929254,0.11826951044883724,1390.6807443586863,run,0.1586513329977185,0.1470018575699738,-0.051433174836346206,0.0703125
12.280001199999958,0.0,-6.060034529929254,6.060034529929254,0.09121973336733832,1399.8974879887783,run,0.1586513329977185,0.14911720867661005,-0.06276076993453848,0.0703125
12.300001299999963,0.0,-5.7734668816025305,5.7734668816025305,0.07359900685571397,1405.7123277376145,run,0.1511490095082207,0.15113252880338632,-0.0672918079738154,0.0703125
12.32000095699999,0.0,-5.7734668816025305,5.7734668816025305,0.04976934839250283,1413.576115030474,run,0.1511490095082207,0.1531478489301626,-0.07730734818952617,0.083984375
12.34000135399998,0.0,-5.7734668816025305,5.7734668816025305,0.04096300025285782,1416.482209916557,run,0.1511490095082207,0.15516316905693886,-0.08131356427581046,0.083984375
12.360000899,0.0,-5.487371289199558,5.487371289199558,0.03940515392757146,1500,idle,0.14365904441390737,0.15707862298245762,-0.07940042571032419,0.078125
12.380000906999953,0.0,-5.487371289199558,5.487371289199558,0.042467564848369,1500,idle,0.14365904441390737,0.15899407690797637,-0.07863517028412967,0.078125
12.400001044999954,0.0,-5.2359408770247455,5.2359408770247455,0.037747000369344225,1500,idle,0.13707661161576198,0.1608217650628532,-0.07832906811365187,0.078125
12.420001052999964,0.0,-5.2359408770247455,5.2359408770247455,0.06551690293274814,1500,idle,0.13707661161576198,0.16264945321773003,-0.06765975224546075,0.060546875
12.44000078299996,0.0,-5.2359408770247455,5.2359408770247455,0.07728283169386535,1500,idle,0.13707661161576198,0.16447714137260686,-0.0633920258981843,0.060546875
12.460000847000003,0.0,-5.027858697903582,5.027858697903582,0.0947341365937999,1500,idle,0.13162903290517863,0.1662321951446759,-0.054653685359273715,0.048828125
12.48000105899996,0.0,-5.027858697903582,5.027858697903582,0.1045255093959519,1500,idle,0.13162903290517863,0.16798724891674496,-0.05115834914370949,0.048828125
12.500000844999988,0.0,-4.872033187343561,4.872033187343561,0.10496173952933271,1500,idle,0.12754953057836832,0.16968790932445654,-0.0497602146574838,0.048828125
12.520001223000008,0.0,-4.872033187343561,4.872033187343561,0.13374745776018537,1500,idle,0.12754953057836832,0.17138856973216812,-0.03865408586299352,0.03125
12.540000953000003,0.0,-4.872033187343561,4.872033187343561,0.14587398279930264,1500,idle,0.12754953057836832,0.1730892301398797,-0.03421163434519741,0.03125
12.560000795000008,0.0,-4.769151464509093,4.769151464509093,0.17791872085870408,1500,idle,0.12485609337298975,0.17475397805151957,-0.020715903738078963,0.01171875
12.580000746999985,0.0,-4.769151464509093,4.769151464509093,0.19241330021280645,1500,idle,0.12485609337298975,0.17641872596315944,-0.015317611495231585,0.01171875
12.600001143999975,0.0,-4.7233211257596395,4.7233211257596395,0.1976010070562125,1500,idle,0.1236562579102663,0.17806747606862966,-0.013158294598092634,0.01171875
12.620000781999977,0.0,-4.7233211257596395,4.7233211257596395,0.22418707401663357,1500,idle,0.1236562579102663,0.17971622617409988,-0.002919567839237054,-0.00390625
12.640000772000008,0.0,-4.7233211257596395,4.7233211257596395,0.23541505083877132,1500,idle,0.1236562579102663,0.1813649762795701,0.0011759228643051782,-0.00390625
12.660000612999966,0.0,-4.727532823558562,4.727532823558562,0.26404843569205527,1390,kick,0.12376651990080159,0.18301519654491413,0.012189119145722072,-0.01953125
12.680001102999995,0.0,-4.727532823558562,4.727532823558562,0.27605176413267857,1390,kick,0.12376651990080159,0.18466541681025817,0.01659439765828883,-0.01953125
12.700000703,0.0,-4.756670537614639,4.756670537614639,0.2822161009631879,1390,kick,0.12452934347097636,0.18632580805653784,0.018356509063315533,-0.01953125
12.720000896999977,0.0,-4.756670537614639,4.756670537614639,0.2966931971159824,1390,kick,0.12452934347097636,0.1879861993028175,0.023748853625326215,-0.02734375
12.740000848999955,0.0,-4.756670537614639,4.756670537614639,0.30308177642576084,1390,kick,0.12452934347097636,0.1896465905490972,0.025905791450130486,-0.02734375
12.760001154000008,0.0,-4.822069206286471,4.822069206286471,0.3167498417055864,1390,kick,0.12624147661309287,0.19132981023727175,0.030284191580052196,-0.033203125
12.780001142999993,0.0,-4.822069206286471,4.822069206286471,0.32213817364841285,1390,kick,0.12624147661309287,0.1930130299254463,0.032035551632020876,-0.033203125
12.80000109599996,0.0,-4.886905073993972,4.886905073993972,0.32661044375298987,1390,kick,0.1279388756604179,0.19471888160091855,0.03273609565280835,-0.033203125
12.820000733999962,0.0,-4.886905073993972,4.886905073993972,0.32540481127906073,1390,kick,0.1279388756604179,0.1964247332763908,0.03184443826112334,-0.03125
12.840001018999999,0.0,-4.886905073993972,4.886905073993972,0.3255366648926591,1390,kick,0.1279388756604179,0.19813058495186303,0.031487775304449336,-0.03125
12.860000953999986,0.0,-4.946964468254862,4.946964468254862,0.3189993805162965,1390,kick,0.12951122692532677,0.19985740131086738,0.027829485121779733,-0.025390625
12.88000094299997,0.0,-4.946964468254862,4.946964468254862,0.31637718014902955,1365.0,run,0.12951122692532677,0.20158421766987172,0.026366169048711894,-0.025390625
12.900000895999995,0.0,-4.995105237138063,4.995105237138063,0.31722035885260197,1340.0,run,0.13077154930750698,0.20332783832730514,0.02578084261948476,-0.025390625
12.920000829999992,0.0,-4.995105237138063,4.995105237138063,0.3088921423178349,1328.0655930351145,run,0.13077154930750698,0.20507145898473855,0.022031087047793906,-0.01953125
12.940000929999997,0.0,-4.995105237138063,4.995105237138063,0.30618855914060406,1328.9577754836007,run,0.13077154930750698,0.20681507964217197,0.020531184819117563,-0.01953125
12.960000809000007,0.0,-5.018777043091575,5.018777043091575,0.2975704510485061,1331.8017511539929,run,0.13139127573817996,0.20856696331868102,0.016415598927647025,-0.013671875
12.980000797999992,0.0,-5.018777043091575,5.018777043091575,0.29450599536294103,1332.8130215302294,run,0.13139127573817996,0.21031884699519007,0.014769364571058811,-0.013671875
13.000001028999975,0.0,-5.006899407905053,5.006899407905053,0.29359744780412866,1333.1128422246375,run,0.13108031997614666,0.21206658459487202,0.014110870828423525,-0.013671875
13.020000611,0.0,-5.006899407905053,5.006899407905053,0.2500422841213026,1347.4860462399702,run,0.13108031997614666,0.21381432219455396,-0.003730651668630589,0.015625
13.040000729999974,0.0,-5.006899407905053,5.006899407905053,0.23324940418405762,1353.027696619261,run,0.13108031997614666,0.2155620597942359,-0.010867260667452236,0.015625
13.060000756999955,0.0,-4.91104198937154,4.91104198937154,0.18068650756544666,1370.3734525034026,run,0.12857077862733862,0.21727633684260042,-0.03130002926698089,0.044921875
13.080001005999975,0.0,-4.91104198937154,4.91104198937154,0.1612823051949367,1376.7768392856708,run,0.12857077862733862,0.21899061389096494,-0.03947313670679235,0.044921875
13.10000086599996,0.0,-4.7553517678411765,4.7553517678411765,0.15002919583210125,1380.4903653754066,run,0.12449481815904231,0.22065054479975219,-0.042742379682716936,0.044921875
13.12000087399997,0.0,-4.7553517678411765,4.7553517678411765,0.130177786401449,1387.041330487522,run,0.12449481815904231,0.22231047570853943,-0.05108132687308677,0.056640625
13.140000714999985,0.0,-4.7553517678411765,4.7553517678411765,0.12283479775635153,1389.464516740404,run,0.12449481815904231,0.22397040661732667,-0.054416905749234704,0.056640625
13.160000833999959,0.0,-4.575167547094281,4.575167547094281,0.1157402278622695,1391.805724805451,run,0.11977760629078191,0.22556744136787044,-0.05575113729969388,0.056640625
13.180000916999973,0.0,-4.575167547094281,4.575167547094281,0.11536421716213657,1391.929808336495,run,0.11977760629078191,0.2271644761184142,-0.05628482991987755,0.056640625
13.200001072999953,0.0,-4.384835912360359,4.384835912360359,0.11076601188270219,1393.4472160787084,run,0.11479473574556667,0.22869507259502175,-0.05649830696795102,0.056640625
13.220000710999955,0.0,-4.384835912360359,4.384835912360359,0.11147089272059327,1393.2146054022041,run,0.11479473574556667,0.2302256690716293,-0.056583697787180406,0.056640625
13.240000959999975,0.0,-4.384835912360359,4.384835912360359,0.11230385978732838,1392.9397262701816,run,0.11479473574556667,0.23175626554823686,-0.05661785411487216,0.056640625
13.260001115999955,0.0,-4.223581893156222,4.223581893156222,0.12944048053201543,1387.284641424435,run,0.11057311539478715,0.2332305737535007,-0.048428391645948865,0.04296875
13.280000809,0.0,-4.223581893156222,4.223581893156222,0.13851452792409696,1384.290205785048,run,0.11057311539478715,0.23470488195876454,-0.04515260665837954,0.04296875
13.300000872999988,0.0,-4.099338744445788,4.099338744445788,0.1393961983835451,1383.99925453343,run,0.10732043736772412,0.23613582112366754,-0.043842292663351816,0.04296875
13.320000936999975,0.0,-4.099338744445788,4.099338744445788,0.16207288837751463,1376.5159468354202,run,0.10732043736772412,0.23756676028857054,-0.03511504206534073,0.029296875
13.34000079699996,0.0,-4.099338744445788,4.099338744445788,0.17165870247446752,1373.3526281834256,run,0.10732043736772412,0.23899769945347354,-0.03162414182613629,0.029296875
13.360001100999966,0.0,-4.022651546230094,4.022651546230094,0.17984381372888775,1370.651541469467,run,0.10531277121323404,0.24040186973631666,-0.02788403173045452,0.025390625
13.380000997999957,0.0,-4.022651546230094,4.022651546230094,0.1844264259942754,1369.1392794218891,run,0.10531277121323404,0.24180604001915978,-0.026387987692181807,0.025390625
13.400001116999988,0.0,-3.982977292626231,3.982977292626231,0.0,1500,idle,0.10531277121323404,0.24180604001915978,-0.026387987692181807,0.025390625
13.420000995999999,0.0,-3.982977292626231,3.982977292626231,0.0,1500,idle,0.10531277121323404,0.24180604001915978,-0.026387987692181807,0.00390625
13.440000984999983,0.0,-3.982977292626231,3.982977292626231,0.0,1500,idle,0.10531277121323404,0.24180604001915978,-0.026387987692181807,0.00390625
13.460000715999968,0.0,-3.961678486838423,3.961678486838423,0.0,1500,idle,0.10531277121323404,0.24180604001915978,-0.026387987692181807,0.0
13.480000872000005,0.0,-3.961678486838423,3.961678486838423,0.0,1500,idle,0.10531277121323404,0.24180604001915978,-0.026387987692181807,0.0
13.500001046999955,0.0,-3.9664577001785517,3.9664577001785517,0.0,1500,idle,0.10531277121323404,0.24180604001915978,-0.026387987692181807,0.0
13.52000112899998,0.0,-3.9664577001785517,3.9664577001785517,0.0,1500,idle,0.10531277121323404,0.24180604001915978,-0.026387987692181807,-0.015625
13.540000729999974,0.0,-3.9664577001785517,3.9664577001785517,0.0,1500,idle,0.10531277121323404,0.24180604001915978,-0.026387987692181807,-0.015625
13.560000681999952,0.0,-4.022952233510239,4.022952233510239,0.2629447821526368,1390,kick,0.10532064318782014,0.24321031526166406,0.004679179923127276,-0.025390625
13.580001097999968,0.0,-4.022952233510239,4.022952233510239,0.2948545149134484,1390,kick,0.10532064318782014,0.24461459050416834,0.01710604696925091,-0.025390625
13.60000086499997,0.0,-4.092494998333365,4.092494998333365,0.3099591374333353,1390,kick,0.1071412685134756,0.2460431407510147,0.022076793787700364,-0.025390625
13.620000761999961,0.0,-4.092494998333365,4.092494998333365,0.32750576439989254,1390,kick,0.1071412685134756,0.24747169099786104,0.028752592515080146,-0.033203125
13.640001010999981,0.0,-4.092494998333365,4.092494998333365,0.33503869327538016,1390,kick,0.1071412685134756,0.2489002412447074,0.03142291200603206,-0.033203125
13.660000889999992,0.0,-4.184045128384554,4.184045128384554,0.3409820939288736,1390,kick,0.10953804531350898,0.2503607485155542,0.03249103980241282,-0.033203125
13.680000767999957,0.0,-4.184045128384554,4.184045128384554,0.34292652608776236,1390,kick,0.10953804531350898,0.25182125578640097,0.032918290920965126,-0.033203125
13.700001036000003,0.0,-4.264895664140937,4.264895664140937,0.34636367694185954,1390,kick,0.11165470738993442,0.25330998521826675,0.03308919136838605,-0.033203125
13.720000970000001,0.0,-4.264895664140937,4.264895664140937,0.3386387525484,1390,kick,0.11165470738993442,0.25479871465013254,0.02964192654735442,-0.02734375
13.740001014999962,0.0,-4.264895664140937,4.264895664140937,0.3360847253864878,1390,kick,0.11165470738993442,0.25628744408199833,0.02826302061894177,-0.02734375
13.760001375000002,0.0,-4.339278048715613,4.339278048715613,0.3317025870018595,1390,kick,0.11360203366440352,0.2578021378641904,0.025367708247576705,-0.0234375
13.78000108699996,0.0,-4.339278048715613,4.339278048715613,0.3297160908998097,1365.0,run,0.11360203366440352,0.2593168316463824,0.024209583299030682,-0.0234375
13.800000834999992,0.0,-4.396335119718827,4.396335119718827,0.3309724828514109,1340.0,run,0.11509578429022893,0.26085144210358546,0.023746333319612272,-0.0234375
13.820000750999952,0.0,-4.396335119718827,4.396335119718827,0.3197112491463143,1324.4952877817163,run,0.11509578429022893,0.2623860525607885,0.01887353332784491,-0.015625
13.840001128999972,0.0,-4.396335119718827,4.396335119718827,0.31575921542886876,1325.7994589084733,run,0.11509578429022893,0.26392066301799155,0.016924413331137964,-0.015625
13.86000069299996,0.0,-4.419466213058996,4.419466213058996,0.3036225268789023,1329.8045661299623,run,0.11570135489778705,0.26546334774996205,0.011457265332455186,-0.0078125
13.880000737999978,0.0,-4.419466213058996,4.419466213058996,0.2990809897194018,1331.3032733925975,run,0.11570135489778705,0.26700603248193255,0.009270406132982075,-0.0078125
13.900001208999981,0.0,-4.407663156736675,4.407663156736675,0.29750826604084124,1331.8222722065225,run,0.11539235160585279,0.2685445971700106,0.00839566245319283,-0.0078125
13.920001087999992,0.0,-4.407663156736675,4.407663156736675,0.25654103617389884,1345.3414580626134,run,0.11539235160585279,0.27008316185808867,-0.008360485018722868,0.01953125
13.940000800000007,0.0,-4.407663156736675,4.407663156736675,0.24070802751482998,1350.566350920106,run,0.11539235160585279,0.27162172654616673,-0.015062944007489146,0.01953125
13.96000103,0.0,-4.3196119075698505,4.3196119075698505,0.19744883961572657,1364.8418829268103,run,0.1130871752931703,0.2731295555500757,-0.03180642760299566,0.04296875
13.980001148999975,0.0,-4.3196119075698505,4.3196119075698505,0.18161005342256545,1370.0686823705535,run,0.1130871752931703,0.2746373845539846,-0.03850382104119826,0.04296875
14.00000086099999,0.0,-4.172148184815029,4.172148184815029,0.17192588142285675,1373.2644591304572,run,0.10922658405919072,0.2760937390081072,-0.041182778416479306,0.04296875
14.020001183999966,0.0,-4.172148184815029,4.172148184815029,0.14375354922004926,1382.5613287573838,run,0.10922658405919072,0.27755009346222975,-0.05280123636659172,0.060546875
14.040001062999977,0.0,-4.172148184815029,4.172148184815029,0.13300890394241038,1386.1070616990046,run,0.10922658405919072,0.2790064479163523,-0.05744861954663669,0.060546875
14.060000718999959,0.0,-3.9867149135029365,3.9867149135029365,0.0,1500,idle,0.10922658405919072,0.2790064479163523,-0.05744861954663669,0.060546875
14.080001337999988,0.0,-3.9867149135029365,3.9867149135029365,0.0,1500,idle,0.10922658405919072,0.2790064479163523,-0.05744861954663669,0.060546875
14.100001086999953,0.0,-3.805336604206076,3.805336604206076,0.0,1500,idle,0.10922658405919072,0.2790064479163523,-0.05744861954663669,0.060546875
14.120000965999964,0.0,-3.805336604206076,3.805336604206076,0.0,1500,idle,0.10922658405919072,0.2790064479163523,-0.05744861954663669,0.05859375
14.140001010999981,0.0,-3.805336604206076,3.805336604206076,0.0,1500,idle,0.10922658405919072,0.2790064479163523,-0.05744861954663669,0.05859375
14.160000833999959,0.0,-3.6341068286749874,3.6341068286749874,0.0,1500,idle,0.10922658405919072,0.2790064479163523,-0.05744861954663669,0.05078125
14.18000097099997,0.0,-3.6341068286749874,3.6341068286749874,0.0,1500,idle,0.10922658405919072,0.2790064479163523,-0.05744861954663669,0.05078125
14.200000923999994,0.0,-3.499140747786072,3.499140747786072,0.0,1500,idle,0.10922658405919072,0.2790064479163523,-0.05744861954663669,0.05078125
14.220001116999981,0.0,-3.499140747786072,3.499140747786072,0.0,1500,idle,0.10922658405919072,0.2790064479163523,-0.05744861954663669,0.037109375
14.240000884999972,0.0,-3.499140747786072,3.499140747786072,0.0,1500,idle,0.10922658405919072,0.2790064479163523,-0.05744861954663669,0.037109375
14.260001522999971,0.0,-3.4004546519838073,3.4004546519838073,0.0,1500,idle,0.10922658405919072,0.2790064479163523,-0.05744861954663669,0.025390625
14.280001104999997,0.0,-3.4004546519838073,3.4004546519838073,0.0,1500,idle,0.10922658405919072,0.2790064479163523,-0.05744861954663669,0.025390625
14.300001056999974,0.0,-3.3415800790342303,3.3415800790342303,0.0,1500,idle,0.10922658405919072,0.2790064479163523,-0.05744861954663669,0.025390625
14.320001064999985,0.0,-3.3415800790342303,3.3415800790342303,0.0,1500,idle,0.10922658405919072,0.2790064479163523,-0.05744861954663669,0.009765625
14.340000832999976,0.0,-3.3415800790342303,3.3415800790342303,0.0,1500,idle,0.10922658405919072,0.2790064479163523,-0.05744861954663669,0.009765625
14.360000915,0.0,-3.3225726801809117,3.3225726801809117,0.0,1500,idle,0.10922658405919072,0.2790064479163523,-0.05744861954663669,-0.005859375
14.380001015999994,0.0,-3.3225726801809117,3.3225726801809117,0.0,1500,idle,0.10922658405919072,0.2790064479163523,-0.05744861954663669,-0.005859375
14.400000764999959,0.0,-3.349345819193587,3.349345819193587,0.0,1500,idle,0.10922658405919072,0.2790064479163523,-0.05744861954663669,-0.005859375
14.420001013999979,0.0,-3.349345819193587,3.349345819193587,0.0,1500,idle,0.10922658405919072,0.2790064479163523,-0.05744861954663669,-0.01953125
14.440000706999967,0.0,-3.349345819193587,3.349345819193587,0.0,1500,idle,0.10922658405919072,0.2790064479163523,-0.05744861954663669,-0.01953125
14.460000677999972,0.0,-3.392720264301147,3.392720264301147,0.0,1500,idle,0.10922658405919072,0.2790064479163523,-0.05744861954663669,-0.02734375
14.480000926999992,0.0,-3.392720264301147,3.392720264301147,0.0,1500,idle,0.10922658405919072,0.2790064479163523,-0.05744861954663669,-0.02734375
14.500000731,0.0,-3.4640499453887514,3.4640499453887514,0.0,1500,idle,0.10922658405919072,0.2790064479163523,-0.05744861954663669,-0.02734375
14.520000850999963,0.0,-3.4640499453887514,3.4640499453887514,0.0,1500,idle,0.10922658405919072,0.2790064479163523,-0.05744861954663669,-0.03125
14.540001062999977,0.0,-3.4640499453887514,3.4640499453887514,0.0,1500,idle,0.10922658405919072,0.2790064479163523,-0.05744861954663669,-0.03125
14.560000662999983,0.0,-3.5443302455203707,3.5443302455203707,0.0,1500,idle,0.10922658405919072,0.2790064479163523,-0.05744861954663669,-0.037109375
14.58000083799999,0.0,-3.5443302455203707,3.5443302455203707,0.0,1500,idle,0.10922658405919072,0.2790064479163523,-0.05744861954663669,-0.037109375
14.600000901999977,0.0,-3.6400653366628717,3.6400653366628717,0.0,1500,idle,0.10922658405919072,0.2790064479163523,-0.05744861954663669,-0.037109375
14.620000890999961,0.0,-3.6400653366628717,3.6400653366628717,0.0,1500,idle,0.10922658405919072,0.2790064479163523,-0.05744861954663669,-0.03515625
14.640000917999998,0.0,-3.6400653366628717,3.6400653366628717,0.0,1500,idle,0.10922658405919072,0.2790064479163523,-0.05744861954663669,-0.03515625
14.660001055999999,0.0,-3.7404815116310886,3.7404815116310886,0.0,1500,idle,0.10922658405919072,0.2790064479163523,-0.05744861954663669,-0.0390625
14.680000694,0.0,-3.7404815116310886,3.7404815116310886,0.0,1500,idle,0.10922658405919072,0.2790064479163523,-0.05744861954663669,-0.0390625
14.70000084999998,0.0,-3.848123455335468,3.848123455335468,0.0,1500,idle,0.10922658405919072,0.2790064479163523,-0.05744861954663669,-0.0390625
14.720001136000008,0.0,-3.848123455335468,3.848123455335468,0.0,1500,idle,0.10922658405919072,0.2790064479163523,-0.05744861954663669,-0.04296875
14.740001106999955,0.0,-3.848123455335468,3.848123455335468,0.0,1500,idle,0.10922658405919072,0.2790064479163523,-0.05744861954663669,-0.04296875
14.760001318999969,0.0,-3.961678486838423,3.961678486838423,0.0,1500,idle,0.10922658405919072,0.2790064479163523,-0.05744861954663669,-0.046875
14.780001142000003,0.0,-3.961678486838423,3.961678486838423,0.0,1500,idle,0.10922658405919072,0.2790064479163523,-0.05744861954663669,-0.046875
14.800000871999998,0.0,-4.082365809091954,4.082365809091954,0.2879988448580939,1390,kick,0.10687608695924529,0.28043146240914224,0.005145552181345322,-0.046875
14.820001416999958,0.0,-4.082365809091954,4.082365809091954,0.3514480252817499,1390,kick,0.10687608695924529,0.28185647690193216,0.030183220872538125,-0.046875
14.84000092499997,0.0,-4.082365809091954,4.082365809091954,0.37734070266861663,1390,kick,0.10687608695924529,0.2832814913947221,0.040198288349015246,-0.046875
14.860000766999974,0.0,-4.218574622089193,4.218574622089193,0.39473493223340483,1390,kick,0.11044202534479788,0.2847540517326527,0.045376190339606104,-0.048828125
14.880000774999985,0.0,-4.218574622089193,4.218574622089193,0.40079637042675403,1390,kick,0.11044202534479788,0.28622661207058336,0.04744735113584245,-0.048828125
14.900000727999952,0.0,-4.349357742619901,4.349357742619901,0.40720235266740046,1390,kick,0.11386591943373807,0.2877448243296999,0.048275815454336984,-0.048828125
14.920000809999976,0.0,-4.349357742619901,4.349357742619901,0.41187143184136493,1390,kick,0.11386591943373807,0.2892630365888164,0.0497790761817348,-0.05078125
14.940000743999974,0.0,-4.349357742619901,4.349357742619901,0.41428561992423263,1390,kick,0.11386591943373807,0.29078124884793294,0.05038038047269392,-0.05078125
14.960001084999988,0.0,-4.489616535814719,4.489616535814719,0.4107101314228002,1390,kick,0.11753788605292313,0.2923484206619719,0.04710527718907757,-0.044921875
14.980001222999988,0.0,-4.489616535814719,4.489616535814719,0.4083753312276073,1390,kick,0.11753788605292313,0.2939155924760109,0.04579523587563103,-0.044921875
15.000000823999983,0.0,-4.609080326555755,4.609080326555755,0.4111581681684251,1390,kick,0.12066544078094005,0.29552446501975677,0.04527121935025241,-0.044921875
15.020000942999957,0.0,-4.609080326555755,4.609080326555755,0.411599475169294,1365.0,run,0.12066544078094005,0.29713333756350263,0.04506161274010097,-0.044921875
15.040000802999998,0.0,-4.609080326555755,4.609080326555755,0.4123551920853901,1340.0,run,0.12066544078094005,0.2987422101072485,0.044977770096040384,-0.044921875
15.060000921999972,0.0,-4.723945078868951,4.723945078868951,0.3957600698685748,1315.0,run,0.1236725929644696,0.30039117801344145,0.036741108038416154,-0.03125
15.080001152999955,0.0,-4.723945078868951,4.723945078868951,0.3885127885546664,1301.79077977696,run,0.1236725929644696,0.3020401459196344,0.03344644321536646,-0.03125
15.100001086999953,0.0,-4.831125892929094,4.831125892929094,0.37731718952301224,1305.485327457406,run,0.12647858011494562,0.3037265269878337,0.027441077286146583,-0.0234375
15.120000853999954,0.0,-4.831125892929094,4.831125892929094,0.37232365223471203,1307.133194762545,run,0.12647858011494562,0.305412908056033,0.025038930914458635,-0.0234375
15.140001010999981,0.0,-4.831125892929094,4.831125892929094,0.3709333345039436,1307.5919996136986,run,0.12647858011494562,0.3070992891242323,0.02407807236578345,-0.0234375
15.160000796999952,0.0,-4.864953610739121,4.864953610739121,0.3132832470381694,1326.616528477404,run,0.12736418769627636,0.30879747829351595,0.0002562289463133808,0.015625
15.180000694,0.0,-4.864953610739121,4.864953610739121,0.2904803171202695,1334.141495350311,run,0.12736418769627636,0.3104956674627996,-0.009272508421474647,0.015625
15.200000904999968,0.0,-4.776315692935157,4.776315692935157,0.27963139371027124,1337.7216400756106,run,0.12504365243458943,0.3121629161619275,-0.013084003368589859,0.015625
15.220001005999961,0.0,-4.776315692935157,4.776315692935157,0.1977186854826328,1362.7216400756106,run,0.12504365243458943,0.31383016486105536,-0.046249226347435946,0.068359375
15.240000717999976,0.0,-4.776315692935157,4.776315692935157,0.1655538117232634,1375.367242131323,run,0.12504365243458943,0.31549741356018324,-0.05951531553897438,0.068359375
15.260000744999957,0.0,-4.576559440138141,4.576559440138141,0.11286037843031754,1392.7560751179951,run,0.11981404596545833,0.317094934173056,-0.07888425121558976,0.091796875
15.280001048999964,0.0,-4.576559440138141,4.576559440138141,0.09444995512142579,1398.8315148099296,run,0.11981404596545833,0.3186924547859288,-0.08663182548623591,0.091796875
15.300001409000004,0.0,-4.291169412653261,4.291169412653261,0.08012962782296731,1403.5572228184208,run,0.11234255251750594,0.3201903554861622,-0.08973085519449436,0.091796875
15.320001343000001,0.0,-4.291169412653261,4.291169412653261,0.05742152603484896,1411.0508964084997,run,0.11234255251750594,0.3216882561863956,-0.09917359207779775,0.10546875
15.340860739999982,0.0,-4.291169412653261,4.291169412653261,0.04887752957168562,1413.8704152413438,run,0.11234255251750594,0.32318615688662905,-0.1029506868311191,0.10546875
15.361205525999992,0.0,-3.996781597587784,3.996781597587784,0.0,1500,idle,0.11234255251750594,0.32318615688662905,-0.1029506868311191,0.099609375
15.38048073799996,0.0,-3.996781597587784,3.996781597587784,0.0,1500,idle,0.11234255251750594,0.32318615688662905,-0.1029506868311191,0.099609375
15.400319097999954,0.0,-3.7232658351295242,3.7232658351295242,0.0,1500,idle,0.11234255251750594,0.32318615688662905,-0.1029506868311191,0.0859375
15.421058938999977,0.0,-3.7232658351295242,3.7232658351295242,0.0,1500,idle,0.11234255251750594,0.32318615688662905,-0.1029506868311191,0.0859375
15.440773761999992,0.0,-3.7232658351295242,3.7232658351295242,0.0,1500,idle,0.11234255251750594,0.32318615688662905,-0.1029506868311191,0.0859375
15.460001251999984,0.0,-3.5015609438424065,3.5015609438424065,0.0,1500,idle,0.11234255251750594,0.32318615688662905,-0.1029506868311191,0.0703125
15.48041518599996,0.0,-3.5015609438424065,3.5015609438424065,0.0,1500,idle,0.11234255251750594,0.32318615688662905,-0.1029506868311191,0.0703125
15.501023583000006,0.0,-3.3195914707933127,3.3195914707933127,0.0,1500,idle,0.11234255251750594,0.32318615688662905,-0.1029506868311191,0.052734375
15.520000720999974,0.0,-3.3195914707933127,3.3195914707933127,0.0,1500,idle,0.11234255251750594,0.32318615688662905,-0.1029506868311191,0.052734375
15.540000321999969,0.0,-3.3195914707933127,3.3195914707933127,0.0,1500,idle,0.11234255251750594,0.32318615688662905,-0.1029506868311191,0.052734375
15.560000626999965,0.0,-3.185803174901082,3.185803174901082,0.0,1500,idle,0.11234255251750594,0.32318615688662905,-0.1029506868311191,0.033203125
15.580000579,0.0,-3.185803174901082,3.185803174901082,0.0,1500,idle,0.11234255251750594,0.32318615688662905,-0.1029506868311191,0.033203125
15.600000660999967,0.0,-3.1192465787932804,3.1192465787932804,0.0,1500,idle,0.11234255251750594,0.32318615688662905,-0.1029506868311191,0.033203125
15.620000557999958,0.0,-3.1192465787932804,3.1192465787932804,0.0,1500,idle,0.11234255251750594,0.32318615688662905,-0.1029506868311191,0.01171875
15.640000326000006,0.0,-3.1192465787932804,3.1192465787932804,0.0,1500,idle,0.11234255251750594,0.32318615688662905,-0.1029506868311191,0.01171875
15.660000352999987,0.0,-3.091889545137633,3.091889545137633,0.0,1500,idle,0.11234255251750594,0.32318615688662905,-0.1029506868311191,-0.00390625
15.680000249999978,0.0,-3.091889545137633,3.091889545137633,0.0,1500,idle,0.11234255251750594,0.32318615688662905,-0.1029506868311191,-0.00390625
15.700000423999995,0.0,-3.1174301079261113,3.1174301079261113,0.0,1500,idle,0.11234255251750594,0.32318615688662905,-0.1029506868311191,-0.00390625
15.720000357999993,0.0,-3.1174301079261113,3.1174301079261113,0.0,1500,idle,0.11234255251750594,0.32318615688662905,-0.1029506868311191,-0.01953125
15.740000273999954,0.0,-3.1174301079261113,3.1174301079261113,0.0,1500,idle,0.11234255251750594,0.32318615688662905,-0.1029506868311191,-0.01953125
15.760000892999983,0.0,-3.178685516735186,3.178685516735186,0.0,1500,idle,0.11234255251750594,0.32318615688662905,-0.1029506868311191,-0.02734375
15.780000326999982,0.0,-3.178685516735186,3.178685516735186,0.0,1500,idle,0.11234255251750594,0.32318615688662905,-0.1029506868311191,-0.02734375
15.800000335999982,0.0,-3.2625406907748697,3.2625406907748697,0.0,1500,idle,0.11234255251750594,0.32318615688662905,-0.1029506868311191,-0.03515625
15.820000306999987,0.0,-3.2625406907748697,3.2625406907748697,0.0,1500,idle,0.11234255251750594,0.32318615688662905,-0.1029506868311191,-0.03515625
15.840000388999954,0.0,-3.2625406907748697,3.2625406907748697,0.0,1500,idle,0.11234255251750594,0.32318615688662905,-0.1029506868311191,-0.03515625
15.860000323000008,0.0,-3.3623798490573336,3.3623798490573336,0.0,1500,idle,0.11234255251750594,0.32318615688662905,-0.1029506868311191,-0.0390625
15.880000424000002,0.0,-3.3623798490573336,3.3623798490573336,0.0,1500,idle,0.11234255251750594,0.32318615688662905,-0.1029506868311191,-0.0390625
15.900000395000006,0.0,-3.4670296889649705,3.4670296889649705,0.0,1500,idle,0.11234255251750594,0.32318615688662905,-0.1029506868311191,-0.04296875
15.920000458999993,0.0,-3.4670296889649705,3.4670296889649705,0.0,1500,idle,0.11234255251750594,0.32318615688662905,-0.1029506868311191,-0.04296875
15.940000484999985,0.0,-3.4670296889649705,3.4670296889649705,0.0,1500,idle,0.11234255251750594,0.32318615688662905,-0.1029506868311191,-0.04296875
15.960000270999956,0.0,-3.5871432799644083,3.5871432799644083,0.0,1500,idle,0.11234255251750594,0.32318615688662905,-0.1029506868311191,-0.044921875
15.98000046499999,0.0,-3.5871432799644083,3.5871432799644083,0.0,1500,idle,0.11234255251750594,0.32318615688662905,-0.1029506868311191,-0.044921875
16.000000306000004,0.0,-3.71142667266912,3.71142667266912,0.0,1500,idle,0.11234255251750594,0.32318615688662905,-0.1029506868311191,-0.046875
16.020000648000007,0.0,-3.71142667266912,3.71142667266912,0.0,1500,idle,0.11234255251750594,0.32318615688662905,-0.1029506868311191,-0.046875
16.04000041500001,0.0,-3.71142667266912,3.71142667266912,0.0,1500,idle,0.11234255251750594,0.32318615688662905,-0.1029506868311191,-0.046875
16.060000681999952,0.0,-3.8380347383126434,3.8380347383126434,0.0,1500,idle,0.11234255251750594,0.32318615688662905,-0.1029506868311191,-0.05078125
16.080000283000004,0.0,-3.8380347383126434,3.8380347383126434,0.0,1500,idle,0.11234255251750594,0.32318615688662905,-0.1029506868311191,-0.05078125
16.100000327999965,0.0,-3.9729956519457517,3.9729956519457517,0.0,1500,idle,0.11234255251750594,0.32318615688662905,-0.1029506868311191,-0.052734375
16.120000559000005,0.0,-3.9729956519457517,3.9729956519457517,0.0,1500,idle,0.11234255251750594,0.32318615688662905,-0.1029506868311191,-0.052734375
16.140000399999963,0.0,-3.9729956519457517,3.9729956519457517,0.0,1500,idle,0.11234255251750594,0.32318615688662905,-0.1029506868311191,-0.052734375
16.16000068599999,0.0,-4.113916371945692,4.113916371945692,0.2786262651941921,1390,kick,0.10770207876322799,0.3246221846034721,-0.009539649732447648,-0.052734375
16.180000508999967,0.0,-4.113916371945692,4.113916371945692,0.3728989189229694,1390,kick,0.10770207876322799,0.3260582123203151,0.02782476510702094,-0.052734375
16.200000294999995,0.0,-4.264940286397319,4.264940286397319,0.42389944010186775,1390,kick,0.11165587559787472,0.32754695732828676,0.04628615604280838,-0.05859375
16.220000321999976,0.0,-4.264940286397319,4.264940286397319,0.44325407804243816,1390,kick,0.11165587559787472,0.3290357023362584,0.05367071241712335,-0.05859375
16.24000042299997,0.0,-4.264940286397319,4.264940286397319,0.4515318814215361,1390,kick,0.11165587559787472,0.33052444734423003,0.05662453496684934,-0.05859375
16.260000411999954,0.0,-4.435581216367382,4.435581216367382,0.45988205902880874,1390,kick,0.1161232446978387,0.3320727572735345,0.057806063986739736,-0.05859375
16.280000401999985,0.0,-4.435581216367382,4.435581216367382,0.4619925740062818,1390,kick,0.1161232446978387,0.333621067202839,0.05827867559469589,-0.05859375
16.30000035500001,0.0,-4.60085756149121,4.60085756149121,0.4648260240657075,1390,kick,0.12045016929494864,0.335227069460105,0.057295845237878354,-0.056640625
16.320000454999956,0.0,-4.60085756149121,4.60085756149121,0.46480679506324957,1390,kick,0.12045016929494864,0.336833071717371,0.05690271309515134,-0.056640625
16.34000027799999,0.0,-4.60085756149121,4.60085756149121,0.46537726427488213,1390,kick,0.12045016929494864,0.33843907397463696,0.056745460238060534,-0.056640625
16.360000341999978,0.0,-4.745971519725941,4.745971519725941,0.4670833924111889,1390,kick,0.12424924383764503,0.3400957305591389,0.055510684095224215,-0.0546875
16.380000646999974,0.0,-4.745971519725941,4.745971519725941,0.4668426102190537,1365.0,run,0.12424924383764503,0.3417523871436408,0.05501677363808969,-0.0546875
16.400000413999976,0.0,-4.894008608785441,4.894008608785441,0.4624602379567847,1340.0,run,0.12812484576637956,0.3434607184205259,0.051303584455235876,-0.048828125
16.42000038499998,0.0,-4.894008608785441,4.894008608785441,0.45977204754006196,1315.0,run,0.12812484576637956,0.34516904969741097,0.04981830878209435,-0.048828125
16.440000374999954,0.0,-5.016989347344094,5.016989347344094,0.46255715586527835,1290.0,run,0.1313444739729538,0.3469203093503837,0.04922419851283774,-0.048828125
16.46000030900001,0.0,-5.016989347344094,5.016989347344094,0.45129505138780546,1281.072633042024,run,0.1313444739729538,0.34867156900335644,0.044299054405135097,-0.041015625
16.480000410000002,0.0,-5.016989347344094,5.016989347344094,0.4474206630718864,1282.3511811862775,run,0.1313444739729538,0.3504228286563292,0.04232899676205404,-0.041015625
16.500000287999967,0.0,-5.10562867606842,5.10562867606842,0.38145768549768055,1304.1189637857653,run,0.13366504617244943,0.35220502927196184,0.014587848704821616,0.00390625
16.52000036999999,0.0,-5.10562867606842,5.10562867606842,0.35478585780982774,1312.920666922757,run,0.13366504617244943,0.3539872298875945,0.003491389481928647,0.00390625
16.540000304999978,0.0,-5.050905895317072,5.050905895317072,0.34331461879397784,1316.7061757979873,run,0.1322324071225124,0.355750328649228,-0.0009471942072285411,0.00390625
16.56000044199999,0.0,-5.050905895317072,5.050905895317072,0.26376201936180077,1341.7061757979873,run,0.1322324071225124,0.3575134274108615,-0.03319137768289142,0.0546875
16.580000783999992,0.0,-5.050905895317072,5.050905895317072,0.232575695143118,1353.250020602771,run,0.1322324071225124,0.359276526172495,-0.04608905107315657,0.0546875
16.600000496000007,0.0,-4.839156720585095,4.839156720585095,0.1448354519352028,1378.250020602771,run,0.12668882669133175,0.36096571052837945,-0.07937312042926263,0.1015625
16.620000392999998,0.0,-4.839156720585095,4.839156720585095,0.11256489319262747,1392.8535852464329,run,0.12668882669133175,0.3626548948842639,-0.09268674817170505,0.1015625
16.64000028999999,0.0,-4.506284564674559,4.506284564674559,0.0914804868191334,1399.811439349686,run,0.11797425402805561,0.3642278849379713,-0.09801219926868202,0.1015625
16.660000335000007,0.0,-4.506284564674559,4.506284564674559,0.04022382975438088,1416.7261361810542,run,0.11797425402805561,0.36580087499167874,-0.1188923797074728,0.1328125
16.680000305999954,0.0,-4.506284564674559,4.506284564674559,0.020287443347814516,1500,idle,0.11797425402805561,0.36737386504538616,-0.1272444518829891,0.1328125
16.700000313999965,0.0,-4.12271389756512,4.12271389756512,0.005686661269164728,1500,idle,0.10793239744535937,0.36881296367799093,-0.12941340575319565,0.130859375
16.720000951999964,0.0,-4.12271389756512,4.12271389756512,0.004381166578521167,1500,idle,0.10793239744535937,0.3702520623105957,-0.13028098730127824,0.130859375
16.740000275,0.0,-3.7599923120406515,3.7599923120406515,0.0,1500,idle,0.10793239744535937,0.3702520623105957,-0.13028098730127824,0.130859375
16.760000634999983,0.0,-3.7599923120406515,3.7599923120406515,0.0,1500,idle,0.10793239744535937,0.3702520623105957,-0.13028098730127824,0.119140625
16.780000420999954,0.0,-3.7599923120406515,3.7599923120406515,0.0,1500,idle,0.10793239744535937,0.3702520623105957,-0.13028098730127824,0.119140625
16.800000410999985,0.0,-3.425871500318209,3.425871500318209,0.0,1500,idle,0.10793239744535937,0.3702520623105957,-0.13028098730127824,0.109375
16.820000623,0.0,-3.425871500318209,3.425871500318209,0.0,1500,idle,0.10793239744535937,0.3702520623105957,-0.13028098730127824,0.109375
16.84000039,0.0,-3.1309593275988163,3.1309593275988163,0.0,1500,idle,0.10793239744535937,0.3702520623105957,-0.13028098730127824,0.109375
16.86000030599996,0.0,-3.1309593275988163,3.1309593275988163,0.0,1500,idle,0.10793239744535937,0.3702520623105957,-0.13028098730127824,0.095703125
16.880000295000002,0.0,-3.1309593275988163,3.1309593275988163,0.0,1500,idle,0.10793239744535937,0.3702520623105957,-0.13028098730127824,0.095703125
16.900000340999952,0.0,-2.8859951734035008,2.8859951734035008,0.0,1500,idle,0.10793239744535937,0.3702520623105957,-0.13028098730127824,0.07421875
16.920000329999993,0.0,-2.8859951734035008,2.8859951734035008,0.0,1500,idle,0.10793239744535937,0.3702520623105957,-0.13028098730127824,0.07421875
16.940000319999967,0.0,-2.6886444851049873,2.6886444851049873,0.0,1500,idle,0.10793239744535937,0.3702520623105957,-0.13028098730127824,0.07421875
16.96000032799998,0.0,-2.6886444851049873,2.6886444851049873,0.0,1500,idle,0.10793239744535937,0.3702520623105957,-0.13028098730127824,0.060546875
16.98000068799996,0.0,-2.6886444851049873,2.6886444851049873,0.0,1500,idle,0.10793239744535937,0.3702520623105957,-0.13028098730127824,0.060546875
17.000000436999983,0.0,-2.53881276149383,2.53881276149383,0.0,1500,idle,0.10793239744535937,0.3702520623105957,-0.13028098730127824,0.041015625
17.020000444999994,0.0,-2.53881276149383,2.53881276149383,0.0,1500,idle,0.10793239744535937,0.3702520623105957,-0.13028098730127824,0.041015625
17.040000915999997,0.0,-2.4472301906685914,2.4472301906685914,0.0,1500,idle,0.10793239744535937,0.3702520623105957,-0.13028098730127824,0.041015625
17.06000038799999,0.0,-2.4472301906685914,2.4472301906685914,0.0,1500,idle,0.10793239744535937,0.3702520623105957,-0.13028098730127824,0.01953125
17.080000396000003,0.0,-2.4472301906685914,2.4472301906685914,0.0,1500,idle,0.10793239744535937,0.3702520623105957,-0.13028098730127824,0.01953125
17.100000459,0.0,-2.4080265750754677,2.4080265750754677,0.0,1500,idle,0.10793239744535937,0.3702520623105957,-0.13028098730127824,-0.001953125
17.12000037499996,0.0,-2.4080265750754677,2.4080265750754677,0.0,1500,idle,0.10793239744535937,0.3702520623105957,-0.13028098730127824,-0.001953125
17.140000643000008,0.0,-2.4288548029423964,2.4288548029423964,0.0,1500,idle,0.10793239744535937,0.3702520623105957,-0.13028098730127824,-0.001953125
17.160000279999963,0.0,-2.4288548029423964,2.4288548029423964,0.0,1500,idle,0.10793239744535937,0.3702520623105957,-0.13028098730127824,-0.017578125
17.180000344000007,0.0,-2.4288548029423964,2.4288548029423964,0.0,1500,idle,0.10793239744535937,0.3702520623105957,-0.13028098730127824,-0.017578125
17.200000259999968,0.0,-2.4900494936943574,2.4900494936943574,0.0,1500,idle,0.10793239744535937,0.3702520623105957,-0.13028098730127824,-0.029296875
17.22000039699998,0.0,-2.4900494936943574,2.4900494936943574,0.0,1500,idle,0.10793239744535937,0.3702520623105957,-0.13028098730127824,-0.029296875
17.240000312999996,0.0,-2.5750686453944525,2.5750686453944525,0.0,1500,idle,0.10793239744535937,0.3702520623105957,-0.13028098730127824,-0.029296875
17.260000394999963,0.0,-2.5750686453944525,2.5750686453944525,0.0,1500,idle,0.10793239744535937,0.3702520623105957,-0.13028098730127824,-0.03515625
17.280000273999974,0.0,-2.5750686453944525,2.5750686453944525,0.0,1500,idle,0.10793239744535937,0.3702520623105957,-0.13028098730127824,-0.03515625
17.300000374999968,0.0,-2.678548216926629,2.678548216926629,0.0,1500,idle,0.10793239744535937,0.3702520623105957,-0.13028098730127824,-0.037109375
17.32000025299999,0.0,-2.678548216926629,2.678548216926629,0.0,1500,idle,0.10793239744535937,0.3702520623105957,-0.13028098730127824,-0.037109375
17.34000027999997,0.0,-2.776036874476091,2.776036874476091,0.0,1500,idle,0.10793239744535937,0.3702520623105957,-0.13028098730127824,-0.037109375
17.360000343999957,0.0,-2.776036874476091,2.776036874476091,0.0,1500,idle,0.10793239744535937,0.3702520623105957,-0.13028098730127824,-0.04296875
17.380000332999998,0.0,-2.776036874476091,2.776036874476091,0.0,1500,idle,0.10793239744535937,0.3702520623105957,-0.13028098730127824,-0.04296875
17.400000322999972,0.0,-2.8943563741986793,2.8943563741986793,0.0,1500,idle,0.10793239744535937,0.3702520623105957,-0.13028098730127824,-0.0390625
17.420000553999955,0.0,-2.8943563741986793,2.8943563741986793,0.0,1500,idle,0.10793239744535937,0.3702520623105957,-0.13028098730127824,-0.0390625
17.44000039499997,0.0,-3.008514073167902,3.008514073167902,0.0,1500,idle,0.10793239744535937,0.3702520623105957,-0.13028098730127824,-0.0390625
17.460000495999964,0.0,-3.008514073167902,3.008514073167902,0.0,1500,idle,0.10793239744535937,0.3702520623105957,-0.13028098730127824,-0.04296875
17.480000448,0.0,-3.008514073167902,3.008514073167902,0.0,1500,idle,0.10793239744535937,0.3702520623105957,-0.13028098730127824,-0.04296875
17.500000382999986,0.0,-3.1208917471412576,3.1208917471412576,0.0,1500,idle,0.10793239744535937,0.3702520623105957,-0.13028098730127824,-0.046875
17.520000519999996,0.0,-3.1208917471412576,3.1208917471412576,0.0,1500,idle,0.10793239744535937,0.3702520623105957,-0.13028098730127824,-0.046875
17.54000026899996,0.0,-3.2445810238680224,3.2445810238680224,0.0,1500,idle,0.10793239744535937,0.3702520623105957,-0.13028098730127824,-0.046875
17.560000443999968,0.0,-3.2445810238680224,3.2445810238680224,0.0,1500,idle,0.10793239744535937,0.3702520623105957,-0.13028098730127824,-0.046875
17.580000434,0.0,-3.2445810238680224,3.2445810238680224,0.0,1500,idle,0.10793239744535937,0.3702520623105957,-0.13028098730127824,-0.046875
17.60000034899997,0.0,-3.373593013255629,3.373593013255629,0.0,1500,idle,0.10793239744535937,0.3702520623105957,-0.13028098730127824,-0.05078125
17.620000264999987,0.0,-3.373593013255629,3.373593013255629,0.0,1500,idle,0.10793239744535937,0.3702520623105957,-0.13028098730127824,-0.05078125
17.640000346999955,0.0,-3.510932678351736,3.510932678351736,0.0,1500,idle,0.10793239744535937,0.3702520623105957,-0.13028098730127824,-0.05078125
17.66000031799996,0.0,-3.510932678351736,3.510932678351736,0.0,1500,idle,0.10793239744535937,0.3702520623105957,-0.13028098730127824,-0.048828125
17.680000270999983,0.0,-3.510932678351736,3.510932678351736,0.0,1500,idle,0.10793239744535937,0.3702520623105957,-0.13028098730127824,-0.048828125
17.700000426999964,0.0,-3.6470786674426847,3.6470786674426847,0.0,1500,idle,0.10793239744535937,0.3702520623105957,-0.13028098730127824,-0.0546875
17.720000658000004,0.0,-3.6470786674426847,3.6470786674426847,0.0,1500,idle,0.10793239744535937,0.3702520623105957,-0.13028098730127824,-0.0546875
17.740000425000005,0.0,-3.802275267372096,3.802275267372096,0.0,1500,idle,0.10793239744535937,0.3702520623105957,-0.13028098730127824,-0.0546875
17.76000074799998,0.0,-3.802275267372096,3.802275267372096,0.0,1500,idle,0.10793239744535937,0.3702520623105957,-0.13028098730127824,-0.056640625
17.780000607999966,0.0,-3.802275267372096,3.802275267372096,0.0,1500,idle,0.10793239744535937,0.3702520623105957,-0.13028098730127824,-0.056640625
17.800000356999988,0.0,-3.956238143759691,3.956238143759691,0.0,1500,idle,0.10793239744535937,0.3702520623105957,-0.13028098730127824,-0.060546875
17.820000661999984,0.0,-3.956238143759691,3.956238143759691,0.0,1500,idle,0.10793239744535937,0.3702520623105957,-0.13028098730127824,-0.060546875
17.840000374,0.0,-4.132263409409347,4.132263409409347,0.291738424890545,1390,kick,0.10818240308081932,0.3716944943516733,-0.015784269920511303,-0.060546875
17.860000307999996,0.0,-4.132263409409347,4.132263409409347,0.41588966399595856,1390,kick,0.10818240308081932,0.37313692639275087,0.03353004203179548,-0.06640625
17.88000040899999,0.0,-4.132263409409347,4.132263409409347,0.4660694351729119,1390,kick,0.10818240308081932,0.37457935843382845,0.05325576681271819,-0.06640625
17.900000397999975,0.0,-4.323101334016684,4.323101334016684,0.49755608836305204,1390,kick,0.11317852826392541,0.37608840547734745,0.06348980672508728,-0.0703125
17.92000044399998,0.0,-4.323101334016684,4.323101334016684,0.5086955565015325,1390,kick,0.11317852826392541,0.37759745252086646,0.06758342269003491,-0.0703125
17.940000340999973,0.0,-4.522283966849102,4.522283966849102,0.5189509065392351,1390,kick,0.11839311739750039,0.3791760274194998,0.06922086907601396,-0.0703125
17.960000348999984,0.0,-4.522283966849102,4.522283966849102,0.5244651853643942,1390,kick,0.11839311739750039,0.38075460231813313,0.07104772263040558,-0.072265625
17.980000319999988,0.0,-4.522283966849102,4.522283966849102,0.5272391838579659,1390,kick,0.11839311739750039,0.38233317721676646,0.07177846405216223,-0.072265625
