t,ref,angle,err,u,pwm,state,P,I,D,gz
1.6670001059537753e-06,0.0,0.003155077113945026,-0.003155077113945026,0.0,1500,idle,0.0,0.0,0.0,0.0
0.02000167699998201,0.0,0.003155077113945026,-0.003155077113945026,0.0,1500,idle,0.0,0.0,0.0,0.0
0.04000120499995319,0.0,0.003155077113945026,-0.003155077113945026,0.0,1500,idle,0.0,0.0,0.0,0.0
0.06000112199990326,0.0,0.003155077113945026,-0.003155077113945026,0.0,1500,idle,0.0,0.0,0.0,0.0
0.08000092700012829,0.0,0.003155077113945026,-0.003155077113945026,0.0,1500,idle,0.0,0.0,0.0,0.0
0.1000013630000467,0.0,0.00013061346669474005,-0.00013061346669474005,0.0,1500,idle,0.0,0.0,0.0,0.0
0.1200010390002717,0.0,0.00013061346669474005,-0.00013061346669474005,0.0,1500,idle,0.0,0.0,0.0,0.0
0.14000091900015832,0.0,0.00013061346669474005,-0.00013061346669474005,0.0,1500,idle,0.0,0.0,0.0,0.0
0.16000102099997093,0.0,0.00013061346669474005,-0.00013061346669474005,0.0,1500,idle,0.0,0.0,0.0,0.0
0.18000104900011138,0.0,0.00013061346669474005,-0.00013061346669474005,0.0,1500,idle,0.0,0.0,0.0,0.0
0.20000129900017782,0.0,0.00013061346669474005,-0.00013061346669474005,0.0,1500,idle,0.0,0.0,0.0,0.0
0.22000101200001154,0.0,0.00013061346669474005,-0.00013061346669474005,0.0,1500,idle,0.0,0.0,0.0,0.0
0.24000100300008853,0.0,0.00013061346669474005,-0.00013061346669474005,0.0,1500,idle,0.0,0.0,0.0,0.0
0.26000110599989057,0.0,0.00013061346669474005,-0.00013061346669474005,0.0,1500,idle,0.0,0.0,0.0,0.0
0.28000098600023193,0.0,0.00013061346669474005,-0.00013061346669474005,0.0,1500,idle,0.0,0.0,0.0,0.0
0.300000810000256,0.0,0.00013061346669474005,-0.00013061346669474005,0.0,1500,idle,0.0,0.0,0.0,0.0
0.32000081900014266,0.0,0.00013061346669474005,-0.00013061346669474005,0.0,1500,idle,0.0,0.0,0.0,0.0
0.3400008480002725,0.0,0.00013061346669474005,-0.00013061346669474005,0.0,1500,idle,0.0,0.0,0.0,0.0
0.3600009679998948,0.0,0.00013061346669474005,-0.00013061346669474005,0.0,1500,idle,0.0,0.0,0.0,0.0
0.3800006259998554,0.0,0.00013061346669474005,-0.00013061346669474005,0.0,1500,idle,0.0,0.0,0.0,0.0
0.40000089500017566,0.0,0.00013061346669474005,-0.00013061346669474005,0.0,1500,idle,0.0,0.0,0.0,0.0
0.4200012380001681,0.0,0.00013061346669474005,-0.00013061346669474005,0.0,1500,idle,0.0,0.0,0.0,0.0
0.44000104299993836,0.0,0.00013061346669474005,-0.00013061346669474005,0.0,1500,idle,0.0,0.0,0.0,0.0
0.46000073799996244,0.0,0.00013061346669474005,-0.00013061346669474005,0.0,1500,idle,0.0,0.0,0.0,0.0
0.48000102600008177,0.0,0.00013061346669474005,-0.00013061346669474005,0.0,1500,idle,0.0,0.0,0.0,0.0
0.5000009240002328,0.0,0.00013061346669474005,-0.00013061346669474005,0.0,1500,idle,0.0,0.0,0.0,0.0
0.5200007480002569,0.0,0.00013061346669474005,-0.00013061346669474005,0.0,1500,idle,0.0,0.0,0.0,0.0
0.5400006650002069,0.0,0.00013061346669474005,-0.00013061346669474005,0.0,1500,idle,0.0,0.0,0.0,0.0
0.5600008229998821,0.0,0.00013061346669474005,-0.00013061346669474005,0.0,1500,idle,0.0,0.0,0.0,0.0
0.5800009620002129,0.0,0.00013061346669474005,-0.00013061346669474005,0.0,1500,idle,0.0,0.0,0.0,0.0
0.600000972000089,0.0,0.00013061346669474005,-0.00013061346669474005,0.0,1500,idle,0.0,0.0,0.0,0.0
0.620000667000113,0.0,0.00013061346669474005,-0.00013061346669474005,0.0,1500,idle,0.0,0.0,0.0,0.0
0.6400007130000631,0.0,0.00013061346669474005,-0.00013061346669474005,0.0,1500,idle,0.0,0.0,0.0,0.0
0.6600009080002565,0.0,0.00013061346669474005,-0.00013061346669474005,0.0,1500,idle,0.0,0.0,0.0,0.0
0.6800009170001431,0.0,0.00013061346669474005,-0.00013061346669474005,0.0,1500,idle,0.0,0.0,0.0,0.0
0.7000008340000932,0.0,0.00013061346669474005,-0.00013061346669474005,0.0,1500,idle,0.0,0.0,0.0,0.0
0.7200006399998529,0.0,0.00013061346669474005,-0.00013061346669474005,0.0,1500,idle,0.0,0.0,0.0,0.0
0.7400006309999299,0.0,0.00013061346669474005,-0.00013061346669474005,0.0,1500,idle,0.0,0.0,0.0,0.0
0.7600008449999223,0.0,0.00013061346669474005,-0.00013061346669474005,0.0,1500,idle,0.0,0.0,0.0,0.0
0.7800009279999358,0.0,0.00013061346669474005,-0.00013061346669474005,0.0,1500,idle,0.0,0.0,0.0,0.0
0.8000009190000128,0.0,0.00013061346669474005,-0.00013061346669474005,0.0,1500,idle,0.0,0.0,0.0,0.0
0.8200009289998889,0.0,0.00013061346669474005,-0.00013061346669474005,0.0,1500,idle,0.0,0.0,0.0,0.0
0.8400009570000293,0.0,0.00013061346669474005,-0.00013061346669474005,0.0,1500,idle,0.0,0.0,0.0,0.0
0.8600010410000323,0.0,0.00013061346669474005,-0.00013061346669474005,0.0,1500,idle,0.0,0.0,0.0,0.0
0.8800007170002573,0.0,0.00013061346669474005,-0.00013061346669474005,0.0,1500,idle,0.0,0.0,0.0,0.0
0.9000007079998795,0.0,0.003155077113945026,-0.003155077113945026,0.0,1500,idle,0.0,0.0,0.0,0.0
0.9200010140002632,0.0,0.003155077113945026,-0.003155077113945026,0.0,1500,idle,0.0,0.0,0.0,0.0
0.9400008379998326,0.0,0.003155077113945026,-0.003155077113945026,0.0,1500,idle,0.0,0.0,0.0,0.0
0.9600007740000365,0.0,0.003155077113945026,-0.003155077113945026,0.0,1500,idle,0.0,0.0,0.0,0.0
0.9800006529999337,0.0,0.003155077113945026,-0.003155077113945026,0.0,1500,idle,0.0,0.0,0.0,0.0
1.000001162999979,0.0,0.005425305781415091,-0.005425305781415091,0.0,1500,idle,0.0,0.0,0.0,0.0
1.020001006000257,0.0,0.005425305781415091,-0.005425305781415091,0.0,1500,idle,0.0,0.0,0.0,0.0
1.0400009410000166,0.0,-0.0029226602851508687,0.0029226602851508687,0.0,1500,idle,0.0,0.0,0.0,0.0
1.0600009509998927,0.0,-0.0029226602851508687,0.0029226602851508687,0.0,1500,idle,0.0,0.0,0.0,0.0
1.0800011269998322,0.0,-0.0029226602851508687,0.0029226602851508687,0.0,1500,idle,0.0,0.0,0.0,0.0
1.100001063000036,0.0,-0.0029226602851508687,0.0029226602851508687,0.0,1500,idle,0.0,0.0,0.0,0.0
1.1200009980002505,0.0,-0.0029226602851508687,0.0029226602851508687,0.0,1500,idle,0.0,0.0,0.0,0.0
1.1400006929998199,0.0,0.0001021010812962686,-0.0001021010812962686,0.0,1500,idle,0.0,0.0,0.0,0.0
1.1600009059998229,0.0,0.0001021010812962686,-0.0001021010812962686,0.0,1500,idle,0.0,0.0,0.0,0.0
1.1800009530002171,0.0,0.0001021010812962686,-0.0001021010812962686,0.0,1500,idle,0.0,0.0,0.0,0.0
1.2000007030001143,0.0,0.0001021010812962686,-0.0001021010812962686,0.0,1500,idle,0.0,0.0,0.0,0.0
1.2200009900002442,0.0,0.0001021010812962686,-0.0001021010812962686,0.0,1500,idle,0.0,0.0,0.0,0.0
1.2400010189999193,0.0,0.0001021010812962686,-0.0001021010812962686,0.0,1500,idle,0.0,0.0,0.0,0.0
1.2600010099999963,0.0,0.0001021010812962686,-0.0001021010812962686,0.0,1500,idle,0.0,0.0,0.0,0.0
1.2800007780001579,0.0,0.0001021010812962686,-0.0001021010812962686,0.0,1500,idle,0.0,0.0,0.0,0.0
1.3000007509999705,0.0,-0.0029226602851508687,0.0029226602851508687,0.0,1500,idle,0.0,0.0,0.0,0.0
1.320000650000111,0.0,-0.0029226602851508687,0.0029226602851508687,0.0,1500,idle,0.0,0.0,0.0,0.0
1.340000696000061,0.0,-0.0029226602851508687,0.0029226602851508687,0.0,1500,idle,0.0,0.0,0.0,0.0
1.360000927999863,0.0,-0.0029226602851508687,0.0029226602851508687,0.0,1500,idle,0.0,0.0,0.0,0.0
1.3800010300001304,0.0,-0.0029226602851508687,0.0029226602851508687,0.0,1500,idle,0.0,0.0,0.0,0.0
1.4000010949998796,0.0,-0.0029226602851508687,0.0029226602851508687,0.0,1500,idle,0.0,0.0,0.0,0.0
1.4200010499998825,0.0,-0.0029226602851508687,0.0029226602851508687,0.0,1500,idle,0.0,0.0,0.0,0.0
1.4400009669998326,0.0,-0.0029226602851508687,0.0029226602851508687,0.0,1500,idle,0.0,0.0,0.0,0.0
1.460000680000121,0.0,-0.0029226602851508687,0.0029226602851508687,0.0,1500,idle,0.0,0.0,0.0,0.0
1.4800010779999866,0.0,-0.0029226602851508687,0.0029226602851508687,0.0,1500,idle,0.0,0.0,0.0,0.0
1.500001124999926,0.0,-0.0029226602851508687,0.0029226602851508687,0.0,1500,idle,0.0,0.0,0.0,0.0
1.5200007090002146,0.0,-0.0029226602851508687,0.0029226602851508687,0.0,1500,idle,0.0,0.0,0.0,0.0
1.540001052000207,0.0,-0.0029226602851508687,0.0029226602851508687,0.0,1500,idle,0.0,0.0,0.0,0.0
1.5600010240000302,0.0,-0.0029226602851508687,0.0029226602851508687,0.0,1500,idle,0.0,0.0,0.0,0.0
1.5800009230001706,0.0,-0.0029226602851508687,0.0029226602851508687,0.0,1500,idle,0.0,0.0,0.0,0.0
1.6000008770001841,0.0,-0.0029226602851508687,0.0029226602851508687,0.0,1500,idle,0.0,0.0,0.0,0.0
1.6200009600001977,0.0,-0.0029226602851508687,0.0029226602851508687,0.0,1500,idle,0.0,0.0,0.0,0.0
1.640000952000264,0.0,-0.0029226602851508687,0.0029226602851508687,0.0,1500,idle,0.0,0.0,0.0,0.0
1.6600007390002247,0.0,-0.0029226602851508687,0.0029226602851508687,0.0,1500,idle,0.0,0.0,0.0,0.0
1.6800008599998364,0.0,-0.0029226602851508687,0.0029226602851508687,0.0,1500,idle,0.0,0.0,0.0,0.0
1.70000094299985,0.0,-0.0029226602851508687,0.0029226602851508687,0.0,1500,idle,0.0,0.0,0.0,0.0
1.7200009900002442,0.0,-0.0029226602851508687,0.0029226602851508687,0.0,1500,idle,0.0,0.0,0.0,0.0
1.7400009070001943,0.0,-0.0029226602851508687,0.0029226602851508687,0.0,1500,idle,0.0,0.0,0.0,0.0
1.7600007320002078,0.0,-0.0029226602851508687,0.0029226602851508687,0.0,1500,idle,0.0,0.0,0.0,0.0
1.780000925999957,0.0,-0.0029226602851508687,0.0029226602851508687,0.0,1500,idle,0.0,0.0,0.0,0.0
1.8000010290002137,0.0,0.0012878100946238646,-0.0012878100946238646,0.0,1500,idle,0.0,0.0,0.0,0.0
1.820001019999836,0.0,0.0012878100946238646,-0.0012878100946238646,0.0,1500,idle,0.0,0.0,0.0,0.0
1.840000863000114,0.0,0.003155077113945026,-0.003155077113945026,0.0,1500,idle,0.0,0.0,0.0,0.0
1.860000705999937,0.0,0.003155077113945026,-0.003155077113945026,0.0,1500,idle,0.0,0.0,0.0,0.0
1.880000993000067,0.0,0.003155077113945026,-0.003155077113945026,0.0,1500,idle,0.0,0.0,0.0,0.0
1.900000762000218,0.0,0.003155077113945026,-0.003155077113945026,0.0,1500,idle,0.0,0.0,0.0,0.0
1.920000975000221,0.0,0.003155077113945026,-0.003155077113945026,0.0,1500,idle,0.0,0.0,0.0,0.0
1.9400008369998432,0.0,0.003155077113945026,-0.003155077113945026,0.0,1500,idle,0.0,0.0,0.0,0.0
1.9600006609998673,0.0,0.003155077113945026,-0.003155077113945026,0.0,1500,idle,0.0,0.0,0.0,0.0
1.9800010409999231,0.0,0.003155077113945026,-0.003155077113945026,0.0,1500,idle,0.0,0.0,0.0,0.0
2.0000009020000107,-60.0,0.003155077113945026,-60.003155077113945,-3.141757853041171,1645,kick,-3.141757853041171,0.0,0.0,0.0
2.0200009860000137,-60.0,0.003155077113945026,-60.003155077113945,-3.141757853041171,1645,kick,-3.141757853041171,0.0,0.0,0.0
2.0400017550000484,-60.0,0.00013061346669474005,-60.000130613466695,-3.141599492494917,1645,kick,-3.141599492494917,0.0,0.0,0.0
2.06000104199984,-60.0,0.00013061346669474005,-60.000130613466695,-3.141599492494917,1645,kick,-3.141599492494917,0.0,0.0,0.0
2.0800009780000437,-60.0,0.00013061346669474005,-60.000130613466695,-3.141599492494917,1645,kick,-3.141599492494917,0.0,0.0,0.0
2.100000784000258,-60.0,0.0008106642761731564,-60.00081066427617,-3.132846037372036,1645,kick,-3.141635099872036,0.0,0.0035156249999999997,-0.005859375
2.1200007930001448,-60.0,0.0008106642761731564,-60.00081066427617,-3.129330412372036,1645,kick,-3.141635099872036,0.0,0.004921874999999999,-0.005859375
2.140000728999894,-60.0,-0.012227320092762284,-59.98777267990724,-3.1272414951068512,1645,kick,-3.140952432606851,0.0,0.005484375,-0.005859375
2.1600007759998334,-60.0,-0.012227320092762284,-59.98777267990724,-3.120819620106851,1645,kick,-3.140952432606851,0.0,0.008053125,-0.009765625
2.180001082000217,-60.0,-0.012227320092762284,-59.98777267990724,-3.118250870106851,1645,kick,-3.140952432606851,0.0,0.009080625,-0.009765625
2.2000010729998394,-60.0,-0.058651443945024084,-59.941348556054976,-3.100144171166124,1645,kick,-3.1385216711661243,0.0,0.015351,-0.01953125
2.220000712000001,-60.0,-0.058651443945024084,-59.941348556054976,-3.0938737961661245,1670.0,run,-3.1385216711661243,0.0,0.01785915,-0.01953125
2.240001535999909,-60.0,-0.12764849161263214,-59.87235150838737,-3.0877529691982586,1695.0,run,-3.1349089941982586,0.0,0.01886241,-0.01953125
2.260001009000007,-60.0,-0.12764849161263214,-59.87235150838737,-3.0808903341982585,1720.0,run,-3.1349089941982586,0.0,0.021607464,-0.0234375
2.2800011670001368,-60.0,-0.12764849161263214,-59.87235150838737,-3.0781452801982585,1745.0,run,-3.1349089941982586,0.0,0.0227054856,-0.0234375
2.3000007320001714,-60.0,-0.20840050568861557,-59.791599494311384,-3.0581706555285306,1770.0,run,-3.1306808286285306,0.0,0.02900406924,-0.033203125
2.3200007969999206,-60.0,-0.20840050568861557,-59.791599494311384,-3.0518720718885306,1795.0,run,-3.1306808286285306,0.0,0.031523502696,-0.033203125
2.340000770000188,-60.0,-0.3248577017288028,-59.6751422982712,-3.0432549539069056,1820.0,run,-3.1245831441029055,0.0,0.0325312760784,-0.033203125
2.3600010390000534,-60.0,-0.3248577017288028,-59.6751422982712,-3.0070909305245057,1845.0,run,-3.1245831441029055,0.0,0.04699688543136,-0.056640625
2.3800011040002573,-60.0,-0.3248577017288028,-59.6751422982712,-2.9926253211715457,1870.0,run,-3.1245831441029055,0.0,0.052783129172544,-0.056640625
2.40000107700007,-60.0,-0.5419541311347302,-59.45804586886527,-2.905159434967991,1895.0,run,-3.113216001640535,0.0,0.0832226266690176,-0.103515625
2.42000099400002,-60.0,-0.5419541311347302,-59.45804586886527,-2.874719937471517,1900.0,run,-3.113216001640535,0.0,0.09539842566760703,-0.103515625
2.4400006519999806,-60.0,-0.9164126365768368,-59.08358736342316,-2.8429375369767422,1900.0,run,-3.0936094001443495,0.0,0.10026874526704281,-0.103515625
2.4600010869999096,-60.0,-0.9164126365768368,-59.08358736342316,-2.726739092377307,1900.0,run,-3.0936094001443495,0.0,0.14674812310681712,-0.177734375
2.4800011709999126,-60.0,-0.9164126365768368,-59.08358736342316,-2.6802597145375326,1900.0,run,-3.0936094001443495,0.0,0.16533987424272684,-0.177734375
2.500000977000127,-60.0,-1.510349228819024,-58.489650771180976,-2.5045929536535194,1900.0,run,-3.062510952896246,0.0,0.2231671996970907,-0.26171875
2.520000968000204,-60.0,-1.510349228819024,-58.489650771180976,-2.4467656281991554,1900.0,run,-3.062510952896246,0.0,0.24629812987883626,-0.26171875
2.540001441000186,-60.0,-2.3618022526958953,-57.638197747304105,-2.37905272193927,1900.0,run,-3.017928976818106,0.0,0.2555505019515345,-0.26171875
2.5600010799998927,-60.0,-2.3618022526958953,-57.638197747304105,-2.2379644123665714,1900.0,run,-3.017928976818106,0.0,0.3119858257806138,-0.349609375
2.5800006449999273,-60.0,-2.3618022526958953,-57.638197747304105,-2.1815290885374923,1900.0,run,-3.017928976818106,0.0,0.33455995531224547,-0.349609375
2.600000895999983,-60.0,-3.4516168103637312,-56.54838318963627,-1.9612674022034526,1900.0,run,-2.960866420015698,0.0,0.3998396071248982,-0.443359375
2.6200010349998593,-60.0,-3.4516168103637312,-56.54838318963627,-1.8959877503907998,1900.0,run,-2.960866420015698,0.0,0.4259514678499593,-0.443359375
2.6400007480001477,-60.0,-4.804275026632411,-55.19572497336759,-1.7990508710816124,1900.0,run,-2.8900414014315716,0.0,0.4363962121399837,-0.443359375
2.660001036000267,-60.0,-4.804275026632411,-55.19572497336759,-1.668488939291588,1900.0,run,-2.8900414014315716,0.0,0.4886209848559935,-0.5234375
2.6800010450001537,-60.0,-4.804275026632411,-55.19572497336759,-1.6162641665755784,1900.0,run,-2.8900414014315716,0.0,0.5095108939423973,-0.5234375
2.70000103700022,-60.0,-6.372816559432891,-53.62718344056711,-1.3814096773842335,1900.0,run,-2.807912758826631,0.0,0.5706012325769589,-0.611328125
2.7200009170001067,-60.0,-6.372816559432891,-53.62718344056711,-1.320319338749672,1900.0,run,-2.807912758826631,0.0,0.5950373680307836,-0.611328125
2.7400009259999933,-60.0,-8.215277286255002,-51.784722713745,-1.1994121852306465,1900.0,run,-2.7114417407614297,0.0,0.6048118222123133,-0.611328125
2.7600010840001232,-60.0,-8.215277286255002,-51.784722713745,-1.0578017935491166,1900.0,run,-2.7114417407614297,0.0,0.6614559788849252,-0.69921875
2.7800007050000204,-60.0,-8.215277286255002,-51.784722713745,-1.0011576368765045,1900.0,run,-2.7114417407614297,0.0,0.6841136415539701,-0.69921875
2.80000075199996,-60.0,-10.284346073970738,-49.71565392602926,-0.7412575358197979,1875.0,run,-2.6031055523737683,0.0,0.7447392066215881,-0.78515625
2.820000743000037,-60.0,-10.284346073970738,-49.71565392602926,-0.68063197075218,1850.0,run,-2.6031055523737683,0.0,0.7689894326486353,-0.78515625
2.840001327000209,-60.0,-12.600488724442584,-47.399511275557416,-0.5351087991353269,1825.0,run,-2.4818326067839624,0.0,0.7786895230594542,-0.78515625
2.8600011140001698,-60.0,-12.600488724442584,-47.399511275557416,-0.40822120872450807,1800.0,run,-2.4818326067839624,0.0,0.8294445592237817,-0.86328125
2.880000809000194,-60.0,-12.600488724442584,-47.399511275557416,-0.3574661725601809,1775.0,run,-2.4818326067839624,0.0,0.8497465736895127,-0.86328125
2.9000010590002603,-60.0,-15.144263811146374,-44.855736188853626,-0.10143334351489397,1750.0,run,-2.3486408547044064,0.0,0.898883004475805,-0.931640625
2.920001199000126,-60.0,-15.144263811146374,-44.855736188853626,-0.052296912728601264,1500,idle,-2.3486408547044064,0.0,0.918537576790322,-0.931640625
2.940000707999843,-60.0,-17.86284763838276,-42.13715236161724,0.10970237591614662,1500,idle,-2.2062961383741753,0.0,0.9263994057161288,-0.931640625
2.9600009030000365,-60.0,-17.86284763838276,-42.13715236161724,0.1908063923419534,1500,idle,-2.2062961383741753,0.0,0.9588410122864515,-0.98046875
2.98000072800005,-60.0,-17.86284763838276,-42.13715236161724,0.2232479989122762,1500,idle,-2.2062961383741753,0.0,0.9718176549145806,-0.98046875
3.000000866999926,-60.0,-20.68351739171635,-39.31648260828365,0.3839145644616675,1500,dwell,-2.058606215452913,0.0,0.9770083119658323,-0.98046875
3.020000950999929,-60.0,-20.68351739171635,-39.31648260828365,0.3891052215129194,1500,dwell,-2.058606215452913,0.0,0.9790845747863329,-0.98046875
3.040001183000186,-60.0,-23.483003901322064,-36.516996098677936,0.5377622552067707,1500,dwell,-1.9120254445795624,0.0,0.9799150799145332,-0.98046875
3.0600008030000936,-60.0,-23.483003901322064,-36.516996098677936,0.5327333853349709,1500,dwell,-1.9120254445795624,0.0,0.9779035319658134,-0.9765625
3.0800008320002235,-60.0,-23.483003901322064,-36.516996098677936,0.5307218373862512,1500,dwell,-1.9120254445795624,0.0,0.9770989127863254,-0.9765625
3.100000766999983,-60.0,-26.272176450462695,-33.727823549537305,0.6730282638730052,1500,dwell,-1.7659847114133203,0.0,0.9756051901145302,-0.974609375
3.12000062900006,-60.0,-26.272176450462695,-33.727823549537305,0.6715345412012099,1500,dwell,-1.7659847114133203,0.0,0.975007701045812,-0.974609375
3.140000934999989,-60.0,-29.065715624511085,-30.934284375488915,0.8172064212442534,1500,dwell,-1.6197153423015584,0.0,0.9747687054183247,-0.974609375
3.1600007960000767,-60.0,-29.065715624511085,-30.934284375488915,0.8111080506167663,1390,kick,-1.6197153423015584,0.0,0.9723293571673299,-0.970703125
3.1800011949999316,-60.0,-29.065715624511085,-30.934284375488915,0.8086687023657713,1390,kick,-1.6197153423015584,0.0,0.971353617866932,-0.970703125
3.2000010930000826,-60.0,-31.83923477802847,-28.16076522197153,0.9529140863533869,1390,kick,-1.474494219013545,0.0,0.9709633221467728,-0.970703125
3.2200009359999058,-60.0,-31.83923477802847,-28.16076522197153,0.9525237906332276,1390,kick,-1.474494219013545,0.0,0.9708072038587091,-0.970703125
3.240001224000025,-60.0,-34.60752881449045,-25.39247118550955,1.0973152091439209,1390,kick,-1.3295466822147883,0.0,0.9707447565434837,-0.970703125
3.2600010109999857,-60.0,-34.60752881449045,-25.39247118550955,1.0796746368286954,1390,kick,-1.3295466822147883,0.0,0.9636885276173934,-0.958984375
3.280001020999862,-60.0,-34.60752881449045,-25.39247118550955,1.0726184079026049,1390,kick,-1.3295466822147883,0.0,0.9608660360469573,-0.958984375
3.3000008079998224,-60.0,-37.352783634824505,-22.647216365175495,1.2047480600953926,1390,kick,-1.1858054759515646,0.0,0.956221414418783,-0.953125
3.320000689000153,-60.0,-37.352783634824505,-22.647216365175495,1.2001034384672185,1390,kick,-1.1858054759515646,0.0,0.9543635657675132,-0.953125
3.3400009580000187,-60.0,-40.07096983097648,-19.92903016902352,1.3405694862312862,1390,kick,-1.0434815795362273,0.0,0.9536204263070054,-0.953125
3.360000986000159,-60.0,-40.07096983097648,-19.92903016902352,1.3222482217707783,1390,kick,-1.0434815795362273,0.0,0.9462919205228022,-0.94140625
3.380000866000046,-60.0,-40.07096983097648,-19.92903016902352,1.314919715986575,1365.0,run,-1.0434815795362273,0.0,0.9433605182091209,-0.94140625
3.4000007270001333,-60.0,-42.745153613247055,-17.254846386752945,1.4285707490850634,1340.0,run,-0.9034616441240574,0.0,0.9328129572836483,-0.92578125
3.420000921999872,-60.0,-42.745153613247055,-17.254846386752945,1.4180231881595913,1315.0,run,-0.9034616441240574,0.0,0.9285939329134594,-0.92578125
3.4400009320002027,-60.0,-45.38326122272974,-14.616738777270257,1.5519351552115714,1290.0,run,-0.7653306527018882,0.0,0.9269063231653838,-0.92578125
3.460000720000153,-60.0,-45.38326122272974,-14.616738777270257,1.5414584829634954,1265.0,run,-0.7653306527018882,0.0,0.9227156542661534,-0.919921875
3.4800008219999654,-60.0,-45.38326122272974,-14.616738777270257,1.5372678140642653,1240.0,run,-0.7653306527018882,0.0,0.9210393867064613,-0.919921875
3.5000007950002328,-60.0,-47.98848294695739,-12.01151705304261,1.6016881370013416,1215.0,run,-0.6289215622051197,0.0,0.8922438796825846,-0.873046875
3.520001027000035,-60.0,-47.98848294695739,-12.01151705304261,1.5728926299774648,1190.0,run,-0.6289215622051197,0.0,0.8807256768730338,-0.873046875
3.5400008330002493,-60.0,-50.43472755199889,-9.56527244800111,1.5654109471808737,1165.0,run,-0.5008364942037524,-0.0033389099613583494,0.8268996457492135,-0.791015625
3.5600008979999984,-60.0,-50.43472755199889,-9.56527244800111,1.5105832430686457,1140.0,run,-0.5008364942037524,-0.006677819922716699,0.8053692332996853,-0.791015625
3.580000852000012,-60.0,-50.43472755199889,-9.56527244800111,1.4880511576307103,1115.0,run,-0.5008364942037524,-0.010016729884075048,0.7967570683198741,-0.791015625
3.600001010000142,-60.0,-52.5696446914541,-7.430355308545899,1.3355620751847934,1100.0,run,-0.3890524941814953,-0.01261041317861835,0.6913590773279497,-0.62109375
3.6200007420002294,-60.0,-52.5696446914541,-7.430355308545899,1.2293859792045059,1100.0,run,-0.3890524941814953,-0.015204096473161652,0.6491998809311799,-0.62109375
3.640000715000042,-60.0,-54.11596265695272,-5.884037343047282,0.8574193772001301,1125.0,run,-0.30808747483942245,-0.017258012972091136,0.4682737023724719,-0.34765625
3.660001075999844,-60.0,-54.11596265695272,-5.884037343047282,0.6758770236917433,1150.0,run,-0.30808747483942245,-0.01931192947102062,0.39590323094898877,-0.34765625
3.6800009560001854,-60.0,-54.11596265695272,-5.884037343047282,0.6028903773185814,1175.0,run,-0.30808747483942245,-0.021365845969950104,0.36695504237959553,-0.34765625
3.7000011139998605,-60.0,-54.83383821700218,-5.166161782997818,0.12173125347974817,1200.0,run,-0.2704995984120382,-0.02316917662603036,0.1596726419518382,-0.021484375
3.7200009020002653,-60.0,-54.83383821700218,-5.166161782997818,-0.08609214614483315,1500,idle,-0.2704995984120382,-0.024972507282110614,0.07675968178073528,-0.021484375
3.7400010219998876,-60.0,-54.627802249103766,-5.372197750896234,-0.6168791371009464,1500,dwell,-0.2812876164641203,-0.026847758058538083,-0.1310148772877059,0.26953125
3.760001068999827,-60.0,-54.627802249103766,-5.372197750896234,-0.8252162714023159,1500,dwell,-0.2812876164641203,-0.028723008834965553,-0.21412470091508234,0.26953125
3.7800015600000734,-60.0,-54.627802249103766,-5.372197750896234,-0.9088886702626204,1500,dwell,-0.2812876164641203,-0.030598259611393022,-0.24736863036603293,0.26953125
3.8000011809999705,-60.0,-53.661692949761914,-6.338307050238086,-1.2453348352986977,1500,dwell,-0.3318729810870727,-0.032810746151973505,-0.36144745214641316,0.4375
3.820001060999857,-60.0,-53.661692949761914,-6.338307050238086,-1.3600774030412521,1500,dwell,-0.3318729810870727,-0.03502323269255399,-0.4070789808585653,0.4375
3.8400014039998496,-60.0,-52.34649349295182,-7.653506507048178,-1.5808428376059602,1500,dwell,-0.4007366636124039,-0.037694810449970015,-0.46751909234342615,0.5078125
3.860001395999916,-60.0,-52.34649349295182,-7.653506507048178,-1.6420844224180458,1500,dwell,-0.4007366636124039,-0.04036638820738604,-0.49169513693737044,0.5078125
3.8800004240001726,-60.0,-52.34649349295182,-7.653506507048178,-1.6670619403392148,1500,dwell,-0.4007366636124039,-0.04303796596480207,-0.5013655547749482,0.5078125
3.9000007479999113,-60.0,-50.85716409794986,-9.142835902050138,-1.8318427734821126,1645,kick,-0.478717768380962,-0.04622941775400848,-0.5357024719099792,0.55859375
3.9200003320001997,-60.0,-50.85716409794986,-9.142835902050138,-1.8671371261539056,1645,kick,-0.478717768380962,-0.049420869543214896,-0.5494372387639916,0.55859375
3.9400003050000123,-60.0,-49.22169635049994,-10.77830364950006,-1.9516785231544824,1645,kick,-0.5643506593904908,0.0,-0.5549311455055966,0.55859375
3.9600002960000893,-60.0,-49.22169635049994,-10.77830364950006,-1.9981880548960875,1645,kick,-0.5643506593904908,0.0,-0.5735349582022387,0.5859375
3.9800003609998384,-60.0,-49.22169635049994,-10.77830364950006,-2.0167918675927297,1645,kick,-0.5643506593904908,0.0,-0.5809764832808955,0.5859375
4.000000389999968,-60.0,-47.553127794315685,-12.446872205684315,-2.094021312973376,1645,kick,-0.6517167046924804,0.0,-0.5769218433123582,0.57421875
4.020000343999982,-60.0,-47.553127794315685,-12.446872205684315,-2.089966673004839,1645,kick,-0.6517167046924804,0.0,-0.5752999873249434,0.57421875
4.040000612999847,-60.0,-45.95039184968948,-14.049608150310519,-2.1722638748387904,1645,kick,-0.7356357625138468,0.0,-0.5746512449299774,0.57421875
4.060000289000072,-60.0,-45.95039184968948,-14.049608150310519,-2.118880757443824,1645,kick,-0.7356357625138468,0.0,-0.553297997971991,0.5390625
4.080000317000213,-60.0,-45.95039184968948,-14.049608150310519,-2.097527510485838,1645,kick,-0.7356357625138468,0.0,-0.5447566991887964,0.5390625
4.100000382999951,-60.0,-44.43998449797988,-15.560015502020121,-2.135844393203625,1645,kick,-0.8147205065148286,0.0,-0.5284495546755186,0.517578125
4.120000336999965,-60.0,-44.43998449797988,-15.560015502020121,-2.119537248690347,1670.0,run,-0.8147205065148286,0.0,-0.5219266968702074,0.517578125
4.140000273000169,-60.0,-43.01357564238327,-16.986424357616727,-2.1203181714143313,1695.0,run,-0.8894070995441239,0.0,-0.49236442874808295,0.47265625
4.160000337999918,-60.0,-43.01357564238327,-16.986424357616727,-2.090755903292207,1720.0,run,-0.8894070995441239,0.0,-0.4805395214992332,0.47265625
4.1800005139998575,-60.0,-43.01357564238327,-16.986424357616727,-2.078930996043357,1745.0,run,-0.8894070995441239,0.0,-0.47580955859969326,0.47265625
4.200000394000199,-60.0,-41.6853602944353,-18.3146397055647,-2.09394153863546,1770.0,run,-0.9589522925357667,0.0,-0.4539956984398773,0.439453125
4.220000534000064,-60.0,-41.6853602944353,-18.3146397055647,-2.072127678475644,1795.0,run,-0.9589522925357667,0.0,-0.44527015437595097,0.439453125
4.240000562000205,-60.0,-40.47380185747926,-19.52619814252074,-2.053596998327315,1820.0,run,-1.0223893439513638,0.0,-0.4124830617503804,0.390625
4.260000497999954,-60.0,-40.47380185747926,-19.52619814252074,-2.0208099057017446,1845.0,run,-1.0223893439513638,0.0,-0.3993682247001522,0.390625
4.2800004519999675,-60.0,-40.47380185747926,-19.52619814252074,-2.007695068651516,1870.0,run,-1.0223893439513638,0.0,-0.3941222898800609,0.390625
4.300000258000182,-60.0,-39.42293594573536,-20.57706405426464,-1.952003594302134,1895.0,run,-1.0774125544220732,0.0,-0.34983641595202436,0.3203125
4.320000471000185,-60.0,-39.42293594573536,-20.57706405426464,-1.9077177203740976,1900.0,run,-1.0774125544220732,0.0,-0.33212206638080977,0.3203125
4.340000369999871,-60.0,-38.59589169915739,-21.40410830084261,-1.7838932437902673,1900.0,run,-1.1207164899094575,0.0,-0.2652707015523239,0.220703125
4.360000676000254,-60.0,-38.59589169915739,-21.40410830084261,-1.7170418789617814,1900.0,run,-1.1207164899094575,0.0,-0.23853015562092955,0.220703125
4.380000260000088,-60.0,-38.59589169915739,-21.40410830084261,-1.690301333030387,1900.0,run,-1.1207164899094575,0.0,-0.2278339372483718,0.220703125
4.4000003810001544,-60.0,-38.06447832810235,-21.935521671897646,-1.5492267286999275,1900.0,run,-1.1485412289515557,0.0,-0.1602741998993487,0.115234375
4.4200002980001045,-60.0,-38.06447832810235,-21.935521671897646,-1.4816669913509046,1900.0,run,-1.1485412289515557,0.0,-0.1332503049597395,0.115234375
4.440000270999917,-60.0,-37.84678652937441,-22.153213470625587,-1.2990492248384695,1900.0,run,-1.15993954487873,0.0,-0.0556438719838958,0.00390625
4.460000261999994,-60.0,-37.84678652937441,-22.153213470625587,-1.2214427918626258,1900.0,run,-1.15993954487873,0.0,-0.02460129879355832,0.00390625
4.480000308999934,-60.0,-37.93900275744426,-22.060997242555743,-1.1855717882615218,1900.0,run,-1.1551111144679636,0.0,-0.01218426951742333,0.00390625
4.500000337000074,-60.0,-37.93900275744426,-22.060997242555743,-1.0149516339853868,1900.0,run,-1.1551111144679636,0.0,0.05606379219303067,-0.1015625
4.520000384000014,-60.0,-37.93900275744426,-22.060997242555743,-0.9467035722749328,1880.5468038803506,run,-1.1551111144679636,0.0,0.08336301687721226,-0.1015625
4.540000523999879,-60.0,-38.333043527063865,-21.666956472936135,-0.7493583586398874,1855.5468038803506,run,-1.1344791880170997,0.0,0.1540483317508849,-0.201171875
4.560000440999829,-60.0,-38.333043527063865,-21.666956472936135,-0.6786730437662147,1830.5468038803506,run,-1.1344791880170997,0.0,0.18232245770035396,-0.201171875
4.58000033899998,-60.0,-38.333043527063865,-21.666956472936135,-0.6503989178167457,1805.5468038803506,run,-1.1344791880170997,0.0,0.19363210808014159,-0.201171875
4.600000571000237,-60.0,-39.005517776963586,-20.994482223036414,-0.46032391055007005,1780.5468038803506,run,-1.0992685186302118,0.0,0.2555778432320567,-0.296875
4.620000339999933,-60.0,-39.005517776963586,-20.994482223036414,-0.398378175398155,1755.5468038803506,run,-1.0992685186302118,0.0,0.2803561372928227,-0.296875
4.640000294999936,-60.0,-39.946138360540175,-20.053861639459825,-0.213020977751063,1730.5468038803506,run,-1.0500177400438857,0.0,0.3347987049171291,-0.37109375
4.66000036000014,-60.0,-39.946138360540175,-20.053861639459825,-0.15857841012675655,1705.5468038803506,run,-1.0500177400438857,0.0,0.35657573196685166,-0.37109375
4.68000040700008,-60.0,-39.946138360540175,-20.053861639459825,-0.13680138307703404,1680.5468038803506,run,-1.0500177400438857,0.0,0.36528654278674066,-0.37109375
4.70000030600022,-60.0,-41.07981422383335,-18.920185776166647,-0.0013486303625800389,1500,idle,-0.9906586106493207,0.0,0.3957239921146963,-0.416015625
4.720000315000107,-60.0,-41.07981422383335,-18.920185776166647,0.02908881896537574,1500,idle,-0.9906586106493207,0.0,0.40789897184587853,-0.416015625
4.7400003440002365,-60.0,-42.32612292627226,-17.673877073727738,0.1475359947580096,1500,idle,-0.9254020395878689,0.0,0.42917521373835144,-0.443359375
4.76000029800025,-60.0,-42.32612292627226,-17.673877073727738,0.1688122366504824,1500,idle,-0.9254020395878689,0.0,0.43768571049534055,-0.443359375
4.780000325999936,-60.0,-43.645708778003296,-16.354291221996704,0.24641608703379236,1500,idle,-0.8563086859615481,0.0,0.4410899091981362,-0.443359375
4.8000003360002665,-60.0,-43.645708778003296,-16.354291221996704,0.2644687232365881,1500,idle,-0.8563086859615481,0.0,0.4483109636792545,-0.453125
4.8200004200002695,-60.0,-43.645708778003296,-16.354291221996704,0.2716897777177063,1500,idle,-0.8563086859615481,0.0,0.4511993854717018,-0.453125
4.840000355000029,-60.0,-44.97032683453912,-15.029673165460878,0.3644428512639093,1500,dwell,-0.7869518467077925,0.0,0.46055787918868074,-0.466796875
4.860000550000223,-60.0,-44.97032683453912,-15.029673165460878,0.37380134498088835,1500,dwell,-0.7869518467077925,0.0,0.46430127667547233,-0.466796875
4.880000615999961,-60.0,-46.345345100462794,-13.654654899537206,0.449540530513973,1500,dwell,-0.7149560586614994,0.0,0.465798635670189,-0.466796875
4.900000422000176,-60.0,-46.345345100462794,-13.654654899537206,0.4656863270086897,1500,dwell,-0.7149560586614994,0.0,0.4722569542680756,-0.4765625
4.9200002460002,-60.0,-46.345345100462794,-13.654654899537206,0.4721446456065763,1500,dwell,-0.7149560586614994,0.0,0.47484028170723025,-0.4765625
4.940000403999875,-60.0,-47.73827756862556,-12.261722431374437,0.5593804965278449,1500,dwell,-0.6420222851793852,0.0,0.4805611126828921,-0.484375
4.960000248000142,-60.0,-47.73827756862556,-12.261722431374437,0.5651013275035067,1500,dwell,-0.6420222851793852,0.0,0.4828494450731568,-0.484375
4.980000368000219,-60.0,-49.15290934334715,-10.847090656652853,0.6414596064104388,1500,dwell,-0.5679523386627181,0.0,0.4837647780292627,-0.484375
5.000000286000159,-60.0,-49.15290934334715,-10.847090656652853,0.6540936893665446,1390,kick,-0.5679523386627181,0.0,0.4888184112117051,-0.4921875
5.020000369000172,-60.0,-49.15290934334715,-10.847090656652853,0.659147322548987,1390,kick,-0.5679523386627181,0.0,0.49083986448468203,-0.4921875
5.040000304999921,-60.0,-50.59267745195169,-9.407322548048313,0.7443587876894823,1390,kick,-0.49256625678163657,-0.0032837750452109106,0.4951640707938728,-0.498046875
5.060000278000189,-60.0,-50.59267745195169,-9.407322548048313,0.7476978614851097,1390,kick,-0.49256625678163657,-0.006567550090421821,0.49689375331754915,-0.498046875
5.080000342999938,-60.0,-52.03008702428738,-7.969912975712617,0.8238555258844686,1390,kick,-0.41730366757081216,-0.009349574540893902,0.49758562632701964,-0.498046875
5.100000372000068,-60.0,-52.03008702428738,-7.969912975712617,0.8178534165587976,1390,kick,-0.41730366757081216,-0.012131598991365983,0.49551862553080783,-0.494140625
5.120000400000208,-60.0,-52.03008702428738,-7.969912975712617,0.8149518084274441,1390,kick,-0.41730366757081216,-0.014913623441838064,0.49469182521232313,-0.494140625
5.140000354000222,-60.0,-53.459941930433885,-6.540058069566115,0.8765884126435994,1390,kick,-0.34243663975665917,-0.017196534373549125,0.4896736050849293,-0.486328125
5.160000327000034,-60.0,-53.459941930433885,-6.540058069566115,0.8708853192366921,1390,kick,-0.34243663975665917,-0.019479445305260187,0.48766631703397173,-0.486328125
5.180000373999974,-60.0,-54.85606342586067,-5.143936574139332,0.9414401099665327,1390,kick,-0.2693358891974662,-0.021275017899909963,0.4868634018135887,-0.486328125
5.200000642999839,-60.0,-54.85606342586067,-5.143936574139332,0.9313094604677545,1390,kick,-0.2693358891974662,-0.02307059049455974,0.4830266107254355,-0.48046875
5.220000264000191,-60.0,-54.85606342586067,-5.143936574139332,0.9269339976012064,1365.0,run,-0.2693358891974662,-0.024866163089209515,0.4814918942901742,-0.48046875
5.240000533000057,-60.0,-56.22789686140999,-3.772103138590012,0.9704661106668289,1340.0,run,-0.19750685847962304,-0.026182875479073667,0.47033113271606963,-0.462890625
5.260000561000197,-60.0,-56.22789686140999,-3.772103138590012,0.9589103353757653,1315.0,run,-0.19750685847962304,-0.02749958786893782,0.4658668280864279,-0.462890625
5.280000422999819,-60.0,-57.60475703044645,-2.39524296955355,1.0262874313566555,1290.0,run,-0.12541462861186722,-0.028335685393016934,0.4640811062345711,-0.462890625
5.3000002469998435,-60.0,-57.60475703044645,-2.39524296955355,0.994954005247575,1265.0,run,-0.12541462861186722,-0.02917178291709605,0.45164806749382846,-0.443359375
5.320000294000238,-60.0,-57.60475703044645,-2.39524296955355,0.9822701372496085,1240.0,run,-0.12541462861186722,-0.030007880441175163,0.4466748519975314,-0.443359375
5.34000039700004,-60.0,-58.90643363100827,-1.0935663689917305,0.992603656178856,1215.0,run,-0.05725900118395476,-0.03038960711573486,0.4235918157990125,-0.408203125
5.360000368999863,-60.0,-58.90643363100827,-1.0935663689917305,0.9694061019779693,1190.0,run,-0.05725900118395476,-0.03077133379029456,0.414358601319605,-0.408203125
5.380000250000194,-60.0,-60.052126547512074,0.05212654751207424,1.0234149879133807,1165.0,run,0.0013646698226744312,-0.030753138192658902,0.410665315527842,-0.408203125
5.40000037100026,-60.0,-60.052126547512074,0.05212654751207424,0.870310368961263,1142.7975782427832,run,0.0013646698226744312,-0.030734942595023244,0.3494223762111368,-0.30859375
5.420000528999935,-60.0,-60.052126547512074,0.05212654751207424,0.8090701589842031,1163.006847535213,run,0.0013646698226744312,-0.030716746997387585,0.3249252004844547,-0.30859375
5.440000315999896,-60.0,-60.83868925365654,0.8386892536565398,0.0,1500,idle,0.0013646698226744312,-0.030716746997387585,0.3249252004844547,-0.123046875
5.4600003629998355,-60.0,-60.83868925365654,0.8386892536565398,0.0,1500,idle,0.0013646698226744312,-0.030716746997387585,0.3249252004844547,-0.123046875
5.480000261999976,-60.0,-61.02320467768665,1.0232046776866497,0.0,1500,idle,0.0013646698226744312,-0.030716746997387585,0.3249252004844547,-0.123046875
5.500000345999979,-60.0,-61.02320467768665,1.0232046776866497,0.0,1500,idle,0.0013646698226744312,-0.030716746997387585,0.3249252004844547,0.1171875
5.520000355999855,-60.0,-61.02320467768665,1.0232046776866497,0.0,1500,idle,0.0013646698226744312,-0.030716746997387585,0.3249252004844547,0.1171875
5.54000027300026,-60.0,-60.63533383911047,0.6353338391104728,0.049874580449592566,1500,idle,0.01663300101272051,-0.030494973650551312,0.0151263301937819,0.19140625
5.560000542000125,-60.0,-60.63533383911047,0.6353338391104728,-0.2598910238390548,1500,idle,0.01663300101272051,-0.03027320030371504,-0.10879321792248724,0.19140625
5.580000367000139,-60.0,-60.10779507192059,0.10779507192059157,-0.39761586044761954,1500,dwell,0.0028220683836576157,-0.03023557272526627,-0.15836103716899488,0.19140625
5.600000431999888,-60.0,-60.10779507192059,0.10779507192059157,-0.47061553555735985,1500,dwell,0.0028220683836576157,-0.0301979451468175,-0.18756316486759794,0.20703125
5.620000422999965,-60.0,-60.10779507192059,0.10779507192059157,-0.49981201911919565,1500,dwell,0.0028220683836576157,-0.03016031756836873,-0.19924401594703917,0.20703125
5.640000322000105,-60.0,-59.55919717255823,-0.4408028274417717,-0.5507545915545735,1500,dwell,-0.023080382072877985,-0.030314186782187915,-0.20743198137881566,0.212890625
5.660000406000108,-60.0,-59.55919717255823,-0.4408028274417717,-0.5589887177504957,1500,dwell,-0.023080382072877985,-0.0304680559960071,-0.21070716755152624,0.212890625
5.680000415999984,-60.0,-58.98000647429636,-1.01999352570364,-0.5926970714402254,1500,dwell,-0.05340673611766179,-0.03082410090345818,-0.21201724202061048,0.212890625
5.700000407000061,-60.0,-58.98000647429636,-1.01999352570364,-0.588254584381545,1500,dwell,-0.05340673611766179,-0.03118014581090926,-0.2101975218082442,0.208984375
5.720000398000138,-60.0,-58.98000647429636,-1.01999352570364,-0.5865416776414142,1500,dwell,-0.05340673611766179,-0.031536190718360335,-0.2094696337232977,0.208984375
5.740000223000152,-60.0,-58.41247854852918,-1.5875214514708205,-0.6069066646190665,1645,kick,-0.08312242882261558,-0.03209034024384444,-0.20566285348931906,0.203125
5.760000270000091,-60.0,-58.41247854852918,-1.5875214514708205,-0.6032661292427332,1645,kick,-0.08312242882261558,-0.032644489769328544,-0.20414014139572761,0.203125
5.7800002799999675,-60.0,-57.87210823645236,-2.1278917635476375,-0.6302599728308509,1645,kick,-0.11141615219992479,-0.03338726411732804,-0.20353105655829107,0.203125
5.8000002710000444,-60.0,-57.87210823645236,-2.1278917635476375,-0.6152252827978142,1645,kick,-0.11141615219992479,-0.03413003846532754,-0.19742804762331645,0.193359375
5.820000262000121,-60.0,-57.87210823645236,-2.1278917635476375,-0.6093451061672394,1645,kick,-0.11141615219992479,-0.03487281281332704,-0.1949868440493266,0.193359375
5.8400003649999235,-60.0,-57.366402207238906,-2.633597792761094,-0.5955724605800754,1645,kick,-0.13789485797080914,-0.03579211186646577,-0.17877598761973063,0.16796875
5.860000411999863,-60.0,-57.366402207238906,-2.633597792761094,-0.579637393866421,1645,kick,-0.13789485797080914,-0.0367114109196045,-0.17229164504789224,0.16796875
5.88000040299994,-60.0,-56.928667135597124,-3.0713328644028763,-0.596394435274841,1645,kick,-0.1608146127256162,-0.03778350833777527,-0.1696979080191569,0.16796875
5.900000282999827,-60.0,-56.928667135597124,-3.0713328644028763,0.0,1500,idle,-0.1608146127256162,-0.03778350833777527,-0.1696979080191569,0.138671875
5.920000403999893,-60.0,-56.928667135597124,-3.0713328644028763,0.0,1500,idle,-0.1608146127256162,-0.03778350833777527,-0.1696979080191569,0.138671875
5.940000320999843,-60.0,-56.65916968252358,-3.340830317476417,0.0,1500,idle,-0.1608146127256162,-0.03778350833777527,-0.1696979080191569,0.107421875
5.960000368000237,-60.0,-56.65916968252358,-3.340830317476417,0.0,1500,idle,-0.1608146127256162,-0.03778350833777527,-0.1696979080191569,0.107421875
5.980000359999849,-60.0,-56.444263523824276,-3.555736476175724,0.0,1500,idle,-0.1608146127256162,-0.03778350833777527,-0.1696979080191569,0.107421875
6.00000036900019,-60.0,-56.444263523824276,-3.555736476175724,0.0,1500,idle,-0.1608146127256162,-0.03778350833777527,-0.1696979080191569,0.087890625
6.020000324000193,-60.0,-56.444263523824276,-3.555736476175724,0.0,1500,idle,-0.1608146127256162,-0.03778350833777527,-0.1696979080191569,0.087890625
6.040001019000101,-60.0,-56.26349439059021,-3.7365056094097895,0.0,1500,idle,-0.1608146127256162,-0.03778350833777527,-0.1696979080191569,0.0703125
6.06000036200021,-60.0,-56.26349439059021,-3.7365056094097895,0.0,1500,idle,-0.1608146127256162,-0.03778350833777527,-0.1696979080191569,0.0703125
6.080000426999959,-60.0,-56.128759141924206,-3.8712408580757938,0.0,1500,idle,-0.1608146127256162,-0.03778350833777527,-0.1696979080191569,0.0703125
6.100000271000226,-60.0,-56.128759141924206,-3.8712408580757938,0.0,1500,idle,-0.1608146127256162,-0.03778350833777527,-0.1696979080191569,0.044921875
6.120000390999849,-60.0,-56.128759141924206,-3.8712408580757938,0.0,1500,idle,-0.1608146127256162,-0.03778350833777527,-0.1696979080191569,0.044921875
6.140000457000042,-60.0,-56.08127152233371,-3.918728477666292,0.0,1500,idle,-0.1608146127256162,-0.03778350833777527,-0.1696979080191569,0.029296875
6.1600003369999285,-60.0,-56.08127152233371,-3.918728477666292,0.0,1500,idle,-0.1608146127256162,-0.03778350833777527,-0.1696979080191569,0.029296875
6.180000457999995,-60.0,-56.06410695899086,-3.9358930410091375,0.0,1500,idle,-0.1608146127256162,-0.03778350833777527,-0.1696979080191569,0.029296875
6.200000264000209,-60.0,-56.06410695899086,-3.9358930410091375,0.0,1500,idle,-0.1608146127256162,-0.03778350833777527,-0.1696979080191569,0.005859375
6.220000329999948,-60.0,-56.06410695899086,-3.9358930410091375,0.0,1500,idle,-0.1608146127256162,-0.03778350833777527,-0.1696979080191569,0.005859375
6.240000617000078,-60.0,-56.09024888541316,-3.9097511145868395,0.0,1500,idle,-0.1608146127256162,-0.03778350833777527,-0.1696979080191569,-0.01171875
6.260000349000165,-60.0,-56.09024888541316,-3.9097511145868395,0.0,1500,idle,-0.1608146127256162,-0.03778350833777527,-0.1696979080191569,-0.01171875
6.280000304000168,-60.0,-56.18288974550521,-3.817110254494793,0.0,1500,idle,-0.1608146127256162,-0.03778350833777527,-0.1696979080191569,-0.01171875
6.300000480000108,-60.0,-56.18288974550521,-3.817110254494793,0.0,1500,idle,-0.1608146127256162,-0.03778350833777527,-0.1696979080191569,-0.02734375
6.320000285999868,-60.0,-56.18288974550521,-3.817110254494793,0.0,1500,idle,-0.1608146127256162,-0.03778350833777527,-0.1696979080191569,-0.02734375
6.340000277999934,-60.0,-56.32094705106033,-3.6790529489396704,0.0,1500,idle,-0.1608146127256162,-0.03778350833777527,-0.1696979080191569,-0.0390625
6.3600003249998736,-60.0,-56.32094705106033,-3.6790529489396704,0.0,1500,idle,-0.1608146127256162,-0.03778350833777527,-0.1696979080191569,-0.0390625
6.380000278999887,-60.0,-56.47393355132448,-3.5260664486755218,0.0,1500,idle,-0.1608146127256162,-0.03778350833777527,-0.1696979080191569,-0.0390625
6.400000678000197,-60.0,-56.47393355132448,-3.5260664486755218,0.0,1500,idle,-0.1608146127256162,-0.03778350833777527,-0.1696979080191569,-0.048828125
6.420000428000094,-60.0,-56.47393355132448,-3.5260664486755218,0.0,1500,idle,-0.1608146127256162,-0.03778350833777527,-0.1696979080191569,-0.048828125
6.440000400999907,-60.0,-56.64929695864774,-3.3507030413522614,0.0,1500,idle,-0.1608146127256162,-0.03778350833777527,-0.1696979080191569,-0.052734375
6.4600002629999835,-60.0,-56.64929695864774,-3.3507030413522614,0.0,1500,idle,-0.1608146127256162,-0.03778350833777527,-0.1696979080191569,-0.052734375
6.480000421000113,-60.0,-56.84924162782295,-3.1507583721770516,0.0,1500,idle,-0.1608146127256162,-0.03778350833777527,-0.1696979080191569,-0.052734375
6.50000028300019,-60.0,-56.84924162782295,-3.1507583721770516,0.0,1500,idle,-0.1608146127256162,-0.03778350833777527,-0.1696979080191569,-0.056640625
6.520000385000003,-60.0,-56.84924162782295,-3.1507583721770516,0.0,1500,idle,-0.1608146127256162,-0.03778350833777527,-0.1696979080191569,-0.056640625
6.540000265999879,-60.0,-57.10700213679419,-2.8929978632058067,0.0,1500,idle,-0.1608146127256162,-0.03778350833777527,-0.1696979080191569,-0.05859375
6.560000313000273,-60.0,-57.10700213679419,-2.8929978632058067,0.0,1500,idle,-0.1608146127256162,-0.03778350833777527,-0.1696979080191569,-0.05859375
6.5800003039998956,-60.0,-57.39599405298782,-2.6040059470121832,0.0,1500,idle,-0.1608146127256162,-0.03778350833777527,-0.1696979080191569,-0.05859375
6.6000003690000995,-60.0,-57.39599405298782,-2.6040059470121832,0.0,1500,idle,-0.1608146127256162,-0.03778350833777527,-0.1696979080191569,-0.06640625
6.6200002499999755,-60.0,-57.39599405298782,-2.6040059470121832,0.0,1500,idle,-0.1608146127256162,-0.03778350833777527,-0.1696979080191569,-0.06640625
6.6400003339999785,-60.0,-57.6755284067862,-2.3244715932138007,0.0,1500,idle,-0.1608146127256162,-0.03778350833777527,-0.1696979080191569,-0.0703125
6.6600003250000555,-60.0,-57.6755284067862,-2.3244715932138007,0.0,1500,idle,-0.1608146127256162,-0.03778350833777527,-0.1696979080191569,-0.0703125
6.680000501999984,-60.0,-57.949552585930405,-2.0504474140695947,0.0,1500,idle,-0.1608146127256162,-0.03778350833777527,-0.1696979080191569,-0.0703125
6.700000308000199,-60.0,-57.949552585930405,-2.0504474140695947,0.0,1500,idle,-0.1608146127256162,-0.03778350833777527,-0.1696979080191569,-0.07421875
6.720000243999948,-60.0,-57.949552585930405,-2.0504474140695947,0.0,1500,idle,-0.1608146127256162,-0.03778350833777527,-0.1696979080191569,-0.07421875
6.740000252999835,-60.0,-58.223716881742064,-1.7762831182579362,0.0,1500,idle,-0.1608146127256162,-0.03778350833777527,-0.1696979080191569,-0.08203125
6.760000393000155,-60.0,-58.223716881742064,-1.7762831182579362,0.0,1500,idle,-0.1608146127256162,-0.03778350833777527,-0.1696979080191569,-0.08203125
6.780000347000168,-60.0,-58.52540504865229,-1.4745949513477115,0.0,1500,idle,-0.1608146127256162,-0.03778350833777527,-0.1696979080191569,-0.08203125
6.8000005049998435,-60.0,-58.52540504865229,-1.4745949513477115,0.0,1500,idle,-0.1608146127256162,-0.03778350833777527,-0.1696979080191569,-0.087890625
6.820000256000185,-60.0,-58.52540504865229,-1.4745949513477115,0.0,1500,idle,-0.1608146127256162,-0.03778350833777527,-0.1696979080191569,-0.087890625
6.840000210000198,-60.0,-58.85844922322687,-1.1415507767731299,0.0,1500,idle,-0.1608146127256162,-0.03778350833777527,-0.1696979080191569,-0.09765625
6.860000387000127,-60.0,-58.85844922322687,-1.1415507767731299,0.0,1500,idle,-0.1608146127256162,-0.03778350833777527,-0.1696979080191569,-0.09765625
6.880000397000003,-60.0,-59.19350433444427,-0.8064956655557296,0.0,1500,idle,-0.1608146127256162,-0.03778350833777527,-0.1696979080191569,-0.09765625
6.900000333000207,-60.0,-59.19350433444427,-0.8064956655557296,0.0,1500,idle,-0.1608146127256162,-0.03778350833777527,-0.1696979080191569,-0.103515625
6.920000380000147,-60.0,-59.19350433444427,-0.8064956655557296,0.0,1500,idle,-0.1608146127256162,-0.03778350833777527,-0.1696979080191569,-0.103515625
6.940000277999843,-60.0,-59.535097316787784,-0.46490268321221606,0.0,1500,idle,-0.1608146127256162,-0.03778350833777527,-0.1696979080191569,-0.109375
6.960000288000174,-60.0,-59.535097316787784,-0.46490268321221606,0.0,1500,idle,-0.1608146127256162,-0.03778350833777527,-0.1696979080191569,-0.109375
6.980000372000177,-60.0,-59.909081418589324,-0.09091858141067632,0.0,1500,idle,-0.1608146127256162,-0.03778350833777527,-0.1696979080191569,-0.109375
7.0000003449999895,-60.0,-59.909081418589324,-0.09091858141067632,0.0,1500,idle,-0.1608146127256162,-0.03778350833777527,-0.1696979080191569,-0.1171875
7.020000391999929,-60.0,-59.909081418589324,-0.09091858141067632,0.0,1500,idle,-0.1608146127256162,-0.03778350833777527,-0.1696979080191569,-0.1171875
7.040000642999985,-60.0,-60.29515223744846,0.29515223744846253,0.0,1500,idle,-0.1608146127256162,-0.03778350833777527,-0.1696979080191569,-0.12109375
7.060000282000146,-60.0,-60.29515223744846,0.29515223744846253,0.0,1500,idle,-0.1608146127256162,-0.03778350833777527,-0.1696979080191569,-0.12109375
7.0800002920000225,-60.0,-60.67668107808022,0.6766810780802217,0.0,1500,idle,-0.1608146127256162,-0.03778350833777527,-0.1696979080191569,-0.12109375
7.100000246000036,-60.0,-60.67668107808022,0.6766810780802217,0.0,1500,idle,-0.1608146127256162,-0.03778350833777527,-0.1696979080191569,-0.125
7.120000348999838,-60.0,-60.67668107808022,0.6766810780802217,0.0,1500,idle,-0.1608146127256162,-0.03778350833777527,-0.1696979080191569,-0.125
7.1400002479999785,-60.0,-61.07412185156211,1.0741218515621114,0.0,1500,idle,-0.1608146127256162,-0.03778350833777527,-0.1696979080191569,-0.125
7.160000294999918,-60.0,-61.07412185156211,1.0741218515621114,0.0,1500,idle,-0.1608146127256162,-0.03778350833777527,-0.1696979080191569,-0.125
7.180000415999984,-60.0,-61.4882123674802,1.4882123674802017,0.0,1500,idle,-0.1608146127256162,-0.03778350833777527,-0.1696979080191569,-0.125
7.200000481000188,-60.0,-61.4882123674802,1.4882123674802017,0.0,1500,idle,-0.1608146127256162,-0.03778350833777527,-0.1696979080191569,-0.12890625
7.220000361000075,-60.0,-61.4882123674802,1.4882123674802017,0.0,1500,idle,-0.1608146127256162,-0.03778350833777527,-0.1696979080191569,-0.12890625
7.24000075999993,-60.0,-61.91222633190495,1.9122263319049466,0.0,1500,idle,-0.1608146127256162,-0.03778350833777527,-0.1696979080191569,-0.130859375
7.260000380999827,-60.0,-61.91222633190495,1.9122263319049466,0.0,1500,idle,-0.1608146127256162,-0.03778350833777527,-0.1696979080191569,-0.130859375
7.280000354000094,-60.0,-62.33853295180117,2.33853295180117,0.0,1500,idle,-0.1608146127256162,-0.03778350833777527,-0.1696979080191569,-0.130859375
7.300000401000034,-60.0,-62.33853295180117,2.33853295180117,0.0,1500,idle,-0.1608146127256162,-0.03778350833777527,-0.1696979080191569,-0.1328125
7.320000392000111,-60.0,-62.33853295180117,2.33853295180117,0.0,1500,idle,-0.1608146127256162,-0.03778350833777527,-0.1696979080191569,-0.1328125
7.340000384000177,-60.0,-62.7775517965822,2.777551796582202,0.0,1500,idle,-0.1608146127256162,-0.03778350833777527,-0.1696979080191569,-0.130859375
7.360000246000254,-60.0,-62.7775517965822,2.777551796582202,0.0,1500,idle,-0.1608146127256162,-0.03778350833777527,-0.1696979080191569,-0.130859375
7.38000027399994,-60.0,-63.21337843639077,3.2133784363907694,0.0,1500,idle,-0.1608146127256162,-0.03778350833777527,-0.1696979080191569,-0.130859375
7.400000377000197,-60.0,-63.21337843639077,3.2133784363907694,0.0,1500,idle,-0.1608146127256162,-0.03778350833777527,-0.1696979080191569,-0.138671875
7.420000498000263,-60.0,-63.21337843639077,3.2133784363907694,0.0,1500,idle,-0.1608146127256162,-0.03778350833777527,-0.1696979080191569,-0.138671875
7.44000037800015,-60.0,-63.646600395164114,3.646600395164114,0.0,1500,idle,-0.1608146127256162,-0.03778350833777527,-0.1696979080191569,-0.1328125
7.460000406999825,-60.0,-63.646600395164114,3.646600395164114,0.0,1500,idle,-0.1608146127256162,-0.03778350833777527,-0.1696979080191569,-0.1328125
7.480000417000156,-60.0,-64.12777866581938,4.127778665819378,0.13213443848390344,1500,idle,0.10806499276819029,-0.036342641767532734,0.011808336792337226,-0.1328125
7.500000481999905,-60.0,-64.12777866581938,4.127778665819378,0.31678650078093396,1390,kick,0.10806499276819029,-0.034901775197290194,0.0855827097169349,-0.134765625
7.520000381000045,-60.0,-64.12777866581938,4.127778665819378,0.39077700369106805,1390,kick,0.10806499276819029,-0.033460908627047654,0.11509245888677395,-0.134765625
7.540000297999995,-60.0,-64.72093243164899,4.72093243164899,0.4331329820814917,1390,kick,0.12359372204468555,-0.03181299233311852,0.12572448355470958,-0.1328125
7.560000381999998,-60.0,-64.72093243164899,4.72093243164899,0.4440121941935167,1390,kick,0.12359372204468555,-0.030165076039189376,0.12997729342188383,-0.1328125
7.580000299999938,-60.0,-65.3004933669722,5.300493366972205,0.4637154070503843,1390,kick,0.13876659185067755,-0.028314854814513676,0.13167841736875352,-0.1328125
7.600000310000269,-60.0,-65.3004933669722,5.300493366972205,0.4627643766809553,1390,kick,0.13876659185067755,-0.026464633589837975,0.13118699194750139,-0.130859375
7.620000282000092,-60.0,-65.3004933669722,5.300493366972205,0.46255048444340463,1390,kick,0.13876659185067755,-0.024614412365162274,0.13099042177900055,-0.130859375
7.640000274000158,-60.0,-65.84358513439113,5.843585134391134,0.4651592428999543,1390,kick,0.15298470107358092,-0.022574616350847863,0.1262242937116002,-0.123046875
7.660000321000098,-60.0,-65.84358513439113,5.843585134391134,0.4606990842347011,1390,kick,0.15298470107358092,-0.02053482033653345,0.12431784248464009,-0.123046875
7.68000042299991,-60.0,-66.35954723854357,6.35954723854357,0.4726334744219539,1390,kick,0.1664925573730478,-0.01831491957155948,0.12355526199385602,-0.123046875
7.700000377999913,-60.0,-66.35954723854357,6.35954723854357,0.460485129045916,1390,kick,0.1664925573730478,-0.01609501880658551,0.11856272979754241,-0.115234375
7.720000331999927,-60.0,-66.35954723854357,6.35954723854357,0.45582558196434847,1365.0,run,0.1664925573730478,-0.01387511804161154,0.11656571691901696,-0.115234375
7.740000268000131,-60.0,-66.7204995889121,6.720499588912105,0.446052039056554,1340.0,run,0.17594226780816244,-0.011529221137502706,0.10873566176760678,-0.103515625
7.760000389000197,-60.0,-66.7204995889121,6.720499588912105,0.4385738684407601,1315.0,run,0.17594226780816244,-0.009183324233393873,0.1056036397070427,-0.103515625
7.780000399000073,-60.0,-67.0239301568151,7.023930156815098,0.44375341219485087,1290.0,run,0.18388606149981762,-0.0067315100800629715,0.10435083088281707,-0.103515625
7.800000465000267,-60.0,-67.0239301568151,7.023930156815098,0.4282199379936249,1288.6874204621038,run,0.18388606149981762,-0.00427969592673207,0.09799033235312682,-0.09375
7.820000400000026,-60.0,-67.0239301568151,7.023930156815098,0.42222721158693427,1290.6650201763116,run,0.18388606149981762,-0.0018278817734011677,0.09544613294125073,-0.09375
7.84000033600023,-60.0,-67.29275679446792,7.29275679446792,0.36557928744405144,1309.358835143463,run,0.19092392641597888,0.0007177705788118842,0.0698190781765003,-0.052734375
7.860000346000106,-60.0,-67.29275679446792,7.29275679446792,0.3403340805321329,1317.6897534243963,run,0.19092392641597888,0.003263422931024936,0.05956825627060012,-0.052734375
7.880000670999834,-60.0,-67.41616605458411,7.41616605458411,0.3337024150475306,1319.878203034315,run,0.19415477329069536,0.005852153241567541,0.05546792750824005,-0.052734375
7.900000385000112,-60.0,-67.41616605458411,7.41616605458411,0.23331070833175194,1344.878203034315,run,0.19415477329069536,0.008440883552110146,0.015155921003296022,0.01171875
7.920000320999861,-60.0,-67.41616605458411,7.41616605458411,0.1933870113733893,1366.1822862467816,run,0.19415477329069536,0.01102961386265275,-0.00096888159868159,0.01171875
7.940000386000065,-60.0,-67.36805445393432,7.36805445393432,0.08263844044085866,1391.1822862467816,run,0.19289521453108016,0.013601550056400485,-0.044918802639472635,0.07421875
7.960000285000206,-60.0,-67.36805445393432,7.36805445393432,0.03907430982912974,1500,idle,0.19289521453108016,0.016173486250148222,-0.062498771055789056,0.07421875
7.980000349999955,-60.0,-67.17936410802666,7.179364108026661,0.01693035033424356,1500,idle,0.18795531282685665,0.018679557087839645,-0.06953075842231562,0.07421875
8.00000035999983,-60.0,-67.17936410802666,7.179364108026661,-0.019022601406629286,1500,idle,0.18795531282685665,0.021185627925531067,-0.08406230336892624,0.09375
8.02000038899996,-60.0,-67.17936410802666,7.179364108026661,-0.033178235727586214,1500,idle,0.18795531282685665,0.02369169876322249,-0.0898749213475705,0.09375
8.040000527999837,-60.0,-66.94642940992603,6.946429409926026,-0.053514418148841364,1500,idle,0.18185709669086403,0.02611646005243401,-0.0957155935390282,0.099609375
8.060000242000115,-60.0,-66.94642940992603,6.946429409926026,-0.05899137614691735,1500,idle,0.18185709669086403,0.02854122134164553,-0.09805186241561129,0.099609375
8.08000025199999,-60.0,-66.70439589742261,6.704395897422614,-0.06731302621522586,1500,idle,0.17552067415083694,0.030881496996990023,-0.09898636996624452,0.099609375
8.100000335999994,-60.0,-66.70439589742261,6.704395897422614,-0.07375586741755738,1500,idle,0.17552067415083694,0.033221772652334516,-0.1017039229864978,0.103515625
8.120000290000007,-60.0,-66.70439589742261,6.704395897422614,-0.07612237908950897,1500,idle,0.17552067415083694,0.035562048307679006,-0.10279094419459911,0.103515625
8.140000299999883,-60.0,-66.45683071235757,6.456830712357572,-0.06870412532112782,1500,idle,0.16903943276179584,0.037815907411169615,-0.09736637767783965,0.09375
8.16000040300014,-60.0,-66.45683071235757,6.456830712357572,-0.0629414799388448,1500,idle,0.16903943276179584,0.040069766514660224,-0.09519655107113587,0.09375
8.180000245999963,-60.0,-66.23844483035472,6.238444830354723,-0.0661623381458922,1500,idle,0.1633221037405635,0.042247394564534406,-0.09432862042845434,0.09375
8.20000034900022,-60.0,-66.23844483035472,6.238444830354723,-0.053249013295729564,1500,idle,0.1633221037405635,0.04442502261440859,-0.08929394817138174,0.0859375
8.22000026600017,-60.0,-66.23844483035472,6.238444830354723,-0.0478876968311758,1500,idle,0.1633221037405635,0.04660265066428277,-0.08728007926855269,0.0859375
8.240000572000099,-60.0,-66.04542713948258,6.045427139482584,-0.03596204393399974,1500,idle,0.15826891241009036,0.04871290282975064,-0.08061515670742107,0.076171875
8.260000397000113,-60.0,-66.04542713948258,6.045427139482584,-0.028980583548047945,1500,idle,0.15826891241009036,0.05082315499521851,-0.07794918768296843,0.076171875
8.280000462999851,-60.0,-66.20000845118392,6.200008451183919,-0.021943053563361486,1500,idle,0.16231584168695026,0.052987366217711176,-0.07688280007318737,0.076171875
8.300000287999865,-60.0,-66.20000845118392,6.200008451183919,-4.422177020652063e-05,1500,idle,0.16231584168695026,0.055151577440203846,-0.06825312002927494,0.0625
8.320000316000005,-60.0,-66.20000845118392,6.200008451183919,0.008910089957079814,1500,idle,0.16231584168695026,0.057315788662696515,-0.06480124801170997,0.0625
8.340000289000272,-60.0,-66.56904195984275,6.56904195984275,0.04580469087177291,1500,idle,0.17197711635137566,0.05960881688071486,-0.05404549920468399,0.046875
8.360000392000074,-60.0,-66.56904195984275,6.56904195984275,0.05690439391150165,1500,idle,0.17197711635137566,0.0619018450987332,-0.049743199681873594,0.046875
8.380000309000025,-60.0,-66.75461361433811,6.754613614338112,0.06641861873009887,1500,idle,0.17683537090535179,0.06425965004413789,-0.048022279872749436,0.046875
8.400000375000218,-60.0,-66.75461361433811,6.754613614338112,0.09486039678103372,1500,idle,0.17683537090535179,0.06661745498954258,-0.03678703694909978,0.029296875
8.420000439999967,-60.0,-66.75461361433811,6.754613614338112,0.10644931044649408,1500,idle,0.17683537090535179,0.06897525993494727,-0.032292939779639915,0.029296875
8.440000302000044,-60.0,-66.87586538783982,6.8758653878398235,0.14084497859301004,1500,idle,0.18000973491258268,0.0713753897337817,-0.019948425911855965,0.01171875
8.460000386000047,-60.0,-66.87586538783982,6.8758653878398235,0.15354951193061914,1390,kick,0.18000973491258268,0.07377551953261613,-0.015010620364742386,0.01171875
8.480000322000251,-60.0,-66.92970692045752,6.9297069204575195,0.16025972411136147,1390,kick,0.18141930294033076,0.07619444357182054,-0.013035498145896954,0.01171875
8.500000295000063,-60.0,-66.92970692045752,6.9297069204575195,0.18603518493608756,1390,kick,0.18141930294033076,0.07861336761102494,-0.0028704492583587816,-0.00390625
8.520000231000267,-60.0,-66.92970692045752,6.9297069204575195,0.19656307242950638,1390,kick,0.18141930294033076,0.08103229165022935,0.0011955702966564873,-0.00390625
8.54000033400007,-60.0,-67.00165119113683,7.00165119113683,0.2233870066855562,1390,kick,0.18330279954228074,0.08347632897745975,0.011025103118662593,-0.017578125
8.560000306999882,-60.0,-67.00165119113683,7.00165119113683,0.23358314510664685,1390,kick,0.18330279954228074,0.08592036630469016,0.014956916247465035,-0.017578125
8.580000242000096,-60.0,-67.09019419581112,7.090194195811122,0.24020425037718007,1390,kick,0.18562084998404343,0.08839531097114407,0.016529641498986013,-0.017578125
8.600000530000216,-60.0,-67.09019419581112,7.090194195811122,0.25679665482866915,1390,kick,0.18562084998404343,0.09087025563759799,0.023018106599594405,-0.02734375
8.620000281000102,-60.0,-67.09019419581112,7.090194195811122,0.2636563616292456,1390,kick,0.18562084998404343,0.0933452003040519,0.02561349263983776,-0.02734375
8.640000346999841,-60.0,-67.18279325200973,7.182793252009731,0.2719817629670593,1390,kick,0.18804508760640093,0.09585246813880391,0.027823522055935107,-0.029296875
8.660000282000055,-60.0,-67.18279325200973,7.182793252009731,0.2745678825583694,1390,kick,0.18804508760640093,0.09835973597355592,0.028707533822374044,-0.029296875
8.680000311000185,-60.0,-67.28951277154302,7.289512771543016,0.27862748280900057,1365.0,run,0.1908389980944043,0.10090425594814798,0.02906113852894962,-0.029296875
8.700000321000061,-60.0,-67.28951277154302,7.289512771543016,0.2764330780117649,1340.0,run,0.1908389980944043,0.10344877592274003,0.02803070541157985,-0.02734375
8.720000368000001,-60.0,-67.28951277154302,7.289512771543016,0.27578432289058397,1338.9911734461073,run,0.1908389980944043,0.10599329589733208,0.02761853216463194,-0.02734375
8.740000377999877,-60.0,-67.3741212419771,7.374121241977093,0.2516061148052037,1346.9699821142829,run,0.19305404267063064,0.10856734979960717,0.016906787865852778,-0.009765625
8.760000610000134,-60.0,-67.3741212419771,7.374121241977093,0.24128047859176577,1350.3774420647173,run,0.19305404267063064,0.11114140370188225,0.012622090146341112,-0.009765625
8.780000323999957,-60.0,-67.41918272324413,7.419182723244134,0.23856395519214055,1351.2738947865937,run,0.19423374949153405,0.11373118702843603,0.010908211058536444,-0.009765625
8.800000500999886,-60.0,-67.41918272324413,7.419182723244134,0.22844948110331897,1354.6116712359049,run,0.19423374949153405,0.11632097035498981,0.006707034423414578,-0.00390625
8.82000032499991,-60.0,-67.41918272324413,7.419182723244134,0.22463677196718018,1355.8698652508306,run,0.19423374949153405,0.1189107536815436,0.005026563769365831,-0.00390625
8.840000316999976,-60.0,-67.41565527569277,7.415655275692771,0.19688504825444855,1365.027934076032,run,0.19414140113059,0.12149930569661813,-0.006192499492253667,0.013671875
8.860000493999905,-60.0,-67.41565527569277,7.415655275692771,0.18605426779509024,1368.6020916276202,run,0.19414140113059,0.12408785771169266,-0.010680124796901468,0.013671875
8.880001041000014,-60.0,-67.36522214114623,7.3652221411462335,0.18063194824504625,1370.3914570791349,run,0.19282106475568245,0.12665880524176842,-0.012475174918760587,0.013671875
8.900001125000017,-60.0,-67.36522214114623,7.3652221411462335,0.15285535275269851,1379.5577335916096,run,0.19282106475568245,0.1292297527718442,-0.023740069967504236,0.03125
8.920001041999967,-60.0,-67.36522214114623,7.3652221411462335,0.1419760998334662,1383.147887054956,run,0.19282106475568245,0.13180070030191998,-0.028246027987001696,0.03125
8.94000099699997,-60.0,-67.26746328048503,7.267463280485032,0.126502281814201,1388.2542470013136,run,0.19026174376837796,0.13433752355216502,-0.03356403619480068,0.037109375
8.960001062000174,-60.0,-67.26746328048503,7.267463280485032,0.12156479709393879,1389.8836169590002,run,0.19026174376837796,0.13687434680241006,-0.03569123947792027,0.037109375
8.98000070199987,-60.0,-67.15994947767372,7.15994947767372,0.11699778311320876,1391.390731572641,run,0.18744703899278198,0.13937364065564717,-0.036542120791168115,0.037109375
9.000001044999863,-60.0,-67.15994947767372,7.15994947767372,0.1223811708779465,1389.6142136102776,run,0.18744703899278198,0.14187293450888427,-0.03453872331646725,0.033203125
9.02000090699994,-60.0,-67.15994947767372,7.15994947767372,0.12475946243063293,1388.8293773978912,run,0.18744703899278198,0.14437222836212138,-0.0337373643265869,0.033203125
9.040001232000122,-60.0,-67.07634368032262,7.076343680322623,0.12081285575288853,1390.1317576015467,run,0.18525824433648427,0.14684233828660784,-0.034588695730634764,0.03515625
9.060000815999956,-60.0,-67.07634368032262,7.076343680322623,0.12033204083751364,1390.2904265236205,run,0.18525824433648427,0.1493124482110943,-0.03492922829225391,0.03515625
9.08000076999997,-60.0,-67.00176862677036,7.001768626770357,0.11840574968738725,1390.9261026031622,run,0.18330587399997705,0.15175652653109398,-0.03506544131690156,0.03515625
9.100000983999962,-60.0,-67.00176862677036,7.001768626770357,0.13621427341073955,1385.049289774456,run,0.18330587399997705,0.15420060485109366,-0.028088676526760625,0.0234375
9.120000753000113,-60.0,-67.00176862677036,7.001768626770357,0.14355764994888043,1382.6259755168694,run,0.18330587399997705,0.15664468317109334,-0.025297970610704247,0.0234375
9.140000800000053,-60.0,-66.95253558711843,6.952535587118433,0.16007190931297222,1377.1762699267192,run,0.18201695603594056,0.15907157591823923,-0.0183223132442817,0.013671875
9.160000699000193,-60.0,-66.95253558711843,6.952535587118433,0.16741160059146665,1374.754171804816,run,0.18201695603594056,0.16149846866538511,-0.01553205029771268,0.013671875
9.180001060999984,-60.0,-66.92255848650201,6.922558486502012,0.16977952919385242,1373.9727553660287,run,0.18123215737700332,0.16391489743041182,-0.014415945119085073,0.013671875
9.20000120099985,-60.0,-66.92255848650201,6.922558486502012,0.19176591118723402,1366.7172493082128,run,0.18123215737700332,0.16633132619543853,-0.0057663780476340295,0.0
9.220000951000202,-60.0,-66.92255848650201,6.922558486502012,0.2007779425734391,1363.7432789507652,run,0.18123215737700332,0.16874775496046523,-0.002306551219053612,0.0
9.240001350000057,-60.0,-66.90826941951057,6.9082694195105745,0.20715508614391748,1361.6388215725071,run,0.1808580704779454,0.17115919590017117,0.00024925451237855513,-0.001953125
9.260000823000155,-60.0,-66.90826941951057,6.9082694195105745,0.2100726080163055,1360.6760393546192,run,0.1808580704779454,0.1735706368398771,0.001271576804951422,-0.001953125
9.28000085199983,-60.0,-66.91758985937592,6.917589859375923,0.2117011430120011,1360.1386228060396,run,0.18110207902302208,0.17598533122685073,0.0016805057219805688,-0.001953125
9.300000955000087,-60.0,-66.91758985937592,6.917589859375923,0.21247227608707628,1359.8841488912649,run,0.18110207902302208,0.17840002561382434,0.0018440772887922275,-0.001953125
9.3200010569999,-60.0,-66.91758985937592,6.917589859375923,0.212998051811934,1359.7106429020619,run,0.18110207902302208,0.18081472000079796,0.001909505915516891,-0.001953125
9.340000974999839,-60.0,-66.92106764942508,6.921067649425083,0.21058722752394227,1360.506214917099,run,0.1811931273535985,0.1832306283655126,0.0007638023662067564,0.0
9.360000836999916,-60.0,-66.92106764942508,6.921067649425083,0.20980391022933934,1360.7647096243181,run,0.1811931273535985,0.18564653673022724,0.0003055209464827026,0.0
9.380001216999972,-60.0,-66.9136856941001,6.913685694100096,0.20951436940756127,1360.8602580955048,run,0.18099986821511427,0.18805986830642876,0.00012220837859308105,0.0
9.400000874999932,-60.0,-66.9136856941001,6.913685694100096,0.2067633690761019,1361.7680882048865,run,0.18099986821511427,0.19047319988263028,-0.0011229916485627676,0.001953125
9.420001088999925,-60.0,-66.9136856941001,6.913685694100096,0.20588016878537627,1362.0595443008258,run,0.18099986821511427,0.1928865314588318,-0.001621071659425107,0.001953125
9.440000746999885,-60.0,-66.8997879994479,6.899787999447895,0.19952014503417725,1364.1583521387215,run,0.1806360274199377,0.195295011824431,-0.004164053663770042,0.005859375
9.460000980000132,-60.0,-66.8997879994479,6.899787999447895,0.1973384350846722,1364.878316422058,run,0.1806360274199377,0.19770349219003017,-0.005181246465508016,0.005859375
9.480000879000272,-60.0,-66.87367115297059,6.873671152970587,0.1959974094209899,1365.3208548910734,run,0.17995228997803733,0.200102856056404,-0.005588123586203206,0.005859375
9.500000722000095,-60.0,-66.87367115297059,6.873671152970587,0.1900910618802508,1367.2699495795173,run,0.17995228997803733,0.2025022199227778,-0.008094624434481282,0.009765625
9.520000880000225,-60.0,-66.87367115297059,6.873671152970587,0.1879444656119288,1367.9783263480635,run,0.17995228997803733,0.20490158378915163,-0.009097224773792514,0.009765625
9.5400010379999,-60.0,-66.83929527567322,6.839295275673223,0.18054063657269648,1370.4215899310102,run,0.17905233161488648,0.20728894821068344,-0.011842014909517007,0.013671875
9.560000678000051,-60.0,-66.83929527567322,6.839295275673223,0.17815395110020177,1371.2091961369333,run,0.17905233161488648,0.20967631263221526,-0.012939930963806804,0.013671875
9.580000817999917,-60.0,-66.80153644618774,6.80153644618774,0.17642363881712184,1371.7801991903498,run,0.17806380777055525,0.21205049673582266,-0.013379097385522723,0.013671875
9.60000090199992,-60.0,-66.80153644618774,6.80153644618774,0.17927028751094704,1370.8408051213873,run,0.17806380777055525,0.21442468083943006,-0.012382888954209088,0.01171875
9.620000653000261,-60.0,-66.80153644618774,6.80153644618774,0.1806226235578018,1370.3945342259253,run,0.17806380777055525,0.21679886494303746,-0.011984405581683635,0.01171875
9.640000866000264,-60.0,-66.77551621468649,6.7755162146864905,0.18948372656199097,1367.470370234543,run,0.17738259970281336,0.2191639662724083,-0.008309387232673455,0.005859375
9.660000784000204,-60.0,-66.77551621468649,6.7755162146864905,0.19351351011040677,1366.1405416635657,run,0.17738259970281336,0.22152906760177915,-0.006839379893069382,0.005859375
9.680001053000069,-60.0,-66.74646598903959,6.746465989039592,0.19457622845418,1365.7898446101206,run,0.17662206657383483,0.2238840284894303,-0.006251376957227753,0.005859375
9.700001062999945,-60.0,-66.74646598903959,6.746465989039592,0.1955174755231693,1365.4792330773541,run,0.17662206657383483,0.22623898937708142,-0.006016175782891101,0.005859375
9.720000870000149,-60.0,-66.74646598903959,6.746465989039592,0.19610592083065362,1365.2850461258843,run,0.17662206657383483,0.22859395026473256,-0.0059220953131564405,0.005859375
9.740000880000025,-60.0,-66.73279325336222,6.7327932533622175,0.19912426564778235,1364.2889923362318,run,0.1762641151908472,0.23094413846727718,-0.0047125881252625765,0.00390625
9.760000666999986,-60.0,-66.73279325336222,6.7327932533622175,0.2006863010660579,1363.773520648201,run,0.1762641151908472,0.2332943266698218,-0.004228785250105031,0.00390625
9.780000659000052,-60.0,-66.7180181229692,6.718018122969198,0.20113504653842432,1363.62543464232,run,0.1758773031816927,0.23563935737891104,-0.004035264100042012,0.00390625
9.800000725000245,-60.0,-66.7180181229692,6.718018122969198,0.20753969729485072,1361.5118998926991,run,0.1758773031816927,0.23798438808800026,-0.001614105640016805,0.0
9.820000938000248,-60.0,-66.7180181229692,6.718018122969198,0.21031261036123933,1360.596838580791,run,0.1758773031816927,0.2403294187970895,-0.000645642256006722,0.0
9.840000689000135,-60.0,-66.7056761057382,6.705676105738206,0.2083793813695737,1361.2348041480407,run,0.17555418992616467,0.24267014132943834,-0.0014301319024026889,0.001953125
9.860000883999874,-60.0,-66.7056761057382,6.705676105738206,0.20794600010303008,1361.377819966,run,0.17555418992616467,0.2450108638617872,-0.0017439277609610756,0.001953125
9.88000074599995,-60.0,-66.69200081485167,6.692000814851667,0.20762457830956046,1361.4838891578452,run,0.17519617164795756,0.24734681281709328,-0.0018694461043844302,0.001953125
9.90000088600027,-60.0,-66.69200081485167,6.692000814851667,0.20784945230943302,1361.4096807378871,run,0.17519617164795756,0.24968276177239937,-0.0019196534417537721,0.001953125
9.920001303999925,-60.0,-66.69200081485167,6.692000814851667,0.20814963731535963,1361.3106196859312,run,0.17519617164795756,0.2520187107277055,-0.0019397363767015088,0.001953125
9.940001127999949,-60.0,-66.67832453450474,6.678324534504739,0.20519149895312383,1362.286805345469,run,0.17483812746573804,0.254349885760582,-0.0031196445506806035,0.00390625
9.960000842000227,-60.0,-66.67832453450474,6.678324534504739,0.2043612670340762,1362.5607818787548,run,0.17483812746573804,0.2566810607934585,-0.0035916078202722413,0.00390625
9.980000648999976,-60.0,-66.65882873824957,6.658828738249568,0.20372756046948512,1362.76990504507,run,0.17432772871331195,0.259005430509636,-0.0037803931281088967,0.00390625
10.000001233000148,0.0,-66.65882873824957,66.65882873824957,1.7304756180082088,1337.76990504507,run,1.7451240555082088,0.0,-0.005859375,0.009765625
10.020000891000109,0.0,-66.65882873824957,66.65882873824957,1.7246162430082088,1312.76990504507,run,1.7451240555082088,0.0,-0.008203125,0.009765625
10.040001105000101,0.0,-66.62835613178859,66.62835613178859,1.7244044095365956,1287.76990504507,run,1.7443262845365957,0.0,-0.00796875,0.0078125
10.060000892000062,0.0,-66.62835613178859,66.62835613178859,1.7246387845365956,1262.76990504507,run,1.7443262845365957,0.0,-0.007875,0.0078125
10.080000921000192,0.0,-66.59471593807076,66.59471593807076,1.7238518363245183,1237.76990504507,run,1.7434455863245184,0.0,-0.0078375,0.0078125
10.100000876000195,0.0,-66.59471593807076,66.59471593807076,1.7033815238245185,1212.76990504507,run,1.7434455863245184,0.0,-0.016025625,0.021484375
10.120000830000208,0.0,-66.59471593807076,66.59471593807076,1.6951933988245185,1187.76990504507,run,1.7434455863245184,0.0,-0.019300875000000002,0.021484375
10.140000728999894,0.0,-66.48874926224649,66.48874926224649,1.601253322738728,1162.76990504507,run,1.7406713852387279,0.0,-0.055767225,0.080078125
10.16000097999995,0.0,-66.48874926224649,66.48874926224649,1.5647869727387278,1137.76990504507,run,1.7406713852387279,0.0,-0.070353765,0.080078125
10.180001305000133,0.0,-66.1610562067415,66.1610562067415,1.5416214486070041,1112.76990504507,run,1.7320924011070042,0.0,-0.076188381,0.080078125
10.200000870000167,0.0,-66.1610562067415,66.1610562067415,1.342427457607004,1100.0,run,1.7320924011070042,0.0,-0.15586597740000002,0.208984375
10.220000751000043,0.0,-66.1610562067415,66.1610562067415,1.2627498612070043,1100.0,run,1.7320924011070042,0.0,-0.18773701596000003,0.208984375
10.240001149999898,0.0,-65.3837780079662,65.3837780079662,0.8677562894881041,1125.0,run,1.7117433054481042,0.0,-0.337594806384,0.4375
10.260001549000208,0.0,-65.3837780079662,65.3837780079662,0.7178984990641042,1150.0,run,1.7117433054481042,0.0,-0.3975379225536,0.4375
10.280000614000073,0.0,-63.87118774291906,63.87118774291906,0.17011367485647466,1175.0,run,1.6721437849100746,0.0,-0.60081204402144,0.736328125
10.300000846999865,0.0,-63.87118774291906,63.87118774291906,-0.033160446611365524,1500,idle,1.6721437849100746,0.0,-0.682121692608576,0.736328125
10.320000912000069,0.0,-63.87118774291906,63.87118774291906,-0.11447009519850138,1500,idle,1.6721437849100746,0.0,-0.7146455520434304,0.736328125
10.340000755999881,0.0,-61.51642928650878,61.51642928650878,-0.6275866993636638,1500,dwell,1.6104963526797667,0.0,-0.8952332208173721,1.015625
10.360000746999958,0.0,-61.51642928650878,61.51642928650878,-0.8081743681376055,1500,dwell,1.6104963526797667,0.0,-0.9674682883269489,1.015625
10.380000720000226,0.0,-58.448181614361886,58.448181614361886,-0.9607359718656046,1500,dwell,1.5301698164613442,0.0,-0.9963623153307796,1.015625
10.400000694000028,0.0,-58.448181614361886,58.448181614361886,-1.2152159363694355,1500,dwell,1.5301698164613442,0.0,-1.0981543011323118,1.166015625
10.420000962999893,0.0,-58.448181614361886,58.448181614361886,-1.3170079221709674,1500,dwell,1.5301698164613442,0.0,-1.1388710954529246,1.166015625
10.440001009999833,0.0,-55.119290026396556,55.119290026396556,-1.4360858319694865,1500,dwell,1.4430196384834382,0.0,-1.1516421881811698,1.16015625
10.460000928000227,0.0,-55.119290026396556,55.119290026396556,-1.4488569246977319,1500,dwell,1.4430196384834382,0.0,-1.156750625272468,1.16015625
10.480000826999913,0.0,-51.811032884601985,51.811032884601985,-1.5347159562294284,1500,dwell,1.3564096690430398,0.0,-1.1564502501089873,1.15625
10.500000763000116,0.0,-51.811032884601985,51.811032884601985,-1.5344155810659474,1645,kick,1.3564096690430398,0.0,-1.1563301000435948,1.15625
10.520000957999855,0.0,-51.811032884601985,51.811032884601985,-1.5342954310005545,1645,kick,1.3564096690430398,0.0,-1.1562820400174378,1.15625
10.540001061000112,0.0,-48.51540920448903,48.51540920448903,-1.6058781596613934,1645,kick,1.270130442856045,0.0,-1.1504034410069752,1.146484375
10.560001052000189,0.0,-48.51540920448903,48.51540920448903,-1.5999995606509307,1645,kick,1.270130442856045,0.0,-1.1480520014027902,1.146484375
10.580000914000266,0.0,-45.25103105243937,45.25103105243937,-1.6362343412218974,1645,kick,1.1846692226808928,0.0,-1.128361425561116,1.115234375
10.600000998000269,0.0,-45.25103105243937,45.25103105243937,-1.6165437653802233,1645,kick,1.1846692226808928,0.0,-1.1204851952244463,1.115234375
10.620000786000219,0.0,-45.25103105243937,45.25103105243937,-1.608667535043553,1645,kick,1.1846692226808928,0.0,-1.1173347030897784,1.115234375
10.640000647999841,0.0,-42.09835624013061,42.09835624013061,-1.6294601264881083,1645,kick,1.1021323891016697,0.0,-1.0926370062359112,1.076171875
10.660000825000225,0.0,-42.09835624013061,42.09835624013061,-1.6047624296342415,1645,kick,1.1021323891016697,0.0,-1.0827579274943644,1.076171875
10.68000096500009,0.0,-39.05522500766173,39.05522500766173,-1.6100992152579772,1645,kick,1.0224633997363872,0.0,-1.0530250459977457,1.033203125
10.700000937999903,0.0,-39.05522500766173,39.05522500766173,-1.5803663337613587,1645,kick,1.0224633997363872,0.0,-1.0411318933990983,1.033203125
10.720000762999916,0.0,-39.05522500766173,39.05522500766173,-1.5684731811627106,1670.0,run,1.0224633997363872,0.0,-1.0363746323596392,1.033203125
10.74000082800012,0.0,-36.13725684116264,36.13725684116264,-1.5961628355839395,1695.0,run,0.9460711717757003,0.0,-1.0168936029438558,1.00390625
10.76000076399987,0.0,-36.13725684116264,36.13725684116264,-1.5766818061681556,1720.0,run,0.9460711717757003,0.0,-1.0091011911775423,1.00390625
10.780000718999872,0.0,-33.28822141941802,33.28822141941802,-1.5790238423249254,1745.0,run,0.8714835988526171,0.0,-0.980202976471017,0.9609375
10.80000095100013,0.0,-33.28822141941802,33.28822141941802,-1.5501256276184001,1770.0,run,0.8714835988526171,0.0,-0.9686436905884068,0.9609375
10.820000906000132,0.0,-33.28822141941802,33.28822141941802,-1.53856634173579,1795.0,run,0.8714835988526171,0.0,-0.9640199762353627,0.9609375
10.84000063800022,0.0,-30.57747003727374,30.57747003727374,-1.5287380576148522,1820.0,run,0.8005162936205101,0.0,-0.931701740494145,0.91015625
10.860000666999895,0.0,-30.57747003727374,30.57747003727374,-1.4964198218736344,1845.0,run,0.8005162936205101,0.0,-0.9187744461976579,0.91015625
10.880000677000226,0.0,-28.027490339529493,28.027490339529493,-1.4477117774541184,1870.0,run,0.7337579812435396,0.0,-0.8725879034790631,0.841796875
10.9000008349999,0.0,-28.027490339529493,28.027490339529493,-1.4015252347355234,1895.0,run,0.7337579812435396,0.0,-0.8541132863916252,0.841796875
10.92000075299984,0.0,-28.027490339529493,28.027490339529493,-1.3830506176480855,1900.0,run,0.7337579812435396,0.0,-0.8467234395566501,0.841796875
10.940000966999833,0.0,-25.672096092265917,25.672096092265917,-1.2966998480090348,1900.0,run,0.6720939040476154,0.0,-0.78751750082266,0.748046875
10.960001124999962,0.0,-25.672096092265917,25.672096092265917,-1.2374939092750448,1900.0,run,0.6720939040476154,0.0,-0.7638351253290641,0.748046875
10.98000083900024,0.0,-23.61773732911979,23.61773732911979,-1.115250770432596,1900.0,run,0.6183109173964679,0.0,-0.6934246751316256,0.646484375
11.000001071000042,0.0,-23.61773732911979,23.61773732911979,-1.0448403202351577,1900.0,run,0.6183109173964679,0.0,-0.6652604950526503,0.646484375
11.020001007000246,0.0,-23.61773732911979,23.61773732911979,-1.0166761401561826,1900.0,run,0.6183109173964679,0.0,-0.6539948230210602,0.646484375
11.040000980000059,0.0,-21.86738465441772,21.86738465441772,-0.8783830314915528,1875.0,run,0.5724867915295073,0.0,-0.580347929208424,0.53125
11.060000768000009,0.0,-21.86738465441772,21.86738465441772,-0.8047361376789166,1850.0,run,0.5724867915295073,0.0,-0.5508891716833696,0.53125
11.080001073999938,0.0,-20.42149279636112,20.42149279636112,-0.6432088654801613,1825.0,run,0.5346334312032082,0.0,-0.47113691867334784,0.41796875
11.100000881000142,0.0,-20.42149279636112,20.42149279636112,-0.5634566124701397,1800.0,run,0.5346334312032082,0.0,-0.43923601746933916,0.41796875
11.120000872000219,0.0,-20.42149279636112,20.42149279636112,-0.5315557112661311,1775.0,run,0.5346334312032082,0.0,-0.4264756569877357,0.41796875
11.140000716000031,0.0,-19.286282363965114,19.286282363965114,-0.40496040290697577,1750.0,run,0.5049136915807599,0.0,-0.36394963779509426,0.322265625
11.160001059000024,0.0,-19.286282363965114,19.286282363965114,-0.34243438371433443,1725.0,run,0.5049136915807599,0.0,-0.3389392301180377,0.322265625
11.180001014000027,0.0,-18.41663016628064,18.41663016628064,-0.2347226673324757,1700.0,run,0.4821462502855619,0.0,-0.28674756704721505,0.251953125
11.200000764999913,0.0,-18.41663016628064,18.41663016628064,-0.18253100426165314,1675.0,run,0.4821462502855619,0.0,-0.265870901818886,0.251953125
11.22000075599999,0.0,-18.41663016628064,18.41663016628064,-0.16165433903332405,1650.0,run,0.4821462502855619,0.0,-0.2575202357275544,0.251953125
11.240000969999983,0.0,-17.722494134854685,17.722494134854685,-0.09237454924965705,1625.0,run,0.4639738114778973,0.0,-0.22253934429102173,0.19921875
11.260000850999859,0.0,-17.722494134854685,17.722494134854685,-0.057393657813124443,1500,idle,0.4639738114778973,0.0,-0.20854698771640867,0.19921875
11.280000824000126,0.0,-17.160557561296116,17.160557561296116,0.0004809836675301882,1500,idle,0.4492623463839388,0.0,-0.17951254508656345,0.16015625
11.300000982000256,0.0,-17.160557561296116,17.160557561296116,0.029515426297375358,1500,idle,0.4492623463839388,0.0,-0.1678987680346254,0.16015625
11.320001122000122,0.0,-17.160557561296116,17.160557561296116,0.04112920334931347,1500,idle,0.4492623463839388,0.0,-0.16325325721385014,0.16015625
11.340001002999998,0.0,-16.687848624029982,16.687848624029982,0.05683672313174265,1500,idle,0.43688685534559274,0.0,-0.15202005288554005,0.14453125
11.360000789999958,0.0,-16.687848624029982,16.687848624029982,0.06806992746005264,1500,idle,0.43688685534559274,0.0,-0.14752677115421603,0.14453125
11.380001208000067,0.0,-16.261237477360254,16.261237477360254,0.09362111798873396,1500,idle,0.42571820164294993,0.0,-0.1328388334616864,0.123046875
11.40000118099988,0.0,-16.261237477360254,16.261237477360254,0.10830905568126359,1500,idle,0.42571820164294993,0.0,-0.12696365838467455,0.123046875
11.420001025000147,0.0,-15.880924228510992,15.880924228510992,0.10422765318621113,1500,idle,0.4157616240708857,0.0,-0.12461358835386982,0.123046875
11.44000112699996,0.0,-15.880924228510992,15.880924228510992,0.13880428571701586,1500,idle,0.4157616240708857,0.0,-0.11078293534154793,0.1015625
11.460001044999899,0.0,-15.880924228510992,15.880924228510992,0.15263493872933775,1500,idle,0.4157616240708857,0.0,-0.10525067413661918,0.1015625
11.480001203000029,0.0,-15.580551929098107,15.580551929098107,0.19131909652445492,1500,idle,0.4078978956610741,0.0,-0.08663151965464767,0.07421875
11.500000953999916,0.0,-15.580551929098107,15.580551929098107,0.20993825100642638,1500,idle,0.4078978956610741,0.0,-0.07918385786185908,0.07421875
11.520001020000109,0.0,-15.360336420018541,15.360336420018541,0.2116206842531242,1500,idle,0.40213266711498324,0.0,-0.07620479314474363,0.07421875
11.540000825999869,0.0,-15.360336420018541,15.360336420018541,0.2526856864702396,1500,idle,0.40213266711498324,0.0,-0.05977879225789745,0.048828125
11.560000650999882,0.0,-15.360336420018541,15.360336420018541,0.2691116873570858,1500,idle,0.40213266711498324,0.0,-0.053208391903158986,0.048828125
11.580000828000266,0.0,-15.198372968947467,15.198372968947467,0.30659814447819983,1500,idle,0.39789247388135884,0.0,-0.0365177317612636,0.025390625
11.600000672000078,0.0,-15.198372968947467,15.198372968947467,0.32328880462009524,1500,idle,0.39789247388135884,0.0,-0.02984146770450544,0.025390625
11.620000793000145,0.0,-15.100605191592848,15.100605191592848,0.327405514251061,1500,idle,0.3953329194555665,0.0,-0.027170962081802176,0.025390625
11.640001024999947,0.0,-15.100605191592848,15.100605191592848,0.3593728948737643,1500,dwell,0.3953329194555665,0.0,-0.014384009832720871,0.005859375
11.66000072099996,0.0,-15.100605191592848,15.100605191592848,0.3721598471228456,1500,dwell,0.3953329194555665,0.0,-0.009269228933088349,0.005859375
11.680000674999974,0.0,-15.068050483072199,15.068050483072199,0.4115785977464096,1500,dwell,0.39448063917949794,0.0,0.006839183426764659,-0.017578125
11.70000105600002,0.0,-15.068050483072199,15.068050483072199,0.4276870101062626,1500,dwell,0.39448063917949794,0.0,0.013282548370705863,-0.017578125
11.720000935999906,0.0,-15.096161265626051,15.096161265626051,0.4348663136165192,1500,dwell,0.3952165777458133,0.0,0.015859894348282347,-0.017578125
11.740000853999845,0.0,-15.096161265626051,15.096161265626051,0.46381084709409565,1500,dwell,0.3952165777458133,0.0,0.027437707739312936,-0.03515625
11.760000957000102,0.0,-15.096161265626051,15.096161265626051,0.47538866048512624,1500,dwell,0.3952165777458133,0.0,0.03206883309572517,-0.03515625
11.780001004000042,0.0,-14.128491286171453,14.128491286171453,0.47519405752025556,1500,dwell,0.3698830369245304,0.0,0.04212440823829007,-0.048828125
11.800000940000245,0.0,-14.128491286171453,14.128491286171453,0.48524963266282045,1390,kick,0.3698830369245304,0.0,0.046146638295316025,-0.048828125
11.820000838999931,0.0,-13.653537195837885,13.653537195837885,0.47683759371164336,1390,kick,0.35744876791632735,0.0,0.04775553031812641,-0.048828125
11.840000812000198,0.0,-13.653537195837885,13.653537195837885,0.49016523573445375,1390,kick,0.35744876791632735,0.0,0.05308658712725056,-0.056640625
11.860000618999948,0.0,-13.653537195837885,13.653537195837885,0.4954962925435779,1390,kick,0.35744876791632735,0.0,0.055219009850900225,-0.056640625
11.880000722000204,0.0,-13.394240251610938,13.394240251610938,0.5113481496415471,1390,kick,0.3506603897906469,0.0,0.0642751039403601,-0.0703125
11.90000087999988,0.0,-13.394240251610938,13.394240251610938,0.520404243731007,1390,kick,0.3506603897906469,0.0,0.06789754157614403,-0.0703125
11.92000090900001,0.0,-13.237287754078324,13.237287754078324,0.5199176745900324,1390,kick,0.3465513830138883,0.0,0.0693465166304576,-0.0703125
11.940001030000076,0.0,-13.237287754078324,13.237287754078324,0.5242963371443459,1390,kick,0.3465513830138883,0.0,0.07109798165218303,-0.072265625
11.9600007250001,0.0,-13.237287754078324,13.237287754078324,0.5260478021660714,1390,kick,0.3465513830138883,0.0,0.07179856766087321,-0.072265625
11.98000088400022,0.0,-13.135769160006987,13.135769160006987,0.5182312625969508,1390,kick,0.3438936324360777,0.0,0.06973505206434928,-0.068359375
12.000001300999884,0.0,-13.135769160006987,13.135769160006987,0.516167747000427,1390,kick,0.3438936324360777,0.0,0.06890964582573972,-0.068359375
12.020000663000246,0.0,-13.08479865105565,13.08479865105565,0.5140079359578902,1365.0,run,0.3425592276321505,0.0,0.06857948333029588,-0.068359375
12.040000933000101,0.0,-13.08479865105565,13.08479865105565,0.5166074609624465,1340.0,run,0.3425592276321505,0.0,0.06961929333211836,-0.0703125
12.060000961000242,0.0,-13.08479865105565,13.08479865105565,0.5176472709642689,1315.0,run,0.3425592276321505,0.0,0.07003521733284734,-0.0703125
12.080000916000245,0.0,-13.064494028900924,13.064494028900924,0.5116722462000378,1290.0,run,0.34202765386719053,0.0,0.06785783693313893,-0.06640625
12.10000068499994,0.0,-13.064494028900924,13.064494028900924,0.5094948658003294,1265.0,run,0.34202765386719053,0.0,0.06698688477325557,-0.06640625
12.12000084400006,0.0,-13.031228475695968,13.031228475695968,0.5077530234940604,1262.44150224696,run,0.3411567637208048,0.0,0.06663850390930223,-0.06640625
12.14000063200001,0.0,-13.031228475695968,13.031228475695968,0.472248392630107,1274.1580304320646,run,0.3411567637208048,0.0,0.05243665156372089,-0.04296875
12.16000080799995,0.0,-13.031228475695968,13.031228475695968,0.4580465402845256,1278.8446417061066,run,0.3411567637208048,0.0,0.04675591062548835,-0.04296875
12.180000967000069,0.0,-12.933721984847068,12.933721984847068,0.3531333978852246,1303.8446417061066,run,0.33860404975973624,0.0,0.005811739250195343,0.021484375
12.200001218000125,0.0,-12.933721984847068,12.933721984847068,0.3121892265099316,1326.9775552517226,run,0.33860404975973624,0.0,-0.010565929299921862,0.021484375
12.220000727999832,0.0,-12.64483934495172,12.64483934495172,0.28824862813277397,1334.8779527161846,run,0.3310411199326958,0.0,-0.017116996719968743,0.021484375
12.240001441999993,0.0,-12.64483934495172,12.64483934495172,0.16451006071272709,1359.8779527161846,run,0.3310411199326958,0.0,-0.06661242368798749,0.099609375
12.260001044000091,0.0,-12.64483934495172,12.64483934495172,0.1150146337447083,1384.8779527161846,run,0.3310411199326958,0.0,-0.086410594475195,0.099609375
12.280000794999978,0.0,-12.16297472867575,12.16297472867575,-0.005289348196811261,1500,idle,0.3184259337783837,0.0,-0.129486112790078,0.158203125
12.300000805999844,0.0,-12.16297472867575,12.16297472867575,-0.048364866511694304,1500,idle,0.3184259337783837,0.0,-0.1467163201160312,0.158203125
12.320000704999984,0.0,-11.64344541465195,11.64344541465195,-0.0791963194731618,1500,idle,0.3048246881428694,0.0,-0.1536084030464125,0.158203125
12.340000993000103,0.0,-11.64344541465195,11.64344541465195,-0.10073683990354315,1500,idle,0.3048246881428694,0.0,-0.16222461121856502,0.16796875
12.360000910000053,0.0,-11.64344541465195,11.64344541465195,-0.10935304807569562,1500,idle,0.3048246881428694,0.0,-0.165671094487426,0.16796875
12.380000623999877,0.0,-11.144453955062119,11.144453955062119,-0.13465215970831879,1500,idle,0.2917611222791072,0.0,-0.1705653127949704,0.173828125
12.400001079000049,0.0,-11.144453955062119,11.144453955062119,-0.13954637801586317,1500,idle,0.2917611222791072,0.0,-0.17252300011798816,0.173828125
12.420001034000052,0.0,-10.642393411052922,10.642393411052922,-0.1546479796448525,1500,idle,0.27861720797313566,0.0,-0.17330607504719525,0.173828125
12.440000876999875,0.0,-10.642393411052922,10.642393411052922,-0.1612904295740596,1500,idle,0.27861720797313566,0.0,-0.1759630550188781,0.177734375
12.460000758000206,0.0,-10.642393411052922,10.642393411052922,-0.16394740954574244,1500,idle,0.27861720797313566,0.0,-0.17702584700755125,0.177734375
12.480001101000198,0.0,-10.13837309854145,10.13837309854145,-0.16355698495979953,1500,idle,0.2654219870477517,0.0,-0.1715915888030205,0.16796875
12.500000723000085,0.0,-10.13837309854145,10.13837309854145,-0.15812272675526878,1500,idle,0.2654219870477517,0.0,-0.1694178855212082,0.16796875
12.520000954999887,0.0,-9.670843961174768,9.670843961174768,-0.1676825434618353,1500,idle,0.25318210285366555,0.0033757613713822072,-0.16854840420848327,0.16796875
12.540000742999837,0.0,-9.670843961174768,9.670843961174768,-0.15165826044340308,1500,idle,0.25318210285366555,0.0067515227427644145,-0.16234123668339331,0.158203125
12.560000587000104,0.0,-9.670843961174768,9.670843961174768,-0.14494472871260572,1500,idle,0.25318210285366555,0.010127284114146621,-0.15985836967335731,0.158203125
12.580000875000223,0.0,-9.229365658091695,9.229365658091695,-0.1359583631941328,1500,idle,0.24162422790628996,0.013348940486230487,-0.15183397286934291,0.146484375
12.600001069999962,0.0,-9.229365658091695,9.229365658091695,-0.12745071793430582,1500,idle,0.24162422790628996,0.016570596858314354,-0.14862421414773716,0.146484375
12.620001006000166,0.0,-8.82404410889015,8.82404410889015,-0.1343902266878528,1500,idle,0.23101293456201322,0.019650769319141198,-0.14734031065909486,0.146484375
12.640000719999989,0.0,-8.82404410889015,8.82404410889015,-0.10920679733008651,1500,idle,0.23101293456201322,0.02273094177996804,-0.13745174926363796,0.130859375
12.660001063999971,0.0,-8.82404410889015,8.82404410889015,-0.09885621006550557,1500,idle,0.23101293456201322,0.02581111424079488,-0.1334963247054552,0.130859375
12.680001055000048,0.0,-8.461234320180296,8.461234320180296,-0.08051859437149095,1500,idle,0.22151459650483535,0.028764642194192686,-0.12253915488218207,0.115234375
12.700000768999871,0.0,-8.461234320180296,8.461234320180296,-0.06911839535520817,1500,idle,0.22151459650483535,0.03171817014759049,-0.11815628695287284,0.115234375
12.72000103900018,0.0,-8.15490286126763,8.15490286126763,-0.07232827655126622,1500,idle,0.21349485766413975,0.03456476824977902,-0.11640313978114913,0.115234375
12.74000084499994,0.0,-8.15490286126763,8.15490286126763,-0.03792157716421424,1500,idle,0.21349485766413975,0.03741136635196755,-0.10281125591245965,0.09375
12.760000726000271,0.0,-8.15490286126763,8.15490286126763,-0.02390270358019647,1500,idle,0.21349485766413975,0.040257964454156074,-0.09737450236498385,0.09375
12.780001051,0.0,-7.8998045629640785,7.8998045629640785,0.007495787434495221,1500,idle,0.20681639983169228,0.04301551645191197,-0.08230917594599355,0.072265625
12.800000746000023,0.0,-7.8998045629640785,7.8998045629640785,0.022974746653148914,1500,idle,0.20681639983169228,0.045773068449667866,-0.07628304537839742,0.072265625
12.820000848999825,0.0,-7.697489576087179,7.697489576087179,0.02410732286177053,1500,idle,0.20151980586099577,0.04845999919448114,-0.07387259315135897,0.072265625
12.840000673999839,0.0,-7.697489576087179,7.697489576087179,0.050358314700530954,1500,idle,0.20151980586099577,0.05114692993929442,-0.06353341226054358,0.056640625
12.86000068500016,0.0,-7.697489576087179,7.697489576087179,0.06110053520306835,1500,idle,0.20151980586099577,0.0538338606841077,-0.05939773990421743,0.056640625
12.880000824000035,0.0,-7.555300639625557,7.555300639625557,0.09413586702406651,1500,idle,0.1977973082092493,0.05647115812689769,-0.04485284596168697,0.03515625
12.900001000999964,0.0,-7.555300639625557,7.555300639625557,0.10907635558301548,1500,idle,0.1977973082092493,0.059108455569687676,-0.03903488838467478,0.03515625
12.920000771000105,0.0,-7.465321426158965,7.465321426158965,0.11292954617582587,1500,idle,0.19544165790922904,0.06171434434181073,-0.03670770535386991,0.03515625
12.940000965999843,0.0,-7.465321426158965,7.465321426158965,0.1537335500224492,1390,kick,0.19544165790922904,0.06432023311393378,-0.020542457141547968,0.009765625
12.96000108699991,0.0,-7.465321426158965,7.465321426158965,0.1702896815505896,1390,kick,0.19544165790922904,0.06692612188605684,-0.014076357856619188,0.009765625
12.98000096800024,0.0,-7.44789986882347,7.44789986882347,0.20012715665623376,1390,kick,0.19498556260473496,0.0695259293874533,-0.002114918142647676,-0.005859375
13.000000812000053,0.0,-7.44789986882347,7.44789986882347,0.21247856749541474,1390,kick,0.19498556260473496,0.07212573688884977,0.002669657742940929,-0.005859375
13.020000654999876,0.0,-7.474188438459379,7.474188438459379,0.2183427241161798,1390,kick,0.1956737957484146,0.07473472083216197,0.004583488097176371,-0.005859375
13.040001184000175,0.0,-7.474188438459379,7.474188438459379,0.2440854020619121,1390,kick,0.1956737957484146,0.07734370477547417,0.014724020238870547,-0.021484375
13.060001026999998,0.0,-7.474188438459379,7.474188438459379,0.2546172817951031,1390,kick,0.1956737957484146,0.07995268871878637,0.01878023309554822,-0.021484375
13.080001037999864,0.0,-7.538722373232446,7.538722373232446,0.2695467781937867,1390,kick,0.1973632902100005,0.08258419925491971,0.02391834323821929,-0.02734375
13.10000089999994,0.0,-7.538722373232446,7.538722373232446,0.27507961491687777,1390,kick,0.1973632902100005,0.08521570979105304,0.025973587295287717,-0.02734375
13.120000650999827,0.0,-7.596780206769438,7.596780206769438,0.27905257598311456,1390,kick,0.19888324073769348,0.08786748633422228,0.026795684918115088,-0.02734375
13.140000771999894,0.0,-7.596780206769438,7.596780206769438,0.2861318150874173,1390,kick,0.19888324073769348,0.09051926287739152,0.029468273967246036,-0.03125
13.16000087500015,0.0,-7.596780206769438,7.596780206769438,0.2892021706180236,1365.0,run,0.19888324073769348,0.09317103942056076,0.030537309586898414,-0.03125
13.180000700000164,0.0,-7.659916037894476,7.659916037894476,0.28646579569721126,1340.0,run,0.20053613293136602,0.0958448545263123,0.028621173834759366,-0.02734375
13.20000084000003,0.0,-7.659916037894476,7.659916037894476,0.284950732210935,1335.9662583703914,run,0.20053613293136602,0.09851866963206385,0.027854719533903748,-0.02734375
13.220000776000234,0.0,-7.735195050908203,7.735195050908203,0.2865600917279581,1335.4351697297739,run,0.20250693288347782,0.10121876207051023,0.0275481378135615,-0.02734375
13.240001175000089,0.0,-7.735195050908203,7.735195050908203,0.2837288363733828,1336.3694839967836,run,0.20250693288347782,0.1039188545089566,0.0262536301254246,-0.025390625
13.260000981999838,0.0,-7.735195050908203,7.735195050908203,0.28283934255101284,1336.6630169581658,run,0.20250693288347782,0.10661894694740298,0.025735827050169843,-0.025390625
13.280000750999989,0.0,-7.768075481207916,7.768075481207916,0.2542922076091334,1346.0835714889859,run,0.20336774053578155,0.1093305168212134,0.013809955820067938,-0.005859375
13.300000687000193,0.0,-7.768075481207916,7.768075481207916,0.24277307186010305,1349.884886286166,run,0.20336774053578155,0.11204208669502383,0.009039607328027175,-0.005859375
13.320000789999995,0.0,-7.724844655262871,7.724844655262871,0.2372754149117341,1351.6991130791278,run,0.2022359601591351,0.1147385661638123,0.0071314679312108695,-0.005859375
13.340000689000135,0.0,-7.724844655262871,7.724844655262871,0.20647487243523607,1361.863292096372,run,0.2022359601591351,0.11743504563260077,-0.005350537827515652,0.013671875
13.360000940000191,0.0,-7.724844655262871,7.724844655262871,0.1943973385968278,1365.8488782630468,run,0.2022359601591351,0.12013152510138923,-0.010343340131006261,0.013671875
13.380000691000077,0.0,-7.627788229657654,7.627788229657654,0.14917705757055244,1380.7715710017178,run,0.19969502887859314,0.12279412548643714,-0.027574836052402504,0.0390625
13.40000103500006,0.0,-7.627788229657654,7.627788229657654,0.1323449517069134,1386.3261659367186,run,0.19969502887859314,0.12545672587148504,-0.034467434420961,0.0390625
13.420000878999872,0.0,-7.488122370224346,7.488122370224346,0.12218798685920466,1389.6779643364625,run,0.19603858522898493,0.12807057367453817,-0.0372244737683844,0.0390625
13.440000982000129,0.0,-7.488122370224346,7.488122370224346,0.11982302468223924,1390.458401854861,run,0.19603858522898493,0.1306844214775913,-0.03832728950735376,0.0390625
13.460000992000005,0.0,-7.488122370224346,7.488122370224346,0.11911228611372784,1390.6929455824697,run,0.19603858522898493,0.13329826928064442,-0.038768415802941505,0.0390625
13.480001058000198,0.0,-7.330607086880349,7.330607086880349,0.12372031153280161,1389.1722971941754,run,0.19191484475413817,0.13585713387736625,-0.0354292413211766,0.033203125
13.500000938000085,0.0,-7.330607086880349,7.330607086880349,0.1274433157040748,1387.9437058176554,run,0.19191484475413817,0.1384159984740881,-0.03409357152847064,0.033203125
13.520000911999887,0.0,-7.219847220956865,7.219847220956865,0.1262573293041223,1388.3350813296397,run,0.18901515824498977,0.1409362005840213,-0.03355930361138826,0.033203125
13.540000922000218,0.0,-7.219847220956865,7.219847220956865,0.12131025253769467,1389.9676166625607,run,0.18901515824498977,0.1434564026939545,-0.035689346444555306,0.037109375
13.56000089500003,0.0,-7.219847220956865,7.219847220956865,0.1195582400210176,1390.5457807930643,run,0.18901515824498977,0.1459766048038877,-0.036541363577822124,0.037109375
13.58000092400016,0.0,-7.111651682431216,7.111651682431216,0.15140228552422963,1380.0372457770043,run,0.18618260567012834,0.14845903954615608,-0.022819670431128848,0.013671875
13.600000767999973,0.0,-7.111651682431216,7.111651682431216,0.16549634388226314,1375.3862065188532,run,0.18618260567012834,0.15094147428842447,-0.017330993172451542,0.013671875
13.620001537000007,0.0,-7.038915473186023,7.038915473186023,0.16944934838814826,1374.081715031911,run,0.1842783761650061,0.1533985193039579,-0.015135522268980618,0.013671875
13.640000825000243,0.0,-7.038915473186023,7.038915473186023,0.18666181354394917,1368.4016015304967,run,0.1842783761650061,0.15585556431949132,-0.008397958907592247,0.00390625
13.660001075999844,0.0,-7.038915473186023,7.038915473186023,0.1937679336576676,1366.0565818929697,run,0.1842783761650061,0.15831260933502475,-0.005702933563036899,0.00390625
13.680001049000111,0.0,-6.977045066916958,6.977045066916958,0.1864194502792435,1368.4815814078497,run,0.1826586127165935,0.16074805750457932,-0.00814054842521476,0.009765625
13.70000096700005,0.0,-6.977045066916958,6.977045066916958,0.18434715264249885,1369.1654396279755,run,0.1826586127165935,0.1631835056741339,-0.009115594370085904,0.009765625
13.720000959000117,0.0,-6.954516880048999,6.954516880048999,0.18314645779692917,1369.5616689270134,run,0.18206882616356787,0.16561109002298147,-0.009505612748034362,0.009765625
13.740001080000184,0.0,-6.954516880048999,6.954516880048999,0.20069870207130788,1363.7694283164683,run,0.18206882616356787,0.16803867437182904,-0.002630370099213745,-0.001953125
13.76000120200024,0.0,-6.954516880048999,6.954516880048999,0.20793808237245562,1361.3804328170895,run,0.18206882616356787,0.1704662587206766,0.00011972696031450208,-0.001953125
13.780000953000126,0.0,-6.9420704851110315,6.9420704851110315,0.21365550703508934,1359.4936826784206,run,0.18174298030606123,0.17288949845809076,0.0023916407841258007,-0.00390625
13.800000815000203,0.0,-6.9420704851110315,6.9420704851110315,0.21629090681951277,1358.6240007495608,run,0.18174298030606123,0.1753127381955049,0.00330040631365032,-0.00390625
13.820000992000132,0.0,-6.921660073650656,6.921660073650656,0.21702774630049892,1358.3808437208354,run,0.18120863698355574,0.17772885335528565,0.003663912525460128,-0.00390625
13.840000946000146,0.0,-6.921660073650656,6.921660073650656,0.21189429478627583,1360.0748827205289,run,0.18120863698355574,0.1801449685150664,0.0014655650101840514,0.0
13.860000715999831,0.0,-6.921660073650656,6.921660073650656,0.21005836454496687,1360.680739700161,run,0.18120863698355574,0.18256108367484714,0.0005862260040736206,0.0
13.880000634000226,0.0,-6.895055540080051,6.895055540080051,0.2088435447425566,1361.0816302349563,run,0.1805121319234091,0.1849679121004926,0.00023449040162944825,0.0
13.900000681000165,0.0,-6.895055540080051,6.895055540080051,0.20885283340395924,1361.0785649766935,run,0.1805121319234091,0.18737474052613806,9.379616065177931e-05,0.0
13.92000096899983,0.0,-6.866667548747387,6.866667548747387,0.20832848115990413,1361.2516012172316,run,0.17976893604823518,0.18977165967344786,3.7518464260711725e-05,0.0
13.940000830999907,0.0,-6.866667548747387,6.866667548747387,0.19398330383560952,1365.9855097342488,run,0.17976893604823518,0.19216857882075766,-0.0058443676142957155,0.009765625
13.960000860000036,0.0,-6.866667548747387,6.866667548747387,0.18846095562914958,1367.8078846423807,run,0.17976893604823518,0.19456549796806746,-0.008197122045718286,0.009765625
13.980000889000166,0.0,-6.831531216560705,6.831531216560705,0.18554603231017425,1368.7698093376425,run,0.17884906902263714,0.19695015222170262,-0.009138223818287314,0.009765625
14.000000991999968,0.0,-6.831531216560705,6.831531216560705,0.1849626286756505,1368.9623325370353,run,0.17884906902263714,0.19933480647533777,-0.009514664527314925,0.009765625
14.020001187000162,0.0,-6.780694482016202,6.780694482016202,0.18361032170132596,1369.4085938385624,run,0.17751816642449122,0.20170171536099765,-0.00966524081092597,0.009765625
14.040001234000101,0.0,-6.780694482016202,6.780694482016202,0.18674446925056387,1368.3743251473138,run,0.17751816642449122,0.20406862424665753,-0.008553596324370388,0.0078125
14.060001096000178,0.0,-6.780694482016202,6.780694482016202,0.18821115006996844,1367.8903204769103,run,0.17751816642449122,0.2064355331323174,-0.008108938529748155,0.0078125
14.080000718000065,0.0,-6.744241564836841,6.744241564836841,0.1939139753870545,1366.008388122272,run,0.17656383128438624,0.20878971754944256,-0.005587325411899262,0.00390625
14.100000710000131,0.0,-6.744241564836841,6.744241564836841,0.19678871616747212,1365.059723664734,run,0.17656383128438624,0.2111439019665677,-0.004578680164759705,0.00390625
14.12000077499988,0.0,-6.712836196190693,6.712836196190693,0.19732665406740663,1364.8822041577557,run,0.17574164065586945,0.2134871238419793,-0.004175222065903882,0.00390625
14.140000896999936,0.0,-6.712836196190693,6.712836196190693,0.1980815954475742,1364.6330735023005,run,0.17574164065586945,0.21583034571739088,-0.004013838826361553,0.00390625
14.160000629000024,0.0,-6.712836196190693,6.712836196190693,0.19859446196842825,1364.4638275504187,run,0.17574164065586945,0.21817356759280246,-0.003949285530544621,0.00390625
14.180000805999953,0.0,-6.686481765963009,6.686481765963009,0.19538947376087673,1365.5214736589107,run,0.17505168328592913,0.22050759003661485,-0.005095339212217848,0.005859375
14.200000890999945,0.0,-6.686481765963009,6.686481765963009,0.19459352344577535,1365.784137262894,run,0.17505168328592913,0.22284161248042725,-0.00555376068488714,0.005859375
14.220000827000149,0.0,-6.672743447456071,6.672743447456071,0.19412481766555242,1365.9388101703678,run,0.17469201494847852,0.22517083934640697,-0.005737129273954856,0.005859375
14.240001226000004,0.0,-6.672743447456071,6.672743447456071,0.19722052060638168,1364.917228199894,run,0.17469201494847852,0.2275000662123867,-0.004638601709581943,0.00390625
14.260001310000007,0.0,-6.672743447456071,6.672743447456071,0.19866843220065153,1364.439417373785,run,0.17469201494847852,0.22982929307836641,-0.004199190683832777,0.00390625
14.280000950000158,0.0,-6.638831363671471,6.638831363671471,0.20149732284636274,1363.5058834607003,run,0.17380419867109836,0.23214668239398106,-0.002851551273533111,0.001953125
14.300000831000034,0.0,-6.638831363671471,6.638831363671471,0.2031925706540046,1362.9464516841786,run,0.17380419867109836,0.2344640717095957,-0.0023124955094132446,0.001953125
14.320000990000153,0.0,-6.616285376102326,6.616285376102326,0.2034878017360251,1362.8490254271117,run,0.1732139460968054,0.23677359099088646,-0.002096873203765298,0.001953125
14.340000666999913,0.0,-6.616285376102326,6.616285376102326,0.19819047693386668,1364.597142611824,run,0.1732139460968054,0.2390831102721772,-0.004354374281506119,0.005859375
14.360001066000223,0.0,-6.616285376102326,6.616285376102326,0.19627940374831948,1365.2277967630546,run,0.1732139460968054,0.24139262955346796,-0.005257374712602447,0.005859375
14.380000724000183,0.0,-6.593510039971875,6.593510039971875,0.1980550692900184,1364.6418271342939,run,0.17261768919121823,0.2436941987426842,-0.004446699885040979,0.00390625
14.400000679000186,0.0,-6.593510039971875,6.593510039971875,0.1992109794959623,1364.2603767663325,run,0.17261768919121823,0.24599576793190042,-0.004122429954016391,0.00390625
14.420000801000242,0.0,-6.569914615927871,6.569914615927871,0.19926152259489727,1364.243697543684,run,0.17199996243426008,0.24828910076435723,-0.003992721981606557,0.00390625
14.440000903000055,0.0,-6.569914615927871,6.569914615927871,0.19680554299217562,1365.054170812582,run,0.17199996243426008,0.25058243359681404,-0.005112713792642622,0.005859375
14.460000969000248,0.0,-6.569914615927871,6.569914615927871,0.1960295511060081,1365.3102481350174,run,0.17199996243426008,0.25287576642927084,-0.005560710517057048,0.005859375
14.480000720000135,0.0,-6.550145522855104,6.550145522855104,0.1954069655527899,1365.5157013675794,run,0.17148240878788057,0.25516219854644256,-0.005739909206822819,0.005859375
14.500001045999852,0.0,-6.550145522855104,6.550145522855104,0.19557073168059988,1365.461658545402,run,0.17148240878788057,0.2574486306636143,-0.005811588682729128,0.005859375
14.520000852000067,0.0,-6.5167132802093874,6.5167132802093874,0.19496501244839776,1365.6615458920287,run,0.17060715472214047,0.2597233927265762,-0.005840260473091651,0.005859375
14.540000770000006,0.0,-6.5167132802093874,6.5167132802093874,0.1923478674674795,1366.5252037357318,run,0.17060715472214047,0.2619981547895381,-0.00702360418923666,0.0078125
14.5600008360002,0.0,-6.5167132802093874,6.5167132802093874,0.19150573806077878,1366.803106439943,run,0.17060715472214047,0.2642729168525,-0.007496941675694664,0.0078125
14.580000697999822,0.0,-6.483505604360403,6.483505604360403,0.19050250121317389,1367.1341745996526,run,0.1697377798013908,0.26653608724985184,-0.007686276670277866,0.0078125
14.600000894000004,0.0,-6.483505604360403,6.483505604360403,0.19065264177819347,1367.084628213196,run,0.1697377798013908,0.2687992576472037,-0.007762010668111146,0.0078125
14.620000940999944,0.0,-6.465465648808191,6.465465648808191,0.19044315383814978,1367.1537592334105,run,0.16926549486944148,0.2710561309121296,-0.007792304267244458,0.0078125
14.64000082199982,0.0,-6.465465648808191,6.465465648808191,0.19661076622875537,1365.1184471445108,run,0.16926549486944148,0.2733130041770555,-0.005460671706897784,0.00390625
14.660000999000204,0.0,-6.465465648808191,6.465465648808191,0.1992809297788409,1364.2372931729824,run,0.16926549486944148,0.2755698774419814,-0.004528018682759113,0.00390625
14.68000089799989,0.0,-6.446922475669169,6.446922475669169,0.20006568373687836,1363.97832436683,run,0.16878003573187653,0.2778202779184064,-0.004154957473103646,0.00390625
14.700000834000093,0.0,-6.446922475669169,6.446922475669169,0.2007763050179976,1363.7438193440607,run,0.16878003573187653,0.2800706783948314,-0.004005732989241458,0.00390625
14.720000863000223,0.0,-6.435177705058948,6.435177705058948,0.2009549972430127,1363.6848509098058,run,0.1684725583563168,0.28231697917291565,-0.003946043195696584,0.00390625
14.740001057999962,0.0,-6.435177705058948,6.435177705058948,0.2042813196532702,1362.587164514421,run,0.1684725583563168,0.2845632799509999,-0.0027502922782786333,0.001953125
14.760000791000039,0.0,-6.435177705058948,6.435177705058948,0.2058140156874008,1362.0813748231578,run,0.1684725583563168,0.28680958072908413,-0.0022719919113114535,0.001953125
14.780000930999904,0.0,-6.4209312880688,6.4209312880688,0.20625554490579612,1361.9356701810873,run,0.1680995880316816,0.28905090856950655,-0.0020806717645245813,0.001953125
14.800000885999907,0.0,-6.4209312880688,6.4209312880688,0.20678306422864634,1361.7615888045466,run,0.1680995880316816,0.29129223640992896,-0.0020041437058098324,0.001953125
14.820000766000248,0.0,-6.402466770949985,6.402466770949985,0.20671142473579765,1361.7852298371868,run,0.16761618810391032,0.2935271189179811,-0.001973532482323933,0.001953125
14.84000088799985,0.0,-6.402466770949985,6.402466770949985,0.20414758083549137,1362.6312983242879,run,0.16761618810391032,0.29576200142603326,-0.0031331629929295733,0.00390625
14.860000954000043,0.0,-6.402466770949985,6.402466770949985,0.20332318270109356,1362.903349708639,run,0.16761618810391032,0.2979968839340854,-0.0035970151971718295,0.00390625
14.88000094600011,0.0,-6.376119275253984,6.376119275253984,0.19664403249708506,1365.1074692759619,run,0.16692641227958493,0.30022256943114656,-0.006126306078868732,0.0078125
14.900001067000176,0.0,-6.376119275253984,6.376119275253984,0.19444859443994736,1365.8319638348173,run,0.16692641227958493,0.3024482549282077,-0.007138022431547493,0.0078125
14.920000855000126,0.0,-6.351792647434735,6.351792647434735,0.193132587545544,1366.2662461099706,run,0.16628954265255522,0.30466544883024177,-0.007542708972618997,0.0078125
14.94000068000014,0.0,-6.351792647434735,6.351792647434735,0.1930604800897776,1366.2900415703734,run,0.16628954265255522,0.30688264273227583,-0.007704583589047599,0.0078125
14.960001098000248,0.0,-6.351792647434735,6.351792647434735,0.1932311845586541,1366.2337090956441,run,0.16628954265255522,0.3090998366343099,-0.00776933343561904,0.0078125
14.980001182000251,0.0,-6.31807583449617,6.31807583449617,0.19847391929060515,1364.5036066341004,run,0.16540683855396976,0.3113052611483628,-0.0054514833742476156,0.00390625
15.000000767000074,0.0,-6.31807583449617,6.31807583449617,0.2011225830290845,1363.629547600402,run,0.16540683855396976,0.31351068566241574,-0.004524343349699046,0.00390625
15.020001202999993,0.0,-6.28995174432842,6.28995174432842,0.20164277719799084,1363.457883524663,run,0.16467055159513724,0.3157062930170176,-0.004153487339879618,0.00390625
15.040001139000196,0.0,-6.28995174432842,6.28995174432842,0.19648359931100054,1365.1604122273698,run,0.16467055159513724,0.3179019003716194,-0.006348894935951847,0.0078125
15.060000927000146,0.0,-6.28995174432842,6.28995174432842,0.19461753281811858,1365.776214170021,run,0.16467055159513724,0.32009750772622125,-0.007227057974380739,0.0078125
15.080001086000266,0.0,-6.265119890857903,6.265119890857903,0.19048762678642273,1367.1390831604806,run,0.1640204551914873,0.3222844471287744,-0.008750198189752296,0.009765625
15.100000893000015,0.0,-6.265119890857903,6.265119890857903,0.18929252748143416,1367.5334659311268,run,0.1640204551914873,0.32447138653132757,-0.009359454275900918,0.009765625
15.120000958000219,0.0,-6.24408158301631,6.24408158301631,0.18845942913111993,1367.8083883867305,run,0.1634696735801614,0.3266509821790631,-0.009603156710360368,0.009765625
15.140000634999979,0.0,-6.24408158301631,6.24408158301631,0.1944020410438208,1365.8473264555391,run,0.1634696735801614,0.3288305778267986,-0.007356887684144147,0.005859375
15.160000887000024,0.0,-6.24408158301631,6.24408158301631,0.19697524941719738,1364.9981676923248,run,0.1634696735801614,0.3310101734745341,-0.006458380073657659,0.005859375
15.180000803999974,0.0,-6.21975460115857,6.21975460115857,0.19463285622131696,1365.7711574469654,run,0.16283279468442566,0.33318127740365977,-0.0072708520294630635,0.0078125
15.200000870000167,0.0,-6.21975460115857,6.21975460115857,0.1941460498548804,1365.9318035478896,run,0.16283279468442566,0.33535238133278544,-0.007595840811785225,0.0078125
15.220000788000107,0.0,-6.194837697909918,6.194837697909918,0.19349309901428904,1366.1472773252847,run,0.16218047168279087,0.3375147876218893,-0.0077258363247140905,0.0078125
15.240001019999909,0.0,-6.194837697909918,6.194837697909918,0.19954683944472573,1364.1495429832405,run,0.16218047168279087,0.33967719391099316,-0.005434084529885636,0.00390625
15.260001086000102,0.0,-6.194837697909918,6.194837697909918,0.2021629521829198,1363.2862257796364,run,0.16218047168279087,0.341839600200097,-0.0045173838119542545,0.00390625
15.28000102299984,0.0,-6.174601262062424,6.174601262062424,0.1970137906153025,1364.98544909695,run,0.16165068303117983,0.3439949426405127,-0.0064944535247817015,0.0078125
15.30000105199997,0.0,-6.174601262062424,6.174601262062424,0.19536002226853738,1365.5311926513828,run,0.16165068303117983,0.34615028508092843,-0.00728528140991268,0.0078125
15.32000109899991,0.0,-6.151840845819521,6.151840845819521,0.19429543771301644,1365.8825055547045,run,0.1610548167273352,0.3482976826372929,-0.007601612563965072,0.0078125
15.340000794999924,0.0,-6.151840845819521,6.151840845819521,0.20601996619241875,1362.013411156502,run,0.1610548167273352,0.35044508019365733,-0.003040645025586029,0.0
15.360000824000053,0.0,-6.151840845819521,6.151840845819521,0.21090304336425242,1360.4019956897966,run,0.1610548167273352,0.3525924777500218,-0.0012162580102344119,0.0
15.380000649000067,0.0,-6.138386618947521,6.138386618947521,0.200977854715547,1363.6773079438694,run,0.16070258589149516,0.3547351788952417,-0.005174003204093764,0.0078125
15.400000917999932,0.0,-6.138386618947521,6.138386618947521,0.19734151469347064,1364.8773001511547,run,0.16070258589149516,0.3568778800404616,-0.006757101281637506,0.0078125
15.420000872999935,0.0,-6.1163391718804405,6.1163391718804405,0.19550146657161138,1365.4845160313682,run,0.1601253850770256,0.35901288517482194,-0.007390340512655002,0.0078125
15.440001049999864,0.0,-6.1163391718804405,6.1163391718804405,0.19518847811074794,1365.5878022234533,run,0.1601253850770256,0.36114789030918226,-0.007643636205062001,0.0078125
15.460000690000015,0.0,-6.1163391718804405,6.1163391718804405,0.19525543318849498,1365.5657070477966,run,0.1601253850770256,0.3632828954435426,-0.0077449544820248,0.0078125
15.480000886000198,0.0,-6.102170097225809,6.102170097225809,0.2009620532836459,1363.6825224163968,run,0.1597544395699993,0.36541295463780926,-0.00544173179280992,0.00390625
15.500001137000254,0.0,-6.102170097225809,6.102170097225809,0.20358478485200077,1362.8170209988398,run,0.1597544395699993,0.36754301383207594,-0.004520442717123968,0.00390625
15.52000103599994,0.0,-6.083624044809028,6.083624044809028,0.20433907722091252,1362.5681045170988,run,0.15926890505311886,0.36966659923278417,-0.004151927086849587,0.00390625
15.540001399000175,0.0,-6.083624044809028,6.083624044809028,0.19916675566129313,1364.2749706317732,run,0.15926890505311886,0.3717901846334924,-0.006348270834739835,0.0078125
15.56000070500022,0.0,-6.083624044809028,6.083624044809028,0.19728894972350913,1364.894646591242,run,0.15926890505311886,0.3739137700342006,-0.007226808333895934,0.0078125
15.580001086000266,0.0,-6.061576637838471,6.061576637838471,0.2020099708701847,1363.336709612839,run,0.1586917052883738,0.3760296594380456,-0.0052344733335583735,0.00390625
15.600000633000036,0.0,-6.061576637838471,6.061576637838471,0.20431968928109903,1362.5745025372373,run,0.1586917052883738,0.3781455488418906,-0.00443753933342335,0.00390625
15.620001495999986,0.0,-6.039529416725031,6.039529416725031,0.20485565740299566,1362.3976330570115,run,0.15811451038935673,0.3802537423137487,-0.00411876573336934,0.00390625
15.640000876000158,0.0,-6.039529416725031,6.039529416725031,0.1996312850238284,1364.1216759421366,run,0.15811451038935673,0.3823619357856068,-0.006335006293347736,0.0078125
15.660001034999823,0.0,-6.039529416725031,6.039529416725031,0.1977312734846287,1364.7486797500726,run,0.15811451038935673,0.3844701292574649,-0.007221502517339095,0.0078125
15.680000730999836,0.0,-6.021775809695271,6.021775809695271,0.19669528835956396,1365.0905548413439,run,0.15764972204419492,0.3865721255513875,-0.007576101006935638,0.0078125
15.70000103700022,0.0,-6.021775809695271,6.021775809695271,0.19665598931405578,1365.1035235263616,run,0.15764972204419492,0.3886741218453101,-0.007717940402774255,0.0078125
15.720000935999906,0.0,-6.002520215532655,6.002520215532655,0.1963243308654047,1365.2129708144164,run,0.15714561176784678,0.3907693966688814,-0.007774676161109702,0.0078125
15.740000927999972,0.0,-6.002520215532655,6.002520215532655,0.19658188633060497,1365.1279775109003,run,0.15714561176784678,0.3928646714924527,-0.007797370464443881,0.0078125
15.760000808999848,0.0,-6.002520215532655,6.002520215532655,0.1968734832508065,1365.0317505272337,run,0.15714561176784678,0.394959946316024,-0.007806448185777552,0.0078125
15.780000912000105,0.0,-5.979963649622505,5.979963649622505,0.20244636117936643,1363.1927008108091,run,0.15655508225323392,0.3970473474127338,-0.005466329274311021,0.00390625
15.800000941000235,0.0,-5.979963649622505,5.979963649622505,0.20509959025533944,1362.317135215738,run,0.15655508225323392,0.3991347485094436,-0.004530281709724408,0.00390625
15.8200010999999,0.0,-5.962719080901309,5.962719080901309,0.20589638330751875,1362.054193508519,run,0.15610362049982696,0.40121613011610796,-0.004155862683889763,0.00390625
15.840000924999913,0.0,-5.962719080901309,5.962719080901309,0.19779394707435305,1364.7279974654634,run,0.15610362049982696,0.40329751172277234,-0.007521720073555905,0.009765625
15.860000861000117,0.0,-5.962719080901309,5.962719080901309,0.19474029692568656,1365.7357020145234,run,0.15610362049982696,0.4053788933294367,-0.008868063029422363,0.009765625
15.880001020000236,0.0,-5.937878214197525,5.937878214197525,0.19891390317653557,1364.3584119517432,run,0.15545328813028186,0.40745160383784046,-0.007062850211768945,0.005859375
15.90000086300006,0.0,-5.937878214197525,5.937878214197525,0.20103002257044955,1363.6600925517516,run,0.15545328813028186,0.4095243143462442,-0.006340765084707578,0.005859375
15.920001169999978,0.0,-5.92291653022437,5.92291653022437,0.20167053491136894,1363.4487234792482,run,0.15506159215982024,0.4115918022417085,-0.006051931033883031,0.005859375
15.940000994999991,0.0,-5.92291653022437,5.92291653022437,0.19641011714651313,1365.1846613416506,run,0.15506159215982024,0.4136592901371728,-0.008280147413553212,0.009765625
15.960000894000132,0.0,-5.92291653022437,5.92291653022437,0.1944920239511626,1365.8176320961163,run,0.15506159215982024,0.4157267780326371,-0.009171433965421284,0.009765625
15.980000683000071,0.0,-5.897880634195303,5.897880634195303,0.2020431739818222,1363.3257525859985,run,0.15440615393447896,0.41778552675176345,-0.006012323586168514,0.00390625
16.000000804000138,0.0,-5.897880634195303,5.897880634195303,0.2055110966689439,1362.1813380992485,run,0.15440615393447896,0.4198442754708898,-0.004748679434467405,0.00390625
16.020000981000067,0.0,-5.881810379917226,5.881810379917226,0.2066619934187899,1361.8015421717994,run,0.15398543566130124,0.4218974146130405,-0.004243221773786962,0.00390625
16.040000880000207,0.0,-5.881810379917226,5.881810379917226,0.20161604695079294,1363.4667045062383,run,0.15398543566130124,0.42395055375519114,-0.006384788709514784,0.0078125
16.060000686999956,0.0,-5.881810379917226,5.881810379917226,0.1997824508863877,1364.071791207492,run,0.15398543566130124,0.4260036928973418,-0.007241415483805914,0.0078125
16.080000679000023,0.0,-5.861065272338152,5.861065272338152,0.20454897812572348,1362.4988372185112,run,0.15344233001489832,0.4280495906308738,-0.005240316193522366,0.00390625
16.100000967000142,0.0,-5.861065272338152,5.861065272338152,0.20685696207603682,1361.737202514908,run,0.15344233001489832,0.43009548836440575,-0.004439876477408946,0.00390625
16.12000101500007,0.0,-5.843116715881621,5.843116715881621,0.20749345455874174,1361.5271599956152,run,0.1529724379056785,0.4321351208698148,-0.004119700590963579,0.00390625
16.14000091400021,0.0,-5.843116715881621,5.843116715881621,0.20811957532099848,1361.3205401440705,run,0.1529724379056785,0.4341747533752239,-0.0039916302363854315,0.00390625
16.160000682999907,0.0,-5.843116715881621,5.843116715881621,0.208553590551388,1361.1773151180419,run,0.1529724379056785,0.43621438588063294,-0.003940402094554173,0.00390625
16.18000100900008,0.0,-5.829457444749778,5.829457444749778,0.20562276198925666,1362.1444885435453,run,0.15261483902366857,0.43824925040094853,-0.0050917858378216685,0.005859375
16.200000759999966,0.0,-5.829457444749778,5.829457444749778,0.2047766079240365,1362.423719385068,run,0.15261483902366857,0.4402841149212641,-0.005552339335128668,0.005859375
16.22000115899982,0.0,-5.811510018035847,5.811510018035847,0.2041504818470839,1362.6303409904624,run,0.15214497649104086,0.44231271460781135,-0.005736560734051467,0.005859375
16.240001262000078,0.0,-5.811510018035847,5.811510018035847,0.2013408629011432,1363.5575152426227,run,0.15214497649104086,0.4443413142943586,-0.006982124293620587,0.0078125
16.26000108700009,0.0,-5.811510018035847,5.811510018035847,0.20039958929455615,1363.8681355327965,run,0.15214497649104086,0.4463699139809058,-0.007480349717448235,0.0078125
16.28000111600022,0.0,-5.790637256398497,5.790637256398497,0.19672842580663333,1365.079619483811,run,0.1515985288692073,0.4483912276991619,-0.008851514886979293,0.009765625
16.300001015999896,0.0,-5.790637256398497,5.790637256398497,0.1956604576948407,1365.4320489607026,run,0.1515985288692073,0.450412541417418,-0.009399980954791717,0.009765625
16.32000122999989,0.0,-5.768591420231928,5.768591420231928,0.1948368757262915,1365.703831010324,run,0.15102137022801448,0.45242615968712485,-0.009619367381916686,0.009765625
16.340000961999976,0.0,-5.768591420231928,5.768591420231928,0.20370859453962256,1362.7761638019247,run,0.15102137022801448,0.4544397779568317,-0.006191496952766674,0.00390625
16.360000750999916,0.0,-5.768591420231928,5.768591420231928,0.20743850770922861,1361.5452924559545,run,0.15102137022801448,0.4564533962265386,-0.004820348781106669,0.00390625
16.380001056999845,0.0,-5.750831804676977,5.750831804676977,0.20864582308206525,1361.1468783829184,run,0.15055642458003105,0.458460815220939,-0.004271889512442667,0.00390625
16.400000809000176,0.0,-5.750831804676977,5.750831804676977,0.2094953951998893,1360.8665195840365,run,0.15055642458003105,0.46046823421533944,-0.004052505804977067,0.00390625
16.42000094900004,0.0,-5.7358724958517655,5.7358724958517655,0.20962347469970258,1360.8242533490982,run,0.15016479079079714,0.4624704314258834,-0.003964752321990827,0.00390625
16.440001163000034,0.0,-5.7358724958517655,5.7358724958517655,0.20415218276427038,1362.6297796877907,run,0.15016479079079714,0.46447262863642735,-0.006273400928796331,0.0078125
16.460000840000248,0.0,-5.7358724958517655,5.7358724958517655,0.2021438637390465,1363.2925249661146,run,0.15016479079079714,0.4664748258469713,-0.007196860371518532,0.0078125
16.48000105400024,0.0,-5.71792843192361,5.71792843192361,0.20105001983381374,1363.6534934548415,run,0.14969501629569518,0.4684707593975806,-0.007566244148607413,0.0078125
16.500000879000254,0.0,-5.71792843192361,5.71792843192361,0.20098002608931625,1363.6765913905256,run,0.14969501629569518,0.4704666929481899,-0.007713997659442965,0.0078125
16.520000686000003,0.0,-5.691266107350884,5.691266107350884,0.20043224854997777,1363.8573579785073,run,0.14899699827065097,0.47245331959179854,-0.007773099063777186,0.0078125
16.540000899999995,0.0,-5.691266107350884,5.691266107350884,0.19774145364218484,1364.745320298079,run,0.14899699827065097,0.4744399462354072,-0.008968614625510875,0.009765625
16.56000072500001,0.0,-5.691266107350884,5.691266107350884,0.19684393207699247,1365.0415024145925,run,0.14899699827065097,0.47642657287901585,-0.00944682085020435,0.009765625
16.58000093999999,0.0,-5.669220458050631,5.669220458050631,0.20194478679229813,1363.3582203585415,run,0.1484198445216069,0.47840550413930394,-0.00729435334008174,0.005859375
16.600000765000004,0.0,-5.669220458050631,5.669220458050631,0.20439409399146394,1362.5499489828169,run,0.1484198445216069,0.480384435399592,-0.006433366336032696,0.005859375
16.620000923000134,0.0,-5.643587249405556,5.643587249405556,0.20487950269982924,1362.3897641090564,run,0.14774876868854603,0.48235441898210596,-0.006088971534413078,0.005859375
16.640000971000063,0.0,-5.643587249405556,5.643587249405556,0.19673033253882594,1365.0789902621875,run,0.14774876868854603,0.4843244025646199,-0.009466838613765231,0.01171875
16.660000684999886,0.0,-5.643587249405556,5.643587249405556,0.19364796299685086,1366.0961722110392,run,0.14774876868854603,0.48629438614713383,-0.010817985445506093,0.01171875
16.680000825000207,0.0,-5.618042019666689,5.618042019666689,0.1977815786067033,1364.7320790597878,run,0.1470799961378636,0.48825545276230536,-0.009014694178202437,0.0078125
16.70000068699983,0.0,-5.618042019666689,5.618042019666689,0.1998790298662827,1364.0399201441267,run,0.1470799961378636,0.4902165193774769,-0.008293377671280975,0.0078125
16.720001013,0.0,-5.589943055708829,5.589943055708829,0.2001574059509717,1363.9480560361794,run,0.1463443669816678,0.4921677776038991,-0.00800485106851239,0.0078125
16.74000098600027,0.0,-5.589943055708829,5.589943055708829,0.1948792462877036,1365.6898487250578,run,0.1463443669816678,0.49411903583032135,-0.010233190427404955,0.01171875
16.76000110799987,0.0,-5.589943055708829,5.589943055708829,0.1929435956627744,1366.3286134312843,run,0.1463443669816678,0.4960702940567436,-0.011124526170961982,0.01171875
16.780001062999872,0.0,-5.566212514545953,5.566212514545953,0.19465212951009261,1365.7647972616694,run,0.14572310286680945,0.4980132687616344,-0.010309185468384793,0.009765625
16.800000962000013,0.0,-5.566212514545953,5.566212514545953,0.19575891641840343,1365.399557581927,run,0.14572310286680945,0.4999562434665252,-0.009983049187353918,0.009765625
16.820000769000217,0.0,-5.540582428990859,5.540582428990859,0.1954206221086992,1365.5111947041291,run,0.14505210879605313,0.5,-0.009852594674941567,0.009765625
16.840000909000082,0.0,-5.540582428990859,5.540582428990859,0.19555107662111157,1365.4681447150333,run,0.14505210879605313,0.5,-0.009800412869976627,0.009765625
16.860000881999895,0.0,-5.540582428990859,5.540582428990859,0.1956032584260765,1365.4509247193948,run,0.14505210879605313,0.5,-0.00977954014799065,0.009765625
16.880001022000215,0.0,-5.5163304521836665,5.5163304521836665,0.19791890337995827,1364.6867618846138,run,0.1444171935279489,0.5,-0.00859931605919626,0.0078125
16.900000681000165,0.0,-5.5163304521836665,5.5163304521836665,0.19909912746875266,1364.2972879353115,run,0.1444171935279489,0.5,-0.008127226423678503,0.0078125
16.920000783999967,0.0,-5.494286494261075,5.494286494261075,0.19899410763538997,1364.3319444803212,run,0.14384008405906845,0.5,-0.0079383905694714,0.0078125
16.940001090999885,0.0,-5.494286494261075,5.494286494261075,0.19625325598959706,1365.236425523433,run,0.14384008405906845,0.5,-0.00903473122778856,0.009765625
16.960000822999973,0.0,-5.494286494261075,5.494286494261075,0.1951569153312799,1365.5982179406776,run,0.14384008405906845,0.5,-0.009473267491115423,0.009765625
16.980001019000156,0.0,-5.469178838760882,5.469178838760882,0.20285012468405078,1363.0594588542633,run,0.1431827671751662,0.5,-0.00613305699644617,0.00390625
17.000000751000243,0.0,-5.469178838760882,5.469178838760882,0.20619033517872004,1361.9571893910224,run,0.1431827671751662,0.5,-0.004796972798578468,0.00390625
17.020000706000246,0.0,-5.4467846290035595,5.4467846290035595,0.20694014033611643,1361.7097536890815,run,0.14259648813469492,0.5,-0.004262539119431388,0.00390625
17.04000086499991,0.0,-5.4467846290035595,5.4467846290035595,0.2016151990152635,1363.466984324963,run,0.14259648813469492,0.5,-0.006392515647772555,0.0078125
17.06000102400003,0.0,-5.4467846290035595,5.4467846290035595,0.19948522248692235,1364.1698765793155,run,0.14259648813469492,0.5,-0.007244506259109022,0.0078125
17.080000774999917,0.0,-5.425261954946251,5.425261954946251,0.19806976958638547,1364.6369760364928,run,0.1420330258454945,0.5,-0.007585302503643609,0.0078125
17.100001025999973,0.0,-5.425261954946251,5.425261954946251,0.19772897334185088,1364.7494387971892,run,0.1420330258454945,0.5,-0.007721621001457443,0.0078125
17.12000103599985,0.0,-5.403217897372031,5.403217897372031,0.19701554276628302,1364.9848708871266,run,0.1414559137677405,0.5,-0.0077761484005829775,0.0078125
17.140000843000053,0.0,-5.403217897372031,5.403217897372031,0.19696101536715752,1365.002864928838,run,0.1414559137677405,0.5,-0.007797959360233191,0.0078125
17.16000101999998,0.0,-5.403217897372031,5.403217897372031,0.19693920440750728,1365.0100625455225,run,0.1414559137677405,0.5,-0.007806683744093277,0.0078125
17.180000957000175,0.0,-5.3852831388761615,5.3852831388761615,0.19646094914419282,1365.1678867824164,run,0.1409863828882861,0.5,-0.007810173497637311,0.0078125
17.200001059999977,0.0,-5.3852831388761615,5.3852831388761615,0.1964574593906488,1365.1690384010858,run,0.1409863828882861,0.5,-0.0078115693990549245,0.0078125
17.22000073700019,0.0,-5.365225493234959,5.365225493234959,0.19007158055427525,1367.2763784170893,run,0.1404612749533302,0.5,-0.01015587775962197,0.01171875
17.240001154999845,0.0,-5.365225493234959,5.365225493234959,0.18772727219370822,1368.0500001760763,run,0.1404612749533302,0.5,-0.011093601103848789,0.01171875
17.260000776000197,0.0,-5.365225493234959,5.365225493234959,0.18678954884948137,1368.3594488796712,run,0.1404612749533302,0.5,-0.011468690441539515,0.01171875
17.2800007310002,0.0,-5.328308384921286,5.328308384921286,0.19716672187620723,1364.9349817808516,run,0.13949478731774673,0.5,-0.006931226176615806,0.00390625
17.300001018999865,0.0,-5.328308384921286,5.328308384921286,0.20170418614113092,1363.4376185734268,run,0.13949478731774673,0.5,-0.0051162404706463225,0.00390625
17.320000900000196,0.0,-5.3091599960966676,5.3091599960966676,0.20594755569993792,1362.0373066190205,run,0.13899348367058423,0.5,-0.003218371188258529,0.001953125
17.340000744000008,0.0,-5.3091599960966676,5.3091599960966676,0.20784542498232572,1361.4110097558325,run,0.13899348367058423,0.5,-0.0024592234753034116,0.001953125
17.360000977000254,0.0,-5.3091599960966676,5.3091599960966676,0.20860457269528082,1361.1604910105573,run,0.13899348367058423,0.5,-0.0021555643901213645,0.001953125
17.380000784000003,0.0,-5.297881005686094,5.297881005686094,0.19982388600201478,1364.058117619335,run,0.13869820039213615,0.5,-0.005549725756048546,0.0078125
17.400000960999932,0.0,-5.297881005686094,5.297881005686094,0.1964297246360876,1365.1781908700912,run,0.13869820039213615,0.5,-0.006907390302419419,0.0078125
17.420001156000126,0.0,-5.275838285372458,5.275838285372458,0.19742467052136295,1364.8498587279503,run,0.13812112332378237,0.5,-0.006278581120967767,0.005859375
17.440001037000002,0.0,-5.275838285372458,5.275838285372458,0.1980534797028146,1364.6423516980713,run,0.13812112332378237,0.5,-0.006027057448387107,0.005859375
17.46000077000008,0.0,-5.275838285372458,5.275838285372458,0.19830500337539525,1364.5593488861196,run,0.13812112332378237,0.5,-0.0059264479793548425,0.005859375
17.480000818000008,0.0,-5.258594317874326,5.258594317874326,0.19795416683100361,1364.6751249457689,run,0.13766967731035845,0.5,-0.005886204191741937,0.005859375
17.500001161,0.0,-5.258594317874326,5.258594317874326,0.19799441061861653,1364.6618444958565,run,0.13766967731035845,0.5,-0.005870106676696775,0.005859375
17.520001041999876,0.0,-5.237317091193802,5.237317091193802,0.20038315914175917,1363.8735574832194,run,0.13711264081845595,0.5,-0.004691792670678711,0.00390625
17.54000112699987,0.0,-5.237317091193802,5.237317091193802,0.20156147314777723,1363.4847138612336,run,0.13711264081845595,0.5,-0.004220467068271484,0.00390625
17.560000934000072,0.0,-5.237317091193802,5.237317091193802,0.20203279875018446,1363.3291764124392,run,0.13711264081845595,0.5,-0.004031936827308594,0.00390625
17.580000963000202,0.0,-5.229459592190324,5.229459592190324,0.20494530764827304,1362.3680484760698,run,0.13690693197558165,0.5,-0.0027846497309234374,0.001953125
17.60000102899994,0.0,-5.229459592190324,5.229459592190324,0.2061925947446582,1361.9564437342628,run,0.13690693197558165,0.5,-0.0022857348923693748,0.001953125
17.62000120599987,0.0,-5.211529643468964,5.211529643468964,0.20036272962336005,1363.880299224291,run,0.13643752701572942,0.5,-0.00442991895694775,0.005859375
17.640000753000095,0.0,-5.211529643468964,5.211529643468964,0.19821854555878168,1364.587879965602,run,0.13643752701572942,0.5,-0.0052875925827791,0.005859375
17.660000818999833,0.0,-5.211529643468964,5.211529643468964,0.19736087193295032,1364.8709122621265,run,0.13643752701572942,0.5,-0.00563066203311164,0.005859375
17.680000756000027,0.0,-5.196738752299609,5.196738752299609,0.1966305778573037,1365.1119093070897,run,0.13605030239041532,0.5,-0.005767889813244656,0.005859375
17.700000877000093,0.0,-5.196738752299609,5.196738752299609,0.19649335007717067,1365.1571944745338,run,0.13605030239041532,0.5,-0.005822780925297862,0.005859375
17.720000703000096,0.0,-5.178809784228889,5.178809784228889,0.19303939217863897,1366.2970005810491,run,0.13558092310393682,0.5,-0.007016612370119145,0.0078125
17.740001027999824,0.0,-5.178809784228889,5.178809784228889,0.1918455607338177,1366.6909649578402,run,0.13558092310393682,0.5,-0.007494144948047658,0.0078125
17.76000087200009,0.0,-5.178809784228889,5.178809784228889,0.19136802815588919,1366.8485507085566,run,0.13558092310393682,0.5,-0.007685157979219063,0.0078125
17.78000073400017,0.0,-5.157530417637389,5.157530417637389,0.1964792976100769,1365.1618317886746,run,0.13502383058929598,0.5,-0.0054178131916876255,0.00390625
17.800000633999844,0.0,-5.157530417637389,5.157530417637389,0.19874664239760834,1364.4136080087892,run,0.13502383058929598,0.5,-0.00451087527667505,0.00390625
17.82000123700027,0.0,-5.144877365959303,5.144877365959303,0.19932232419430956,1364.2236330158778,run,0.1346925744709846,0.5,-0.00414810011067002,0.00390625
17.840000821000103,0.0,-5.144877365959303,5.144877365959303,0.1996850993603146,1364.1039172110961,run,0.1346925744709846,0.5,-0.004002990044268008,0.00390625
17.86000083199997,0.0,-5.144877365959303,5.144877365959303,0.1998302094267166,1364.0560308891836,run,0.1346925744709846,0.5,-0.003944946017707203,0.00390625
17.88000073100011,0.0,-5.130083992463028,5.130083992463028,0.1995009638407965,1364.1646819325372,run,0.1343052848585037,0.5,-0.0039217284070828815,0.00390625
17.900000741999975,0.0,-5.130083992463028,5.130083992463028,0.1995241814514208,1364.157020121031,run,0.1343052848585037,0.5,-0.003912441362833152,0.00390625
17.92000110400022,0.0,-5.116954539009242,5.116954539009242,0.1933303652080367,1366.200979481348,run,0.13396155657086986,0.5,-0.006252476545133261,0.0078125
17.940000965999843,0.0,-5.116954539009242,5.116954539009242,0.1909903300257366,1366.973191091507,run,0.13396155657086986,0.5,-0.007188490618053304,0.0078125
17.960000661999857,0.0,-5.116954539009242,5.116954539009242,0.19005431595281655,1367.2820757355705,run,0.13396155657086986,0.5,-0.007562896247221322,0.0078125
17.980001079999965,0.0,-5.112839490028591,5.112839490028591,0.18957217859325873,1367.4411810642246,run,0.13385382484048006,0.5,-0.007712658498888528,0.0078125
