t,ref,angle,err,u,pwm,phase,P,I,D,FF,gz
1.630000042496249e-06,0.0,-0.009151627655608507,0.009151627655608507,7.986301725346908e-05,1500,idle,7.986301725346908e-05,0.0,0.0,0.0,0.0
0.020001320999654126,0.0,0.3103130407446635,-0.3103130407446635,-0.08634364674708432,1550,down,-0.002707992136434847,-0.0,-0.08363565461064948,0.0,0.0
0.04000127200015413,0.0,0.3103130407446635,-0.3103130407446635,-0.06125295036388948,1600,down,-0.002707992136434847,-0.0,-0.05854495822745463,0.0,0.00390625
0.060000925999702304,0.0,0.3103130407446635,-0.3103130407446635,-0.04368946289565309,1600.0,down,-0.002707992136434847,-0.0,-0.04098147075921824,0.0,0.00390625
0.08000084000013885,0.0,0.3044205117726122,-0.3044205117726122,-0.029800939174500107,1600.0,down,-0.002656570120519121,-0.0,-0.027144369053980988,0.0,-0.005859375
0.10000110599867185,0.0,0.3044205117726122,-0.3044205117726122,-0.021657628458305808,1600.0,down,-0.002656570120519121,-0.0,-0.01900105833778669,0.0,-0.005859375
0.1200011490000179,0.0,0.28996764205781744,-0.28996764205781744,-0.012047433432253195,1600.0,down,-0.00253044503907665,-0.0,-0.009516988393176546,0.0,-0.005859375
0.1400012849990162,0.0,0.28996764205781744,-0.28996764205781744,-0.009192336914300232,1600.0,down,-0.00253044503907665,-0.0,-0.006661891875223582,0.0,0.0
0.16000110599998152,0.0,0.28996764205781744,-0.28996764205781744,-0.0071937693517331565,1600.0,down,-0.00253044503907665,-0.0,-0.0046633243126565065,0.0,0.0
0.1800011679988529,0.0,0.2952906285738841,-0.2952906285738841,-0.007234778489477905,1600.0,down,-0.002576896859448963,-0.0,-0.004657881630028942,0.0,0.001953125
0.20000128599895106,0.0,0.2952906285738841,-0.2952906285738841,-0.005837414000469223,1600.0,down,-0.002576896859448963,-0.0,-0.0032605171410202594,0.0,0.001953125
0.2200008660001913,0.0,0.3038527477291755,-0.3038527477291755,-0.007175534996385749,1600.0,down,-0.002651615444552918,-0.0,-0.004523919551832831,0.0,0.001953125
0.24000142799923196,0.0,0.3038527477291755,-0.3038527477291755,-0.0058183591308359,1600.0,down,-0.002651615444552918,-0.0,-0.0031667436862829815,0.0,0.001953125
0.2600009349989705,0.0,0.3038527477291755,-0.3038527477291755,-0.004868336024951005,1600.0,down,-0.002651615444552918,-0.0,-0.002216720580398087,0.0,0.001953125
0.2800009589991532,0.0,0.2931876738825636,-0.2931876738825636,-0.001318139720160009,1600.0,down,-0.002558545117757061,-0.0,0.0012404053975970518,0.0,-0.005859375
0.3000007069986168,0.0,0.2931876738825636,-0.2931876738825636,-0.0016902613394391246,1600.0,down,-0.002558545117757061,-0.0,0.0008682837783179362,0.0,-0.005859375
0.3200012130000687,0.0,0.2764129472195265,-0.2764129472195265,0.0025872538036427217,1600.0,down,-0.002412158012061021,-0.0,0.004999411815703743,0.0,0.00390625
0.3400009229990246,0.0,0.2764129472195265,-0.2764129472195265,0.0010874302589315987,1600.0,down,-0.002412158012061021,-0.0,0.00349958827099262,0.0,0.00390625
0.3600008550001803,0.0,0.2764129472195265,-0.2764129472195265,3.7553777633812443e-05,1600.0,down,-0.002412158012061021,-0.0,0.0024497117896948336,0.0,0.00390625
0.38000115799877676,0.0,0.2880004668684606,-0.2880004668684606,-0.0038320854944829215,1600.0,down,-0.00251327819706774,-0.0,-0.0013188072974151814,0.0,-0.00390625
0.4000006829992344,0.0,0.2880004668684606,-0.2880004668684606,-0.003436443305258367,1600.0,down,-0.00251327819706774,-0.0,-0.0009231651081906269,0.0,-0.00390625
0.4200008190000517,0.0,0.2632360330342056,-0.2632360330342056,0.0035399302980993275,1600.0,down,-0.0022971677431677237,-0.0,0.005837098041267051,0.0,-0.00390625
0.44000089899964223,0.0,0.2632360330342056,-0.2632360330342056,0.0017888008857192116,1600.0,down,-0.0022971677431677237,-0.0,0.004085968628886935,0.0,-0.0078125
0.4600009979985771,0.0,0.2632360330342056,-0.2632360330342056,0.0005630102970531309,1600.0,down,-0.0022971677431677237,-0.0,0.0028601780402208545,0.0,-0.0078125
0.4800010419985483,0.0,0.23563574865300474,-0.23563574865300474,0.0071715523575370515,1600.0,down,-0.002056309824698363,-0.0,0.009227862182235414,0.0,0.0
0.5000007519993233,0.0,0.23563574865300474,-0.23563574865300474,0.004403193702866426,1600.0,down,-0.002056309824698363,-0.0,0.00645950352756479,0.0,0.0
0.5200009989985119,0.0,0.2338829474115851,-0.2338829474115851,0.0029395210129321545,1600.0,down,-0.0020410137483004545,-0.0,0.004980534761232609,0.0,0.0
0.5400010609992023,0.0,0.2338829474115851,-0.2338829474115851,0.0014453605845623717,1600.0,down,-0.0020410137483004545,-0.0,0.0034863743328628263,0.0,0.005859375
0.5600006969998503,0.0,0.2338829474115851,-0.2338829474115851,0.0003994482847035235,1600.0,down,-0.0020410137483004545,-0.0,0.002440462033003978,0.0,0.005859375
0.5800010359998851,0.0,0.2440081459375225,-0.2440081459375225,-0.003071820126480778,1600.0,down,-0.0021293727741482967,-0.0,-0.0009424473523324812,0.0,-0.00390625
0.6000006909998774,0.0,0.2440081459375225,-0.2440081459375225,-0.0027890859207810336,1600.0,down,-0.0021293727741482967,-0.0,-0.0006597131466327368,0.0,-0.00390625
0.6200014379992353,0.0,0.23200619646836884,-0.23200619646836884,0.0006556678140769013,1600.0,down,-0.002024636006700938,-0.0,0.0026803038207778396,0.0,-0.00390625
0.640000962999693,0.0,0.23200619646836884,-0.23200619646836884,-0.00014842333215645074,1600.0,down,-0.002024636006700938,-0.0,0.0018762126745444875,0.0,-0.00390625
0.6600007659999392,0.0,0.23200619646836884,-0.23200619646836884,-0.0007112871345197971,1600.0,down,-0.002024636006700938,-0.0,0.001313348872181141,0.0,-0.00390625
0.6800010129991279,0.0,0.22665530396201383,-0.22665530396201383,0.0003422639322467457,1600.0,down,-0.001977940660622845,-0.0,0.002320204592869591,0.0,0.005859375
0.7000012230000721,0.0,0.22665530396201383,-0.22665530396201383,-0.00035379744561413163,1600.0,down,-0.001977940660622845,-0.0,0.0016241432150087135,0.0,0.005859375
0.7200009879998106,0.0,0.24343611178568914,-0.24343611178568914,-0.0053806857989638895,1600.0,down,-0.002124380834456624,-0.0,-0.0032563049645072655,0.0,0.0
0.7400011239988089,0.0,0.24343611178568914,-0.24343611178568914,-0.0044037943096117095,1600.0,down,-0.002124380834456624,-0.0,-0.0022794134751550855,0.0,0.0
0.7600007410001126,0.0,0.24343611178568914,-0.24343611178568914,-0.0037199702670651837,1600.0,down,-0.002124380834456624,-0.0,-0.0015955894326085598,0.0,0.0
0.7800009879993013,0.0,0.24343611178568914,-0.24343611178568914,-0.0032412934372826156,1600.0,down,-0.002124380834456624,-0.0,-0.0011169126028259917,0.0,-0.001953125
0.8000007350001397,0.0,0.24343611178568914,-0.24343611178568914,-0.002906219656434818,1600.0,down,-0.002124380834456624,-0.0,-0.0007818388219781941,0.0,-0.001953125
0.8200009079992014,0.0,0.23486874175133998,-0.23486874175133998,-0.00035397137213192794,1600.0,down,-0.0020496164267885778,-0.0,0.0016956450546566498,0.0,0.0
0.8400011550002091,0.0,0.23486874175133998,-0.23486874175133998,-0.0008626648885289229,1600.0,down,-0.0020496164267885778,-0.0,0.0011869515382596548,0.0,0.0
0.8600006429987843,0.0,0.23486874175133998,-0.23486874175133998,-0.0012187503500068193,1600.0,down,-0.0020496164267885778,-0.0,0.0008308660767817583,0.0,0.0
0.8800006860001304,0.0,0.2428632415736054,-0.2428632415736054,-0.003630730504245161,1600.0,down,-0.0021193815987628943,-0.0,-0.0015113489054822665,0.0,0.0
0.9000010629988537,0.0,0.2428632415736054,-0.2428632415736054,-0.0031773258326004807,1600.0,down,-0.0021193815987628943,-0.0,-0.0010579442338375863,0.0,0.0
0.9200008279985923,0.0,0.24763901653743225,-0.24763901653743225,-0.004151914022972124,1600.0,down,-0.00216105809748944,-0.0,-0.0019908559254826837,0.0,0.001953125
0.9400009450000653,0.0,0.24763901653743225,-0.24763901653743225,-0.0035546572453273185,1600.0,down,-0.00216105809748944,-0.0,-0.0013935991478378786,0.0,0.001953125
0.960000951999973,0.0,0.24763901653743225,-0.24763901653743225,-0.003136577500975955,1600.0,down,-0.00216105809748944,-0.0,-0.0009755194034865149,0.0,0.001953125
0.9800008649999654,0.0,0.2535269872729575,-0.2535269872729575,-0.004436771051667827,1600.0,down,-0.0022124403352874345,-0.0,-0.002224330716380392,0.0,-0.005859375
1.0000013339995348,0.0,0.2535269872729575,-0.2535269872729575,-0.003769471836753709,1600.0,down,-0.0022124403352874345,-0.0,-0.0015570315014662745,0.0,-0.005859375
1.020000821999929,0.0,0.24932352776508715,-0.24932352776508715,-0.0021652171563215417,1600.0,down,-0.002175758231094135,-0.0,1.0541074772593261e-05,0.0,0.001953125
1.040001179999308,0.0,0.24932352776508715,-0.24932352776508715,-0.0021683794787533198,1600.0,down,-0.002175758231094135,-0.0,7.378752340815283e-06,0.0,0.001953125
1.0600014089995966,0.0,0.24932352776508715,-0.24932352776508715,-0.002170593104455564,1600.0,down,-0.002175758231094135,-0.0,5.165126638570698e-06,0.0,0.001953125
1.080000914998891,0.0,0.257124265982581,-0.257124265982581,-0.004282445415159155,1600.0,down,-0.0022438325140848453,-0.0,-0.0020386129010743093,0.0,0.0
1.1000010879997717,0.0,0.257124265982581,-0.257124265982581,-0.0036708615448368615,1600.0,down,-0.0022438325140848453,-0.0,-0.0014270290307520164,0.0,0.0
1.1200011309992988,0.0,0.25655122029141,-0.25655122029141,-0.0030877290574441003,1600.0,down,-0.002238831747047195,-0.0,-0.0008488973103969052,0.0,0.001953125
1.1400006559997564,0.0,0.25655122029141,-0.25655122029141,-0.002833059864325029,1600.0,down,-0.002238831747047195,-0.0,-0.0005942281172778335,0.0,0.001953125
1.1600010139991355,0.0,0.25655122029141,-0.25655122029141,-0.0026547914291416785,1600.0,down,-0.002238831747047195,-0.0,-0.00041595968209448347,0.0,0.001953125
1.1800010009992548,0.0,0.2630110675445767,-0.2630110675445767,-0.0042775603825402405,1600.0,down,-0.002295204548919031,-0.0,-0.0019823558336212097,0.0,0.001953125
1.200000970999099,0.0,0.2630110675445767,-0.2630110675445767,-0.0036828536324538773,1600.0,down,-0.002295204548919031,-0.0,-0.0013876490835348467,0.0,0.001953125
1.2200006619987107,0.0,0.2750153088943801,-0.2750153088943801,-0.006514018711644241,1600.0,down,-0.0023999613167980894,-0.0,-0.004114057394846151,0.0,0.001953125
1.240001205000226,0.0,0.2750153088943801,-0.2750153088943801,-0.005279801493190395,1600.0,down,-0.0023999613167980894,-0.0,-0.002879840176392306,0.0,0.001953125
1.2600007669989282,0.0,0.2750153088943801,-0.2750153088943801,-0.004415849440272703,1600.0,down,-0.0023999613167980894,-0.0,-0.002015888123474614,0.0,0.001953125
1.2800009959992167,0.0,0.27424741606308345,-0.27424741606308345,-0.0036033480009972155,1600.0,down,-0.0023932601876937958,-0.0,-0.0012100878133034195,0.0,-0.001953125
1.30000089099849,0.0,0.27424741606308345,-0.27424741606308345,-0.0032403216570061895,1600.0,down,-0.0023932601876937958,-0.0,-0.0008470614693123936,0.0,-0.001953125
1.3200007119994552,0.0,0.2766983676502228,-0.2766983676502228,-0.0036492494287521933,1600.0,down,-0.002414648775195077,-0.0,-0.0012346006535571162,0.0,0.001953125
1.3400008659991727,0.0,0.2766983676502228,-0.2766983676502228,-0.0032788692326850585,1600.0,down,-0.002414648775195077,-0.0,-0.0008642204574899813,0.0,0.001953125
1.3600010569989536,0.0,0.2766983676502228,-0.2766983676502228,-0.0030196030954380637,1600.0,down,-0.002414648775195077,-0.0,-0.0006049543202429869,0.0,0.001953125
1.3800006929996016,0.0,0.2814751561475468,-0.2814751561475468,-0.004130362447085457,1600.0,down,-0.002456334118669925,-0.0,-0.0016740283284155317,0.0,0.0
1.400000681000165,0.0,0.2814751561475468,-0.2814751561475468,-0.003628153948560797,1600.0,down,-0.002456334118669925,-0.0,-0.0011718198298908721,0.0,0.0
1.420001020998825,0.0,0.2879345643429172,-0.2879345643429172,-0.005024046081056069,1600.0,down,-0.0025127030890396843,-0.0,-0.002511342992016385,0.0,0.001953125
1.4400011749985424,0.0,0.2879345643429172,-0.2879345643429172,-0.004270643183451154,1600.0,down,-0.0025127030890396843,-0.0,-0.0017579400944114695,0.0,0.001953125
1.4600010329995712,0.0,0.2945892214993737,-0.2945892214993737,-0.005543519163687037,1600.0,down,-0.002570775928025469,-0.0,-0.0029727432356615683,0.0,0.001953125
1.4800013359999866,0.0,0.2945892214993737,-0.2945892214993737,-0.004651696192988566,1600.0,down,-0.002570775928025469,-0.0,-0.0020809202649630975,0.0,0.0
1.5000007119997463,0.0,0.2945892214993737,-0.2945892214993737,-0.004027420113499637,1600.0,down,-0.002570775928025469,-0.0,-0.0014566441854741681,0.0,0.0
1.5200006999984907,0.0,0.30357019913554417,-0.30357019913554417,-0.006020015119744237,1600.0,down,-0.0026491497429250448,-0.0,-0.003370865376819193,0.0,-0.001953125
1.5400010579996888,0.0,0.30357019913554417,-0.30357019913554417,-0.00500875550669848,1600.0,down,-0.0026491497429250448,-0.0,-0.002359605763773435,0.0,-0.001953125
1.5600010639991524,0.0,0.3058252659960061,-0.3058252659960061,-0.004910928071865384,1600.0,down,-0.0026688289137088814,-0.0,-0.0022420991581565027,0.0,-0.001953125
1.5800007739999273,0.0,0.3058252659960061,-0.3058252659960061,-0.004238298324418433,1600.0,down,-0.0026688289137088814,-0.0,-0.0015694694107095519,0.0,0.001953125
1.6000008729988622,0.0,0.3058252659960061,-0.3058252659960061,-0.0037674575012055676,1600.0,down,-0.0026688289137088814,-0.0,-0.0010986285874966862,0.0,0.001953125
1.620000971999616,0.0,0.31248038812460877,-0.31248038812460877,-0.005238252720586521,1600.0,down,-0.002726905810342106,-0.0,-0.002511346910244415,0.0,0.001953125
1.6400016079987836,0.0,0.31248038812460877,-0.31248038812460877,-0.004484848647513196,1600.0,down,-0.002726905810342106,-0.0,-0.0017579428371710902,0.0,0.001953125
1.660001279999051,0.0,0.3140366946216471,-0.3140366946216471,-0.00437848722078609,1600.0,down,-0.002740487146613855,-0.0,-0.0016380000741722355,0.0,0.001953125
1.6800013239990221,0.0,0.3140366946216471,-0.3140366946216471,-0.00388708719853442,1600.0,down,-0.002740487146613855,-0.0,-0.0011466000519205649,0.0,-0.001953125
1.7000011629988876,0.0,0.3140366946216471,-0.3140366946216471,-0.0035431071829582503,1600.0,down,-0.002740487146613855,-0.0,-0.0008026200363443954,0.0,-0.001953125
1.7200011879995145,0.0,0.3117818475113481,-0.3117818475113481,-0.0026923263258960663,1600.0,down,-0.002720809893511956,-0.0,2.8483567615889558e-05,0.0,-0.001953125
1.7400010459987243,0.0,0.3117818475113481,-0.3117818475113481,-0.0027008713961808335,1600.0,down,-0.002720809893511956,-0.0,1.993849733112269e-05,0.0,-0.001953125
1.76000097799988,0.0,0.31248038812460877,-0.31248038812460877,-0.0028958263671148136,1600.0,down,-0.002726905810342106,-0.0,-0.00016892055677270788,0.0,-0.001953125
1.7800010579994705,0.0,0.31248038812460877,-0.31248038812460877,-0.0028451502000830012,1600.0,down,-0.002726905810342106,-0.0,-0.00011824438974089551,0.0,0.00390625
1.8000010449995898,0.0,0.31248038812460877,-0.31248038812460877,-0.0028096768831607326,1600.0,down,-0.002726905810342106,-0.0,-8.277107281862686e-05,0.0,0.00390625
1.8200009590000263,0.0,0.3222480036609916,-0.3222480036609916,-0.005427239854587048,1600.0,down,-0.002812144335931522,-0.0,-0.002615095518655526,0.0,0.00390625
1.8400012429992785,0.0,0.3222480036609916,-0.3222480036609916,-0.00464271119899039,1600.0,down,-0.002812144335931522,-0.0,-0.0018305668630588681,0.0,0.00390625
1.8600007859986363,0.0,0.3230161357681318,-0.3230161357681318,-0.0043013408726508455,1600.0,down,-0.0028188475531114613,-0.0,-0.0014824933195393844,0.0,0.00390625
1.8800013099989883,0.0,0.3230161357681318,-0.3230161357681318,-0.00385659287678903,1600.0,down,-0.0028188475531114613,-0.0,-0.001037745323677569,0.0,0.0
1.9000012979995518,0.0,0.3230161357681318,-0.3230161357681318,-0.0035452692796857596,1600.0,down,-0.0028188475531114613,-0.0,-0.0007264217265742982,0.0,0.0
1.920001118998698,0.0,0.32546893629312734,-0.32546893629312734,-0.003990889160078651,1600.0,down,-0.0028402522756393704,-0.0,-0.001150636884439281,0.0,0.0
1.9400008659995365,0.0,0.32546893629312734,-0.32546893629312734,-0.0036456980947468668,1600.0,down,-0.0028402522756393704,-0.0,-0.0008054458191074966,0.0,0.0
1.9600011499987886,0.0,0.3294754384256855,-0.3294754384256855,-0.004487927481384987,1600.0,down,-0.0028752156024900275,-0.0,-0.0016127118788949592,0.0,0.0
1.9800008959991828,0.0,0.3294754384256855,-0.3294754384256855,-0.004004113917716498,1600.0,down,-0.0028752156024900275,-0.0,-0.0011288983152264714,0.0,0.001953125
2.0000016059984773,-30.0,0.3294754384256855,-30.329475438425685,-0.265464832222298,1650.0,down,-0.26467460340163945,-0.0,-0.0007902288206585299,-0.0,0.001953125
2.020000759999675,-30.0,0.33444844394763074,-30.33444844394763,-0.2665730910373063,1665.9275822459488,down,-0.2647180010616783,-0.0,-0.0018550899756280223,-0.0,-0.001953125
2.0400013779999426,-30.0,0.33444844394763074,-30.33444844394763,-0.26601656404461793,1665.7499672482822,down,-0.2647180010616783,-0.0,-0.0012985629829396154,-0.0,-0.001953125
2.0600009390000196,-30.0,0.3334658002615267,-30.33346580026153,-0.26536116445044106,1665.5407971650343,down,-0.2647094258778301,-0.0,-0.0006517385726109911,-0.0,-0.001953125
2.080001148999145,-30.0,0.3334658002615267,-30.33346580026153,-0.2651656428786578,1665.4783966634013,down,-0.2647094258778301,-0.0,-0.00045621700082769373,-0.0,-0.0078125
2.1000010070001736,-30.0,0.3334658002615267,-30.33346580026153,-0.2650287777784095,1665.4347163122584,down,-0.2647094258778301,-0.0,-0.0003193519005793856,-0.0,-0.0078125
2.120001012999637,-30.0,0.31614376296706403,-30.316143762967066,-0.2602469101571405,1663.9085883480236,down,-0.2645582625858593,-0.0,0.004311352428718785,-0.0,-0.005859375
2.14000079699872,-30.0,0.31614376296706403,-30.316143762967066,-0.26154031588575616,1664.3213774103478,down,-0.2645582625858593,-0.0,0.0030179467001031496,-0.0,-0.005859375
2.160001246998945,-30.0,0.2929066660803983,-30.2929066660804,-0.2561594602319898,1662.6040830527627,down,-0.26435548066122067,-0.0,0.00819602042923083,-0.0,-0.005859375
2.1800011609993817,-30.0,0.2929066660803983,-30.2929066660804,-0.2586182663607591,1663.3888084130083,down,-0.26435548066122067,-0.0,0.00573721430046158,-0.0,-0.0078125
2.2000012039989087,-30.0,0.2929066660803983,-30.2929066660804,-0.26033943065089754,1663.93811616518,down,-0.26435548066122067,-0.0,0.004016050010323106,-0.0,-0.0078125
2.2200012289995357,-30.0,0.29593123247028075,-30.29593123247028,-0.26236246960419796,1664.5837668949569,down,-0.264381874982195,-0.0,0.0020194053779970574,-0.0,0.0
2.240000900999803,-30.0,0.29593123247028075,-30.29593123247028,-0.26296829121759707,1664.777114218382,down,-0.264381874982195,-0.0,0.00141358376459794,-0.0,0.0
2.260001241000282,-30.0,0.3024555344493649,-30.302455534449365,-0.26515735988638217,1665.4757531552284,down,-0.2644388102576597,-0.0,-0.0007185496287224493,-0.0,0.0
2.280001117000211,-30.0,0.3024555344493649,-30.302455534449365,-0.26494179499776543,1665.4069558503506,down,-0.2644388102576597,-0.0,-0.0005029847401057145,-0.0,0.001953125
2.3000013459986803,-30.0,0.3024555344493649,-30.302455534449365,-0.2647908995757337,1665.3587977369364,down,-0.2644388102576597,-0.0,-0.0003520893180740001,-0.0,0.001953125
2.320001184998546,-30.0,0.31957979322102936,-30.31957979322103,-0.26931783059201203,1666.8035629548974,down,-0.26458824760642424,-0.0,-0.004729582985587776,-0.0,0.001953125
2.3400011909998284,-30.0,0.31957979322102936,-30.31957979322103,-0.2678989556963357,1666.3507305413837,down,-0.26458824760642424,-0.0,-0.0033107080899114428,-0.0,0.001953125
2.3600009009987843,-30.0,0.31957979322102936,-30.31957979322103,-0.26690574326936223,1666.033747851924,down,-0.26458824760642424,-0.0,-0.0023174956629380098,-0.0,0.001953125
2.3800007959998766,-30.0,0.31957979322102936,-30.31957979322103,-0.26621049457048085,1665.8118599693025,down,-0.26458824760642424,-0.0,-0.0016222469640566068,-0.0,0.001953125
2.4000009310002497,-30.0,0.31957979322102936,-30.31957979322103,-0.26572382048126386,1665.6565384514672,down,-0.26458824760642424,-0.0,-0.0011355728748396246,-0.0,0.001953125
2.4200010299991845,-30.0,0.3220964027166584,-30.32209640271666,-0.26606395700494,1665.7650926611511,down,-0.2646102091672671,-0.0,-0.0014537478376729397,-0.0,0.0
2.4400013509985,-30.0,0.3220964027166584,-30.32209640271666,-0.26562783265363815,1665.6259040383952,down,-0.2646102091672671,-0.0,-0.0010176234863710578,-0.0,0.0
2.4600009129990212,-30.0,0.3285570237332376,-30.32855702373324,-0.267070311788901,1666.086269719862,down,-0.2646665887214985,-0.0,-0.0024037230674024946,-0.0,0.0
2.4800008080001135,-30.0,0.3285570237332376,-30.32855702373324,-0.26634919486868025,1665.8561260219192,down,-0.2646665887214985,-0.0,-0.001682606147181746,-0.0,0.001953125
2.500000646999979,-30.0,0.3285570237332376,-30.32855702373324,-0.2658444130245257,1665.6950254333592,down,-0.2646665887214985,-0.0,-0.001177824303027222,-0.0,0.001953125
2.5200010239987023,-30.0,0.3319942906262643,-30.331994290626263,-0.26642093591419075,1665.8790221002737,down,-0.26469658453377504,-0.0,-0.001724351380415723,-0.0,0.0
2.5400008439992234,-30.0,0.3319942906262643,-30.331994290626263,-0.26590363050006605,1665.7139246276806,down,-0.26469658453377504,-0.0,-0.001207045966291006,-0.0,0.0
2.5600007949997234,-30.0,0.3343100894037754,-30.334310089403775,-0.26616800056913775,1665.79829805398,down,-0.26471679369051565,-0.0,-0.0014512068786221295,-0.0,0.0
2.580001115999039,-30.0,0.3343100894037754,-30.334310089403775,-0.2657326385055511,1665.6593527145376,down,-0.26471679369051565,-0.0,-0.0010158448150354906,-0.0,0.0
2.6000010110001313,-30.0,0.3343100894037754,-30.334310089403775,-0.2654278850610405,1665.5620909769277,down,-0.26471679369051565,-0.0,-0.0007110913705248434,-0.0,0.0
2.620000961000187,-30.0,0.33108766273380397,-30.331087662733804,-0.26434280734280935,1665.2157895774924,down,-0.2646886727128681,-0.0,0.00034586537005877507,-0.0,0.0
2.6400011709993123,-30.0,0.33108766273380397,-30.331087662733804,-0.26444656695382696,1665.2489043469661,down,-0.2646886727128681,-0.0,0.00024210575904114252,-0.0,0.0
2.6600008810000872,-30.0,0.3240614084134883,-30.32406140841349,-0.2626184139659736,1664.6654512657362,down,-0.2646273570768821,-0.0,0.0020089431109085697,-0.0,0.0
2.6800007199999527,-30.0,0.3240614084134883,-30.32406140841349,-0.2632210968992461,1664.857796882738,down,-0.2646273570768821,-0.0,0.0014062601776359987,-0.0,0.001953125
2.7000008369996067,-30.0,0.3240614084134883,-30.32406140841349,-0.2636429749525369,1664.9924388146394,down,-0.2646273570768821,-0.0,0.000984382124345199,-0.0,0.001953125
2.720001046998732,-30.0,0.33831408638295457,-30.338314086382955,-0.267794010035642,1666.3172372454176,down,-0.26475173515577893,-0.0,-0.003042274879863056,-0.0,-0.001953125
2.740001033998851,-30.0,0.33831408638295457,-30.338314086382955,-0.2668813275716831,1666.025955607984,down,-0.26475173515577893,-0.0,-0.002129592415904139,-0.0,-0.001953125
2.7600006329994358,-30.0,0.3350758901943127,-30.33507589019431,-0.26536643347449324,1665.5424787684553,down,-0.2647234765631203,-0.0,-0.0006429569113729225,-0.0,-0.001953125
2.7800011389990686,-30.0,0.3350758901943127,-30.33507589019431,-0.2651735464010813,1665.480919064175,down,-0.2647234765631203,-0.0,-0.00045006983796104576,-0.0,-0.001953125
2.8000008669987437,-30.0,0.3350758901943127,-30.33507589019431,-0.26503852544969303,1665.4378272711785,down,-0.2647234765631203,-0.0,-0.000315048886572732,-0.0,-0.001953125
2.8200009840002167,-30.0,0.3343100894037754,-30.334310089403775,-0.2647368417329778,1665.341545233929,down,-0.26471679369051565,-0.0,-2.0048042462126827e-05,-0.0,0.001953125
2.8400011009998707,-30.0,0.3343100894037754,-30.334310089403775,-0.2647308273202391,1665.3396257405018,down,-0.26471679369051565,-0.0,-1.4033629723488779e-05,-0.0,0.001953125
2.8600006259985093,-30.0,0.3373327206553842,-30.337332720655382,-0.26554431767624304,1665.5992503222053,down,-0.2647431711242228,-0.0,-0.0008011465520202203,-0.0,0.001953125
2.880000982999263,-30.0,0.3373327206553842,-30.337332720655382,-0.26530397371063696,1665.522544801267,down,-0.2647431711242228,-0.0,-0.0005608025864141542,-0.0,-0.001953125
2.900000840998473,-30.0,0.3373327206553842,-30.337332720655382,-0.2651357329347127,1665.4688509366106,down,-0.2647431711242228,-0.0,-0.0003925618104899079,-0.0,-0.001953125
2.920000939999227,-30.0,0.3455407070472436,-30.345540707047242,-0.2672384383977667,1666.1399271482235,down,-0.2648147993179712,-0.0,-0.002423639079795467,-0.0,-0.00390625
2.9400008899992827,-30.0,0.3455407070472436,-30.345540707047242,-0.26651134667382803,1665.9078765980303,down,-0.2648147993179712,-0.0,-0.001696547355856827,-0.0,-0.00390625
2.9600008959987463,-30.0,0.3343100894037754,-30.334310089403775,-0.2629642080159491,1664.77581106892,down,-0.26471679369051565,-0.0,0.0017525856745665308,-0.0,-0.00390625
2.980001086998527,-30.0,0.3343100894037754,-30.334310089403775,-0.26348998371831905,1664.9436118249955,down,-0.26471679369051565,-0.0,0.0012268099721965714,-0.0,-0.001953125
3.0000012969994714,-30.0,0.3343100894037754,-30.334310089403775,-0.26385802670997804,1665.0610723542484,down,-0.26471679369051565,-0.0,0.0008587669805376,-0.0,-0.001953125
3.0200008029987657,-30.0,0.3415370620211142,-30.341537062021114,-0.2660707410445619,1665.7672577801793,down,-0.2647798609240777,-0.0,-0.001290880120484214,-0.0,-0.001953125
3.040001419998589,-30.0,0.3415370620211142,-30.341537062021114,-0.26568347700841666,1665.6436628750266,down,-0.2647798609240777,-0.0,-0.0009036160843389498,-0.0,-0.001953125
3.060001054998793,-30.0,0.34974537958011,-30.34974537958011,-0.26763295577864793,1666.2658369506323,down,-0.26485149200780456,-0.0,-0.002781463770843365,-0.0,-0.001953125
3.080001098000139,-30.0,0.34974537958011,-30.34974537958011,-0.2667985166473949,1665.999526589594,down,-0.26485149200780456,-0.0,-0.0019470246395903554,-0.0,0.001953125
3.1000008639985026,-30.0,0.34974537958011,-30.34974537958011,-0.2662144092555178,1665.8131093368675,down,-0.26485149200780456,-0.0,-0.0013629172477132487,-0.0,0.001953125
3.1200011290002294,-30.0,0.3509290974582875,-30.350929097458287,-0.2661257605842321,1665.7848172077336,down,-0.264861821894999,-0.0,-0.0012639386892330526,-0.0,0.001953125
3.140001134999693,-30.0,0.3509290974582875,-30.350929097458287,-0.2657465789774622,1665.6638018013177,down,-0.264861821894999,-0.0,-0.0008847570824631368,-0.0,0.001953125
3.160000955000214,-30.0,0.35493264403231173,-30.35493264403231,-0.266564215429565,1665.9247496051803,down,-0.26489675942973584,-0.0,-0.001667455999829121,-0.0,0.001953125
3.1800014059990644,-30.0,0.35493264403231173,-30.35493264403231,-0.2660639786296162,1665.7650995626434,down,-0.26489675942973584,-0.0,-0.0011672191998803845,-0.0,0.0
3.2000010409992683,-30.0,0.35493264403231173,-30.35493264403231,-0.2657138128696521,1665.6533445328678,down,-0.26489675942973584,-0.0,-0.0008170534399162691,-0.0,0.0
3.2200013249985204,-30.0,0.3517100203102963,-30.351710020310296,-0.26459689322289554,1665.2968808158178,down,-0.2648686367324848,-0.0,0.0002717435095892684,-0.0,-0.001953125
3.2400010349992954,-30.0,0.3517100203102963,-30.351710020310296,-0.2646784162757723,1665.3228988114167,down,-0.2648686367324848,-0.0,0.00019022045671248787,-0.0,-0.001953125
3.2600008560002607,-30.0,0.34623189538929644,-30.346231895389295,-0.26325350700382755,1664.8681405331365,down,-0.2648208310741313,-0.0,0.001567324070303765,-0.0,-0.001953125
3.280001009999978,-30.0,0.34623189538929644,-30.346231895389295,-0.26372370422491864,1665.0182034760378,down,-0.2648208310741313,-0.0,0.0010971268492126355,-0.0,0.001953125
3.3000008489998436,-30.0,0.34623189538929644,-30.346231895389295,-0.26405284227968245,1665.123247536069,down,-0.2648208310741313,-0.0,0.0007679887944488448,-0.0,0.001953125
3.320000743999117,-30.0,0.3439756126815361,-30.343975612681536,-0.2636728557053705,1665.0019752251183,down,-0.2648011412930782,-0.0,0.0011282855877076613,-0.0,0.001953125
3.3400014159997227,-30.0,0.3439756126815361,-30.343975612681536,-0.2640113413816828,1665.1100025686221,down,-0.2648011412930782,-0.0,0.0007897999113953629,-0.0,0.001953125
3.3600009589990805,-30.0,0.3469950093635745,-30.346995009363575,-0.2650651067647446,1665.4463106695994,down,-0.2648274904998409,-0.0,-0.00023761626490368672,-0.0,0.001953125
3.3800010949998978,-30.0,0.3469950093635745,-30.346995009363575,-0.2649938218852735,1665.423560176151,down,-0.2648274904998409,-0.0,-0.00016633138543258069,-0.0,0.0
3.400000674999319,-30.0,0.3469950093635745,-30.346995009363575,-0.2649439224696437,1665.4076348307374,down,-0.2648274904998409,-0.0,-0.00011643196980280647,-0.0,0.0
3.420001050999417,-30.0,0.34278956611372813,-30.34278956611373,-0.26377131099486123,1665.0333971260195,down,-0.2647907910842331,-0.0,0.001019480089371885,-0.0,0.001953125
3.4400011309990077,-30.0,0.34278956611372813,-30.34278956611373,-0.2640771550216728,1665.1310069218105,down,-0.2647907910842331,-0.0,0.0007136360625603195,-0.0,0.001953125
3.460000877999846,-30.0,0.34278956611372813,-30.34278956611373,-0.2642912458404409,1665.199333778864,down,-0.2647907910842331,-0.0,0.0004995452437922236,-0.0,0.001953125
3.4800010130002192,-30.0,0.34278956611372813,-30.34278956611373,-0.2644411094135785,1665.2471625788016,down,-0.2647907910842331,-0.0,0.0003496816706545565,-0.0,0.0
3.5000009819996194,-30.0,0.34278956611372813,-30.34278956611373,-0.2645460139147749,1665.280642738758,down,-0.2647907910842331,-0.0,0.0002447771694581895,-0.0,0.0
3.5200008589999925,-30.0,0.34278956611372813,-30.34278956611373,-0.26461944706561236,1665.3040788507274,down,-0.2647907910842331,-0.0,0.00017134401862073265,-0.0,0.001953125
3.5400008830001752,-30.0,0.34278956611372813,-30.34278956611373,-0.2646708502711986,1665.3204841291058,down,-0.2647907910842331,-0.0,0.00011994081303451285,-0.0,0.001953125
3.5600006849999772,-30.0,0.3387865683229556,-30.338786568322956,-0.2636239173984238,1664.9863566165182,down,-0.26475585833853355,-0.0,0.001131940940109747,-0.0,0.001953125
3.580001116999483,-30.0,0.3387865683229556,-30.338786568322956,-0.26396349968045674,1665.0947339405714,down,-0.26475585833853355,-0.0,0.0007923586580768228,-0.0,0.0
3.6000008449991583,-30.0,0.3387865683229556,-30.338786568322956,-0.26420120727787977,1665.1705980674085,down,-0.26475585833853355,-0.0,0.0005546510606537759,-0.0,0.0
3.6200007219995314,-30.0,0.33556439489518297,-30.335564394895183,-0.2634959207976099,1664.9455066375351,down,-0.2647277395708411,-0.0,0.001231818773231212,-0.0,0.00390625
3.6400011719997565,-30.0,0.33556439489518297,-30.335564394895183,-0.26386546642957925,1665.0634467328446,down,-0.2647277395708411,-0.0,0.0008622731412618485,-0.0,0.00390625
3.660000788999241,-30.0,0.34278956611372813,-30.34278956611373,-0.26607874528710895,1665.769812325673,down,-0.2647907910842331,-0.0,-0.001287954202875863,-0.0,0.00390625
3.6800008689988317,-30.0,0.34278956611372813,-30.34278956611373,-0.2656923590262462,1665.646497561568,down,-0.2647907910842331,-0.0,-0.0009015679420131041,-0.0,0.001953125
3.7000008009999874,-30.0,0.34278956611372813,-30.34278956611373,-0.26542188864364225,1665.5601772266943,down,-0.2647907910842331,-0.0,-0.0006310975594091728,-0.0,0.001953125
3.720001065999895,-30.0,0.3437727374839028,-30.343772737483903,-0.26549853282739333,1665.5846381364022,down,-0.26479937087299354,-0.0,-0.0006991619543998057,-0.0,-0.001953125
3.7400008859985974,-30.0,0.3437727374839028,-30.343772737483903,-0.2652887842410734,1665.517697098215,down,-0.26479937087299354,-0.0,-0.000489413368079864,-0.0,-0.001953125
3.760000873999161,-30.0,0.34250007633586677,-30.342500076335867,-0.2647976722575701,1665.3609592311395,down,-0.2647882648093458,-0.0,-9.40744822429824e-06,-0.0,-0.001953125
3.7800007129990263,-30.0,0.34250007633586677,-30.342500076335867,-0.2647948500231028,1665.3600585180116,down,-0.2647882648093458,-0.0,-6.5852137570087675e-06,-0.0,-0.001953125
3.8000011449985323,-30.0,0.34250007633586677,-30.342500076335867,-0.2647928744589757,1665.359428018822,down,-0.2647882648093458,-0.0,-4.609649629906137e-06,-0.0,-0.001953125
3.8200006689985457,-30.0,0.3437727374839028,-30.343772737483903,-0.2651357795371661,1665.4688658097339,down,-0.26479937087299354,-0.0,-0.0003364086641725408,-0.0,0.001953125
3.840001433998623,-30.0,0.3437727374839028,-30.343772737483903,-0.26503485693791434,1665.4366564695472,down,-0.26479937087299354,-0.0,-0.00023548606492077855,-0.0,0.001953125
3.860001031998763,-30.0,0.3519809611759115,-30.35198096117591,-0.2671847493205073,1666.1227923363322,down,-0.2648710011375764,-0.0,-0.002313748182930892,-0.0,0.001953125
3.8800006120000035,-30.0,0.3519809611759115,-30.35198096117591,-0.266490624865628,1665.9012632549877,down,-0.2648710011375764,-0.0,-0.0016196237280516241,-0.0,0.0
3.9000007479990018,-30.0,0.3519809611759115,-30.35198096117591,-0.2660047377472125,1665.7461928980465,down,-0.2648710011375764,-0.0,-0.001133736609636137,-0.0,0.0
3.9200010129989096,-30.0,0.34250007633586677,-30.342500076335867,-0.26309979058917315,1664.8190821029275,down,-0.2647882648093458,-0.0,0.0016884742201726574,-0.0,0.0
3.9400007219992403,-30.0,0.34250007633586677,-30.342500076335867,-0.26360633285522495,1664.9807445282634,down,-0.2647882648093458,-0.0,0.00118193195412086,-0.0,0.0
3.960001116998683,-30.0,0.3400392674927577,-30.340039267492756,-0.2632951995845573,1664.8814466759227,down,-0.2647667902010586,-0.0,0.001471590616501284,-0.0,0.0
3.9800014379998174,-30.0,0.3400392674927577,-30.340039267492756,-0.2637366767695077,1665.022343649843,down,-0.2647667902010586,-0.0,0.0010301134315508988,-0.0,-0.001953125
4.000001387999873,-30.0,0.3400392674927577,-30.340039267492756,-0.26404571079897293,1665.1209715315872,down,-0.2647667902010586,-0.0,0.0007210794020856291,-0.0,-0.001953125
4.020000986000014,-30.0,0.3432611876038649,-30.343261187603865,-0.2651336478893118,1665.4681854965888,down,-0.2647949067581461,-0.0,-0.00033874113116570215,-0.0,0.001953125
4.040001232999202,-30.0,0.3432611876038649,-30.343261187603865,-0.2650320255499621,1665.4357528350943,down,-0.2647949067581461,-0.0,-0.0002371187918159915,-0.0,0.001953125
4.060001349998856,-30.0,0.3472631866128797,-30.347263186612878,-0.2660435348326346,1665.7585749465854,down,-0.2648298307878305,-0.0,-0.0012137040448040623,-0.0,0.001953125
4.0800011699993775,-30.0,0.3472631866128797,-30.347263186612878,-0.26567942361919333,1665.6423692401681,down,-0.2648298307878305,-0.0,-0.0008495928313628435,-0.0,0.0
4.1000008060000255,-30.0,0.3472631866128797,-30.347263186612878,-0.2654245457697845,1665.5610252456759,down,-0.2648298307878305,-0.0,-0.0005947149819539904,-0.0,0.0
4.1200009229996795,-30.0,0.3472631866128797,-30.347263186612878,-0.2652461312751983,1665.5040844495313,down,-0.2648298307878305,-0.0,-0.0004163004873677933,-0.0,0.0
4.140000872999735,-30.0,0.3472631866128797,-30.347263186612878,-0.26512124112898794,1665.4642258922302,down,-0.2648298307878305,-0.0,-0.0002914103411574553,-0.0,0.0
4.160001230999114,-30.0,0.34404116816090813,-30.344041168160906,-0.26416217815316356,1665.1581419637755,down,-0.2648017133725571,-0.0,0.0006395352193935022,-0.0,0.0
4.18000069899972,-30.0,0.34404116816090813,-30.344041168160906,-0.26435403871898167,1665.2193740592495,down,-0.2648017133725571,-0.0,0.0004476746535754515,-0.0,0.001953125
4.200000741999247,-30.0,0.34404116816090813,-30.344041168160906,-0.26448834111505426,1665.262236526081,down,-0.2648017133725571,-0.0,0.000313372257502816,-0.0,0.001953125
4.220001025998499,-30.0,0.34424548174186675,-30.344245481741865,-0.2646376249350662,1665.3098802984255,down,-0.2648034963449042,-0.0,0.00016587140983795464,-0.0,0.001953125
4.24000084599902,-30.0,0.34424548174186675,-30.344245481741865,-0.26468738635801764,1665.3257616036226,down,-0.2648034963449042,-0.0,0.00011610998688656824,-0.0,0.001953125
4.260000741000113,-30.0,0.3472631866128797,-30.347263186612878,-0.2655385870847996,1665.5974214100424,down,-0.2648298307878305,-0.0,-0.0007087562969691065,-0.0,0.001953125
4.280000635999386,-30.0,0.3472631866128797,-30.347263186612878,-0.26532596019570887,1665.529561764588,down,-0.2648298307878305,-0.0,-0.0004961294078783745,-0.0,-0.001953125
4.300000956000076,-30.0,0.3472631866128797,-30.347263186612878,-0.26517712137334537,1665.4820600127698,down,-0.2648298307878305,-0.0,-0.0003472905855148621,-0.0,-0.001953125
4.320000869998694,-30.0,0.3400392674927577,-30.340039267492756,-0.26311867600776045,1664.8251093641788,down,-0.2647667902010586,-0.0,0.0016481141932981071,-0.0,0.00390625
4.34000093099894,-30.0,0.3400392674927577,-30.340039267492756,-0.2636131102657499,1664.9829075316222,down,-0.2647667902010586,-0.0,0.0011536799353086748,-0.0,0.00390625
4.360001065999313,-30.0,0.3482473824100172,-30.348247382410015,-0.2661797230220102,1665.8020392623437,down,-0.2648384195164027,-0.0,-0.001341303505607524,-0.0,0.00390625
4.38000120200013,-30.0,0.3482473824100172,-30.348247382410015,-0.26577733197032793,1665.6736165862749,down,-0.2648384195164027,-0.0,-0.0009389124539252667,-0.0,0.001953125
4.400000910998642,-30.0,0.3482473824100172,-30.348247382410015,-0.2654956582341504,1665.5837207130267,down,-0.2648384195164027,-0.0,-0.0006572387177476867,-0.0,0.001953125
4.420000823998635,-30.0,0.3472631866128797,-30.347263186612878,-0.2650322360330888,1665.4358200105603,down,-0.2648298307878305,-0.0,-0.00020240524525829502,-0.0,-0.00390625
4.440001144999769,-30.0,0.3472631866128797,-30.347263186612878,-0.26497151445951134,1665.4164407849505,down,-0.2648298307878305,-0.0,-0.0001416836716808065,-0.0,-0.00390625
4.460000761999254,-30.0,0.34424548174186675,-30.344245481741865,-0.26411264162729103,1665.1423324342418,down,-0.2648034963449042,-0.0,0.0006908547176131398,-0.0,-0.00390625
4.4800009339996905,-30.0,0.34424548174186675,-30.344245481741865,-0.264319898042575,1665.208478098694,down,-0.2648034963449042,-0.0,0.0004835983023291978,-0.0,-0.001953125
4.500000698999429,-30.0,0.34424548174186675,-30.344245481741865,-0.26446497753327375,1665.2547800638108,down,-0.2648034963449042,-0.0,0.0003385188116304385,-0.0,-0.001953125
4.520001297998533,-30.0,0.34424548174186675,-30.344245481741865,-0.2645665331767629,1665.2871914393925,down,-0.2648034963449042,-0.0,0.00023696316814130692,-0.0,0.001953125
4.540000988999964,-30.0,0.34424548174186675,-30.344245481741865,-0.26463762212720526,1665.3098794022994,down,-0.2648034963449042,-0.0,0.00016587421769891485,-0.0,0.001953125
4.560001123998518,-30.0,0.3410240117033023,-30.341024011703304,-0.26381589287914187,1665.0476253869601,down,-0.26477538371544057,-0.0,0.0009594908362987109,-0.0,0.001953125
4.58000101899961,-30.0,0.3410240117033023,-30.341024011703304,-0.26410374013003146,1665.139491530861,down,-0.26477538371544057,-0.0,0.0006716435854090976,-0.0,0.0
4.600000857999476,-30.0,0.3410240117033023,-30.341024011703304,-0.2643052332056542,1665.2037978315918,down,-0.26477538371544057,-0.0,0.0004701505097863683,-0.0,0.0
4.620001011999193,-30.0,0.3370217594142826,-30.337021759414284,-0.2633635649195376,1664.9032653998524,down,-0.26474045747547115,-0.0,0.001376892555933565,-0.0,0.0
4.640001239999037,-30.0,0.3370217594142826,-30.337021759414284,-0.2637766326863176,1665.0350955381864,down,-0.26474045747547115,-0.0,0.0009638247891534954,-0.0,0.0
4.660000967998712,-30.0,0.32959462361373326,-30.329594623613733,-0.2620565465305225,1664.4861318714434,down,-0.26467564348861494,-0.0,0.0026190969580924058,-0.0,0.0
4.680000880998705,-30.0,0.32959462361373326,-30.329594623613733,-0.26284227561795026,1664.7368964738139,down,-0.26467564348861494,-0.0,0.0018333678706646838,-0.0,-0.001953125
4.700001016999522,-30.0,0.32959462361373326,-30.329594623613733,-0.26339228597914965,1664.9124316954733,down,-0.26467564348861494,-0.0,0.0012833575094652785,-0.0,-0.001953125
4.720000669998626,-30.0,0.3255920198517277,-30.325592019851726,-0.2626944847103438,1664.6897291628757,down,-0.2646407141814651,-0.0,0.0019462294711213182,-0.0,0.001953125
4.740001008998661,-30.0,0.3255920198517277,-30.325592019851726,-0.2632783535516802,1664.876070282451,down,-0.2646407141814651,-0.0,0.0013623606297849227,-0.0,0.001953125
4.760001052000007,-30.0,0.3297982341008385,-30.32979823410084,-0.26482495219983054,1665.3696655956905,down,-0.2646774203253107,-0.0,-0.00014753187451981595,-0.0,0.001953125
4.780000797998582,-30.0,0.3297982341008385,-30.32979823410084,-0.2647806926374746,1665.3555402034494,down,-0.2646774203253107,-0.0,-0.00010327231216387115,-0.0,0.0
4.800000803999865,-30.0,0.3297982341008385,-30.32979823410084,-0.26474971094382543,1665.3456524288804,down,-0.2646774203253107,-0.0,-7.22906185147098e-05,-0.0,0.0
4.8200006619990745,-30.0,0.3255920198517277,-30.325592019851726,-0.2635901332990562,1664.9755744571455,down,-0.2646407141814651,-0.0,0.0010505808824089649,-0.0,0.0
4.840000815000167,-30.0,0.3255920198517277,-30.325592019851726,-0.26390530756377883,1665.0761619884402,down,-0.2646407141814651,-0.0,0.0007354066176862754,-0.0,0.0
4.860001135999482,-30.0,0.321386137021209,-30.321386137021207,-0.26298812874722716,1664.7834453448597,down,-0.2646040109297923,-0.0,0.0016158821825651513,-0.0,0.0
4.880000826999094,-30.0,0.321386137021209,-30.321386137021207,-0.2634728934019967,1664.9381574687222,down,-0.2646040109297923,-0.0,0.0011311175277956059,-0.0,-0.00390625
4.900000702999023,-30.0,0.321386137021209,-30.321386137021207,-0.2638122286603354,1665.0464559554262,down,-0.2646040109297923,-0.0,0.0007917822694569241,-0.0,-0.00390625
4.920001411999692,-30.0,0.3159080476183078,-30.315908047618308,-0.26256779754078424,1664.6492970874842,down,-0.26455620558139264,-0.0,0.001988408040608384,-0.0,0.001953125
4.940000732998669,-30.0,0.3159080476183078,-30.315908047618308,-0.2631643199529668,1664.839676580734,down,-0.26455620558139264,-0.0,0.0013918856284258687,-0.0,0.001953125
4.960000904999106,-30.0,0.324320584363063,-30.324320584363065,-0.26585769584342983,1665.6992646308818,down,-0.26462961881371316,-0.0,-0.0012280770297166481,-0.0,0.001953125
4.980000780999035,-30.0,0.324320584363063,-30.324320584363065,-0.26548927273451484,1665.581682787611,down,-0.26462961881371316,-0.0,-0.0008596539208016536,-0.0,0.001953125
5.000001323998731,-30.0,0.324320584363063,-30.324320584363065,-0.26523137655827433,1665.4993754973216,down,-0.26462961881371316,-0.0,-0.0006017577445611575,-0.0,0.001953125
5.0200010139997175,-30.0,0.33154356111572625,-30.331543561115726,-0.2670048524899052,1666.065378454225,down,-0.26469265117677765,-0.0,-0.00231220131312754,-0.0,-0.001953125
5.040001093999308,-30.0,0.33154356111572625,-30.331543561115726,-0.26631119209596693,1665.8439974774362,down,-0.26469265117677765,-0.0,-0.0016185409191892778,-0.0,-0.001953125
5.060001230000125,-30.0,0.32657786111017906,-30.32657786111018,-0.26448227869138213,1665.2603017100155,down,-0.2646493172693961,-0.0,0.00016703857801399582,-0.0,-0.001953125
5.080000680000012,-30.0,0.32657786111017906,-30.32657786111018,-0.2645323902647863,1665.2762947653573,down,-0.2646493172693961,-0.0,0.00011692700460979707,-0.0,-0.001953125
5.10000107399901,-30.0,0.32657786111017906,-30.32657786111018,-0.26456746836616923,1665.2874899040967,down,-0.2646493172693961,-0.0,8.184890322685794e-05,-0.0,-0.001953125
5.1200009690001025,-30.0,0.3307844067717127,-30.330784406771713,-0.2657300031520406,1665.6585116442684,down,-0.2646860263053607,-0.0,-0.0010439768466798892,-0.0,0.001953125
5.140000993000285,-30.0,0.3307844067717127,-30.330784406771713,-0.26541681009803664,1665.558556414267,down,-0.2646860263053607,-0.0,-0.0007307837926759224,-0.0,0.001953125
5.160001164998903,-30.0,0.3307844067717127,-30.330784406771713,-0.26519757496023383,1665.488587753266,down,-0.2646860263053607,-0.0,-0.0005115486548731456,-0.0,0.001953125
5.180000762999043,-30.0,0.3307844067717127,-30.330784406771713,-0.2650441103637719,1665.4396096905655,down,-0.2646860263053607,-0.0,-0.0003580840584112019,-0.0,0.0
5.2000006580001354,-30.0,0.3307844067717127,-30.330784406771713,-0.2649366851462485,1665.405325046675,down,-0.2646860263053607,-0.0,-0.00025065884088784136,-0.0,0.0
5.220001144998605,-30.0,0.338007383524376,-30.338007383524378,-0.2668154907489814,1666.004943856058,down,-0.2647490586684252,-0.0,-0.002066432080556219,-0.0,-0.001953125
5.240001242998915,-30.0,0.338007383524376,-30.338007383524378,-0.2661955611248145,1665.8070939760046,down,-0.2647490586684252,-0.0,-0.001446502456389353,-0.0,-0.001953125
5.26000106399988,-30.0,0.3307844067717127,-30.330784406771713,-0.2638076071328985,1665.0449809998613,down,-0.2646860263053607,-0.0,0.0008784191724621826,-0.0,-0.001953125
5.280000791999555,-30.0,0.3307844067717127,-30.330784406771713,-0.2640711328846372,1665.129084963182,down,-0.2646860263053607,-0.0,0.0006148934207235278,-0.0,-0.001953125
5.300000741999611,-30.0,0.3307844067717127,-30.330784406771713,-0.2642556009108542,1665.1879577375066,down,-0.2646860263053607,-0.0,0.0004304253945064694,-0.0,-0.001953125
5.320000821999201,-30.0,0.3332448341703689,-30.33324483417037,-0.26505033819545504,1665.4415972964218,down,-0.26470749758491713,-0.0,-0.0003428406105379028,-0.0,0.001953125
5.3400011979993,-30.0,0.3332448341703689,-30.33324483417037,-0.2649474860122937,1665.4087721315832,down,-0.26470749758491713,-0.0,-0.00023998842737653196,-0.0,0.001953125
5.360001017999821,-30.0,0.34046816224811316,-30.340468162248115,-0.26682958778166077,1666.0094429090407,down,-0.2647705330138713,-0.0,-0.002059054767789435,-0.0,0.001953125
5.380000801998904,-30.0,0.34046816224811316,-30.340468162248115,-0.2662118713513239,1665.8122993674438,down,-0.2647705330138713,-0.0,-0.0014413383374526046,-0.0,0.0
5.400000899999213,-30.0,0.34046816224811316,-30.340468162248115,-0.26577946985008816,1665.6742988883261,down,-0.2647705330138713,-0.0,-0.0010089368362168232,-0.0,0.0
5.420000905000052,-30.0,0.3292414291221384,-30.32924142912214,-0.262439665211213,1664.6084037908126,down,-0.2646725612852258,-0.0,0.0022328960740128573,-0.0,-0.001953125
5.440000910999515,-30.0,0.3292414291221384,-30.32924142912214,-0.2631095340334168,1664.8221917127926,down,-0.2646725612852258,-0.0,0.0015630272518090001,-0.0,-0.001953125
5.460000842998852,-30.0,0.3260217035498503,-30.32602170354985,-0.2627074226191297,1664.693858282701,down,-0.2646444638791023,-0.0,0.0019370412599725945,-0.0,-0.001953125
5.480000977999225,-30.0,0.3260217035498503,-30.32602170354985,-0.26328853499712146,1664.8793196799325,down,-0.2646444638791023,-0.0,0.001355928881980816,-0.0,0.001953125
5.500000668998837,-30.0,0.3260217035498503,-30.32602170354985,-0.2636953136617157,1665.0091426579943,down,-0.2646444638791023,-0.0,0.0009491502173865712,-0.0,0.001953125
5.520001136999781,-30.0,0.33149760320605814,-30.33149760320606,-0.26546143214383133,1665.5727974927122,down,-0.2646922501183571,-0.0,-0.0007691820254741993,-0.0,0.00390625
5.540001014000154,-30.0,0.33149760320605814,-30.33149760320606,-0.26523067753618906,1665.4991524051668,down,-0.2646922501183571,-0.0,-0.0005384274178319395,-0.0,0.00390625
5.560001185998772,-30.0,0.3357043715654022,-30.335704371565402,-0.26620718967129825,1665.810805214244,down,-0.26472896109772676,-0.0,-0.0014782285735714727,-0.0,0.00390625
5.580000931999166,-30.0,0.3357043715654022,-30.335704371565402,-0.2657637210992268,1665.6692726912427,down,-0.26472896109772676,-0.0,-0.0010347600015000308,-0.0,-0.005859375
5.600000827000258,-30.0,0.3357043715654022,-30.335704371565402,-0.2654532930987768,1665.5701999251414,down,-0.26472896109772676,-0.0,-0.0007243320010500216,-0.0,-0.005859375
5.620001129000229,-30.0,0.3272911661147866,-30.327291166114787,-0.26296000239418216,1664.774468849207,down,-0.26465554202984676,-0.0,0.001695539635664625,-0.0,-0.001953125
5.640001282999947,-30.0,0.3272911661147866,-30.327291166114787,-0.2634686642848815,1664.9368077504942,down,-0.26465554202984676,-0.0,0.0011868777449652373,-0.0,-0.001953125
5.660001158999876,-30.0,0.33225845141137,-30.33225845141137,-0.265168507599696,1665.4793109360733,down,-0.2646988897715024,-0.0,-0.0004696178281935765,-0.0,-0.001953125
5.680001052998705,-30.0,0.33225845141137,-30.33225845141137,-0.26502762225123794,1665.434347526991,down,-0.2646988897715024,-0.0,-0.00032873247973550353,-0.0,0.001953125
5.700001133000114,-30.0,0.33225845141137,-30.33225845141137,-0.26492900250731727,1665.4028731406331,down,-0.2646988897715024,-0.0,-0.00023011273581485244,-0.0,0.001953125
5.720001211999261,-30.0,0.33205517943553,-30.332055179435528,-0.26480497832511346,1665.3632909548235,down,-0.2646971158888747,-0.0,-0.0001078624362387548,-0.0,0.001953125
5.740001124999253,-30.0,0.33205517943553,-30.332055179435528,-0.2647726195942418,1665.3529637002898,down,-0.2646971158888747,-0.0,-7.550370536712835e-05,-0.0,0.001953125
5.760000852998928,-30.0,0.33626150517169506,-30.336261505171695,-0.26588788910199723,1665.708900777233,down,-0.2647338230056284,-0.0,-0.0011540660963688225,-0.0,0.001953125
5.7800008399990475,-30.0,0.33626150517169506,-30.336261505171695,-0.2655416692730866,1665.5984050871552,down,-0.2647338230056284,-0.0,-0.0008078462674581757,-0.0,0.0
5.800000715998976,-30.0,0.33626150517169506,-30.336261505171695,-0.2652993153928491,1665.5210581041008,down,-0.2647338230056284,-0.0,-0.000565492387220723,-0.0,0.0
5.820000794999942,-30.0,0.3402641089337006,-30.340264108933702,-0.26621247619832844,1665.8124924037218,down,-0.2647687523127783,-0.0,-0.0014437238855501294,-0.0,-0.00390625
5.84000093099894,-30.0,0.3402641089337006,-30.340264108933702,-0.26577935903266336,1665.6742635210628,down,-0.2647687523127783,-0.0,-0.0010106067198850906,-0.0,-0.00390625
5.860000898999715,-30.0,0.3297982341008385,-30.32979823410084,-0.2626448854052045,1664.6738995974056,down,-0.2646774203253107,-0.0,0.002032534920106262,-0.0,-0.00390625
5.880000904999179,-30.0,0.3297982341008385,-30.32979823410084,-0.2632546458812363,1664.8685040046498,down,-0.2646774203253107,-0.0,0.0014227744440743833,-0.0,0.001953125
5.900000779998663,-30.0,0.3297982341008385,-30.32979823410084,-0.26368147821445864,1665.0047270897207,down,-0.2646774203253107,-0.0,0.0009959421108520683,-0.0,0.001953125
5.920000952999544,-30.0,0.33626150517169506,-30.336261505171695,-0.2657287439375622,1665.658109767307,down,-0.2647338230056284,-0.0,-0.000994920931933754,-0.0,0.00390625
5.94000101399979,-30.0,0.33626150517169506,-30.336261505171695,-0.26543026765798206,1665.5628513802071,down,-0.2647338230056284,-0.0,-0.0006964446523536278,-0.0,0.00390625
5.960000889999719,-30.0,0.347691687561559,-30.347691687561557,-0.2683134961727782,1666.4830306934398,down,-0.2648335701640317,-0.0,-0.003479926008746536,-0.0,0.00390625
5.980000839999775,-30.0,0.347691687561559,-30.347691687561557,-0.2672695183701543,1666.1498462883471,down,-0.2648335701640317,-0.0,-0.002435948206122575,-0.0,-0.001953125
6.000001066999175,-30.0,0.347691687561559,-30.347691687561557,-0.2665387339083175,1665.9166172047821,down,-0.2648335701640317,-0.0,-0.0017051637442858025,-0.0,-0.001953125
6.020000942999104,-30.0,0.3434850304851391,-30.34348503048514,-0.26488917452950117,1665.3901620838833,down,-0.2647968601557888,-0.0,-9.23143737123727e-05,-0.0,-0.00390625
6.040001022998695,-30.0,0.3434850304851391,-30.34348503048514,-0.2648614802173875,1665.3813234736344,down,-0.2647968601557888,-0.0,-6.462006159866089e-05,-0.0,-0.00390625
6.060001342999385,-30.0,0.3377355698329829,-30.337735569832983,-0.2632867154107011,1664.878738960862,down,-0.2647466866464918,-0.0,0.0014599712357907196,-0.0,-0.00390625
6.080001162999906,-30.0,0.3377355698329829,-30.337735569832983,-0.26372470678143833,1665.0185234408846,down,-0.2647466866464918,-0.0,0.0010219798650535038,-0.0,0.001953125
6.100000927999645,-30.0,0.3377355698329829,-30.337735569832983,-0.2640313007409544,1665.1163725769004,down,-0.2647466866464918,-0.0,0.0007153859055374526,-0.0,0.001953125
6.120001414999933,-30.0,0.34173872222973856,-30.34173872222974,-0.26532887345424416,1665.5304915279503,down,-0.26478162074138306,-0.0,-0.0005472527128611059,-0.0,-0.001953125
6.140001290999862,-30.0,0.34173872222973856,-30.34173872222974,-0.26516469764038586,1665.4780949916126,down,-0.26478162074138306,-0.0,-0.0003830768990027741,-0.0,-0.001953125
6.160000907999347,-30.0,0.34994786164547875,-30.34994786164548,-0.2672705604998636,1666.1501788829353,down,-0.264853258997163,-0.0,-0.0024173015027005823,-0.0,-0.001953125
6.180000746999212,-30.0,0.34994786164547875,-30.34994786164548,-0.26654537004905343,1665.9187351220382,down,-0.264853258997163,-0.0,-0.0016921110518904076,-0.0,0.0
6.200000714999987,-30.0,0.34994786164547875,-30.34994786164548,-0.2660377367334863,1665.7567244894105,down,-0.264853258997163,-0.0,-0.0011844777363232853,-0.0,0.0
6.2200007579995145,-30.0,0.34896279614109815,-30.348962796141098,-0.2654159075484008,1665.558268366511,down,-0.2648446626789634,-0.0,-0.0005712448694374033,-0.0,-0.00390625
6.24000072599847,-30.0,0.34896279614109815,-30.348962796141098,-0.2652445340875696,1665.5035747087989,down,-0.2648446626789634,-0.0,-0.0003998714086061823,-0.0,-0.00390625
6.260000991000197,-30.0,0.3449599952909992,-30.344959995291,-0.2640417108258819,1665.1196949444304,down,-0.2648097316518954,-0.0,0.0007680208260134982,-0.0,-0.00390625
6.280000847998963,-30.0,0.3449599952909992,-30.344959995291,-0.264272117073686,1665.193228853304,down,-0.2648097316518954,-0.0,0.0005376145782094487,-0.0,0.0
6.300001243000224,-30.0,0.3449599952909992,-30.344959995291,-0.26443340144714883,1665.2447025895156,down,-0.2648097316518954,-0.0,0.00037633020474661406,-0.0,0.0
6.320000895999328,-30.0,0.3521846178373984,-30.3521846178374,-0.2665007489936243,1665.9044943596673,down,-0.2648727783772197,-0.0,-0.0016279706164046253,-0.0,0.0
6.340001234999363,-30.0,0.3521846178373984,-30.3521846178374,-0.2660123578087029,1665.7486248325647,down,-0.2648727783772197,-0.0,-0.0011395794314832378,-0.0,0.0
6.360001017999821,-30.0,0.3544406806321785,-30.35444068063218,-0.2662808076997181,1665.8343003296973,down,-0.26489246623917,-0.0,-0.001388341460548118,-0.0,0.0
6.380000708999432,-30.0,0.3544406806321785,-30.35444068063218,-0.2658643052615537,1665.7013740196448,down,-0.26489246623917,-0.0,-0.0009718390223836825,-0.0,0.001953125
6.400001177999002,-30.0,0.3544406806321785,-30.35444068063218,-0.2655727535548386,1665.6083256026081,down,-0.26489246623917,-0.0,-0.0006802873156685778,-0.0,0.001953125
6.42000107199965,-30.0,0.3544406806321785,-30.35444068063218,-0.26536866736013803,1665.5431917106823,down,-0.26489246623917,-0.0,-0.00047620112096800443,-0.0,-0.00390625
6.440000910999515,-30.0,0.3544406806321785,-30.35444068063218,-0.2652258070238476,1665.4975979863343,down,-0.26489246623917,-0.0,-0.00033334078467760306,-0.0,-0.00390625
6.460001082999952,-30.0,0.35520333143350946,-30.355203331433508,-0.2653321216851004,1665.5315281973726,down,-0.2648991216229331,-0.0,-0.0004330000621673031,-0.0,-0.00390625
6.480000755000219,-30.0,0.35520333143350946,-30.355203331433508,-0.26520222166645024,1665.4900707446118,down,-0.2648991216229331,-0.0,-0.00030310004351711216,-0.0,-0.001953125
6.50000083499981,-30.0,0.35520333143350946,-30.355203331433508,-0.2651112916533951,1665.4610505276792,down,-0.2648991216229331,-0.0,-0.0002121700304619785,-0.0,-0.001953125
6.520001080998554,-30.0,0.35520333143350946,-30.355203331433508,-0.2650476406442565,1665.4407363758264,down,-0.2648991216229331,-0.0,-0.00014851902132338493,-0.0,0.001953125
6.54000101299971,-30.0,0.35520333143350946,-30.355203331433508,-0.26500308493785946,1665.4265164695296,down,-0.2648991216229331,-0.0,-0.00010396331492636944,-0.0,0.001953125
6.560001017998729,-30.0,0.36242834749159236,-30.362428347491594,-0.26692645088358824,1666.040356664975,down,-0.26496217178229464,-0.0,-0.001964279101293587,-0.0,0.001953125
6.5800006720000965,-30.0,0.36242834749159236,-30.362428347491594,-0.26633716715320016,1665.8522873893191,down,-0.26496217178229464,-0.0,-0.001374995370905511,-0.0,0.0
6.600000861999433,-30.0,0.36242834749159236,-30.362428347491594,-0.2659246685419285,1665.7206388963602,down,-0.26496217178229464,-0.0,-0.0009624967596338575,-0.0,0.0
6.620001293998939,-30.0,0.35920542874649364,-30.359205428746492,-0.264764036087832,1665.3502242833506,down,-0.2649340465104815,-0.0,0.00017001042264953934,-0.0,0.0
6.640000743998826,-30.0,0.35920542874649364,-30.359205428746492,-0.26481503921462685,1665.3665018770087,down,-0.2649340465104815,-0.0,0.00011900729585467753,-0.0,0.0
6.66000086099848,-30.0,0.3527428203685279,-30.352742820368526,-0.2631024375892149,1664.8199268901749,down,-0.2648776496132503,-0.0,0.0017752120240353718,-0.0,0.0
6.680000939999445,-30.0,0.3527428203685279,-30.352742820368526,-0.2636350011964255,1664.9898939988593,down,-0.2648776496132503,-0.0,0.00124264841682476,-0.0,-0.001953125
6.700000759999966,-30.0,0.3527428203685279,-30.352742820368526,-0.2640077957214729,1665.108870974938,down,-0.2648776496132503,-0.0,0.000869853891777332,-0.0,-0.001953125
6.720000987999811,-30.0,0.3527428203685279,-30.352742820368526,-0.26426875188900617,1665.1921548581936,down,-0.2648776496132503,-0.0,0.0006088977242441323,-0.0,0.001953125
6.740001233998555,-30.0,0.3527428203685279,-30.352742820368526,-0.2644514212062794,1665.2504535764722,down,-0.2648776496132503,-0.0,0.0004262284069708926,-0.0,0.001953125
6.760001127999203,-30.0,0.3559657391136266,-30.35596573911363,-0.265451173154577,1665.5695233472054,down,-0.2649057748850634,-0.0,-0.0005453982695136277,-0.0,0.001953125
6.780001096998603,-30.0,0.3559657391136266,-30.35596573911363,-0.2652875536737229,1665.517304363954,down,-0.2649057748850634,-0.0,-0.00038177878865953936,-0.0,0.0
6.800000638999336,-30.0,0.3559657391136266,-30.35596573911363,-0.26517302003712506,1665.4807510756782,down,-0.2649057748850634,-0.0,-0.00026724515206167753,-0.0,0.0
6.820000977999371,-30.0,0.35028141947338476,-30.350281419473383,-0.26355509004290756,1664.9643904392258,down,-0.2648561698383344,-0.0,0.0013010797954268222,-0.0,-0.001953125
6.840000815998792,-30.0,0.35028141947338476,-30.350281419473383,-0.2639454139815356,1665.0889619090008,down,-0.2648561698383344,-0.0,0.0009107558567987754,-0.0,-0.001953125
6.8600012110000534,-30.0,0.35104224396203065,-30.35104224396203,-0.2644244635701037,1665.241850075565,down,-0.2648628092845127,-0.0,0.0004383457144090451,-0.0,-0.001953125
6.880000882998502,-30.0,0.35104224396203065,-30.35104224396203,-0.2645559672844264,1665.2838193460934,down,-0.2648628092845127,-0.0,0.00030684200008633154,-0.0,0.0
6.900000961999467,-30.0,0.35104224396203065,-30.35104224396203,-0.2646480198844523,1665.3131978354636,down,-0.2648628092845127,-0.0,0.00021478940006043205,-0.0,0.0
6.920000893998804,-30.0,0.35504308888049074,-30.355043088880493,-0.265794789413147,1665.6791881105787,down,-0.2648977232428571,-0.0,-0.0008970661702898816,-0.0,0.001953125
6.940000750999388,-30.0,0.35504308888049074,-30.355043088880493,-0.26552566956206003,1665.5932987964022,down,-0.2648977232428571,-0.0,-0.000627946319202917,-0.0,0.001953125
6.960000903998662,-30.0,0.36052468827562834,-30.36052468827563,-0.2668202010109666,1666.0064471311596,down,-0.26494555922171736,-0.0,-0.001874641789249249,-0.0,0.001953125
6.98000076199969,-30.0,0.36052468827562834,-30.36052468827563,-0.26625780847419184,1665.8269601513377,down,-0.26494555922171736,-0.0,-0.0013122492524744742,-0.0,-0.001953125
7.000001303998943,-30.0,0.36052468827562834,-30.36052468827563,-0.2658641336984495,1665.7013192654626,down,-0.26494555922171736,-0.0,-0.0009185744767321319,-0.0,-0.001953125
7.020000845999675,-30.0,0.35652374534884324,-30.356523745348845,-0.2645062021329498,1665.2679368509414,down,-0.264910644408089,-0.0,0.0004044422751391805,-0.0,-0.001953125
7.040001055000175,-30.0,0.35652374534884324,-30.356523745348845,-0.26462753481549156,1665.3066600474972,down,-0.264910644408089,-0.0,0.00028310959259742635,-0.0,-0.001953125
7.060001431000273,-30.0,0.3492988850058243,-30.349298885005823,-0.2627579548780428,1664.7099855993754,down,-0.26484759560759774,-0.0,0.0020896407295549085,-0.0,0.001953125
7.080001102998722,-30.0,0.3492988850058243,-30.349298885005823,-0.2633848470969093,1664.91005758412,down,-0.26484759560759774,-0.0,0.0014627485106884358,-0.0,0.001953125
7.100001071999941,-30.0,0.3492988850058243,-30.349298885005823,-0.26382367165011583,1665.0501079734413,down,-0.26484759560759774,-0.0,0.0010239239574819051,-0.0,0.001953125
7.12000096599877,-30.0,0.35350443641159757,-30.353504436411598,-0.265268559980196,1665.511242546871,down,-0.26488429596704405,-0.0,-0.00038426401315195776,-0.0,0.00390625
7.140001044999735,-30.0,0.35350443641159757,-30.353504436411598,-0.26515328077625044,1665.4744513115693,down,-0.26488429596704405,-0.0,-0.0002689848092063704,-0.0,0.00390625
7.160001161999389,-30.0,0.35898528855783773,-30.35898528855784,-0.2665552985278753,1665.921903785492,down,-0.2649321254249275,-0.0,-0.0016231731029477904,-0.0,-0.001953125
7.180001407999953,-30.0,0.35898528855783773,-30.35898528855784,-0.26606834659699097,1665.7664935947844,down,-0.2649321254249275,-0.0,-0.001136221172063453,-0.0,-0.001953125
7.200000783999712,-30.0,0.35898528855783773,-30.35898528855784,-0.2657274802453719,1665.6577064612889,down,-0.2649321254249275,-0.0,-0.0007953548204444171,-0.0,-0.001953125
7.220001325998965,-30.0,0.35576182139909385,-30.355761821399092,-0.2646168420128638,1665.3032474509141,down,-0.2649039953673025,-0.0,0.0002871533544387179,-0.0,-0.001953125
7.240000943000268,-30.0,0.35576182139909385,-30.355761821399092,-0.2647029880191954,1665.33074085719,down,-0.2649039953673025,-0.0,0.00020100734810710253,-0.0,-0.001953125
7.260001095999542,-30.0,0.3492988850058243,-30.349298885005823,-0.26301489767277997,1664.7919886189723,down,-0.26484759560759774,-0.0,0.0018326979348177843,-0.0,-0.001953125
7.280000675998963,-30.0,0.3492988850058243,-30.349298885005823,-0.26356470705322527,1664.967459697838,down,-0.26484759560759774,-0.0,0.0012828885543724488,-0.0,-0.001953125
7.30000106999978,-30.0,0.3492988850058243,-30.349298885005823,-0.263949573619537,1665.0902894530436,down,-0.26484759560759774,-0.0,0.0008980219880607141,-0.0,-0.001953125
7.320000816000174,-30.0,0.3492988850058243,-30.349298885005823,-0.26421898021595525,1665.1762702816877,down,-0.26484759560759774,-0.0,0.0006286153916424998,-0.0,0.0
7.340001118000146,-30.0,0.3492988850058243,-30.349298885005823,-0.264407564833448,1665.2364568617388,down,-0.26484759560759774,-0.0,0.00044003077414974984,-0.0,0.0
7.3600009189995035,-30.0,0.3492988850058243,-30.349298885005823,-0.2645395740656929,1665.2785874677743,down,-0.26484759560759774,-0.0,0.00030802154190482484,-0.0,0.001953125
7.380000683999242,-30.0,0.3492988850058243,-30.349298885005823,-0.26463198052826437,1665.3080788919992,down,-0.26484759560759774,-0.0,0.00021561507933337738,-0.0,0.001953125
7.400001040999996,-30.0,0.3492988850058243,-30.349298885005823,-0.26469666505206435,1665.3287228889567,down,-0.26484759560759774,-0.0,0.00015093055553336415,-0.0,0.001953125
7.420000916999925,-30.0,0.3492988850058243,-30.349298885005823,-0.2647419442187244,1665.343173686827,down,-0.26484759560759774,-0.0,0.0001056513888733549,-0.0,0.0
7.440000718999727,-30.0,0.3492988850058243,-30.349298885005823,-0.2647736396353864,1665.353289245336,down,-0.26484759560759774,-0.0,7.395597221134842e-05,-0.0,0.0
7.460000928000227,-30.0,0.3525223521645682,-30.35252235216457,-0.26566785821342465,1665.6386781532206,down,-0.26487572566522277,-0.0,-0.0007921325482018659,-0.0,-0.001953125
7.480000951998591,-30.0,0.3525223521645682,-30.35252235216457,-0.2654302184489641,1665.5628356752013,down,-0.26487572566522277,-0.0,-0.0005544927837413061,-0.0,-0.001953125
7.5000010499989,-30.0,0.3525223521645682,-30.35252235216457,-0.2652638706138417,1665.509745940588,down,-0.26487572566522277,-0.0,-0.00038814494861891426,-0.0,-0.001953125
7.520001091999802,-30.0,0.34831713218967586,-30.348317132189678,-0.2640098056471022,1665.1095124405645,down,-0.2648390281980565,-0.0,0.0008292225509543169,-0.0,-0.001953125
7.540000893999604,-30.0,0.34831713218967586,-30.348317132189678,-0.2642585724123885,1665.18890608906,down,-0.2648390281980565,-0.0,0.0005804557856680218,-0.0,-0.001953125
7.560001250998539,-30.0,0.3505749565661116,-30.350574956566113,-0.265043509422248,1665.4394179007174,down,-0.2648587314327068,-0.0,-0.0001847779895412511,-0.0,0.0
7.580000792999272,-30.0,0.3505749565661116,-30.350574956566113,-0.26498807602538565,1665.4217263910805,down,-0.2648587314327068,-0.0,-0.00012934459267887574,-0.0,0.0
7.6000009839990526,-30.0,0.3505749565661116,-30.350574956566113,-0.264949272647582,1665.4093423343347,down,-0.2648587314327068,-0.0,-9.054121487521301e-05,-0.0,0.0
7.620001100000081,-30.0,0.3578003652488615,-30.357800365248863,-0.2668767714385201,1666.024501522932,down,-0.2649217850183649,-0.0,-0.0019549864201552363,-0.0,-0.001953125
7.640001216999735,-30.0,0.3578003652488615,-30.357800365248863,-0.26629027551247353,1665.837321972066,down,-0.2649217850183649,-0.0,-0.0013684904941086652,-0.0,-0.001953125
7.660001147998628,-30.0,0.36200536556226304,-30.36200536556226,-0.2670172904222428,1666.0693480070988,down,-0.264958480568623,-0.0,-0.002058809853619812,-0.0,-0.001953125
7.68000106099862,-30.0,0.36200536556226304,-30.36200536556226,-0.26639964746615685,1665.872227914731,down,-0.264958480568623,-0.0,-0.0014411668975338682,-0.0,-0.001953125
7.700000991999332,-30.0,0.36200536556226304,-30.36200536556226,-0.2659672973968967,1665.7342438500734,down,-0.264958480568623,-0.0,-0.0010088168282737077,-0.0,-0.001953125
7.720001293999303,-30.0,0.35477995687951314,-30.35477995687951,-0.2637099911930139,1665.0138269764939,down,-0.2648954269829649,-0.0,0.001185435789950979,-0.0,0.0
7.740000798999972,-30.0,0.35477995687951314,-30.35477995687951,-0.2640656219299992,1665.127326147872,down,-0.2648954269829649,-0.0,0.0008298050529656853,-0.0,0.0
7.760000692998801,-30.0,0.36200536556226304,-30.36200536556226,-0.2662692246012896,1665.8306035961564,down,-0.264958480568623,-0.0,-0.0013107440326665947,-0.0,0.00390625
7.780000901999301,-30.0,0.36200536556226304,-30.36200536556226,-0.2658760013914896,1665.7051068270712,down,-0.264958480568623,-0.0,-0.0009175208228666162,-0.0,0.00390625
7.800001165998765,-30.0,0.36200536556226304,-30.36200536556226,-0.2656007451446296,1665.6172590887115,down,-0.264958480568623,-0.0,-0.0006422645760066313,-0.0,0.00390625
7.8200010229993495,-30.0,0.3692309702246188,-30.36923097022462,-0.26736277994481383,1666.1796106206853,down,-0.26502153586452576,-0.0,-0.0023412440802880663,-0.0,0.001953125
7.840001083999596,-30.0,0.3692309702246188,-30.36923097022462,-0.2666604067207274,1665.9554489534237,down,-0.26502153586452576,-0.0,-0.0016388708562016462,-0.0,0.001953125
7.860001330000159,-30.0,0.36200536556226304,-30.36200536556226,-0.2642140312908807,1665.174690837515,down,-0.264958480568623,-0.0,0.000744449277742272,-0.0,-0.001953125
7.880000834999009,-30.0,0.36200536556226304,-30.36200536556226,-0.2644373660742034,1665.2459678960224,down,-0.264958480568623,-0.0,0.0005211144944195904,-0.0,-0.001953125
7.900001210999108,-30.0,0.355542540872424,-30.355542540872424,-0.26284533809036775,1664.737873858628,down,-0.26490208178371455,-0.0,0.0020567436933467942,-0.0,-0.001953125
7.920000845999311,-30.0,0.355542540872424,-30.355542540872424,-0.2634623611983718,1664.9347961271399,down,-0.26490208178371455,-0.0,0.0014397205853427558,-0.0,-0.00390625
7.940000943999621,-30.0,0.355542540872424,-30.355542540872424,-0.26389427737397464,1665.0726417150984,down,-0.26490208178371455,-0.0,0.001007804409739929,-0.0,-0.00390625
7.960001059998831,-30.0,0.3498562043477609,-30.34985620434776,-0.262658316628554,1664.6781861580491,down,-0.2648524591363487,-0.0,0.002194142507794705,-0.0,0.001953125
7.9800007510002615,-30.0,0.3498562043477609,-30.34985620434776,-0.2633165593808924,1664.8882636321996,down,-0.2648524591363487,-0.0,0.0015358997554562935,-0.0,0.001953125
8.000001421998604,-30.0,0.3540613124872909,-30.35406131248729,-0.264914920535306,1665.3983788942467,down,-0.26488915562756726,-0.0,-2.5764907738782964e-05,-0.0,0.001953125
8.020000704998893,-30.0,0.3540613124872909,-30.35406131248729,-0.26490719106298444,1665.395912041378,down,-0.26488915562756726,-0.0,-1.8035435417148073e-05,-0.0,0.001953125
8.040001321998716,-30.0,0.3540613124872909,-30.35406131248729,-0.2649017804323593,1665.39418524437,down,-0.26488915562756726,-0.0,-1.262480479200365e-05,-0.0,0.001953125
8.06000108599983,-30.0,0.35308031781757876,-30.35308031781758,-0.2646326083934913,1665.3082792745186,down,-0.26488059483410176,-0.0,0.00024798644061046153,-0.0,-0.00390625
8.08000129499851,-30.0,0.35308031781757876,-30.35308031781758,-0.26470700432567446,1665.3320226571302,down,-0.26488059483410176,-0.0,0.00017359050842732305,-0.0,-0.00390625
8.100000855998587,-30.0,0.34585526142097756,-30.34585526142098,-0.26280451562537666,1664.7248454123542,down,-0.2648175443227203,-0.0,0.002013028697343655,-0.0,-0.00390625
8.120000658000208,-30.0,0.34585526142097756,-30.34585526142098,-0.2634084242345798,1664.9175822025254,down,-0.2648175443227203,-0.0,0.0014091200881405585,-0.0,-0.001953125
8.140001255000243,-30.0,0.34585526142097756,-30.34585526142098,-0.26383116026102194,1665.0524979556453,down,-0.2648175443227203,-0.0,0.0009863840616983908,-0.0,-0.001953125
8.1600007979996,-30.0,0.35435869990212154,-30.35435869990212,-0.266427476967701,1665.8811096705429,down,-0.2648917508223387,-0.0,-0.0015357261453623552,-0.0,0.001953125
8.180001154998536,-30.0,0.35435869990212154,-30.35435869990212,-0.26596675912409234,1665.7340720608806,down,-0.2648917508223387,-0.0,-0.0010750083017536487,-0.0,0.001953125
8.20000067899855,-30.0,0.3551214602561501,-30.35512146025615,-0.2658506031670791,1665.69700101077,down,-0.2648984071621294,-0.0,-0.0009521960049496919,-0.0,0.001953125
8.22000134999871,-30.0,0.3551214602561501,-30.35512146025615,-0.2655649443655942,1665.6058333081683,down,-0.2648984071621294,-0.0,-0.0006665372034647843,-0.0,0.0
8.24000122599864,-30.0,0.3551214602561501,-30.35512146025615,-0.26536498320455476,1665.5420159163473,down,-0.2648984071621294,-0.0,-0.000466576042425349,-0.0,0.0
8.260001156999351,-30.0,0.35435869990212154,-30.35435869990212,-0.2650186638583143,1665.4314884654195,down,-0.2648917508223387,-0.0,-0.00012691303597560637,-0.0,-0.001953125
8.280001588000232,-30.0,0.35435869990212154,-30.35435869990212,-0.2649805899475216,1665.419337217294,down,-0.2648917508223387,-0.0,-8.883912518292446e-05,-0.0,-0.001953125
8.300000778999674,-30.0,0.35015447425655033,-30.35015447425655,-0.26381658571978067,1665.047846506313,down,-0.26485506203233267,-0.0,0.0010384763125519875,-0.0,-0.001953125
8.320000876999984,-30.0,0.35015447425655033,-30.35015447425655,-0.2641281286135463,1665.1472750894297,down,-0.26485506203233267,-0.0,0.0007269334187863912,-0.0,-0.001953125
8.34000106699932,-30.0,0.35015447425655033,-30.35015447425655,-0.2643462086391822,1665.2168750976114,down,-0.26485506203233267,-0.0,0.0005088533931504738,-0.0,-0.001953125
8.360000757998932,-30.0,0.352100104951349,-30.352100104951347,-0.26502520841273497,1665.4335771530004,down,-0.26487204086315874,-0.0,-0.00015316754957620264,-0.0,0.00390625
8.38000115199975,-30.0,0.352100104951349,-30.352100104951347,-0.2649792581478621,1665.4189121748495,down,-0.26487204086315874,-0.0,-0.00010721728470334183,-0.0,0.00390625
8.40000086100008,-30.0,0.35533869323266565,-30.355338693232667,-0.265823215406146,1665.688260236004,down,-0.26490030287747146,-0.0,-0.0009229125286745277,-0.0,0.00390625
8.420001069998762,-30.0,0.35533869323266565,-30.355338693232667,-0.26554634164754365,1665.5998962704925,down,-0.26490030287747146,-0.0,-0.0006460387700721694,-0.0,-0.001953125
8.440001315999325,-30.0,0.35533869323266565,-30.355338693232667,-0.265352530016522,1665.5380414946346,down,-0.26490030287747146,-0.0,-0.00045222713905051853,-0.0,-0.001953125
8.46000106199972,-30.0,0.3513376523345393,-30.35133765233454,-0.2641344761485283,1665.1493008984664,down,-0.2648653872088818,-0.0,0.0007309110603534786,-0.0,0.0
8.48000088200024,-30.0,0.3513376523345393,-30.35133765233454,-0.26435374946663437,1665.2192817446705,down,-0.2648653872088818,-0.0,0.000511637742247435,-0.0,0.0
8.500000904999979,-30.0,0.34789565983605186,-30.347895659836052,-0.26357609220943157,1664.9710932583293,down,-0.26483535015791804,-0.0,0.001259257948486467,-0.0,0.0
8.520000910999443,-30.0,0.34789565983605186,-30.347895659836052,-0.2639538695939775,1665.0916605087161,down,-0.26483535015791804,-0.0,0.0008814805639405269,-0.0,0.0
8.540001026998652,-30.0,0.34789565983605186,-30.347895659836052,-0.2642183137631597,1665.1760575839871,down,-0.26483535015791804,-0.0,0.0006170363947583687,-0.0,0.0
8.560001179999745,-30.0,0.35308031781757876,-30.35308031781758,-0.2658060096432826,1665.6827690350901,down,-0.26488059483410176,-0.0,-0.000925414809180858,-0.0,0.001953125
8.580001092999737,-30.0,0.35308031781757876,-30.35308031781758,-0.26552838520052835,1665.5941654895303,down,-0.26488059483410176,-0.0,-0.0006477903664266005,-0.0,0.001953125
8.600000986998566,-30.0,0.35308031781757876,-30.35308031781758,-0.26533404809060035,1665.5321430076383,down,-0.26488059483410176,-0.0,-0.00045345325649862034,-0.0,0.001953125
8.620000602999426,-30.0,0.35308031781757876,-30.35308031781758,-0.2651980121136508,1665.488727270314,down,-0.26488059483410176,-0.0,-0.0003174172795490342,-0.0,0.0
8.640000867999333,-30.0,0.35308031781757876,-30.35308031781758,-0.26510278692978606,1665.458336254187,down,-0.26488059483410176,-0.0,-0.00022219209568432392,-0.0,0.0
8.660001391999685,-30.0,0.3488755411871214,-30.34887554118712,-0.26389862775513867,1665.0740301346186,down,-0.26484390123584556,-0.0,0.0009452734807068879,-0.0,-0.001953125
8.680001063999953,-30.0,0.3488755411871214,-30.34887554118712,-0.26418220979935075,1665.164535042346,down,-0.26484390123584556,-0.0,0.0006616914364948215,-0.0,-0.001953125
8.700000716999057,-30.0,0.352100104951349,-30.352100104951347,-0.26525304567700647,1665.5062911735126,down,-0.26487204086315874,-0.0,-0.00038100481384773925,-0.0,-0.001953125
8.720001443998626,-30.0,0.352100104951349,-30.352100104951347,-0.26513874423285216,1665.4698119892082,down,-0.26487204086315874,-0.0,-0.00026670336969341745,-0.0,0.0
8.740000911999232,-30.0,0.352100104951349,-30.352100104951347,-0.2650587332219441,1665.444276560195,down,-0.26487204086315874,-0.0,-0.0001866923587853922,-0.0,0.0
8.760000768999817,-30.0,0.3513376523345393,-30.35133765233454,-0.2647964622317249,1665.360573052678,down,-0.2648653872088818,-0.0,6.89249771568786e-05,-0.0,0.00390625
8.780000941000253,-30.0,0.3513376523345393,-30.35133765233454,-0.264817139724872,1665.3671722526187,down,-0.2648653872088818,-0.0,4.8247484009815016e-05,-0.0,0.00390625
8.800000945999273,-30.0,0.35533869323266565,-30.355338693232667,-0.26591399969635343,1665.7172339456447,down,-0.26490030287747146,-0.0,-0.001013696818881971,-0.0,0.00390625
8.8200012469988,-30.0,0.35533869323266565,-30.355338693232667,-0.26560989065068885,1665.6201778672412,down,-0.26490030287747146,-0.0,-0.0007095877732173797,-0.0,0.001953125
8.840000974998475,-30.0,0.35533869323266565,-30.355338693232667,-0.26539701431872365,1665.5522386123587,down,-0.26490030287747146,-0.0,-0.0004967114412521657,-0.0,0.001953125
8.860001035000096,-30.0,0.355542540872424,-30.355542540872424,-0.2653031469798841,1665.522280951027,down,-0.26490208178371455,-0.0,-0.0004010651961695585,-0.0,0.0
8.880000891998861,-30.0,0.355542540872424,-30.355542540872424,-0.2651828274210332,1665.483881091819,down,-0.26490208178371455,-0.0,-0.00028074563731869093,-0.0,0.0
8.900001082998642,-30.0,0.36200536556226304,-30.36200536556226,-0.26684696606199915,1666.014989168723,down,-0.264958480568623,-0.0,-0.0018884854933761644,-0.0,0.0
8.920001216998571,-30.0,0.36200536556226304,-30.36200536556226,-0.2662804204139863,1665.834176727868,down,-0.264958480568623,-0.0,-0.001321939845363315,-0.0,0.00390625
8.940001129998564,-30.0,0.36200536556226304,-30.36200536556226,-0.2658838384603773,1665.7076080192694,down,-0.264958480568623,-0.0,-0.0009253578917543205,-0.0,0.00390625
8.960000949999085,-30.0,0.3578003652488615,-30.357800365248863,-0.26446866903484917,1665.2559582026115,down,-0.2649217850183649,-0.0,0.0004531159835157219,-0.0,-0.001953125
8.980000861998633,-30.0,0.3578003652488615,-30.357800365248863,-0.26460460382990386,1665.2993416478416,down,-0.2649217850183649,-0.0,0.0003171811884610053,-0.0,-0.001953125
9.000001440999768,-30.0,0.3578003652488615,-30.357800365248863,-0.2646997581864422,1665.3297100595028,down,-0.2649217850183649,-0.0,0.0002220268319227037,-0.0,-0.001953125
9.020000983999125,-30.0,0.3578003652488615,-30.357800365248863,-0.264766366236019,1665.3509679476656,down,-0.2649217850183649,-0.0,0.00015541878234589257,-0.0,-0.001953125
9.040001043998927,-30.0,0.3578003652488615,-30.357800365248863,-0.26481299187072277,1665.3658484693797,down,-0.2649217850183649,-0.0,0.00010879314764212479,-0.0,-0.001953125
9.060000974999639,-30.0,0.3505749565661116,-30.350574956566113,-0.2628909686596147,1664.75243680626,down,-0.2648587314327068,-0.0,0.001967762773092075,-0.0,0.001953125
9.080001072999949,-30.0,0.3505749565661116,-30.350574956566113,-0.2634812974915423,1664.9408396249603,down,-0.2648587314327068,-0.0,0.0013774339411644523,-0.0,0.001953125
9.10000078200028,-30.0,0.355542540872424,-30.355542540872424,-0.2652383885551327,1665.5016133686595,down,-0.26490208178371455,-0.0,-0.00033630677141813605,-0.0,0.001953125
9.120000934999553,-30.0,0.355542540872424,-30.355542540872424,-0.2651374965237072,1665.4694137841618,down,-0.26490208178371455,-0.0,-0.00023541473999269522,-0.0,0.001953125
9.14000073599891,-30.0,0.355542540872424,-30.355542540872424,-0.2650668721017094,1665.4468740750137,down,-0.26490208178371455,-0.0,-0.00016479031799488663,-0.0,0.001953125
9.160001129999728,-30.0,0.36200536556226304,-30.36200536556226,-0.2667657973384725,1665.9890842569594,down,-0.264958480568623,-0.0,-0.0018073167698495014,-0.0,0.0
9.180001172999255,-30.0,0.36200536556226304,-30.36200536556226,-0.2662236023075176,1665.8160432896334,down,-0.264958480568623,-0.0,-0.0012651217388946509,-0.0,0.0
9.200000826000178,-30.0,0.355542540872424,-30.355542540872424,-0.2640957034536877,1665.1369266341558,down,-0.26490208178371455,-0.0,0.0008063783300268253,-0.0,0.0
9.220001182999113,-30.0,0.355542540872424,-30.355542540872424,-0.26433761695269575,1665.2141330700092,down,-0.26490208178371455,-0.0,0.0005644648310187776,-0.0,0.0
9.240000873000099,-30.0,0.355542540872424,-30.355542540872424,-0.2645069564020014,1665.2681775751068,down,-0.26490208178371455,-0.0,0.00039512538171314435,-0.0,0.0
9.260000933998526,-30.0,0.3523185253739509,-30.352318525373953,-0.26375331388996825,1665.0276533691388,down,-0.2648739469409227,-0.0,0.00112063305095442,-0.0,0.0
9.280000938999365,-30.0,0.3523185253739509,-30.352318525373953,-0.2640895038052546,1665.1349480229537,down,-0.2648739469409227,-0.0,0.000784443135668094,-0.0,0.0
9.30000090700014,-30.0,0.34831713218967586,-30.348317132189678,-0.2632423557171019,1664.864581611841,down,-0.2648390281980565,-0.0,0.0015966724809545658,-0.0,0.0
9.320000948999223,-30.0,0.34831713218967586,-30.348317132189678,-0.2637213574613883,1665.0174545089537,down,-0.2648390281980565,-0.0,0.001117670736668196,-0.0,0.00390625
9.340001157999723,-30.0,0.34831713218967586,-30.348317132189678,-0.26405665868238876,1665.1244655369326,down,-0.2648390281980565,-0.0,0.0007823695156677371,-0.0,0.00390625
9.360000867000053,-30.0,0.34657311308737526,-30.346573113087373,-0.2638195669660203,1665.0487979678787,down,-0.26482380876028006,-0.0,0.0010042417942597445,-0.0,0.0
9.380000667999411,-30.0,0.34657311308737526,-30.346573113087373,-0.2641208395042982,1665.1449487779676,down,-0.26482380876028006,-0.0,0.000702969255981821,-0.0,0.0
9.400000894998811,-30.0,0.34657311308737526,-30.346573113087373,-0.2643317302810928,1665.2122543450296,down,-0.26482380876028006,-0.0,0.0004920784791872747,-0.0,0.0
9.42000088199893,-30.0,0.34657311308737526,-30.346573113087373,-0.26447935382484894,1665.259368241973,down,-0.26482380876028006,-0.0,0.00034445493543109224,-0.0,-0.00390625
9.440000627999325,-30.0,0.34657311308737526,-30.346573113087373,-0.26458269030547826,1665.2923479698334,down,-0.26482380876028006,-0.0,0.00024111845480176455,-0.0,-0.00390625
9.46000122499936,-30.0,0.3401104001730513,-30.340110400173053,-0.2629066937479441,1664.7574554514715,down,-0.26476741095079703,-0.0,0.0018607172028529094,-0.0,0.001953125
9.480000915998971,-30.0,0.3401104001730513,-30.340110400173053,-0.2634649089088,1664.9356092262128,down,-0.26476741095079703,-0.0,0.0013025020419970366,-0.0,0.001953125
9.500000883999746,-30.0,0.3401104001730513,-30.340110400173053,-0.2638556595213991,1665.0603168685316,down,-0.26476741095079703,-0.0,0.0009117514293979256,-0.0,0.001953125
9.520000777998575,-30.0,0.3401104001730513,-30.340110400173053,-0.2641291849502185,1665.1476122181548,down,-0.26476741095079703,-0.0,0.0006382260005785478,-0.0,0.0
9.540001078999921,-30.0,0.3401104001730513,-30.340110400173053,-0.26432065275039207,1665.208718962891,down,-0.26476741095079703,-0.0,0.00044675820040498347,-0.0,0.0
9.56000108399894,-30.0,0.34959420507697203,-30.349594205076972,-0.2670202963389616,1666.070307342222,down,-0.2648501727613921,-0.0,-0.0021701235775695355,-0.0,0.0
9.58000118199925,-30.0,0.34959420507697203,-30.349594205076972,-0.26636925926569077,1665.86252955288,down,-0.2648501727613921,-0.0,-0.0015190865042986749,-0.0,0.0
9.600001224000152,-30.0,0.3431316040102246,-30.343131604010225,-0.2641652314781078,1665.1591164291833,down,-0.2647937759279633,-0.0,0.0006285444498555308,-0.0,0.0
9.620000711000102,-30.0,0.3431316040102246,-30.343131604010225,-0.2643537948130645,1665.2192962169354,down,-0.2647937759279633,-0.0,0.00043998111489887155,-0.0,0.0
9.640001196999947,-30.0,0.3431316040102246,-30.343131604010225,-0.2644857891475341,1665.261422068362,down,-0.2647937759279633,-0.0,0.0003079867804292101,-0.0,0.0
9.66000123899903,-30.0,0.34959420507697203,-30.349594205076972,-0.26632648701795625,1665.848878835518,down,-0.2648501727613921,-0.0,-0.001476314256564156,-0.0,0.001953125
9.680000892998578,-30.0,0.34959420507697203,-30.349594205076972,-0.265883592740987,1665.7075295981874,down,-0.2648501727613921,-0.0,-0.0010334199795949091,-0.0,0.001953125
9.700000748998718,-30.0,0.3550762854933929,-30.355076285493393,-0.2670566122205561,1666.0818975171987,down,-0.26489801293795495,-0.0,-0.0021585992826011237,-0.0,0.001953125
9.720000994999282,-30.0,0.3550762854933929,-30.355076285493393,-0.26640903243577574,1665.8752231178007,down,-0.26489801293795495,-0.0,-0.0015110194978207865,-0.0,0.001953125
9.740000814999803,-30.0,0.3550762854933929,-30.355076285493393,-0.2659557265864295,1665.730551038222,down,-0.26489801293795495,-0.0,-0.0010577136484745504,-0.0,0.001953125
9.760000837999542,-30.0,0.35107424581322455,-30.351074245813223,-0.26455575656906394,1665.2837520965097,down,-0.2648630885533477,-0.0,0.0003073319842837827,-0.0,-0.001953125
9.780001084000105,-30.0,0.35107424581322455,-30.351074245813223,-0.26464795616434905,1665.3131774992603,down,-0.2648630885533477,-0.0,0.0002151323889986479,-0.0,-0.001953125
9.800000810999336,-30.0,0.3438475840704971,-30.343847584070495,-0.2627574957403019,1664.7098390660537,down,-0.2648000240326785,-0.0,0.0020425282923766364,-0.0,-0.001953125
9.820001019999836,-30.0,0.3438475840704971,-30.343847584070495,-0.26337025422801486,1664.9054002855366,down,-0.2648000240326785,-0.0,0.0014297698046636454,-0.0,0.0
9.840000709999003,-30.0,0.3438475840704971,-30.343847584070495,-0.2637991851694139,1665.0422931391747,down,-0.2648000240326785,-0.0,0.0010008388632645516,-0.0,0.0
9.860000937000223,-30.0,0.35107424581322455,-30.351074245813223,-0.2660544369691401,1665.7620543518533,down,-0.2648630885533477,-0.0,-0.0011913484157923969,-0.0,0.001953125
9.880001276000257,-30.0,0.35107424581322455,-30.351074245813223,-0.2656970324444024,1665.6479890780008,down,-0.2648630885533477,-0.0,-0.0008339438910546778,-0.0,0.001953125
9.900001039999552,-30.0,0.35928073484631895,-30.35928073484632,-0.2676669182087587,1666.276676024072,down,-0.2649347036801759,-0.0,-0.0027322145285828166,-0.0,0.001953125
9.920000747999438,-30.0,0.35928073484631895,-30.35928073484632,-0.2668472538501839,1666.0150810160162,down,-0.2649347036801759,-0.0,-0.0019125501700079715,-0.0,-0.001953125
9.940000808999685,-30.0,0.35928073484631895,-30.35928073484632,-0.2662734887991815,1665.831964510377,down,-0.2649347036801759,-0.0,-0.00133878511900558,-0.0,-0.001953125
9.960001035999085,-30.0,0.3528185728985882,-30.352818572898588,-0.26412367022031247,1665.145852197972,down,-0.2648783106787834,-0.0,0.000754640458470961,-0.0,-0.00390625
9.980000947998633,-30.0,0.3528185728985882,-30.352818572898588,-0.26435006235785374,1665.2181050078257,down,-0.2648783106787834,-0.0,0.0005282483209296726,-0.0,-0.00390625
10.000001360998795,-30.0,0.3473361611049981,-30.347336161104998,-0.26302540173453376,1664.7953409791066,down,-0.26483046761040924,-0.0,0.0018050658758754978,-0.0,-0.00390625
10.020000921000246,-30.0,0.3473361611049981,-30.347336161104998,-0.2635669214972964,1664.9681664353075,down,-0.26483046761040924,-0.0,0.0012635461131128485,-0.0,0.00390625
10.040001186000154,-30.0,0.3473361611049981,-30.347336161104998,-0.26394598533123026,1665.089144254648,down,-0.26483046761040924,-0.0,0.0008844822791789939,-0.0,0.00390625
10.060001357000147,-30.0,0.3513376523345393,-30.35133765233454,-0.2652938375676341,1665.519309862011,down,-0.2648653872088818,-0.0,-0.0004284503587522504,-0.0,0.001953125
10.080001028998595,-30.0,0.3513376523345393,-30.35133765233454,-0.26516530246000836,1665.4782880191515,down,-0.2648653872088818,-0.0,-0.00029991525112657525,-0.0,0.001953125
10.100000959999306,-30.0,0.3513376523345393,-30.35133765233454,-0.2650753278846704,1665.44957272915,down,-0.2648653872088818,-0.0,-0.00020994067578860266,-0.0,0.001953125
10.120001354000124,-30.0,0.3513376523345393,-30.35133765233454,-0.2650123456819338,1665.4294720261491,down,-0.2648653872088818,-0.0,-0.00014695847305202186,-0.0,-0.001953125
10.140000747000158,-30.0,0.3513376523345393,-30.35133765233454,-0.26496825814001823,1665.4154015340484,down,-0.2648653872088818,-0.0,-0.0001028709311364153,-0.0,-0.001953125
10.160000640998987,-30.0,0.33764909160624335,-30.337649091606245,-0.261234284814874,1664.2237079196407,down,-0.26474593198159785,-0.0,0.0035116471667238675,-0.0,0.0
10.180000905998895,-30.0,0.33764909160624335,-30.337649091606245,-0.26228777896489114,1664.5599294568801,down,-0.26474593198159785,-0.0,0.002458153016706707,-0.0,0.0
10.200000650998845,-30.0,0.3441122436517894,-30.34411224365179,-0.26477367576030586,1665.3533007745657,down,-0.26480233362322375,-0.0,2.8657862917910813e-05,-0.0,0.0
10.220001174999197,-30.0,0.3441122436517894,-30.34411224365179,-0.26478227311918123,1665.3560446125048,down,-0.26480233362322375,-0.0,2.0060504042537567e-05,-0.0,0.0
10.240001012998619,-30.0,0.3441122436517894,-30.34411224365179,-0.264788291270394,1665.357965299062,down,-0.26480233362322375,-0.0,1.4042352829776296e-05,-0.0,0.0
10.260001239999838,-30.0,0.3473361611049981,-30.347336161104998,-0.26566465757899344,1665.637656674147,down,-0.26483046761040924,-0.0,-0.0008341899685841849,-0.0,0.00390625
10.280001244998857,-30.0,0.3473361611049981,-30.347336161104998,-0.26541440058841814,1665.5577874218357,down,-0.26483046761040924,-0.0,-0.0005839329780089294,-0.0,0.00390625
10.300000638999336,-30.0,0.3513376523345393,-30.35133765233454,-0.2663217282476656,1665.8473600790421,down,-0.2648653872088818,-0.0,-0.0014563410387837966,-0.0,0.00390625
10.320000810999773,-30.0,0.3513376523345393,-30.35133765233454,-0.26588482593603047,1665.7079231710736,down,-0.2648653872088818,-0.0,-0.0010194387271486576,-0.0,0.0
10.340001018999828,-30.0,0.3513376523345393,-30.35133765233454,-0.26557899431788584,1665.6103173354954,down,-0.2648653872088818,-0.0,-0.0007136071090040602,-0.0,0.0
10.360000654000032,-30.0,0.3513376523345393,-30.35133765233454,-0.26536491218518465,1665.5419932505908,down,-0.2648653872088818,-0.0,-0.0004995249763028422,-0.0,-0.00390625
10.380000806999305,-30.0,0.3513376523345393,-30.35133765233454,-0.2652150546922938,1665.4941663911577,down,-0.2648653872088818,-0.0,-0.0003496674834119895,-0.0,-0.00390625
10.400000718998854,-30.0,0.34907927691944884,-30.349079276919447,-0.26449920510280917,1665.2657037562158,down,-0.2648456791655121,-0.0,0.00034647406270293214,-0.0,-0.00390625
10.420000816999163,-30.0,0.34907927691944884,-30.349079276919447,-0.26460314732162005,1665.2988768047724,down,-0.2648456791655121,-0.0,0.00024253184389205247,-0.0,0.00390625
10.4400009889996,-30.0,0.34907927691944884,-30.349079276919447,-0.26467590687478765,1665.322097938762,down,-0.2648456791655121,-0.0,0.0001697722907244367,-0.0,0.00390625
10.460001307999846,-30.0,0.35435869990212154,-30.35435869990212,-0.26615505992362803,1665.7941680607323,down,-0.2648917508223387,-0.0,-0.0012633091012893725,-0.0,0.001953125
10.480001275998802,-30.0,0.35435869990212154,-30.35435869990212,-0.26577606719324126,1665.6732129340132,down,-0.2648917508223387,-0.0,-0.0008843163709025607,-0.0,0.001953125
10.500000817999535,-30.0,0.35856325699689506,-30.358563256996895,-0.26664821443779463,1665.951557799296,down,-0.2649284425047846,-0.0,-0.0017197719330100632,-0.0,0.001953125
10.520000749000246,-30.0,0.35856325699689506,-30.358563256996895,-0.26613228285789164,1665.7868987844336,down,-0.2649284425047846,-0.0,-0.0012038403531070441,-0.0,-0.001953125
10.54000099499899,-30.0,0.35856325699689506,-30.358563256996895,-0.2657711307519595,1665.6716374740297,down,-0.2649284425047846,-0.0,-0.0008426882471749309,-0.0,-0.001953125
10.56000111100002,-30.0,0.3561007934154983,-30.3561007934155,-0.26485216377111676,1665.3783501397181,down,-0.2649069534561817,-0.0,5.478968506492229e-05,-0.0,0.0
10.580001059999631,-30.0,0.3561007934154983,-30.3561007934155,-0.26486860067663626,1665.3835959606286,down,-0.2649069534561817,-0.0,3.83527795454456e-05,-0.0,0.0
10.60000095400028,-30.0,0.352100104951349,-30.352100104951347,-0.26379781612678754,1665.041856210677,down,-0.26487204086315874,-0.0,0.0010742247363712092,-0.0,0.0
10.620001088998833,-30.0,0.352100104951349,-30.352100104951347,-0.2641200835476989,1665.144707515223,down,-0.26487204086315874,-0.0,0.0007519573154598463,-0.0,0.001953125
10.64000079699872,-30.0,0.352100104951349,-30.352100104951347,-0.26434567074233684,1665.2167034284053,down,-0.26487204086315874,-0.0,0.0005263701208218924,-0.0,0.001953125
10.660001172998818,-30.0,0.35533869323266565,-30.355338693232667,-0.2653797042222783,1665.5467141134932,down,-0.26490030287747146,-0.0,-0.0004794013448068638,-0.0,-0.001953125
10.680000899999868,-30.0,0.35533869323266565,-30.355338693232667,-0.2652358838188363,1665.500813984735,down,-0.26490030287747146,-0.0,-0.0003355809413648046,-0.0,-0.001953125
10.700000904998888,-30.0,0.35533869323266565,-30.355338693232667,-0.26513520953642683,1665.4686838946043,down,-0.26490030287747146,-0.0,-0.0002349066589553632,-0.0,-0.001953125
10.72000094699979,-30.0,0.35533869323266565,-30.355338693232667,-0.2650647375387402,1665.446192831513,down,-0.26490030287747146,-0.0,-0.00016443466126875422,-0.0,-0.00390625
10.740001191999909,-30.0,0.35533869323266565,-30.355338693232667,-0.2650154071403596,1665.4304490873487,down,-0.26490030287747146,-0.0,-0.00011510426288812795,-0.0,-0.00390625
10.760000770998886,-30.0,0.34811363683606444,-30.348113636836064,-0.2630263100086671,1664.79563085383,down,-0.26483725236608996,-0.0,0.0018109423574228262,-0.0,-0.001953125
10.780000849999851,-30.0,0.34811363683606444,-30.348113636836064,-0.263569592715894,1664.969018951881,down,-0.26483725236608996,-0.0,0.0012676596501959782,-0.0,-0.001953125
10.800000946999717,-30.0,0.3540613124872909,-30.35406131248729,-0.26555889171674907,1665.6039016117284,down,-0.26488915562756726,-0.0,-0.0006697360891818071,-0.0,-0.001953125
10.820000840998546,-30.0,0.3540613124872909,-30.35406131248729,-0.2653579708899945,1665.5397779436153,down,-0.26488915562756726,-0.0,-0.00046881526242726495,-0.0,0.00390625
10.84000093800023,-30.0,0.3540613124872909,-30.35406131248729,-0.2652173263112663,1665.494891375936,down,-0.26488915562756726,-0.0,-0.00032817068369908543,-0.0,0.00390625
10.860001220999038,-30.0,0.356319468300736,-30.356319468300736,-0.2657297650426555,1665.6584356519113,down,-0.26490886175455114,-0.0,-0.0008209032881043802,-0.0,0.0
10.88000115199975,-30.0,0.356319468300736,-30.356319468300736,-0.2654834940562242,1665.579838528582,down,-0.26490886175455114,-0.0,-0.0005746323016730661,-0.0,0.0
10.900000915999044,-30.0,0.3595435817705521,-30.359543581770552,-0.2661833109960682,1665.8031843604472,down,-0.2649369974523042,-0.0,-0.0012463135437639893,-0.0,0.0
10.920000975998846,-30.0,0.3595435817705521,-30.359543581770552,-0.26580941693293897,1665.6838564679592,down,-0.2649369974523042,-0.0,-0.0008724194806347924,-0.0,-0.00390625
10.940000684999177,-30.0,0.3595435817705521,-30.359543581770552,-0.26554769108874854,1665.6003269432176,down,-0.2649369974523042,-0.0,-0.0006106936364443546,-0.0,-0.00390625
10.960000670998852,-30.0,0.356319468300736,-30.356319468300736,-0.26449227636746936,1665.263492457703,down,-0.26490886175455114,-0.0,0.00041658538708179476,-0.0,0.0
10.980000730998654,-30.0,0.356319468300736,-30.356319468300736,-0.26461725198359387,1665.3033782926364,down,-0.26490886175455114,-0.0,0.00029160977095725633,-0.0,0.0
11.000001847000021,-30.0,0.3523185253739509,-30.352318525373953,-0.26362237569240093,1664.9858645826812,down,-0.2648739469409227,-0.0,0.0012515712485217522,-0.0,0.0
11.02000112999849,-30.0,0.3523185253739509,-30.352318525373953,-0.26399784706695745,1665.1056958724332,down,-0.2648739469409227,-0.0,0.0008760998739652264,-0.0,0.0
11.040000893999604,-30.0,0.3523185253739509,-30.352318525373953,-0.264260677029147,1665.1895777752597,down,-0.2648739469409227,-0.0,0.0006132699117756585,-0.0,0.0
11.060001492000083,-30.0,0.3523185253739509,-30.352318525373953,-0.26444465800267974,1665.2482951072382,down,-0.2648739469409227,-0.0,0.0004292889382429609,-0.0,0.001953125
11.080000885000118,-30.0,0.3523185253739509,-30.352318525373953,-0.2645734446841526,1665.2893972396232,down,-0.2648739469409227,-0.0,0.0003005022567700726,-0.0,0.001953125
11.1000009269992,-30.0,0.34831713218967586,-30.348317132189678,-0.26358111433233056,1664.9726960635098,down,-0.2648390281980565,-0.0,0.0012579138657259508,-0.0,0.001953125
11.120000820999849,-30.0,0.34831713218967586,-30.348317132189678,-0.26395848849204834,1665.0931346251218,down,-0.2648390281980565,-0.0,0.0008805397060081655,-0.0,0.0
11.140001047999249,-30.0,0.34831713218967586,-30.348317132189678,-0.2642226504038508,1665.1774416182502,down,-0.2648390281980565,-0.0,0.0006163777942057158,-0.0,0.0
11.160000681999009,-30.0,0.34831713218967586,-30.348317132189678,-0.2644075637421125,1665.23645651344,down,-0.2648390281980565,-0.0,0.00043146445594400103,-0.0,0.0
11.180000872000164,-30.0,0.34831713218967586,-30.348317132189678,-0.2645370030788957,1665.277766940073,down,-0.2648390281980565,-0.0,0.00030202511916080073,-0.0,0.0
11.200001024999438,-30.0,0.35477995687951314,-30.35477995687951,-0.266375972946805,1665.8646722170654,down,-0.2648954269829649,-0.0,-0.001480545963840065,-0.0,0.0
11.220001103998584,-30.0,0.35477995687951314,-30.35477995687951,-0.26593180915765297,1665.7229178162722,down,-0.2648954269829649,-0.0,-0.0010363821746880455,-0.0,0.001953125
11.240001053000015,-30.0,0.35477995687951314,-30.35477995687951,-0.26562089450524656,1665.623689735717,down,-0.2648954269829649,-0.0,-0.0007254675222816318,-0.0,0.001953125
11.26000113199916,-30.0,0.3578003652488615,-30.357800365248863,-0.26622035334596084,1665.815006387009,down,-0.2649217850183649,-0.0,-0.0012985683275959703,-0.0,-0.001953125
11.280001025999809,-30.0,0.3578003652488615,-30.357800365248863,-0.2658307828476821,1665.69067537692,down,-0.2649217850183649,-0.0,-0.0009089978293171791,-0.0,-0.001953125
11.300000882998575,-30.0,0.3513376523345393,-30.35133765233454,-0.26380975140491264,1665.0456653419933,down,-0.2648653872088818,-0.0,0.0010556358039691934,-0.0,-0.001953125
11.320001146999857,-30.0,0.3513376523345393,-30.35133765233454,-0.26412644214610337,1665.1467368551394,down,-0.2648653872088818,-0.0,0.0007389450627784353,-0.0,0.0
11.340001021999342,-30.0,0.3513376523345393,-30.35133765233454,-0.26434812566493693,1665.2174869143416,down,-0.2648653872088818,-0.0,0.0005172615439449047,-0.0,0.0
11.360000730999673,-30.0,0.3523185253739509,-30.352318525373953,-0.2647686558213879,1665.3516986664004,down,-0.2648739469409227,-0.0,0.00010529111953476802,-0.0,0.0
11.380000846000257,-30.0,0.3523185253739509,-30.352318525373953,-0.26480024315724837,1665.3617797310367,down,-0.2648739469409227,-0.0,7.37037836743376e-05,-0.0,0.0
11.400001035999594,-30.0,0.36200536556226304,-30.36200536556226,-0.26744289675105926,1666.2051798141679,down,-0.264958480568623,-0.0,-0.0024844161824362633,-0.0,0.0
11.420000800999333,-30.0,0.36200536556226304,-30.36200536556226,-0.26669757189632837,1665.9673101796793,down,-0.264958480568623,-0.0,-0.0017390913277053842,-0.0,0.001953125
11.440000953998606,-30.0,0.36200536556226304,-30.36200536556226,-0.26617584449801673,1665.8008014355373,down,-0.264958480568623,-0.0,-0.001217363929393769,-0.0,0.001953125
11.460001031999127,-30.0,0.3597477608473163,-30.359747760847316,-0.26519989446919096,1665.4893280220822,down,-0.26493877925088083,-0.0,-0.00026111521831011426,-0.0,-0.00390625
11.480000851999648,-30.0,0.3597477608473163,-30.359747760847316,-0.2651215599036979,1665.4643276288398,down,-0.26493877925088083,-0.0,-0.00018278065281707997,-0.0,-0.00390625
11.500000874999387,-30.0,0.355542540872424,-30.355542540872424,-0.26392910422569893,1665.0837566677762,down,-0.26490208178371455,-0.0,0.0009729775580156008,-0.0,-0.00390625
11.520000787999379,-30.0,0.355542540872424,-30.355542540872424,-0.2642209974931036,1665.1769140935437,down,-0.26490208178371455,-0.0,0.0006810842906109205,-0.0,0.001953125
11.540000940998652,-30.0,0.355542540872424,-30.355542540872424,-0.2644253227802869,1665.242124291581,down,-0.26490208178371455,-0.0,0.00047675900342764434,-0.0,0.001953125
11.560001370999089,-30.0,0.3595435817705521,-30.359543581770552,-0.26565073620759416,1665.6332136832748,down,-0.2649369974523042,-0.0,-0.0007137387552899458,-0.0,0.001953125
11.580001005999293,-30.0,0.3595435817705521,-30.359543581770552,-0.26543661458100715,1665.5648769939385,down,-0.2649369974523042,-0.0,-0.0004996171287029621,-0.0,0.001953125
11.600001361999603,-30.0,0.36276814553478154,-30.36276814553478,-0.26615905788910404,1665.7954440071608,down,-0.2649651370796174,-0.0,-0.001193920809486656,-0.0,0.001953125
11.620001182000124,-30.0,0.36276814553478154,-30.36276814553478,-0.26580088164625804,1665.6811324402952,down,-0.2649651370796174,-0.0,-0.0008357445666406592,-0.0,0.001953125
11.640001075998953,-30.0,0.36276814553478154,-30.36276814553478,-0.2655501582762658,1665.6011143434891,down,-0.2649651370796174,-0.0,-0.0005850211966484614,-0.0,0.001953125
11.660000914000193,-30.0,0.366768833998929,-30.36676883399893,-0.2664569423009832,1665.8905135003138,down,-0.26500004967264035,-0.0,-0.0014568926283428517,-0.0,-0.001953125
11.680001233999064,-30.0,0.366768833998929,-30.36676883399893,-0.2660198745124803,1665.7510237805789,down,-0.26500004967264035,-0.0,-0.001019824839839996,-0.0,-0.001953125
11.70000073799929,-30.0,0.35856325699689506,-30.358563256996895,-0.2634941048570013,1664.9449270820216,down,-0.2649284425047846,-0.0,0.001434337647783271,-0.0,-0.001953125
11.720001223999134,-30.0,0.35856325699689506,-30.358563256996895,-0.2639244061513363,1665.0822572823413,down,-0.2649284425047846,-0.0,0.0010040363534482896,-0.0,-0.001953125
11.740000877000057,-30.0,0.35856325699689506,-30.358563256996895,-0.2642256170573708,1665.1783884225651,down,-0.2649284425047846,-0.0,0.0007028254474138026,-0.0,-0.001953125
11.76000080799895,-30.0,0.3558407408064497,-30.35584074080645,-0.263699953183932,1665.0106233565741,down,-0.26490468406905354,-0.0,0.001204730885121533,-0.0,0.0
11.780000904998815,-30.0,0.3558407408064497,-30.35584074080645,-0.2640613724494685,1665.1259699306815,down,-0.26490468406905354,-0.0,0.000843311619585073,-0.0,0.0
11.80000098399978,-30.0,0.35435869990212154,-30.35435869990212,-0.26391343528718275,1665.0787559427179,down,-0.2648917508223387,-0.0,0.0009783155351559508,-0.0,0.0
11.820001062998926,-30.0,0.35435869990212154,-30.35435869990212,-0.26420692994772954,1665.172424451403,down,-0.2648917508223387,-0.0,0.0006848208746091655,-0.0,0.00390625
11.840000864000103,-30.0,0.35435869990212154,-30.35435869990212,-0.26441237621011227,1665.2379924074826,down,-0.2648917508223387,-0.0,0.00047937461222641585,-0.0,0.00390625
11.86000127599982,-30.0,0.360045078371634,-30.360045078371634,-0.2660945020092965,1665.7748410667969,down,-0.2649413738357424,-0.0,-0.0011531281735541342,-0.0,-0.001953125
11.880001131999961,-30.0,0.360045078371634,-30.360045078371634,-0.2657485635572303,1665.6644351778396,down,-0.2649413738357424,-0.0,-0.0008071897214878939,-0.0,-0.001953125
11.900001006999446,-30.0,0.3623027909664387,-30.36230279096644,-0.2661171766751018,1665.7820776622666,down,-0.264961076094914,-0.0,-0.0011561005801878181,-0.0,-0.001953125
11.920000696998613,-30.0,0.3623027909664387,-30.36230279096644,-0.2657703465010455,1665.6713871811849,down,-0.264961076094914,-0.0,-0.0008092704061314726,-0.0,-0.001953125
11.940000701999452,-30.0,0.3623027909664387,-30.36230279096644,-0.265527565379206,1665.5939038444276,down,-0.264961076094914,-0.0,-0.0005664892842920308,-0.0,-0.001953125
11.960001094999825,-30.0,0.360045078371634,-30.360045078371634,-0.2647468485596005,1665.3447389020002,down,-0.2649413738357424,-0.0,0.00019452527614187095,-0.0,0.0
11.98000096999931,-30.0,0.360045078371634,-30.360045078371634,-0.2648052061424431,1665.3633636624818,down,-0.2649413738357424,-0.0,0.00013616769329930964,-0.0,0.0
12.000001456999598,-30.0,0.35830110375736623,-30.358301103757366,-0.2643742659145353,1665.225829547192,down,-0.26492615478619735,-0.0,0.0005518888716620785,-0.0,0.0
12.02000081299957,-30.0,0.35830110375736623,-30.358301103757366,-0.2645398325760339,1665.2786699710746,down,-0.26492615478619735,-0.0,0.0003863222101634549,-0.0,0.00390625
12.040001522000239,-30.0,0.35830110375736623,-30.358301103757366,-0.2646557292390829,1665.3156582677925,down,-0.26492615478619735,-0.0,0.0002704255471144184,-0.0,0.00390625
12.060005433999322,-30.0,0.3647627148105581,-30.36476271481056,-0.2664848909150698,1665.899433270767,down,-0.2649825429801281,-0.0,-0.0015023479349417575,-0.0,0.0
12.080001141999674,-30.0,0.3647627148105581,-30.36476271481056,-0.2660341865345873,1665.7555914472086,down,-0.2649825429801281,-0.0,-0.0010516435544592302,-0.0,0.0
12.10000073899937,-30.0,0.35830110375736623,-30.358301103757366,-0.26397065945639697,1665.0970189754457,down,-0.26492615478619735,-0.0,0.0009554953298003893,-0.0,0.0
12.120001410999976,-30.0,0.35830110375736623,-30.358301103757366,-0.2642573080553371,1665.1885025708523,down,-0.26492615478619735,-0.0,0.0006688467308602724,-0.0,0.0
12.140001230000053,-30.0,0.35830110375736623,-30.358301103757366,-0.26445796207459515,1665.2525410876367,down,-0.26492615478619735,-0.0,0.00046819271160219067,-0.0,0.0
12.16000091999922,-30.0,0.3647627148105581,-30.36476271481056,-0.2663464538999284,1665.8552512446581,down,-0.2649825429801281,-0.0,-0.001363910919800317,-0.0,0.001953125
12.180001314000037,-30.0,0.3647627148105581,-30.36476271481056,-0.2659372806239883,1665.7246640289325,down,-0.2649825429801281,-0.0,-0.0009547376438602217,-0.0,0.001953125
12.200000670000009,-30.0,0.35830110375736623,-30.358301103757366,-0.2639028253189777,1665.0753697826524,down,-0.26492615478619735,-0.0,0.0010233294672196951,-0.0,0.001953125
12.220001415998922,-30.0,0.35830110375736623,-30.358301103757366,-0.26420982415914357,1665.173348135897,down,-0.26492615478619735,-0.0,0.0007163306270537865,-0.0,0.0
12.24000082800012,-30.0,0.35830110375736623,-30.358301103757366,-0.2644247233472597,1665.241932983168,down,-0.26492615478619735,-0.0,0.0005014314389376505,-0.0,0.0
12.260001276999901,-30.0,0.36650724031936477,-30.366507240319365,-0.266795126358006,1665.9984445823425,down,-0.26499776683713494,-0.0,-0.0017973595208710734,-0.0,0.001953125
12.280001207000169,-30.0,0.36650724031936477,-30.366507240319365,-0.2662559185017447,1665.826356968642,down,-0.26499776683713494,-0.0,-0.0012581516646097512,-0.0,0.001953125
12.300000859999273,-30.0,0.37373394162394646,-30.373733941623946,-0.2678334838456201,1666.3298352698787,down,-0.2650608317030465,-0.0,-0.002772652142573631,-0.0,0.001953125
12.320000975998482,-30.0,0.37373394162394646,-30.373733941623946,-0.26700168820284803,1666.064368575377,down,-0.2650608317030465,-0.0,-0.0019408564998015414,-0.0,0.0
12.340001091999511,-30.0,0.37373394162394646,-30.373733941623946,-0.26641943125290757,1665.8785418892257,down,-0.2650608317030465,-0.0,-0.001358599549861079,-0.0,0.0
12.36000100399906,-30.0,0.36630402769622705,-30.366304027696227,-0.2640018662396827,1665.1069785871327,down,-0.2649959934724572,-0.0,0.0009941272327745549,-0.0,-0.001953125
12.380000785999073,-30.0,0.36630402769622705,-30.366304027696227,-0.264300104409515,1665.2021609817602,down,-0.2649959934724572,-0.0,0.0006958890629421883,-0.0,-0.001953125
12.400001365000207,-30.0,0.3640463151014206,-30.36404631510142,-0.2638981010940794,1665.073862051302,down,-0.2649762912132857,-0.0,0.0010781901192062925,-0.0,-0.001953125
12.420001017999311,-30.0,0.3640463151014206,-30.36404631510142,-0.26422155812984127,1665.1770930201621,down,-0.2649762912132857,-0.0,0.0007547330834444048,-0.0,-0.001953125
12.440001003998987,-30.0,0.3640463151014206,-30.36404631510142,-0.26444797805487463,1665.2493546983642,down,-0.2649762912132857,-0.0,0.0005283131584110833,-0.0,-0.001953125
12.460001063998789,-30.0,0.3640463151014206,-30.36404631510142,-0.26460647200239795,1665.2999378731058,down,-0.2649762912132857,-0.0,0.0003698192108877583,-0.0,0.001953125
12.480001087998971,-30.0,0.3640463151014206,-30.36404631510142,-0.26471741776566426,1665.3353460954247,down,-0.2649762912132857,-0.0,0.00025887344762143077,-0.0,0.001953125
12.500001036998583,-30.0,0.37127266375011025,-30.371272663750112,-0.26674999524060916,1665.984041034237,down,-0.265039353001694,-0.0,-0.00171064223891516,-0.0,0.001953125
12.520000818998597,-30.0,0.37127266375011025,-30.371272663750112,-0.2662368025689346,1665.8202561390217,down,-0.265039353001694,-0.0,-0.001197449567240612,-0.0,0.001953125
12.540000712999245,-30.0,0.37127266375011025,-30.371272663750112,-0.2658775676987624,1665.705606712371,down,-0.265039353001694,-0.0,-0.0008382146970684284,-0.0,0.001953125
12.560000661998856,-30.0,0.3615845003222198,-30.36158450032222,-0.2630052028601781,1664.7888945298441,down,-0.26495480782655,-0.0,0.001949604966371934,-0.0,0.0
12.580000980999102,-30.0,0.3615845003222198,-30.36158450032222,-0.2635900843500897,1664.975558835135,down,-0.26495480782655,-0.0,0.0013647234764603538,-0.0,0.0
12.600000671000089,-30.0,0.3551214602561501,-30.35512146025615,-0.26225108079598874,1664.5482172753154,down,-0.2648984071621294,-0.0,0.0026473263661406636,-0.0,0.0
12.620001249999405,-30.0,0.3551214602561501,-30.35512146025615,-0.26304527870583094,1664.8016846933504,down,-0.2648984071621294,-0.0,0.0018531284562984644,-0.0,0.001953125
12.640001031999418,-30.0,0.3551214602561501,-30.35512146025615,-0.2636012172427205,1664.9791118859746,down,-0.2648984071621294,-0.0,0.001297189919408925,-0.0,0.001953125
12.660000907999347,-30.0,0.3633262412538052,-30.363326241253805,-0.26620998108216243,1665.8116960900518,down,-0.2649700073835365,-0.0,-0.0012399736986259432,-0.0,0.0
12.680000930999086,-30.0,0.3633262412538052,-30.363326241253805,-0.26583798897257466,1665.6929752040132,down,-0.2649700073835365,-0.0,-0.0008679815890381602,-0.0,0.0
12.700000971999543,-30.0,0.3623474562120883,-30.36234745621209,-0.2653128076603311,1665.5253641469142,down,-0.26496146587271285,-0.0,-0.00035134178761827184,-0.0,0.0
12.720000994999282,-30.0,0.3623474562120883,-30.36234745621209,-0.26520740512404567,1665.491725039589,down,-0.26496146587271285,-0.0,-0.0002459392513327903,-0.0,-0.001953125
12.740001091999147,-30.0,0.3623474562120883,-30.36234745621209,-0.2651336233486458,1665.4681776644616,down,-0.26496146587271285,-0.0,-0.0001721574759329532,-0.0,-0.001953125
12.760000837999542,-30.0,0.35814334261802117,-30.35814334261802,-0.2639446539285289,1665.0887193388921,down,-0.2649247780605407,-0.0,0.0009801241320117951,-0.0,-0.001953125
12.780000897999344,-30.0,0.35814334261802117,-30.35814334261802,-0.2642386911681325,1665.1825610111061,down,-0.2649247780605407,-0.0,0.0006860868924082566,-0.0,-0.001953125
12.800001050998617,-30.0,0.35091734666208474,-30.350917346662087,-0.2624896972077682,1664.6243714492878,down,-0.2648617193499573,-0.0,0.0023720221421890614,-0.0,-0.001953125
12.820000906998757,-30.0,0.35091734666208474,-30.350917346662087,-0.26320130385042495,1664.8514799522632,down,-0.2648617193499573,-0.0,0.001660415499532343,-0.0,0.0
12.840000744999998,-30.0,0.35091734666208474,-30.350917346662087,-0.26369942850028466,1665.0104559043461,down,-0.2648617193499573,-0.0,0.00116229084967264,-0.0,0.0
12.860001008999461,-30.0,0.35640194284750315,-30.356401942847505,-0.26553184180964345,1665.5952686626522,down,-0.2649095814807462,-0.0,-0.0006222603288972375,-0.0,0.0
12.880000901999665,-30.0,0.35640194284750315,-30.356401942847505,-0.2653451637109743,1665.5356905460555,down,-0.2649095814807462,-0.0,-0.0004355822302280662,-0.0,0.0
12.900000924999404,-30.0,0.3491755941988153,-30.349175594198815,-0.2632595736012478,1664.8700766812494,down,-0.26484651969233786,-0.0,0.0015869460910900468,-0.0,0.0
12.920000910999079,-30.0,0.3491755941988153,-30.349175594198815,-0.2637356574285748,1665.0220183282686,down,-0.26484651969233786,-0.0,0.0011108622637630327,-0.0,0.0
12.94000097099888,-30.0,0.3491755941988153,-30.349175594198815,-0.2640689161077037,1665.128377481182,down,-0.26484651969233786,-0.0,0.0007776035846341229,-0.0,0.0
12.960001049999846,-30.0,0.33969040740951684,-30.339690407409517,-0.26173620721867513,1664.3838959208538,down,-0.26476374582251794,-0.0,0.0030275386038428015,-0.0,0.0
12.98000083199986,-30.0,0.33969040740951684,-30.339690407409517,-0.262644468799828,1664.673766638243,down,-0.26476374582251794,-0.0,0.0021192770226899607,-0.0,0.0
13.000001243999577,-30.0,0.3354866253427353,-30.335486625342735,-0.26214301941605966,1664.5137296008702,down,-0.2647270609034671,-0.0,0.002584041487407409,-0.0,0.0
13.020000988999527,-30.0,0.3354866253427353,-30.335486625342735,-0.2629182318622819,1664.7611378283877,down,-0.2647270609034671,-0.0,0.0018088290411851862,-0.0,0.005859375
13.04000125299899,-30.0,0.3354866253427353,-30.335486625342735,-0.26346088057463746,1664.9343235876502,down,-0.2647270609034671,-0.0,0.0012661803288296302,-0.0,0.005859375
13.060001127998476,-30.0,0.3436915462419847,-30.343691546241985,-0.26606037938392907,1665.7639508672114,down,-0.2647986623457459,-0.0,-0.0012617170381831965,-0.0,-0.001953125
13.080001039999843,-30.0,0.3436915462419847,-30.343691546241985,-0.26568186427247414,1665.6431481720663,down,-0.2647986623457459,-0.0,-0.0008832019267282375,-0.0,-0.001953125
13.100001173999772,-30.0,0.3469165603745381,-30.346916560374538,-0.2662893539775199,1665.837027865166,down,-0.2648268059032641,-0.0,-0.0014625480742558447,-0.0,-0.001953125
13.120000846000039,-30.0,0.3469165603745381,-30.346916560374538,-0.26585058955524316,1665.696996666567,down,-0.2648268059032641,-0.0,-0.0010237836519790913,-0.0,-0.001953125
13.140001238998593,-30.0,0.3469165603745381,-30.346916560374538,-0.26554345445964944,1665.5989748275476,down,-0.2648268059032641,-0.0,-0.0007166485563853638,-0.0,-0.001953125
13.16000103999977,-30.0,0.3427127783077566,-30.342712778307757,-0.2641912274021586,1665.1674130006888,down,-0.2647901209842133,-0.0,0.000598893582054695,-0.0,0.0
13.180000747999657,-30.0,0.3427127783077566,-30.342712778307757,-0.264370895476775,1665.2247538755664,down,-0.2647901209842133,-0.0,0.0004192255074382865,-0.0,0.0
13.200000974999057,-30.0,0.3427127783077566,-30.342712778307757,-0.2644966631290065,1665.264892487981,down,-0.2647901209842133,-0.0,0.0002934578552068005,-0.0,0.0
13.220001182999113,-30.0,0.3427127783077566,-30.342712778307757,-0.26458470048556854,1665.2929895166708,down,-0.2647901209842133,-0.0,0.00020542049864476035,-0.0,0.001953125
13.24000098399847,-30.0,0.3427127783077566,-30.342712778307757,-0.26464632663516197,1665.3126574367539,down,-0.2647901209842133,-0.0,0.00014379434905133223,-0.0,0.001953125
13.260001247999753,-30.0,0.3385093277743003,-30.3385093277743,-0.26355232213769775,1664.9635070652228,down,-0.26475343895833653,-0.0,0.0012011168206387862,-0.0,0.0
13.280000789000042,-30.0,0.3385093277743003,-30.3385093277743,-0.2639126571838894,1665.0785076118796,down,-0.26475343895833653,-0.0,0.0008407817744471503,-0.0,0.0
13.300000904999251,-30.0,0.34025031008848217,-30.340250310088482,-0.2646358727570462,1665.3093210926743,down,-0.2647686318951373,-0.0,0.00013275913809104964,-0.0,0.0
13.32000092799899,-30.0,0.34025031008848217,-30.340250310088482,-0.26467570049847355,1665.3220320739808,down,-0.2647686318951373,-0.0,9.293139666373474e-05,-0.0,0.0
13.340001024998855,-30.0,0.34025031008848217,-30.340250310088482,-0.2647035799174727,1665.3309297608955,down,-0.2647686318951373,-0.0,6.505197766461432e-05,-0.0,0.0
13.360000769998805,-30.0,0.3352716501696449,-30.335271650169645,-0.26337623838799984,1664.9073101238298,down,-0.26472518489117686,-0.0,0.0013489465031769957,-0.0,0.001953125
13.380000997000025,-30.0,0.3352716501696449,-30.335271650169645,-0.26378092233895295,1665.0364645762616,down,-0.26472518489117686,-0.0,0.0009442625522238969,-0.0,0.001953125
13.400000667999848,-30.0,0.34173479234909543,-30.341734792349094,-0.26581264932598714,1665.684888082762,down,-0.26478158644670485,-0.0,-0.0010310628792822864,-0.0,0.001953125
13.420000968999375,-30.0,0.34173479234909543,-30.341734792349094,-0.2655033304622025,1665.5861692964477,down,-0.26478158644670485,-0.0,-0.0007217440154976005,-0.0,0.001953125
13.440000695998606,-30.0,0.34173479234909543,-30.341734792349094,-0.26528680725755316,1665.5170661460277,down,-0.26478158644670485,-0.0,-0.0005052208108483203,-0.0,0.001953125
13.460001088998979,-30.0,0.34173479234909543,-30.341734792349094,-0.2651352410142987,1665.4686939407336,down,-0.26478158644670485,-0.0,-0.00035365456759382417,-0.0,0.0
13.480001167999944,-30.0,0.34173479234909543,-30.341734792349094,-0.26502914464402055,1665.434833397028,down,-0.26478158644670485,-0.0,-0.0002475581973156769,-0.0,0.0
13.50000102499871,-30.0,0.34573567642298997,-30.34573567642299,-0.26603722048606676,1665.7565597295957,down,-0.26481650074674484,-0.0,-0.0012207197393219315,-0.0,-0.005859375
13.520001250999485,-30.0,0.34573567642298997,-30.34573567642299,-0.2656710045642702,1665.6396823077457,down,-0.26481650074674484,-0.0,-0.0008545038175253519,-0.0,-0.005859375
13.54000110800007,-30.0,0.34573567642298997,-30.34573567642299,-0.2654146534190126,1665.5578681124507,down,-0.26481650074674484,-0.0,-0.0005981526722677464,-0.0,-0.005859375
13.560001167999872,-30.0,0.34173479234909543,-30.341734792349094,-0.2641528643160913,1665.1551694625823,down,-0.26478158644670485,-0.0,0.0006287221306135351,-0.0,0.0
13.580000672000097,-30.0,0.34173479234909543,-30.341734792349094,-0.2643414809552754,1665.2153662623218,down,-0.26478158644670485,-0.0,0.0004401054914294746,-0.0,0.0
13.600000880998778,-30.0,0.3447585702691285,-30.34475857026913,-0.2652915232512863,1665.5185712504106,down,-0.2648079738869817,-0.0,-0.00048354936430460195,-0.0,0.0
13.62000116299896,-30.0,0.3447585702691285,-30.34475857026913,-0.2651464584419949,1665.4722739708495,down,-0.2648079738869817,-0.0,-0.00033848455501322137,-0.0,0.0
13.640000852999947,-30.0,0.3447585702691285,-30.34475857026913,-0.26504491307549094,1665.4398658751566,down,-0.2648079738869817,-0.0,-0.00023693918850925495,-0.0,0.0
13.660001245998501,-30.0,0.3447585702691285,-30.34475857026913,-0.26497383131893815,1665.4171802081719,down,-0.2648079738869817,-0.0,-0.00016585743195647845,-0.0,0.0
13.68000097299955,-30.0,0.3447585702691285,-30.34475857026913,-0.2649240740893512,1665.4013002412823,down,-0.2648079738869817,-0.0,-0.00011610020236953491,-0.0,0.0
13.70000073600022,-30.0,0.34896168926323234,-30.348961689263234,-0.26602629714079384,1665.7530735555724,down,-0.2648446530196318,-0.0,-0.0011816441211620408,-0.0,-0.001953125
13.720000888999493,-30.0,0.34896168926323234,-30.348961689263234,-0.2656718039044452,1665.6399374163123,down,-0.2648446530196318,-0.0,-0.0008271508848134285,-0.0,-0.001953125
13.740000800999042,-30.0,0.34896168926323234,-30.348961689263234,-0.2654236586390012,1665.5607421188301,down,-0.2648446530196318,-0.0,-0.0005790056193693999,-0.0,-0.001953125
13.760001249998822,-30.0,0.3392725342435394,-30.33927253424354,-0.26262878827232883,1664.668762214573,down,-0.2647600991912169,-0.0,0.002131310918888077,-0.0,-0.001953125
13.780000957998709,-30.0,0.3392725342435394,-30.33927253424354,-0.26326818154799525,1664.8728238982962,down,-0.2647600991912169,-0.0,0.0014919176432216538,-0.0,-0.001953125
13.800001054998575,-30.0,0.34153255742888255,-30.341532557428884,-0.26432715195017426,1665.2107931755875,down,-0.2647798216140947,-0.0,0.00045266966392044656,-0.0,0.001953125
13.820001354999476,-30.0,0.34153255742888255,-30.341532557428884,-0.2644629528493504,1665.2541338880906,down,-0.2647798216140947,-0.0,0.00031686876474431257,-0.0,0.001953125
13.840001212000061,-30.0,0.34153255742888255,-30.341532557428884,-0.26455801347877367,1665.2844723868427,down,-0.2647798216140947,-0.0,0.00022180813532101878,-0.0,0.001953125
13.860000994000075,-30.0,0.34399426478310957,-30.34399426478311,-0.2652905118469232,1665.518248461784,down,-0.2648013040633706,-0.0,-0.0004892077835525888,-0.0,0.001953125
13.880001165000067,-30.0,0.34399426478310957,-30.34399426478311,-0.26514374951185743,1665.471409418678,down,-0.2648013040633706,-0.0,-0.0003424454484868121,-0.0,0.001953125
13.900001002999488,-30.0,0.3459382428825517,-30.345938242882553,-0.2655669125628513,1665.6064614562292,down,-0.2648182684725816,-0.0,-0.0007486440902696789,-0.0,0.0
13.92000108100001,-30.0,0.3459382428825517,-30.345938242882553,-0.2653423193357704,1665.5347827667351,down,-0.2648182684725816,-0.0,-0.0005240508631887752,-0.0,0.0
13.940001048998965,-30.0,0.3459382428825517,-30.345938242882553,-0.2651851040768137,1665.4846076840895,down,-0.2648182684725816,-0.0,-0.0003668356042321426,-0.0,0.0
13.960000848999698,-30.0,0.3427127783077566,-30.342712778307757,-0.26420248125612655,1665.1710046562107,down,-0.2647901209842133,-0.0,0.0005876397280867173,-0.0,-0.001953125
13.98000127999876,-30.0,0.3427127783077566,-30.342712778307757,-0.2643787731745526,1665.2272680344317,down,-0.2647901209842133,-0.0,0.00041134780966070204,-0.0,-0.001953125
