t,ref,angle,err,u,pwm,state,P,I,D,gz
7.779999577905983e-07,0.0,-0.0003404884619726545,0.0003404884619726545,0.0,1500,idle,0.0,0.0,0.0,0.0
0.020000841999717522,0.0,-0.0003404884619726545,0.0003404884619726545,0.0,1500,idle,0.0,0.0,0.0,0.0
0.04000064599995312,0.0,-0.0003404884619726545,0.0003404884619726545,0.0,1500,idle,0.0,0.0,0.0,0.0
0.06000056199991377,0.0,-0.0003404884619726545,0.0003404884619726545,0.0,1500,idle,0.0,0.0,0.0,0.0
0.0800006259996735,0.0,-0.0003404884619726545,0.0003404884619726545,0.0,1500,idle,0.0,0.0,0.0,0.0
0.10000041199964471,0.0,-0.0003404884619726545,0.0003404884619726545,0.0,1500,idle,0.0,0.0,0.0,0.0
0.1200003089998063,0.0,-0.0003404884619726545,0.0003404884619726545,0.0,1500,idle,0.0,0.0,0.0,0.0
0.14000063200001023,0.0,-0.002406085101569033,0.002406085101569033,0.0,1500,idle,0.0,0.0,0.0,0.0
0.1600004919996536,0.0,-0.002406085101569033,0.002406085101569033,0.0,1500,idle,0.0,0.0,0.0,0.0
0.18000037000001612,0.0,-0.002406085101569033,0.002406085101569033,0.0,1500,idle,0.0,0.0,0.0,0.0
0.20000052699970183,0.0,-0.005415842178649655,0.005415842178649655,0.0,1500,idle,0.0,0.0,0.0,0.0
0.22000047999972594,0.0,-0.005415842178649655,0.005415842178649655,0.0,1500,idle,0.0,0.0,0.0,0.0
0.2400003029997606,0.0,0.0030458955653500652,-0.0030458955653500652,0.0,1500,idle,0.0,0.0,0.0,0.0
0.2600004219998482,0.0,0.0030458955653500652,-0.0030458955653500652,0.0,1500,idle,0.0,0.0,0.0,0.0
0.2800003749998723,0.0,0.0030458955653500652,-0.0030458955653500652,0.0,1500,idle,0.0,0.0,0.0,0.0
0.3000003829997695,0.0,0.0030458955653500652,-0.0030458955653500652,0.0,1500,idle,0.0,0.0,0.0,0.0
0.32000037299985706,0.0,0.0030458955653500652,-0.0030458955653500652,0.0,1500,idle,0.0,0.0,0.0,0.0
0.3400002879998283,0.0,0.0009802385297632554,-0.0009802385297632554,0.0,1500,idle,0.0,0.0,0.0,0.0
0.36000044499996875,0.0,0.0009802385297632554,-0.0009802385297632554,0.0,1500,idle,0.0,0.0,0.0,0.0
0.38000045299986596,0.0,0.0009802385297632554,-0.0009802385297632554,0.0,1500,idle,0.0,0.0,0.0,0.0
0.4000004979998266,0.0,0.0030458955653500652,-0.0030458955653500652,0.0,1500,idle,0.0,0.0,0.0,0.0
0.42000030300005164,0.0,0.0030458955653500652,-0.0030458955653500652,0.0,1500,idle,0.0,0.0,0.0,0.0
0.4400004219996845,0.0,0.0030458955653500652,-0.0030458955653500652,0.0,1500,idle,0.0,0.0,0.0,0.0
0.4600003559999095,0.0,0.0030458955653500652,-0.0030458955653500652,0.0,1500,idle,0.0,0.0,0.0,0.0
0.4800006239997856,0.0,0.0030458955653500652,-0.0030458955653500652,0.0,1500,idle,0.0,0.0,0.0,0.0
0.5000002429997039,0.0,0.0030458955653500652,-0.0030458955653500652,0.0,1500,idle,0.0,0.0,0.0,0.0
0.5200003069999184,0.0,0.0030458955653500652,-0.0030458955653500652,0.0,1500,idle,0.0,0.0,0.0,0.0
0.5400005930000589,0.0,0.0009802385297632554,-0.0009802385297632554,0.0,1500,idle,0.0,0.0,0.0,0.0
0.5600004549996811,0.0,0.0009802385297632554,-0.0009802385297632554,0.0,1500,idle,0.0,0.0,0.0,0.0
0.5800004650000119,0.0,0.0009802385297632554,-0.0009802385297632554,0.0,1500,idle,0.0,0.0,0.0,0.0
0.6000005119999514,0.0,-0.0020292248212001596,0.0020292248212001596,0.0,1500,idle,0.0,0.0,0.0,0.0
0.6200002820000918,0.0,-0.0020292248212001596,0.0020292248212001596,0.0,1500,idle,0.0,0.0,0.0,0.0
0.6400003099997775,0.0,-0.0020292248212001596,0.0020292248212001596,0.0,1500,idle,0.0,0.0,0.0,0.0
0.6600003939997805,0.0,-0.0020292248212001596,0.0020292248212001596,0.0,1500,idle,0.0,0.0,0.0,0.0
0.6800002559998575,0.0,-0.0020292248212001596,0.0020292248212001596,0.0,1500,idle,0.0,0.0,0.0,0.0
0.700000395999723,0.0,-0.0020292248212001596,0.0020292248212001596,0.0,1500,idle,0.0,0.0,0.0,0.0
0.7200003689999903,0.0,-0.0020292248212001596,0.0020292248212001596,0.0,1500,idle,0.0,0.0,0.0,0.0
0.7400004529999933,0.0,-0.0020292248212001596,0.0020292248212001596,0.0,1500,idle,0.0,0.0,0.0,0.0
0.7600003709999328,0.0,-0.0020292248212001596,0.0020292248212001596,0.0,1500,idle,0.0,0.0,0.0,0.0
0.7800003809998088,0.0,-0.0020292248212001596,0.0020292248212001596,0.0,1500,idle,0.0,0.0,0.0,0.0
0.8000003719998858,0.0,-0.0020292248212001596,0.0020292248212001596,0.0,1500,idle,0.0,0.0,0.0,0.0
0.8200002529997619,0.0,-0.0020292248212001596,0.0020292248212001596,0.0,1500,idle,0.0,0.0,0.0,0.0
0.8400003560000187,0.0,-0.0020292248212001596,0.0020292248212001596,0.0,1500,idle,0.0,0.0,0.0,0.0
0.8600003100000322,0.0,-0.0020292248212001596,0.0020292248212001596,0.0,1500,idle,0.0,0.0,0.0,0.0
0.8800004309996439,0.0,-0.0020292248212001596,0.0020292248212001596,0.0,1500,idle,0.0,0.0,0.0,0.0
0.9000003859996468,0.0,-0.0020292248212001596,0.0020292248212001596,0.0,1500,idle,0.0,0.0,0.0,0.0
0.9200004330000411,0.0,-0.0020292248212001596,0.0020292248212001596,0.0,1500,idle,0.0,0.0,0.0,0.0
0.9400004619997162,0.0,-0.0020292248212001596,0.0020292248212001596,0.0,1500,idle,0.0,0.0,0.0,0.0
0.9600004349999836,0.0,-0.0020292248212001596,0.0020292248212001596,0.0,1500,idle,0.0,0.0,0.0,0.0
0.9800005739998596,0.0,-0.0020292248212001596,0.0020292248212001596,0.0,1500,idle,0.0,0.0,0.0,0.0
1.0000004179996722,0.0,-0.0020292248212001596,0.0020292248212001596,0.0,1500,idle,0.0,0.0,0.0,0.0
1.020000668999728,0.0,-0.0020292248212001596,0.0020292248212001596,0.0,1500,idle,0.0,0.0,0.0,0.0
1.0400005299998156,0.0,-0.004095193259246344,0.004095193259246344,0.0,1500,idle,0.0,0.0,0.0,0.0
1.060000374000083,0.0,-0.004095193259246344,0.004095193259246344,0.0,1500,idle,0.0,0.0,0.0,0.0
1.0800003649997052,0.0,-0.007104221379591991,0.007104221379591991,0.0,1500,idle,0.0,0.0,0.0,0.0
1.1000004130000889,0.0,-0.007104221379591991,0.007104221379591991,0.0,1500,idle,0.0,0.0,0.0,0.0
1.1200007369998275,0.0,-0.007104221379591991,0.007104221379591991,0.0,1500,idle,0.0,0.0,0.0,0.0
1.1400008030000208,0.0,-0.007104221379591991,0.007104221379591991,0.0,1500,idle,0.0,0.0,0.0,0.0
1.1600006469998334,0.0,-0.007104221379591991,0.007104221379591991,0.0,1500,idle,0.0,0.0,0.0,0.0
1.1800009339999633,0.0,-0.002961203887537067,0.002961203887537067,0.0,1500,idle,0.0,0.0,0.0,0.0
1.2000012409998817,0.0,-0.002961203887537067,0.002961203887537067,0.0,1500,idle,0.0,0.0,0.0,0.0
1.2200013990000116,0.0,-0.002961203887537067,0.002961203887537067,0.0,1500,idle,0.0,0.0,0.0,0.0
1.2400012419998347,0.0,-0.005027483793071497,0.005027483793071497,0.0,1500,idle,0.0,0.0,0.0,0.0
1.2600010119999752,0.0,-0.005027483793071497,0.005027483793071497,0.0,1500,idle,0.0,0.0,0.0,0.0
1.2800006699999358,0.0,-0.005027483793071497,0.005027483793071497,0.0,1500,idle,0.0,0.0,0.0,0.0
1.3000007910000022,0.0,-0.005027483793071497,0.005027483793071497,0.0,1500,idle,0.0,0.0,0.0,0.0
1.320001431000037,0.0,-0.005027483793071497,0.005027483793071497,0.0,1500,idle,0.0,0.0,0.0,0.0
1.340000997000061,0.0,-0.0007084174852138858,0.0007084174852138858,0.0,1500,idle,0.0,0.0,0.0,0.0
1.3600008769999476,0.0,-0.0007084174852138858,0.0007084174852138858,0.0,1500,idle,0.0,0.0,0.0,0.0
1.3800011829998766,0.0,-0.0007084174852138858,0.0007084174852138858,0.0,1500,idle,0.0,0.0,0.0,0.0
1.4000009339997632,0.0,-0.0007084174852138858,0.0007084174852138858,0.0,1500,idle,0.0,0.0,0.0,0.0
1.420000815000094,0.0,-0.0007084174852138858,0.0007084174852138858,0.0,1500,idle,0.0,0.0,0.0,0.0
1.4400007689996528,0.0,-0.0007084174852138858,0.0007084174852138858,0.0,1500,idle,0.0,0.0,0.0,0.0
1.4600009269997827,0.0,-0.0007084174852138858,0.0007084174852138858,0.0,1500,idle,0.0,0.0,0.0,0.0
1.480001436999828,0.0,-0.005027483793071497,0.005027483793071497,0.0,1500,idle,0.0,0.0,0.0,0.0
1.5000006699997357,0.0,-0.005027483793071497,0.005027483793071497,0.0,1500,idle,0.0,0.0,0.0,0.0
1.520001105999654,0.0,-0.005027483793071497,0.005027483793071497,0.0,1500,idle,0.0,0.0,0.0,0.0
1.540001041999858,0.0,-0.002961203887537067,0.002961203887537067,0.0,1500,idle,0.0,0.0,0.0,0.0
1.5600008879996494,0.0,-0.002961203887537067,0.002961203887537067,0.0,1500,idle,0.0,0.0,0.0,0.0
1.5800011589999485,0.0,-0.002961203887537067,0.002961203887537067,0.0,1500,idle,0.0,0.0,0.0,0.0
1.600000893000015,0.0,-0.002961203887537067,0.002961203887537067,0.0,1500,idle,0.0,0.0,0.0,0.0
1.6200009789999967,0.0,-0.002961203887537067,0.002961203887537067,0.0,1500,idle,0.0,0.0,0.0,0.0
1.6400010459997247,0.0,-0.002961203887537067,0.002961203887537067,0.0,1500,idle,0.0,0.0,0.0,0.0
1.660000670000045,0.0,-0.002961203887537067,0.002961203887537067,0.0,1500,idle,0.0,0.0,0.0,0.0
1.6800010889996884,0.0,-0.005027483793071497,0.005027483793071497,0.0,1500,idle,0.0,0.0,0.0,0.0
1.7000009710000086,0.0,-0.005027483793071497,0.005027483793071497,0.0,1500,idle,0.0,0.0,0.0,0.0
1.720001038999726,0.0,-0.005027483793071497,0.005027483793071497,0.0,1500,idle,0.0,0.0,0.0,0.0
1.7400008469999193,0.0,-0.0007084174852138858,0.0007084174852138858,0.0,1500,idle,0.0,0.0,0.0,0.0
1.760001099999954,0.0,-0.0007084174852138858,0.0007084174852138858,0.0,1500,idle,0.0,0.0,0.0,0.0
1.780000944999756,0.0,-0.0007084174852138858,0.0007084174852138858,0.0,1500,idle,0.0,0.0,0.0,0.0
1.8000013089999811,0.0,-0.0007084174852138858,0.0007084174852138858,0.0,1500,idle,0.0,0.0,0.0,0.0
1.820001320999836,0.0,-0.0007084174852138858,0.0007084174852138858,0.0,1500,idle,0.0,0.0,0.0,0.0
1.8400008879998495,0.0,-0.0007084174852138858,0.0007084174852138858,0.0,1500,idle,0.0,0.0,0.0,0.0
1.8600009560000217,0.0,-0.0007084174852138858,0.0007084174852138858,0.0,1500,idle,0.0,0.0,0.0,0.0
1.8800008559996968,0.0,-0.0007084174852138858,0.0007084174852138858,0.0,1500,idle,0.0,0.0,0.0,0.0
1.9000009609999324,0.0,-0.0007084174852138858,0.0007084174852138858,0.0,1500,idle,0.0,0.0,0.0,0.0
1.920000842999798,0.0,-0.0007084174852138858,0.0007084174852138858,0.0,1500,idle,0.0,0.0,0.0,0.0
1.9400010589997692,0.0,-0.0037171520330048224,0.0037171520330048224,0.0,1500,idle,0.0,0.0,0.0,0.0
1.9600006819996452,0.0,-0.0037171520330048224,0.0037171520330048224,0.0,1500,idle,0.0,0.0,0.0,0.0
1.9800009159998808,0.0,-0.0037171520330048224,0.0037171520330048224,0.0,1500,idle,0.0,0.0,0.0,0.0
2.0000009089999367,-60.0,-0.0037171520330048224,-59.996282847966995,-3.1413980239644737,1670,kick,-3.1413980239644737,0.0,0.0,0.0
2.020000828999855,-60.0,-0.0037171520330048224,-59.996282847966995,-3.1413980239644737,1670,kick,-3.1413980239644737,0.0,0.0,0.0
2.04000119300008,-60.0,-0.0037171520330048224,-59.996282847966995,-3.1413980239644737,1670,kick,-3.1413980239644737,0.0,0.0,0.0
2.0600012419999985,-60.0,-0.0037171520330048224,-59.996282847966995,-3.1413980239644737,1670,kick,-3.1413980239644737,0.0,0.0,0.0
2.080001178999737,-60.0,-0.0037171520330048224,-59.996282847966995,-3.1413980239644737,1670,kick,-3.1413980239644737,0.0,0.0,0.0
2.1000010620000467,-60.0,-0.0037171520330048224,-59.996282847966995,-3.1413980239644737,1670,kick,-3.1413980239644737,0.0,0.0,0.0
2.120001018000039,-60.0,-0.0037171520330048224,-59.996282847966995,-3.1413980239644737,1670,kick,-3.1413980239644737,0.0,0.0,0.0
2.140001048999693,-60.0,-0.01027937469515905,-59.98972062530484,-3.1293356767893634,1670,kick,-3.1410544267893634,0.0,0.0046875,-0.0078125
2.1600012089998017,-60.0,-0.01027937469515905,-59.98972062530484,-3.1246481767893632,1670,kick,-3.1410544267893634,0.0,0.0065625,-0.0078125
2.180001145999995,-60.0,-0.03345734945654044,-59.96654265054346,-3.121559580868772,1670,kick,-3.139840830868772,0.0,0.0073124999999999996,-0.0078125
2.200001343999702,-60.0,-0.03345734945654044,-59.96654265054346,-3.114950205868772,1670,kick,-3.139840830868772,0.0,0.00995625,-0.01171875
2.220000780999726,-60.0,-0.03345734945654044,-59.96654265054346,-3.112306455868772,1670,kick,-3.139840830868772,0.0,0.01101375,-0.01171875
2.2400007930000356,-60.0,-0.0590543071211016,-59.9409456928789,-3.1069790147995517,1670,kick,-3.138500577299552,0.0,0.012608625,-0.013671875
2.260000620000028,-60.0,-0.0590543071211016,-59.9409456928789,-3.105384139799552,1670,kick,-3.138500577299552,0.0,0.013246575,-0.013671875
2.2800014839999676,-60.0,-0.08702300069543867,-59.91297699930456,-3.1032817524284906,1670,kick,-3.1370361399284907,0.0,0.013501755,-0.013671875
2.3000008849999176,-60.0,-0.08702300069543867,-59.91297699930456,-3.1059562599284907,1670,kick,-3.1370361399284907,0.0,0.012431952,-0.01171875
2.3200010450000264,-60.0,-0.08702300069543867,-59.91297699930456,-3.1070260629284907,1670,kick,-3.1370361399284907,0.0,0.0120040308,-0.01171875
2.3400012229999447,-60.0,-0.10995135669304545,-59.890048643306955,-3.103323770715808,1670,kick,-3.135835614015808,0.0,0.013004737320000001,-0.013671875
2.3600009389997467,-60.0,-0.10995135669304545,-59.890048643306955,-3.102323064195808,1670,kick,-3.135835614015808,0.0,0.013405019928,-0.013671875
2.380001081000046,-60.0,-0.12615460615324992,-59.87384539384675,-3.1010743814300006,1670,kick,-3.1349872138580004,0.0,0.013565132971200001,-0.013671875
2.4000007959998584,-60.0,-0.12615460615324992,-59.87384539384675,-3.1038439558868003,1670,kick,-3.1349872138580004,0.0,0.01245730318848,-0.01171875
2.4200007899999036,-60.0,-0.12615460615324992,-59.87384539384675,-3.1049517856695203,1670,kick,-3.1349872138580004,0.0,0.012014171275392,-0.01171875
2.440000987000076,-60.0,-0.1411774292894279,-59.85882257071057,-3.1046083244025953,1670,kick,-3.134200620677987,0.0,0.0118369185101568,-0.01171875
2.4600010909998673,-60.0,-0.1411774292894279,-59.85882257071057,-3.10478557716783,1670,kick,-3.134200620677987,0.0,0.011766017404062721,-0.01171875
2.480000954999923,-60.0,-0.15204960410130752,-59.84795039589869,-3.1042872125319656,1670,kick,-3.1336313549360284,0.0,0.011737656961625088,-0.01171875
2.5000010969997675,-60.0,-0.15204960410130752,-59.84795039589869,-3.104315572974403,1695.0,run,-3.1336313549360284,0.0,0.011726312784650035,-0.01171875
2.5200007009998444,-60.0,-0.15204960410130752,-59.84795039589869,-3.1043269171513783,1720.0,run,-3.1336313549360284,0.0,0.011721775113860014,-0.01171875
2.540000953999879,-60.0,-0.16410424359409603,-59.835895756405904,-3.1095596503742984,1745.0,run,-3.1330001754881582,0.0,0.009376210045544005,-0.0078125
2.56000091299984,-60.0,-0.16410424359409603,-59.835895756405904,-3.111905215442614,1770.0,run,-3.1330001754881582,0.0,0.008437984018217602,-0.0078125
2.580000852000012,-60.0,-0.1862734236480037,-59.813726576351996,-3.1116826659167156,1795.0,run,-3.1318393999349334,0.0,0.008062693607287041,-0.0078125
2.6000010879997717,-60.0,-0.1862734236480037,-59.813726576351996,-3.0944798313276465,1820.0,run,-3.1318393999349334,0.0,0.014943827442914816,-0.01953125
2.6200010649999967,-60.0,-0.1862734236480037,-59.813726576351996,-3.0875986974920187,1845.0,run,-3.1318393999349334,0.0,0.017696280977165926,-0.01953125
2.640001097000095,-60.0,-0.23566334585058257,-59.76433665414942,-3.041244568678551,1870.0,run,-3.129253349655717,0.0,0.035203512390866366,-0.046875
2.6600008149998757,-60.0,-0.23566334585058257,-59.76433665414942,-3.023737337264851,1895.0,run,-3.129253349655717,0.0,0.04220640495634655,-0.046875
2.6800008840000373,-60.0,-0.3973602439962747,-59.602639756003725,-3.0082680149106573,1900.0,run,-3.1207869198670037,0.0,0.04500756198253862,-0.046875
2.700000971999998,-60.0,-0.3973602439962747,-59.602639756003725,-2.932224670384465,1900.0,run,-3.1207869198670037,0.0,0.07542489979301545,-0.095703125
2.7200006709999798,-60.0,-0.3973602439962747,-59.602639756003725,-2.901807332573988,1900.0,run,-3.1207869198670037,0.0,0.08759183491720618,-0.095703125
2.7400008330000674,-60.0,-0.7369098987273048,-59.263090101272695,-2.7458850566025985,1900.0,run,-3.1030081415198048,0.0,0.14284923396688246,-0.1796875
2.760000846999901,-60.0,-0.7369098987273048,-59.263090101272695,-2.6906276575529224,1900.0,run,-3.1030081415198048,0.0,0.16495219358675298,-0.1796875
2.780000674999883,-60.0,-1.2866410422863623,-58.71335895771364,-2.6397408425654745,1900.0,run,-3.0742242861522273,0.0,0.1737933774347012,-0.1796875
2.800000651999653,-60.0,-1.2866410422863623,-58.71335895771364,-2.507852783717526,1900.0,run,-3.0742242861522273,0.0,0.22654860097388047,-0.26171875
2.8200009439997302,-60.0,-1.2866410422863623,-58.71335895771364,-2.4550975601783467,1900.0,run,-3.0742242861522273,0.0,0.24765069038955217,-0.26171875
2.8400007349996486,-60.0,-2.0748338084196405,-57.92516619158036,-2.263819544034393,1900.0,run,-3.0329546094239452,0.0,0.3076540261558209,-0.34765625
2.860000896999736,-60.0,-2.0748338084196405,-57.92516619158036,-2.2038162082681243,1900.0,run,-3.0329546094239452,0.0,0.33165536046232835,-0.34765625
2.880000781000035,-60.0,-3.119202601130212,-56.88079739886979,-2.125131851847984,1900.0,run,-2.9782715873103123,0.0,0.34125589418493135,-0.34765625
2.900000794999869,-60.0,-3.119202601130212,-56.88079739886979,-1.992484443125381,1900.0,run,-2.9782715873103123,0.0,0.39431485767397256,-0.4296875
2.9200009569999565,-60.0,-3.119202601130212,-56.88079739886979,-1.9394254796363397,1900.0,run,-2.9782715873103123,0.0,0.41553844306958904,-0.4296875
2.94000121199997,-60.0,-4.382284944843377,-55.61771505515662,-1.7319498698759193,1900.0,run,-2.9121367504455082,0.0,0.4720747522278356,-0.509765625
2.960001114000079,-60.0,-4.382284944843377,-55.61771505515662,-1.6754135607176726,1900.0,run,-2.9121367504455082,0.0,0.49468927589113426,-0.509765625
2.980000997999923,-60.0,-5.884783876295501,-54.1152161237045,-1.5741283769697654,1900.0,run,-2.8334660903608997,0.0,0.5037350853564537,-0.509765625
3.0000012159998732,-60.0,-5.884783876295501,-54.1152161237045,-1.447895067504446,1900.0,run,-2.8334660903608997,0.0,0.5542284091425815,-0.587890625
3.020000896000056,-60.0,-5.884783876295501,-54.1152161237045,-1.3974017437183182,1900.0,run,-2.8334660903608997,0.0,0.5744257386570326,-0.587890625
3.0400010769999426,-60.0,-7.613384455614067,-52.38661554438593,-1.154859162020896,1900.0,run,-2.7429567756779285,0.0,0.6352390454628131,-0.67578125
3.0600009049999244,-60.0,-7.613384455614067,-52.38661554438593,-1.0940458552151155,1900.0,run,-2.7429567756779285,0.0,0.6595643681851252,-0.67578125
3.0800007339998956,-60.0,-9.585312607963289,-50.41468739203671,-0.9664706158790166,1891.4500070491492,run,-2.639706859064142,0.0,0.6692944972740501,-0.67578125
3.1000008589999197,-60.0,-9.585312607963289,-50.41468739203671,-0.8395529867900917,1866.4500070491492,run,-2.639706859064142,0.0,0.72006154890962,-0.75390625
3.1200007990000813,-60.0,-9.585312607963289,-50.41468739203671,-0.7887859351545219,1846.140413464403,run,-2.639706859064142,0.0,0.740368369563848,-0.75390625
3.1400008309997247,-60.0,-11.794240045707255,-48.205759954292745,-0.5327027568214711,1821.140413464403,run,-2.524047688885319,0.0,0.7965379728255392,-0.833984375
3.160000788999696,-60.0,-11.794240045707255,-48.205759954292745,-0.4765331535597799,1796.140413464403,run,-2.524047688885319,0.0,0.8190058141302157,-0.833984375
3.1800008029999844,-60.0,-14.229704945394104,-45.770295054605896,-0.32654466830623674,1771.140413464403,run,-2.396527044936452,0.0,0.8279929506520862,-0.833984375
3.2000009280000086,-60.0,-14.229704945394104,-45.770295054605896,-0.21208878178436574,1746.140413464403,run,-2.396527044936452,0.0,0.8737753052608346,-0.904296875
3.220000978999906,-60.0,-14.229704945394104,-45.770295054605896,-0.1663064271756176,1721.140413464403,run,-2.396527044936452,0.0,0.8920882471043339,-0.904296875
3.24000086299975,-60.0,-16.82923722431343,-43.17076277568657,0.06721926900492337,1500,idle,-2.2604158530994107,0.0,0.9310540488417336,-0.95703125
3.2600010429996473,-60.0,-16.82923722431343,-43.17076277568657,0.10618507074232264,1500,idle,-2.2604158530994107,0.0,0.9466403695366934,-0.95703125
3.2800010199998724,-60.0,-19.57143905288612,-40.42856094711388,0.2653527434256908,1500,idle,-2.116834501111003,0.0,0.9528748978146774,-0.95703125
3.300000960000034,-60.0,-19.57143905288612,-40.42856094711388,0.28916539670367447,1500,idle,-2.116834501111003,0.0,0.962399959125871,-0.96875
3.3200011029998677,-60.0,-19.57143905288612,-40.42856094711388,0.29869045801486793,1500,idle,-2.116834501111003,0.0,0.9662099836503484,-0.96875
3.3400009499996486,-60.0,-22.313167668886337,-37.68683233111366,0.4401976821753988,1500,dwell,-1.9732779264749496,0.0,0.9653902434601394,-0.96484375
3.360001092999937,-60.0,-22.313167668886337,-37.68683233111366,0.43937794198518976,1500,dwell,-1.9732779264749496,0.0,0.9650623473840557,-0.96484375
3.380000717999792,-60.0,-25.033863141391777,-34.96613685860822,0.5815053277270743,1500,dwell,-1.8308226446569815,0.0,0.9649311889536223,-0.96484375
3.4000009540000065,-60.0,-25.033863141391777,-34.96613685860822,0.575514794296641,1500,dwell,-1.8308226446569815,0.0,0.962534975581449,-0.9609375
3.4200010239997027,-60.0,-25.033863141391777,-34.96613685860822,0.5731185809244677,1500,dwell,-1.8308226446569815,0.0,0.9615764902325796,-0.9609375
3.4400010750000547,-60.0,-27.765783823347306,-32.234216176652694,0.7181328154859572,1500,dwell,-1.6877796122466227,0.0,0.9623649710930319,-0.962890625
3.4600008479997086,-60.0,-27.765783823347306,-32.234216176652694,0.7189212963464091,1500,dwell,-1.6877796122466227,0.0,0.9626803634372127,-0.962890625
3.480001212999923,-60.0,-30.501943310862117,-29.498056689137883,0.8625016644410324,1500,dwell,-1.5445146364961806,0.0,0.9628065203748851,-0.962890625
3.500000763999651,-60.0,-30.501943310862117,-29.498056689137883,0.8626278213787044,1380,kick,-1.5445146364961806,0.0,0.962856983149954,-0.962890625
3.520001203999982,-60.0,-30.501943310862117,-29.498056689137883,0.8626782841537737,1380,kick,-1.5445146364961806,0.0,0.9628771682599817,-0.962890625
3.540001161999953,-60.0,-33.23403776586571,-26.765962234134292,1.0057506004096795,1380,kick,-1.4014625053503023,0.0,0.9628852423039927,-0.962890625
3.5600011970000196,-60.0,-33.23403776586571,-26.765962234134292,1.0057586744536906,1380,kick,-1.4014625053503023,0.0,0.9628884719215971,-0.962890625
3.5800009529998533,-60.0,-35.9576183357367,-24.042381664263303,1.1483682492340717,1380,kick,-1.2588561601875257,0.0,0.9628897637686389,-0.962890625
3.6000008199998774,-60.0,-35.9576183357367,-24.042381664263303,1.1366507910811134,1355.0,run,-1.2588561601875257,0.0,0.9582027805074556,-0.955078125
3.620000983999944,-60.0,-35.9576183357367,-24.042381664263303,1.13196380781993,1330.0,run,-1.2588561601875257,0.0,0.9563279872029822,-0.955078125
3.6400009260000843,-60.0,-38.667720695127116,-21.332279304872884,1.2514818297277452,1305.0,run,-1.1169555324752372,0.0,0.9473749448811929,-0.94140625
3.66000099699977,-60.0,-38.667720695127116,-21.332279304872884,1.2425287874059556,1280.0,run,-1.1169555324752372,0.0,0.9437937279524772,-0.94140625
3.6800010679999104,-60.0,-41.32932217680383,-18.670677823196172,1.3783086981708945,1255.0,run,-0.9775944047815828,0.0,0.9423612411809908,-0.94140625
3.7000012499997865,-60.0,-41.32932217680383,-18.670677823196172,1.335860586399408,1230.0,run,-0.9775944047815828,0.0,0.9253819964723964,-0.9140625
3.720000802999948,-60.0,-41.32932217680383,-18.670677823196172,1.3188813416908136,1205.0,run,-0.9775944047815828,0.0,0.9185902985889586,-0.9140625
3.740000929999951,-60.0,-43.859211574006366,-16.140788425993634,1.3478746553848129,1180.0,run,-0.845129705704146,0.0,0.8772017444355835,-0.849609375
3.7600017049999224,-60.0,-43.859211574006366,-16.140788425993634,1.3064861012314373,1155.0,run,-0.845129705704146,0.0,0.8606463227742334,-0.849609375
3.7800008869999147,-60.0,-46.158260730303255,-13.841739269696745,1.4103086118978223,1130.0,run,-0.7247517733764107,0.0,0.8540241541096933,-0.849609375
3.8000009399997907,-60.0,-46.158260730303255,-13.841739269696745,1.1810301932332825,1105.0,run,-0.7247517733764107,0.0,0.7623127866438774,-0.701171875
3.8200010479999946,-60.0,-46.158260730303255,-13.841739269696745,1.0893188257674669,1100.0,run,-0.7247517733764107,0.0,0.725628239657551,-0.701171875
3.840000933999818,-60.0,-47.95001728527137,-12.049982714728628,0.7655910576162936,1125.0,run,-0.6309356195412574,0.0,0.5586106708630204,-0.447265625
3.860001172000011,-60.0,-47.95001728527137,-12.049982714728628,0.5985734888217631,1150.0,run,-0.6309356195412574,0.0,0.4918036433452082,-0.447265625
3.8800011869998343,-60.0,-48.93259317527904,-11.067406824720962,0.5832140145979929,1175.0,run,-0.5794880662472153,0.0,0.4650808323380833,-0.447265625
3.900000739999996,-60.0,-48.93259317527904,-11.067406824720962,0.07895214109086812,1200.0,run,-0.5794880662472153,0.0,0.26337608293523335,-0.12890625
3.920000866999999,-60.0,-48.93259317527904,-11.067406824720962,-0.12275260831198187,1500,idle,-0.5794880662472153,0.0,0.18269418317409336,-0.12890625
3.940000826999949,-60.0,-49.024110418237,-10.975889581763,-0.6322364264372298,1500,dwell,-0.5746962346113231,0.0,-0.023016076730362642,0.16015625
3.9600009529999625,-60.0,-49.024110418237,-10.975889581763,-0.8379466863416858,1500,dwell,-0.5746962346113231,0.0,-0.10530018069214504,0.16015625
3.9800010799999654,-60.0,-48.3898014151072,-11.6101985848928,-0.9534431320424422,1500,dwell,-0.6079085763502972,0.0,-0.13821382227685802,0.16015625
4.000000947999979,-60.0,-48.3898014151072,-11.6101985848928,-1.214872398627155,1500,dwell,-0.6079085763502972,0.0,-0.2427855289107432,0.3125
4.020001258999855,-60.0,-48.3898014151072,-11.6101985848928,-1.3194441052610404,1500,dwell,-0.6079085763502972,0.0,-0.2846142115642973,0.3125
4.0400009790000695,-60.0,-47.42625502962207,-12.57374497037793,-1.5054739586818124,1500,dwell,-0.6583597471175153,0.0,-0.3388456846257189,0.375
4.0600012350000725,-60.0,-47.42625502962207,-12.57374497037793,-1.5597054317432342,1500,dwell,-0.6583597471175153,0.0,-0.3605382738502876,0.375
4.080001009999705,-60.0,-46.30701164066264,-13.692988359337363,-1.6400014677733679,1500,dwell,-0.7169631939230803,0.0,-0.36921530954011506,0.375
4.100000691999867,-60.0,-46.30701164066264,-13.692988359337363,-1.7131316284631954,1670,kick,-0.7169631939230803,0.0,-0.398467373816046,0.41796875
4.120000911999796,-60.0,-46.30701164066264,-13.692988359337363,-1.7423836927391263,1670,kick,-0.7169631939230803,0.0,-0.4101681995264184,0.41796875
4.140001297999788,-60.0,-45.08442092237087,-14.915579077629133,-1.8473960937650404,1670,kick,-0.7809778942386219,0.0,-0.4265672798105674,0.4375
4.160000960999696,-60.0,-45.08442092237087,-14.915579077629133,-1.8637951740491894,1670,kick,-0.7809778942386219,0.0,-0.433126911924227,0.4375
4.18000069899972,-60.0,-43.84060161054785,-16.15939838945215,-1.935481033036454,1670,kick,-0.8461041211122269,0.0,-0.4357507647696908,0.4375
4.20000114100003,-60.0,-43.84060161054785,-16.15939838945215,-1.9000189483819176,1670,kick,-0.8461041211122269,0.0,-0.4215659309078763,0.412109375
4.220001285999842,-60.0,-43.84060161054785,-16.15939838945215,-1.8858341145201032,1670,kick,-0.8461041211122269,0.0,-0.4158919973631505,0.412109375
4.2400010789997395,-60.0,-42.68828318154462,-17.31171681845538,-1.893620432827922,1670,kick,-0.9064393729647715,0.0,-0.39487242394526023,0.380859375
4.260000836000017,-60.0,-42.68828318154462,-17.31171681845538,-1.8726008594100318,1670,kick,-0.9064393729647715,0.0,-0.3864645945781041,0.380859375
4.280000813999777,-60.0,-41.64642055096493,-18.353579449035067,-1.9187448298141903,1670,kick,-0.960991172736086,0.0,-0.3831014628312417,0.380859375
4.300000903999717,-60.0,-41.64642055096493,-18.353579449035067,-1.8450691980673277,1670,kick,-0.960991172736086,0.0,-0.35363121013249665,0.333984375
4.32000103099972,-60.0,-41.64642055096493,-18.353579449035067,-1.8155989453685826,1670,kick,-0.960991172736086,0.0,-0.34184310905299864,0.333984375
4.340000787000008,-60.0,-40.72287500890167,-19.277124991098333,-1.7935738257924443,1670,kick,-1.0093479042394455,0.0,-0.3136903686211995,0.294921875
4.360000839999884,-60.0,-40.72287500890167,-19.277124991098333,-1.7654210853606451,1670,kick,-1.0093479042394455,0.0,-0.3024292724484798,0.294921875
4.380000817999644,-60.0,-39.91977048827192,-20.080229511728078,-1.7962104435558444,1670,kick,-1.0513983586073647,0.0,-0.2979248339793919,0.294921875
4.400000666999858,-60.0,-39.91977048827192,-20.080229511728078,-1.7243231925867568,1670,kick,-1.0513983586073647,0.0,-0.2691699335917568,0.25
4.42000118299984,-60.0,-39.91977048827192,-20.080229511728078,-1.6955682921991215,1670,kick,-1.0513983586073647,0.0,-0.2576679734367027,0.25
4.440001421000034,-60.0,-39.24025665551619,-20.75974334448381,-1.6610518431273682,1670,kick,-1.0869776196906655,0.0,-0.2296296893746811,0.2109375
4.460001159000058,-60.0,-39.24025665551619,-20.75974334448381,-1.6330135590653465,1670,kick,-1.0869776196906655,0.0,-0.21841437574987244,0.2109375
4.480001173999881,-60.0,-38.68274425227716,-21.31725574772284,-1.65098952661222,1670,kick,-1.1161689008623477,0.0,-0.21392825029994897,0.2109375
4.500000707999789,-60.0,-38.68274425227716,-21.31725574772284,-1.5791205886622968,1670,kick,-1.1161689008623477,0.0,-0.1851806751199796,0.166015625
4.520000760999665,-60.0,-38.68274425227716,-21.31725574772284,-1.5503730134823273,1670,kick,-1.1161689008623477,0.0,-0.17368164504799183,0.166015625
4.540001202999974,-60.0,-38.22668681743431,-21.773313182565687,-1.504159344858961,1670,kick,-1.1400480123109693,0.0,-0.14564453301919672,0.126953125
4.560001071999977,-60.0,-38.22668681743431,-21.773313182565687,-1.476122232830166,1670,kick,-1.1400480123109693,0.0,-0.1344296882076787,0.126953125
4.58000094199997,-60.0,-37.914272685601105,-22.085727314398895,-1.4812653537093954,1670,kick,-1.1564059780017166,0.0,-0.12994375028307148,0.126953125
4.600000958999772,-60.0,-37.914272685601105,-22.085727314398895,-1.415255978284788,1695.0,run,-1.1564059780017166,0.0,-0.10354000011322859,0.0859375
4.620000847000028,-60.0,-37.914272685601105,-22.085727314398895,-1.3888522281149451,1720.0,run,-1.1564059780017166,0.0,-0.09297850004529143,0.0859375
4.640001030999883,-60.0,-37.722128822720606,-22.277871177279394,-1.3180388571813038,1745.0,run,-1.1664666071360124,0.0,-0.06062890001811657,0.0390625
4.660001196999929,-60.0,-37.722128822720606,-22.277871177279394,-1.285689257154129,1770.0,run,-1.1664666071360124,0.0,-0.047689060007246625,0.0390625
4.680000844000006,-60.0,-37.65128179847025,-22.34871820152975,-1.276458958658486,1795.0,run,-1.1701761486512394,0.0,-0.04251312400289865,0.0390625
4.7000008059999345,-60.0,-37.65128179847025,-22.34871820152975,-1.198040835154138,1820.0,run,-1.1701761486512394,0.0,-0.011145874601159463,-0.009765625
4.720000692999747,-60.0,-37.65128179847025,-22.34871820152975,-1.1666735857523989,1845.0,run,-1.1701761486512394,0.0,0.0014010251595362152,-0.009765625
4.740001117999782,-60.0,-37.73539291370241,-22.264607086297588,-1.0559726382967263,1870.0,run,-1.1657721009562625,0.0,0.043919785063814484,-0.072265625
4.760000987999774,-60.0,-37.73539291370241,-22.264607086297588,-1.013453878392448,1895.0,run,-1.1657721009562625,0.0,0.06092728902552579,-0.072265625
4.780000875000042,-60.0,-38.020551244394085,-21.979448755605915,-0.9815155191505552,1895.2864573833917,run,-1.150841245676081,0.0,0.06773029061021033,-0.072265625
4.8000008559997696,-60.0,-38.020551244394085,-21.979448755605915,-0.8575250175658707,1870.2864573833917,run,-1.150841245676081,0.0,0.11732649124408412,-0.150390625
4.8200008179996985,-60.0,-38.020551244394085,-21.979448755605915,-0.8079288169319969,1851.021848317659,run,-1.150841245676081,0.0,0.13716497149763363,-0.150390625
4.840000853999754,-60.0,-38.53036219797309,-21.46963780202691,-0.6266310725703904,1826.021848317659,run,-1.124147606568024,0.0,0.19900661359905344,-0.240234375
4.860000944999683,-60.0,-38.53036219797309,-21.46963780202691,-0.5647894304689706,1801.021848317659,run,-1.124147606568024,0.0,0.2237432704396214,-0.240234375
4.880001221999919,-60.0,-39.29962127427393,-20.70037872572607,-0.4997744625815028,1776.021848317659,run,-1.0838692955211242,0.0,0.23363793317584855,-0.240234375
4.9000008869998055,-60.0,-39.29962127427393,-20.70037872572607,-0.36390323734527574,1751.021848317659,run,-1.0838692955211242,0.0,0.2879864232703394,-0.32421875
4.920000756999798,-60.0,-39.29962127427393,-20.70037872572607,-0.3095547472507848,1726.021848317659,run,-1.0838692955211242,0.0,0.30972581930813575,-0.32421875
4.940001069999653,-60.0,-40.30822704618501,-19.69177295381499,-0.14711425148958668,1701.021848317659,run,-1.0310588207977225,0.0,0.3535778277232543,-0.3828125
4.960000939999645,-60.0,-40.30822704618501,-19.69177295381499,-0.10326224307446819,1676.021848317659,run,-1.0310588207977225,0.0,0.3711186310893017,-0.3828125
4.980001068000092,-60.0,-41.47960364983996,-18.52039635016004,-0.02438830416459825,1500,idle,-0.9697256852539,0.0,0.3781349524357207,-0.3828125
5.000000808000095,-60.0,-41.47960364983996,-18.52039635016004,0.04415145468182069,1500,idle,-0.9697256852539,0.0,0.4055508559742883,-0.423828125
5.020001010999749,-60.0,-41.47960364983996,-18.52039635016004,0.07156735822038818,1500,idle,-0.9697256852539,0.0,0.4165172173897153,-0.423828125
5.040001305999795,-60.0,-42.728435215774965,-17.271564784225035,0.16843020002102294,1500,idle,-0.9043370173686924,0.0,0.42910688695588617,-0.4375
5.060001026999998,-60.0,-42.728435215774965,-17.271564784225035,0.18101986958719385,1500,idle,-0.9043370173686924,0.0,0.4341427547823545,-0.4375
5.080000988999927,-60.0,-44.00277109812063,-15.997228901879367,0.2527798081833791,1500,idle,-0.8376129465989756,0.0,0.4361571019129418,-0.4375
5.100000950999856,-60.0,-44.00277109812063,-15.997228901879367,0.2723722803139662,1500,idle,-0.8376129465989756,0.0,0.4439940907651767,-0.44921875
5.120000708999669,-60.0,-44.00277109812063,-15.997228901879367,0.28020926916620115,1500,idle,-0.8376129465989756,0.0,0.4471288863060707,-0.44921875
5.140000781999788,-60.0,-45.313419202311934,-14.686580797688066,0.36661787646657484,1500,dwell,-0.7689875723394959,0.0,0.4542421795224283,-0.458984375
5.160000799000045,-60.0,-45.313419202311934,-14.686580797688066,0.3737311696829324,1500,dwell,-0.7689875723394959,0.0,0.4570874968089713,-0.458984375
5.1800008539999,-60.0,-46.6359095711783,-13.364090428821697,0.4458219207573728,1500,dwell,-0.6997421385515985,0.0,0.45822562372358855,-0.458984375
5.2000013530000615,-60.0,-46.6359095711783,-13.364090428821697,0.45281942267198994,1500,dwell,-0.6997421385515985,0.0,0.4610246244894354,-0.462890625
5.220001388999663,-60.0,-46.6359095711783,-13.364090428821697,0.4556184234378369,1500,dwell,-0.6997421385515985,0.0,0.4621442247957741,-0.462890625
5.240000868999687,-60.0,-47.96761342742474,-12.032386572575263,0.5323252496031922,1500,dwell,-0.6300142876925819,0.0,0.46493581491830965,-0.466796875
5.260001237999859,-60.0,-47.96761342742474,-12.032386572575263,0.5351168397257279,1500,dwell,-0.6300142876925819,0.0,0.4660524509673239,-0.466796875
5.280000960000052,-60.0,-49.32695530645779,-10.67304469354221,0.6074084501228617,1500,dwell,-0.5588393133444621,0.0,0.46649910538692957,-0.466796875
5.300000699000066,-60.0,-49.32695530645779,-10.67304469354221,0.6137144795424675,1380,kick,-0.5588393133444621,0.0,0.4690215171547718,-0.470703125
5.320000808999794,-60.0,-49.32695530645779,-10.67304469354221,0.6162368913103097,1380,kick,-0.5588393133444621,0.0,0.4700304818619087,-0.470703125
5.340001011999902,-60.0,-50.68591561612641,-9.314084383873592,0.6815661078045208,1380,kick,-0.4876843179215449,-0.0032512287861436325,0.4680903177447635,-0.466796875
5.360000992000096,-60.0,-50.68591561612641,-9.314084383873592,0.6786505750515325,1380,kick,-0.4876843179215449,-0.006502457572287265,0.46731425209790545,-0.466796875
5.380001157999686,-60.0,-52.043451389209665,-7.956548610790335,0.7481217084442833,1380,kick,-0.41660391105981653,-0.009279816979352708,0.4670038258391622,-0.466796875
5.4000012120000065,-60.0,-52.043451389209665,-7.956548610790335,0.7411186993634202,1355.0,run,-0.41660391105981653,-0.012057176386418152,0.4645359053356649,-0.462890625
5.420000860000073,-60.0,-52.043451389209665,-7.956548610790335,0.7378175710378032,1330.0,run,-0.41660391105981653,-0.014834535793483596,0.4635487371342659,-0.462890625
5.440000802999748,-60.0,-53.36778229056135,-6.632217709438649,0.784969869965445,1305.0,run,-0.3472621072163431,-0.017149616508259215,0.45495074485370635,-0.44921875
5.460001393999846,-60.0,-53.36778229056135,-6.632217709438649,0.7756773534704526,1280.0,run,-0.3472621072163431,-0.019464697223034837,0.4515115479414825,-0.44921875
5.480000966999796,-60.0,-54.64056711745329,-5.359432882546713,0.8383197757552594,1255.0,run,-0.28061924952027206,-0.02133549221983665,0.450135869176593,-0.44921875
5.500000743999863,-60.0,-54.64056711745329,-5.359432882546713,0.7924375459913295,1230.0,run,-0.28061924952027206,-0.023206287216638463,0.4320074726706372,-0.419921875
5.520000964999781,-60.0,-54.64056711745329,-5.359432882546713,0.773747910986333,1205.0,run,-0.28061924952027206,-0.025077082213440276,0.42475611406825486,-0.419921875
5.540000927999699,-60.0,-55.830153914799425,-4.169846085200575,0.7433855686788557,1180.0,run,-0.21833263046443813,-0.026532633083203198,0.38787119562730193,-0.36328125
5.560000762000072,-60.0,-55.830153914799425,-4.169846085200575,0.7060639849769739,1188.1808045069079,run,-0.21833263046443813,-0.02798818395296612,0.37311722825092075,-0.36328125
5.580000910999843,-60.0,-56.80732753688649,-3.19267246311351,0.7421403729292525,1177.3578881212243,run,-0.1671679392572639,-0.029102636881347878,0.3672156413003683,-0.36328125
5.6000009849999515,-60.0,-56.80732753688649,-3.19267246311351,0.5249669501001856,1202.3578881212243,run,-0.1671679392572639,-0.030217089809729637,0.2804800065201473,-0.22265625
5.620001004999722,-60.0,-56.80732753688649,-3.19267246311351,0.43789697944144995,1227.3578881212243,run,-0.1671679392572639,-0.031331542738111395,0.2457857526080589,-0.22265625
5.640000802000031,-60.0,-57.3089163742969,-2.691083625703101,0.0,1500,idle,-0.1671679392572639,-0.031331542738111395,0.2457857526080589,-0.015625
5.660000783999749,-60.0,-57.3089163742969,-2.691083625703101,0.0,1500,idle,-0.1671679392572639,-0.031331542738111395,0.2457857526080589,-0.015625
5.68000089599991,-60.0,-57.21633933414117,-2.7836606658588323,0.0,1500,idle,-0.1671679392572639,-0.031331542738111395,0.2457857526080589,-0.015625
5.700000896999882,-60.0,-57.21633933414117,-2.7836606658588323,-0.14403234610912247,1500,idle,-0.14575213163248302,-0.032303223615661285,0.00456430104322357,0.15625
5.7200006749999375,-60.0,-57.21633933414117,-2.7836606658588323,-0.3855453019372228,1500,dwell,-0.14575213163248302,-0.033274904493211174,-0.09192427958271057,0.15625
5.740000730999782,-60.0,-56.7559821687733,-3.2440178312266994,-0.5621419026284987,1500,dwell,-0.1698563764449349,-0.034407280336177404,-0.15278533683308423,0.193359375
5.760000713999943,-60.0,-56.7559821687733,-3.2440178312266994,-0.6233426726317622,1500,dwell,-0.1698563764449349,-0.03553965617914363,-0.1771297597332337,0.193359375
5.7800007890000416,-60.0,-56.21611426549677,-3.7838857345032295,-0.6763507604334708,1500,dwell,-0.19812379375897604,-0.03686048147087014,-0.18686752889329347,0.193359375
5.800000899999759,-60.0,-56.21611426549677,-3.7838857345032295,-0.7157816521810484,1500,dwell,-0.19812379375897604,-0.03818130676259665,-0.20248138655731737,0.212890625
5.820000715999868,-60.0,-56.21611426549677,-3.7838857345032295,-0.7317917574325904,1500,dwell,-0.19812379375897604,-0.03950213205432316,-0.20872692962292694,0.212890625
5.840000734999649,-60.0,-55.6294882458329,-4.370511754167097,-0.7721403334818544,1500,dwell,-0.22883946032198654,-0.041027728456469736,-0.21239702184917078,0.21484375
5.860001125000053,-60.0,-55.6294882458329,-4.370511754167097,-0.7762681046287423,1500,dwell,-0.22883946032198654,-0.042553324858616313,-0.21386505873966832,0.21484375
5.880000810999718,-60.0,-55.03210509763835,-4.96789490236165,-0.8095352867526477,1670,kick,-0.260118368817759,-0.04428744731740138,-0.21445227349586732,0.21484375
5.900001070999679,-60.0,-55.03210509763835,-4.96789490236165,-0.8077130507464823,1670,kick,-0.260118368817759,-0.04602156977618644,-0.2135152843983469,0.212890625
5.920001034000052,-60.0,-55.03210509763835,-4.96789490236165,-0.8072962983865973,1670,kick,-0.260118368817759,-0.0477556922349715,-0.21314048875933875,0.212890625
5.940000701999907,-60.0,-54.45367928004458,-5.546320719955418,-0.8143511170818523,1670,kick,-0.29040467380441326,-0.04969172339366759,-0.2036155705037355,0.197265625
5.96000112899992,-60.0,-54.45367928004458,-5.546320719955418,-0.8054070081738579,1670,kick,-0.29040467380441326,-0.05162775455236368,-0.1998056032014942,0.197265625
5.980001295999955,-60.0,-53.94587333393889,-6.054126666061109,-0.8288196846957974,1670,kick,-0.31699333096666077,-0.053741043425474755,-0.19828161628059768,0.197265625
6.000001166999937,-60.0,-53.94587333393889,-6.054126666061109,-0.7751953094368342,1670,kick,-0.31699333096666077,-0.05585433229858583,-0.17657827151223907,0.162109375
6.020000983000045,-60.0,-53.94587333393889,-6.054126666061109,-0.7541259513304088,1670,kick,-0.31699333096666077,-0.057967621171696904,-0.1678969336048956,0.162109375
6.040001223999752,-60.0,-55.20500865482265,-4.794991345177351,-0.6126357600098027,1670,kick,-0.25106515973393007,-0.05964138890325644,-0.13747127344195825,0.1171875
6.060001057999671,-60.0,-55.20500865482265,-4.794991345177351,-0.582712230166333,1670,kick,-0.25106515973393007,-0.06131515663481597,-0.1253010093767833,0.1171875
6.080000910999843,-60.0,-55.68212027171424,-4.31787972828576,-0.5460126275661242,1670,kick,-0.22608365389111396,-0.06282238099409007,-0.12043290375071332,0.1171875
6.100001023000004,-60.0,-55.68212027171424,-4.31787972828576,-0.47714356424783655,1670,kick,-0.22608365389111396,-0.06432960535336417,-0.09270441150028533,0.07421875
6.120001004999722,-60.0,-55.68212027171424,-4.31787972828576,-0.4498672393051908,1670,kick,-0.22608365389111396,-0.06583682971263827,-0.08161301460011414,0.07421875
6.140000932000021,-60.0,-55.956317124811264,-4.043682875188736,-0.35452988223004006,1670,kick,-0.21172674023566312,-0.06724834131420936,-0.04905145584004565,0.02734375
6.160000932000003,-60.0,-55.956317124811264,-4.043682875188736,-0.3223917769504429,1670,kick,-0.21172674023566312,-0.06865985291578044,-0.036026832336018264,0.02734375
6.18000089599991,-60.0,-56.13731153772564,-3.862688462274363,0.0,1500,idle,-0.21172674023566312,-0.06865985291578044,-0.036026832336018264,0.02734375
6.200000749000083,-60.0,-56.13731153772564,-3.862688462274363,0.0,1500,idle,-0.21172674023566312,-0.06865985291578044,-0.036026832336018264,-0.013671875
6.220001082999715,-60.0,-56.13731153772564,-3.862688462274363,0.0,1500,idle,-0.21172674023566312,-0.06865985291578044,-0.036026832336018264,-0.013671875
6.240001009000025,-60.0,-56.19906119881884,-3.800938801181161,0.0,1500,idle,-0.21172674023566312,-0.06865985291578044,-0.036026832336018264,-0.03515625
6.26000080599988,-60.0,-56.19906119881884,-3.800938801181161,0.0,1500,idle,-0.21172674023566312,-0.06865985291578044,-0.036026832336018264,-0.03515625
6.280000695999661,-60.0,-56.30833551511101,-3.691664484888989,0.0,1500,idle,-0.21172674023566312,-0.06865985291578044,-0.036026832336018264,-0.044921875
6.300000974999875,-60.0,-56.30833551511101,-3.691664484888989,0.0,1500,idle,-0.21172674023566312,-0.06865985291578044,-0.036026832336018264,-0.044921875
6.320000715999868,-60.0,-56.30833551511101,-3.691664484888989,0.0,1500,idle,-0.21172674023566312,-0.06865985291578044,-0.036026832336018264,-0.044921875
6.3400009019997015,-60.0,-56.44202445043845,-3.5579755495615473,0.0,1500,idle,-0.21172674023566312,-0.06865985291578044,-0.036026832336018264,-0.05078125
6.36000071799981,-60.0,-56.44202445043845,-3.5579755495615473,0.0,1500,idle,-0.21172674023566312,-0.06865985291578044,-0.036026832336018264,-0.05078125
6.380000884999845,-60.0,-56.599462562618626,-3.4005374373813737,0.0,1500,idle,-0.21172674023566312,-0.06865985291578044,-0.036026832336018264,-0.0546875
6.400000829999954,-60.0,-56.599462562618626,-3.4005374373813737,0.0,1500,idle,-0.21172674023566312,-0.06865985291578044,-0.036026832336018264,-0.0546875
6.420001089999914,-60.0,-56.599462562618626,-3.4005374373813737,0.0,1500,idle,-0.21172674023566312,-0.06865985291578044,-0.036026832336018264,-0.0546875
6.440001035000023,-60.0,-56.764759986586384,-3.235240013413616,0.0,1500,idle,-0.21172674023566312,-0.06865985291578044,-0.036026832336018264,-0.0546875
6.460001109999666,-60.0,-56.764759986586384,-3.235240013413616,0.0,1500,idle,-0.21172674023566312,-0.06865985291578044,-0.036026832336018264,-0.0546875
6.4800011849997645,-60.0,-56.92071016990678,-3.0792898300932166,0.0,1500,idle,-0.21172674023566312,-0.06865985291578044,-0.036026832336018264,-0.0546875
6.500001018999683,-60.0,-56.92071016990678,-3.0792898300932166,0.0,1500,idle,-0.21172674023566312,-0.06865985291578044,-0.036026832336018264,-0.05859375
6.520001167999908,-60.0,-56.92071016990678,-3.0792898300932166,0.0,1500,idle,-0.21172674023566312,-0.06865985291578044,-0.036026832336018264,-0.05859375
6.540000816999964,-60.0,-57.03199628418203,-2.9680037158179715,0.0,1500,idle,-0.21172674023566312,-0.06865985291578044,-0.036026832336018264,-0.056640625
6.560001171999829,-60.0,-57.03199628418203,-2.9680037158179715,0.0,1500,idle,-0.21172674023566312,-0.06865985291578044,-0.036026832336018264,-0.056640625
6.58000117399979,-60.0,-57.152185256377464,-2.8478147436225356,0.0,1500,idle,-0.21172674023566312,-0.06865985291578044,-0.036026832336018264,-0.056640625
6.600000750999698,-60.0,-57.152185256377464,-2.8478147436225356,0.0,1500,idle,-0.21172674023566312,-0.06865985291578044,-0.036026832336018264,-0.0546875
6.620000919999711,-60.0,-57.152185256377464,-2.8478147436225356,0.0,1500,idle,-0.21172674023566312,-0.06865985291578044,-0.036026832336018264,-0.0546875
6.640000644999873,-60.0,-57.27908290099582,-2.7209170990041827,0.0,1500,idle,-0.21172674023566312,-0.06865985291578044,-0.036026832336018264,-0.060546875
6.660001073999865,-60.0,-57.27908290099582,-2.7209170990041827,0.0,1500,idle,-0.21172674023566312,-0.06865985291578044,-0.036026832336018264,-0.060546875
6.680000686999847,-60.0,-57.43243998268997,-2.5675600173100293,0.0,1500,idle,-0.21172674023566312,-0.06865985291578044,-0.036026832336018264,-0.060546875
6.700000800999987,-60.0,-57.43243998268997,-2.5675600173100293,0.0,1500,idle,-0.21172674023566312,-0.06865985291578044,-0.036026832336018264,-0.068359375
6.7200011549998635,-60.0,-57.43243998268997,-2.5675600173100293,0.0,1500,idle,-0.21172674023566312,-0.06865985291578044,-0.036026832336018264,-0.068359375
6.740001083999687,-60.0,-57.601225663709954,-2.398774336290046,0.0,1500,idle,-0.21172674023566312,-0.06865985291578044,-0.036026832336018264,-0.0703125
6.760000641999795,-60.0,-57.601225663709954,-2.398774336290046,0.0,1500,idle,-0.21172674023566312,-0.06865985291578044,-0.036026832336018264,-0.0703125
6.780000700000073,-60.0,-57.79442715658786,-2.205572843412142,0.0,1500,idle,-0.21172674023566312,-0.06865985291578044,-0.036026832336018264,-0.076171875
6.8000007579998965,-60.0,-57.79442715658786,-2.205572843412142,0.0,1500,idle,-0.21172674023566312,-0.06865985291578044,-0.036026832336018264,-0.076171875
6.820000723999783,-60.0,-57.79442715658786,-2.205572843412142,0.0,1500,idle,-0.21172674023566312,-0.06865985291578044,-0.036026832336018264,-0.076171875
6.84000081899967,-60.0,-58.005166664399795,-1.9948333356002053,0.0,1500,idle,-0.21172674023566312,-0.06865985291578044,-0.036026832336018264,-0.08203125
6.860000951000075,-60.0,-58.005166664399795,-1.9948333356002053,0.0,1500,idle,-0.21172674023566312,-0.06865985291578044,-0.036026832336018264,-0.08203125
6.880000675999781,-60.0,-58.226458749108446,-1.7735412508915545,0.0,1500,idle,-0.21172674023566312,-0.06865985291578044,-0.036026832336018264,-0.080078125
6.900001085999975,-60.0,-58.226458749108446,-1.7735412508915545,0.0,1500,idle,-0.21172674023566312,-0.06865985291578044,-0.036026832336018264,-0.080078125
6.920001050999872,-60.0,-58.226458749108446,-1.7735412508915545,0.0,1500,idle,-0.21172674023566312,-0.06865985291578044,-0.036026832336018264,-0.080078125
6.940000960999896,-60.0,-58.457819320865056,-1.542180679134944,0.0,1500,idle,-0.21172674023566312,-0.06865985291578044,-0.036026832336018264,-0.083984375
6.960001037999973,-60.0,-58.457819320865056,-1.542180679134944,0.0,1500,idle,-0.21172674023566312,-0.06865985291578044,-0.036026832336018264,-0.083984375
6.980000910999934,-60.0,-58.68553654802213,-1.314463451977872,0.0,1500,idle,-0.21172674023566312,-0.06865985291578044,-0.036026832336018264,-0.08203125
7.000001079999947,-60.0,-58.68553654802213,-1.314463451977872,0.0,1500,idle,-0.21172674023566312,-0.06865985291578044,-0.036026832336018264,-0.08203125
7.020001453000077,-60.0,-58.68553654802213,-1.314463451977872,0.0,1500,idle,-0.21172674023566312,-0.06865985291578044,-0.036026832336018264,-0.08203125
7.0400010479997945,-60.0,-58.92646677554811,-1.073533224451893,0.0,1500,idle,-0.21172674023566312,-0.06865985291578044,-0.036026832336018264,-0.08203125
7.060000791999755,-60.0,-58.92646677554811,-1.073533224451893,0.0,1500,idle,-0.21172674023566312,-0.06865985291578044,-0.036026832336018264,-0.08203125
7.080000867999843,-60.0,-59.16213052425151,-0.8378694757484908,0.0,1500,idle,-0.21172674023566312,-0.06865985291578044,-0.036026832336018264,-0.078125
7.100000999999793,-60.0,-59.16213052425151,-0.8378694757484908,0.0,1500,idle,-0.21172674023566312,-0.06865985291578044,-0.036026832336018264,-0.078125
7.120000909999817,-60.0,-59.16213052425151,-0.8378694757484908,0.0,1500,idle,-0.21172674023566312,-0.06865985291578044,-0.036026832336018264,-0.078125
7.140001098000084,-60.0,-59.398923075426325,-0.6010769245736753,0.0,1500,idle,-0.21172674023566312,-0.06865985291578044,-0.036026832336018264,-0.080078125
7.160000877999664,-60.0,-59.398923075426325,-0.6010769245736753,0.0,1500,idle,-0.21172674023566312,-0.06865985291578044,-0.036026832336018264,-0.080078125
7.180001065999932,-60.0,-59.630955087713744,-0.369044912286256,0.0,1500,idle,-0.21172674023566312,-0.06865985291578044,-0.036026832336018264,-0.078125
7.200000864999765,-60.0,-59.630955087713744,-0.369044912286256,0.0,1500,idle,-0.21172674023566312,-0.06865985291578044,-0.036026832336018264,-0.078125
7.220001033999779,-60.0,-59.630955087713744,-0.369044912286256,0.0,1500,idle,-0.21172674023566312,-0.06865985291578044,-0.036026832336018264,-0.078125
7.2400009069997395,-60.0,-59.861418279815666,-0.1385817201843338,0.0,1500,idle,-0.21172674023566312,-0.06865985291578044,-0.036026832336018264,-0.07421875
7.2600012059997425,-60.0,-59.861418279815666,-0.1385817201843338,0.0,1500,idle,-0.21172674023566312,-0.06865985291578044,-0.036026832336018264,-0.07421875
7.2800009679999675,-60.0,-60.08258604699341,0.08258604699341277,0.0,1500,idle,-0.21172674023566312,-0.06865985291578044,-0.036026832336018264,-0.072265625
7.300000951999664,-60.0,-60.08258604699341,0.08258604699341277,0.0,1500,idle,-0.21172674023566312,-0.06865985291578044,-0.036026832336018264,-0.072265625
7.320000955000069,-60.0,-60.08258604699341,0.08258604699341277,0.0,1500,idle,-0.21172674023566312,-0.06865985291578044,-0.036026832336018264,-0.072265625
7.3400010309997015,-60.0,-60.302989013383,0.302989013382998,0.0,1500,idle,-0.21172674023566312,-0.06865985291578044,-0.036026832336018264,-0.072265625
7.360000997000043,-60.0,-60.302989013383,0.302989013382998,0.0,1500,idle,-0.21172674023566312,-0.06865985291578044,-0.036026832336018264,-0.072265625
7.380000887999813,-60.0,-60.518322495055386,0.5183224950553864,0.0,1500,idle,-0.21172674023566312,-0.06865985291578044,-0.036026832336018264,-0.0703125
7.4000010760000805,-60.0,-60.518322495055386,0.5183224950553864,0.0,1500,idle,-0.21172674023566312,-0.06865985291578044,-0.036026832336018264,-0.0703125
7.42000109699984,-60.0,-60.518322495055386,0.5183224950553864,0.0,1500,idle,-0.21172674023566312,-0.06865985291578044,-0.036026832336018264,-0.0703125
7.440000710999811,-60.0,-60.724130249840314,0.7241302498403144,0.0,1500,idle,-0.21172674023566312,-0.06865985291578044,-0.036026832336018264,-0.0625
7.460001008999825,-60.0,-60.724130249840314,0.7241302498403144,0.0,1500,idle,-0.21172674023566312,-0.06865985291578044,-0.036026832336018264,-0.0625
7.480001160000029,-60.0,-60.916108027677524,0.9161080276775238,0.0,1500,idle,-0.21172674023566312,-0.06865985291578044,-0.036026832336018264,-0.05859375
7.500000921999799,-60.0,-60.916108027677524,0.9161080276775238,0.0,1500,idle,-0.21172674023566312,-0.06865985291578044,-0.036026832336018264,-0.05859375
7.520000943000014,-60.0,-61.102864975018505,1.1028649750185053,0.0,1500,idle,-0.21172674023566312,-0.06865985291578044,-0.036026832336018264,-0.05859375
7.540001372000006,-60.0,-61.102864975018505,1.1028649750185053,0.0,1500,idle,-0.21172674023566312,-0.06865985291578044,-0.036026832336018264,-0.0546875
7.56000078399984,-60.0,-61.102864975018505,1.1028649750185053,0.0,1500,idle,-0.21172674023566312,-0.06865985291578044,-0.036026832336018264,-0.0546875
7.580000936000033,-60.0,-61.274056562677615,1.2740565626776146,0.0,1500,idle,-0.21172674023566312,-0.06865985291578044,-0.036026832336018264,-0.048828125
7.600001329999941,-60.0,-61.274056562677615,1.2740565626776146,0.0,1500,idle,-0.21172674023566312,-0.06865985291578044,-0.036026832336018264,-0.048828125
7.6200009449999015,-60.0,-61.274056562677615,1.2740565626776146,0.0,1500,idle,-0.21172674023566312,-0.06865985291578044,-0.036026832336018264,-0.048828125
7.640000819999841,-60.0,-61.436639364050336,1.436639364050336,0.0,1500,idle,-0.21172674023566312,-0.06865985291578044,-0.036026832336018264,-0.044921875
7.660000657999717,-60.0,-61.436639364050336,1.436639364050336,0.0,1500,idle,-0.21172674023566312,-0.06865985291578044,-0.036026832336018264,-0.044921875
7.68000068099991,-60.0,-61.579723009553646,1.5797230095536463,0.0,1500,idle,-0.21172674023566312,-0.06865985291578044,-0.036026832336018264,-0.041015625
7.700000832999649,-60.0,-61.579723009553646,1.5797230095536463,0.0,1500,idle,-0.21172674023566312,-0.06865985291578044,-0.036026832336018264,-0.041015625
7.720000873999652,-60.0,-61.70927836105861,1.7092783610586082,0.0,1500,idle,-0.21172674023566312,-0.06865985291578044,-0.036026832336018264,-0.041015625
7.740000749000046,-60.0,-61.70927836105861,1.7092783610586082,0.0,1500,idle,-0.21172674023566312,-0.06865985291578044,-0.036026832336018264,-0.037109375
7.760000938999838,-60.0,-61.70927836105861,1.7092783610586082,0.0,1500,idle,-0.21172674023566312,-0.06865985291578044,-0.036026832336018264,-0.037109375
7.780000794999978,-60.0,-61.826647051583805,1.8266470515838051,0.0,1500,idle,-0.21172674023566312,-0.06865985291578044,-0.036026832336018264,-0.033203125
7.800000891999844,-60.0,-61.826647051583805,1.8266470515838051,0.0,1500,idle,-0.21172674023566312,-0.06865985291578044,-0.036026832336018264,-0.033203125
7.820000895999783,-60.0,-61.93209367997005,1.9320936799700519,0.0,1500,idle,-0.21172674023566312,-0.06865985291578044,-0.036026832336018264,-0.033203125
7.8400009379997755,-60.0,-61.93209367997005,1.9320936799700519,0.0,1500,idle,-0.21172674023566312,-0.06865985291578044,-0.036026832336018264,-0.025390625
7.860000811999726,-60.0,-61.93209367997005,1.9320936799700519,0.0,1500,idle,-0.21172674023566312,-0.06865985291578044,-0.036026832336018264,-0.025390625
7.880001186999834,-60.0,-62.01182150973557,2.0118215097355687,0.0,1500,idle,-0.21172674023566312,-0.06865985291578044,-0.036026832336018264,-0.021484375
7.900000951000038,-60.0,-62.01182150973557,2.0118215097355687,0.0,1500,idle,-0.21172674023566312,-0.06865985291578044,-0.036026832336018264,-0.021484375
7.920000880999851,-60.0,-62.08647060134382,2.0864706013438195,0.0,1500,idle,-0.21172674023566312,-0.06865985291578044,-0.036026832336018264,-0.021484375
7.940000959999907,-60.0,-62.08647060134382,2.0864706013438195,0.0,1500,idle,-0.21172674023566312,-0.06865985291578044,-0.036026832336018264,-0.01953125
7.960000796999793,-60.0,-62.08647060134382,2.0864706013438195,0.0,1500,idle,-0.21172674023566312,-0.06865985291578044,-0.036026832336018264,-0.01953125
7.980000782999923,-60.0,-62.14359992286629,2.1435999228662865,0.0,1500,idle,-0.21172674023566312,-0.06865985291578044,-0.036026832336018264,-0.013671875
8.000001101999715,-60.0,-62.14359992286629,2.1435999228662865,0.0,1500,idle,-0.21172674023566312,-0.06865985291578044,-0.036026832336018264,-0.013671875
8.020000791999792,-60.0,-62.192992447011264,2.192992447011264,0.0,1500,idle,-0.21172674023566312,-0.06865985291578044,-0.036026832336018264,-0.013671875
8.040000943999985,-60.0,-62.192992447011264,2.192992447011264,0.0,1500,idle,-0.21172674023566312,-0.06865985291578044,-0.036026832336018264,-0.009765625
8.060000781999861,-60.0,-62.192992447011264,2.192992447011264,0.0,1500,idle,-0.21172674023566312,-0.06865985291578044,-0.036026832336018264,-0.009765625
8.080001267999705,-60.0,-62.23064435441459,2.2306443544145935,0.0,1500,idle,-0.21172674023566312,-0.06865985291578044,-0.036026832336018264,-0.001953125
8.100001179999708,-60.0,-62.23064435441459,2.2306443544145935,0.0,1500,idle,-0.21172674023566312,-0.06865985291578044,-0.036026832336018264,-0.001953125
8.120000961999722,-60.0,-62.26321619240068,2.2632161924006766,0.0,1500,idle,-0.21172674023566312,-0.06865985291578044,-0.036026832336018264,-0.001953125
8.140000687999873,-60.0,-62.26321619240068,2.2632161924006766,0.0,1500,idle,-0.21172674023566312,-0.06865985291578044,-0.036026832336018264,0.0
8.160000896999918,-60.0,-62.26321619240068,2.2632161924006766,0.0,1500,idle,-0.21172674023566312,-0.06865985291578044,-0.036026832336018264,0.0
8.180001048999657,-60.0,-62.291779522360414,2.2917795223604145,0.0,1500,idle,-0.21172674023566312,-0.06865985291578044,-0.036026832336018264,0.00390625
8.200001164999776,-60.0,-62.291779522360414,2.2917795223604145,0.0,1500,idle,-0.21172674023566312,-0.06865985291578044,-0.036026832336018264,0.00390625
8.220000706000064,-60.0,-62.31368331475696,2.3136833147569575,0.0,1500,idle,-0.21172674023566312,-0.06865985291578044,-0.036026832336018264,0.00390625
8.240000728999803,-60.0,-62.31368331475696,2.3136833147569575,0.0,1500,idle,-0.21172674023566312,-0.06865985291578044,-0.036026832336018264,0.001953125
8.260001066999848,-60.0,-62.31368331475696,2.3136833147569575,0.0,1500,idle,-0.21172674023566312,-0.06865985291578044,-0.036026832336018264,0.001953125
8.280000625999946,-60.0,-62.336751824902834,2.3367518249028336,0.0,1500,idle,-0.21172674023566312,-0.06865985291578044,-0.036026832336018264,-0.00390625
8.300001074999727,-60.0,-62.336751824902834,2.3367518249028336,0.0,1500,idle,-0.21172674023566312,-0.06865985291578044,-0.036026832336018264,-0.00390625
8.320001005999984,-60.0,-62.37481841784593,2.3748184178459297,0.0,1500,idle,-0.21172674023566312,-0.06865985291578044,-0.036026832336018264,-0.00390625
8.340000954000061,-60.0,-62.37481841784593,2.3748184178459297,0.0,1500,idle,-0.21172674023566312,-0.06865985291578044,-0.036026832336018264,0.0
8.360000607000075,-60.0,-62.37481841784593,2.3748184178459297,0.0,1500,idle,-0.21172674023566312,-0.06865985291578044,-0.036026832336018264,0.0
8.38000070399994,-60.0,-62.40338038058931,2.4033803805893115,0.0,1500,idle,-0.21172674023566312,-0.06865985291578044,-0.036026832336018264,0.001953125
8.400001152999721,-60.0,-62.40338038058931,2.4033803805893115,0.0,1500,idle,-0.21172674023566312,-0.06865985291578044,-0.036026832336018264,0.001953125
8.420001175999914,-60.0,-62.431941728692024,2.431941728692024,0.0,1500,idle,-0.21172674023566312,-0.06865985291578044,-0.036026832336018264,0.001953125
8.4400008839998,-60.0,-62.431941728692024,2.431941728692024,0.0,1500,idle,-0.21172674023566312,-0.06865985291578044,-0.036026832336018264,0.0
8.460000684000079,-60.0,-62.431941728692024,2.431941728692024,0.0,1500,idle,-0.21172674023566312,-0.06865985291578044,-0.036026832336018264,0.0
8.480001169999923,-60.0,-62.46451429809018,2.4645142980901795,0.0,1500,idle,-0.21172674023566312,-0.06865985291578044,-0.036026832336018264,0.0
8.500000951999937,-60.0,-62.46451429809018,2.4645142980901795,0.0,1500,idle,-0.21172674023566312,-0.06865985291578044,-0.036026832336018264,0.0
8.52000086399994,-60.0,-62.49444416858741,2.494444168587407,0.0,1500,idle,-0.21172674023566312,-0.06865985291578044,-0.036026832336018264,0.0
8.54000085000007,-60.0,-62.49444416858741,2.494444168587407,0.0,1500,idle,-0.21172674023566312,-0.06865985291578044,-0.036026832336018264,0.0
8.560000967999713,-60.0,-62.49444416858741,2.494444168587407,0.0,1500,idle,-0.21172674023566312,-0.06865985291578044,-0.036026832336018264,0.0
8.580001104000075,-60.0,-62.52300555546046,2.5230055554604576,0.0,1500,idle,-0.21172674023566312,-0.06865985291578044,-0.036026832336018264,0.0
8.600000701999761,-60.0,-62.52300555546046,2.5230055554604576,0.0,1500,idle,-0.21172674023566312,-0.06865985291578044,-0.036026832336018264,0.0
8.620001041999785,-60.0,-62.540230609157305,2.5402306091573053,0.0,1500,idle,-0.21172674023566312,-0.06865985291578044,-0.036026832336018264,0.0
8.640001011000095,-60.0,-62.540230609157305,2.5402306091573053,0.0,1500,idle,-0.21172674023566312,-0.06865985291578044,-0.036026832336018264,0.0
8.660000961999685,-60.0,-62.540230609157305,2.5402306091573053,0.0,1500,idle,-0.21172674023566312,-0.06865985291578044,-0.036026832336018264,0.0
8.680001022999932,-60.0,-62.56574718185736,2.565747181857361,0.0,1500,idle,-0.21172674023566312,-0.06865985291578044,-0.036026832336018264,-0.00390625
8.70000091799966,-60.0,-62.56574718185736,2.565747181857361,0.0,1500,idle,-0.21172674023566312,-0.06865985291578044,-0.036026832336018264,-0.00390625
8.720000998999694,-60.0,-62.59029372938804,2.590293729388037,0.0,1500,idle,-0.21172674023566312,-0.06865985291578044,-0.036026832336018264,-0.00390625
8.740000985999814,-60.0,-62.59029372938804,2.590293729388037,0.0,1500,idle,-0.21172674023566312,-0.06865985291578044,-0.036026832336018264,0.0
8.76000065900007,-60.0,-62.59029372938804,2.590293729388037,0.0,1500,idle,-0.21172674023566312,-0.06865985291578044,-0.036026832336018264,0.0
8.780000720999851,-60.0,-62.61113032377895,2.6111303237789514,0.0,1500,idle,-0.21172674023566312,-0.06865985291578044,-0.036026832336018264,0.001953125
8.800000856999759,-60.0,-62.61113032377895,2.6111303237789514,0.0,1500,idle,-0.21172674023566312,-0.06865985291578044,-0.036026832336018264,0.001953125
8.82000102899974,-60.0,-62.627952456095414,2.6279524560954144,0.0,1500,idle,-0.21172674023566312,-0.06865985291578044,-0.036026832336018264,0.001953125
8.840001442999892,-60.0,-62.627952456095414,2.6279524560954144,0.0,1500,idle,-0.21172674023566312,-0.06865985291578044,-0.036026832336018264,0.001953125
8.860001133999958,-60.0,-62.627952456095414,2.6279524560954144,0.0,1500,idle,-0.21172674023566312,-0.06865985291578044,-0.036026832336018264,0.001953125
8.880000751999887,-60.0,-62.644774551705964,2.6447745517059644,0.0,1500,idle,-0.21172674023566312,-0.06865985291578044,-0.036026832336018264,0.001953125
8.900000979999731,-60.0,-62.644774551705964,2.6447745517059644,0.0,1500,idle,-0.21172674023566312,-0.06865985291578044,-0.036026832336018264,0.001953125
8.920000930999777,-60.0,-62.66159660982542,2.6615966098254233,0.0,1500,idle,-0.21172674023566312,-0.06865985291578044,-0.036026832336018264,0.001953125
8.940001214999938,-60.0,-62.66159660982542,2.6615966098254233,0.0,1500,idle,-0.21172674023566312,-0.06865985291578044,-0.036026832336018264,0.0
8.960000906000005,-60.0,-62.66159660982542,2.6615966098254233,0.0,1500,idle,-0.21172674023566312,-0.06865985291578044,-0.036026832336018264,0.0
8.98000085700005,-60.0,-62.6706965636336,2.670696563633598,0.0,1500,idle,-0.21172674023566312,-0.06865985291578044,-0.036026832336018264,0.0
9.000001029000032,-60.0,-62.6706965636336,2.670696563633598,0.0,1500,idle,-0.21172674023566312,-0.06865985291578044,-0.036026832336018264,0.0
9.020001090999813,-60.0,-62.69193048926728,2.6919304892672784,0.0,1500,idle,-0.21172674023566312,-0.06865985291578044,-0.036026832336018264,0.0
9.040001283000038,-60.0,-62.69193048926728,2.6919304892672784,0.0,1500,idle,-0.21172674023566312,-0.06865985291578044,-0.036026832336018264,0.001953125
9.060001121999903,-60.0,-62.69193048926728,2.6919304892672784,0.0,1500,idle,-0.21172674023566312,-0.06865985291578044,-0.036026832336018264,0.001953125
9.080001110000012,-60.0,-62.70611530441511,2.706115304415107,0.0,1500,idle,-0.21172674023566312,-0.06865985291578044,-0.036026832336018264,0.0
9.100001078999867,-60.0,-62.70611530441511,2.706115304415107,0.0,1500,idle,-0.21172674023566312,-0.06865985291578044,-0.036026832336018264,0.0
9.120000899999923,-60.0,-62.717853147321264,2.7178531473212644,0.0,1500,idle,-0.21172674023566312,-0.06865985291578044,-0.036026832336018264,0.0
9.140000888000031,-60.0,-62.717853147321264,2.7178531473212644,0.0,1500,idle,-0.21172674023566312,-0.06865985291578044,-0.036026832336018264,0.001953125
9.160001170999749,-60.0,-62.717853147321264,2.7178531473212644,0.0,1500,idle,-0.21172674023566312,-0.06865985291578044,-0.036026832336018264,0.001953125
9.180000806999942,-60.0,-62.72959073952504,2.7295907395250367,0.0,1500,idle,-0.21172674023566312,-0.06865985291578044,-0.036026832336018264,-0.001953125
9.20000120199984,-60.0,-62.72959073952504,2.7295907395250367,0.0,1500,idle,-0.21172674023566312,-0.06865985291578044,-0.036026832336018264,-0.001953125
9.220000689999779,-60.0,-62.74641251017961,2.74641251017961,0.0,1500,idle,-0.21172674023566312,-0.06865985291578044,-0.036026832336018264,-0.001953125
9.240001214999666,-60.0,-62.74641251017961,2.74641251017961,0.0,1500,idle,-0.21172674023566312,-0.06865985291578044,-0.036026832336018264,0.001953125
9.260001201999785,-60.0,-62.74641251017961,2.74641251017961,0.0,1500,idle,-0.21172674023566312,-0.06865985291578044,-0.036026832336018264,0.001953125
9.280000800999915,-60.0,-62.75992467559007,2.759924675590071,0.0,1500,idle,-0.21172674023566312,-0.06865985291578044,-0.036026832336018264,0.0
9.300000677999833,-60.0,-62.75992467559007,2.759924675590071,0.0,1500,idle,-0.21172674023566312,-0.06865985291578044,-0.036026832336018264,0.0
9.320001035999667,-60.0,-62.767643712845015,2.7676437128450146,0.0,1500,idle,-0.21172674023566312,-0.06865985291578044,-0.036026832336018264,0.0
9.340000985999723,-60.0,-62.767643712845015,2.7676437128450146,0.0,1500,idle,-0.21172674023566312,-0.06865985291578044,-0.036026832336018264,0.0
9.360000955000032,-60.0,-62.767643712845015,2.7676437128450146,0.0,1500,idle,-0.21172674023566312,-0.06865985291578044,-0.036026832336018264,0.0
9.380001312999866,-60.0,-62.78339882145414,2.783398821454142,0.0,1500,idle,-0.21172674023566312,-0.06865985291578044,-0.036026832336018264,0.00390625
9.400001115999657,-60.0,-62.78339882145414,2.783398821454142,0.0,1500,idle,-0.21172674023566312,-0.06865985291578044,-0.036026832336018264,0.00390625
9.420000992000041,-60.0,-62.795810929168795,2.7958109291687947,0.0,1500,idle,-0.21172674023566312,-0.06865985291578044,-0.036026832336018264,0.00390625
9.440000684000097,-60.0,-62.795810929168795,2.7958109291687947,0.0,1500,idle,-0.21172674023566312,-0.06865985291578044,-0.036026832336018264,-0.001953125
9.460000782999941,-60.0,-62.795810929168795,2.7958109291687947,0.0,1500,idle,-0.21172674023566312,-0.06865985291578044,-0.036026832336018264,-0.001953125
9.480001121999976,-60.0,-62.80715772386969,2.807157723869693,0.0,1500,idle,-0.21172674023566312,-0.06865985291578044,-0.036026832336018264,0.0
9.500000775999979,-60.0,-62.80715772386969,2.807157723869693,0.0,1500,idle,-0.21172674023566312,-0.06865985291578044,-0.036026832336018264,0.0
9.520001170999876,-60.0,-62.81224308804478,2.812243088044781,0.0,1500,idle,-0.21172674023566312,-0.06865985291578044,-0.036026832336018264,0.0
9.540001251999911,-60.0,-62.81224308804478,2.812243088044781,0.0,1500,idle,-0.21172674023566312,-0.06865985291578044,-0.036026832336018264,0.0
9.560001370999998,-60.0,-62.81224308804478,2.812243088044781,0.0,1500,idle,-0.21172674023566312,-0.06865985291578044,-0.036026832336018264,0.0
9.580001249999896,-60.0,-62.81996147847009,2.8199614784700913,0.0,1500,idle,-0.21172674023566312,-0.06865985291578044,-0.036026832336018264,-0.00390625
9.60000083199975,-60.0,-62.81996147847009,2.8199614784700913,0.0,1500,idle,-0.21172674023566312,-0.06865985291578044,-0.036026832336018264,-0.00390625
9.620001024999965,-60.0,-62.829065607662145,2.8290656076621445,0.0,1500,idle,-0.21172674023566312,-0.06865985291578044,-0.036026832336018264,-0.00390625
9.64000123599999,-60.0,-62.829065607662145,2.8290656076621445,0.0,1500,idle,-0.21172674023566312,-0.06865985291578044,-0.036026832336018264,0.0
9.66000089299996,-60.0,-62.829065607662145,2.8290656076621445,0.0,1500,idle,-0.21172674023566312,-0.06865985291578044,-0.036026832336018264,0.0
9.680000844999995,-60.0,-62.836105480841496,2.8361054808414963,0.0,1500,idle,-0.21172674023566312,-0.06865985291578044,-0.036026832336018264,0.0
9.700001000999691,-60.0,-62.836105480841496,2.8361054808414963,0.0,1500,idle,-0.21172674023566312,-0.06865985291578044,-0.036026832336018264,0.0
9.720001176000096,-60.0,-62.841190603505794,2.841190603505794,0.0,1500,idle,-0.21172674023566312,-0.06865985291578044,-0.036026832336018264,0.0
9.74000114699993,-60.0,-62.841190603505794,2.841190603505794,0.0,1500,idle,-0.21172674023566312,-0.06865985291578044,-0.036026832336018264,0.0
9.76000119199989,-60.0,-62.841190603505794,2.841190603505794,0.0,1500,idle,-0.21172674023566312,-0.06865985291578044,-0.036026832336018264,0.0
9.780001180999989,-60.0,-62.852926735115474,2.8529267351154743,0.0,1500,idle,-0.21172674023566312,-0.06865985291578044,-0.036026832336018264,-0.00390625
9.800001004000023,-60.0,-62.852926735115474,2.8529267351154743,0.0,1500,idle,-0.21172674023566312,-0.06865985291578044,-0.036026832336018264,-0.00390625
9.820000622999942,-60.0,-62.856946147676936,2.856946147676936,0.0,1500,idle,-0.21172674023566312,-0.06865985291578044,-0.036026832336018264,-0.00390625
9.840000982999754,-60.0,-62.856946147676936,2.856946147676936,0.0,1500,idle,-0.21172674023566312,-0.06865985291578044,-0.036026832336018264,0.001953125
9.860001119999652,-60.0,-62.856946147676936,2.856946147676936,0.0,1500,idle,-0.21172674023566312,-0.06865985291578044,-0.036026832336018264,0.001953125
9.880000869000014,-60.0,-62.85918963934486,2.859189639344862,0.0,1500,idle,-0.21172674023566312,-0.06865985291578044,-0.036026832336018264,0.001953125
9.900001191999763,-60.0,-62.85918963934486,2.859189639344862,0.0,1500,idle,-0.21172674023566312,-0.06865985291578044,-0.036026832336018264,0.001953125
9.920001069999671,-60.0,-62.864275348479296,2.864275348479296,0.0,1500,idle,-0.21172674023566312,-0.06865985291578044,-0.036026832336018264,0.001953125
9.940000819000034,-60.0,-62.864275348479296,2.864275348479296,0.0,1500,idle,-0.21172674023566312,-0.06865985291578044,-0.036026832336018264,0.0
9.960000919999857,-60.0,-62.864275348479296,2.864275348479296,0.0,1500,idle,-0.21172674023566312,-0.06865985291578044,-0.036026832336018264,0.0
9.980001167999944,-60.0,-62.864275348479296,2.864275348479296,0.0,1500,idle,-0.21172674023566312,-0.06865985291578044,-0.036026832336018264,-0.001953125
10.000000823999926,0.0,-62.864275348479296,62.864275348479296,1.648712567566904,1380,kick,1.645782880066904,0.0,0.001171875,-0.001953125
10.020001091999802,0.0,-62.87338074695796,62.87338074695796,1.6501228213416423,1380,kick,1.6460212588416423,0.0,0.001640625,-0.001953125
10.040001285000017,0.0,-62.87338074695796,62.87338074695796,1.6476618838416424,1380,kick,1.6460212588416423,0.0,0.00065625,0.0
10.060001051999734,0.0,-62.87338074695796,62.87338074695796,1.6466775088416423,1380,kick,1.6460212588416423,0.0,0.00026250000000000004,0.0
10.080000893000033,0.0,-62.88511709699864,62.88511709699864,1.6465910157672072,1380,kick,1.6463285157672072,0.0,0.00010500000000000002,0.0
10.10000091999973,0.0,-62.88511709699864,62.88511709699864,1.6464335157672072,1355.0,run,1.6463285157672072,0.0,4.200000000000001e-05,0.0
10.120001038999817,0.0,-62.88024184016034,62.88024184016034,1.6462428818416441,1330.0,run,1.646200881841644,0.0,1.6800000000000005e-05,0.0
10.140001046999714,0.0,-62.88024184016034,62.88024184016034,1.643287994341644,1305.0,run,1.646200881841644,0.0,-0.001165155,0.001953125
10.160000925000077,0.0,-62.88024184016034,62.88024184016034,1.642106039341644,1280.0,run,1.646200881841644,0.0,-0.001637937,0.001953125
10.18000089599991,0.0,-62.877480116399695,62.877480116399695,1.6269125180826631,1255.0,run,1.646128580082663,0.0,-0.007686424799999999,0.01171875
10.200001236999924,0.0,-62.877480116399695,62.877480116399695,1.6208640302826631,1230.0,run,1.646128580082663,0.0,-0.010105819919999998,0.01171875
10.220001115999821,0.0,-62.808919973525065,62.808919973525065,1.616649734819463,1205.0,run,1.644333679739463,0.0,-0.011073577967999999,0.01171875
10.240001123999718,0.0,-62.808919973525065,62.808919973525065,1.562947601771463,1180.0,run,1.644333679739463,0.0,-0.0325544311872,0.046875
10.26000114999988,0.0,-62.808919973525065,62.808919973525065,1.541466748552263,1155.0,run,1.644333679739463,0.0,-0.041146772474879995,0.046875
10.280000842999925,0.0,-62.60309715178725,62.60309715178725,1.372212540891978,1130.0,run,1.638945250866858,0.0,-0.10669308398995199,0.150390625
10.300001072999748,0.0,-62.60309715178725,62.60309715178725,1.3066662293769062,1105.0,run,1.638945250866858,0.0,-0.13291160859598078,0.150390625
10.320000877999973,0.0,-62.02408828943669,62.02408828943669,1.2652892882015112,1100.0,run,1.623786834297492,0.0,-0.1433990184383923,0.150390625
10.340000738000072,0.0,-62.02408828943669,62.02408828943669,0.9676925033590995,1109.6922489922702,run,1.623786834297492,0.0,-0.26243773237535695,0.341796875
10.360001022999768,0.0,-62.02408828943669,62.02408828943669,0.848653789422135,1134.6922489922702,run,1.623786834297492,0.0,-0.3100532179501428,0.341796875
10.38000091999993,0.0,-60.816711425416926,60.816711425416926,0.3475542514630261,1159.6922489922702,run,1.5921777819131688,0.0,-0.4978494121800571,0.623046875
10.400000890999763,0.0,-60.816711425416926,60.816711425416926,0.15975805723311165,1184.6922489922702,run,1.5921777819131688,0.0,-0.5729678898720229,0.623046875
10.420000824999988,0.0,-58.790767958413056,58.790767958413056,0.03160050360341593,1500,idle,1.539138705975439,0.0,-0.6030152809488092,0.623046875
10.440000907000012,0.0,-58.790767958413056,58.790767958413056,-0.4144625124733703,1500,dwell,1.539138705975439,0.0,-0.7814404873795237,0.900390625
10.460000951999973,0.0,-58.790767958413056,58.790767958413056,-0.5928877189040844,1500,dwell,1.539138705975439,0.0,-0.8528105699518094,0.900390625
10.480001533999712,0.0,-56.01717727142369,56.01717727142369,-1.0239796108622945,1500,dwell,1.466526271589515,0.0,-0.9962023529807238,1.091796875
10.500000948999968,0.0,-56.01717727142369,56.01717727142369,-1.167371393891209,1500,dwell,1.466526271589515,0.0,-1.0535590661922896,1.091796875
10.520001086999855,0.0,-52.799038934077856,52.799038934077856,-1.3089787717597854,1500,dwell,1.382275606932504,0.0,-1.0765017514769157,1.091796875
10.540001132999805,0.0,-52.799038934077856,52.799038934077856,-1.4608277070444118,1500,dwell,1.382275606932504,0.0,-1.1372413255907663,1.177734375
10.560000976000083,0.0,-52.799038934077856,52.799038934077856,-1.5215672811582623,1500,dwell,1.382275606932504,0.0,-1.1615371552363065,1.177734375
10.580000966999705,0.0,-49.39708243114859,49.39708243114859,-1.7110979987824244,1500,dwell,1.293212593953882,0.0,-1.2017242370945227,1.228515625
10.600001013999645,0.0,-49.39708243114859,49.39708243114859,-1.751285080640641,1670,kick,1.293212593953882,0.0,-1.2177990698378092,1.228515625
10.620000856999923,0.0,-45.84198925109402,45.84198925109402,-1.8604320351946488,1670,kick,1.2001404721431603,0.0,-1.2242290029351237,1.228515625
10.640000995999799,0.0,-45.84198925109402,45.84198925109402,-1.922526030791964,1670,kick,1.2001404721431603,0.0,-1.2490666011740497,1.265625
10.660000932000003,0.0,-45.84198925109402,45.84198925109402,-1.9473636290308898,1670,kick,1.2001404721431603,0.0,-1.25900164046962,1.265625
10.680001053000069,0.0,-42.24916336238985,42.24916336238985,-2.016202380139628,1670,kick,1.1060805103299918,0.0,-1.248913156187848,1.2421875
10.700001007000083,0.0,-42.24916336238985,42.24916336238985,-2.0061138958578564,1670,kick,1.1060805103299918,0.0,-1.2448777624751393,1.2421875
10.72000075699998,0.0,-38.72503065003946,38.72503065003946,-2.0943400808067762,1670,kick,1.0138189316683628,0.0,-1.2432636049900556,1.2421875
10.740000951999718,0.0,-38.72503065003946,38.72503065003946,-2.0282727983216926,1670,kick,1.0138189316683628,0.0,-1.2168366919960223,1.19921875
10.760000794999996,0.0,-38.72503065003946,38.72503065003946,-2.0018458853276595,1670,kick,1.0138189316683628,0.0,-1.2062659267984088,1.19921875
10.780000916000063,0.0,-35.34273535779633,35.34273535779633,-2.0124405913165653,1670,kick,0.9252706479818431,0.0,-1.1750844957193634,1.154296875
10.800000647999696,0.0,-35.34273535779633,35.34273535779633,-1.9812591602375202,1670,kick,0.9252706479818431,0.0,-1.1626119232877454,1.154296875
10.82000069500009,0.0,-32.08968412377595,32.08968412377595,-2.0539512699604825,1670,kick,0.8401059658272629,0.0,-1.1576228943150981,1.154296875
10.84000074200003,0.0,-32.08968412377595,32.08968412377595,-1.975720053487835,1670,kick,0.8401059658272629,0.0,-1.1263304077260392,1.10546875
10.860000788999969,0.0,-32.08968412377595,32.08968412377595,-1.944427566898776,1670,kick,0.8401059658272629,0.0,-1.1138134130904156,1.10546875
10.880000723999729,0.0,-28.95086811776568,28.95086811776568,-1.9496314581419187,1670,kick,0.7579319549484969,0.0,-1.0830253652361663,1.0625
10.900000918999922,0.0,-28.95086811776568,28.95086811776568,-1.9188434102876695,1670,kick,0.7579319549484969,0.0,-1.0707101460944666,1.0625
10.920001021999724,0.0,-25.958347570719127,25.958347570719127,-1.9848721958652864,1670,kick,0.6795879502291805,0.0,-1.0657840584377867,1.0625
10.940001086999928,0.0,-25.958347570719127,25.958347570719127,-1.9154929832086065,1670,kick,0.6795879502291805,0.0,-1.0380323733751147,1.01953125
10.96000117099993,0.0,-25.958347570719127,25.958347570719127,-1.8877412981459343,1670,kick,0.6795879502291805,0.0,-1.026931699350046,1.01953125
10.98000123599968,0.0,-23.073027181178276,23.073027181178276,-1.884795322779485,1670,kick,0.6040504390705608,0.0,-0.9955383047400184,0.974609375
11.000000837999778,0.0,-23.073027181178276,23.073027181178276,-1.8534019281694576,1670,kick,0.6040504390705608,0.0,-0.9829809468960073,0.974609375
11.020000995999908,0.0,-20.327461352748287,20.327461352748287,-1.9127233156299703,1670,kick,0.5321716937660371,0.0,-0.9779580037584029,0.974609375
11.04000107999991,0.0,-20.327461352748287,20.327461352748287,-1.846176934992366,1670,kick,0.5321716937660371,0.0,-0.9513394515033612,0.93359375
11.06000123800004,0.0,-20.327461352748287,20.327461352748287,-1.8195583827373243,1670,kick,0.5321716937660371,0.0,-0.9406920306013445,0.93359375
11.080001080999864,0.0,-17.683858736926254,17.683858736926254,-1.8107375039759512,1670,kick,0.4629623391253933,0.0,-0.9094799372405378,0.888671875
11.100000997999814,0.0,-17.683858736926254,17.683858736926254,-1.7795254106151446,1695.0,run,0.4629623391253933,0.0,-0.8969950998962151,0.888671875
11.120000712000092,0.0,-15.183669382162634,15.183669382162634,-1.8324953775167285,1720.0,run,0.3975075348794867,0.0,-0.892001164958486,0.888671875
11.140000980999957,0.0,-15.183669382162634,15.183669382162634,-1.7659780050789993,1745.0,run,0.3975075348794867,0.0,-0.8653942159833944,0.84765625
11.16000106499996,0.0,-15.183669382162634,15.183669382162634,-1.7393710561039073,1770.0,run,0.3975075348794867,0.0,-0.8547514363933577,0.84765625
11.18000074099973,0.0,-12.763658964057583,12.763658964057583,-1.7159121261066175,1795.0,run,0.3341518102867401,0.0,-0.820025574557343,0.796875
11.200000972999987,0.0,-12.763658964057583,12.763658964057583,-1.6811862642706026,1820.0,run,0.3341518102867401,0.0,-0.8061352298229372,0.796875
11.220001130999663,0.0,-10.547159012199245,10.547159012199245,-1.7253237525815326,1845.0,run,0.2761239772414044,0.0,-0.8005790919291749,0.796875
11.240000899999814,0.0,-10.547159012199245,10.547159012199245,-1.6142988646877705,1870.0,run,0.2761239772414044,0.0,-0.75616913677167,0.7265625
11.260000927999954,0.0,-10.547159012199245,10.547159012199245,-1.5698889095302655,1895.0,run,0.2761239772414044,0.0,-0.738405154708668,0.7265625
11.280000844999904,0.0,-8.536252495669515,8.536252495669515,-1.4666280673266507,1900.0,run,0.22347856774652408,0.002979714236620321,-0.6762214368834671,0.634765625
11.300000817999717,0.0,-8.536252495669515,8.536252495669515,-1.4039973923659572,1900.0,run,0.22347856774652408,0.005959428473240642,-0.651347949753387,0.634765625
11.320000957000047,0.0,-6.776697154280441,6.776697154280441,-1.424834129320057,1900.0,run,0.17741351662908575,0.008324942028295118,-0.6413985549013548,0.634765625
11.340001003999987,0.0,-6.776697154280441,6.776697154280441,-1.2504674074347668,1900.0,run,0.17741351662908575,0.010690455583349596,-0.571793796960542,0.525390625
11.360000958,0.0,-6.776697154280441,6.776697154280441,-1.1805078224606955,1900.0,run,0.17741351662908575,0.013055969138404074,-0.5439518937842168,0.525390625
11.380001079000067,0.0,-5.354079507766073,5.354079507766073,-1.010918685729871,1900.0,run,0.14016947373611294,0.01492489545488558,-0.46133075751368674,0.40625
11.4000008109997,0.0,-5.354079507766073,5.354079507766073,-0.9280172105118687,1881.6443886805264,run,0.14016947373611294,0.016793821771367085,-0.4282823030054747,0.40625
11.420001061999756,0.0,-4.264633607561791,4.264633607561791,-0.9232670872815048,1880.4331072567838,run,0.11164784676473549,0.018282459728230227,-0.4150629212021899,0.40625
11.440000719999716,0.0,-4.264633607561791,4.264633607561791,-0.7369728472846904,1855.4331072567838,run,0.11164784676473549,0.019771097685093365,-0.34063454348087596,0.291015625
11.460001080999973,0.0,-4.264633607561791,4.264633607561791,-0.662321173869847,1830.4331072567838,run,0.11164784676473549,0.021259735641956504,-0.3108631923923504,0.291015625
11.480001090999849,0.0,-3.5033509667076714,3.5033509667076714,-0.5028826581854283,1805.4331072567838,run,0.09171751383296267,0.022482635826396005,-0.23918902695694017,0.19140625
11.50000073000001,0.0,-3.5033509667076714,3.5033509667076714,-0.4310250577223521,1780.4331072567838,run,0.09171751383296267,0.023705536010835505,-0.21051936078277605,0.19140625
11.52000090699994,0.0,-3.0123553558707385,3.0123553558707385,-0.41505190002350584,1755.4331072567838,run,0.07886327880004482,0.024757046394836103,-0.19905149431311042,0.19140625
11.540001138999742,0.0,-3.0123553558707385,3.0123553558707385,0.0,1500,idle,0.07886327880004482,0.024757046394836103,-0.19905149431311042,0.09765625
11.560001168999861,0.0,-3.0123553558707385,3.0123553558707385,0.0,1500,idle,0.07886327880004482,0.024757046394836103,-0.19905149431311042,0.09765625
11.58000145899996,0.0,-2.7718149785780497,2.7718149785780497,0.0,1500,idle,0.07886327880004482,0.024757046394836103,-0.19905149431311042,0.033203125
11.600000877999719,0.0,-2.7718149785780497,2.7718149785780497,0.0,1500,idle,0.07886327880004482,0.024757046394836103,-0.19905149431311042,0.033203125
11.620000814999912,0.0,-2.681513526994422,2.681513526994422,0.0,1500,idle,0.07886327880004482,0.024757046394836103,-0.19905149431311042,0.033203125
11.640000770999904,0.0,-2.681513526994422,2.681513526994422,0.0,1500,idle,0.07886327880004482,0.024757046394836103,-0.19905149431311042,0.015625
11.660000819999823,0.0,-2.681513526994422,2.681513526994422,0.0,1500,idle,0.07886327880004482,0.024757046394836103,-0.19905149431311042,0.015625
11.680000849999942,0.0,-2.642632182553598,2.642632182553598,0.0,1500,idle,0.07886327880004482,0.024757046394836103,-0.19905149431311042,-0.015625
11.700000713000009,0.0,-2.642632182553598,2.642632182553598,0.0,1500,idle,0.07886327880004482,0.024757046394836103,-0.19905149431311042,-0.015625
11.720001001999663,0.0,-2.6618590591435236,2.6618590591435236,0.0,1500,idle,0.07886327880004482,0.024757046394836103,-0.19905149431311042,-0.015625
11.740001068999845,0.0,-2.6618590591435236,2.6618590591435236,0.0,1500,idle,0.07886327880004482,0.024757046394836103,-0.19905149431311042,-0.0234375
11.760000987999774,0.0,-2.6618590591435236,2.6618590591435236,0.0,1500,idle,0.07886327880004482,0.024757046394836103,-0.19905149431311042,-0.0234375
11.780000943999767,0.0,-2.7274148630948503,2.7274148630948503,0.0,1500,idle,0.07886327880004482,0.024757046394836103,-0.19905149431311042,-0.029296875
11.800001029999748,0.0,-2.7274148630948503,2.7274148630948503,0.0,1500,idle,0.07886327880004482,0.024757046394836103,-0.19905149431311042,-0.029296875
11.820000818999688,0.0,-2.8003720620307604,2.8003720620307604,0.0,1500,idle,0.07886327880004482,0.024757046394836103,-0.19905149431311042,-0.029296875
11.840001052999924,0.0,-2.8003720620307604,2.8003720620307604,0.0,1500,idle,0.07886327880004482,0.024757046394836103,-0.19905149431311042,-0.02734375
11.86000104599998,0.0,-2.8003720620307604,2.8003720620307604,0.0,1500,idle,0.07886327880004482,0.024757046394836103,-0.19905149431311042,-0.02734375
11.880001223999898,0.0,-2.8431252431111034,2.8431252431111034,0.0,1500,idle,0.07886327880004482,0.024757046394836103,-0.19905149431311042,-0.025390625
11.900001013999827,0.0,-2.8431252431111034,2.8431252431111034,0.0,1500,idle,0.07886327880004482,0.024757046394836103,-0.19905149431311042,-0.025390625
11.920000913999957,0.0,-2.892953411122562,2.892953411122562,0.0,1500,idle,0.07886327880004482,0.024757046394836103,-0.19905149431311042,-0.025390625
11.940000758999759,0.0,-2.892953411122562,2.892953411122562,0.0,1500,idle,0.07886327880004482,0.024757046394836103,-0.19905149431311042,-0.0234375
11.960001306999857,0.0,-2.892953411122562,2.892953411122562,0.0,1500,idle,0.07886327880004482,0.024757046394836103,-0.19905149431311042,-0.0234375
11.98000087399987,0.0,-2.9335273772564676,2.9335273772564676,0.0,1500,idle,0.07886327880004482,0.024757046394836103,-0.19905149431311042,-0.015625
12.000000959999852,0.0,-2.9335273772564676,2.9335273772564676,0.0,1500,idle,0.07886327880004482,0.024757046394836103,-0.19905149431311042,-0.015625
12.020001174999834,0.0,-2.945984962811252,2.945984962811252,0.0,1500,idle,0.07886327880004482,0.024757046394836103,-0.19905149431311042,-0.015625
12.040001242000017,0.0,-2.945984962811252,2.945984962811252,0.0,1500,idle,0.07886327880004482,0.024757046394836103,-0.19905149431311042,-0.013671875
12.060001253999872,0.0,-2.945984962811252,2.945984962811252,0.0,1500,idle,0.07886327880004482,0.024757046394836103,-0.19905149431311042,-0.013671875
12.080000913999811,0.0,-2.9451095619935757,2.9451095619935757,0.0,1500,idle,0.07886327880004482,0.024757046394836103,-0.19905149431311042,-0.00390625
12.100000906999867,0.0,-2.9451095619935757,2.9451095619935757,0.0,1500,idle,0.07886327880004482,0.024757046394836103,-0.19905149431311042,-0.00390625
12.120001028999923,0.0,-2.9444657522949456,2.9444657522949456,0.0,1500,idle,0.07886327880004482,0.024757046394836103,-0.19905149431311042,-0.00390625
12.140001226000095,0.0,-2.9444657522949456,2.9444657522949456,0.0,1500,idle,0.07886327880004482,0.024757046394836103,-0.19905149431311042,0.0
12.160000903999844,0.0,-2.9444657522949456,2.9444657522949456,0.0,1500,idle,0.07886327880004482,0.024757046394836103,-0.19905149431311042,0.0
12.180000804999963,0.0,-2.92796930864273,2.92796930864273,0.0,1500,idle,0.07886327880004482,0.024757046394836103,-0.19905149431311042,0.0
12.200000871999691,0.0,-2.92796930864273,2.92796930864273,0.0,1500,idle,0.07886327880004482,0.024757046394836103,-0.19905149431311042,0.0
12.220000938999874,0.0,-1.869717661073139,1.869717661073139,0.0,1500,idle,0.07886327880004482,0.024757046394836103,-0.19905149431311042,0.0
12.240000876000067,0.0,-1.869717661073139,1.869717661073139,0.0,1500,idle,0.07886327880004482,0.024757046394836103,-0.19905149431311042,0.00390625
12.260000979999859,0.0,-1.869717661073139,1.869717661073139,0.0,1500,idle,0.07886327880004482,0.024757046394836103,-0.19905149431311042,0.00390625
12.28000106599984,0.0,-1.3543167097936646,1.3543167097936646,0.0,1500,idle,0.07886327880004482,0.024757046394836103,-0.19905149431311042,0.001953125
12.300001040000097,0.0,-1.3543167097936646,1.3543167097936646,0.0,1500,idle,0.07886327880004482,0.024757046394836103,-0.19905149431311042,0.001953125
12.320001144999878,0.0,-1.0411307451039704,1.0411307451039704,0.0,1500,idle,0.07886327880004482,0.024757046394836103,-0.19905149431311042,0.001953125
12.340000840999892,0.0,-1.0411307451039704,1.0411307451039704,0.0,1500,idle,0.07886327880004482,0.024757046394836103,-0.19905149431311042,-0.005859375
12.360000944999683,0.0,-1.0411307451039704,1.0411307451039704,0.0,1500,idle,0.07886327880004482,0.024757046394836103,-0.19905149431311042,-0.005859375
12.380000771999676,0.0,-0.8202239950732633,0.8202239950732633,0.0,1500,idle,0.07886327880004482,0.024757046394836103,-0.19905149431311042,0.0
12.40000082000006,0.0,-0.8202239950732633,0.8202239950732633,0.0,1500,idle,0.07886327880004482,0.024757046394836103,-0.19905149431311042,0.0
12.420000757999787,0.0,-0.6292587527730404,0.6292587527730404,0.0,1500,idle,0.07886327880004482,0.024757046394836103,-0.19905149431311042,0.0
12.440001231999759,0.0,-0.6292587527730404,0.6292587527730404,0.0,1500,idle,0.07886327880004482,0.024757046394836103,-0.19905149431311042,0.001953125
12.460000965999825,0.0,-0.6292587527730404,0.6292587527730404,0.0,1500,idle,0.07886327880004482,0.024757046394836103,-0.19905149431311042,0.001953125
12.480001384999923,0.0,-0.49822469724915663,0.49822469724915663,0.0,1500,idle,0.07886327880004482,0.024757046394836103,-0.19905149431311042,0.001953125
12.500000897000064,0.0,-0.49822469724915663,0.49822469724915663,0.0,1500,idle,0.07886327880004482,0.024757046394836103,-0.19905149431311042,0.001953125
12.520001055999728,0.0,-0.44258691190935906,0.44258691190935906,0.0,1500,idle,0.07886327880004482,0.024757046394836103,-0.19905149431311042,0.001953125
12.54000088299972,0.0,-0.44258691190935906,0.44258691190935906,0.0,1500,idle,0.07886327880004482,0.024757046394836103,-0.19905149431311042,-0.001953125
12.560000692999893,0.0,-0.44258691190935906,0.44258691190935906,0.0,1500,idle,0.07886327880004482,0.024757046394836103,-0.19905149431311042,-0.001953125
12.580001186999652,0.0,-0.3856391024081631,0.3856391024081631,0.0,1500,idle,0.07886327880004482,0.024757046394836103,-0.19905149431311042,-0.001953125
12.60000121899975,0.0,-0.3856391024081631,0.3856391024081631,0.0,1500,idle,0.07886327880004482,0.024757046394836103,-0.19905149431311042,-0.001953125
12.620000695999806,0.0,-0.331192215393628,0.331192215393628,0.0,1500,idle,0.07886327880004482,0.024757046394836103,-0.19905149431311042,-0.001953125
12.640000912999767,0.0,-0.331192215393628,0.331192215393628,0.0,1500,idle,0.07886327880004482,0.024757046394836103,-0.19905149431311042,0.0
12.66000072199995,0.0,-0.331192215393628,0.331192215393628,0.0,1500,idle,0.07886327880004482,0.024757046394836103,-0.19905149431311042,0.0
12.68000080999991,0.0,-0.3001130953012989,0.3001130953012989,0.0,1500,idle,0.07886327880004482,0.024757046394836103,-0.19905149431311042,-0.001953125
12.70000084100002,0.0,-0.3001130953012989,0.3001130953012989,0.0,1500,idle,0.07886327880004482,0.024757046394836103,-0.19905149431311042,-0.001953125
12.720001039999715,0.0,-0.25727770502780345,0.25727770502780345,0.0,1500,idle,0.07886327880004482,0.024757046394836103,-0.19905149431311042,-0.001953125
12.740000719999898,0.0,-0.25727770502780345,0.25727770502780345,0.0,1500,idle,0.07886327880004482,0.024757046394836103,-0.19905149431311042,0.0
12.760001584999827,0.0,-0.25727770502780345,0.25727770502780345,0.0,1500,idle,0.07886327880004482,0.024757046394836103,-0.19905149431311042,0.0
12.78000089499983,0.0,-0.2132595309288945,0.2132595309288945,0.0,1500,idle,0.07886327880004482,0.024757046394836103,-0.19905149431311042,0.001953125
12.80000111199979,0.0,-0.2132595309288945,0.2132595309288945,0.0,1500,idle,0.07886327880004482,0.024757046394836103,-0.19905149431311042,0.001953125
12.820000939999773,0.0,-0.17637107987098943,0.17637107987098943,0.0,1500,idle,0.07886327880004482,0.024757046394836103,-0.19905149431311042,0.001953125
12.840000711999892,0.0,-0.17637107987098943,0.17637107987098943,0.0,1500,idle,0.07886327880004482,0.024757046394836103,-0.19905149431311042,0.001953125
12.860000928999852,0.0,-0.17637107987098943,0.17637107987098943,0.0,1500,idle,0.07886327880004482,0.024757046394836103,-0.19905149431311042,0.001953125
12.880001016999813,0.0,-0.15583615409985896,0.15583615409985896,0.0,1500,idle,0.07886327880004482,0.024757046394836103,-0.19905149431311042,-0.00390625
12.900001066999721,0.0,-0.15583615409985896,0.15583615409985896,0.0,1500,idle,0.07886327880004482,0.024757046394836103,-0.19905149431311042,-0.00390625
12.920001024999692,0.0,-0.11926082230260704,0.11926082230260704,0.0,1500,idle,0.07886327880004482,0.024757046394836103,-0.19905149431311042,-0.00390625
12.940000667999811,0.0,-0.11926082230260704,0.11926082230260704,0.0,1500,idle,0.07886327880004482,0.024757046394836103,-0.19905149431311042,0.001953125
12.960000884999772,0.0,-0.11926082230260704,0.11926082230260704,0.0,1500,idle,0.07886327880004482,0.024757046394836103,-0.19905149431311042,0.001953125
12.980001212999923,0.0,-0.0875761780169455,0.0875761780169455,0.0,1500,idle,0.07886327880004482,0.024757046394836103,-0.19905149431311042,0.001953125
13.000000781999915,0.0,-0.0875761780169455,0.0875761780169455,0.0,1500,idle,0.07886327880004482,0.024757046394836103,-0.19905149431311042,0.001953125
13.020001146999675,0.0,-0.06867200650904692,0.06867200650904692,0.0,1500,idle,0.07886327880004482,0.024757046394836103,-0.19905149431311042,-0.00390625
13.04000101199972,0.0,-0.06867200650904692,0.06867200650904692,0.0,1500,idle,0.07886327880004482,0.024757046394836103,-0.19905149431311042,-0.00390625
13.060000821999893,0.0,-0.06867200650904692,0.06867200650904692,0.0,1500,idle,0.07886327880004482,0.024757046394836103,-0.19905149431311042,-0.00390625
13.08000098299999,0.0,-0.04355165020282925,0.04355165020282925,0.0,1500,idle,0.07886327880004482,0.024757046394836103,-0.19905149431311042,0.0
13.100000958999772,0.0,-0.04355165020282925,0.04355165020282925,0.0,1500,idle,0.07886327880004482,0.024757046394836103,-0.19905149431311042,0.0
13.120001175999732,0.0,-0.0121382961478389,0.0121382961478389,0.0,1500,idle,0.07886327880004482,0.024757046394836103,-0.19905149431311042,0.0
13.140000985999905,0.0,-0.0121382961478389,0.0121382961478389,0.0,1500,idle,0.07886327880004482,0.024757046394836103,-0.19905149431311042,0.0
13.160000888000013,0.0,-0.0121382961478389,0.0121382961478389,0.0,1500,idle,0.07886327880004482,0.024757046394836103,-0.19905149431311042,0.0
13.180000919999657,0.0,0.003152413037042834,-0.003152413037042834,0.0,1500,idle,0.07886327880004482,0.024757046394836103,-0.19905149431311042,-0.00390625
13.20000097000002,0.0,0.003152413037042834,-0.003152413037042834,0.0,1500,idle,0.07886327880004482,0.024757046394836103,-0.19905149431311042,-0.00390625
13.22000107599979,0.0,0.0188006435858199,-0.0188006435858199,0.0,1500,idle,0.07886327880004482,0.024757046394836103,-0.19905149431311042,-0.00390625
13.240000848999898,0.0,0.0188006435858199,-0.0188006435858199,0.0,1500,idle,0.07886327880004482,0.024757046394836103,-0.19905149431311042,-0.001953125
13.26000078800007,0.0,0.0188006435858199,-0.0188006435858199,0.0,1500,idle,0.07886327880004482,0.024757046394836103,-0.19905149431311042,-0.001953125
13.280000689999724,0.0,0.04183012752955051,-0.04183012752955051,0.0,1500,idle,0.07886327880004482,0.024757046394836103,-0.19905149431311042,0.00390625
13.300000870000076,0.0,0.04183012752955051,-0.04183012752955051,0.0,1500,idle,0.07886327880004482,0.024757046394836103,-0.19905149431311042,0.00390625
13.320000846999847,0.0,0.06713002925079081,-0.06713002925079081,0.0,1500,idle,0.07886327880004482,0.024757046394836103,-0.19905149431311042,0.001953125
13.340000988999691,0.0,0.06713002925079081,-0.06713002925079081,0.0,1500,idle,0.07886327880004482,0.024757046394836103,-0.19905149431311042,0.001953125
13.360000946999662,0.0,0.06713002925079081,-0.06713002925079081,0.0,1500,idle,0.07886327880004482,0.024757046394836103,-0.19905149431311042,0.001953125
13.380000774999644,0.0,0.07574204103610782,-0.07574204103610782,0.0,1500,idle,0.07886327880004482,0.024757046394836103,-0.19905149431311042,0.0
13.400000696000006,0.0,0.07574204103610782,-0.07574204103610782,0.0,1500,idle,0.07886327880004482,0.024757046394836103,-0.19905149431311042,0.0
13.420000782999978,0.0,0.1004514259665541,-0.1004514259665541,0.0,1500,idle,0.07886327880004482,0.024757046394836103,-0.19905149431311042,0.0
13.440000629999759,0.0,0.1004514259665541,-0.1004514259665541,0.0,1500,idle,0.07886327880004482,0.024757046394836103,-0.19905149431311042,0.0
13.460001458000079,0.0,0.1004514259665541,-0.1004514259665541,0.0,1500,idle,0.07886327880004482,0.024757046394836103,-0.19905149431311042,0.0
13.480001230999733,0.0,0.11753832196322378,-0.11753832196322378,0.0,1500,idle,0.07886327880004482,0.024757046394836103,-0.19905149431311042,0.0
13.500000965999789,0.0,0.11753832196322378,-0.11753832196322378,0.0,1500,idle,0.07886327880004482,0.024757046394836103,-0.19905149431311042,0.0
13.520000943000014,0.0,0.13002637026156094,-0.13002637026156094,0.0,1500,idle,0.07886327880004482,0.024757046394836103,-0.19905149431311042,-0.001953125
13.540000938000048,0.0,0.13002637026156094,-0.13002637026156094,0.0,1500,idle,0.07886327880004482,0.024757046394836103,-0.19905149431311042,-0.001953125
13.560000970999681,0.0,0.13002637026156094,-0.13002637026156094,0.0,1500,idle,0.07886327880004482,0.024757046394836103,-0.19905149431311042,-0.001953125
13.580000911999832,0.0,0.144775449651803,-0.144775449651803,0.0,1500,idle,0.07886327880004482,0.024757046394836103,-0.19905149431311042,-0.001953125
13.600000964999708,0.0,0.144775449651803,-0.144775449651803,0.0,1500,idle,0.07886327880004482,0.024757046394836103,-0.19905149431311042,-0.001953125
13.62000066499968,0.0,0.15251098165549593,-0.15251098165549593,0.0,1500,idle,0.07886327880004482,0.024757046394836103,-0.19905149431311042,0.00390625
13.640001013000074,0.0,0.15251098165549593,-0.15251098165549593,0.0,1500,idle,0.07886327880004482,0.024757046394836103,-0.19905149431311042,0.00390625
13.66000106499996,0.0,0.15251098165549593,-0.15251098165549593,0.0,1500,idle,0.07886327880004482,0.024757046394836103,-0.19905149431311042,0.00390625
13.680000840000048,0.0,0.16932777073228067,-0.16932777073228067,0.0,1500,idle,0.07886327880004482,0.024757046394836103,-0.19905149431311042,0.001953125
13.700000670000009,0.0,0.16932777073228067,-0.16932777073228067,0.0,1500,idle,0.07886327880004482,0.024757046394836103,-0.19905149431311042,0.001953125
13.720000850999895,0.0,0.1806227551166728,-0.1806227551166728,0.0,1500,idle,0.07886327880004482,0.024757046394836103,-0.19905149431311042,-0.001953125
13.740000810999845,0.0,0.1806227551166728,-0.1806227551166728,0.0,1500,idle,0.07886327880004482,0.024757046394836103,-0.19905149431311042,-0.001953125
13.760000936999859,0.0,0.1806227551166728,-0.1806227551166728,0.0,1500,idle,0.07886327880004482,0.024757046394836103,-0.19905149431311042,-0.001953125
13.780000710999957,0.0,0.19104337325120468,-0.19104337325120468,0.0,1500,idle,0.07886327880004482,0.024757046394836103,-0.19905149431311042,0.0
13.800000633999844,0.0,0.19104337325120468,-0.19104337325120468,0.0,1500,idle,0.07886327880004482,0.024757046394836103,-0.19905149431311042,0.0
13.82000094499972,0.0,0.19906690353542444,-0.19906690353542444,0.0,1500,idle,0.07886327880004482,0.024757046394836103,-0.19905149431311042,-0.00390625
13.840001070999733,0.0,0.19906690353542444,-0.19906690353542444,0.0,1500,idle,0.07886327880004482,0.024757046394836103,-0.19905149431311042,-0.00390625
13.860000698000022,0.0,0.19906690353542444,-0.19906690353542444,0.0,1500,idle,0.07886327880004482,0.024757046394836103,-0.19905149431311042,-0.00390625
13.880000786999972,0.0,0.20485316763523542,-0.20485316763523542,0.0,1500,idle,0.07886327880004482,0.024757046394836103,-0.19905149431311042,-0.00390625
13.900001560999954,0.0,0.20485316763523542,-0.20485316763523542,0.0,1500,idle,0.07886327880004482,0.024757046394836103,-0.19905149431311042,-0.00390625
13.92000148299985,0.0,0.20739808108029933,-0.20739808108029933,0.0,1500,idle,0.07886327880004482,0.024757046394836103,-0.19905149431311042,0.0
13.940000831999896,0.0,0.20739808108029933,-0.20739808108029933,0.0,1500,idle,0.07886327880004482,0.024757046394836103,-0.19905149431311042,0.0
13.96000119900009,0.0,0.20739808108029933,-0.20739808108029933,0.0,1500,idle,0.07886327880004482,0.024757046394836103,-0.19905149431311042,0.0
13.980000824999934,0.0,0.21659671960640026,-0.21659671960640026,0.0,1500,idle,0.07886327880004482,0.024757046394836103,-0.19905149431311042,0.0
14.00000098800001,0.0,0.21659671960640026,-0.21659671960640026,0.0,1500,idle,0.07886327880004482,0.024757046394836103,-0.19905149431311042,0.0
14.020001391999813,0.0,0.2276260047739811,-0.2276260047739811,0.0,1500,idle,0.07886327880004482,0.024757046394836103,-0.19905149431311042,-0.00390625
14.040001147999646,0.0,0.2276260047739811,-0.2276260047739811,0.0,1500,idle,0.07886327880004482,0.024757046394836103,-0.19905149431311042,-0.00390625
14.060000773999946,0.0,0.2276260047739811,-0.2276260047739811,0.0,1500,idle,0.07886327880004482,0.024757046394836103,-0.19905149431311042,-0.00390625
14.080000808000023,0.0,0.2261668758310975,-0.2261668758310975,0.0,1500,idle,0.07886327880004482,0.024757046394836103,-0.19905149431311042,0.0
14.100001323000015,0.0,0.2261668758310975,-0.2261668758310975,0.0,1500,idle,0.07886327880004482,0.024757046394836103,-0.19905149431311042,0.0
14.12000094899986,0.0,0.23390475996168902,-0.23390475996168902,0.0,1500,idle,0.07886327880004482,0.024757046394836103,-0.19905149431311042,0.00390625
14.140000963999682,0.0,0.23390475996168902,-0.23390475996168902,0.0,1500,idle,0.07886327880004482,0.024757046394836103,-0.19905149431311042,0.00390625
14.160001219999685,0.0,0.24606995654170305,-0.24606995654170305,0.0,1500,idle,0.07886327880004482,0.024757046394836103,-0.19905149431311042,0.00390625
14.180001160999836,0.0,0.24606995654170305,-0.24606995654170305,0.0,1500,idle,0.07886327880004482,0.024757046394836103,-0.19905149431311042,-0.001953125
14.200000713000009,0.0,0.24606995654170305,-0.24606995654170305,0.0,1500,idle,0.07886327880004482,0.024757046394836103,-0.19905149431311042,-0.001953125
14.220000820999758,0.0,0.25039867913503144,-0.25039867913503144,0.0,1500,idle,0.07886327880004482,0.024757046394836103,-0.19905149431311042,-0.001953125
14.240000816999782,0.0,0.25039867913503144,-0.25039867913503144,0.0,1500,idle,0.07886327880004482,0.024757046394836103,-0.19905149431311042,-0.001953125
14.260000905999732,0.0,0.2538090167647624,-0.2538090167647624,0.0,1500,idle,0.07886327880004482,0.024757046394836103,-0.19905149431311042,-0.001953125
14.280000846999883,0.0,0.2538090167647624,-0.2538090167647624,0.0,1500,idle,0.07886327880004482,0.024757046394836103,-0.19905149431311042,0.0
14.300000991999696,0.0,0.2538090167647624,-0.2538090167647624,0.0,1500,idle,0.07886327880004482,0.024757046394836103,-0.19905149431311042,0.0
14.320001080999646,0.0,0.25813737446003415,-0.25813737446003415,0.0,1500,idle,0.07886327880004482,0.024757046394836103,-0.19905149431311042,0.0
14.34000117000005,0.0,0.25813737446003415,-0.25813737446003415,0.0,1500,idle,0.07886327880004482,0.024757046394836103,-0.19905149431311042,0.0
14.36000088899982,0.0,0.2545409784694357,-0.2545409784694357,0.0,1500,idle,0.07886327880004482,0.024757046394836103,-0.19905149431311042,0.0
14.380001256000014,0.0,0.2545409784694357,-0.2545409784694357,0.0,1500,idle,0.07886327880004482,0.024757046394836103,-0.19905149431311042,-0.00390625
14.400001011999848,0.0,0.2545409784694357,-0.2545409784694357,0.0,1500,idle,0.07886327880004482,0.024757046394836103,-0.19905149431311042,-0.00390625
14.420000860000073,0.0,0.25813737446003415,-0.25813737446003415,0.0,1500,idle,0.07886327880004482,0.024757046394836103,-0.19905149431311042,-0.001953125
14.44000065299997,0.0,0.25813737446003415,-0.25813737446003415,0.0,1500,idle,0.07886327880004482,0.024757046394836103,-0.19905149431311042,-0.001953125
14.460000963999846,0.0,0.2622786515933342,-0.2622786515933342,0.0,1500,idle,0.07886327880004482,0.024757046394836103,-0.19905149431311042,-0.001953125
14.480001386999902,0.0,0.2622786515933342,-0.2622786515933342,0.0,1500,idle,0.07886327880004482,0.024757046394836103,-0.19905149431311042,0.001953125
14.500001069000064,0.0,0.2622786515933342,-0.2622786515933342,0.0,1500,idle,0.07886327880004482,0.024757046394836103,-0.19905149431311042,0.001953125
14.520000786999844,0.0,0.26602045723791434,-0.26602045723791434,0.0,1500,idle,0.07886327880004482,0.024757046394836103,-0.19905149431311042,0.001953125
14.540001006999773,0.0,0.26602045723791434,-0.26602045723791434,0.0,1500,idle,0.07886327880004482,0.024757046394836103,-0.19905149431311042,0.001953125
14.56000091299984,0.0,0.2688421549926261,-0.2688421549926261,0.0,1500,idle,0.07886327880004482,0.024757046394836103,-0.19905149431311042,0.001953125
14.580001095999705,0.0,0.2688421549926261,-0.2688421549926261,0.0,1500,idle,0.07886327880004482,0.024757046394836103,-0.19905149431311042,0.0
14.600001020000036,0.0,0.2688421549926261,-0.2688421549926261,0.0,1500,idle,0.07886327880004482,0.024757046394836103,-0.19905149431311042,0.0
14.620000814999912,0.0,0.2716644446501846,-0.2716644446501846,0.0,1500,idle,0.07886327880004482,0.024757046394836103,-0.19905149431311042,0.0
14.640001090999704,0.0,0.2716644446501846,-0.2716644446501846,0.0,1500,idle,0.07886327880004482,0.024757046394836103,-0.19905149431311042,0.0
14.660000736999791,0.0,0.27298343212595455,-0.27298343212595455,0.0,1500,idle,0.07886327880004482,0.024757046394836103,-0.19905149431311042,0.0
14.68000069899972,0.0,0.27298343212595455,-0.27298343212595455,0.0,1500,idle,0.07886327880004482,0.024757046394836103,-0.19905149431311042,0.0
14.700000955999712,0.0,0.27298343212595455,-0.27298343212595455,0.0,1500,idle,0.07886327880004482,0.024757046394836103,-0.19905149431311042,0.0
14.72000073199979,0.0,0.2743031639402034,-0.2743031639402034,0.0,1500,idle,0.07886327880004482,0.024757046394836103,-0.19905149431311042,-0.00390625
14.740001081999708,0.0,0.2743031639402034,-0.2743031639402034,0.0,1500,idle,0.07886327880004482,0.024757046394836103,-0.19905149431311042,-0.00390625
14.760000987999774,0.0,0.2835468302826314,-0.2835468302826314,0.0,1500,idle,0.07886327880004482,0.024757046394836103,-0.19905149431311042,-0.00390625
14.780001078999703,0.0,0.2835468302826314,-0.2835468302826314,0.0,1500,idle,0.07886327880004482,0.024757046394836103,-0.19905149431311042,0.001953125
14.800000911000097,0.0,0.2835468302826314,-0.2835468302826314,0.0,1500,idle,0.07886327880004482,0.024757046394836103,-0.19905149431311042,0.001953125
14.820001019999836,0.0,0.2899230544446425,-0.2899230544446425,0.0,1500,idle,0.07886327880004482,0.024757046394836103,-0.19905149431311042,0.001953125
14.84000087000004,0.0,0.2899230544446425,-0.2899230544446425,0.0,1500,idle,0.07886327880004482,0.024757046394836103,-0.19905149431311042,0.001953125
14.860000998000032,0.0,0.2899230544446425,-0.2899230544446425,0.0,1500,idle,0.07886327880004482,0.024757046394836103,-0.19905149431311042,0.001953125
14.880000699999982,0.0,0.2899230544446425,-0.2899230544446425,0.0,1500,idle,0.07886327880004482,0.024757046394836103,-0.19905149431311042,0.0
14.900001087999954,0.0,0.2899230544446425,-0.2899230544446425,0.0,1500,idle,0.07886327880004482,0.024757046394836103,-0.19905149431311042,0.0
14.920000955999967,0.0,0.295026556030507,-0.295026556030507,0.0,1500,idle,0.07886327880004482,0.024757046394836103,-0.19905149431311042,0.0
14.94000097299977,0.0,0.295026556030507,-0.295026556030507,0.0,1500,idle,0.07886327880004482,0.024757046394836103,-0.19905149431311042,0.0
14.96000065699991,0.0,0.29634630222687974,-0.29634630222687974,0.0,1500,idle,0.07886327880004482,0.024757046394836103,-0.19905149431311042,0.0
14.980001172999891,0.0,0.29634630222687974,-0.29634630222687974,0.0,1500,idle,0.07886327880004482,0.024757046394836103,-0.19905149431311042,0.0
15.000000986000032,0.0,0.29634630222687974,-0.29634630222687974,0.0,1500,idle,0.07886327880004482,0.024757046394836103,-0.19905149431311042,0.0
15.020001151000088,0.0,0.29634630222687974,-0.29634630222687974,0.0,1500,idle,0.07886327880004482,0.024757046394836103,-0.19905149431311042,0.001953125
15.04000077899991,0.0,0.29634630222687974,-0.29634630222687974,0.0,1500,idle,0.07886327880004482,0.024757046394836103,-0.19905149431311042,0.001953125
15.060000795999713,0.0,0.30349613872215286,-0.30349613872215286,0.0,1500,idle,0.07886327880004482,0.024757046394836103,-0.19905149431311042,0.001953125
15.080001276000075,0.0,0.30349613872215286,-0.30349613872215286,0.0,1500,idle,0.07886327880004482,0.024757046394836103,-0.19905149431311042,0.0
15.100000848000036,0.0,0.30349613872215286,-0.30349613872215286,0.0,1500,idle,0.07886327880004482,0.024757046394836103,-0.19905149431311042,0.0
15.120001253999817,0.0,0.3048160533133455,-0.3048160533133455,0.0,1500,idle,0.07886327880004482,0.024757046394836103,-0.19905149431311042,0.0
15.14000123400001,0.0,0.3048160533133455,-0.3048160533133455,0.0,1500,idle,0.07886327880004482,0.024757046394836103,-0.19905149431311042,0.0
15.16000093599996,0.0,0.3061367121414662,-0.3061367121414662,0.0,1500,idle,0.07886327880004482,0.024757046394836103,-0.19905149431311042,0.0
15.18000102699989,0.0,0.3061367121414662,-0.3061367121414662,0.0,1500,idle,0.07886327880004482,0.024757046394836103,-0.19905149431311042,-0.001953125
15.200000635999913,0.0,0.3061367121414662,-0.3061367121414662,0.0,1500,idle,0.07886327880004482,0.024757046394836103,-0.19905149431311042,-0.001953125
15.220001115999821,0.0,0.3048160533133455,-0.3048160533133455,0.0,1500,idle,0.07886327880004482,0.024757046394836103,-0.19905149431311042,0.0
15.240000891999898,0.0,0.3048160533133455,-0.3048160533133455,0.0,1500,idle,0.07886327880004482,0.024757046394836103,-0.19905149431311042,0.0
15.26000103899969,0.0,0.30987247329341017,-0.30987247329341017,0.0,1500,idle,0.07886327880004482,0.024757046394836103,-0.19905149431311042,0.0
15.280001073999756,0.0,0.30987247329341017,-0.30987247329341017,0.0,1500,idle,0.07886327880004482,0.024757046394836103,-0.19905149431311042,0.0
15.300000998000087,0.0,0.30987247329341017,-0.30987247329341017,0.0,1500,idle,0.07886327880004482,0.024757046394836103,-0.19905149431311042,0.0
15.320000792999963,0.0,0.30914657653241306,-0.30914657653241306,0.0,1500,idle,0.07886327880004482,0.024757046394836103,-0.19905149431311042,-0.001953125
15.340000753999902,0.0,0.30914657653241306,-0.30914657653241306,0.0,1500,idle,0.07886327880004482,0.024757046394836103,-0.19905149431311042,-0.001953125
15.360000677999778,0.0,0.3048160533133455,-0.3048160533133455,0.0,1500,idle,0.07886327880004482,0.024757046394836103,-0.19905149431311042,-0.001953125
15.38000106599975,0.0,0.3048160533133455,-0.3048160533133455,0.0,1500,idle,0.07886327880004482,0.024757046394836103,-0.19905149431311042,0.001953125
15.400001192999753,0.0,0.3048160533133455,-0.3048160533133455,0.0,1500,idle,0.07886327880004482,0.024757046394836103,-0.19905149431311042,0.001953125
15.420001135999883,0.0,0.3048160533133455,-0.3048160533133455,0.0,1500,idle,0.07886327880004482,0.024757046394836103,-0.19905149431311042,0.001953125
15.440001004999885,0.0,0.3048160533133455,-0.3048160533133455,0.0,1500,idle,0.07886327880004482,0.024757046394836103,-0.19905149431311042,0.001953125
15.460000965999825,0.0,0.3142027422836122,-0.3142027422836122,0.0,1500,idle,0.07886327880004482,0.024757046394836103,-0.19905149431311042,0.001953125
15.480001186999743,0.0,0.3142027422836122,-0.3142027422836122,0.0,1500,idle,0.07886327880004482,0.024757046394836103,-0.19905149431311042,-0.001953125
15.500000685000032,0.0,0.3142027422836122,-0.3142027422836122,0.0,1500,idle,0.07886327880004482,0.024757046394836103,-0.19905149431311042,-0.001953125
15.520001090999813,0.0,0.30987247329341017,-0.30987247329341017,0.0,1500,idle,0.07886327880004482,0.024757046394836103,-0.19905149431311042,0.001953125
15.540001033999943,0.0,0.30987247329341017,-0.30987247329341017,0.0,1500,idle,0.07886327880004482,0.024757046394836103,-0.19905149431311042,0.001953125
15.560000719000072,0.0,0.3149290190296483,-0.3149290190296483,0.0,1500,idle,0.07886327880004482,0.024757046394836103,-0.19905149431311042,0.001953125
15.58000107099997,0.0,0.3149290190296483,-0.3149290190296483,0.0,1500,idle,0.07886327880004482,0.024757046394836103,-0.19905149431311042,0.001953125
15.600000774999899,0.0,0.3149290190296483,-0.3149290190296483,0.0,1500,idle,0.07886327880004482,0.024757046394836103,-0.19905149431311042,0.001953125
15.620000978999997,0.0,0.31925903380732734,-0.31925903380732734,0.0,1500,idle,0.07886327880004482,0.024757046394836103,-0.19905149431311042,0.001953125
15.640000700999735,0.0,0.31925903380732734,-0.31925903380732734,0.0,1500,idle,0.07886327880004482,0.024757046394836103,-0.19905149431311042,0.001953125
15.660000774999844,0.0,0.3284549759902404,-0.3284549759902404,0.0,1500,idle,0.07886327880004482,0.024757046394836103,-0.19905149431311042,0.001953125
15.680000848999953,0.0,0.3284549759902404,-0.3284549759902404,0.0,1500,idle,0.07886327880004482,0.024757046394836103,-0.19905149431311042,0.00390625
15.700000774999808,0.0,0.3284549759902404,-0.3284549759902404,0.0,1500,idle,0.07886327880004482,0.024757046394836103,-0.19905149431311042,0.00390625
15.720001053000033,0.0,0.3327850456724093,-0.3327850456724093,0.0,1500,idle,0.07886327880004482,0.024757046394836103,-0.19905149431311042,0.0
15.740000961000078,0.0,0.3327850456724093,-0.3327850456724093,0.0,1500,idle,0.07886327880004482,0.024757046394836103,-0.19905149431311042,0.0
15.760000664000017,0.0,0.3327850456724093,-0.3327850456724093,0.0,1500,idle,0.07886327880004482,0.024757046394836103,-0.19905149431311042,0.0
15.780000961000042,0.0,0.3327850456724093,-0.3327850456724093,0.0,1500,idle,0.07886327880004482,0.024757046394836103,-0.19905149431311042,0.0
15.80000079399997,0.0,0.3327850456724093,-0.3327850456724093,0.0,1500,idle,0.07886327880004482,0.024757046394836103,-0.19905149431311042,0.0
15.820000978999815,0.0,0.33824306311856844,-0.33824306311856844,0.0,1500,idle,0.07886327880004482,0.024757046394836103,-0.19905149431311042,0.001953125
15.840001053999913,0.0,0.33824306311856844,-0.33824306311856844,0.0,1500,idle,0.07886327880004482,0.024757046394836103,-0.19905149431311042,0.001953125
15.860000739000043,0.0,0.34125451405012086,-0.34125451405012086,0.0,1500,idle,0.07886327880004482,0.024757046394836103,-0.19905149431311042,0.001953125
15.88000084999976,0.0,0.34125451405012086,-0.34125451405012086,0.0,1500,idle,0.07886327880004482,0.024757046394836103,-0.19905149431311042,-0.001953125
15.900000923999869,0.0,0.34125451405012086,-0.34125451405012086,0.0,1500,idle,0.07886327880004482,0.024757046394836103,-0.19905149431311042,-0.001953125
15.92000116500003,0.0,0.3433484291018374,-0.3433484291018374,0.0,1500,idle,0.07886327880004482,0.024757046394836103,-0.19905149431311042,0.001953125
15.940001035000023,0.0,0.3433484291018374,-0.3433484291018374,0.0,1500,idle,0.07886327880004482,0.024757046394836103,-0.19905149431311042,0.001953125
15.960000960999878,0.0,0.3433484291018374,-0.3433484291018374,0.0,1500,idle,0.07886327880004482,0.024757046394836103,-0.19905149431311042,0.001953125
15.980000868999923,0.0,0.3433484291018374,-0.3433484291018374,0.0,1500,idle,0.07886327880004482,0.024757046394836103,-0.19905149431311042,0.0
16.000001053999767,0.0,0.3433484291018374,-0.3433484291018374,0.0,1500,idle,0.07886327880004482,0.024757046394836103,-0.19905149431311042,0.0
16.02000118399974,0.0,0.3433484291018374,-0.3433484291018374,0.0,1500,idle,0.07886327880004482,0.024757046394836103,-0.19905149431311042,0.0
16.040001369000038,0.0,0.3433484291018374,-0.3433484291018374,0.0,1500,idle,0.07886327880004482,0.024757046394836103,-0.19905149431311042,0.0
16.060000794999723,0.0,0.3433484291018374,-0.3433484291018374,0.0,1500,idle,0.07886327880004482,0.024757046394836103,-0.19905149431311042,0.0
16.080001164999885,0.0,0.3433484291018374,-0.3433484291018374,0.0,1500,idle,0.07886327880004482,0.024757046394836103,-0.19905149431311042,0.0
16.100001109999994,0.0,0.3433484291018374,-0.3433484291018374,0.0,1500,idle,0.07886327880004482,0.024757046394836103,-0.19905149431311042,0.0
16.120000683999933,0.0,0.34748664852361344,-0.34748664852361344,0.0,1500,idle,0.07886327880004482,0.024757046394836103,-0.19905149431311042,0.0
16.140001184000084,0.0,0.34748664852361344,-0.34748664852361344,0.0,1500,idle,0.07886327880004482,0.024757046394836103,-0.19905149431311042,0.0
16.160000813999886,0.0,0.3433484291018374,-0.3433484291018374,0.0,1500,idle,0.07886327880004482,0.024757046394836103,-0.19905149431311042,0.0
16.180000961999667,0.0,0.3433484291018374,-0.3433484291018374,0.0,1500,idle,0.07886327880004482,0.024757046394836103,-0.19905149431311042,0.0
16.20000094399984,0.0,0.3433484291018374,-0.3433484291018374,0.0,1500,idle,0.07886327880004482,0.024757046394836103,-0.19905149431311042,0.0
16.220000980999885,0.0,0.3433484291018374,-0.3433484291018374,0.0,1500,idle,0.07886327880004482,0.024757046394836103,-0.19905149431311042,0.0
16.240000925000004,0.0,0.3433484291018374,-0.3433484291018374,0.0,1500,idle,0.07886327880004482,0.024757046394836103,-0.19905149431311042,0.0
16.260000887999922,0.0,0.3433484291018374,-0.3433484291018374,0.0,1500,idle,0.07886327880004482,0.024757046394836103,-0.19905149431311042,0.0
16.280001072999767,0.0,0.3433484291018374,-0.3433484291018374,0.0,1500,idle,0.07886327880004482,0.024757046394836103,-0.19905149431311042,0.0
16.30000148099998,0.0,0.3433484291018374,-0.3433484291018374,0.0,1500,idle,0.07886327880004482,0.024757046394836103,-0.19905149431311042,0.0
16.32000081399974,0.0,0.3433484291018374,-0.3433484291018374,0.0,1500,idle,0.07886327880004482,0.024757046394836103,-0.19905149431311042,0.0
16.340000925999902,0.0,0.3433484291018374,-0.3433484291018374,0.0,1500,idle,0.07886327880004482,0.024757046394836103,-0.19905149431311042,0.0
16.360001110999747,0.0,0.3433484291018374,-0.3433484291018374,0.0,1500,idle,0.07886327880004482,0.024757046394836103,-0.19905149431311042,0.0
16.38000096299993,0.0,0.3433484291018374,-0.3433484291018374,0.0,1500,idle,0.07886327880004482,0.024757046394836103,-0.19905149431311042,0.0
16.400000814999657,0.0,0.3433484291018374,-0.3433484291018374,0.0,1500,idle,0.07886327880004482,0.024757046394836103,-0.19905149431311042,0.0
16.420000999999957,0.0,0.3433484291018374,-0.3433484291018374,0.0,1500,idle,0.07886327880004482,0.024757046394836103,-0.19905149431311042,0.0
16.440000795999822,0.0,0.3433484291018374,-0.3433484291018374,0.0,1500,idle,0.07886327880004482,0.024757046394836103,-0.19905149431311042,0.0
16.460000666999804,0.0,0.345393168553926,-0.345393168553926,0.0,1500,idle,0.07886327880004482,0.024757046394836103,-0.19905149431311042,0.0
16.48000125899989,0.0,0.345393168553926,-0.345393168553926,0.0,1500,idle,0.07886327880004482,0.024757046394836103,-0.19905149431311042,0.0
16.50000081500002,0.0,0.345393168553926,-0.345393168553926,0.0,1500,idle,0.07886327880004482,0.024757046394836103,-0.19905149431311042,0.0
16.520000758999686,0.0,0.3484051952169125,-0.3484051952169125,0.0,1500,idle,0.07886327880004482,0.024757046394836103,-0.19905149431311042,0.0
16.5400010379999,0.0,0.3484051952169125,-0.3484051952169125,0.0,1500,idle,0.07886327880004482,0.024757046394836103,-0.19905149431311042,0.0
16.560000687999946,0.0,0.3484051952169125,-0.3484051952169125,0.0,1500,idle,0.07886327880004482,0.024757046394836103,-0.19905149431311042,0.0
16.580001207999885,0.0,0.3484051952169125,-0.3484051952169125,0.0,1500,idle,0.07886327880004482,0.024757046394836103,-0.19905149431311042,0.0
16.600000968999666,0.0,0.3484051952169125,-0.3484051952169125,0.0,1500,idle,0.07886327880004482,0.024757046394836103,-0.19905149431311042,0.0
16.620000692999838,0.0,0.3484051952169125,-0.3484051952169125,0.0,1500,idle,0.07886327880004482,0.024757046394836103,-0.19905149431311042,0.0
16.640000916999725,0.0,0.3484051952169125,-0.3484051952169125,0.0,1500,idle,0.07886327880004482,0.024757046394836103,-0.19905149431311042,0.0
16.660000845000013,0.0,0.3484051952169125,-0.3484051952169125,0.0,1500,idle,0.07886327880004482,0.024757046394836103,-0.19905149431311042,0.0
16.680000846999974,0.0,0.3484051952169125,-0.3484051952169125,0.0,1500,idle,0.07886327880004482,0.024757046394836103,-0.19905149431311042,0.0
16.70000094099987,0.0,0.3484051952169125,-0.3484051952169125,0.0,1500,idle,0.07886327880004482,0.024757046394836103,-0.19905149431311042,0.0
16.720001035999758,0.0,0.3484051952169125,-0.3484051952169125,0.0,1500,idle,0.07886327880004482,0.024757046394836103,-0.19905149431311042,0.0
16.740000981999856,0.0,0.3484051952169125,-0.3484051952169125,0.0,1500,idle,0.07886327880004482,0.024757046394836103,-0.19905149431311042,0.0
16.760000853999827,0.0,0.3484051952169125,-0.3484051952169125,0.0,1500,idle,0.07886327880004482,0.024757046394836103,-0.19905149431311042,0.0
16.78000063399986,0.0,0.3484051952169125,-0.3484051952169125,0.0,1500,idle,0.07886327880004482,0.024757046394836103,-0.19905149431311042,0.0
16.800000764999822,0.0,0.3484051952169125,-0.3484051952169125,0.0,1500,idle,0.07886327880004482,0.024757046394836103,-0.19905149431311042,0.0
16.820000673999857,0.0,0.3484051952169125,-0.3484051952169125,0.0,1500,idle,0.07886327880004482,0.024757046394836103,-0.19905149431311042,0.0
16.84000086099968,0.0,0.3484051952169125,-0.3484051952169125,0.0,1500,idle,0.07886327880004482,0.024757046394836103,-0.19905149431311042,0.0
16.860000993000085,0.0,0.3484051952169125,-0.3484051952169125,0.0,1500,idle,0.07886327880004482,0.024757046394836103,-0.19905149431311042,0.0
16.880000845999803,0.0,0.3484051952169125,-0.3484051952169125,0.0,1500,idle,0.07886327880004482,0.024757046394836103,-0.19905149431311042,0.0
16.90000092199989,0.0,0.3484051952169125,-0.3484051952169125,0.0,1500,idle,0.07886327880004482,0.024757046394836103,-0.19905149431311042,0.0
16.92000107199965,0.0,0.35044962560110093,-0.35044962560110093,0.0,1500,idle,0.07886327880004482,0.024757046394836103,-0.19905149431311042,0.0
16.940001037000002,0.0,0.35044962560110093,-0.35044962560110093,0.0,1500,idle,0.07886327880004482,0.024757046394836103,-0.19905149431311042,0.0
16.960001038999962,0.0,0.3534620874237646,-0.3534620874237646,0.0,1500,idle,0.07886327880004482,0.024757046394836103,-0.19905149431311042,0.0
16.980001780999828,0.0,0.3534620874237646,-0.3534620874237646,0.0,1500,idle,0.07886327880004482,0.024757046394836103,-0.19905149431311042,0.0
17.000000838999767,0.0,0.3534620874237646,-0.3534620874237646,0.0,1500,idle,0.07886327880004482,0.024757046394836103,-0.19905149431311042,0.0
17.020001191999654,0.0,0.3534620874237646,-0.3534620874237646,0.0,1500,idle,0.07886327880004482,0.024757046394836103,-0.19905149431311042,0.0
17.04000113899974,0.0,0.3534620874237646,-0.3534620874237646,0.0,1500,idle,0.07886327880004482,0.024757046394836103,-0.19905149431311042,0.0
17.060001047999776,0.0,0.35779252088372004,-0.35779252088372004,0.0,1500,idle,0.07886327880004482,0.024757046394836103,-0.19905149431311042,0.0
17.0800010869998,0.0,0.35779252088372004,-0.35779252088372004,0.0,1500,idle,0.07886327880004482,0.024757046394836103,-0.19905149431311042,0.0
17.100000865999846,0.0,0.35779252088372004,-0.35779252088372004,0.0,1500,idle,0.07886327880004482,0.024757046394836103,-0.19905149431311042,0.0
17.120000812999933,0.0,0.36193102137275446,-0.36193102137275446,0.0,1500,idle,0.07886327880004482,0.024757046394836103,-0.19905149431311042,0.0
17.14000114800001,0.0,0.36193102137275446,-0.36193102137275446,0.0,1500,idle,0.07886327880004482,0.024757046394836103,-0.19905149431311042,0.0
17.160000889999992,0.0,0.35687424301937654,-0.35687424301937654,0.0,1500,idle,0.07886327880004482,0.024757046394836103,-0.19905149431311042,0.0
17.180001373999858,0.0,0.35687424301937654,-0.35687424301937654,0.0,1500,idle,0.07886327880004482,0.024757046394836103,-0.19905149431311042,0.0
17.20000085699985,0.0,0.35687424301937654,-0.35687424301937654,0.0,1500,idle,0.07886327880004482,0.024757046394836103,-0.19905149431311042,0.0
17.220001007000064,0.0,0.35687424301937654,-0.35687424301937654,0.0,1500,idle,0.07886327880004482,0.024757046394836103,-0.19905149431311042,0.0
17.240000952999708,0.0,0.35687424301937654,-0.35687424301937654,0.0,1500,idle,0.07886327880004482,0.024757046394836103,-0.19905149431311042,0.0
17.260001102999922,0.0,0.35687424301937654,-0.35687424301937654,0.0,1500,idle,0.07886327880004482,0.024757046394836103,-0.19905149431311042,0.0
17.280001086000084,0.0,0.35687424301937654,-0.35687424301937654,0.0,1500,idle,0.07886327880004482,0.024757046394836103,-0.19905149431311042,0.0
17.300001013999918,0.0,0.35687424301937654,-0.35687424301937654,0.0,1500,idle,0.07886327880004482,0.024757046394836103,-0.19905149431311042,0.0
17.32000107099975,0.0,0.35687424301937654,-0.35687424301937654,0.0,1500,idle,0.07886327880004482,0.024757046394836103,-0.19905149431311042,0.0
17.340001183999902,0.0,0.35687424301937654,-0.35687424301937654,0.0,1500,idle,0.07886327880004482,0.024757046394836103,-0.19905149431311042,0.0
17.360001556000043,0.0,0.35687424301937654,-0.35687424301937654,0.0,1500,idle,0.07886327880004482,0.024757046394836103,-0.19905149431311042,0.0
17.380001429000004,0.0,0.35687424301937654,-0.35687424301937654,0.0,1500,idle,0.07886327880004482,0.024757046394836103,-0.19905149431311042,0.0
17.40000107900005,0.0,0.35687424301937654,-0.35687424301937654,0.0,1500,idle,0.07886327880004482,0.024757046394836103,-0.19905149431311042,0.0
17.420000746999904,0.0,0.35687424301937654,-0.35687424301937654,0.0,1500,idle,0.07886327880004482,0.024757046394836103,-0.19905149431311042,0.0
17.440001063999716,0.0,0.35687424301937654,-0.35687424301937654,0.0,1500,idle,0.07886327880004482,0.024757046394836103,-0.19905149431311042,0.0
17.460000991000015,0.0,0.35687424301937654,-0.35687424301937654,0.0,1500,idle,0.07886327880004482,0.024757046394836103,-0.19905149431311042,0.0
17.480000752999786,0.0,0.35687424301937654,-0.35687424301937654,0.0,1500,idle,0.07886327880004482,0.024757046394836103,-0.19905149431311042,0.0
17.500000735999947,0.0,0.35687424301937654,-0.35687424301937654,0.0,1500,idle,0.07886327880004482,0.024757046394836103,-0.19905149431311042,0.0
17.52000066399978,0.0,0.35687424301937654,-0.35687424301937654,0.0,1500,idle,0.07886327880004482,0.024757046394836103,-0.19905149431311042,0.0
17.540000887999668,0.0,0.35687424301937654,-0.35687424301937654,0.0,1500,idle,0.07886327880004482,0.024757046394836103,-0.19905149431311042,0.0
17.560000687999946,0.0,0.35687424301937654,-0.35687424301937654,0.0,1500,idle,0.07886327880004482,0.024757046394836103,-0.19905149431311042,0.0
17.580000987999938,0.0,0.35687424301937654,-0.35687424301937654,0.0,1500,idle,0.07886327880004482,0.024757046394836103,-0.19905149431311042,0.0
17.600001065000015,0.0,0.35687424301937654,-0.35687424301937654,0.0,1500,idle,0.07886327880004482,0.024757046394836103,-0.19905149431311042,0.0
17.620001124999817,0.0,0.3653431647391301,-0.3653431647391301,0.0,1500,idle,0.07886327880004482,0.024757046394836103,-0.19905149431311042,0.0
17.640000887000042,0.0,0.3653431647391301,-0.3653431647391301,0.0,1500,idle,0.07886327880004482,0.024757046394836103,-0.19905149431311042,0.0
17.660000760999992,0.0,0.3653431647391301,-0.3653431647391301,0.0,1500,idle,0.07886327880004482,0.024757046394836103,-0.19905149431311042,0.0
17.680001079999784,0.0,0.3653431647391301,-0.3653431647391301,0.0,1500,idle,0.07886327880004482,0.024757046394836103,-0.19905149431311042,0.0
17.700000730999818,0.0,0.3653431647391301,-0.3653431647391301,0.0,1500,idle,0.07886327880004482,0.024757046394836103,-0.19905149431311042,0.0
17.720000808999885,0.0,0.3653431647391301,-0.3653431647391301,0.0,1500,idle,0.07886327880004482,0.024757046394836103,-0.19905149431311042,0.0
17.740000961000078,0.0,0.3653431647391301,-0.3653431647391301,0.0,1500,idle,0.07886327880004482,0.024757046394836103,-0.19905149431311042,0.0
17.760000852999838,0.0,0.3653431647391301,-0.3653431647391301,0.0,1500,idle,0.07886327880004482,0.024757046394836103,-0.19905149431311042,0.0
17.780001059999904,0.0,0.3653431647391301,-0.3653431647391301,0.0,1500,idle,0.07886327880004482,0.024757046394836103,-0.19905149431311042,0.0
17.800000952999653,0.0,0.3653431647391301,-0.3653431647391301,0.0,1500,idle,0.07886327880004482,0.024757046394836103,-0.19905149431311042,0.0
17.820000789999995,0.0,0.3653431647391301,-0.3653431647391301,0.0,1500,idle,0.07886327880004482,0.024757046394836103,-0.19905149431311042,0.0
17.840000811999744,0.0,0.3653431647391301,-0.3653431647391301,0.0,1500,idle,0.07886327880004482,0.024757046394836103,-0.19905149431311042,0.0
17.86000087100001,0.0,0.368355907525995,-0.368355907525995,0.0,1500,idle,0.07886327880004482,0.024757046394836103,-0.19905149431311042,0.0
17.88000102299975,0.0,0.368355907525995,-0.368355907525995,0.0,1500,idle,0.07886327880004482,0.024757046394836103,-0.19905149431311042,0.0
17.900001044999954,0.0,0.368355907525995,-0.368355907525995,0.0,1500,idle,0.07886327880004482,0.024757046394836103,-0.19905149431311042,0.0
17.920001030000094,0.0,0.37039982909649893,-0.37039982909649893,0.0,1500,idle,0.07886327880004482,0.024757046394836103,-0.19905149431311042,0.0
17.940000847999727,0.0,0.37039982909649893,-0.37039982909649893,0.0,1500,idle,0.07886327880004482,0.024757046394836103,-0.19905149431311042,0.0
17.96000086999993,0.0,0.368355907525995,-0.368355907525995,0.0,1500,idle,0.07886327880004482,0.024757046394836103,-0.19905149431311042,0.0
17.98000089199968,0.0,0.368355907525995,-0.368355907525995,0.0,1500,idle,0.07886327880004482,0.024757046394836103,-0.19905149431311042,0.0
