wall,t,tgt,ref,angle,err,u,pwm,P,I,D,gz
1786719160.550365,1.3700000636163168e-06,0.0,0.0,-0.002326481677840775,0.002326481677840775,5.684667137190093e-05,1429.981809065161,5.684667137190093e-05,4.872571831877223e-07,0.0,0.0
1786719160.5624862,0.020000729999992473,0.0,0.0,-0.002326481677840775,0.002326481677840775,5.733392855508865e-05,1429.9816531428623,5.684667137190093e-05,9.745143663754446e-07,0.0,0.0
1786719160.5824583,0.040000332000090566,0.0,0.0,-0.002326481677840775,0.002326481677840775,5.782118573827637e-05,1429.9814972205638,5.684667137190093e-05,1.4617715495631667e-06,0.0,0.0
1786719160.6051836,0.06000032200017813,0.0,0.0,0.6979576332677766,-0.6979576332677766,-0.09791223546438017,1430.0,-0.017054322235929734,1.4617715495631667e-06,-0.080859375,0.08984375
1786719160.6226695,0.08000059000005422,0.0,0.0,0.6979576332677766,-0.6979576332677766,-0.13025598546438016,1430.0,-0.017054322235929734,1.4617715495631667e-06,-0.113203125,0.08984375
1786719160.645408,0.10000065400004132,0.0,0.0,0.9572170837735996,-0.9572170837735997,-0.14601276390391324,1430.0,-0.023389225675462783,1.4617715495631667e-06,-0.12262500000000001,0.0859375
1786719160.662503,0.12000044100000196,0.0,0.0,0.9572170837735996,-0.9572170837735997,-0.1497815139039132,1430.0,-0.023389225675462783,1.4617715495631667e-06,-0.12639374999999997,0.0859375
1786719160.6824732,0.14000035700018998,0.0,0.0,0.9572170837735996,-0.9572170837735997,-0.15128901390391322,1430.0,-0.023389225675462783,1.4617715495631667e-06,-0.12790125,0.0859375
1786719160.7051942,0.16000043899998673,0.0,0.0,1.2013578605839825,-1.2013578605839825,-0.15082624845511813,1430.0,-0.029354710226667705,1.4617715495631667e-06,-0.121473,0.078125
1786719160.722448,0.18000035600016417,0.0,0.0,1.2013578605839825,-1.2013578605839825,-0.14825494845511814,1430.0,-0.029354710226667705,1.4617715495631667e-06,-0.1189017,0.078125
1786719160.7451532,0.20000029000016184,0.0,0.0,1.4071223422491812,-1.4071223422491812,-0.13819170321932223,1430.0,-0.03438248499087181,1.4617715495631667e-06,-0.10381067999999999,0.0625
1786719160.7624538,0.22000029900004847,0.0,0.0,1.4071223422491812,-1.4071223422491812,-0.13215529521932223,1430.0,-0.03438248499087181,1.4617715495631667e-06,-0.097774272,0.0625
1786719160.7824411,0.24000038200006202,0.0,0.0,1.4071223422491812,-1.4071223422491812,-0.12974073201932224,1430.0,-0.03438248499087181,1.4617715495631667e-06,-0.0953597088,0.0625
1786719160.8051457,0.2600003720001496,0.0,0.0,1.575248098749654,-1.575248098749654,-0.12057830645099757,1430.0,-0.038490572202547126,1.4617715495631667e-06,-0.08208919602,0.048828125
1786719160.8224669,0.2800003620000098,0.0,0.0,1.575248098749654,-1.575248098749654,-0.11527010133899757,1430.0,-0.038490572202547126,1.4617715495631667e-06,-0.076780990908,0.048828125
1786719160.8445985,0.30000057400002333,0.0,0.0,1.7021641828073655,-1.7021641828073655,-0.10218546425096049,1430.0,-0.04159171715931005,1.4617715495631667e-06,-0.0605952088632,0.033203125
1786719160.862497,0.32000036099998397,0.0,0.0,1.7021641828073655,-1.7021641828073655,-0.09571115143304049,1430.0,-0.04159171715931005,1.4617715495631667e-06,-0.05412089604528,0.033203125
1786719160.8824697,0.340000370000098,0.0,0.0,1.7021641828073655,-1.7021641828073655,-0.0931214263058725,1430.0,-0.04159171715931005,1.4617715495631667e-06,-0.051531170918112004,0.033203125
1786719160.9051952,0.3600003230001221,0.0,0.0,1.7800723786512265,-1.7800723786512265,-0.08168450509947481,1430.0,-0.043495373503779564,1.4617715495631667e-06,-0.0381905933672448,0.01953125
1786719160.9225032,0.3800004050001462,0.0,0.0,1.7800723786512265,-1.7800723786512265,-0.07634827407912792,1430.0,-0.043495373503779564,1.4617715495631667e-06,-0.032854362346897925,0.01953125
1786719160.9451723,0.4000003220000963,0.0,0.0,1.8125082217809165,-1.8125082217809163,-0.06094383883257204,1430.0,-0.04428793066536243,1.4617715495631667e-06,-0.016657369938759173,0.00390625
1786719160.962462,0.42000025600009394,0.0,0.0,1.8125082217809165,-1.8125082217809163,-0.054465041869316534,1430.0,-0.04428793066536243,1.4617715495631667e-06,-0.01017857297550367,0.00390625
1786719160.9834826,0.4400002649999806,0.0,0.0,1.811945442299475,-1.811945442299475,-0.05185977178713498,1430.0,-0.044274179368483074,1.4617715495631667e-06,-0.0075870541902014685,0.00390625
1786719161.003428,0.4600002740000946,0.0,0.0,1.811945442299475,-1.811945442299475,-0.0367606642730141,1430.0,-0.044274179368483074,1.4617715495631667e-06,0.007512053323919411,-0.01171875
1786719161.0224376,0.48000032000004467,0.0,0.0,1.811945442299475,-1.811945442299475,-0.03072102126736575,1430.0,-0.044274179368483074,1.4617715495631667e-06,0.013551696329567762,-0.01171875
1786719161.0452337,0.5000003860000106,0.0,0.0,1.7688782783584998,-1.7688782783584998,-0.02022158473073374,1430.0,-0.04322185003411041,1.4617715495631667e-06,0.022998803531827105,-0.01953125
1786719161.0624914,0.5200004330001775,0.0,0.0,1.7688782783584998,-1.7688782783584998,-0.016442741849830002,1430.0,-0.04322185003411041,1.4617715495631667e-06,0.026777646412730845,-0.01953125
1786719161.0834842,0.5400004250000165,0.0,0.0,1.7066556532074344,-1.7066556532074344,-0.013410819148100057,1430.0,-0.041701464484741955,1.4617715495631667e-06,0.028289183565092337,-0.01953125
1786719161.1041312,0.560000453000157,0.0,0.0,1.7066556532074344,-1.7066556532074344,-0.00929057928715546,1430.0,-0.041701464484741955,1.4617715495631667e-06,0.032409423426036935,-0.0234375
1786719161.1225185,0.5800002780001705,0.0,0.0,1.7066556532074344,-1.7066556532074344,-0.007642483342777624,1430.0,-0.041701464484741955,1.4617715495631667e-06,0.03405751937041477,-0.0234375
1786719161.145196,0.6000003990000096,0.0,0.0,1.631337587520136,-1.631337587520136,-0.0016272524395590723,1430.0,-0.03986109695927454,1.4617715495631667e-06,0.038232382748165906,-0.02734375
1786719161.1624422,0.620000391000076,0.0,0.0,1.631337587520136,-1.631337587520136,4.2692911541387935e-05,1429.9863382683068,-0.03986109695927454,-0.00034020477381564723,0.03990232809926637,-0.02734375
1786719161.1834702,0.6400004010001794,0.0,0.0,1.553440066707111,-1.553440066707111,0.00227240001087569,1429.2728319965197,-0.03795770145501521,-0.0006655565005729204,0.04057030623970655,-0.02734375
1786719161.2041862,0.6600003180001295,0.0,0.0,1.553440066707111,-1.553440066707111,0.0022142395402944895,1429.2914433471058,-0.03795770145501521,-0.0009909082273301937,0.04083749749588262,-0.02734375
1786719161.2233672,0.6800003099999685,0.0,0.0,1.553440066707111,-1.553440066707111,0.0019957643160076408,1429.3613554188776,-0.03795770145501521,-0.001316259954087467,0.040944373998353045,-0.02734375
1786719161.2453651,0.7000006340001619,0.0,0.0,1.4719877283210963,-1.4719877283210963,0.0037034192738368762,1428.8149058323722,-0.03596744537141688,-0.001624552342985326,0.04098712459934122,-0.02734375
1786719161.2624788,0.7200003670000115,0.0,0.0,1.4719877283210963,-1.4719877283210963,0.0034122271253342815,1428.908087319893,-0.03596744537141688,-0.0019328447318831847,0.04100422483973649,-0.02734375
1786719161.2835023,0.7400003400000514,0.0,0.0,1.4719877283210963,-1.4719877283210963,0.0031107748325945386,1429.0045520535698,-0.03596744537141688,-0.002241137120781044,0.0410110649358946,-0.02734375
1786719161.3061464,0.7600009790000968,0.0,0.0,1.3935193657170544,-1.3935193657170544,0.004722562282684979,1428.4887800695408,-0.03405010157089182,-0.0025329951342458307,0.04101380097435784,-0.02734375
1786719161.3227813,0.7800006560000838,0.0,0.0,1.3935193657170544,-1.3935193657170544,0.004431798684605484,1428.5818244209263,-0.03405010157089182,-0.002824853147710618,0.041014895389743136,-0.02734375
1786719161.3464763,0.8000009439999758,0.0,0.0,1.3152382749184142,-1.3152382749184142,0.006053146324379283,1428.0629931761987,-0.032137333683807355,-0.003100316007857538,0.041015333155897254,-0.02734375
1786719161.362527,0.8200004720001743,0.0,0.0,1.3152382749184142,-1.3152382749184142,0.00577785857069401,1428.1510852573779,-0.032137333683807355,-0.003375778868004458,0.041015508262358905,-0.02734375
1786719161.3835456,0.8400003710000874,0.0,0.0,1.238082192446882,-1.238082192446882,0.007387744501027686,1427.6359217596712,-0.03025205493591142,-0.003635082196026556,0.04101557830494357,-0.02734375
1786719161.4067407,0.8600014740000006,0.0,0.0,1.238082192446882,-1.238082192446882,0.008886281690039445,1427.1563898591874,-0.03025205493591142,-0.003894385524048654,0.042773418821977424,-0.029296875
1786719161.4234233,0.8800012990000141,0.0,0.0,1.238082192446882,-1.238082192446882,0.009330114568830893,1427.0143633379741,-0.03025205493591142,-0.0041536888520707525,0.04347655502879097,-0.029296875
1786719161.4495552,0.9000013639999906,0.0,0.0,1.1666983387258085,-1.1666983387258085,0.0040650523158068455,1428.6991832589417,-0.028507818343638792,-0.004398041580730513,0.03672655951151639,-0.021484375
1786719161.4634194,0.9200011890000042,0.0,0.0,1.1666983387258085,-1.1666983387258085,0.0011207013802372462,1429.6413755583242,-0.028507818343638792,-0.004642394309390274,0.03402656130460655,-0.021484375
1786719161.485408,0.9400008659999912,0.0,0.0,1.1063111888407207,-1.1063111888407207,0.0012718857967597003,1429.5929965450368,-0.027032281915692652,-0.004874099582953354,0.032946562021842624,-0.021484375
1786719161.5059743,0.9600008760000946,0.0,0.0,1.1063111888407207,-1.1063111888407207,0.00236599331009104,1429.242882140771,-0.027032281915692652,-0.0051058048565164335,0.034272374808737044,-0.0234375
1786719161.5240543,0.9800009230000342,0.0,0.0,1.1063111888407207,-1.1063111888407207,0.00266461315128573,1429.1473237915886,-0.027032281915692652,-0.005337510130079514,0.034802699923494815,-0.0234375
1786719161.5494483,1.0000006920001852,0.0,0.0,1.046300335222469,-1.046300335222469,0.004111379699224937,1428.684358496248,-0.02556594014009347,-0.005556646759851743,0.03501482996939792,-0.0234375
1786719161.5627878,1.0200007949999872,0.0,0.0,1.046300335222469,-1.046300335222469,0.003977095087813954,1428.7273295718996,-0.02556594014009347,-0.005775783389623973,0.03509968198775917,-0.0234375
1786719161.5852365,1.0400010830001065,0.0,0.0,0.9861018667962753,-0.9861018667962752,0.005262825335559121,1428.315895892621,-0.02409501406992057,-0.005982312081651864,0.03513362279510367,-0.0234375
1786719161.6071193,1.0600010560001465,0.0,0.0,0.9861018667962753,-0.9861018667962752,0.0033120604664690287,1428.94014065073,-0.02409501406992057,-0.006188840773679755,0.033389386618041465,-0.021484375
1786719161.6241467,1.0800026950000756,0.0,0.0,0.9861018667962753,-0.9861018667962752,0.002407837303616253,1429.2294920628428,-0.02409501406992057,-0.006395369465707646,0.03269169214721658,-0.021484375
1786719161.6494045,1.100001409000015,0.0,0.0,0.9322435157529583,-0.9322435157529584,0.004996051100819542,1428.4012636477378,-0.022779006292359447,-0.006590618091070727,0.03417042685888663,-0.0234375
1786719161.663777,1.120000882000113,0.0,0.0,0.9322435157529583,-0.9322435157529584,0.005392296360124477,1428.2744651647602,-0.022779006292359447,-0.006785866716433808,0.03476192074355465,-0.0234375
1786719161.6854696,1.1400010030001795,0.0,0.0,0.8720468874050482,-0.8720468874050482,0.006904526397207143,1427.7905515528937,-0.021308125183780904,-0.006968507789437645,0.03499851829742186,-0.0234375
1786719161.7072241,1.160001364999971,0.0,0.0,0.8720468874050482,-0.8720468874050482,0.0050587118457501926,1428.38121220936,-0.021308125183780904,-0.0071511488624414815,0.03333534481896874,-0.021484375
1786719161.7238324,1.1800008570000955,0.0,0.0,0.8720468874050482,-0.8720468874050482,0.004210801381365106,1428.652543557963,-0.021308125183780904,-0.007333789935445318,0.03267007542758749,-0.021484375
1786719161.7493513,1.2000009590001355,0.0,0.0,0.8168520783448798,-0.8168520783448799,0.003352903659162125,1428.927070829068,-0.019959461576427556,-0.00750487103467184,0.030646155171035,-0.01953125
1786719161.763752,1.2200010799999745,0.0,0.0,0.8168520783448798,-0.8168520783448799,0.0023722544573146036,1429.2408785736593,-0.019959461576427556,-0.007675952133898363,0.029836587068413998,-0.01953125
1786719161.7853134,1.240000794000025,0.0,0.0,0.7589040920025809,-0.7589040920025809,0.0032932825362430307,1428.9461495884022,-0.018543525157224204,-0.007834896635245999,0.0295127598273656,-0.01953125
1786719161.8071787,1.2600007860000915,0.0,0.0,0.7589040920025809,-0.7589040920025809,0.0030048071384760344,1429.0384617156876,-0.018543525157224204,-0.007993841136593636,0.029383228930946238,-0.01953125
1786719161.8237712,1.280001036000158,0.0,0.0,0.7589040920025809,-0.7589040920025809,0.00279405027856066,1429.1059039108607,-0.018543525157224204,-0.008152785637941272,0.029331416572378498,-0.01953125
1786719161.8491802,1.3000013430000763,0.0,0.0,0.7027956820339227,-0.7027956820339227,0.005743180422602575,1428.1621822647671,-0.01717253806840755,-0.008299978821384765,0.0310685041289514,-0.021484375
1786719161.8637388,1.3200011490000634,0.0,0.0,0.7027956820339227,-0.7027956820339227,0.006290822261788238,1427.9869368762277,-0.01717253806840755,-0.008447172004828259,0.031763339151580555,-0.021484375
1786719161.8859258,1.3400007330001245,0.0,0.0,0.6454146029763024,-0.6454146029763024,0.007823647348460104,1427.4964328484928,-0.015770453807343855,-0.00858234732317692,0.03204127316063222,-0.021484375
1786719161.9065125,1.3600006880001274,0.0,0.0,0.6454146029763024,-0.6454146029763024,0.006041833133732112,1428.0666133972056,-0.015770453807343855,-0.008717522641525581,0.030394634264252887,-0.01953125
1786719161.9237573,1.3800011980001727,0.0,0.0,0.6454146029763024,-0.6454146029763024,0.005248002256831721,1428.3206392778138,-0.015770453807343855,-0.008852697959874242,0.029735978705701157,-0.01953125
1786719161.9490623,1.4000010780000594,0.0,0.0,0.5928324253069661,-0.5928324253069661,0.004376377194540336,1428.5995592977472,-0.014485628827865879,-0.008976860492684521,0.02771470398228046,-0.017578125
1786719161.9637852,1.4200010510000993,0.0,0.0,0.5928324253069661,-0.5928324253069661,0.0034437047723617775,1428.8980144728444,-0.014485628827865879,-0.009101023025494799,0.02690619409291218,-0.017578125
1786719161.986654,1.4400006540001868,0.0,0.0,0.5419833199342179,-0.5419833199342179,0.004238616318431386,1428.643642778102,-0.013243150793238685,-0.009214535746579702,0.02658279013716487,-0.017578125
1786719162.0070267,1.4600010340000154,0.0,0.0,0.5419833199342179,-0.5419833199342179,0.0022379295150475598,1429.283862555185,-0.013243150793238685,-0.009328048467664605,0.02469561605486595,-0.015625
1786719162.0237672,1.4800007490000553,0.0,0.0,0.5419833199342179,-0.5419833199342179,0.0013695471610430873,1429.5617449084662,-0.013243150793238685,-0.009441561188749507,0.02394074642194638,-0.015625
1786719162.0491781,1.500001149000127,0.0,0.0,0.5030122755746902,-0.5030122755746902,0.0019063288386106936,1429.3899747716446,-0.012290908541418353,-0.009546911833390235,0.023638798568778555,-0.015625
1786719162.062911,1.5200011420001829,0.0,0.0,0.5030122755746902,-0.5030122755746902,0.0016801990527028354,1429.462336303135,-0.012290908541418353,-0.009652262478030964,0.023518019427511423,-0.015625
1786719162.0872822,1.5400010980001753,0.0,0.0,0.46422950924022643,-0.4642295092402265,0.002474178503350459,1429.2082628789278,-0.011343266789623148,-0.009749490479084875,0.023469707771004572,-0.015625
1786719162.1070023,1.5600007200000618,0.0,0.0,0.46422950924022643,-0.4642295092402265,-0.0011579991603061987,1430.0,-0.011343266789623148,-0.009749490479084875,0.019934758108401826,-0.01171875
1786719162.123782,1.5800008610001441,0.0,0.0,0.46422950924022643,-0.4642295092402265,-0.0025719790253472957,1430.0,-0.011343266789623148,-0.009749490479084875,0.01852077824336073,-0.01171875
1786719162.1490808,1.600000872999999,0.0,0.0,0.42864091194132925,-0.42864091194132925,-0.004025789992718763,1430.0,-0.010473673310978183,-0.009749490479084875,0.016197373797344296,-0.009765625
1786719162.1637235,1.6200011800001448,0.0,0.0,0.42864091194132925,-0.42864091194132925,-0.00495515177112534,1430.0,-0.010473673310978183,-0.009749490479084875,0.015268012018937719,-0.009765625
1786719162.1872134,1.6400010429999838,0.0,0.0,0.3971355897649289,-0.3971355897649289,-0.004557076237056293,1430.0,-0.009703853065546504,-0.009749490479084875,0.014896267307575086,-0.009765625
1786719162.2070055,1.6600010550000661,0.0,0.0,0.3971355897649289,-0.3971355897649289,-0.006463586621601344,1430.0,-0.009703853065546504,-0.009749490479084875,0.012989756923030036,-0.0078125
1786719162.2239456,1.6800006959999791,0.0,0.0,0.3971355897649289,-0.3971355897649289,-0.0072261907754193645,1430.0,-0.009703853065546504,-0.009749490479084875,0.012227152769212015,-0.0078125
1786719162.249256,1.7000009660000615,0.0,0.0,0.37215781776137646,-0.37215781776137646,-0.01043653533116234,1430.0,-0.009093530959762272,-0.009749490479084875,0.008406486107684807,-0.00390625
1786719162.263798,1.7200008480001543,0.0,0.0,0.37215781776137646,-0.37215781776137646,-0.011964801995773225,1430.0,-0.009093530959762272,-0.009749490479084875,0.006878219443073923,-0.00390625
1786719162.287355,1.7400010450000991,0.0,0.0,0.3542685174586211,-0.3542685174586211,-0.012138990593992042,1430.0,-0.008656412892136733,-0.009749490479084875,0.006266912777229568,-0.00390625
1786719162.307004,1.7600010740000016,0.0,0.0,0.3542685174586211,-0.3542685174586211,-0.012383513260329784,1430.0,-0.008656412892136733,-0.009749490479084875,0.006022390110891827,-0.00390625
1786719162.323736,1.780000751999978,0.0,0.0,0.3542685174586211,-0.3542685174586211,-0.01248132232686488,1430.0,-0.008656412892136733,-0.009749490479084875,0.00592458104435673,-0.00390625
1786719162.3485968,1.800000855999997,0.0,0.0,0.34435055599408315,-0.34435055599408315,-0.015793729437779968,1430.0,-0.008414071376437784,-0.009749490479084875,0.0023698324177426925,0.0
1786719162.3640852,1.8200017010001375,0.0,0.0,0.34435055599408315,-0.34435055599408315,-0.017215628888425583,1430.0,-0.008414071376437784,-0.009749490479084875,0.000947932967097077,0.0
1786719162.3872786,1.8400013420000505,0.0,0.0,0.340460422691649,-0.340460422691649,-0.01768933478042729,1430.0,-0.008319017488181245,-0.009749490479084875,0.00037917318683883077,0.0
1786719162.4064088,1.8600009460001274,0.0,0.0,0.340460422691649,-0.340460422691649,-0.019674651192530587,1430.0,-0.008319017488181245,-0.009749490479084875,-0.0016061432252644676,0.001953125
1786719162.4238083,1.8800009020001198,0.0,0.0,0.340460422691649,-0.340460422691649,-0.020468777757371905,1430.0,-0.008319017488181245,-0.009749490479084875,-0.0024002697901057872,0.001953125
1786719162.4491742,1.9000007470001492,0.0,0.0,0.34346820405531275,-0.34346820405531275,-0.019102109846474917,1430.0,-0.008392511451347725,-0.009749490479084875,-0.0009601079160423149,0.0
1786719162.463734,1.920001091000131,0.0,0.0,0.34346820405531275,-0.34346820405531275,-0.018526045096849526,1430.0,-0.008392511451347725,-0.009749490479084875,-0.000384043166416926,0.0
1786719162.4870453,1.9400009360001604,0.0,0.0,0.3475491304683942,-0.3475491304683942,-0.018395335040415194,1430.0,-0.008492227294763548,-0.009749490479084875,-0.0001536172665667704,0.0
1786719162.5070026,1.960000707000063,0.0,0.0,0.3475491304683942,-0.3475491304683942,-0.020060977180475132,1430.0,-0.008492227294763548,-0.009749490479084875,-0.0018192594066267082,0.001953125
1786719162.5237305,1.9800007359999654,0.0,0.0,0.3475491304683942,-0.3475491304683942,-0.020727234036499106,1430.0,-0.008492227294763548,-0.009749490479084875,-0.0024855162626506834,0.001953125
1786719162.5484834,2.000000692000185,0.0,0.0,0.3475491304683942,-0.3475491304683942,-0.0174781117789087,1430.0,-0.008492227294763548,-0.009749490479084875,0.0007636059949397265,-0.001953125
1786719162.5633698,2.0200013700000454,0.0,0.0,0.3475491304683942,-0.3475491304683942,-0.016178462875872532,1430.0,-0.008492227294763548,-0.009749490479084875,0.0020632548979758907,-0.001953125
1786719162.587044,2.040001215000075,0.0,0.0,0.34346820405531275,-0.34346820405531275,-0.015558887471242244,1430.0,-0.008392511451347725,-0.009749490479084875,0.002583114459190356,-0.001953125
1786719162.6070492,2.060001078000141,0.0,0.0,0.34346820405531275,-0.34346820405531275,-0.015350943646756458,1430.0,-0.008392511451347725,-0.009749490479084875,0.0027910582836761424,-0.001953125
1786719162.623974,2.0800013120001495,0.0,0.0,0.34346820405531275,-0.34346820405531275,-0.015267766116962143,1430.0,-0.008392511451347725,-0.009749490479084875,0.002874235813470457,-0.001953125
1786719162.6486185,2.100001286000179,0.0,0.0,0.34346820405531275,-0.34346820405531275,-0.015234495105044418,1430.0,-0.008392511451347725,-0.009749490479084875,0.002907506825388183,-0.001953125
1786719162.6637666,2.1200009640001554,0.0,0.0,0.34346820405531275,-0.34346820405531275,-0.015221186700277327,1430.0,-0.008392511451347725,-0.009749490479084875,0.002920815230155273,-0.001953125
1786719162.6870904,2.1400011240000367,0.0,0.0,0.34346820405531275,-0.34346820405531275,-0.015215863338370491,1430.0,-0.008392511451347725,-0.009749490479084875,0.0029261385920621094,-0.001953125
1786719162.707065,2.160000690000061,0.0,0.0,0.34346820405531275,-0.34346820405531275,-0.016971546493607756,1430.0,-0.008392511451347725,-0.009749490479084875,0.0011704554368248438,0.0
1786719162.723751,2.1800012759999845,0.0,0.0,0.34346820405531275,-0.34346820405531275,-0.017673819755702664,1430.0,-0.008392511451347725,-0.009749490479084875,0.00046818217472993753,0.0
1786719162.748391,2.2000008980000985,0.0,0.0,0.34346820405531275,-0.34346820405531275,-0.019712541560540624,1430.0,-0.008392511451347725,-0.009749490479084875,-0.001570539630108025,0.001953125
1786719162.7637215,2.2200011130000803,0.0,0.0,0.34346820405531275,-0.34346820405531275,-0.02052803028247581,1430.0,-0.008392511451347725,-0.009749490479084875,-0.00238602835204321,0.001953125
1786719162.7870574,2.240000903000009,0.0,0.0,0.3402696295810017,-0.3402696295810017,-0.02077606985292412,1430.0,-0.00831435553302196,-0.009749490479084875,-0.002712223840817284,0.001953125
1786719162.8070192,2.260001025000065,0.0,0.0,0.3402696295810017,-0.3402696295810017,-0.02090654804843375,1430.0,-0.00831435553302196,-0.009749490479084875,-0.0028427020363269136,0.001953125
1786719162.8237147,2.2800007770001685,0.0,0.0,0.3402696295810017,-0.3402696295810017,-0.020958739326637603,1430.0,-0.00831435553302196,-0.009749490479084875,-0.0028948933145307655,0.001953125
1786719162.8478224,2.3000011030001133,0.0,0.0,0.3367486854471906,-0.3367486854471906,-0.019135770442839848,1430.0,-0.008228322637942665,-0.009749490479084875,-0.0011579573258123062,0.0
1786719162.8637314,2.320001189000095,0.0,0.0,0.3367486854471906,-0.3367486854471906,-0.018440996047352463,1430.0,-0.008228322637942665,-0.009749490479084875,-0.0004631829303249225,0.0
1786719162.8870726,2.340000848000045,0.0,0.0,0.33355011097287957,-0.33355011097287957,-0.018084930370831746,1430.0,-0.008150166719616901,-0.009749490479084875,-0.000185273172129969,0.0
1786719162.9064574,2.3600011930000164,0.0,0.0,0.33355011097287957,-0.33355011097287957,-0.016215953967553765,1430.0,-0.008150166719616901,-0.009749490479084875,0.0016837032311480121,-0.001953125
1786719162.923749,2.3800009260000934,0.0,0.0,0.33355011097287957,-0.33355011097287957,-0.015468363406242571,1430.0,-0.008150166719616901,-0.009749490479084875,0.0024312937924592048,-0.001953125
1786719162.9484105,2.4000010859999747,0.0,0.0,0.32946976724502974,-0.3294697672450298,-0.015069625575988385,1430.0,-0.008050465113887191,-0.009749490479084875,0.0027303300169836823,-0.001953125
1786719162.96373,2.4200009680000676,0.0,0.0,0.32946976724502974,-0.3294697672450298,-0.014950011086178595,1430.0,-0.008050465113887191,-0.009749490479084875,0.0028499445067934727,-0.001953125
1786719162.987038,2.4400009610001234,0.0,0.0,0.3255796339425956,-0.3255796339425956,-0.014807111401998137,1430.0,-0.007955411225630652,-0.009749490479084875,0.0028977903027173893,-0.001953125
1786719163.0070326,2.4600010270000894,0.0,0.0,0.3255796339425956,-0.3255796339425956,-0.02006141058362857,1430.0,-0.007955411225630652,-0.009749490479084875,-0.002356508878913044,0.00390625
1786719163.0237212,2.480000873000108,0.0,0.0,0.3255796339425956,-0.3255796339425956,-0.022163130256280743,1430.0,-0.007955411225630652,-0.009749490479084875,-0.004458228551565217,0.00390625
1786719163.048453,2.5000008490001164,0.0,0.0,0.3296599776704454,-0.3296599776704454,-0.019587894731071323,1430.0,-0.008055112831360362,-0.009749490479084875,-0.0017832914206260871,0.0
1786719163.0640059,2.520001805999982,0.0,0.0,0.3296599776704454,-0.3296599776704454,-0.018517919878695673,1430.0,-0.008055112831360362,-0.009749490479084875,-0.0007133165682504349,0.0
1786719163.0872269,2.54000094800017,0.0,0.0,0.32946976724502974,-0.3294697672450298,-0.01808528222027224,1430.0,-0.008050465113887191,-0.009749490479084875,-0.00028532662730017396,0.0
1786719163.1070502,2.5600008500000513,0.0,0.0,0.32946976724502974,-0.3294697672450298,-0.021429711243892136,1430.0,-0.008050465113887191,-0.009749490479084875,-0.0036297556509200697,0.00390625
1786719163.123863,2.580001270000139,0.0,0.0,0.32946976724502974,-0.3294697672450298,-0.022767482853340095,1430.0,-0.008050465113887191,-0.009749490479084875,-0.004967527260368029,0.00390625
1786719163.1481423,2.600000949000105,0.0,0.0,0.3361890790239386,-0.33618907902393863,-0.02170896275673327,1430.0,-0.008214648873501186,-0.009749490479084875,-0.0037448234041472118,0.001953125
1786719163.163753,2.6200009809999756,0.0,0.0,0.3361890790239386,-0.33618907902393863,-0.021219881214244944,1430.0,-0.008214648873501186,-0.009749490479084875,-0.0032557418616588844,0.001953125
1786719163.1864636,2.640000789000169,0.0,0.0,0.33355011097287957,-0.33355011097287957,-0.020959766443365332,1430.0,-0.008150166719616901,-0.009749490479084875,-0.003060109244663554,0.001953125
1786719163.2063787,2.6600009320000026,0.0,0.0,0.33355011097287957,-0.33355011097287957,-0.020881513396567197,1430.0,-0.008150166719616901,-0.009749490479084875,-0.0029818561978654213,0.001953125
1786719163.2237327,2.680001111000138,0.0,0.0,0.33355011097287957,-0.33355011097287957,-0.020850212177847945,1430.0,-0.008150166719616901,-0.009749490479084875,-0.002950554979146169,0.001953125
1786719163.2482471,2.700001401999998,0.0,0.0,0.3365588237955137,-0.3365588237955137,-0.020911208413362956,1430.0,-0.008223683442619614,-0.009749490479084875,-0.0029380344916584674,0.001953125
1786719163.2637842,2.7200009140001384,0.0,0.0,0.3365588237955137,-0.3365588237955137,-0.020906200218367876,1430.0,-0.008223683442619614,-0.009749490479084875,-0.002933026296663387,0.001953125
1786719163.286449,2.7400006679999933,0.0,0.0,0.3326683417193408,-0.3326683417193408,-0.020809134529963188,1430.0,-0.008128621032212955,-0.009749490479084875,-0.0029310230186653545,0.001953125
1786719163.3064659,2.7600007360001655,0.0,0.0,0.3326683417193408,-0.3326683417193408,-0.019050520718763973,1430.0,-0.008128621032212955,-0.009749490479084875,-0.001172409207466142,0.0
1786719163.3237174,2.7800010630000997,0.0,0.0,0.3326683417193408,-0.3326683417193408,-0.01834707519428429,1430.0,-0.008128621032212955,-0.009749490479084875,-0.0004689636829864568,0.0
1786719163.3475401,2.800000964999981,0.0,0.0,0.3326683417193408,-0.3326683417193408,-0.016307884484492417,1430.0,-0.008128621032212955,-0.009749490479084875,0.0015702270268054173,-0.001953125
1786719163.3637187,2.820001089000016,0.0,0.0,0.3326683417193408,-0.3326683417193408,-0.015492208200575666,1430.0,-0.008128621032212955,-0.009749490479084875,0.0023859033107221667,-0.001953125
1786719163.386463,2.8400010459999976,0.0,0.0,0.3326683417193408,-0.3326683417193408,-0.015165937687008966,1430.0,-0.008128621032212955,-0.009749490479084875,0.0027121738242888663,-0.001953125
1786719163.406461,2.8600011140001698,0.0,0.0,0.3326683417193408,-0.3326683417193408,-0.016793241981582285,1430.0,-0.008128621032212955,-0.009749490479084875,0.0010848695297155466,0.0
1786719163.423726,2.8800009789999876,0.0,0.0,0.3326683417193408,-0.3326683417193408,-0.017444163699411614,1430.0,-0.008128621032212955,-0.009749490479084875,0.0004339478118862187,0.0
1786719163.448112,2.900000880000107,0.0,0.0,0.3367486854471906,-0.3367486854471906,-0.019562046492273055,1430.0,-0.008228322637942665,-0.009749490479084875,-0.0015842333752455126,0.001953125
1786719163.4637625,2.9200009109999883,0.0,0.0,0.3367486854471906,-0.3367486854471906,-0.02036931896712575,1430.0,-0.008228322637942665,-0.009749490479084875,-0.002391505850098205,0.001953125
1786719163.4864433,2.940001202000076,0.0,0.0,0.3261387809955636,-0.3261387809955636,-0.02043297908466277,1430.0,-0.007969073765538612,-0.009749490479084875,-0.002714414840039282,0.001953125
1786719163.5063984,2.9600008439999783,0.0,0.0,0.3261387809955636,-0.3261387809955636,-0.017046517680639202,1430.0,-0.007969073765538612,-0.009749490479084875,0.0006720465639842872,-0.001953125
1786719163.5237179,2.980001135000066,0.0,0.0,0.3261387809955636,-0.3261387809955636,-0.015691933119029774,1430.0,-0.007969073765538612,-0.009749490479084875,0.0020266311255937148,-0.001953125
1786719163.5481248,3.0000008510000953,60.0,0.7000000000000001,0.3229401209712819,0.3770598790287182,0.00921331091271171,1427.0517405079322,0.00921331091271171,7.897123639467182e-05,0.0,0.0
1786719163.5637417,3.020000993000167,60.0,1.4000000000000001,0.3229401209712819,1.0770598790287182,0.026396508818650813,1421.5531171780317,0.02631753758225614,0.0003045501299568673,0.0,0.0
1786719163.586412,3.0400010620001012,60.0,2.1,0.31905042202419054,1.7809495779758096,0.043821357656710774,1415.9771655498525,0.04351680752675391,0.0006775513373290436,0.0,0.0
1786719163.606361,3.060000833999993,60.0,2.8000000000000003,0.31905042202419054,2.4809495779758097,0.06129858553362739,1410.3844526292391,0.06062103419629834,0.0011971602018687438,0.0,0.0
1786719163.6240082,3.080008735000092,60.0,3.5000000000000004,0.31905042202419054,3.18094957797581,0.07892242106771152,1404.7448252583324,0.07772526086584278,0.0018633767235759677,0.0,0.0
1786719163.6483047,3.100001581000015,60.0,4.2,0.31905042202419054,3.8809495779758096,0.09669286425896316,1399.0582834371319,0.0948294875353872,0.0026762009024507154,0.0,0.0
1786719163.6637647,3.1200008900000284,60.0,4.9,0.31905042202419054,4.58094957797581,0.11460991510738235,1393.3248271656375,0.11193371420493163,0.003635632738492986,0.0,0.0
1786719163.6864588,3.1400008660000367,60.0,5.6000000000000005,0.3193714846880482,5.280628515311952,0.1326657285721437,1387.546966856914,0.12903009583365072,0.004741604988495706,0.0,0.0
1786719163.7064703,3.160000971000045,60.0,6.300000000000001,0.3193714846880482,5.9806285153119525,0.14384467749169086,1383.9697032026588,0.14613432250319514,0.00599418489566595,-0.007031249999999999,0.0078125
1786719163.7237368,3.1800006690000373,60.0,7.000000000000001,0.3193714846880482,6.680628515311953,0.1593889840684055,1378.9955250981102,0.16323854917273956,0.007393372460003718,-0.00984375,0.0078125
1786719163.7472444,3.2000007560000086,60.0,7.700000000000001,0.3393876534982496,7.360612346501751,0.1727626860331655,1374.715940469387,0.17985368857316178,0.008934975504916533,-0.014484375,0.01171875
1786719163.7637372,3.2200008240001807,60.0,8.4,0.3393876534982496,8.06061234650175,0.18955226574762274,1369.3432749607607,0.1969579152427062,0.010623186206996873,-0.016340624999999998,0.01171875
1786719163.7857666,3.240001076999988,60.0,9.1,0.3723365983976521,8.727663401602348,0.20679710851627361,1363.8249252747923,0.21325704730927675,0.012451103755362103,-0.017083124999999998,0.01171875
1786719163.8057125,3.26000090499997,60.0,9.799999999999999,0.3723365983976521,9.427663401602349,0.21664319023418327,1360.6741791250613,0.23036127397882117,0.014425628960894854,-0.0261691875,0.021484375
1786719163.8237023,3.2800008250001156,60.0,10.499999999999998,0.3723365983976521,10.127663401602346,0.23208751710926037,1355.7319945250367,0.24746550064836553,0.016546761823595133,-0.0298036125,0.021484375
1786719163.8471768,3.300000819000161,60.0,11.199999999999998,0.4467101437934389,10.753289856206559,0.23046369310055204,1356.2516182078234,0.26275243877695686,0.018798925584540476,-0.0488355075,0.041015625
1786719163.8637497,3.3200010540001585,60.0,11.899999999999997,0.4467101437934389,11.453289856206558,0.24220732553104177,1352.4936558300667,0.2798566654465013,0.021197697002653344,-0.056448265500000004,0.041015625
1786719163.8858347,3.3400008440000875,60.0,12.599999999999996,0.572511338521366,12.02748866147863,0.25559131734737617,1348.2107784488396,0.2938869890447228,0.0237167283373224,-0.05949336870000001,0.041015625
1786719163.9057379,3.360001172000011,60.0,13.299999999999995,0.572511338521366,12.72748866147863,0.2546605965715897,1348.5086090970913,0.31099121571426724,0.026382367329158978,-0.08004734748,0.0625
1786719163.923705,3.3800008880000405,60.0,13.999999999999995,0.572511338521366,13.427488661478629,0.26620887072097066,1344.8131613692894,0.32809544238381166,0.029194613978163076,-0.088268938992,0.0625
1786719163.9470541,3.4000009750000117,60.0,14.699999999999994,0.7672992991887781,13.932700700811216,0.25346776467507104,1348.8903153039773,0.34044010129370794,0.032112671989252,-0.1161669505968,0.08984375
1786719163.9637191,3.42000108000002,60.0,15.399999999999993,0.7672992991887781,14.632700700811215,0.2623308447137844,1346.054129691589,0.35754432796325236,0.03517733765750845,-0.12732615523871998,0.08984375
1786719163.9857824,3.4400010930000917,60.0,16.099999999999994,1.0586001836625485,15.041399816337446,0.2709182318275628,1343.3061658151798,0.3675307312655423,0.038327601068355956,-0.13178983709548797,0.08984375
1786719164.0057616,3.4600011060001634,60.0,16.799999999999994,1.0586001836625485,15.741399816337443,0.25423099916524744,1348.6460802671209,0.3846349579350867,0.04162447213637099,-0.1687315598381952,0.12890625
1786719164.0237186,3.4800008600000183,60.0,17.499999999999993,1.0586001836625485,16.441399816337444,0.259855407805724,1346.8462695021683,0.40173918460463115,0.04506795086155354,-0.1835082489352781,0.12890625
1786719164.0474906,3.500001115000032,60.0,18.199999999999992,1.4665865077418516,16.73341349225814,0.22233595104000833,1358.8524956671972,0.4088744247525661,0.0485725887880041,-0.23160642457411126,0.17578125
1786719164.0637317,3.520001129000093,60.0,18.89999999999999,1.4665865077418516,17.43341349225814,0.22370554538047005,1358.4142254782496,0.4259786514221105,0.05222383437162219,-0.2508456948296445,0.17578125
1786719164.0858278,3.5400008100000377,60.0,19.59999999999999,2.0100553600769615,17.58994463992303,0.2234858603340238,1358.4845246931125,0.4298034288942594,0.05590786376214441,-0.2585414029318578,0.17578125
1786719164.105813,3.5600009900001623,60.0,20.29999999999999,2.0100553600769615,18.289944639923032,0.20252395815320512,1365.1923333909745,0.4469076555638038,0.05973850080983415,-0.30029156117274314,0.21875
1786719164.1232076,3.580001189000086,60.0,20.99999999999999,2.0100553600769615,18.989944639923028,0.20675875857408504,1363.8371972562927,0.46401188223334816,0.06371574551469142,-0.3169916244690973,0.21875
1786719164.147486,3.6000008329999673,60.0,21.69999999999999,2.663901680613776,19.036098319386213,0.17178528759636036,1375.0287079691648,0.46513962936930786,0.06770265662357121,-0.3570700872876389,0.255859375
1786719164.1637282,3.620000717000039,60.0,22.399999999999988,2.663901680613776,19.736098319386212,0.17684504024736802,1373.4095871208422,0.48224385603885234,0.07183617538961852,-0.37310147241505554,0.255859375
1786719164.186127,3.6400011390001055,60.0,23.099999999999987,3.421661391089714,19.678338608910273,0.17315466899052334,1374.5905059230327,0.480832520066927,0.07595759699019217,-0.37951402646602217,0.255859375
1786719164.2057571,3.660001023000177,60.0,23.799999999999986,3.421661391089714,20.378338608910273,0.16193248314025477,1378.1816053951184,0.4979367467364714,0.08022562624793335,-0.4119618605864088,0.2890625
1786719164.2237313,3.6800008700001854,60.0,24.499999999999986,3.421661391089714,21.078338608910272,0.17032560541938568,1375.4958062657965,0.5150409734060158,0.08464026316284205,-0.42494099423456355,0.2890625
1786719164.2476628,3.7000011249999716,60.0,25.199999999999985,4.259936039971365,20.94006396002862,0.14683396432199902,1383.0131314169603,0.5116622863529824,0.08902593990301047,-0.4494685851938254,0.310546875
1786719164.2637563,3.720001065000133,60.0,25.899999999999984,4.259936039971365,21.64006396002862,0.1585128313480071,1379.2758939686378,0.5287665130225268,0.09355822430034642,-0.4592796215775301,0.310546875
1786719164.285804,3.7400008940001044,60.0,26.599999999999984,5.159382552225651,21.440617447774333,0.15424730354322203,1380.6408628661688,0.5238931153738876,0.09804873671783688,-0.463204036131012,0.310546875
1786719164.3057544,3.7600011300000915,60.0,27.299999999999983,5.159382552225651,22.140617447774332,0.15669415180886415,1379.8578714211635,0.5409973420434321,0.10268585679249487,-0.4823519269524048,0.330078125
1786719164.3237302,3.7800007370001367,60.0,27.999999999999982,5.159382552225651,22.84061744777433,0.17077634222450944,1375.351570488157,0.5581015687129764,0.10746958452432037,-0.4900110832809619,0.330078125
1786719164.3478162,3.8000011210001503,60.0,28.69999999999998,6.097106056178546,22.602893943821435,0.16668772643021407,1376.6599275423314,0.5522928877182783,0.11220352356190562,-0.4930747458123847,0.330078125
1786719164.363744,3.8200007830000686,60.0,29.39999999999998,6.097106056178546,23.302893943821434,0.18730042712477452,1370.0638633200722,0.5693971143878227,0.11708407025665837,-0.49430021082495385,0.330078125
1786719164.3857877,3.840000945000156,60.0,30.09999999999998,7.06128190037515,23.03871809962483,0.18523575421484684,1370.724558651249,0.56294208078817,0.12190928809198555,-0.4947903968299815,0.330078125
1786719164.4057224,3.860001033000117,60.0,30.79999999999998,7.06128190037515,23.73871809962483,0.18763318681770724,1369.9573802183336,0.5800463074577143,0.12688111358448023,-0.5143224087319926,0.3515625
1786719164.42373,3.8800007880001885,60.0,31.49999999999998,7.06128190037515,24.43871809962483,0.20189643421894188,1365.3931410499385,0.5971505341272588,0.13199954673414246,-0.5221352134927971,0.3515625
1786719164.4475229,3.9000010429999747,60.0,32.19999999999998,8.068600477893398,24.131399522106584,0.19989616102194807,1366.0332284729766,0.5896413246849245,0.13705361523144183,-0.5217447103971189,0.34765625
1786719164.4637437,3.9200009090000094,60.0,32.899999999999984,8.068600477893398,24.831399522106587,0.22221065742706314,1358.8925896233397,0.606745551354469,0.1422542913859087,-0.5215885091588476,0.34765625
1786719164.485839,3.9400007190001816,60.0,33.59999999999999,9.081063151723441,24.518936848276546,0.21983891064975158,1359.6515485920795,0.5991106479273819,0.14738952551100054,-0.521526028663539,0.34765625
1786719164.5057552,3.9600007520000418,60.0,34.29999999999999,9.081063151723441,25.21893684827655,0.22100961364251126,1359.2769236343963,0.6162148745969264,0.15267136729325992,-0.5425947864654157,0.37109375
1786719164.5237172,3.980000988000029,60.0,34.99999999999999,9.081063151723441,25.91893684827655,0.23496817897356448,1354.8101827284595,0.6333191012664708,0.1580998167326868,-0.5510222895861663,0.37109375
1786719164.5476105,4.00000100200009,60.0,35.699999999999996,10.132486710564763,25.567513289435233,0.21964966722549129,1359.712106487843,0.624732203827271,0.16345466419406343,-0.5631823533344665,0.380859375
1786719164.5637796,4.020000831000061,60.0,36.4,10.132486710564763,26.267513289435236,0.23724471585709228,1354.0816909257305,0.6418364304968155,0.16895611931260754,-0.5680463788337866,0.380859375
1786719164.5839782,4.040001104000112,60.0,37.1,11.234564222369158,25.865435777630843,0.23097595377501012,1356.0876947919967,0.6320118234959172,0.17437336351400112,-0.5699919890335147,0.380859375
1786719164.605747,4.0600009700001465,60.0,37.800000000000004,11.234564222369158,26.565435777630846,0.23514105556605702,1354.7548622188617,0.6491160501654618,0.17993721537256221,-0.5883483581134059,0.400390625
1786719164.62339,4.080007595000097,60.0,38.50000000000001,11.234564222369158,27.26543577763085,0.2504665864622062,1349.850692332094,0.6662202768350063,0.18564767488829087,-0.5956909057453623,0.400390625
1786719164.6476378,4.100001109000004,60.0,39.20000000000001,12.389246952475105,26.810753047524905,0.22630971945592449,1357.5808897741042,0.6551102818657787,0.19126290587571185,-0.614448237298145,0.41796875
1786719164.6637459,4.120000752000124,60.0,39.90000000000001,12.389246952475105,27.510753047524908,0.24152624449177695,1352.7116017626313,0.6722145085353232,0.1970247445203003,-0.621951169919258,0.41796875
1786719164.6851065,4.140001155000164,60.0,40.600000000000016,13.606952264697298,26.993047735302717,0.23163698293324075,1355.876165461363,0.6595645813806437,0.20267815521784868,-0.6249523429677032,0.41796875
1786719164.7050316,4.160001020999971,60.0,41.30000000000002,13.606952264697298,27.69304773530272,0.22858477608095573,1356.852871654094,0.6766688080501883,0.2084781735725646,-0.6507621871870812,0.4453125
1786719164.723736,4.180000868999969,60.0,42.00000000000002,13.606952264697298,28.393047735302723,0.24116508341746468,1352.8271733064114,0.6937730347197326,0.21442479958444802,-0.6610861248748325,0.4453125
1786719164.746721,4.200000844999977,60.0,42.700000000000024,14.899803449721418,27.800196550278606,0.21091792214001848,1362.5062649151942,0.6792869475055034,0.2202472591344952,-0.682793824949933,0.46484375
1786719164.7637305,4.220000915000128,60.0,43.40000000000003,14.899803449721418,28.50019655027861,0.22516152832956982,1357.9483109345376,0.6963911741750478,0.22621632634170988,-0.6914769049799732,0.46484375
1786719164.785085,4.240001040000152,60.0,44.10000000000003,16.235956355570806,27.864043644429223,0.21211321567028663,1362.1237709855084,0.680847026320566,0.23205215799588616,-0.6949501369919893,0.46484375
1786719164.8050807,4.260000794999996,60.0,44.80000000000003,16.235956355570806,28.564043644429226,0.21608585618920106,1360.8525260194556,0.6979512529901106,0.23803459730722995,-0.7139175547967958,0.484375
1786719164.823744,4.280000864000158,60.0,45.500000000000036,16.235956355570806,29.264043644429233,0.2315855550481668,1355.8926223845865,0.7150554796596551,0.24416364427574128,-0.7215045219187183,0.484375
1786719164.8469162,4.300000841000156,60.0,46.20000000000004,17.62950366966345,28.57049633033659,0.20367075735891738,1364.8253576451464,0.6981089218506633,0.25014743503446124,-0.7386018087674873,0.5
1786719164.863763,4.320000818000153,60.0,46.90000000000004,17.62950366966345,29.270496330336588,0.21991986004767405,1359.6256447847443,0.7152131485202077,0.25627783345034877,-0.7454407235069949,0.5
1786719164.885576,4.340000795000151,60.0,47.600000000000044,19.093550503477303,28.50644949652274,0.20464550652247315,1364.5134379128085,0.6965439624749223,0.26224821027156237,-0.748176289402798,0.5
1786719164.9056647,4.360000883000112,60.0,48.30000000000005,19.093550503477303,29.206449496522747,0.21080557115490994,1362.5422172304288,0.7136481891444668,0.2683651947499435,-0.7650908282611193,0.517578125
1786719164.9237602,4.380001083000025,60.0,49.00000000000005,19.093550503477303,29.906449496522747,0.22726096675950713,1357.2764906369578,0.7307524158140113,0.2746287868854922,-0.7718566438044476,0.517578125
1786719164.94681,4.400001097000086,60.0,49.70000000000005,20.573321970743393,29.12667802925666,0.19770232135406385,1366.7352571666995,0.7116990044903507,0.28072906406683806,-0.7886254700217791,0.533203125
1786719164.9637275,4.420001111000147,60.0,50.400000000000055,20.573321970743393,29.826678029256666,0.21419929471802168,1361.4562256902332,0.7288032311598953,0.28697594890535144,-0.7953330005087117,0.533203125
1786719164.9839497,4.440000865000002,60.0,51.10000000000006,22.10980168068886,28.9901983193112,0.19732411227121638,1366.8562840732106,0.7083641760693495,0.29304764184308874,-0.7980160127034845,0.533203125
1786719165.0050013,4.460001009000052,60.0,51.80000000000006,22.10980168068886,29.6901983193112,0.21063776450058902,1362.5959153598114,0.725468402738894,0.29926594243799354,-0.8078782800813937,0.54296875
1786719165.0237832,4.480000949999976,60.0,52.500000000000064,22.10980168068886,30.390198319311203,0.2300153848138745,1356.39507685956,0.7425726294084385,0.3,-0.8118231870325575,0.54296875
1786719165.0468886,4.5000010210001165,60.0,53.20000000000007,23.650570411100176,29.54942958889989,0.2086276239645295,1363.2391603313506,0.7220287737775525,0.3,-0.8134011498130229,0.54296875
1786719165.063806,4.5200009990001035,60.0,53.90000000000007,23.650570411100176,30.24942958889989,0.22510066552188768,1357.967787032996,0.739133000447097,0.3,-0.8140323349252092,0.54296875
1786719165.0858047,4.54000116300017,60.0,54.60000000000007,25.215905462038933,29.38409453796114,0.2037040673965016,1364.8146984331195,0.7179888763665853,0.3,-0.8142848089700836,0.54296875
1786719165.105066,4.560000659000025,60.0,55.300000000000075,25.215905462038933,30.084094537961143,0.21719167944809614,1360.4986625766091,0.7350931030361297,0.3,-0.8179014235880335,0.546875
1786719165.1230805,4.580001452000033,60.0,56.00000000000008,25.215905462038933,30.78409453796115,0.23284926027046104,1355.4882367134524,0.7521973297056743,0.3,-0.8193480694352133,0.546875
1786719165.1468592,4.600001004999967,60.0,56.70000000000008,26.7914833775921,29.90851662240798,0.20384494745377668,1364.7696168147913,0.730802925227862,0.3,-0.8269579777740854,0.5546875
1786719165.1637611,4.620000852999965,60.0,57.400000000000084,26.7914833775921,30.608516622407983,0.21790521078777236,1360.2703325479129,0.7479071518974065,0.3,-0.8300019411096342,0.5546875
1786719165.1857166,4.6400008499999785,60.0,58.10000000000009,28.370208337663115,29.72979166233697,0.19521632417177992,1367.5307762650305,0.7264358506156338,0.3,-0.8312195264438538,0.5546875
1786719165.2050426,4.6600009950000185,60.0,58.80000000000009,28.370208337663115,30.429791662336974,0.2083178917076367,1363.3382746535563,0.7435400772851782,0.3,-0.8352221855775415,0.55859375
1786719165.2237403,4.680001085000185,60.0,59.50000000000009,28.370208337663115,31.12979166233698,0.22382105472370628,1358.377262488414,0.7606443039547228,0.3,-0.8368232492310166,0.55859375
1786719165.247023,4.700001415000088,60.0,60.0,29.966801385484644,30.03319861451536,0.19814361882776232,1366.594041975116,0.7338494810201691,0.3,-0.8357058621924067,0.556640625
1786719165.2637985,4.720000874000107,60.0,60.0,29.966801385484644,30.03319861451536,0.19859057364320643,1366.4510164341739,0.7338494810201691,0.3,-0.8352589073769626,0.556640625
1786719165.2855842,4.740000667000004,60.0,60.0,31.54681490094262,28.453185099057382,0.1601623422703311,1378.748050473494,0.6952424677211162,0.3,-0.8350801254507851,0.556640625
1786719165.3050456,4.760000812000044,60.0,60.0,31.54681490094262,28.453185099057382,0.16374948004080214,1377.6001663869433,0.6952424677211162,0.3,-0.8314929876803141,0.552734375
1786719165.3237453,4.780000809000057,60.0,60.0,31.54681490094262,28.453185099057382,0.16518433514899067,1377.141012752323,0.6952424677211162,0.3,-0.8300581325721256,0.552734375
1786719165.3460333,4.8000008799999705,60.0,60.0,33.129121626127414,26.870878373872586,0.13412648020897278,1387.0795263331288,0.656579420737823,0.3,-0.8224529405288503,0.544921875
1786719165.3626904,4.8200009140000475,60.0,60.0,33.129121626127414,26.870878373872586,0.13716855702628306,1386.1060617515893,0.656579420737823,0.3,-0.81941086371154,0.544921875
1786719165.3846738,4.840000873999998,60.0,60.0,34.68389694975377,25.316103050246227,0.10039505981675045,1397.8735808586398,0.6185890928013665,0.3,-0.818194032984616,0.544921875
1786719165.4048522,4.860000704000186,60.0,60.0,34.68389694975377,25.316103050246227,0.11494429210752,1393.2178265255936,0.6185890928013665,0.3,-0.8036448006938465,0.529296875
1786719165.4231303,4.880000682000173,60.0,60.0,34.68389694975377,25.316103050246227,0.12076398502382779,1391.355524792375,0.6185890928013665,0.3,-0.7978251077775387,0.529296875
1786719165.4460058,4.900000883000075,60.0,60.0,36.15401325870627,23.84598674129373,0.09595920672046887,1399.29305384945,0.5826673748314843,0.3,-0.7867081681110155,0.51953125
1786719165.4632006,4.920000916000163,60.0,60.0,36.15401325870627,23.84598674129373,0.10040598258707811,1397.870085572135,0.5826673748314843,0.3,-0.7822613922444063,0.51953125
1786719165.4847343,4.940000987000076,60.0,60.0,37.60941980662119,22.39058019337881,0.06662240223104177,1408.6808312860667,0.5471050841288044,0.3,-0.7804826818977626,0.51953125
1786719165.5047178,4.96000091000019,60.0,60.0,37.60941980662119,22.39058019337881,0.09897451136969937,1398.3281563616963,0.5471050841288044,0.3,-0.748130572759105,0.484375
1786719165.5231411,4.980001110000103,60.0,60.0,37.60941980662119,22.39058019337881,0.11191535502516237,1394.187086391948,0.5471050841288044,0.3,-0.735189729103642,0.484375
1786719165.5459254,5.0000009220000265,60.0,60.0,38.96759994719193,21.032400052808075,0.11378790358392521,1393.5878708531438,0.5139184827253821,0.3,-0.7001305791414568,0.451171875
1786719165.5631967,5.020001010999977,60.0,60.0,38.96759994719193,21.032400052808075,0.1278115635687993,1389.1002996579841,0.5139184827253821,0.3,-0.6861069191565827,0.451171875
1786719165.5847244,5.040000842000154,60.0,60.0,40.22917744980728,19.77082255019272,0.10259487389713362,1397.1696403529172,0.4830923290597667,0.3,-0.680497455162633,0.451171875
1786719165.6047614,5.060001190000094,60.0,60.0,40.22917744980728,19.77082255019272,0.13647928449471347,1386.3266289616918,0.4830923290597667,0.3,-0.6466130445650532,0.416015625
1786719165.6230423,5.080000817000155,60.0,60.0,40.22917744980728,19.77082255019272,0.15003304873374534,1381.9894244052016,0.4830923290597667,0.3,-0.6330592803260213,0.416015625
1786719165.6462631,5.100001610000163,60.0,60.0,41.37670120636929,18.62329879363071,0.15905588451375274,1379.102116955599,0.4550530341441613,0.3,-0.5959971496304085,0.380859375
1786719165.6631954,5.12000121799997,60.0,60.0,41.37670120636929,18.62329879363071,0.1738807367919979,1374.3581642265606,0.4550530341441613,0.3,-0.5811722973521634,0.380859375
1786719165.6848402,5.140000918000169,60.0,60.0,42.44063945151575,17.55936054848425,0.15381376212132114,1380.7795961211773,0.42905611856218656,0.3,-0.5752423564408654,0.380859375
1786719165.7047858,5.160001026000145,60.0,60.0,42.44063945151575,17.55936054848425,0.18431073848584034,1371.020563684531,0.42905611856218656,0.3,-0.5447453800763462,0.349609375
1786719165.7231746,5.180000801000006,60.0,60.0,42.44063945151575,17.55936054848425,0.1965095290316481,1367.1169507098725,0.42905611856218656,0.3,-0.5325465895305385,0.349609375
1786719165.7459407,5.200001037999982,60.0,60.0,43.40945048265095,16.590549517349046,0.21111496349784026,1362.443211680691,0.40538359931005574,0.3,-0.4942686358122154,0.3125
1786719165.7630608,5.220001239000112,60.0,60.0,43.40945048265095,16.590549517349046,0.22642614498516944,1357.5436336047458,0.40538359931005574,0.3,-0.47895745432488623,0.3125
1786719165.784608,5.240000734999967,60.0,60.0,44.277217441456,15.722782558543999,0.2113470707804686,1362.36893735025,0.3841800525104232,0.3,-0.4728329817299545,0.3125
1786719165.8045797,5.260001177000049,60.0,60.0,44.277217441456,15.722782558543999,0.2436796723184413,1352.0225048580987,0.3841800525104232,0.3,-0.44050038019198184,0.279296875
1786719165.8229637,5.280000692000158,60.0,60.0,44.277217441456,15.722782558543999,0.25661271293363036,1347.8839318612384,0.3841800525104232,0.3,-0.42756733957679277,0.279296875
1786719165.8458226,5.300000948000161,60.0,60.0,45.08273417081014,14.917265829189859,0.2473768799297299,1350.8393984224865,0.36449756576044706,0.3,-0.41712068583071715,0.2734375
1786719165.8629196,5.320000962999984,60.0,60.0,45.08273417081014,14.917265829189859,0.25155554142816017,1349.5022267429888,0.36449756576044706,0.3,-0.4129420243322869,0.2734375
1786719165.8844624,5.340000719000045,60.0,60.0,45.838151291827785,14.161848708172215,0.23476868364476022,1354.8740212336768,0.346039243377675,0.3,-0.4112705597329147,0.2734375
1786719165.904545,5.360001086000011,60.0,60.0,45.838151291827785,14.161848708172215,0.245984144484509,1351.2850737649571,0.346039243377675,0.3,-0.40005509889316593,0.26171875
1786719165.922816,5.380001064999988,60.0,60.0,45.838151291827785,14.161848708172215,0.2504703288204086,1349.8494947774693,0.346039243377675,0.3,-0.39556891455726634,0.26171875
1786719165.9456298,5.400001099000065,60.0,60.0,46.58727278339654,13.412727216603457,0.23747593641931247,1354.00770034582,0.32773475224221893,0.3,-0.3902588158229065,0.2578125
1786719165.9627838,5.420001003000152,60.0,60.0,46.58727278339654,13.412727216603457,0.23959997591305637,1353.328007707822,0.32773475224221893,0.3,-0.3881347763291626,0.2578125
1786719165.9843547,5.440001129000166,60.0,60.0,47.31973082729655,12.680269172703447,0.22255226541227263,1358.7832750680727,0.3098374259439377,0.3,-0.387285160531665,0.2578125
1786719166.0042777,5.460001014999989,60.0,60.0,47.31973082729655,12.680269172703447,0.2228921117312716,1358.674524245993,0.3098374259439377,0.3,-0.38694531421266604,0.2578125
1786719166.0227137,5.480000920000066,60.0,60.0,47.31973082729655,12.680269172703447,0.22302805025887118,1358.6310239171612,0.3098374259439377,0.3,-0.38680937568506646,0.2578125
1786719166.045492,5.500001010999995,60.0,60.0,48.05506609905626,11.94493390094374,0.2068726079323553,1363.8007654616463,0.29186979570638183,0.3,-0.3849971877740266,0.255859375
1786719166.0627139,5.520000730999982,60.0,60.0,48.05506609905626,11.94493390094374,0.20759748309677128,1363.5688054090333,0.29186979570638183,0.3,-0.3842723126096106,0.255859375
1786719166.0841897,5.540000858999974,60.0,60.0,48.79024376692132,11.209756233078679,0.18992365391460747,1369.2244307473256,0.27390601645845175,0.3,-0.38398236254384427,0.255859375
1786719166.1041617,5.560000764000051,60.0,60.0,48.79024376692132,11.209756233078679,0.197070883940914,1366.9373171389075,0.27390601645845175,0.3,-0.37683513251753775,0.248046875
1786719166.1227944,5.5800012440001865,60.0,60.0,48.79024376692132,11.209756233078679,0.19992977595143663,1366.0224716955404,0.27390601645845175,0.3,-0.3739762405070151,0.248046875
1786719166.1453855,5.60000100100001,60.0,60.0,49.499684791685524,10.500315208314476,0.19076966833244458,1368.9537061336177,0.2565711020352506,0.3,-0.36580143370280604,0.240234375
1786719166.1627347,5.6200010550001025,60.0,60.0,49.499684791685524,10.500315208314476,0.1940395910541282,1367.907330862679,0.2565711020352506,0.3,-0.3625315109811224,0.240234375
1786719166.1840894,5.640000886000053,60.0,60.0,50.181820038269166,9.818179961730834,0.1786798517472985,1372.8224474408644,0.23990339363974747,0.3,-0.361223541892449,0.240234375
1786719166.2040455,5.660000810000156,60.0,60.0,50.181820038269166,9.818179961730834,0.18623428938276793,1370.4050273975142,0.23990339363974747,0.3,-0.35366910425697956,0.232421875
1786719166.2228088,5.680000994000011,60.0,60.0,50.181820038269166,9.818179961730834,0.1892560644369557,1369.4380593801743,0.23990339363974747,0.3,-0.3506473292027918,0.232421875
1786719166.2459428,5.70000145500012,60.0,60.0,50.82334516697625,9.176654833023747,0.1941252959363241,1367.8799053003763,0.22422797761744076,0.3,-0.33010268168111667,0.2109375
1786719166.2627473,5.720000712000001,60.0,60.0,50.82334516697625,9.176654833023747,0.2023431549449941,1365.250190417602,0.22422797761744076,0.3,-0.32188482267244667,0.2109375
1786719166.2845058,5.740000877000057,60.0,60.0,51.414971869407964,8.585028130592036,0.19117413108825193,1368.8242780517594,0.20977181015723062,0.3,-0.3185976790689787,0.2109375
1786719166.3044016,5.76000106000015,60.0,60.0,51.414971869407964,8.585028130592036,0.21006711352963914,1362.7785236705154,0.20977181015723062,0.3,-0.29970469662759147,0.19140625
1786719166.3227139,5.780000725000036,60.0,60.0,51.414971869407964,8.585028130592036,0.21762430650619402,1360.360221918018,0.20977181015723062,0.3,-0.2921475036510366,0.19140625
1786719166.3455691,5.800001168000108,60.0,60.0,51.94839853749485,8.051601462505147,0.22343342385033316,1358.5013043678935,0.1967377378107478,0.3,-0.27330431396041466,0.173828125
1786719166.362702,5.820000980000032,60.0,60.0,51.94839853749485,8.051601462505147,0.23097069972658196,1356.0893760874937,0.1967377378107478,0.3,-0.26576703808416585,0.173828125
1786719166.3843558,5.840001108000024,60.0,60.0,52.42716122345283,7.572838776547172,0.22228723078915985,1358.8680861474688,0.18503935852282621,0.3,-0.26275212773366635,0.173828125
1786719166.4043236,5.860001069000191,60.0,60.0,52.42716122345283,7.572838776547172,0.24282913242935966,1352.294677622605,0.18503935852282621,0.3,-0.24221022609346654,0.15234375
1786719166.4227474,5.880000660000178,60.0,60.0,52.42716122345283,7.572838776547172,0.25104589308543956,1349.6653142126593,0.18503935852282621,0.3,-0.2339934654373866,0.15234375
1786719166.4457407,5.900001195000186,60.0,60.0,52.85437425528181,7.145625744718188,0.25444068872989123,1348.5789796064348,0.17460057490484587,0.3,-0.22015988617495466,0.140625
1786719166.4627712,5.920000638000147,60.0,60.0,52.85437425528181,7.145625744718188,0.259974120434864,1346.8082814608435,0.17460057490484587,0.3,-0.21462645446998188,0.140625
1786719166.4856071,5.940000931999975,60.0,60.0,53.2458625142674,6.754137485732599,0.2614106928737748,1346.348578280392,0.16503471216176754,0.3,-0.20362401928799273,0.130859375
1786719166.502716,5.96000065200019,60.0,60.0,53.2458625142674,6.754137485732599,0.26581166694657044,1344.9402665770974,0.16503471216176754,0.3,-0.1992230452151971,0.130859375
1786719166.5227246,5.980000762000145,60.0,60.0,53.2458625142674,6.754137485732599,0.26757205657568867,1344.3769418957795,0.16503471216176754,0.3,-0.19746265558607884,0.130859375
1786719166.545508,6.000000815000021,60.0,60.0,53.6232058903571,6.376794109642901,0.264329411874637,1345.4145882001162,0.15581447410906848,0.3,-0.1914850622344315,0.125
1786719166.5627844,6.020000998000114,60.0,60.0,53.6232058903571,6.376794109642901,0.2667204492152959,1344.6494562511052,0.15581447410906848,0.3,-0.1890940248937726,0.125
1786719166.58546,6.040000960000043,60.0,60.0,53.99034862465274,6.009651375347261,0.25343243729803233,1348.9016200646297,0.1468434847555414,0.3,-0.19341104745750906,0.130859375
1786719166.6027029,6.060000828000057,60.0,60.0,53.99034862465274,6.009651375347261,0.25170562827253773,1349.454198952788,0.1468434847555414,0.3,-0.1951378564830036,0.130859375
1786719166.6229293,6.080001252000102,60.0,60.0,53.99034862465274,6.009651375347261,0.25101490466233994,1349.6752305080513,0.1468434847555414,0.3,-0.19582858009320142,0.130859375
1786719166.645568,6.100001528000121,60.0,60.0,54.36829649095736,5.631703509042637,0.24150360668319662,1352.718845861377,0.13760847622047717,0.3,-0.19610486953728054,0.130859375
1786719166.6628146,6.120000952000055,60.0,60.0,54.36829649095736,5.631703509042637,0.24139309090556496,1352.7542109102192,0.13760847622047717,0.3,-0.1962153853149122,0.130859375
1786719166.6841407,6.140000969000084,60.0,60.0,54.76470134390834,5.235298656091659,0.23166288679768232,1355.8678762247416,0.1279224784236472,0.3,-0.19625959162596485,0.130859375
1786719166.704029,6.160001004000151,60.0,60.0,54.76470134390834,5.235298656091659,0.22988739177326123,1356.4360346325564,0.1279224784236472,0.3,-0.19803508665038594,0.1328125
1786719166.722702,6.180000983000127,60.0,60.0,54.76470134390834,5.235298656091659,0.22917719376349277,1356.6632979956823,0.1279224784236472,0.3,-0.1987452846601544,0.1328125
1786719166.7455933,6.200000758999977,60.0,60.0,55.13677628792192,4.8632237120780815,0.2198016085874908,1359.6634852520028,0.11883097245155254,0.3,-0.19902936386406175,0.1328125
1786719166.7629447,6.220001017000186,60.0,60.0,55.13677628792192,4.8632237120780815,0.21968797690592784,1359.699847390103,0.11883097245155254,0.3,-0.1991429955456247,0.1328125
1786719166.7840357,6.240000996000163,60.0,60.0,55.49071398225982,4.50928601774018,0.21099419487494353,1362.481857640018,0.11018264309319341,0.3,-0.19918844821824988,0.1328125
1786719166.8039074,6.260000698000113,60.0,60.0,55.49071398225982,4.50928601774018,0.2127338263058935,1361.9251755821142,0.11018264309319341,0.3,-0.19744881678729992,0.130859375
1786719166.8227184,6.280000640000026,60.0,60.0,55.49071398225982,4.50928601774018,0.21342967887827347,1361.7025027589525,0.11018264309319341,0.3,-0.19675296421491995,0.130859375
1786719166.8466334,6.300000990000171,60.0,60.0,55.83388294078645,4.166117059213548,0.21235407040352394,1362.0466974708725,0.10179744358949196,0.3,-0.189443373185968,0.123046875
1786719166.8627367,6.320000840000148,60.0,60.0,55.83388294078645,4.166117059213548,0.21527790681510475,1361.1110698191665,0.10179744358949196,0.3,-0.18651953677438718,0.123046875
1786719166.8851793,6.34000104200004,60.0,60.0,56.165777594413186,3.834222405586815,0.2171267876139634,1360.5194279635316,0.09368772732371827,0.3,-0.17656093970975487,0.11328125
1786719166.9027658,6.360000966000143,60.0,60.0,56.165777594413186,3.834222405586815,0.22111022643981632,1359.2447275392587,0.09368772732371827,0.3,-0.17257750088390195,0.11328125
1786719166.922896,6.380001130999972,60.0,60.0,56.165777594413186,3.834222405586815,0.22270360197015748,1358.7348473695497,0.09368772732371827,0.3,-0.17098412535356078,0.11328125
1786719166.9451997,6.400001166000038,60.0,60.0,56.4893639633392,3.5106360366607987,0.2294967456090291,1356.5610414051107,0.08578102075045341,0.3,-0.1562842751414243,0.09765625
1786719166.9627163,6.420001164000041,60.0,60.0,56.4893639633392,3.5106360366607987,0.23537668569388367,1354.6794605779573,0.08578102075045341,0.3,-0.15040433505656972,0.09765625
1786719166.9859226,6.440000922000081,60.0,60.0,56.77518727158426,3.2248127284157424,0.24304936829687906,1352.2242021449988,0.07879703981950696,0.3,-0.1357476715226279,0.083984375
1786719167.0027103,6.460000901000058,60.0,60.0,56.77518727158426,3.2248127284157424,0.2489120337104558,1350.348149212654,0.07879703981950696,0.3,-0.12988500610905115,0.083984375
1786719167.0227036,6.480000678000124,60.0,60.0,56.77518727158426,3.2248127284157424,0.2512570998758865,1349.5977280397162,0.07879703981950696,0.3,-0.12753993994362045,0.083984375
1786719167.0458999,6.500001215000111,60.0,60.0,57.03770933301888,2.9622906669811186,0.25456956477843895,1348.5377392708995,0.07238241575588714,0.3,-0.1178128509774482,0.07421875
1786719167.0629375,6.520001066000077,60.0,60.0,57.03770933301888,2.9622906669811186,0.25846040036490786,1347.2926718832296,0.07238241575588714,0.3,-0.11392201539097929,0.07421875
1786719167.0858324,6.5400009360000695,60.0,60.0,57.28454357945574,2.715456420544257,0.25925887366969214,1347.0371604256984,0.0663511173260839,0.3,-0.10709224365639172,0.068359375
1786719167.1027212,6.560001009000189,60.0,60.0,57.28454357945574,2.715456420544257,0.2619907823635272,1346.1629496436713,0.0663511173260839,0.3,-0.1043603349625567,0.068359375
1786719167.1228578,6.580001101000107,60.0,60.0,57.28454357945574,2.715456420544257,0.2630835458410612,1345.8132653308603,0.0663511173260839,0.3,-0.10326757148502268,0.068359375
1786719167.14651,6.600000823000073,60.0,60.0,57.520659745017326,2.4793402549826737,0.26302468242334764,1345.8321016245288,0.06058171101735676,0.3,-0.09755702859400908,0.0625
1786719167.162712,6.6200007290001395,60.0,60.0,57.520659745017326,2.4793402549826737,0.2653088995797531,1345.101152134479,0.06058171101735676,0.3,-0.09527281143760363,0.0625
1786719167.1851537,6.640000783999994,60.0,60.0,57.7518280391576,2.2481719608423987,0.25705845443976216,1347.7412945792762,0.05493320401480364,0.3,-0.09787474957504144,0.06640625
1786719167.2026973,6.660000765000177,60.0,60.0,57.7518280391576,2.2481719608423987,0.256017679184787,1348.074342660868,0.05493320401480364,0.3,-0.09891552483001659,0.06640625
1786719167.2226965,6.680000930999995,60.0,60.0,57.7518280391576,2.2481719608423987,0.25560136908279696,1348.207561893505,0.05493320401480364,0.3,-0.09933183493200663,0.06640625
1786719167.246776,6.700001005000104,60.0,60.0,57.993302801850774,2.006697198149226,0.249534503504746,1350.1489588784812,0.04903286247754868,0.3,-0.09949835897280265,0.06640625
1786719167.2627323,6.720001023000123,60.0,60.0,57.993302801850774,2.006697198149226,0.2494678938884276,1350.1702739557031,0.04903286247754868,0.3,-0.09956496858912106,0.06640625
1786719167.2864895,6.7400012069999775,60.0,60.0,58.240097477122845,1.7599025228771554,0.2381374810180572,1353.7960060742216,0.04300253095370566,0.3,-0.10486504993564844,0.072265625
1786719167.302757,6.760000910000144,60.0,60.0,58.240097477122845,1.7599025228771554,0.23601744847944628,1354.4744164865772,0.04300253095370566,0.3,-0.10698508247425936,0.072265625
1786719167.3227065,6.780000928000163,60.0,60.0,58.240097477122845,1.7599025228771554,0.23516943546400187,1354.7457806515195,0.04300253095370566,0.3,-0.10783309548970375,0.072265625
1786719167.3465178,6.800000686999965,60.0,60.0,58.490954470405,1.5090455295949994,0.23045845007962645,1356.2532959745195,0.03687293827550798,0.3,-0.1064144881958815,0.0703125
1786719167.3627086,6.82000109400019,60.0,60.0,58.490954470405,1.5090455295949994,0.23102589299715537,1356.0717142409103,0.03687293827550798,0.3,-0.1058470452783526,0.0703125
1786719167.3864317,6.840000890000056,60.0,60.0,58.74181110447037,1.2581888955296279,0.2286389112632911,1356.8355483957469,0.030743354374632156,0.3,-0.10210444311134105,0.06640625
1786719167.4026878,6.860000704000186,60.0,60.0,58.74181110447037,1.2581888955296279,0.23013595213009572,1356.3564953183693,0.030743354374632156,0.3,-0.10060740224453643,0.06640625
1786719167.4226897,6.88000094400013,60.0,60.0,58.74181110447037,1.2581888955296279,0.23073476847681756,1356.1648740874184,0.030743354374632156,0.3,-0.10000858589781457,0.06640625
1786719167.4472692,6.900001054000086,60.0,60.0,58.97790192176967,1.0220980782303286,0.22872113308167027,1356.8092374138655,0.024974567440796132,0.3,-0.09625343435912584,0.0625
1786719167.4627535,6.920000646000062,60.0,60.0,58.97790192176967,1.0220980782303286,0.23022319369714578,1356.3285780169133,0.024974567440796132,0.3,-0.09475137374365034,0.0625
1786719167.487149,6.940000720000171,60.0,60.0,59.19856402735061,0.8014359726493865,0.23070566305585688,1356.1741878221258,0.01958277505331702,0.3,-0.08887711199746012,0.056640625
1786719167.5027094,6.960000849000153,60.0,60.0,59.19856402735061,0.8014359726493865,0.23305536775433294,1355.4222823186135,0.01958277505331702,0.3,-0.08652740729898406,0.056640625
1786719167.5227156,6.980000922000045,60.0,60.0,59.19856402735061,0.8014359726493865,0.23399524963372337,1355.1215201172085,0.01958277505331702,0.3,-0.08558752541959362,0.056640625
1786719167.547865,7.000000940000064,60.0,60.0,59.399413084041754,0.600586915958246,0.23473697161118032,1354.8841690844224,0.014675106779017812,0.3,-0.07993813516783746,0.05078125
1786719167.5627508,7.020000736000156,60.0,60.0,59.399413084041754,0.600586915958246,0.2369967277118828,1354.1610471321974,0.014675106779017812,0.3,-0.07767837906713498,0.05078125
1786719167.5878518,7.040001013000165,60.0,60.0,59.569574882604485,0.43042511739551514,0.2442896680477148,1351.8273062247313,0.010517269674568803,0.3,-0.066227601626854,0.0390625
1786719167.6026933,7.060000679000041,60.0,60.0,59.569574882604485,0.43042511739551514,0.24886997902382718,1350.3616067123753,0.010517269674568803,0.3,-0.06164729065074159,0.0390625
1786719167.6229007,7.080000882000149,60.0,60.0,59.569574882604485,0.43042511739551514,0.2507021034142721,1349.7753269074328,0.010517269674568803,0.3,-0.05981516626029664,0.0390625
1786719167.6488378,7.100001752000026,60.0,60.0,59.71492133264397,0.28507866735603216,0.2549147194174659,1348.427289786411,0.006965785921584614,0.3,-0.05205106650411866,0.03125
1786719167.6627555,7.120000770000161,60.0,60.0,59.71492133264397,0.28507866735603216,0.2580203593199371,1347.4334850176201,0.006965785921584614,0.3,-0.04894542660164747,0.03125
1786719167.6865518,7.140001158000132,60.0,60.0,59.84054076842739,0.15945923157261177,0.2597087784184401,1346.893190906099,0.003896324059099039,0.3,-0.044187545640658986,0.02734375
1786719167.7028744,7.16000125000005,60.0,60.0,59.84054076842739,0.15945923157261177,0.26161193080283546,1346.2841821430927,0.003896324059099039,0.3,-0.0422843932562636,0.02734375
1786719167.7240174,7.180000787000154,60.0,60.0,59.94651571509664,0.05348428490336232,0.2597837353149883,1346.8692046992037,0.0013068676174937176,0.3,-0.04152313230250544,0.02734375
1786719167.7452285,7.200001175000125,60.0,60.0,59.94651571509664,0.05348428490336232,0.26360386469649155,1345.6467632971228,0.0013068676174937176,0.3,-0.03770300292100218,0.0234375
1786719167.7627213,7.220000730000038,60.0,60.0,59.94651571509664,0.05348428490336232,0.26513191644909284,1345.1577867362903,0.0013068676174937176,0.3,-0.036174951168400866,0.0234375
1786719167.7885606,7.240000952000173,60.0,60.0,60.046820894544396,-0.0468208945443962,0.2632922192566994,1345.7464898378562,-0.0011440502759402695,0.29999019385477765,-0.03556373046736035,0.0234375
1786719167.8027024,7.260000914000102,60.0,60.0,60.046820894544396,-0.0468208945443962,0.2635269013918932,1345.6713915545943,-0.0011440502759402695,0.2999803877095553,-0.035319242186944134,0.0234375
1786719167.823973,7.280001099000174,60.0,60.0,60.13680626197103,-0.13680626197103152,0.2614161332425411,1346.3468373623869,-0.0033428075922365703,0.29995173507305045,-0.03522144687477766,0.0234375
1786719167.8453863,7.30000082000015,60.0,60.0,60.13680626197103,-0.13680626197103152,0.2614265987309028,1346.3434884061112,-0.0033428075922365703,0.29992308243654553,-0.03518232874991106,0.0234375
1786719167.8627253,7.320000801000106,60.0,60.0,60.13680626197103,-0.13680626197103152,0.2614135933443445,1346.3476501298098,-0.0033428075922365703,0.29989442980004066,-0.03516668149996442,0.0234375
1786719167.8885636,7.340000689000135,60.0,60.0,60.243349237981846,-0.24334923798184604,0.25527223859105147,1348.3128836508636,-0.0059461436090034354,0.2998434628548206,-0.038676047599985774,0.02734375
1786719167.9026968,7.360000930000069,60.0,60.0,60.243349237981846,-0.24334923798184604,0.2538175252058229,1348.7783919341366,-0.0059461436090034354,0.2997924959096006,-0.04007979403999431,0.02734375
1786719167.923929,7.380001244000141,60.0,60.0,60.344146775746026,-0.3441467757460259,0.25074211120795586,1349.7625244134542,-0.008409092085647003,0.2997204179774379,-0.04064129261599772,0.02734375
1786719167.9452395,7.400000910000017,60.0,60.0,60.344146775746026,-0.3441467757460259,0.24868762134539185,1350.4199611694746,-0.008409092085647003,0.29964834004527524,-0.04262370454639909,0.029296875
1786719167.9627047,7.420000817000073,60.0,60.0,60.344146775746026,-0.3441467757460259,0.2478225786410686,1350.696774834858,-0.008409092085647003,0.2995762621131125,-0.043416669318559635,0.029296875
1786719167.9885325,7.440000872000155,60.0,60.0,60.458649447077704,-0.45864944707770405,0.24287767423614826,1352.2791442444325,-0.011206920149540387,0.29948020279754506,-0.04549166772742386,0.03125
1786719168.0034232,7.4600012040000365,60.0,60.0,60.458649447077704,-0.45864944707770405,0.24195161555703512,1352.5754830217488,-0.011206920149540387,0.29938414348197756,-0.04632166709096954,0.03125
1786719168.0239317,7.480001094000045,60.0,60.0,60.56955089083641,-0.5695508908364104,0.2388137230217227,1353.5796086330488,-0.013916753623867028,0.2992648570223444,-0.046653666836387817,0.03125
1786719168.0474126,7.500000780000164,60.0,60.0,60.56955089083641,-0.5695508908364104,0.24383507416392225,1351.9727762675448,-0.013916753623867028,0.29914557056271124,-0.041513029234555125,0.025390625
1786719168.0633328,7.520000928000172,60.0,60.0,60.56955089083641,-0.5695508908364104,0.24577204274502218,1351.352946321593,-0.013916753623867028,0.2990262841030781,-0.039456774193822056,0.025390625
1786719168.0895646,7.540001485000175,60.0,60.0,60.674804601885086,-0.6748046018850857,0.24390342497084325,1351.95090400933,-0.01648858695470599,0.298884953357752,-0.03863427217752882,0.025390625
1786719168.1039982,7.560000930000115,60.0,60.0,60.674804601885086,-0.6748046018850857,0.24409109503203447,1351.890849589749,-0.01648858695470599,0.298743622612426,-0.03830527137101153,0.025390625
1786719168.1247,7.580000930000097,60.0,60.0,60.760322761856,-0.7603227618560027,0.24199176176287976,1352.5626362358785,-0.0185781898011416,0.29858438098555906,-0.03817367104840461,0.025390625
1786719168.1472304,7.600001079000094,60.0,60.0,60.760322761856,-0.7603227618560027,0.2489164102650556,1350.3467487151822,-0.0185781898011416,0.29842513935869214,-0.031089780919361844,0.017578125
1786719168.1639225,7.620000821000076,60.0,60.0,60.760322761856,-0.7603227618560027,0.2515907246898058,1349.490968099262,-0.0185781898011416,0.2982658977318252,-0.028256224867744734,0.017578125
1786719168.1892593,7.640000803000021,60.0,60.0,60.845423662180366,-0.8454236621803659,0.2487276857136854,1350.4071405716206,-0.020657597071041905,0.29808883261407343,-0.028880614947097896,0.01953125
1786719168.2038298,7.660000896000156,60.0,60.0,60.845423662180366,-0.8454236621803659,0.24830086456419234,1350.5437233394584,-0.020657597071041905,0.29791176749632164,-0.029130370978839158,0.01953125
1786719168.2252781,7.680000897000127,60.0,60.0,60.91547750061838,-0.9154775006183796,0.24631215884557917,1351.1801091694147,-0.022369335259206806,0.297720030336957,-0.029230273391535666,0.01953125
1786719168.2466626,7.700001916000019,60.0,60.0,60.91547750061838,-0.9154775006183796,0.2513538982211359,1349.5667525692365,-0.022369335259206806,0.29752829317759233,-0.02399679685661427,0.013671875
1786719168.2637808,7.72000102800007,60.0,60.0,60.91547750061838,-0.9154775006183796,0.2532555516757398,1348.9582234637633,-0.022369335259206806,0.2973365560182277,-0.02190340624264571,0.013671875
1786719168.2890685,7.740000825000152,60.0,60.0,60.97074941076184,-0.9707494107618402,0.2543084357197449,1348.6213005696816,-0.02371988280142458,0.29713324273707264,-0.019308237497058282,0.01171875
1786719168.3037453,7.760000955000123,60.0,60.0,60.97074941076184,-0.9707494107618402,0.2551431899368248,1348.354179220216,-0.02371988280142458,0.29692992945591756,-0.01827016999882331,0.01171875
1786719168.3253484,7.780001104000121,60.0,60.0,61.0214025789987,-1.0214025789987033,0.25411741326774384,1348.682427754322,-0.024957573188644402,0.2967160074000149,-0.017854942999529326,0.01171875
1786719168.347042,7.800000957000066,60.0,60.0,61.0214025789987,-1.0214025789987033,0.2558273945115588,1348.1352337563012,-0.024957573188644402,0.2965020853441122,-0.01593103969981173,0.009765625
1786719168.3638391,7.820000883000148,60.0,60.0,61.0214025789987,-1.0214025789987033,0.2563830337755431,1347.9574291918261,-0.024957573188644402,0.29628816328820956,-0.015161478379924693,0.009765625
1786719168.3890793,7.840000865000093,60.0,60.0,61.061217099258954,-1.061217099258954,0.2555040839914946,1348.2386931227218,-0.02593042544474511,0.2960659024986832,-0.014853653851969876,0.009765625
1786719168.403318,7.8600007180000375,60.0,60.0,61.061217099258954,-1.061217099258954,0.25540495301315014,1348.270415035792,-0.02593042544474511,0.2958436417091568,-0.01473052404078795,0.009765625
1786719168.4252603,7.880000977999998,60.0,60.0,61.101780970550834,-1.1017809705508341,0.25424078179213855,1348.6429498265156,-0.026921587800703032,0.2956128852422936,-0.014681272116315182,0.009765625
1786719168.4470685,7.90000090500007,60.0,60.0,61.101780970550834,-1.1017809705508341,0.2593031635950645,1347.0229876495794,-0.026921587800703032,0.29538212877543046,-0.009388133846526071,0.00390625
1786719168.4637904,7.920000887000015,60.0,60.0,61.101780970550834,-1.1017809705508341,0.261189662436117,1346.4193080204425,-0.026921587800703032,0.2951513723085673,-0.007270878538610429,0.00390625
1786719168.4890673,7.940001036000012,60.0,60.0,61.132512527364156,-1.132512527364156,0.2575392695015015,1347.5874337595196,-0.02767250139162166,0.29491417943949627,-0.009939601415444171,0.0078125
1786719168.5037642,7.960000758999968,60.0,60.0,61.132512527364156,-1.132512527364156,0.256234587481697,1348.004932005857,-0.02767250139162166,0.29467698657042524,-0.01100709056617767,0.0078125
1786719168.5259545,7.980001036999965,60.0,60.0,61.17183807440023,-1.1718380744002275,0.2546094945660342,1348.524961738869,-0.02863340577791994,0.29443155737804305,-0.011434086226471067,0.0078125
1786719168.5469759,8.000000964000037,60.0,60.0,61.17183807440023,-1.1718380744002275,0.25419326710953466,1348.658154524949,-0.02863340577791994,0.29418612818566087,-0.011604884490588427,0.0078125
1786719168.5637763,8.020000909000146,60.0,60.0,61.17183807440023,-1.1718380744002275,0.25387951861150554,1348.7585540443183,-0.02863340577791994,0.29394069899327874,-0.01167320379623537,0.0078125
1786719168.5891356,8.040000984000017,60.0,60.0,61.20256844890383,-1.2025684489038326,0.2546136894952223,1348.5236193615287,-0.0293842904795623,0.29368883364631104,-0.009942719018494148,0.005859375
1786719168.6037104,8.060001058000125,60.0,60.0,61.20256844890383,-1.2025684489038326,0.2550540180593511,1348.3827142210077,-0.0293842904795623,0.2934369682993434,-0.00925052510739766,0.005859375
1786719168.6256151,8.080001022000033,60.0,60.0,61.23255668868592,-1.2325566886859178,0.25434627934731713,1348.6091906088586,-0.030117041409067208,0.2931788222301228,-0.008973647542959063,0.005859375
1786719168.6472216,8.10000168900001,60.0,60.0,61.23255668868592,-1.2325566886859178,0.25244107180387193,1349.2188570227609,-0.030117041409067208,0.2929206761609022,-0.010620709017183625,0.0078125
1786719168.6637993,8.120001098000103,60.0,60.0,61.23255668868592,-1.2325566886859178,0.25152410114496154,1349.5122876336122,-0.030117041409067208,0.29266253009168164,-0.011279533606873449,0.0078125
1786719168.688332,8.140000895000185,60.0,60.0,61.27287330731963,-1.2728733073196281,0.24825949190606428,1350.5569625900594,-0.031102162242868006,0.2923959401295999,-0.013300875942749379,0.009765625
1786719168.703747,8.160000969000066,60.0,60.0,61.27287330731963,-1.2728733073196281,0.24718436500963217,1350.9010031969178,-0.031102162242868006,0.2921293501675182,-0.01410941287709975,0.009765625
1786719168.7270458,8.180000785000175,60.0,60.0,61.29798266920898,-1.2979826692089773,0.24598082282054876,1351.2861366974244,-0.03171569969612951,0.29185750131297994,-0.014432827650839902,0.009765625
1786719168.7471142,8.200000673999966,60.0,60.0,61.29798266920898,-1.2979826692089773,0.24909523305651446,1350.2895254219154,-0.03171569969612951,0.2915856524584417,-0.01104656856033596,0.005859375
1786719168.7637312,8.220000805000154,60.0,60.0,61.29798266920898,-1.2979826692089773,0.2501778878381778,1349.943075891783,-0.03171569969612951,0.29131380360390347,-0.009692064924134384,0.005859375
1786719168.7890675,8.240000879000036,60.0,60.0,61.3281443571432,-1.3281443571432021,0.25146866387074446,1349.5300275613617,-0.03245268876350528,0.2910356377002163,-0.007392450969653753,0.00390625
1786719168.803737,8.26000117600006,60.0,60.0,61.3281443571432,-1.3281443571432021,0.25211034354884954,1349.324690064368,-0.03245268876350528,0.2907574717965291,-0.006472605387861502,0.00390625
1786719168.827029,8.280001214000094,60.0,60.0,61.35276313736472,-1.3527631373647182,0.25159856559611277,1349.4884590092438,-0.03305423904527172,0.2904741497475697,-0.006104667155144601,0.00390625
1786719168.8464885,8.300000826000087,60.0,60.0,61.35276313736472,-1.3527631373647182,0.2514624188402401,1349.5320259711232,-0.03305423904527172,0.2901908276986102,-0.0059574918620578406,0.00390625
1786719168.8637412,8.320001067000021,60.0,60.0,61.35276313736472,-1.3527631373647182,0.25123796690851535,1349.603850589275,-0.03305423904527172,0.2899075056496508,-0.005898621744823136,0.00390625
1786719168.8890715,8.340000994000093,60.0,60.0,61.37292108739868,-1.3729210873986801,0.2540012662684866,1348.7195947940843,-0.03354679068323491,0.28961996172950877,-0.0023594486979292544,0.0
1786719168.9037082,8.360001069000191,60.0,60.0,61.37292108739868,-1.3729210873986801,0.2551293915671022,1348.3585946985272,-0.03354679068323491,0.28933241780936675,-0.0009437794791717018,0.0
1786719168.9270341,8.380000792000146,60.0,60.0,61.38787715946654,-1.3878771594665409,0.25504266955341354,1348.3863457429077,-0.03391223646428453,0.2890417414968158,-0.0003775117916686808,0.0
1786719168.9470057,8.400000959000181,60.0,60.0,61.38787715946654,-1.3878771594665409,0.25322068781586377,1348.9693798989235,-0.03391223646428453,0.28875106518426474,-0.0019088172166674723,0.001953125
1786719168.9637659,8.420000701000163,60.0,60.0,61.38787715946654,-1.3878771594665409,0.2523174893333132,1349.2584034133397,-0.03391223646428453,0.28846038887171377,-0.0025213393866669884,0.001953125
1786719168.9890769,8.440000775000044,60.0,60.0,61.392830408385834,-1.3928304083858336,0.25517639844952494,1348.343552496152,-0.034033267167522044,0.288168675153135,0.0007492767453332043,-0.001953125
1786719169.0037758,8.460000943000068,60.0,60.0,61.392830408385834,-1.3928304083858336,0.25619293118374625,1348.0182620212013,-0.034033267167522044,0.28787696143455627,0.002057523198133282,-0.001953125
1786719169.0264313,8.480000906999976,60.0,60.0,61.39827463060641,-1.3982746306064087,0.25629148860214457,1347.9867236473137,-0.034166294611665024,0.287584107480742,0.0025808217792533126,-0.001953125
1786719169.0470848,8.500000706000037,60.0,60.0,61.39827463060641,-1.3982746306064087,0.2544501415807783,1348.5759546941508,-0.034166294611665024,0.2872912535269277,0.0010323287117013252,0.0
1786719169.0637565,8.520000726000035,60.0,60.0,61.39827463060641,-1.3982746306064087,0.2535378903999432,1348.8678750720183,-0.034166294611665024,0.28699839957311346,0.00041293148468053004,0.0
1786719169.0891113,8.540000821000149,60.0,60.0,61.40859887246509,-1.4085988724650917,0.2509871962368319,1349.6840972042137,-0.03441856343015376,0.2867033833151407,-0.0015926399061277877,0.001953125
1786719169.1038072,8.560000748999983,60.0,60.0,61.40859887246509,-1.4085988724650917,0.24988995142253584,1350.0352155447886,-0.03441856343015376,0.286408367057168,-0.0023948684624511152,0.001953125
1786719169.1272864,8.58000114000015,60.0,60.0,61.42826650238382,-1.4282665023838208,0.24879347288463002,1350.3860886769185,-0.03489913428755755,0.28610923162041746,-0.0027157598849804464,0.001953125
1786719169.147019,8.60000108600002,60.0,60.0,61.42826650238382,-1.4282665023838208,0.24660816837886776,1351.0853861187622,-0.03489913428755755,0.28581009618366693,-0.004601928953992179,0.00390625
1786719169.1637228,8.620000792000155,60.0,60.0,61.42826650238382,-1.4282665023838208,0.24555456531451253,1351.422539099356,-0.03489913428755755,0.28551096074691645,-0.005356396581596872,0.00390625
1786719169.1883898,8.640001497000185,60.0,60.0,61.443784345151414,-1.443784345151414,0.24633228289797837,1351.173669472647,-0.03527830671629936,0.2852085752607767,-0.0039003711326387486,0.001953125
1786719169.2040427,8.660001203000093,60.0,60.0,61.443784345151414,-1.443784345151414,0.24661230759142183,1351.084061570745,-0.03527830671629936,0.284906189774637,-0.003317960953055499,0.001953125
1786719169.2271438,8.680000724000138,60.0,60.0,61.44873722348683,-1.4487372234868303,0.24642186452895024,1351.1450033507358,-0.035399328364464556,0.28460276696008446,-0.0030849968812222,0.001953125
1786719169.2471452,8.700000780999972,60.0,60.0,61.44873722348683,-1.4487372234868303,0.24621162734313104,1351.212279250198,-0.035399328364464556,0.2842993441455319,-0.00299181125248888,0.001953125
1786719169.263663,8.720000617000096,60.0,60.0,61.44873722348683,-1.4487372234868303,0.24594547878007178,1351.297446790377,-0.035399328364464556,0.28399592133097934,-0.0029545370009955523,0.001953125
1786719169.2881863,8.740000562999967,60.0,60.0,61.46345239459029,-1.4634523945902913,0.24705521870606695,1350.9423300140586,-0.03575888782451417,0.2836894165781978,-0.001181814800398221,0.0
1786719169.30363,8.760000787000081,60.0,60.0,61.46345239459029,-1.4634523945902913,0.24745780283352434,1350.8135030932722,-0.03575888782451417,0.28338291182541625,-0.0004727259201592884,0.0
1786719169.3265243,8.780001418999973,60.0,60.0,61.47401589265664,-1.474015892656638,0.24717681868233823,1350.9034180216518,-0.036017002775014295,0.28307419465877326,-0.00018909036806371535,0.0
1786719169.3470716,8.800001013000156,60.0,60.0,61.47401589265664,-1.474015892656638,0.24522374323653348,1351.5284021643092,-0.036017002775014295,0.28276547749213027,-0.001833448647225486,0.001953125
1786719169.3637311,8.820001200999968,60.0,60.0,61.47401589265664,-1.474015892656638,0.24425728275822578,1351.8376695173677,-0.036017002775014295,0.2824567603254873,-0.0024911919588901945,0.001953125
1786719169.3884048,8.84000105400014,60.0,60.0,61.47896873057795,-1.4789687305779466,0.24532226010625466,1351.4968767659984,-0.03613802343567655,0.28214700583889574,-0.0009964767835560777,0.0
1786719169.4037495,8.860000816000138,60.0,60.0,61.47896873057795,-1.4789687305779466,0.24561039168979676,1351.404674659265,-0.03613802343567655,0.2818372513523042,-0.00039859071342243115,0.0
1786719169.4270563,8.880000781000035,60.0,60.0,61.489292268715616,-1.4892922687156158,0.24528754000791814,1351.5079871974663,-0.03639027505901709,0.2815253347089412,-0.00015943628536897248,0.0
1786719169.4470997,8.90000113400015,60.0,60.0,61.489292268715616,-1.4892922687156158,0.24331347263577652,1352.1396887565515,-0.03639027505901709,0.28121341806557815,-0.001821587014147589,0.001953125
1786719169.4637816,8.920000914000184,60.0,60.0,61.489292268715616,-1.4892922687156158,0.24233669570090202,1352.4522573757113,-0.03639027505901709,0.28090150142221515,-0.0024864473056590355,0.001953125
1786719169.4883885,8.94000100900007,60.0,60.0,61.49417390962881,-1.4941739096288134,0.24515517895136496,1351.5503427355632,-0.03650955604858659,0.2805885623703701,0.0007632335777363856,-0.001953125
1786719169.5037153,8.96000069600018,60.0,60.0,61.49417390962881,-1.4941739096288134,0.24614211225287808,1351.234524079079,-0.03650955604858659,0.28027562331852507,0.0020631059310945543,-0.001953125
1786719169.5264359,8.980000993999965,60.0,60.0,61.50473597642403,-1.5047359764240298,0.24609104216442737,1351.2508665073833,-0.03676763602653552,0.27996047215258335,0.002583054872437821,-0.001953125
1786719169.5470145,9.000000922000027,60.0,60.0,61.50473597642403,-1.5047359764240298,0.24598387057502297,1351.2851614159927,-0.03676763602653552,0.27964532098664163,0.0027910344489751287,-0.001953125
1786719169.5637908,9.02000083200005,60.0,60.0,61.50473597642403,-1.5047359764240298,0.24575191123969617,1351.3593884032973,-0.03676763602653552,0.2793301698206999,0.0028742262795900513,-0.001953125
1786719169.588383,9.040001037000138,60.0,60.0,61.50449789552306,-1.504497895523059,0.2419602292198517,1352.5727266496474,-0.03676181861268425,0.2790150685183055,-0.0006081219881639793,0.001953125
1786719169.6037152,9.060001242999988,60.0,60.0,61.50449789552306,-1.504497895523059,0.24025218861035566,1353.1192996446862,-0.03676181861268425,0.278699967215911,-0.0020010612952655916,0.001953125
1786719169.6272302,9.080001078000123,60.0,60.0,61.51010762113907,-1.5101076211390705,0.2392428401301345,1353.442291158357,-0.03689889006767026,0.278383691015331,-0.0025582370181062367,0.001953125
1786719169.647224,9.100001525000152,60.0,60.0,61.51010762113907,-1.5101076211390705,0.24046150614041822,1353.052318035066,-0.03689889006767026,0.27806741481475095,-0.0010232948072424948,0.0
1786719169.6638107,9.120000990000108,60.0,60.0,61.51010762113907,-1.5101076211390705,0.24075920682418367,1352.9570538162611,-0.03689889006767026,0.2777511386141709,-0.00040931792289699794,0.0
1786719169.6880894,9.140001103000031,60.0,60.0,61.51970446648764,-1.5197044664876387,0.24045402620854972,1353.054711613264,-0.03713338523646237,0.2774328524550012,-0.00016372716915879918,0.0
1786719169.7037244,9.160000808000177,60.0,60.0,61.51970446648764,-1.5197044664876387,0.24023397635087532,1353.12512756772,-0.03713338523646237,0.27711456629583153,-6.549086766351967e-05,0.0
1786719169.7271063,9.18000092200009,60.0,60.0,61.525383176573456,-1.525383176573456,0.23981622764873456,1353.2588071524049,-0.03727214230003158,0.27679509079040265,-2.619634706540787e-05,0.0
1786719169.747059,9.200000905000024,60.0,60.0,61.525383176573456,-1.525383176573456,0.24127028245154492,1352.7935096155056,-0.03727214230003158,0.27647561528497383,0.001747333961173837,-0.001953125
1786719169.7637186,9.220000870000149,60.0,60.0,61.525383176573456,-1.525383176573456,0.2416602190694118,1352.6687298977881,-0.03727214230003158,0.27615613977954495,0.0024567460844695348,-0.001953125
1786719169.7881327,9.240000724000083,60.0,60.0,61.525383176573456,-1.525383176573456,0.24162450841330121,1352.6801573077437,-0.03727214230003158,0.27583666427411613,0.0027405109337878143,-0.001953125
1786719169.8037257,9.260000966999996,60.0,60.0,61.525383176573456,-1.525383176573456,0.2414185388475997,1352.746067568768,-0.03727214230003158,0.27551718876868725,0.0028540168735151257,-0.001953125
1786719169.8270762,9.280000654000105,60.0,60.0,61.52587234446705,-1.5258723444670466,0.24113251309158823,1352.8375958106917,-0.03728409492650506,0.27519761081217436,0.0028994192494060504,-0.001953125
1786719169.8465052,9.300001100000145,60.0,60.0,61.52587234446705,-1.5258723444670466,0.23907328358543173,1353.496549252662,-0.03728409492650506,0.2748780328556614,0.0011597676997624202,0.0
1786719169.8637335,9.32000095400008,60.0,60.0,61.52587234446705,-1.5258723444670466,0.23805784500906133,1353.8214895971005,-0.03728409492650506,0.27455845489914854,0.0004639070799049681,0.0
1786719169.8880472,9.340001196999992,60.0,60.0,61.53082371737892,-1.5308237173789223,0.23909675044087667,1353.4890398589196,-0.037405079790233865,0.27423783992951795,0.0019433753319619872,-0.001953125
1786719169.903761,9.36000101400009,60.0,60.0,61.53082371737892,-1.5308237173789223,0.2393679227720689,1353.402264712938,-0.037405079790233865,0.27391722495988735,0.0025351626327847947,-0.001953125
1786719169.9264498,9.380001201000141,60.0,60.0,61.536195764083004,-1.5361957640830042,0.2391527588591874,1353.4711171650602,-0.03753634365381386,0.2735954848714261,0.0027718775531139182,-0.001953125
1786719169.9464066,9.40000083200016,60.0,60.0,61.536195764083004,-1.5361957640830042,0.2354100797388578,1354.6687744835656,-0.03753634365381386,0.27327374478296484,-0.0006490614787544327,0.001953125
1786719169.9631152,9.420000889999983,60.0,60.0,61.536195764083004,-1.5361957640830042,0.23371996403764922,1355.2096115079523,-0.03753634365381386,0.2729520046945036,-0.002017437091501773,0.001953125
1786719169.9880548,9.44000115100016,60.0,60.0,61.536195764083004,-1.5361957640830042,0.234608686204089,1354.9252204146915,-0.03753634365381386,0.27263026460604234,-0.0008069748366007093,0.0
1786719170.0037344,9.46000109800002,60.0,60.0,61.536195764083004,-1.5361957640830042,0.2347711310175882,1354.8732380743718,-0.03753634365381386,0.2723085245175811,-0.0003227899346402837,0.0
1786719170.0265005,9.480000711999992,60.0,60.0,61.536195764083004,-1.5361957640830042,0.2346430648899111,1354.9142192352285,-0.03753634365381386,0.27198678442911983,-0.0001291159738561135,0.0
1786719170.0464811,9.500000881999995,60.0,60.0,61.536195764083004,-1.5361957640830042,0.23439879438576353,1354.9923857965557,-0.03753634365381386,0.2716650443406586,-5.1646389542445406e-05,0.0
1786719170.0637455,9.520000755000183,60.0,60.0,61.536195764083004,-1.5361957640830042,0.23410804213102773,1355.085426518071,-0.03753634365381386,0.2713433042521973,-2.065855581697816e-05,0.0
1786719170.088155,9.540000999000085,60.0,60.0,61.53612831368119,-1.5361283136811892,0.23380034530028754,1355.183889503908,-0.03753469552958301,0.2710215782905152,-8.263422326791265e-06,0.0
1786719170.1038947,9.560000743000046,60.0,60.0,61.53612831368119,-1.5361283136811892,0.23348357739200148,1355.2852552345596,-0.03753469552958301,0.27069985232883303,-3.3053689307165063e-06,0.0
1786719170.1266317,9.580001099000128,60.0,60.0,61.53117748493651,-1.5311774849365065,0.23328480621889366,1355.348862009954,-0.037413723962367085,0.2703791632662985,-1.3221475722866027e-06,0.0
1786719170.146485,9.600001269000131,60.0,60.0,61.53117748493651,-1.5311774849365065,0.2382383479449025,1353.7637286576312,-0.037413723962367085,0.27005847420376394,0.005272908640971085,-0.005859375
1786719170.1637607,9.620001142000092,60.0,60.0,61.53117748493651,-1.5311774849365065,0.2400273511977853,1353.1912476167088,-0.037413723962367085,0.26973778514122937,0.007382600956388433,-0.005859375
1786719170.1882489,9.640001145000042,60.0,60.0,61.52580414536149,-1.5258041453614908,0.23540839701579408,1354.6693129549458,-0.03728242850799065,0.26941822146830374,0.0029530403825553733,0.0
1786719170.2037342,9.660000945000093,60.0,60.0,61.52580414536149,-1.5258041453614908,0.23331700911333525,1355.3385570837327,-0.03728242850799065,0.2690986577953781,0.0011812161530221493,0.0
1786719170.2264438,9.680000930000006,60.0,60.0,61.53612831368119,-1.5361283136811892,0.232036448727004,1355.7483364073587,-0.03753469552958301,0.268776931833696,0.0004724864612088598,0.0
1786719170.246569,9.700001415000088,60.0,60.0,61.53612831368119,-1.5361283136811892,0.23318904338859656,1355.379506115649,-0.03753469552958301,0.2684552058720138,0.001946807084483544,-0.001953125
1786719170.2637634,9.720000881000033,60.0,60.0,61.53612831368119,-1.5361283136811892,0.23345704567622425,1355.2937453836082,-0.03753469552958301,0.2681334799103317,0.0025365353337934177,-0.001953125
1786719170.2880726,9.740001069000073,60.0,60.0,61.53612831368119,-1.5361283136811892,0.23161339851426607,1355.8837124754348,-0.03753469552958301,0.26781175394864953,0.0010146141335173671,0.0
1786719170.3037248,9.760000998000123,60.0,60.0,61.53612831368119,-1.5361283136811892,0.2306829040724735,1356.1814706968084,-0.03753469552958301,0.2674900279869674,0.0004058456534069469,0.0
1786719170.3264048,9.780000724000047,60.0,60.0,61.54052161031652,-1.5405216103165174,0.2300103222309226,1356.3966968861048,-0.03764204401740758,0.26716738189538963,0.00016233826136277877,0.0
1786719170.3464208,9.80000082000015,60.0,60.0,61.54052161031652,-1.5405216103165174,0.22959027318252714,1356.5311125815913,-0.03764204401740758,0.26684473580381185,6.493530454511151e-05,0.0
1786719170.3637733,9.82000102699999,60.0,60.0,61.54052161031652,-1.5405216103165174,0.2292286659082223,1356.6468269093689,-0.03764204401740758,0.26652208971223407,2.5974121818044607e-05,0.0
1786719170.3872895,9.84000088200014,60.0,60.0,61.54052161031652,-1.5405216103165174,0.2271326228435537,1357.3175606900627,-0.03764204401740758,0.2661994436206563,-0.001747422851272782,0.001953125
1786719170.4037225,9.860001052000143,60.0,60.0,61.54052161031652,-1.5405216103165174,0.2261006179627396,1357.6478022519234,-0.03764204401740758,0.2658767975290785,-0.0024567816405091127,0.001953125
1786719170.4257593,9.880000740000014,60.0,60.0,61.54052161031652,-1.5405216103165174,0.22549422835546726,1357.8418469262506,-0.03764204401740758,0.2655541514375007,-0.0027405251562036452,0.001953125
1786719170.44573,9.900000910000017,60.0,60.0,61.54052161031652,-1.5405216103165174,0.22681589735761168,1357.4189128455641,-0.03764204401740758,0.26523150534592294,-0.0010962100624814582,0.0
1786719170.4631011,9.920000802000004,60.0,60.0,61.54052161031652,-1.5405216103165174,0.22715097730352277,1357.3116872628727,-0.03764204401740758,0.26490885925434515,-0.00043848402499258325,0.0
1786719170.4872918,9.940001213000187,60.0,60.0,61.54596281213523,-1.5459628121352298,0.2269584679851377,1357.373290244756,-0.03777499765921043,0.26458507356012334,-0.00017539360999703333,0.0
1786719170.5037403,9.96000101300001,60.0,60.0,61.54596281213523,-1.5459628121352298,0.22673991845691407,1357.4432260937874,-0.03777499765921043,0.26426128786590153,-7.015744399881333e-05,0.0
1786719170.5257874,9.980001016000188,60.0,60.0,61.54596281213523,-1.5459628121352298,0.22645822722909156,1357.5333672866907,-0.03777499765921043,0.26393750217167977,-2.8062977599525335e-05,0.0
1786719170.5457249,10.00000081600001,60.0,60.0,61.54596281213523,-1.5459628121352298,0.22790909182142952,1357.0690906171426,-0.03777499765921043,0.26361371647745796,0.0017465873089601896,-0.001953125
1786719170.5637805,10.020001337000167,60.0,60.0,61.54596281213523,-1.5459628121352298,0.2282951662418316,1356.945546802614,-0.03777499765921043,0.26328993078323615,0.002456447423584076,-0.001953125
1786719170.5870621,10.040001100000154,60.0,60.0,61.55084639657994,-1.5508463965799424,0.22462037111445615,1358.121481243374,-0.037894326138213606,0.26296512227348007,-0.0007752335305663694,0.001953125
1786719170.6037698,10.060000788000025,60.0,60.0,61.55084639657994,-1.5508463965799424,0.2230028902230399,1358.6390751286272,-0.037894326138213606,0.26264031376372393,-0.002067905912226548,0.001953125
1786719170.6261055,10.080002218000118,60.0,60.0,61.55084639657994,-1.5508463965799424,0.2221610127606197,1358.9084759166017,-0.037894326138213606,0.26231550525396785,-0.0025849748648906195,0.001953125
1786719170.6459699,10.100001202000158,60.0,60.0,61.55084639657994,-1.5508463965799424,0.223387189169798,1358.5160994656646,-0.037894326138213606,0.2619906967442117,-0.0010339899459562477,0.0
1786719170.6638594,10.120000706000155,60.0,60.0,61.55084639657994,-1.5508463965799424,0.2236827746276156,1358.421512119163,-0.037894326138213606,0.26166588823445563,-0.00041359597838249904,0.0
1786719170.687508,10.140001171999984,60.0,60.0,61.55084639657994,-1.5508463965799424,0.22360612370488903,1358.4460404144356,-0.037894326138213606,0.26134107972469955,-0.00016543839135299963,0.0
1786719170.7037632,10.160000768000145,60.0,60.0,61.55084639657994,-1.5508463965799424,0.22338057822994475,1358.5182149664176,-0.037894326138213606,0.2610162712149434,-6.617535654119985e-05,0.0
1786719170.725795,10.180000752000069,60.0,60.0,61.55084639657994,-1.5508463965799424,0.22309547493411333,1358.6094480210836,-0.037894326138213606,0.26069146270518734,-2.647014261647994e-05,0.0
1786719170.7457001,10.200000663000083,60.0,60.0,61.55084639657994,-1.5508463965799424,0.22454436100992714,1358.1458044768233,-0.037894326138213606,0.2603666541954312,0.0017472244429534078,-0.001953125
1786719170.7637095,10.220001092000075,60.0,60.0,61.55084639657994,-1.5508463965799424,0.22492903033439895,1358.0227102929923,-0.037894326138213606,0.2600418456856751,0.002456702277181363,-0.001953125
1786719170.7866745,10.240001096000015,60.0,60.0,61.54589544231504,-1.545895442315043,0.2232511750925875,1358.559623970372,-0.0377733515039602,0.25971807410135545,0.0009826809108725452,0.0
1786719170.8037171,10.260001025000065,60.0,60.0,61.54589544231504,-1.545895442315043,0.22233779496174427,1358.8519056122418,-0.0377733515039602,0.2593943025170358,0.00039307236434901814,0.0
1786719170.8258197,10.280000917000052,60.0,60.0,61.54589544231504,-1.545895442315043,0.22177817995881524,1359.0309824131791,-0.0377733515039602,0.25907053093271615,0.00015722894573960727,0.0
1786719170.8457992,10.300001030999965,60.0,60.0,61.54589544231504,-1.545895442315043,0.2196022585070518,1359.7272772777435,-0.0377733515039602,0.2587467593483965,-0.001694920921704157,0.001953125
1786719170.8637786,10.320001016000106,60.0,60.0,61.54589544231504,-1.545895442315043,0.21853762697575468,1360.0679593677585,-0.0377733515039602,0.25842298776407685,-0.002435780868681663,0.001953125
1786719170.8874397,10.340000686000167,60.0,60.0,61.54589544231504,-1.545895442315043,0.219675323912644,1359.703896347954,-0.0377733515039602,0.2580992161797572,-0.0009743123474726652,0.0
1786719170.903719,10.36000080100007,60.0,60.0,61.54589544231504,-1.545895442315043,0.21993613973680792,1359.6204352842215,-0.0377733515039602,0.25777544459543755,-0.000389724938989066,0.0
1786719170.925766,10.380000841000083,60.0,60.0,61.54638593940723,-1.5463859394072301,0.21983421801095956,1359.653050236493,-0.03778533660888237,0.2574515702816471,-0.00015588997559562643,0.0
1786719170.9457293,10.40000086300006,60.0,60.0,61.54638593940723,-1.5463859394072301,0.2231195026825265,1358.6017591415916,-0.03778533660888237,0.25712769596785673,0.0034532690097617493,-0.00390625
1786719170.9626935,10.420001014000036,60.0,60.0,61.54638593940723,-1.5463859394072301,0.22423929196287906,1358.2434265718787,-0.03778533660888237,0.2568038216540663,0.004896932603904699,-0.00390625
1786719170.9874082,10.44000105400005,60.0,60.0,61.54638593940723,-1.5463859394072301,0.2227350705867458,1358.7247774122413,-0.03778533660888237,0.25647994734027585,0.00371658554156188,-0.001953125
1786719171.0037508,10.46000079800001,60.0,60.0,61.54638593940723,-1.5463859394072301,0.22193905744801823,1358.9795016166343,-0.03778533660888237,0.25615607302648546,0.0032444467166247524,-0.001953125
1786719171.0258508,10.480000877000066,60.0,60.0,61.54045353215818,-1.5404535321581818,0.2215712836589441,1359.097189229138,-0.03764038055419127,0.2558334411931638,0.003055591186649901,-0.001953125
1786719171.045742,10.500001140999984,60.0,60.0,61.54045353215818,-1.5404535321581818,0.2194152971136325,1359.7871049236376,-0.03764038055419127,0.25551080935984216,0.0012222364746599605,0.0
1786719171.0638316,10.520001034000188,60.0,60.0,61.54045353215818,-1.5404535321581818,0.21835932339551486,1360.1250165134352,-0.03764038055419127,0.2551881775265205,0.0004888945898639842,0.0
1786719171.0874295,10.540001002000054,60.0,60.0,61.54094461357036,-1.5409446135703604,0.21948916792572182,1359.763466263769,-0.03765237993674427,0.25486544284134843,0.0019533703359455937,-0.001953125
1786719171.1037354,10.560001135999983,60.0,60.0,61.54094461357036,-1.5409446135703604,0.21975222353898238,1359.6792884675256,-0.03765237993674427,0.2545427081561763,0.002539160634378238,-0.001953125
1786719171.1257777,10.580000900000186,60.0,60.0,61.54510144543332,-1.5451014454333176,0.21956223440973877,1359.7400849888836,-0.03775395050018885,0.2542191028661747,0.002773476753751295,-0.001953125
1786719171.1457913,10.600001071000179,60.0,60.0,61.54510144543332,-1.5451014454333176,0.2175745430674864,1360.3761462184043,-0.03775395050018885,0.2538954975761731,0.001109390701500518,0.0
1786719171.1637309,10.62000113099998,60.0,60.0,61.54510144543332,-1.5451014454333176,0.21658530335658444,1360.692702925893,-0.03775395050018885,0.2535718922861715,0.00044375628060020725,0.0
1786719171.1874237,10.64000111700011,60.0,60.0,61.54038561979638,-1.5403856197963819,0.21611067365626302,1360.8445844299958,-0.03763872114214857,0.25324927467638164,0.0001775025122400829,0.0
1786719171.203708,10.660000788000161,60.0,60.0,61.54038561979638,-1.5403856197963819,0.21568155453912913,1360.9819025474787,-0.03763872114214857,0.2529266570665918,7.100100489603317e-05,0.0
1786719171.2258294,10.68000105200008,60.0,60.0,61.534706868090296,-1.5347068680902964,0.21545509440694585,1361.0543697897774,-0.03749996306160436,0.25260522881177805,2.840040195841327e-05,0.0
1786719171.245226,10.700001149000173,60.0,60.0,61.534706868090296,-1.5347068680902964,0.21160100091095704,1362.2876797084937,-0.03749996306160436,0.2522838005569643,-0.0035042648392166345,0.00390625
1786719171.2638352,10.720001098000012,60.0,60.0,61.534706868090296,-1.5347068680902964,0.2098665065596733,1362.8427179009045,-0.03749996306160436,0.2519623723021505,-0.004917330935686654,0.00390625
1786719171.2874784,10.740001084000141,60.0,60.0,61.535434623749524,-1.5354346237495236,0.21423550694090654,1361.44463777891,-0.03751774548696931,0.25164079162654795,-0.0002091198742746619,-0.001953125
1786719171.303718,10.760001181000007,60.0,60.0,61.535434623749524,-1.5354346237495236,0.21579721068986876,1360.944892579242,-0.03751774548696931,0.25131921095094534,0.0016741645502901352,-0.001953125
1786719171.3258166,10.780000742000084,60.0,60.0,61.534706868090296,-1.5347068680902964,0.21624672620945704,1360.8010476129737,-0.03749996306160436,0.2509977826961316,0.002427478320116054,-0.001953125
1786719171.3457534,10.80000082000015,60.0,60.0,61.534706868090296,-1.5347068680902964,0.21446881096257367,1361.3699804919765,-0.03749996306160436,0.2506763544413178,0.0009709913280464217,0.0
1786719171.363714,10.820000991000143,60.0,60.0,61.534706868090296,-1.5347068680902964,0.21356478791093203,1361.6592678685017,-0.03749996306160436,0.25035492618650407,0.00038839653121856864,0.0
1786719171.3866456,10.840001200000188,60.0,60.0,61.530807581378355,-1.5308075813783546,0.21310559928563083,1361.806208228598,-0.037404685513360646,0.2500343145963896,0.00015535861248742747,0.0
1786719171.403719,10.860000704000186,60.0,60.0,61.530807581378355,-1.5308075813783546,0.2126917725280239,1361.9386327910324,-0.037404685513360646,0.24971370300627505,6.2143444994971e-05,0.0
1786719171.4250417,10.880000950000067,60.0,60.0,61.52739697488238,-1.5273969748823788,0.21241721170889494,1362.0264922531537,-0.0373213486753781,0.24939380573191466,2.4857377997988395e-05,0.0
1786719171.4450083,10.900000973000033,60.0,60.0,61.52739697488238,-1.5273969748823788,0.21032458750773578,1362.6961319975246,-0.0373213486753781,0.2490739084575543,-0.0017478695488008047,0.001953125
1786719171.463395,10.920000847999972,60.0,60.0,61.52739697488238,-1.5273969748823788,0.20929559946265588,1363.0254081719502,-0.0373213486753781,0.24875401118319393,-0.002456960319520322,0.001953125
1786719171.4866452,10.940000778000012,60.0,60.0,61.53454327486517,-1.5345432748651717,0.20851744883035878,1363.2744163742852,-0.037495965725027024,0.24843261719126514,-0.002740596627808129,0.001953125
1786719171.5037003,10.960000820000005,60.0,60.0,61.53454327486517,-1.5345432748651717,0.20808260031511486,1363.4135678991634,-0.037495965725027024,0.24811122319933637,-0.0028540511511232513,0.001953125
1786719171.5251179,10.980000935000135,60.0,60.0,61.52984931206629,-1.5298493120662897,0.2078305196619893,1363.4942337081634,-0.03738127057689776,0.24779081230867722,-0.0028994329604493004,0.001953125
1786719171.5450253,11.000000681000074,60.0,60.0,61.52984931206629,-1.5298493120662897,0.21100758104759973,1362.477574064768,-0.03738127057689776,0.2474704014180181,0.0005980393158202797,-0.001953125
1786719171.5638201,11.020000944000003,60.0,60.0,61.52984931206629,-1.5298493120662897,0.21208615906744846,1362.1324290984164,-0.03738127057689776,0.24714999052735898,0.001997028226328112,-0.001953125
1786719171.5866408,11.04000076400007,60.0,60.0,61.53405335105052,-1.5340533510505168,0.2104648071899727,1362.6512616992088,-0.0374839946279175,0.24682869914483396,0.0007988112905312449,0.0
1786719171.6037786,11.060000861000162,60.0,60.0,61.53405335105052,-1.5340533510505168,0.20966422903312895,1362.9074467093988,-0.0374839946279175,0.24650740776230895,0.00031952451621249794,0.0
1786719171.6257875,11.080000717000075,60.0,60.0,61.535033032919756,-1.5350330329197561,0.20912728479694,1363.0792688649792,-0.03750793277185395,0.24618591119569305,0.00012780980648499917,0.0
1786719171.6452541,11.100001889000168,60.0,60.0,61.535033032919756,-1.5350330329197561,0.2087291023464331,1363.2066872491414,-0.03750793277185395,0.24586441462907715,5.1123922593999676e-05,0.0
1786719171.6638665,11.120001022999986,60.0,60.0,61.535033032919756,-1.5350330329197561,0.20837693142626082,1363.3193819435965,-0.03750793277185395,0.24554291806246126,2.044956903759987e-05,0.0
1786719171.6868439,11.14000117500018,60.0,60.0,61.5286776400404,-1.5286776400403994,0.20644064416162597,1363.9389938682798,-0.03735264122845034,0.2452227525662174,-0.0017496326723849599,0.001953125
1786719171.7037742,11.160000939000156,60.0,60.0,61.5286776400404,-1.5286776400403994,0.20541244576881307,1364.2680173539798,-0.03735264122845034,0.2449025870699735,-0.002457665568953984,0.001953125
1786719171.7255864,11.180001129000175,60.0,60.0,61.52916731398065,-1.5291673139806508,0.20479710212241556,1364.464927320827,-0.03736460621997638,0.24458231901665944,-0.0027408787275815935,0.001953125
1786719171.7447271,11.200001059999977,60.0,60.0,61.52916731398065,-1.5291673139806508,0.2078791738056504,1363.478664382192,-0.03736460621997638,0.24426205096334536,0.0006614610089673626,-0.001953125
1786719171.763996,11.220001009000043,60.0,60.0,61.52916731398065,-1.5291673139806508,0.2089198416469559,1363.1456506729742,-0.03736460621997638,0.24394178291003127,0.002022396903586945,-0.001953125
1786719171.7868426,11.240000680000094,60.0,60.0,61.518116571636654,-1.5181165716366536,0.2076561560256589,1363.550030071789,-0.03709458564580715,0.24362382931878152,0.0008089587614347779,0.0
1786719171.8037791,11.260000907000176,60.0,60.0,61.518116571636654,-1.5181165716366536,0.20685282717754827,1363.8070953031845,-0.03709458564580715,0.24330587572753173,0.0003235835045739112,0.0
1786719171.8255856,11.280000800000153,60.0,60.0,61.5134049523877,-1.5134049523877025,0.2064558500601465,1363.9341279807531,-0.03697945906921479,0.2429889089355099,0.00012943340182956447,0.0
1786719171.845089,11.300001175000034,60.0,60.0,61.5134049523877,-1.5134049523877025,0.20781903572702692,1363.4979085673513,-0.03697945906921479,0.24267194214348803,0.001809585860731826,-0.001953125
1786719171.8638535,11.320001142000137,60.0,60.0,61.5134049523877,-1.5134049523877025,0.20817412991856596,1363.384278426059,-0.03697945906921479,0.2423549753514662,0.0024816468442927305,-0.001953125
1786719171.8866436,11.340000758000087,60.0,60.0,61.50851982736526,-1.5085198273652622,0.20648754114238688,1363.9239868344362,-0.036860092946796395,0.24203903169763652,0.0009926587377170923,0.0
1786719171.9037917,11.36000111500016,60.0,60.0,61.50851982736526,-1.5085198273652622,0.20557600224592695,1364.2156792813034,-0.036860092946796395,0.24172308804380685,0.0003970634950868369,0.0
1786719171.9257753,11.380001138000125,60.0,60.0,61.508029816138816,-1.5080298161388157,0.2050337937280277,1364.3891860070312,-0.036848119713813875,0.24140724701768843,0.00015882539803473475,0.0
1786719171.9481947,11.400001179000128,60.0,60.0,61.508029816138816,-1.5080298161388157,0.20462265746308844,1364.5207496118117,-0.036848119713813875,0.24109140599157003,6.353015921389391e-05,0.0
1786719171.963286,11.42000103600003,60.0,60.0,61.508029816138816,-1.5080298161388157,0.2042686983414417,1364.6340165307386,-0.036848119713813875,0.2407755649654516,2.5412063685557567e-05,0.0
1786719171.9861217,11.440000799000018,60.0,60.0,61.50681184185896,-1.506811841858962,0.2022095583030552,1365.2929413430224,-0.0368183589878706,0.24045997903126987,-0.0017476476745257768,0.001953125
1786719172.003757,11.460000804000174,60.0,60.0,61.50681184185896,-1.506811841858962,0.20118474847358894,1365.6208804884516,-0.0368183589878706,0.24014439309708813,-0.0024568715698103107,0.001953125
1786719172.0249279,11.480000717000166,60.0,60.0,61.50192758824306,-1.5019275882430634,0.20070481781123323,1365.7744583004053,-0.03669901415793078,0.23982983011859157,-0.0027405611279241243,0.001953125
1786719172.04476,11.500000666999995,60.0,60.0,61.50192758824306,-1.5019275882430634,0.20203459150949116,1365.3489307169627,-0.03669901415793078,0.23951526714009502,-0.0010962244511696498,0.0
1786719172.0633383,11.520001340000135,60.0,60.0,61.50192758824306,-1.5019275882430634,0.20237776320169637,1365.239115775457,-0.03669901415793078,0.2392007041615985,-0.00043848978046785996,0.0
1786719172.0859966,11.540000790000022,60.0,60.0,61.50192758824306,-1.5019275882430634,0.20056848159148058,1365.8180858907263,-0.03669901415793078,0.23888614118310195,-0.0019332084121871439,0.001953125
1786719172.1031122,11.560000889000094,60.0,60.0,61.50192758824306,-1.5019275882430634,0.19965603116029632,1366.1100700287052,-0.03669901415793078,0.2385715782046054,-0.0025310958648748576,0.001953125
1786719172.1247113,11.580000987000176,60.0,60.0,61.497043375185285,-1.4970433751852852,0.19922165703964265,1366.2490697473145,-0.0365796703190128,0.23825803817329957,-0.002770250845949943,0.001953125
1786719172.1447632,11.600000974000068,60.0,60.0,61.497043375185285,-1.4970433751852852,0.1988124550159068,1366.3800143949097,-0.0365796703190128,0.23794449814199375,-0.0028659128383799774,0.001953125
1786719172.1631494,11.620000869000023,60.0,60.0,61.497043375185285,-1.4970433751852852,0.19846065018762896,1366.4925919399589,-0.0365796703190128,0.2376309581106879,-0.002904177635351991,0.001953125
1786719172.1860812,11.640000892999979,60.0,60.0,61.50143753417825,-1.501437534178251,0.19626662217833757,1367.1946809029319,-0.036687039878209524,0.2373164977688747,-0.004677296054140797,0.00390625
1786719172.2031555,11.660001103000013,60.0,60.0,61.50143753417825,-1.501437534178251,0.19524291446900885,1367.5222673699172,-0.036687039878209524,0.23700203742706147,-0.005386543421656319,0.00390625
1786719172.2247133,11.680001072000096,60.0,60.0,61.50143753417825,-1.501437534178251,0.19464475518018942,1367.7136783423393,-0.036687039878209524,0.23668757708524824,-0.005670242368662527,0.00390625
1786719172.2448633,11.700001429000167,60.0,60.0,61.50143753417825,-1.501437534178251,0.2012480652595737,1365.6006191169363,-0.036687039878209524,0.236373116743435,0.0012475280525349889,-0.00390625
1786719172.2632468,11.720001732000128,60.0,60.0,61.50143753417825,-1.501437534178251,0.2037007130862395,1364.8157718124035,-0.036687039878209524,0.23605865640162177,0.0040146362210139955,-0.00390625
1786719172.2859538,11.740001052000025,60.0,60.0,61.50143753417825,-1.501437534178251,0.20097747101181784,1365.6872092762183,-0.036687039878209524,0.23574419605980856,0.0016058544884055982,0.0
1786719172.303126,11.760000780000155,60.0,60.0,61.50143753417825,-1.501437534178251,0.19969949797696127,1366.0961606473725,-0.036687039878209524,0.23542973571799533,0.0006423417953622393,0.0
1786719172.3247056,11.78000106400009,60.0,60.0,61.49655373645351,-1.4965537364535066,0.19911896624834818,1366.2819308005287,-0.036567706187792044,0.23511629823638566,0.00025693671814489574,0.0
1786719172.3447511,11.800001088000045,60.0,60.0,61.49655373645351,-1.4965537364535066,0.1968935542358516,1366.9940626445275,-0.036567706187792044,0.23480286075477602,-0.0016550378127420417,0.001953125
1786719172.3631341,11.820001150000053,60.0,60.0,61.49655373645351,-1.4965537364535066,0.19581532694188716,1367.339095378596,-0.036567706187792044,0.23448942327316635,-0.0024198276250968166,0.001953125
1786719172.385936,11.840001174000008,60.0,60.0,61.49160341048102,-1.4916034104810196,0.19883255781750925,1366.373581498397,-0.0364467469056184,0.2341770225854039,0.0007898814499612731,-0.001953125
1786719172.4030676,11.860000921000164,60.0,60.0,61.49160341048102,-1.4916034104810196,0.19980404075977,1366.0627069568736,-0.0364467469056184,0.23386462189764146,0.0020737650799845095,-0.001953125
1786719172.424671,11.880000982000183,60.0,60.0,61.49160341048102,-1.4916034104810196,0.20000519352401688,1365.9983380723147,-0.0364467469056184,0.233552221209879,0.0025873185319938035,-0.001953125
1786719172.4447045,11.90000074700015,60.0,60.0,61.49160341048102,-1.4916034104810196,0.20341383921705813,1364.9075714505414,-0.0364467469056184,0.23323982052211656,0.006308364912797521,-0.005859375
1786719172.463096,11.920000883000057,60.0,60.0,61.49160341048102,-1.4916034104810196,0.20458985708161717,1364.5312457338825,-0.0364467469056184,0.2329274198343541,0.007796783465119007,-0.005859375
1786719172.4858136,11.940000833000113,60.0,60.0,61.486229844994625,-1.4862298449946252,0.19797287478921607,1366.6486800674509,-0.036315445931185644,0.23261614458351537,0.0013609008860476033,0.001953125
1786719172.502933,11.960000709000042,60.0,60.0,61.486229844994625,-1.4862298449946252,0.19508724650674877,1367.5720811178403,-0.036315445931185644,0.23230486933267666,-0.0012134521455809586,0.001953125
1786719172.5245912,11.980001048000076,60.0,60.0,61.4861625682895,-1.486162568289501,0.19374787392327866,1368.0006803445508,-0.036313802051165606,0.2319936081722381,-0.0022431933582323835,0.001953125
1786719172.5444403,12.000001091000058,60.0,60.0,61.4861625682895,-1.486162568289501,0.20005596627777955,1365.9820907911105,-0.036313802051165606,0.23168234701179957,0.004376160156707046,-0.005859375
1786719172.5628767,12.02000106000014,60.0,60.0,61.4861625682895,-1.486162568289501,0.20239244652331678,1365.2344171125387,-0.036313802051165606,0.231371085851361,0.007023901562682818,-0.005859375
1786719172.5856657,12.040000769000017,60.0,60.0,61.486229844994625,-1.4862298449946252,0.2013808255452485,1365.5581358255204,-0.036315445931185644,0.23105981060052228,0.0063251856250731275,-0.00390625
1786719172.602771,12.060000757000125,60.0,60.0,61.486229844994625,-1.4862298449946252,0.2007900639193659,1365.747179545803,-0.036315445931185644,0.23074853534968356,0.006045699250029251,-0.00390625
1786719172.624567,12.08000072599998,60.0,60.0,61.48078883295673,-1.4807888329567334,0.20049994312309222,1365.8400182006105,-0.03618249692660304,0.23043839966174123,0.0059339047000117,-0.00390625
1786719172.644457,12.100001434999967,60.0,60.0,61.48078883295673,-1.4807888329567334,0.1948716521151429,1367.6410713231544,-0.03618249692660304,0.23012826397379893,0.00061574938000468,0.001953125
1786719172.6628478,12.120000978000007,60.0,60.0,61.48078883295673,-1.4807888329567334,0.19243425429919778,1368.4210386242567,-0.03618249692660304,0.22981812828585663,-0.0015115127479981279,0.001953125
1786719172.6855545,12.140000891,60.0,60.0,61.48078883295673,-1.4807888329567334,0.19303102626005436,1368.2300715967826,-0.03618249692660304,0.2295079925979143,-0.0006046050991992512,0.0
1786719172.7027514,12.160000803999992,60.0,60.0,61.48078883295673,-1.4807888329567334,0.19308365363163155,1368.213230837878,-0.03618249692660304,0.229197856909972,-0.00024184203967970048,0.0
1786719172.724204,12.1800009210001,60.0,60.0,61.48543355696714,-1.4854335569671377,0.1928051311499379,1368.3023580320198,-0.03629598894416223,0.22888674843330772,-9.673681587188019e-05,0.0
1786719172.744271,12.20000072400012,60.0,60.0,61.48543355696714,-1.4854335569671377,0.19079425226279675,1368.945839275905,-0.03629598894416223,0.22857563995664348,-0.001796507226348752,0.001953125
1786719172.7627075,12.220000933000165,60.0,60.0,61.48543355696714,-1.4854335569671377,0.18980323562194176,1369.2629646009786,-0.03629598894416223,0.22826453147997922,-0.002476415390539501,0.001953125
1786719172.7853522,12.240001069000073,60.0,60.0,61.48078883295673,-1.4807888329567334,0.19284928089716039,1368.2882301129086,-0.03618249692660304,0.2279543957920369,0.0007672463437841995,-0.001953125
1786719172.8027103,12.260000945000002,60.0,60.0,61.48078883295673,-1.4807888329567334,0.19383660990294757,1367.9722848310569,-0.03618249692660304,0.22764426010409458,0.00206471103751368,-0.001953125
1786719172.8240588,12.280001080000147,60.0,60.0,61.48573987003823,-1.4857398700382305,0.19392448343465238,1367.9441653009112,-0.03630347358444768,0.22733308747337078,0.0025836969150054715,-0.001953125
1786719172.844072,12.300001271000156,60.0,60.0,61.48573987003823,-1.4857398700382305,0.1903052801549253,1369.102310350424,-0.03630347358444768,0.22702191484264694,-0.0007243337339978113,0.001953125
1786719172.8628278,12.320001147000085,60.0,60.0,61.48573987003823,-1.4857398700382305,0.18867089526460012,1369.625313515328,-0.03630347358444768,0.2267107422119231,-0.0020475459935991244,0.001953125
1786719172.8852043,12.340000950000103,60.0,60.0,61.481279226435134,-1.4812792264351344,0.18618161931472066,1370.4218818192894,-0.03619447949976281,0.22640050381621088,-0.00433464339743965,0.00390625
1786719172.9027157,12.360001195999985,60.0,60.0,61.481279226435134,-1.4812792264351344,0.18495654195747221,1370.8139065736088,-0.03619447949976281,0.22609026542049865,-0.005249482358975859,0.00390625
1786719172.9246104,12.380000832000178,60.0,60.0,61.47632873384302,-1.4763287338430189,0.18440133133060468,1370.9915739742064,-0.0360735161463036,0.22578106385353033,-0.005615417943590344,0.00390625
1786719172.9439554,12.400000986000123,60.0,60.0,61.47632873384302,-1.4763287338430189,0.1892191930297906,1369.449858230467,-0.0360735161463036,0.22547186228656202,-0.0004883546774361378,-0.001953125
1786719172.9627063,12.420000788000152,60.0,60.0,61.47632873384302,-1.4763287338430189,0.19096081676928395,1368.8925386338292,-0.0360735161463036,0.22516266071959373,0.0015624706290255446,-0.001953125
1786719172.9855611,12.440000960000134,60.0,60.0,61.47144543266691,-1.4714454326669115,0.19334907938234577,1368.1282945976493,-0.03595419458885818,0.2248544819088321,0.0041406132516102175,-0.00390625
1786719173.0026875,12.46000085500009,60.0,60.0,61.47144543266691,-1.4714454326669115,0.194072157620618,1367.8969095614023,-0.03595419458885818,0.22454630309807042,0.005171870300644086,-0.00390625
1786719173.0244226,12.480000751000034,60.0,60.0,61.47144543266691,-1.4714454326669115,0.19417648162946988,1367.8635258785696,-0.03595419458885818,0.22423812428730877,0.005584373120257635,-0.00390625
1786719173.0442584,12.500000905999968,60.0,60.0,61.47144543266691,-1.4714454326669115,0.19754892894655365,1366.7843427371029,-0.03595419458885818,0.22392994547654713,0.009264999248103053,-0.0078125
1786719173.062771,12.520001024000067,60.0,60.0,61.47144543266691,-1.4714454326669115,0.19871300058693017,1366.4118398121823,-0.03595419458885818,0.22362176666578548,0.010737249699241221,-0.0078125
1786719173.0856817,12.540000754000175,60.0,60.0,61.465765217842176,-1.4657652178421756,0.19561689078790093,1367.4025949478716,-0.03581540075758105,0.22331477751643478,0.0078105248796964885,-0.00390625
1786719173.1030376,12.560001520000014,60.0,60.0,61.465765217842176,-1.4657652178421756,0.1941392117107323,1367.8754522525655,-0.03581540075758105,0.22300778836708407,0.006639834951878596,-0.00390625
1786719173.1246438,12.580001786000139,60.0,60.0,61.47583792187507,-1.475837921875069,0.1931178240003204,1368.2022963198974,-0.03606152334751512,0.22269868959553393,0.006171558980751438,-0.00390625
1786719173.1444888,12.600001238000004,60.0,60.0,61.47583792187507,-1.475837921875069,0.18734797734031938,1370.048647251098,-0.03606152334751512,0.22238959082398382,0.0007108110923005754,0.001953125
1786719173.1627705,12.620001263000177,60.0,60.0,61.47583792187507,-1.475837921875069,0.18485457941338895,1370.8465345877155,-0.03606152334751512,0.2220804920524337,-0.0014734880630797697,0.001953125
1786719173.1855445,12.640000955999994,60.0,60.0,61.47583792187507,-1.475837921875069,0.18191394847968667,1371.7875364865004,-0.03606152334751512,0.22177139328088355,-0.004105020225231908,0.00390625
1786719173.2027109,12.660000815000103,60.0,60.0,61.47583792187507,-1.475837921875069,0.18055223684327568,1372.2232842101519,-0.03606152334751512,0.2214622945093334,-0.005157633090092763,0.00390625
1786719173.2254703,12.680001155000127,60.0,60.0,61.47583792187507,-1.475837921875069,0.1798220929257812,1372.45693026375,-0.03606152334751512,0.22115319573778328,-0.005578678236037105,0.00390625
1786719173.2429268,12.700001422000014,60.0,60.0,61.47583792187507,-1.475837921875069,0.17934457609585333,1372.609735649327,-0.03606152334751512,0.22084409696623317,-0.0057470962944148425,0.00390625
1786719173.2628639,12.72000105799998,60.0,60.0,61.47583792187507,-1.475837921875069,0.17896811010095212,1372.7302047676953,-0.03606152334751512,0.22053499819468303,-0.005814463517765937,0.00390625
1786719173.285414,12.740000917000089,60.0,60.0,61.47583792187507,-1.475837921875069,0.18038987694006153,1372.2752393791802,-0.03606152334751512,0.2202258994231329,-0.004083597907106374,0.001953125
1786719173.302709,12.760000794999996,60.0,60.0,61.47583792187507,-1.475837921875069,0.18077312441277524,1372.152600187912,-0.03606152334751512,0.21991680065158276,-0.00339125166284255,0.001953125
1786719173.3253653,12.780000931000131,60.0,60.0,61.471935662678334,-1.4719356626783338,0.18962537681867958,1369.3198794180225,-0.03596617316776615,0.21960851916728763,0.00567474933486298,-0.0078125
1786719173.3427646,12.800000771999976,60.0,60.0,61.471935662678334,-1.4719356626783338,0.19294349573346667,1368.2580813652908,-0.03596617316776615,0.2193002376829925,0.009301149733945193,-0.0078125
1786719173.3626957,12.820000723000021,60.0,60.0,61.471935662678334,-1.4719356626783338,0.19408577440880442,1367.8925521891827,-0.03596617316776615,0.21899195619869738,0.010751709893578078,-0.0078125
1786719173.3852654,12.840000879000172,60.0,60.0,61.46607219060385,-1.4660721906038532,0.18571192613898027,1370.5721836355262,-0.035822901517148356,0.21868490275712185,0.002542871457431231,0.001953125
1786719173.4027038,12.86000070099999,60.0,60.0,61.46607219060385,-1.4660721906038532,0.18212133732294597,1371.7211720566572,-0.035822901517148356,0.2183778493155463,-0.0007406639170275076,0.001953125
1786719173.4251473,12.88000106000004,60.0,60.0,61.46088195741481,-1.4608819574148129,0.18414331605292,1371.0741388630656,-0.0356960801958153,0.2180718829138679,0.001461546933188997,-0.001953125
1786719173.442747,12.900000900000123,60.0,60.0,61.46088195741481,-1.4608819574148129,0.1847182339913282,1370.890165122775,-0.0356960801958153,0.21776591651218946,0.0023424312732755986,-0.001953125
1786719173.4628155,12.920000852000157,60.0,60.0,61.46088195741481,-1.4608819574148129,0.1847646213256844,1370.875321175781,-0.0356960801958153,0.21745995011051106,0.0026947850093102395,-0.001953125
1786719173.4851794,12.940001007000092,60.0,60.0,61.47120635890286,-1.4712063589028617,0.18610513619944988,1370.446356416176,-0.03594835291478526,0.21715182137124145,0.004593539003724096,-0.00390625
1786719173.5027125,12.960000662000084,60.0,60.0,61.47120635890286,-1.4712063589028617,0.18655650905794582,1370.3019171014573,-0.03594835291478526,0.21684369263197187,0.005353040601489638,-0.00390625
1786719173.5239697,12.980000651000182,60.0,60.0,61.46632268324413,-1.4663226832441296,0.1866715116655646,1370.2651162670193,-0.035829022207003125,0.2165365867273404,0.005656841240595855,-0.00390625
1786719173.5438669,13.000000825000143,60.0,60.0,61.46632268324413,-1.4663226832441296,0.19000155101657562,1369.1995036746957,-0.035829022207003125,0.21622948082270896,0.009293986496238343,-0.0078125
1786719173.5627697,13.02000109100004,60.0,60.0,61.46632268324413,-1.4663226832441296,0.19114930321420118,1368.8322229714556,-0.035829022207003125,0.21592237491807753,0.010748844598495337,-0.0078125
1786719173.5852048,13.040001135000011,60.0,60.0,61.461121405591086,-1.4611214055910864,0.18451998173897094,1370.9536058435292,-0.03570193101850472,0.21561635836649035,0.004299537839398135,0.0
1786719173.6026957,13.06000086400013,60.0,60.0,61.461121405591086,-1.4611214055910864,0.18163424248374488,1371.8770424052016,-0.03570193101850472,0.2153103418149032,0.001719815135759254,0.0
1786719173.6269069,13.080000909000091,60.0,60.0,61.45550862672624,-1.4555086267262425,0.17691785791063122,1373.386285468598,-0.035564784958575686,0.21500550080097253,-0.002827698945696298,0.00390625
1786719173.6429546,13.100001360000078,60.0,60.0,61.45550862672624,-1.4555086267262425,0.17479401126411834,1374.0659163954822,-0.035564784958575686,0.21470065978704186,-0.0046467045782785195,0.00390625
1786719173.6628811,13.12000095999997,60.0,60.0,61.45550862672624,-1.4555086267262425,0.17376156799715478,1374.3962982409105,-0.035564784958575686,0.2143958187731112,-0.0053743068313114074,0.00390625
1786719173.6860752,13.140000782000016,60.0,60.0,61.46534263472299,-1.4653426347229868,0.17116758343651606,1375.226373300315,-0.035805075104070584,0.214088918129362,-0.007423160232524562,0.005859375
1786719173.7029843,13.160001141000066,60.0,60.0,61.46534263472299,-1.4653426347229868,0.1700411414322816,1375.58683474167,-0.035805075104070584,0.21378201748561285,-0.008242701593009823,0.005859375
1786719173.7258809,13.180000758999995,60.0,60.0,61.46656217223952,-1.4665621722395201,0.17816568782131717,1372.9869798971786,-0.03583487402709173,0.21347486142252348,0.0002185443627960703,-0.00390625
1786719173.7427113,13.200000933000183,60.0,60.0,61.46656217223952,-1.4665621722395201,0.18124303014055018,1372.002230355024,-0.03583487402709173,0.2131677053594341,0.0036030427451184278,-0.00390625
1786719173.7626998,13.220001088000117,60.0,60.0,61.46656217223952,-1.4665621722395201,0.18228967343038974,1371.6673045022753,-0.03583487402709173,0.21286054929634474,0.004956842098047371,-0.00390625
1786719173.7857435,13.240000762000136,60.0,60.0,61.466878481245715,-1.4668784812457147,0.18075849572141542,1372.157281369147,-0.03584260291414826,0.21255332698565205,0.0037405493392189486,-0.001953125
1786719173.8027003,13.260000824000144,60.0,60.0,61.466878481245715,-1.4668784812457147,0.17996475630719136,1372.4112779816987,-0.03584260291414826,0.21224610467495933,0.0032540322356875797,-0.001953125
1786719173.8264403,13.280000831000052,60.0,60.0,61.461928407074055,-1.4619284070740548,0.18485731778460487,1370.8456583089264,-0.0357216497846295,0.2119399191053768,0.008332862894275032,-0.0078125
1786719173.842767,13.300001115999976,60.0,60.0,61.461928407074055,-1.4619284070740548,0.1865826644784573,1370.2935473668936,-0.0357216497846295,0.21163373353579426,0.010364395157710012,-0.0078125
1786719173.8628716,13.320000827000058,60.0,60.0,61.461928407074055,-1.4619284070740548,0.18708909181424876,1370.1314906194405,-0.0357216497846295,0.21132754796621173,0.011177008063084005,-0.0078125
1786719173.8864515,13.34000092700012,60.0,60.0,61.462657584845516,-1.4626575848455161,0.18709013423269372,1370.131157045538,-0.035739466958751596,0.21102120967799384,0.011502053225233603,-0.0078125
1786719173.9026904,13.360000712000101,60.0,60.0,61.462657584845516,-1.4626575848455161,0.18691381400933568,1370.1875795170126,-0.035739466958751596,0.21071487138977596,0.01163207129009344,-0.0078125
1786719173.9264467,13.380000719000009,60.0,60.0,61.451605087930176,-1.4516050879301758,0.17462485889349663,1374.120045154081,-0.03546940351231671,0.21041084793109896,-0.0006206089839626229,0.005859375
1786719173.942712,13.400000800000043,60.0,60.0,61.451605087930176,-1.4516050879301758,0.16941976332519718,1375.7856757359368,-0.03546940351231671,0.210106824472422,-0.005521681093585048,0.005859375
1786719173.962694,13.420000937000168,60.0,60.0,61.451605087930176,-1.4516050879301758,0.16715531102267125,1376.5103004727453,-0.03546940351231671,0.209802801013745,-0.007482109937434018,0.005859375
1786719173.9864066,13.440001074000065,60.0,60.0,61.457218404022825,-1.457218404022825,0.174719019339574,1374.0899138113364,-0.03560656269919739,0.20949760190489472,0.0005227810250263921,-0.00390625
1786719174.0026894,13.460000710000031,60.0,60.0,61.457218404022825,-1.457218404022825,0.17761577661570788,1373.1629514829735,-0.03560656269919739,0.20919240279604442,0.003724737410010557,-0.00390625
1786719174.0258243,13.480000793000045,60.0,60.0,61.44787464197884,-1.4478746419788422,0.18233529623791778,1371.6527052038664,-0.035378251522130866,0.20888916064014046,0.008521144964004223,-0.0078125
1786719174.0427248,13.500000912000132,60.0,60.0,61.44787464197884,-1.4478746419788422,0.18395061710361127,1371.1358025268444,-0.035378251522130866,0.20858591848423647,0.010439707985601688,-0.0078125
1786719174.0628254,13.52000079100003,60.0,60.0,61.44787464197884,-1.4478746419788422,0.1844148001563463,1370.9872639499692,-0.035378251522130866,0.2082826763283325,0.011207133194240677,-0.0078125
1786719174.0872226,13.54000089200008,60.0,60.0,61.44274985703055,-1.4427498570305488,0.18454375020302402,1370.9459999350324,-0.035253029403004746,0.20798050750487815,0.01151410327769627,-0.0078125
1786719174.1027856,13.560000826000078,60.0,60.0,61.44274985703055,-1.4427498570305488,0.1843643694129519,1371.0034017878554,-0.035253029403004746,0.20767833868142382,0.011636891311078508,-0.0078125
1786719174.1272073,13.580000909000091,60.0,60.0,61.436821180246,-1.4368211802459996,0.1842561807050982,1371.0380221743685,-0.03510816450075704,0.20737741155713163,0.011686006524431403,-0.0078125
1786719174.1428027,13.600000843000089,60.0,60.0,61.436821180246,-1.4368211802459996,0.18397489966614716,1371.128032106833,-0.03510816450075704,0.2070764844328394,0.011705652609772563,-0.0078125
1786719174.1627412,13.620001018000039,60.0,60.0,61.436821180246,-1.4368211802459996,0.1836818309759914,1371.2218140876828,-0.03510816450075704,0.20677555730854721,0.011713511043909025,-0.0078125
1786719174.188107,13.640001230000053,60.0,60.0,61.43584111202114,-1.4358411120211372,0.172861119809739,1374.6844416608835,-0.035084216916371806,0.20647483544926404,0.0011697794175636103,0.00390625
1786719174.2027252,13.66000090500006,60.0,60.0,61.43584111202114,-1.4358411120211372,0.16834290529991766,1376.1302703040265,-0.035084216916371806,0.20617411358998086,-0.003047713232974556,0.00390625
1786719174.2278683,13.680001080000011,60.0,60.0,61.44177129452143,-1.4417712945214305,0.17675715968659525,1373.4377089002896,-0.03522911861019578,0.20587214971617918,0.005812164706810177,-0.0078125
1786719174.2429345,13.700001218000125,60.0,60.0,61.44177129452143,-1.4417712945214305,0.17999914698870745,1372.4002729636136,-0.03522911861019578,0.2055701858423775,0.00935611588272407,-0.0078125
1786719174.2640724,13.72000111500006,60.0,60.0,61.44177129452143,-1.4417712945214305,0.18111476358527134,1372.0432756527132,-0.03522911861019578,0.2052682219685758,0.010773696353089628,-0.0078125
1786719174.2852578,13.740001068000083,60.0,60.0,61.44128176245454,-1.441281762454537,0.18139179342452183,1371.954626104153,-0.035217157085289844,0.20496636062213047,0.01134072854123585,-0.0078125
1786719174.3027456,13.760001021000107,60.0,60.0,61.44128176245454,-1.441281762454537,0.181316744953335,1371.9786416149327,-0.035217157085289844,0.2046644992756851,0.01156754141649434,-0.0078125
1786719174.3285418,13.780000955000105,60.0,60.0,61.43535082692674,-1.4353508269267365,0.1707036538507501,1375.37483076776,-0.035072236991532765,0.204363880101472,0.0011113915665977362,0.00390625
1786719174.3427203,13.800000871000066,60.0,60.0,61.43535082692674,-1.4353508269267365,0.1662205747365783,1376.809416084295,-0.035072236991532765,0.20406326092725885,-0.0030710683733609053,0.00390625
1786719174.363926,13.820000731000164,60.0,60.0,61.43535082692674,-1.4353508269267365,0.1642469715863817,1377.4409690923578,-0.035072236991532765,0.20376264175304573,-0.004744052349344363,0.00390625
1786719174.3851922,13.840000684000188,60.0,60.0,61.43535082692674,-1.4353508269267365,0.15800372132177523,1379.438809177032,-0.035072236991532765,0.20346202257883259,-0.010686683439737745,0.009765625
1786719174.4026995,13.860000895999974,60.0,60.0,61.43535082692674,-1.4353508269267365,0.15532604971140473,1380.2956640923505,-0.035072236991532765,0.20316140340461944,-0.0130637358758951,0.009765625
1786719174.4285371,13.880000775000099,60.0,60.0,61.43387896745119,-1.433878967451193,0.1628996363742935,1377.872116360226,-0.03503627267996789,0.202861092495934,-0.00522549435035804,0.0
1786719174.4427025,13.900000950000049,60.0,60.0,61.43387896745119,-1.433878967451193,0.1657346220758229,1376.9649209357367,-0.03503627267996789,0.20256078158724858,-0.002090197740143216,0.0
1786719174.4640272,13.920001105999972,60.0,60.0,61.442260659372806,-1.4422606593728062,0.16648362644193546,1376.7252395385806,-0.03524107604925584,0.20225871522111213,-0.0008360790960572865,0.0
1786719174.4852881,13.940001170000187,60.0,60.0,61.442260659372806,-1.4422606593728062,0.1631675825334334,1377.7863735893013,-0.03524107604925584,0.20195664885497566,-0.0038500566384229145,0.00390625
1786719174.5027065,13.960000844999968,60.0,60.0,61.442260659372806,-1.4422606593728062,0.16165992515035066,1378.2688239518877,-0.03524107604925584,0.2016545824888392,-0.005055647655369166,0.00390625
1786719174.5278552,13.980000872000119,60.0,60.0,61.44274985703055,-1.4427498570305488,0.16262148152368677,1377.9611259124201,-0.035253029403004746,0.20135241366538487,-0.003780071562147667,0.001953125
1786719174.5427241,14.000001047000069,60.0,60.0,61.44274985703055,-1.4427498570305488,0.16282954313752107,1377.8945461959934,-0.035253029403004746,0.20105024484193054,-0.003269841124859067,0.001953125
1786719174.5640054,14.02000075900014,60.0,60.0,61.446721534971516,-1.4467215349715161,0.16263442008932397,1377.9569855714162,-0.03535007580266294,0.20074724419219342,-0.0030657489499436264,0.001953125
1786719174.5852933,14.040001083000107,60.0,60.0,61.446721534971516,-1.4467215349715161,0.160655243809553,1378.590321980943,-0.03535007580266294,0.2004442435424563,-0.00474192457997745,0.00390625
1786719174.6027763,14.060001054000168,60.0,60.0,61.446721534971516,-1.4467215349715161,0.15968177290780236,1378.9018326695032,-0.03535007580266294,0.20014124289271917,-0.0054123948319909805,0.00390625
1786719174.6294892,14.080001099000128,60.0,60.0,61.44763424060059,-1.4476342406005926,0.16260390755159942,1377.966749583488,-0.035372377408323365,0.19983805108636213,-0.002164957932796392,0.0
1786719174.6435945,14.100001312000131,60.0,60.0,61.44763424060059,-1.4476342406005926,0.1635996905049202,1377.6480990384255,-0.035372377408323365,0.19953485928000508,-0.0008659831731185569,0.0
1786719174.664751,14.120001042000013,60.0,60.0,61.45281909533287,-1.4528190953328703,0.1636893987015921,1377.6193924154904,-0.035499067309165556,0.19923058156021223,-0.0003463932692474228,0.0
1786719174.6871152,14.140001051000127,60.0,60.0,61.45281909533287,-1.4528190953328703,0.1671085819433477,1376.5252537781287,-0.035499067309165556,0.19892630384041937,0.003377067692301031,-0.00390625
1786719174.7034092,14.160000966000098,60.0,60.0,61.45281909533287,-1.4528190953328703,0.16829368860817423,1376.1460196453843,-0.035499067309165556,0.19862202612062652,0.004866452076920412,-0.00390625
1786719174.7294185,14.180000882000058,60.0,60.0,61.4319361936424,-1.4319361936424002,0.1761266801908457,1373.6394623389294,-0.03498880176054897,0.1983221221055361,0.012493455830768165,-0.01171875
1786719174.7427049,14.200001038999972,60.0,60.0,61.4319361936424,-1.4319361936424002,0.1788775776772944,1372.7591751432658,-0.03498880176054897,0.19802221809044568,0.015544257332307264,-0.01171875
1786719174.764628,14.220001103000186,60.0,60.0,61.39472461546737,-1.3947246154673678,0.18070724464544424,1372.1736817134579,-0.03407955137792436,0.19773010765006346,0.01676457793292291,-0.01171875
1786719174.786599,14.240000852000094,60.0,60.0,61.39472461546737,-1.3947246154673678,0.17914544994530826,1372.6734560175014,-0.03407955137792436,0.19743799720968125,0.015494893673169164,-0.009765625
1786719174.8037033,14.260000711999965,60.0,60.0,61.39472461546737,-1.3947246154673678,0.17834546580102456,1372.9294509436722,-0.03407955137792436,0.19714588676929903,0.014987019969267667,-0.009765625
1786719174.829459,14.280001053999968,60.0,60.0,61.37501237881628,-1.3750123788162796,0.16075374168457307,1378.5588026609366,-0.03359789057243305,0.19685790485010676,-0.002794254512292933,0.009765625
1786719174.8440053,14.300000987999965,60.0,60.0,61.37501237881628,-1.3750123788162796,0.15335324997275657,1380.926960008718,-0.03359789057243305,0.1965699229309145,-0.009906764304917173,0.009765625
1786719174.865373,14.32000094099999,60.0,60.0,61.39103835568102,-1.3910383556810189,0.14982867564952118,1382.0548237921532,-0.033989479059426446,0.19627858453897654,-0.012751768221966869,0.009765625
1786719174.8872254,14.340000801000087,60.0,60.0,61.39103835568102,-1.3910383556810189,0.16421964819076335,1377.4497125789558,-0.033989479059426446,0.19598724614703858,0.0019305427112132523,-0.0078125
1786719174.9039068,14.360001106000027,60.0,60.0,61.39103835568102,-1.3910383556810189,0.16980123417209741,1375.6636050649288,-0.033989479059426446,0.19569590775510065,0.0078034670844853,-0.0078125
1786719174.9292524,14.380000799000072,60.0,60.0,61.37575733185574,-1.3757573318557377,0.16520120137982594,1377.1356155584558,-0.033616093209068845,0.19540776981330862,0.0031213868337941204,0.0
1786719174.9438996,14.400000641000133,60.0,60.0,61.37575733185574,-1.3757573318557377,0.1630402313377574,1377.8271259719177,-0.033616093209068845,0.19511963187151662,0.0012485547335176483,0.0
1786719174.9639127,14.420001001000173,60.0,60.0,61.37702315831686,-1.3770231583168597,0.1619720305805472,1378.1689502142249,-0.03364702318437647,0.19483122881565054,0.0004994218934070594,0.0
1786719174.987038,14.440000732000044,60.0,60.0,61.37702315831686,-1.3770231583168597,0.15435272438863687,1380.6071281956363,-0.03364702318437647,0.1945428257597845,-0.006831481242637176,0.0078125
1786719175.0038016,14.46000105500002,60.0,60.0,61.37702315831686,-1.3770231583168597,0.15113196007835317,1381.637772774927,-0.03364702318437647,0.1942544227039184,-0.009763842497054871,0.0078125
1786719175.029388,14.48000110099997,60.0,60.0,61.392245255997125,-1.392245255997125,0.15281429150770684,1381.0994267175338,-0.03401896919738962,0.19396283153936936,-0.007421161998821948,0.00390625
1786719175.0437372,14.500001018000148,60.0,60.0,61.392245255997125,-1.392245255997125,0.15345977254245097,1380.8928727864156,-0.03401896919738962,0.1936712403748203,-0.006484089799528778,0.00390625
1786719175.0653706,14.520000860999971,60.0,60.0,61.408224946368506,-1.408224946368506,0.15315255276301742,1380.9911831158345,-0.03440942669199139,0.1933763024317461,-0.006109260919811512,0.00390625
1786719175.087112,14.540000871000075,60.0,60.0,61.408224946368506,-1.408224946368506,0.1512497338718301,1381.6000851610142,-0.03440942669199139,0.19308136448867189,-0.007717141867924604,0.005859375
1786719175.1037877,14.560000825000088,60.0,60.0,61.408224946368506,-1.408224946368506,0.15031164354951065,1381.9002740641565,-0.03440942669199139,0.1927864265455977,-0.008360294247169841,0.005859375
1786719175.1293266,14.580001261000007,60.0,60.0,61.434478114950934,-1.4344781149509345,0.14911795873155603,1382.2822532059022,-0.0350509126151737,0.19248599015175333,-0.008617555198867937,0.005859375
1786719175.1438625,14.600001178000184,60.0,60.0,61.434478114950934,-1.4344781149509345,0.14871461795703245,1382.4113222537496,-0.0350509126151737,0.19218555375790897,-0.008720459579547174,0.005859375
1786719175.1660218,14.620000799000081,60.0,60.0,61.44961655840166,-1.449616558401658,0.14800311785633746,1382.639002285972,-0.035420814569752636,0.19188194677588252,-0.008761621331818868,0.005859375
1786719175.187094,14.640001141000084,60.0,60.0,61.44961655840166,-1.449616558401658,0.15471429617340235,1380.4914252245112,-0.035420814569752636,0.19157833979385605,-0.001746836032727548,-0.001953125
1786719175.203758,14.660000873000172,60.0,60.0,61.44961655840166,-1.449616558401658,0.1572166033110124,1379.690686940476,-0.035420814569752636,0.19127473281182958,0.0010590780869089806,-0.001953125
1786719175.2290862,14.680001068000138,60.0,60.0,61.43437096742835,-1.4343709674283502,0.16192350703929567,1378.1844777474253,-0.035048294507297476,0.1909743188589099,0.0056970687347635916,-0.005859375
1786719175.2441373,14.700001318999966,60.0,60.0,61.43437096742835,-1.4343709674283502,0.16347828934551784,1377.6869474094342,-0.035048294507297476,0.19067390490599018,0.007552264993905436,-0.005859375
1786719175.2667623,14.720001106000154,60.0,60.0,61.4437217782683,-1.443721778268298,0.1636914704846113,1377.6187294449244,-0.035276777918941044,0.19037153252382782,0.008294343497562175,-0.005859375
1786719175.2870138,14.740000764000115,60.0,60.0,61.4437217782683,-1.443721778268298,0.15841249200391166,1379.3080025587483,-0.035276777918941044,0.19006916014166547,0.00331773739902487,0.0
1786719175.3031495,14.760001070000044,60.0,60.0,61.4437217782683,-1.443721778268298,0.15611947718233438,1380.041767301653,-0.035276777918941044,0.18976678775950312,0.001327094959609948,0.0
1786719175.329103,14.780000876000031,60.0,60.0,61.43930207563639,-1.439302075636391,0.15864446653244624,1379.2337707096171,-0.035168784210900875,0.18946534103769538,0.004046462983843979,-0.00390625
1786719175.3437488,14.800000792999981,60.0,60.0,61.43930207563639,-1.439302075636391,0.1594307670203321,1378.9821545534937,-0.035168784210900875,0.18916389431588768,0.005134210193537591,-0.00390625
1786719175.366769,14.820001080000111,60.0,60.0,61.43002641344532,-1.4300264134453187,0.1597910663661536,1378.8668587628308,-0.03494213702714912,0.1888643902842264,0.005569309077415037,-0.00390625
1786719175.386967,14.840001089999987,60.0,60.0,61.43002641344532,-1.4300264134453187,0.1526343518880433,1381.1570073958262,-0.03494213702714912,0.18856488625256515,-0.001287901369033985,0.00390625
1786719175.4037135,14.860000785000011,60.0,60.0,61.43002641344532,-1.4300264134453187,0.14959196367780242,1382.1305716231032,-0.03494213702714912,0.18826538222090386,-0.004030785547613594,0.00390625
1786719175.4290621,14.880000739000025,60.0,60.0,61.43833861682933,-1.438338616829327,0.1567812630307044,1379.8299958301745,-0.035145242471154026,0.18796413728543682,0.0036611232809545618,-0.005859375
1786719175.4437346,14.900000878000128,60.0,60.0,61.43833861682933,-1.438338616829327,0.15955678162666462,1378.9418298794674,-0.035145242471154026,0.18766289234996977,0.0067378868123818235,-0.005859375
1786719175.4667466,14.92000135100011,60.0,60.0,61.424123568009435,-1.4241235680094348,0.16083358127110287,1378.5332539932472,-0.034797903303819634,0.1873646246073656,0.007968592224952728,-0.005859375
1786719175.4870164,14.940000712000028,60.0,60.0,61.424123568009435,-1.4241235680094348,0.15926978319352708,1379.0336693780714,-0.034797903303819634,0.18706635686476142,0.006703061889981092,-0.00390625
1786719175.5037224,14.960000887999968,60.0,60.0,61.424123568009435,-1.4241235680094348,0.15846530331693423,1379.291102938581,-0.034797903303819634,0.18676808912215725,0.006196849755992436,-0.00390625
1786719175.5286,14.980000954000161,60.0,60.0,61.41267951214107,-1.412679512141068,0.16000199425729383,1378.7993618376659,-0.03451827226726038,0.18647221821700932,0.007752177402396974,-0.005859375
1786719175.5437303,15.000001019000138,60.0,60.0,61.41267951214107,-1.412679512141068,0.16032825441070772,1378.6949585885736,-0.03451827226726038,0.1861763473118614,0.008374308460958789,-0.005859375
1786719175.5670733,15.020000806000098,60.0,60.0,61.408786616723916,-1.4087866167239156,0.1603763573084357,1378.6795656613006,-0.03442315088780923,0.185881291732823,0.008623160884383516,-0.005859375
1786719175.586286,15.040000834000011,60.0,60.0,61.408786616723916,-1.4087866167239156,0.15314959269876718,1380.9921303363944,-0.03442315088780923,0.18558623615378464,0.0016914518537534057,0.001953125
1786719175.6037269,15.060000898999988,60.0,60.0,61.408786616723916,-1.4087866167239156,0.15008185350747677,1381.9738068776073,-0.03442315088780923,0.18529118057474628,-0.0010812317584986374,0.001953125
1786719175.6292644,15.080001002000017,60.0,60.0,61.41762047921185,-1.4176204792118483,0.1484618725030216,1382.492200799033,-0.03463900286832521,0.1849942748358749,-0.002190305203399455,0.001953125
1786719175.6439424,15.100000788999978,60.0,60.0,61.41762047921185,-1.4176204792118483,0.14772133738618992,1382.7291720364192,-0.03463900286832521,0.18469736909700357,-0.0026339345813597816,0.001953125
1786719175.6671374,15.120000762000018,60.0,60.0,61.41272839777122,-1.4127283977712182,0.14736651599591505,1382.842714881307,-0.03451946676854463,0.18440148795327319,-0.002811386332543913,0.001953125
1786719175.686997,15.140000883000084,60.0,60.0,61.41272839777122,-1.4127283977712182,0.152273091651711,1381.2726106714524,-0.03451946676854463,0.18410560680954283,0.002391070466982435,-0.00390625
1786719175.70382,15.160000818000071,60.0,60.0,61.41272839777122,-1.4127283977712182,0.15405819322779116,1380.701378167107,-0.03451946676854463,0.18380972566581244,0.004472053186792974,-0.00390625
1786719175.7283657,15.180000845999984,60.0,60.0,61.39260362461141,-1.3926036246114109,0.14453957114598287,1383.7473372332854,-0.034027725794546756,0.18351805944471633,-0.00524242872528281,0.0078125
1786719175.7437162,15.200001041000178,60.0,60.0,61.39260362461141,-1.3926036246114109,0.14036211216005642,1385.084124108782,-0.034027725794546756,0.18322639322362025,-0.009128221490113124,0.0078125
1786719175.7670338,15.220000735999974,60.0,60.0,61.39998172118612,-1.399981721186123,0.13833584792416584,1385.732528664267,-0.034208006703409136,0.18293318173759102,-0.01068253859604525,0.0078125
1786719175.7869864,15.240000857000041,60.0,60.0,61.39998172118612,-1.399981721186123,0.15324122209576377,1380.9628089293556,-0.034208006703409136,0.1826399702515618,0.0045160470615819,-0.009765625
1786719175.8030934,15.260001088000081,60.0,60.0,61.39998172118612,-1.399981721186123,0.15902744487278545,1379.1112176407087,-0.034208006703409136,0.1823467587655326,0.010595481324632759,-0.009765625
1786719175.8283906,15.280000783000105,60.0,60.0,61.38747210709036,-1.3874721070903604,0.1509247996277515,1381.7040641191195,-0.03390233916763421,0.1820561672869529,0.002480380029853104,0.001953125
1786719175.8437526,15.300001126000097,60.0,60.0,61.38747210709036,-1.3874721070903604,0.14738816763125992,1382.8357863579968,-0.03390233916763421,0.1817655758083732,-0.0007656604880587584,0.001953125
1786719175.8664875,15.320001099000137,60.0,60.0,61.38601061425251,-1.3860106142525126,0.14583487095233613,1383.3328412952524,-0.033866628160813546,0.18147529042413763,-0.002064076695223503,0.001953125
1786719175.886968,15.340001016000087,60.0,60.0,61.38601061425251,-1.3860106142525126,0.1450252190852347,1383.591929892725,-0.033866628160813546,0.1811850050399021,-0.0025834431780894012,0.001953125
1786719175.9037137,15.360001081000064,60.0,60.0,61.38601061425251,-1.3860106142525126,0.14452718710785278,1383.7513001254872,-0.033866628160813546,0.18089471965566653,-0.0027911897712357605,0.001953125
1786719175.928433,15.380000794000125,60.0,60.0,61.38155180740114,-1.381551807401138,0.14602056479073242,1383.2734192669657,-0.03375767895643979,0.1806053681217542,-0.0011164759084943041,0.0
1786719175.9437268,15.40000111900008,60.0,60.0,61.38155180740114,-1.381551807401138,0.1464010988019167,1383.1516483833866,-0.03375767895643979,0.18031601658784185,-0.0004465903633977217,0.0
1786719175.9670222,15.420000777000041,60.0,60.0,61.38674196133374,-1.3867419613337404,0.14625288210131002,1383.1990777275807,-0.03388449834117273,0.18002557803063182,-0.0001786361453590887,0.0
1786719175.9870002,15.440000972000007,60.0,60.0,61.38674196133374,-1.3867419613337404,0.14255400023131548,1384.382719925979,-0.03388449834117273,0.17973513947342176,-0.003587079458143635,0.00390625
1786719176.0037127,15.460000777000005,60.0,60.0,61.38674196133374,-1.3867419613337404,0.1409001843489916,1384.9119410083226,-0.03388449834117273,0.1794447009162117,-0.004950456783257454,0.00390625
1786719176.028334,15.48000077000006,60.0,60.0,61.381855415212925,-1.3818554152129252,0.15073067070813828,1381.7661853733957,-0.03376509749477044,0.17915528579482795,0.005051067286697018,-0.0078125
1786719176.0437229,15.500000892000116,60.0,60.0,61.381855415212925,-1.3818554152129252,0.15444186521473632,1380.5786031312844,-0.03376509749477044,0.1788658706734442,0.009051676914678806,-0.0078125
1786719176.0671027,15.520000736000156,60.0,60.0,61.370803920538435,-1.3708039205384352,0.15602273290161633,1380.0727254714827,-0.03349505853769938,0.1785787701716925,0.010651920765871521,-0.0078125
1786719176.0863063,15.540000857999985,60.0,60.0,61.370803920538435,-1.3708039205384352,0.14231322994034173,1384.4597664190906,-0.03349505853769938,0.17829166966994078,-0.0027704816936513907,0.0078125
1786719176.1037226,15.560000961000014,60.0,60.0,61.370803920538435,-1.3708039205384352,0.13665716845478085,1386.2697060944702,-0.03349505853769938,0.17800456916818908,-0.008139442677460557,0.0078125
1786719176.12835,15.580000787000017,60.0,60.0,61.370803920538435,-1.3708039205384352,0.14652717105950547,1383.1113052609583,-0.03349505853769938,0.17771746866643737,0.002017660429015777,-0.005859375
1786719176.143839,15.600001298000052,60.0,60.0,61.370803920538435,-1.3708039205384352,0.1503029118003443,1381.90306822389,-0.03349505853769938,0.1774303681646857,0.00608050167160631,-0.005859375
1786719176.1670868,15.62000077200014,60.0,60.0,61.365857072494634,-1.3658570724946344,0.15176182209597308,1381.4362169292885,-0.033374184237355144,0.17714430372836548,0.0077056381686425235,-0.005859375
1786719176.1870563,15.640001171999984,60.0,60.0,61.365857072494634,-1.3658570724946344,0.14685237475846735,1383.0072400772904,-0.033374184237355144,0.1768582392920453,0.0030822552674570096,0.0
1786719176.2037928,15.660000775000071,60.0,60.0,61.365857072494634,-1.3658570724946344,0.14471695716167296,1383.6905737082648,-0.033374184237355144,0.1765721748557251,0.001232902106982804,0.0
1786719176.2276745,15.68000093400019,60.0,60.0,61.35504878640563,-1.3550487864056322,0.1369239977114139,1386.1843207323475,-0.033110087987104325,0.17628837410154993,-0.006538089157206878,0.0078125
1786719176.2439203,15.700001241000109,60.0,60.0,61.35504878640563,-1.3550487864056322,0.13353180045156285,1387.2698238555,-0.033110087987104325,0.17600457334737474,-0.009646485662882752,0.0078125
1786719176.267148,15.720001308000064,60.0,60.0,61.35431568019695,-1.3543156801969474,0.132022554259069,1387.7527826370979,-0.03309217482315262,0.17572092613460485,-0.0108898442651531,0.0078125
1786719176.2870188,15.740001022000115,60.0,60.0,61.35431568019695,-1.3543156801969474,0.136515001105391,1386.3151996462748,-0.03309217482315262,0.175437278921835,-0.00611375020606124,0.001953125
1786719176.3029454,15.760000756000181,60.0,60.0,61.35431568019695,-1.3543156801969474,0.1381417915162579,1385.7946267147975,-0.03309217482315262,0.17515363170906514,-0.0042033125824244965,0.001953125
1786719176.3283858,15.78000080400011,60.0,60.0,61.3555366293395,-1.3555366293394968,0.1385924859373911,1385.650404500035,-0.03312200823870426,0.17486972878130483,-0.003439137532969798,0.001953125
1786719176.3437808,15.80000103700013,60.0,60.0,61.3555366293395,-1.3555366293394968,0.13861425302941266,1385.643439030588,-0.03312200823870426,0.1745858258535445,-0.0031334675131879193,0.001953125
1786719176.3670983,15.820000898999979,60.0,60.0,61.34985621917241,-1.349856219172409,0.1385914167139563,1385.650746651534,-0.03298320963431304,0.17430311262810755,-0.003011199505275168,0.001953125
1786719176.3870115,15.840000947000135,60.0,60.0,61.34985621917241,-1.349856219172409,0.13659979819168444,1386.288064578661,-0.03298320963431304,0.17402039940267058,-0.004720104802110067,0.00390625
1786719176.403808,15.860000903000127,60.0,60.0,61.34985621917241,-1.349856219172409,0.1356335228475135,1386.5972726887958,-0.03298320963431304,0.17373768617723362,-0.0054036669208440274,0.00390625
1786719176.4282537,15.880000784000003,60.0,60.0,61.34497062955592,-1.3449706295559167,0.1422280122491756,1384.4870360802638,-0.032863832159720385,0.17345599618729315,0.0013541582316623888,-0.00390625
1786719176.4437246,15.900000980000186,60.0,60.0,61.34497062955592,-1.3449706295559167,0.14464945232023774,1383.712175257524,-0.032863832159720385,0.17317430619735272,0.004057288292664956,-0.00390625
1786719176.4670887,15.920000917000152,60.0,60.0,61.33464980372179,-1.3346498037217884,0.14570119970396092,1383.3756160947325,-0.032611646810457785,0.1728947777961202,0.005138540317065982,-0.00390625
1786719176.487029,15.940000668000039,60.0,60.0,61.33464980372179,-1.3346498037217884,0.1458541721124888,1383.3266649240036,-0.032611646810457785,0.1726152493948877,0.005571041126826393,-0.00390625
1786719176.503714,15.960000698000158,60.0,60.0,61.33464980372179,-1.3346498037217884,0.1457476440351605,1383.3607539087486,-0.032611646810457785,0.1723357209936552,0.005744041450730557,-0.00390625
1786719176.5280573,15.98000085700005,60.0,60.0,61.32432897311466,-1.3243289731146606,0.14403168872937863,1383.9098596065987,-0.0323594613445688,0.17205835418213034,0.0040554290802922235,-0.001953125
1786719176.543753,16.000000683000053,60.0,60.0,61.32432897311466,-1.3243289731146606,0.14307887696967841,1384.214759369703,-0.0323594613445688,0.17178098737060546,0.003379984132116889,-0.001953125
1786719176.5664897,16.02000093400011,60.0,60.0,61.30961186347122,-1.3096118634712184,0.1428909390064005,1384.2748995179518,-0.0319998545170517,0.17150670290331646,0.0031098061528467553,-0.001953125
1786719176.586323,16.04000107500019,60.0,60.0,61.30961186347122,-1.3096118634712184,0.14953983334740345,1382.1472533288309,-0.0319998545170517,0.17123241843602743,0.010032984961138702,-0.009765625
1786719176.6036897,16.060001104000094,60.0,60.0,61.30961186347122,-1.3096118634712184,0.15203482040343122,1381.348857470902,-0.0319998545170517,0.1709581339687384,0.01280225648445548,-0.009765625
1786719176.6282685,16.080001003999996,60.0,60.0,61.29904410665057,-1.2990441066505696,0.15136865105696748,1381.5620316617703,-0.031741635505553124,0.17068606280726226,0.012152152593782191,-0.0078125
1786719176.64393,16.10000144100013,60.0,60.0,61.29904410665057,-1.2990441066505696,0.150836538339222,1381.732307731449,-0.031741635505553124,0.17041399164578608,0.011892111037512875,-0.0078125
1786719176.6665375,16.12000111800012,60.0,60.0,61.30326434879413,-1.30326434879413,0.1503573305863469,1381.885654212369,-0.031844755474444306,0.1701410365988623,0.01178809441500515,-0.0078125
1786719176.6864173,16.14000094400012,60.0,60.0,61.30326434879413,-1.30326434879413,0.14125370639042006,1384.7988139550655,-0.031844755474444306,0.1698680815519385,0.0029574252660020607,0.001953125
1786719176.7037454,16.160001159000103,60.0,60.0,61.30326434879413,-1.30326434879413,0.137448483683895,1386.0164852211535,-0.031844755474444306,0.1695951265050147,-0.0005748423935991755,0.001953125
1786719176.728062,16.180001133000133,60.0,60.0,61.30326434879413,-1.30326434879413,0.13576262157313074,1386.5559610965981,-0.031844755474444306,0.1693221714580909,-0.00198774945743967,0.001953125
1786719176.7437332,16.200000792000083,60.0,60.0,61.30326434879413,-1.30326434879413,0.13492450370067074,1386.8241588157853,-0.031844755474444306,0.1690492164111671,-0.002552912282975868,0.001953125
1786719176.7666695,16.22000154300008,60.0,60.0,61.308700895109695,-1.3087008951096948,0.13429264363713117,1387.026354036118,-0.03197759536084558,0.16877512273664558,-0.0027789774131903476,0.001953125
1786719176.7864268,16.240001183999993,60.0,60.0,61.308700895109695,-1.3087008951096948,0.14095937391052388,1384.8930003486323,-0.03197759536084558,0.16850102906212402,0.004161846534723861,-0.005859375
1786719176.8027244,16.260000935000107,60.0,60.0,61.308700895109695,-1.3087008951096948,0.143461609815168,1384.0922848591463,-0.03197759536084558,0.1682269353876025,0.006938176113889544,-0.005859375
1786719176.828064,16.280001094,60.0,60.0,61.3082794946487,-1.3082794946487013,0.147823969728032,1382.6963296870297,-0.03196729860512632,0.16795292997098715,0.011564332945555818,-0.009765625
1786719176.8437886,16.300000976000092,60.0,60.0,61.3082794946487,-1.3082794946487013,0.14940042704408316,1382.1918633458934,-0.03196729860512632,0.1676789245543718,0.013414795678222327,-0.009765625
1786719176.8665698,16.320001301000048,60.0,60.0,61.30259523366536,-1.3025952336653577,0.15000549941811722,1381.9982401862026,-0.031828405907543524,0.16740610964659286,0.01415498077128893,-0.009765625
1786719176.886395,16.340001109000013,60.0,60.0,61.30259523366536,-1.3025952336653577,0.1394818835475649,1385.3657972647793,-0.031828405907543524,0.16713329473881391,0.0039041798085155724,0.001953125
1786719176.9037888,16.360001120000106,60.0,60.0,61.30259523366536,-1.3025952336653577,0.1351087482546766,1386.7652005585035,-0.031828405907543524,0.16686047983103497,-0.00019614057659377102,0.001953125
1786719176.928349,16.380001000999982,60.0,60.0,61.313162755424656,-1.3131627554246563,0.13117977942498768,1388.022470584004,-0.03208661917540979,0.16658545166667432,-0.003594081230637508,0.00390625
1786719176.9437597,16.400001012000075,60.0,60.0,61.313162755424656,-1.3131627554246563,0.12954557499900954,1388.545416000317,-0.03208661917540979,0.16631042350231368,-0.004953257492255003,0.00390625
1786719176.96644,16.420000856000115,60.0,60.0,61.317625409796136,-1.3176254097961362,0.1286178331129767,1388.8422934038474,-0.03219566239243497,0.16603446068180708,-0.0054969279969020015,0.00390625
1786719176.986389,16.440000959000145,60.0,60.0,61.317625409796136,-1.3176254097961362,0.13339783959061133,1387.3126913310043,-0.03219566239243497,0.1657584978613005,-0.0004409586987608008,-0.001953125
1786719177.0037105,16.460000674000185,60.0,60.0,61.317625409796136,-1.3176254097961362,0.13514426448936123,1386.7538353634045,-0.03219566239243497,0.1654825350407939,0.0015814290204956797,-0.001953125
1786719177.0273309,16.480000797000002,60.0,60.0,61.317138501443026,-1.3171385014430257,0.13568915417204136,1386.5794706649467,-0.03218376497695083,0.1652066741981343,0.0023903841081982717,-0.001953125
1786719177.043715,16.50000114300019,60.0,60.0,61.317138501443026,-1.3171385014430257,0.1357368753644628,1386.5641998833719,-0.03218376497695083,0.16493081335547471,0.0027139661432793085,-0.001953125
1786719177.0660121,16.52000119200011,60.0,60.0,61.316651424039435,-1.316651424039435,0.13560234888200223,1386.6072483577593,-0.03217186343078422,0.16465505452606802,0.0028433989573117234,-0.001953125
1786719177.0857317,16.540001185000165,60.0,60.0,61.316651424039435,-1.316651424039435,0.13537836317820848,1386.6789237829732,-0.03217186343078422,0.1643792956966613,0.0028951720829246894,-0.001953125
1786719177.103765,16.560000698000067,60.0,60.0,61.316651424039435,-1.316651424039435,0.13512331359904695,1386.760539648305,-0.03217186343078422,0.16410353686725457,0.0029158813331698757,-0.001953125
1786719177.1272643,16.580000765000023,60.0,60.0,61.31145344139938,-1.3114534413993795,0.13498284914588096,1386.8054882733181,-0.032044852754641556,0.16382886670078622,0.0029241650332679503,-0.001953125
1786719177.1437957,16.600001333000137,60.0,60.0,61.31145344139938,-1.3114534413993795,0.13471149245945185,1386.8923224129753,-0.032044852754641556,0.16355419653431788,0.00292747851330718,-0.001953125
1786719177.1657808,16.620001066999976,60.0,60.0,61.30650291998725,-1.3065029199872527,0.13455911174266413,1386.9410842423474,-0.03192388869697663,0.1632805632026295,0.002928803905322872,-0.001953125
1786719177.1857207,16.640001024000185,60.0,60.0,61.30650291998725,-1.3065029199872527,0.136043821067782,1386.4659772583097,-0.03192388869697663,0.16300692987094112,0.0046871465621291485,-0.00390625
1786719177.2037208,16.660000981000167,60.0,60.0,61.30650291998725,-1.3065029199872527,0.13647352479881616,1386.3284720643787,-0.03192388869697663,0.16273329653925273,0.00539048362485166,-0.00390625
1786719177.227082,16.680001048000122,60.0,60.0,61.30601487893941,-1.3060148789394077,0.13121971388465445,1388.0096915569106,-0.031911963604538934,0.16245976542264237,0.00039838094994066394,0.001953125
1786719177.2439342,16.700001116000067,60.0,60.0,61.30601487893941,-1.3060148789394077,0.1289493416980797,1388.7362106566145,-0.031911963604538934,0.16218623430603205,-0.0015984601200237343,0.001953125
1786719177.2659376,16.720001461000038,60.0,60.0,61.29618205056403,-1.2961820505640276,0.1281173354753911,1389.0024526478749,-0.03167170228263146,0.1619147625721809,-0.0023971965480094936,0.001953125
1786719177.2857482,16.740001048000067,60.0,60.0,61.29618205056403,-1.2961820505640276,0.13279980667034563,1387.5040618654893,-0.03167170228263146,0.1616432908383298,0.0025567463807962022,-0.00390625
1786719177.3033335,16.76000080100016,60.0,60.0,61.29618205056403,-1.2961820505640276,0.1345099121080168,1386.9568281254346,-0.03167170228263146,0.16137181910447865,0.004538323552318481,-0.00390625
1786719177.3270056,16.780000739000116,60.0,60.0,61.29642975752921,-1.2964297575292107,0.13326720611980297,1387.354494041663,-0.03167775490560306,0.16110029549100208,0.0035731419209273922,-0.001953125
1786719177.3437443,16.800000825000097,60.0,60.0,61.29642975752921,-1.2964297575292107,0.13260960985376996,1387.5649248467937,-0.03167775490560306,0.16082877187752548,0.0031870692683709572,-0.001953125
1786719177.3657916,16.820001114999968,60.0,60.0,61.28586117430163,-1.2858611743016297,0.13244189638370008,1387.6185931572159,-0.03141951570117379,0.160559461742944,0.003032640207348383,-0.001953125
1786719177.3856962,16.840001089999987,60.0,60.0,61.28586117430163,-1.2858611743016297,0.13386862712470957,1387.1620393200928,-0.03141951570117379,0.16029015160836252,0.0047286810829393535,-0.00390625
1786719177.4037335,16.86000065799999,60.0,60.0,61.28586117430163,-1.2858611743016297,0.13427773334036447,1387.0311253310833,-0.03141951570117379,0.16002084147378104,0.005407097433175741,-0.00390625
1786719177.427386,16.88000092900006,60.0,60.0,61.28586117430163,-1.2858611743016297,0.13427978974587754,1387.0304672813193,-0.03141951570117379,0.15975153133919956,0.005678463973270297,-0.00390625
1786719177.4437084,16.900001015000043,60.0,60.0,61.28586117430163,-1.2858611743016297,0.13411902622733388,1387.0819116072532,-0.03141951570117379,0.15948222120461808,0.005787010589308118,-0.00390625
1786719177.4658842,16.92000100900009,60.0,60.0,61.281467460356225,-1.2814674603562253,0.13400049342380088,1387.1198421043837,-0.03131215701654045,0.15921383128733346,0.005830429235723248,-0.00390625
1786719177.4857492,16.94000077999999,60.0,60.0,61.281467460356225,-1.2814674603562253,0.13199165846508232,1387.7626692911736,-0.03131215701654045,0.15894544137004885,0.0040899841942892996,-0.001953125
1786719177.503747,16.96000086700019,60.0,60.0,61.281467460356225,-1.2814674603562253,0.13102709053122413,1388.0713310300082,-0.03131215701654045,0.15867705145276423,0.00339380617771572,-0.001953125
1786719177.5274627,16.98000065600013,60.0,60.0,61.28097965794373,-1.2809796579437318,0.1322499611687861,1387.6800124259885,-0.031300237755064395,0.15840876370057796,0.004873147471086288,-0.00390625
1786719177.5437448,17.000000854000064,60.0,60.0,61.28097965794373,-1.2809796579437318,0.1325734099339481,1387.5765088211367,-0.031300237755064395,0.1581404759483917,0.005464883988434515,-0.00390625
1786719177.5658476,17.020001125000135,60.0,60.0,61.28097965794373,-1.2809796579437318,0.1325418167887011,1387.5866186276157,-0.031300237755064395,0.15787218819620544,0.005701578595373806,-0.00390625
1786719177.584971,17.0400008040001,60.0,60.0,61.28097965794373,-1.2809796579437318,0.13236820687929057,1387.642173798627,-0.031300237755064395,0.15760390044401915,0.005796256438149523,-0.00390625
1786719177.6037624,17.060000798000146,60.0,60.0,61.28097965794373,-1.2809796579437318,0.13213779026421457,1387.7159071154513,-0.031300237755064395,0.15733561269183288,0.005834127575259809,-0.00390625
1786719177.6275811,17.08000099500009,60.0,60.0,61.28097965794373,-1.2809796579437318,0.1301268384668724,1388.3594116906008,-0.031300237755064395,0.15706732493964662,0.004091463530103924,-0.001953125
1786719177.643939,17.100001174,60.0,60.0,61.28097965794373,-1.2809796579437318,0.1291614850966238,1388.6683247690803,-0.031300237755064395,0.15679903718746036,0.00339439791204157,-0.001953125
1786719177.6659691,17.120001241000182,60.0,60.0,61.2859307617812,-1.2859307617812021,0.12849339280821181,1388.8821143013722,-0.03142121604406518,0.15652971247851122,0.0031155716648166277,-0.001953125
1786719177.6858237,17.14000097600001,60.0,60.0,61.2859307617812,-1.2859307617812021,0.1316281626003727,1387.8789879678807,-0.03142121604406518,0.1562603877695621,0.006519666165926651,-0.005859375
1786719177.703776,17.160000710000077,60.0,60.0,61.2859307617812,-1.2859307617812021,0.1327204756918676,1387.5294477786024,-0.03142121604406518,0.15599106306061297,0.00788130396637066,-0.005859375
1786719177.7274506,17.18000072200016,60.0,60.0,61.276098183931964,-1.276098183931964,0.13147824880349507,1387.9269603828816,-0.03118096084366616,0.15572379768195296,0.006668146586548265,-0.00390625
1786719177.7437286,17.200000901000067,60.0,60.0,61.276098183931964,-1.276098183931964,0.13072572047290612,1388.16776944867,-0.03118096084366616,0.15545653230329298,0.006182883634619305,-0.00390625
1786719177.7657843,17.22000121000019,60.0,60.0,61.276098183931964,-1.276098183931964,0.13026434991347455,1388.3154080276881,-0.03118096084366616,0.15518926692463297,0.005988778453847723,-0.00390625
1786719177.7857692,17.240001092000057,60.0,60.0,61.276098183931964,-1.276098183931964,0.1281616299625059,1388.9882784119982,-0.03118096084366616,0.154922001545973,0.0041533238815390896,-0.001953125
1786719177.803849,17.26000110400014,60.0,60.0,61.276098183931964,-1.276098183931964,0.12716018275492247,1389.3087415184248,-0.03118096084366616,0.15465473616731298,0.003419142052615636,-0.001953125
1786719177.8274221,17.28000082000017,60.0,60.0,61.276098183931964,-1.276098183931964,0.12659924464469308,1389.4882417136982,-0.03118096084366616,0.15438747078865298,0.0031254693210462543,-0.001953125
1786719177.8437555,17.30000077700015,60.0,60.0,61.276098183931964,-1.276098183931964,0.12621451017340532,1389.6113567445102,-0.03118096084366616,0.154120205409993,0.0030080002284185014,-0.001953125
1786719177.865197,17.32000082600007,60.0,60.0,61.27121675233667,-1.2712167523366702,0.1260195330326625,1389.673749429548,-0.0310616849686979,0.15385396239597557,0.0029610125913674006,-0.001953125
1786719177.8857496,17.340000727000188,60.0,60.0,61.27121675233667,-1.2712167523366702,0.12573449496382463,1389.7649616115762,-0.0310616849686979,0.15358771938195814,0.0029422175365469605,-0.001953125
1786719177.9037342,17.36000088700007,60.0,60.0,61.27121675233667,-1.2712167523366702,0.12546073392787901,1389.8525651430787,-0.0310616849686979,0.15332147636794072,0.0029346995146187845,-0.001953125
1786719177.927433,17.38000097400004,60.0,60.0,61.276098183931964,-1.276098183931964,0.12331439533012208,1390.5393934943609,-0.03118096084366616,0.15305421098928074,0.0011738798058475138,0.0
1786719177.9437401,17.40000068900008,60.0,60.0,61.276098183931964,-1.276098183931964,0.12234280206795359,1390.850303338255,-0.03118096084366616,0.15278694561062073,0.00046955192233900554,0.0
1786719177.9657795,17.420001109000168,60.0,60.0,61.26626577576721,-1.2662657757672093,0.12203405659011508,1390.949101891163,-0.03094070978944124,0.15252173952671122,0.0001878207689356022,0.0
1786719177.9857142,17.44000093600016,60.0,60.0,61.26626577576721,-1.2662657757672093,0.12517178304484422,1389.9450294256499,-0.03094070978944124,0.1522565334428017,0.0035907533075742407,-0.00390625
1786719178.0037284,17.46000085500009,60.0,60.0,61.26626577576721,-1.2662657757672093,0.12626774997639018,1389.594320007555,-0.03094070978944124,0.1519913273588922,0.0049519263230296965,-0.00390625
1786719178.026657,17.48000094300005,60.0,60.0,61.26675316681141,-1.2667531668114123,0.12653510388881034,1389.5087667555806,-0.030952618999293743,0.15172601919604115,0.005496395529211879,-0.00390625
1786719178.0437868,17.500000678000106,60.0,60.0,61.26675316681141,-1.2667531668114123,0.12648758340843214,1389.5239733093017,-0.030952618999293743,0.15146071103319006,0.005714183211684751,-0.00390625
1786719178.065184,17.520001025000056,60.0,60.0,61.26187136287828,-1.2618713628782814,0.12642867529146815,1389.5428239067303,-0.03083333402639582,0.15119642531296382,0.005801298284673901,-0.00390625
1786719178.0842874,17.540001168000117,60.0,60.0,61.26187136287828,-1.2618713628782814,0.12971486060043755,1388.49124460786,-0.03083333402639582,0.15093213959273757,0.00935176931386956,-0.0078125
1786719178.1036773,17.560000756000136,60.0,60.0,61.26187136287828,-1.2618713628782814,0.13087076329188957,1388.1213557465953,-0.03083333402639582,0.15066785387251133,0.010771957725547824,-0.0078125
1786719178.1266048,17.580000973000097,60.0,60.0,61.24220714825586,-1.2422071482558579,0.1316550403423068,1387.870387090462,-0.030352846620423677,0.15040768661576484,0.01134003309021913,-0.0078125
1786719178.1440215,17.60000187500009,60.0,60.0,61.24220714825586,-1.2422071482558579,0.1316221032314288,1387.8809269659428,-0.030352846620423677,0.15014751935901835,0.011567263236087652,-0.0078125
1786719178.1658518,17.620001351000155,60.0,60.0,61.221805183894645,-1.221805183894645,0.1319513420657985,1387.7755705389445,-0.02985433258765489,0.1498916250796956,0.01165815529443506,-0.0078125
1786719178.1850774,17.6400011610001,60.0,60.0,61.221805183894645,-1.221805183894645,0.12645836710981473,1389.5333225248594,-0.02985433258765489,0.14963573080037285,0.0064210746177740235,-0.001953125
1786719178.2038226,17.660001582000177,60.0,60.0,61.221805183894645,-1.221805183894645,0.12410764055982756,1390.285555020855,-0.02985433258765489,0.1493798365210501,0.004326242347109609,-0.001953125
1786719178.226754,17.68000102100018,60.0,60.0,61.206771144722325,-1.2067711447223246,0.12865460174904217,1388.8305274403065,-0.029486981710851776,0.14912709096352852,0.008761746938843844,-0.0078125
1786719178.243943,17.70000118300004,60.0,60.0,61.206771144722325,-1.2067711447223246,0.13017605802821428,1388.3436614309715,-0.029486981710851776,0.1488743454060069,0.010535948775537537,-0.0078125
1786719178.2656941,17.720000937000123,60.0,60.0,61.192057179361285,-1.192057179361285,0.1309925232035745,1388.0823925748562,-0.02912745171264743,0.14862468153418423,0.011245629510215014,-0.0078125
1786719178.2849634,17.740000690999977,60.0,60.0,61.192057179361285,-1.192057179361285,0.1257532941256228,1389.7589458798006,-0.02912745171264743,0.14837501766236152,0.006256064304086006,-0.001953125
1786719178.3037224,17.76000076000014,60.0,60.0,61.192057179361285,-1.192057179361285,0.1235078041713485,1390.4775026651685,-0.02912745171264743,0.14812535379053884,0.004260238221634403,-0.001953125
1786719178.3268528,17.78000092100001,60.0,60.0,61.177343514104564,-1.1773435141045638,0.1228193325318177,1390.6978135898185,-0.02876792904737491,0.14787877154156134,0.0034619077886537614,-0.001953125
1786719178.3437688,17.800001083000097,60.0,60.0,61.177343514104564,-1.1773435141045638,0.12225341810964795,1390.8789062049127,-0.02876792904737491,0.14763218929258384,0.0031425756154615046,-0.001953125
1786719178.3657272,17.82000078200008,60.0,60.0,61.17239368605189,-1.1723936860518904,0.12200005010709096,1390.9599839657308,-0.028646981931677487,0.14738664373316945,0.0030148427461846017,-0.001953125
1786719178.3850465,17.840001036000103,60.0,60.0,61.17239368605189,-1.1723936860518904,0.11994559889996581,1391.617408352011,-0.028646981931677487,0.14714109817375506,0.0012059370984738409,0.0
1786719178.40375,17.860001049000175,60.0,60.0,61.17239368605189,-1.1723936860518904,0.11897649108146711,1391.9275228539304,-0.028646981931677487,0.1468955526143407,0.0004823748393895363,0.0
1786719178.4268212,17.88000098800012,60.0,60.0,61.167511896176705,-1.1675118961767055,0.11856080524781652,1392.0605423206987,-0.02852769730227999,0.14665102949460687,0.00019294993575581456,0.0
1786719178.4437582,17.900000909000028,60.0,60.0,61.167511896176705,-1.1675118961767055,0.1182005121666292,1392.1758361066786,-0.02852769730227999,0.14640650637487304,7.717997430232583e-05,0.0
1786719178.4656973,17.920000904000062,60.0,60.0,61.16188950086496,-1.1618895008649588,0.11804706209636813,1392.2249401291622,-0.028390316268225847,0.14616316080685968,3.087198972093033e-05,0.0
1786719178.4850988,17.94000082499997,60.0,60.0,61.16188950086496,-1.1618895008649588,0.11954300583452221,1391.7462381329528,-0.028390316268225847,0.1459198152388463,0.001770161295888372,-0.001953125
1786719178.503759,17.96000102400012,60.0,60.0,61.16188950086496,-1.1618895008649588,0.11999537598897582,1391.6014796835277,-0.028390316268225847,0.14567646967083295,0.002465877018355349,-0.001953125
1786719178.5267882,17.980000906999976,60.0,60.0,61.152057679475206,-1.152057679475206,0.12202836592655611,1390.950922903502,-0.028150079551618978,0.1454351832746762,0.004501975807342139,-0.00390625
1786719178.543725,18.000001032,60.0,60.0,61.152057679475206,-1.152057679475206,0.12260151904599406,1390.767513905282,-0.028150079551618978,0.14519389687851947,0.005316415322936856,-0.00390625
1786719178.5656097,18.020000859999982,60.0,60.0,61.147594329106965,-1.1475943291069655,0.1227950686795095,1390.705578022557,-0.02804101932818472,0.1449535452842779,0.0056421911291747425,-0.00390625
1786719178.5839422,18.040001114000006,60.0,60.0,61.147594329106965,-1.1475943291069655,0.12268502740776308,1390.7407912295157,-0.02804101932818472,0.1447131936900363,0.005772501451669897,-0.00390625
1786719178.603757,18.060001276000094,60.0,60.0,61.147594329106965,-1.1475943291069655,0.12249679994251954,1390.8010240183937,-0.02804101932818472,0.14447284209579472,0.005824625580667958,-0.00390625
1786719178.6263256,18.080000845000086,60.0,60.0,61.13239455128158,-1.1323945512815783,0.12264869863595167,1390.7524164364954,-0.027669618692110237,0.14423567393557665,0.005845475232267183,-0.00390625
1786719178.6439393,18.100001006000184,60.0,60.0,61.13239455128158,-1.1323945512815783,0.12241987033637329,1390.8256414923605,-0.027669618692110237,0.14399850577535855,0.005853815092906873,-0.00390625
1786719178.6649363,18.120001612000124,60.0,60.0,61.11761363925913,-1.1176136392591332,0.12254720393414606,1390.7848947410732,-0.027308452878375244,0.14376443332211533,0.005857151037162749,-0.00390625
1786719178.6847637,18.140001070000153,60.0,60.0,61.11761363925913,-1.1176136392591332,0.12055665335860519,1391.4218709252464,-0.027308452878375244,0.1435303608688721,0.0041006729148651,-0.001953125
1786719178.7031946,18.160001065000188,60.0,60.0,61.11761363925913,-1.1176136392591332,0.11961998965644291,1391.7216033099382,-0.027308452878375244,0.1432962884156289,0.00339808166594604,-0.001953125
1786719178.725996,18.18000070800008,60.0,60.0,61.11273211013051,-1.1127321101305085,0.11922415896178916,1391.8482691322274,-0.02718917462021813,0.14306323834745557,0.003117045166378416,-0.001953125
1786719178.7432024,18.200000962000104,60.0,60.0,61.11273211013051,-1.1127321101305085,0.1188786942937888,1391.9588178259876,-0.02718917462021813,0.1428301882792823,0.003004630566551366,-0.001953125
1786719178.7647371,18.220000846000175,60.0,60.0,61.10290114754386,-1.1029011475438608,0.11884089411777303,1391.9709138823127,-0.026948958888129797,0.14259919720309833,0.0029596647266205466,-0.001953125
1786719178.7847104,18.24000078500012,60.0,60.0,61.10290114754386,-1.1029011475438608,0.12034972920561675,1391.4880866542026,-0.026948958888129797,0.14236820612691437,0.004699490890648219,-0.00390625
1786719178.8031206,18.260001095000007,60.0,60.0,61.10290114754386,-1.1029011475438608,0.12081466859504385,1391.339306049586,-0.026948958888129797,0.1421372150507304,0.005395421356259288,-0.00390625
1786719178.8260443,18.280000793,60.0,60.0,61.09281302329509,-1.0928130232950934,0.1193507365819921,1391.8077642937626,-0.026702459511242022,0.14190833682634832,0.003915981042503715,-0.001953125
1786719178.843164,18.30000125100014,60.0,60.0,61.09281302329509,-1.0928130232950934,0.11853008223210779,1392.0703736857256,-0.026702459511242022,0.14167945860196623,0.003324204917001486,-0.001953125
1786719178.8649735,18.320001004999995,60.0,60.0,61.088121136850674,-1.088121136850674,0.11817913797074354,1392.182675849362,-0.026587815098023288,0.14145156304398318,0.0030874944668005944,-0.001953125
1786719178.8847225,18.340000945000156,60.0,60.0,61.088121136850674,-1.088121136850674,0.11609874573268013,1392.8484013655423,-0.026587815098023288,0.14122366748600013,0.0012349977867202378,0.0
1786719178.9031281,18.360000679999985,60.0,60.0,61.088121136850674,-1.088121136850674,0.11512985150266494,1393.158447519147,-0.026587815098023288,0.14099577192801707,0.0004939991146880951,0.0
1786719178.9259322,18.380001249000088,60.0,60.0,61.08323973904419,-1.0832397390441884,0.11999826902522095,1391.6005539119292,-0.02646854004867136,0.14076889872759987,0.005471037145875237,-0.005859375
1786719178.9431455,18.40000100300017,60.0,60.0,61.08323973904419,-1.0832397390441884,0.1217622110372786,1391.0360924680708,-0.02646854004867136,0.14054202552718267,0.007461852358350095,-0.005859375
1786719178.9646876,18.42000090600004,60.0,60.0,61.07810022181218,-1.0781002218121785,0.12245724601857752,1390.8136812740552,-0.026342957951945183,0.14031622874473743,0.008258178443340038,-0.005859375
1786719178.9846768,18.440001123000002,60.0,60.0,61.07810022181218,-1.0781002218121785,0.12079216717012825,1391.3465065055589,-0.026342957951945183,0.14009043196229218,0.0068188963773360145,-0.00390625
1786719179.003117,18.460000877000084,60.0,60.0,61.07810022181218,-1.0781002218121785,0.1199906575612814,1391.60298958039,-0.026342957951945183,0.13986463517984693,0.006243183550934406,-0.00390625
1786719179.0260139,18.48000111400006,60.0,60.0,61.07315113006928,-1.0731511300692773,0.11965550477253116,1391.71023847279,-0.026222028827689536,0.13963987493275246,0.006012898420373762,-0.00390625
1786719179.0431206,18.50000088800016,60.0,60.0,61.07315113006928,-1.0731511300692773,0.11933863047321243,1391.811638248572,-0.026222028827689536,0.13941511468565798,0.005920784368149504,-0.00390625
1786719179.0647523,18.5200012360001,60.0,60.0,61.06826940542919,-1.0682694054291915,0.11919630764063158,1391.8571815549979,-0.02610274579228621,0.13919137686458125,0.005883938747259802,-0.00390625
1786719179.0841963,18.54000119500006,60.0,60.0,61.06826940542919,-1.0682694054291915,0.11544220657119895,1393.0584938972163,-0.02610274579228621,0.13896763904350448,0.002353575498903921,0.0
1786719179.103039,18.560000746000014,60.0,60.0,61.06826940542919,-1.0682694054291915,0.11380632345077984,1393.5819764957505,-0.02610274579228621,0.13874390122242775,0.0009414301995615684,0.0
1786719179.125864,18.58000109400018,60.0,60.0,61.06338772485549,-1.0633877248554882,0.11489482196862463,1393.23365697004,-0.025983463833627735,0.13852118581813952,0.002134384579824627,-0.001953125
1786719179.1430037,18.60000125700003,60.0,60.0,61.06338772485549,-1.0633877248554882,0.11514928831644164,1393.1522277387387,-0.025983463833627735,0.13829847041385127,0.002611566331929851,-0.001953125
1786719179.1645412,18.620001067999965,60.0,60.0,61.05795279806438,-1.0579527980643775,0.1152502459269491,1393.1199213033763,-0.02585066351967411,0.13807689329796835,0.0028024390327719404,-0.001953125
1786719179.1846244,18.640001509000058,60.0,60.0,61.05795279806438,-1.0579527980643775,0.11334720539140303,1393.728894274751,-0.02585066351967411,0.13785531618208544,0.0011209756131087762,0.0
1786719179.2029052,18.66000113400014,60.0,60.0,61.05795279806438,-1.0579527980643775,0.11245304290765484,1394.0150262695504,-0.02585066351967411,0.13763373906620252,0.0004483902452435105,0.0
1786719179.2256787,18.680000927000037,60.0,60.0,61.052812168832276,-1.0528121688322756,0.11384585341264004,1393.5693269079552,-0.025725054251659888,0.13741323860118831,0.001937168598097404,-0.001953125
1786719179.2429905,18.700001386000167,60.0,60.0,61.052812168832276,-1.0528121688322756,0.11422086428876739,1393.4493234275944,-0.025725054251659888,0.13719273813617408,0.0025326799392389613,-0.001953125
1786719179.2644782,18.720001345000128,60.0,60.0,61.04249564353353,-1.0424956435335275,0.1144906486275696,1393.3629924391778,-0.025472973984300065,0.1369743983591658,0.0027708844756955844,-0.001953125
1786719179.2843413,18.740001063000136,60.0,60.0,61.04249564353353,-1.0424956435335275,0.11964102816514396,1391.714870987154,-0.025472973984300065,0.1367560585821575,0.008139603790278234,-0.0078125
1786719179.3027062,18.76000100400006,60.0,60.0,61.04249564353353,-1.0424956435335275,0.12157017611396873,1391.0975436435301,-0.025472973984300065,0.1365377188051492,0.010287091516111293,-0.0078125
1786719179.3254898,18.780000741000094,60.0,60.0,61.03217911179303,-1.0321791117930275,0.11718947435205516,1392.4993682073423,-0.02522089355953854,0.13632153971749603,0.005872649106444517,-0.001953125
1786719179.3427308,18.800000811000018,60.0,60.0,61.03217911179303,-1.0321791117930275,0.11520751830053529,1393.1335941438288,-0.02522089355953854,0.13610536062984283,0.004106872142577807,-0.001953125
1786719179.3643534,18.820000992000132,60.0,60.0,61.02778388004731,-1.0277838800473091,0.11439242419882675,1393.3944242563755,-0.025113497788047195,0.13589010207737384,0.0034005613570311233,-0.001953125
1786719179.3841963,18.84000115499998,60.0,60.0,61.02778388004731,-1.0277838800473091,0.1174102663321391,1392.4287147737155,-0.025113497788047195,0.1356748435249049,0.006633662042812448,-0.005859375
1786719179.4027321,18.860001096000133,60.0,60.0,61.02778388004731,-1.0277838800473091,0.11848824805398267,1392.0837606227255,-0.025113497788047195,0.1354595849724359,0.007926902317124979,-0.005859375
1786719179.425387,18.880000999000004,60.0,60.0,61.01869976176749,-1.0186997617674933,0.11725443999431144,1392.4785792018204,-0.024891530904974448,0.1352462289932504,0.006686385926849991,-0.00390625
1786719179.4427974,18.9000007730001,60.0,60.0,61.01869976176749,-1.0186997617674933,0.11654487745901594,1392.7056392131149,-0.024891530904974448,0.1350328730140649,0.0061901793707399965,-0.00390625
1786719179.4641814,18.92000099100005,60.0,60.0,61.008054985223055,-1.0080549852230547,0.11639313981576178,1392.7541952589563,-0.024631429946599125,0.13482174647166548,0.005991696748295999,-0.00390625
1786719179.4840913,18.94000113600009,60.0,60.0,61.008054985223055,-1.0080549852230547,0.11610262022438475,1392.847161528197,-0.024631429946599125,0.13461061992926607,0.005912303699318399,-0.00390625
1786719179.5027108,18.960001150000153,60.0,60.0,61.008054985223055,-1.0080549852230547,0.1158597364623943,1392.9248843320338,-0.024631429946599125,0.13439949338686663,0.005880546479727359,-0.00390625
1786719179.5251975,18.980001146000177,60.0,60.0,60.998711070780956,-0.9987110707809563,0.11234859693301341,1394.0484489814357,-0.024403115045744155,0.1341903238293317,0.002352218591890944,0.0
1786719179.5427547,19.000000735000185,60.0,60.0,60.998711070780956,-0.9987110707809563,0.11072809622034391,1394.56700920949,-0.024403115045744155,0.13398115427179674,0.0009408874367563777,0.0
1786719179.5640228,19.020001267999987,60.0,60.0,60.99356776047958,-0.9935677604795786,0.11008006897965024,1394.774377926512,-0.024277440266849054,0.1337730619266523,0.00037635497470255106,0.0
1786719179.5843928,19.04000089400006,60.0,60.0,60.99356776047958,-0.9935677604795786,0.11140397614968428,1394.350727632101,-0.024277440266849054,0.13356496958150788,0.0019083544898810204,-0.001953125
1786719179.602712,19.060000742000057,60.0,60.0,60.99356776047958,-0.9935677604795786,0.11180868361061123,1394.2212212446043,-0.024277440266849054,0.13335687723636344,0.002521154295952408,-0.001953125
1786719179.6259987,19.08000107099997,60.0,60.0,60.978789192409664,-0.9787891924096641,0.11396463222806551,1393.531317687019,-0.0239163317266789,0.13315188010727763,0.004524086718380963,-0.00390625
1786719179.642983,19.100001290000137,60.0,60.0,60.978789192409664,-0.9787891924096641,0.11456080806795112,1393.3405414182557,-0.0239163317266789,0.13294688297819182,0.005325259687352386,-0.00390625
1786719179.6645117,19.120000897000182,60.0,60.0,60.96895927683764,-0.968959276837637,0.11491647027514879,1393.2267295119523,-0.023676141577983992,0.13274394462180908,0.005645728874940954,-0.00390625
1786719179.6843262,19.140000856000142,60.0,60.0,60.96895927683764,-0.968959276837637,0.11484171959380148,1393.2506497299835,-0.023676141577983992,0.13254100626542636,0.005773916549976382,-0.00390625
1786719179.7030177,19.16000172300005,60.0,60.0,60.96895927683764,-0.968959276837637,0.11469005630743292,1393.2991819816216,-0.023676141577983992,0.13233806790904365,0.005825191619990552,-0.00390625
1786719179.7257457,19.180001200000106,60.0,60.0,60.953762266112335,-0.953762266112335,0.11663677350212025,1392.6762324793215,-0.023304808554919617,0.13213831240714433,0.007603514147996221,-0.005859375
1786719179.7427099,19.200000714999987,60.0,60.0,60.953762266112335,-0.953762266112335,0.1171483470114232,1392.5125289563446,-0.023304808554919617,0.13193855690524503,0.008314843159198488,-0.005859375
1786719179.764443,19.220001007000064,60.0,60.0,60.94393274095057,-0.9439327409505722,0.11747330372317735,1392.4085428085832,-0.02306462794574707,0.13174086009428146,0.008599374763679394,-0.005859375
1786719179.7843618,19.240000726000062,60.0,60.0,60.94393274095057,-0.9439327409505722,0.11387379455400615,1393.5603857427182,-0.02306462794574707,0.13154316328331792,0.005197562405471758,-0.001953125
1786719179.8026986,19.260000814000023,60.0,60.0,60.94393274095057,-0.9439327409505722,0.11231537279975955,1394.059080704077,-0.02306462794574707,0.13134546647235437,0.003836837462188703,-0.001953125
1786719179.8255186,19.28000110700009,60.0,60.0,60.93878721143679,-0.9387872114367896,0.11169911501596645,1394.2562831948908,-0.0229388989412634,0.1311488473385721,0.0032925474848754816,-0.001953125
1786719179.842742,19.300000714000134,60.0,60.0,60.93878721143679,-0.9387872114367896,0.11128477989125889,1394.3888704347971,-0.0229388989412634,0.13095222820478983,0.0030748314939501925,-0.001953125
1786719179.8644893,19.3200012100001,60.0,60.0,60.923591095970835,-0.9235910959708349,0.11137238550885831,1394.3608366371654,-0.0225675877935116,0.1307587917379883,0.002987745097580077,-0.001953125
1786719179.8842363,19.340000762000045,60.0,60.0,60.923591095970835,-0.9235910959708349,0.11290192698350872,1393.8713833652773,-0.0225675877935116,0.13056535527118676,0.004710723039032031,-0.00390625
1786719179.902695,19.36000118400011,60.0,60.0,60.923591095970835,-0.9235910959708349,0.11339768169328797,1393.7127418581479,-0.0225675877935116,0.13037191880438523,0.005399914215612813,-0.00390625
1786719179.925379,19.38000077300012,60.0,60.0,60.90914671332271,-0.9091467133227128,0.11383286454699748,1393.5734833449608,-0.022214644943632865,0.13018150756201124,0.005675590686245125,-0.00390625
1786719179.9427073,19.40000125000006,60.0,60.0,60.90914671332271,-0.9091467133227128,0.11375272389287643,1393.5991283542796,-0.022214644943632865,0.12999109631963723,0.00578586127449805,-0.00390625
1786719179.9641426,19.420001431000173,60.0,60.0,60.893419367357694,-0.8934193673576942,0.11399071244336934,1393.522972018122,-0.02183035338606712,0.1298039790048995,0.00582996950979922,-0.00390625
1786719179.9840393,19.44000090899999,60.0,60.0,60.893419367357694,-0.8934193673576942,0.11382123842275207,1393.5772037047193,-0.02183035338606712,0.12961686169016182,0.005847612803919688,-0.00390625
1786719180.0026865,19.46000107200007,60.0,60.0,60.893419367357694,-0.8934193673576942,0.11364117842566257,1393.634822903788,-0.02183035338606712,0.1294297443754241,0.005854670121567875,-0.00390625
1786719180.0252426,19.480000810000092,60.0,60.0,60.88337267254056,-0.8833726725405597,0.11370237110288699,1393.6152412470763,-0.021584866321164256,0.12924473123552838,0.005857493048627149,-0.00390625
1786719180.0426977,19.500000881000005,60.0,60.0,60.88337267254056,-0.8833726725405597,0.11351848713381497,1393.6740841171793,-0.021584866321164256,0.1290597180956327,0.00585862221945086,-0.00390625
1786719180.064072,19.520001027000035,60.0,60.0,60.87327612559187,-0.8732761255918717,0.11358063084452028,1393.6541981297535,-0.021338161138892746,0.12887681957158503,0.005859073887780344,-0.00390625
1786719180.0840333,19.54000102400005,60.0,60.0,60.87327612559187,-0.8732761255918717,0.11339791298780441,1393.7126678439026,-0.021338161138892746,0.12869392104753738,0.005859254555112138,-0.00390625
1786719180.1028166,19.56000072500001,60.0,60.0,60.87327612559187,-0.8732761255918717,0.11321508673068949,1393.7711722461793,-0.021338161138892746,0.1285110225234897,0.005859326822044856,-0.00390625
1786719180.125133,19.580000982,60.0,60.0,60.86832727237132,-0.8683272723713173,0.11315314040947014,1393.7909950689696,-0.021217237842837508,0.1283291604848368,0.005859355728817942,-0.00390625
1786719180.1428635,19.60000131200013,60.0,60.0,60.86832727237132,-0.8683272723713173,0.11297128993352648,1393.8491872212714,-0.021217237842837508,0.12814729844618392,0.005859367291527177,-0.00390625
1786719180.1655915,19.620000828000002,60.0,60.0,60.86213982931926,-0.8621398293192613,0.11294062027491052,1393.8590015120287,-0.021066050087884272,0.12796673230257347,0.005859371916610871,-0.00390625
1786719180.182861,19.640001252000047,60.0,60.0,60.86213982931926,-0.8621398293192613,0.11276005598133354,1393.9167820859732,-0.021066050087884272,0.12778616615896304,0.005859373766644348,-0.00390625
1786719180.2028415,19.660001267000098,60.0,60.0,60.86213982931926,-0.8621398293192613,0.11257949057773652,1393.9745630151242,-0.021066050087884272,0.1276056000153526,0.005859374506657739,-0.00390625
1786719180.2251992,19.680000876000122,60.0,60.0,60.858013216691944,-0.8580132166919441,0.1124997568983529,1394.000077792527,-0.020965217919662788,0.12742589814746977,0.005859374802663095,-0.00390625
1786719180.242948,19.70000096600006,60.0,60.0,60.858013216691944,-0.8580132166919441,0.11232005514887222,1394.057582352361,-0.020965217919662788,0.12724619627958697,0.0058593749210652385,-0.00390625
1786719180.2653034,19.72000092600001,60.0,60.0,60.85752798731295,-0.8575279873129489,0.10687877221875751,1395.7987928899977,-0.020953361529255567,0.12706659603790763,0.0005859374684260956,0.001953125
1786719180.2827244,19.740000794000025,60.0,60.0,60.85752798731295,-0.8575279873129489,0.1045897969960225,1396.5312649612729,-0.020953361529255567,0.12688699579622828,-0.0015234375126295615,0.001953125
1786719180.3026989,19.760000810000065,60.0,60.0,60.85752798731295,-0.8575279873129489,0.1035664467619209,1396.8587370361854,-0.020953361529255567,0.12670739555454896,-0.0023671875050518248,0.001953125
1786719180.3259132,19.78000104800003,60.0,60.0,60.85752798731295,-0.8575279873129489,0.10832278402327267,1395.3367091125529,-0.020953361529255567,0.12652779531286962,0.00256874999797927,-0.00390625
1786719180.3427835,19.80000119300007,60.0,60.0,60.85752798731295,-0.8575279873129489,0.11011755878280577,1394.762381189502,-0.020953361529255567,0.1263481950711903,0.004543124999191708,-0.00390625
1786719180.3651881,19.820000691000132,60.0,60.0,60.85257855904726,-0.8525785590472595,0.11084864588867,1394.5284333156255,-0.020832424182196992,0.1261696314353429,0.005332874999676683,-0.00390625
1786719180.3827114,19.84000072499998,60.0,60.0,60.85257855904726,-0.8525785590472595,0.11098598225301658,1394.4844856790346,-0.020832424182196992,0.1259910677994955,0.005648774999870674,-0.00390625
1786719180.4027028,19.860001110999974,60.0,60.0,60.85257855904726,-0.8525785590472595,0.11093377861724678,1394.501190842481,-0.020832424182196992,0.12581250416364811,0.0057751349999482695,-0.00390625
1786719180.4251158,19.880001035000078,60.0,60.0,60.85257855904726,-0.8525785590472595,0.10904794648143043,1395.1046571259421,-0.020832424182196992,0.12563394052780072,0.004067866499979308,-0.001953125
1786719180.4427617,19.900000995000028,60.0,60.0,60.85257855904726,-0.8525785590472595,0.10818647544559545,1395.3803278574094,-0.020832424182196992,0.12545537689195332,0.0033849590999917236,-0.001953125
1786719180.4665694,19.920001011000068,60.0,60.0,60.85257855904726,-0.8525785590472595,0.10949256134975302,1394.962380368079,-0.020832424182196992,0.12527681325610593,0.004869608639996689,-0.00390625
1786719180.482753,19.940000897000118,60.0,60.0,60.85257855904726,-0.8525785590472595,0.10990785752990762,1394.8294855904296,-0.020832424182196992,0.12509824962025853,0.005463468455998675,-0.00390625
1786719180.5027227,19.960000876000095,60.0,60.0,60.85257855904726,-0.8525785590472595,0.109966837820461,1394.8106118974524,-0.020832424182196992,0.12491968598441112,0.00570101238239947,-0.00390625
1786719180.5267181,19.980001003000098,60.0,60.0,60.84743071777086,-0.8474307177708624,0.1064934522466744,1395.9220952810642,-0.020706638690696517,0.12474220050991944,0.002280404952959788,0.0
1786719180.5427303,20.00000070400006,60.0,60.0,60.84743071777086,-0.8474307177708624,0.10494772380040684,1396.41672838387,-0.020706638690696517,0.12456471503542776,0.0009121619811839152,0.0
1786719180.5666165,20.020000813000024,60.0,60.0,60.84330461413677,-0.8433046141367697,0.10783938586837559,1395.4913965221199,-0.020605818959525728,0.1243880937300604,0.003880489792473566,-0.00390625
1786719180.582747,20.0400008470001,60.0,60.0,60.84330461413677,-0.8433046141367697,0.1088500956875241,1395.1679693799922,-0.020605818959525728,0.12421147242469305,0.005067820916989426,-0.00390625
1786719180.6027906,20.060000752000178,60.0,60.0,60.84330461413677,-0.8433046141367697,0.10914840683196309,1395.0725098137718,-0.020605818959525728,0.12403485111932569,0.00554275336679577,-0.00390625
1786719180.626765,20.080001175000007,60.0,60.0,60.83320669512659,-0.8332066951265916,0.11116630971457654,1394.4267808913355,-0.02035908025146746,0.12386034471717025,0.007490538846718308,-0.005859375
1786719180.6429684,20.100001395000163,60.0,60.0,60.83320669512659,-0.8332066951265916,0.11177091750439011,1394.2333063985952,-0.02035908025146746,0.12368583831501481,0.008269653038687323,-0.005859375
1786719180.6666503,20.120001262000187,60.0,60.0,60.82825794490728,-0.8282579449072786,0.1085133525582824,1395.2757271813496,-0.02023815947220733,0.12351236837668161,0.005065673715474929,-0.001953125
1786719180.682754,20.14000068600012,60.0,60.0,60.82825794490728,-0.8282579449072786,0.10705829089066425,1395.7413469149874,-0.02023815947220733,0.12333889843834842,0.0037840819861899716,-0.001953125
1786719180.7027838,20.160000997999987,60.0,60.0,60.82825794490728,-0.8282579449072786,0.10637218426061706,1395.9609010366025,-0.02023815947220733,0.12316542850001522,0.0032714452944759883,-0.001953125
1786719180.7264884,20.18000073600001,60.0,60.0,60.8184292292423,-0.8184292292422981,0.10623382047503303,1396.0051774479894,-0.019997998642772578,0.12299401708307717,0.0030663906177903957,-0.001953125
1786719180.7427459,20.20000101100004,60.0,60.0,60.8184292292423,-0.8184292292422981,0.10598038718742075,1396.0862761000253,-0.019997998642772578,0.12282260566613912,0.0029843687471161583,-0.001953125
1786719180.767178,20.22000102700008,60.0,60.0,60.81354917942434,-0.8135491794243421,0.10765322163399156,1395.5509690771228,-0.019878756530994027,0.12265221632444488,0.004709372498846464,-0.00390625
1786719180.782722,20.24000072800004,60.0,60.0,60.81354917942434,-0.8135491794243421,0.10817283379298945,1395.3846931862433,-0.019878756530994027,0.12248182698275065,0.005399373999538585,-0.00390625
1786719180.8039837,20.260001114000033,60.0,60.0,60.81354917942434,-0.8135491794243421,0.10827844505157205,1395.350897583497,-0.019878756530994027,0.12231143764105641,0.005675374599815434,-0.00390625
1786719180.8252187,20.28000101900011,60.0,60.0,60.80908571303192,-0.8090857130319193,0.10832751900842841,1395.3351939173028,-0.019769693472554178,0.12214198312557739,0.005785774839926173,-0.00390625
1786719180.8427842,20.30000090500016,60.0,60.0,60.80908571303192,-0.8090857130319193,0.10820222458899367,1395.375288131522,-0.019769693472554178,0.12197252861009836,0.00582993493597047,-0.00390625
1786719180.8665485,20.3200008660001,60.0,60.0,60.79877232707901,-0.798772327079007,0.10830243767060252,1395.343219945407,-0.019517689913884025,0.1218052341251222,0.005847598974388188,-0.00390625
1786719180.882708,20.340000678000024,60.0,60.0,60.79877232707901,-0.798772327079007,0.10814220880099346,1395.394493183682,-0.019517689913884025,0.12163793964014606,0.005854664589755275,-0.00390625
1786719180.9039476,20.360000934000027,60.0,60.0,60.79877232707901,-0.798772327079007,0.10797774056216414,1395.4471230201075,-0.019517689913884025,0.1214706451551699,0.00585749083590211,-0.00390625
1786719180.9252062,20.38000106100003,60.0,60.0,60.793892369373054,-0.7938923693730544,0.10793081643670445,1395.4621387402547,-0.019398450052826303,0.12130437272614568,0.005858621334360844,-0.00390625
1786719180.942718,20.400000966000107,60.0,60.0,60.793892369373054,-0.7938923693730544,0.10776499620706372,1395.5152012137396,-0.019398450052826303,0.12113810029712145,0.005859073533744337,-0.00390625
1786719180.9685385,20.420001001000173,60.0,60.0,60.783792800183505,-0.7837928001835053,0.10784568368733972,1395.4893812200512,-0.019151671023279457,0.12097394311692192,0.005859254413497735,-0.00390625
1786719180.9826937,20.440001145999986,60.0,60.0,60.783792800183505,-0.7837928001835053,0.10768159885904155,1395.5418883651066,-0.019151671023279457,0.1208097859367224,0.005859326765399095,-0.00390625
1786719181.0039232,20.460000717000185,60.0,60.0,60.77835953964242,-0.7783595396424232,0.10765023021938738,1395.551926329796,-0.019018911423494655,0.12064676669594958,0.005859355706159638,-0.00390625
1786719181.0252414,20.480001049000066,60.0,60.0,60.77835953964242,-0.7783595396424232,0.10572941005491877,1396.166588782426,-0.019018911423494655,0.12048374745517677,0.004101554782463855,-0.001953125
1786719181.042737,20.500000826000132,60.0,60.0,60.77835953964242,-0.7783595396424232,0.10486327044466766,1396.4437534577064,-0.019018911423494655,0.12032072821440395,0.003398434412985542,-0.001953125
1786719181.0686126,20.520000787000072,60.0,60.0,60.76825944624639,-0.7682594462463896,0.10642360739443113,1395.944445633782,-0.018772119585167047,0.1201598243322454,0.004874998765194217,-0.00390625
1786719181.0827062,20.540000897000027,60.0,60.0,60.76825944624639,-0.7682594462463896,0.10685332925315603,1395.80693463899,-0.018772119585167047,0.11999892045008682,0.005465624506077686,-0.00390625
1786719181.103932,20.56000102500002,60.0,60.0,60.754308198477844,-0.7543081984778439,0.10726956895900254,1395.6737379331191,-0.018431226293515356,0.11984093851042812,0.005701874802431075,-0.00390625
1786719181.1251967,20.58000091300005,60.0,60.0,60.754308198477844,-0.7543081984778439,0.1036904621378852,1396.8190521158767,-0.018431226293515356,0.11968295657076942,0.0022807499209724297,0.0
1786719181.1427934,20.600001003999978,60.0,60.0,60.754308198477844,-0.7543081984778439,0.10216403024564304,1397.3075103213941,-0.018431226293515356,0.11952497463111073,0.000912299968388972,0.0
1786719181.1700888,20.620000650000065,60.0,60.0,60.7486026490991,-0.748602649099098,0.10687151869616288,1395.801114017228,-0.018291813422303432,0.11936818765891956,0.005638357487355588,-0.005859375
1786719181.1826963,20.640000927000074,60.0,60.0,60.7486026490991,-0.748602649099098,0.10860515473155836,1395.2463504859013,-0.018291813422303432,0.11921140068672839,0.007528780494942235,-0.005859375
1786719181.2039332,20.660000944000103,60.0,60.0,60.734312200460835,-0.7343122004608348,0.10955371849485662,1394.9428100816458,-0.017942631889848664,0.1190576066991011,0.008284949697976893,-0.005859375
1786719181.2251997,20.680000906000032,60.0,60.0,60.734312200460835,-0.7343122004608348,0.10618676718844319,1396.0202344996983,-0.017942631889848664,0.11890381271147382,0.005071792379190757,-0.001953125
1786719181.2429283,20.700001219000114,60.0,60.0,60.734312200460835,-0.7343122004608348,0.10474771027330146,1396.4807327125436,-0.017942631889848664,0.11875001872384655,0.0037865294516763034,-0.001953125
1786719181.2688053,20.720001218000107,60.0,60.0,60.72399883133099,-0.723998831330988,0.10257400176227353,1397.1763194360724,-0.017690628742243548,0.11859838476319874,0.0015146117806705212,0.0
1786719181.2834506,20.740000882999993,60.0,60.0,60.72399883133099,-0.723998831330988,0.10151360073322341,1397.5156477653686,-0.017690628742243548,0.11844675080255095,0.0006058447122682085,0.0
1786719181.3039625,20.760001122000176,60.0,60.0,60.71417118497422,-0.7141711849742195,0.10123859464652081,1397.6036497131133,-0.017450494040937417,0.11829717513934292,0.00024233788490728343,0.0
1786719181.325939,20.78000093600008,60.0,60.0,60.71417118497422,-0.7141711849742195,0.10445924125236841,1396.573042799242,-0.017450494040937417,0.11814759947613489,0.0036125601539629135,-0.00390625
1786719181.3434289,20.80000111900017,60.0,60.0,60.71417118497422,-0.7141711849742195,0.10565775449678264,1396.1895185610297,-0.017450494040937417,0.11799802381292686,0.004960649061585165,-0.00390625
1786719181.3685584,20.82000126600019,60.0,60.0,60.69939637994355,-0.6993963799435505,0.10640843098839906,1395.9493020837124,-0.017089477449161863,0.11785154257764832,0.005499884624634067,-0.00390625
1786719181.3833199,20.84000091300004,60.0,60.0,60.69939637994355,-0.6993963799435505,0.10647764397834009,1395.9271539269312,-0.017089477449161863,0.11770506134236979,0.0057155788498536265,-0.00390625
1786719181.4045923,20.860001263000186,60.0,60.0,60.69451642593228,-0.694516425932278,0.10653668020392902,1395.9082623347426,-0.01697023767838221,0.11755960216226936,0.00580185653994145,-0.00390625
1786719181.4266055,20.880000928000072,60.0,60.0,60.69451642593228,-0.694516425932278,0.10291010709986373,1397.0687657280437,-0.01697023767838221,0.11741414298216893,0.0023207426159765803,0.0
1786719181.4433298,20.90000101999999,60.0,60.0,60.69451642593228,-0.694516425932278,0.10137220235017735,1397.5608952479433,-0.01697023767838221,0.11726868380206851,0.0009282970463906322,0.0
1786719181.469517,20.920000944000094,60.0,60.0,60.67946703485407,-0.6794670348540706,0.10279530343687153,1397.1055029002011,-0.01660251168375324,0.11712637655906491,0.002129131318556253,-0.001953125
1786719181.4840026,20.94000105400005,60.0,60.0,60.67946703485407,-0.6794670348540706,0.10313332990273417,1396.9973344311252,-0.01660251168375324,0.1169840693160613,0.002609465027422501,-0.001953125
1786719181.5052483,20.96000099700018,60.0,60.0,60.674520092493566,-0.6745200924935659,0.10330403274821312,1396.9427095205717,-0.016481635078817176,0.11684279815824286,0.0028015985109690004,-0.001953125
1786719181.527011,20.98000094000008,60.0,60.0,60.674520092493566,-0.6745200924935659,0.10148180248381329,1397.5258232051797,-0.016481635078817176,0.11670152700042442,0.0011206394043876003,0.0
1786719181.5439312,21.000000735000185,60.0,60.0,60.674520092493566,-0.6745200924935659,0.10066814768336228,1397.7861927413242,-0.016481635078817176,0.11656025584260599,0.0004482557617550402,0.0
1786719181.5693421,21.020000956000104,60.0,60.0,60.663930860884705,-0.6639308608847047,0.10227447930805407,1397.2721666214227,-0.016222891339253937,0.11642120248826952,0.0019371148047020162,-0.001953125
1786719181.5833454,21.040000954000107,60.0,60.0,60.663930860884705,-0.6639308608847047,0.10273096957089639,1397.1260897373131,-0.016222891339253937,0.11628214913393306,0.0025326584218808065,-0.001953125
1786719181.6052783,21.060000878999972,60.0,60.0,60.64922335629035,-0.6492233562903494,0.10318950579532461,1396.979358145496,-0.01586351920736077,0.11614617611215568,0.0027708758687523226,-0.001953125
1786719181.6272428,21.080000692000112,60.0,60.0,60.64922335629035,-0.6492233562903494,0.10666444475229583,1395.8673776792652,-0.01586351920736077,0.1160102030903783,0.006381787847500929,-0.005859375
1786719181.6433797,21.100000932000057,60.0,60.0,60.64922335629035,-0.6492233562903494,0.10797283652201789,1395.4486923129543,-0.01586351920736077,0.1158742300686009,0.00782615263900037,-0.005859375
1786719181.669239,21.120001151999986,60.0,60.0,60.63932955901163,-0.6393295590116281,0.10514073549009423,1396.3549646431698,-0.015621768134106814,0.11574032919888,0.004888273555600149,-0.001953125
1786719181.6837604,21.140001114000142,60.0,60.0,60.63932955901163,-0.6393295590116281,0.10383168298701324,1396.7738614441557,-0.015621768134106814,0.11560642832915909,0.0037131219222400597,-0.001953125
1786719181.7054267,21.16000120500007,60.0,60.0,60.62950272450422,-0.6295027245042206,0.10346783632803229,1396.8902923750297,-0.015381653270022813,0.1154745855868446,0.003243061268896024,-0.001953125
1786719181.7271886,21.180001074000074,60.0,60.0,60.62950272450422,-0.6295027245042206,0.1031479693243802,1396.9926498161983,-0.015381653270022813,0.11534274284453014,0.0030550370075584097,-0.001953125
1786719181.7437358,21.200001016999977,60.0,60.0,60.62950272450422,-0.6295027245042206,0.10294091687753068,1397.05890659919,-0.015381653270022813,0.11521090010221566,0.002979827303023364,-0.001953125
1786719181.7693543,21.220001422999985,60.0,60.0,60.60984959282635,-0.6098495928263503,0.10677483185195176,1395.8320538073754,-0.014901436671473244,0.11508317350217445,0.006465368421209346,-0.005859375
1786719181.7837815,21.24000090300001,60.0,60.0,60.60984959282635,-0.6098495928263503,0.10804132169918496,1395.4267770562608,-0.014901436671473244,0.11495544690213326,0.007859584868483739,-0.005859375
1786719181.8053703,21.26000092000004,60.0,60.0,60.604138091520184,-0.6041380915201842,0.10861083998228788,1395.244531205668,-0.014761878367238867,0.11482891651612835,0.008417271447393494,-0.005859375
1786719181.8270671,21.280000751999978,60.0,60.0,60.604138091520184,-0.6041380915201842,0.10519175922784688,1396.338637047089,-0.014761878367238867,0.11470238613012344,0.005124721078957398,-0.001953125
1786719181.843794,21.300001084000087,60.0,60.0,60.604138091520184,-0.6041380915201842,0.10374820869446753,1396.8005732177703,-0.014761878367238867,0.11457585574411853,0.0038077009315829594,-0.001953125
1786719181.8693223,21.320000935000053,60.0,60.0,60.59431150993208,-0.5943115099320835,0.10157716643361235,1397.4953067412441,-0.014521769683139372,0.11445138343254876,0.0015230803726331839,0.0
1786719181.883754,21.340000766999992,60.0,60.0,60.59431150993208,-0.5943115099320835,0.10053884589846267,1397.827569312492,-0.014521769683139372,0.114326911120979,0.0006092321490532737,0.0
1786719181.9067557,21.360000894999985,60.0,60.0,60.5844851079282,-0.5844851079282023,0.10028893859349014,1397.9075396500832,-0.014281665387110159,0.11420449684623234,0.00024369285962130946,0.0
1786719181.9263568,21.380001152999967,60.0,60.0,60.5844851079282,-0.5844851079282023,0.1017781211029707,1397.4310012470494,-0.014281665387110159,0.11408208257148568,0.001855289643848524,-0.001953125
1786719181.9437695,21.400000855000144,60.0,60.0,60.5844851079282,-0.5844851079282023,0.10230034554191493,1397.2638894265872,-0.014281665387110159,0.11395966829673902,0.0024999283575394098,-0.001953125
1786719181.969115,21.42000115000019,60.0,60.0,60.574379904761145,-0.5743799047611446,0.102682703446232,1397.1415348972057,-0.014034748693522798,0.11383937045079455,0.0027577838430157637,-0.001953125
1786719181.9837303,21.44000072200015,60.0,60.0,60.574379904761145,-0.5743799047611446,0.10266554779447806,1397.147024705767,-0.014034748693522798,0.11371907260485006,0.0028609260372063055,-0.001953125
1786719182.0073872,21.460000703000105,60.0,60.0,60.56483284322724,-0.5648328432272365,0.10281978554692986,1397.0976686249824,-0.01380146997280272,0.11360077429079747,0.0029021829148825223,-0.001953125
1786719182.0270095,21.480000665000034,60.0,60.0,60.56483284322724,-0.5648328432272365,0.10271798998394775,1397.1302432051368,-0.01380146997280272,0.11348247597674486,0.0029186856659530087,-0.001953125
1786719182.0437217,21.50000103499997,60.0,60.0,60.56483284322724,-0.5648328432272365,0.10260629277032335,1397.1659863134964,-0.01380146997280272,0.11336417766269227,0.0029252867663812033,-0.001953125
1786719182.0693064,21.520001294000167,60.0,60.0,60.5497812433552,-0.5497812433551985,0.10461622736208577,1396.5228072441325,-0.013433690007158975,0.11324903174834519,0.004685739706552481,-0.00390625
1786719182.0837498,21.540000702000043,60.0,60.0,60.5497812433552,-0.5497812433551985,0.10520526262380721,1396.3343159603817,-0.013433690007158975,0.11313388583399811,0.005389920882620992,-0.00390625
1786719182.1072187,21.56000110900004,60.0,60.0,60.53507515855165,-0.5350751585516491,0.10573112661974675,1396.166039481681,-0.013074352567299758,0.11302181995484983,0.005671593353048397,-0.00390625
1786719182.1270142,21.580000979000033,60.0,60.0,60.53507515855165,-0.5350751585516491,0.10924735472876942,1395.0408464867937,-0.013074352567299758,0.11290975407570154,0.009299887341219358,-0.0078125
1786719182.143222,21.60000095999999,60.0,60.0,60.53507515855165,-0.5350751585516491,0.11058660644488952,1394.6122859376353,-0.013074352567299758,0.11279768819655325,0.010751204936487742,-0.0078125
1786719182.1691504,21.620000868000034,60.0,60.0,60.519882201632214,-0.519882201632214,0.10966848907374951,1394.9060834964002,-0.01270311859739884,0.11268880432286126,0.009573919474595096,-0.005859375
1786719182.183159,21.640000941000153,60.0,60.0,60.519882201632214,-0.519882201632214,0.10908869101530046,1395.091618875104,-0.01270311859739884,0.11257992044916926,0.00910300528983804,-0.005859375
1786719182.2065294,21.660001108000188,60.0,60.0,60.50434124955902,-0.5043412495590189,0.10917117856330627,1395.0652228597419,-0.012323381501798191,0.11247429146486813,0.008914639615935215,-0.005859375
1786719182.2270246,21.680000941000117,60.0,60.0,60.50434124955902,-0.5043412495590189,0.10899020330944403,1395.123134940978,-0.012323381501798191,0.112368662480567,0.008839293346374087,-0.005859375
1786719182.243923,21.700001719000056,60.0,60.0,60.50434124955902,-0.5043412495590189,0.10885443581731843,1395.1665805384582,-0.012323381501798191,0.11226303349626587,0.008809154838549634,-0.005859375
1786719182.269185,21.720000848000154,60.0,60.0,60.48517795785668,-0.48517795785667767,0.1074471864799039,1395.6169003264308,-0.011855133951781841,0.11216141806239346,0.007039286935419853,-0.00390625
1786719182.2837462,21.740000884999972,60.0,60.0,60.48517795785668,-0.48517795785667767,0.10663762388477957,1395.8759603568706,-0.011855133951781841,0.11205980262852105,0.006331339774167941,-0.00390625
1786719182.3071487,21.76000108900007,60.0,60.0,60.47486495489929,-0.47486495489928876,0.10650482378673047,1395.9184563882463,-0.011603139751457752,0.11196034714493713,0.006048160909667177,-0.00390625
1786719182.3270302,21.780000737000137,60.0,60.0,60.47486495489929,-0.47486495489928876,0.10629209675734624,1395.9865290376492,-0.011603139751457752,0.11186089166135323,0.005934889363866871,-0.00390625
1786719182.3437665,21.800000662000002,60.0,60.0,60.47486495489929,-0.47486495489928876,0.10614733265544221,1396.0328535502586,-0.011603139751457752,0.1117614361777693,0.005889580745546748,-0.00390625
1786719182.3690782,21.820000977000063,60.0,60.0,60.464756348396435,-0.46475634839643476,0.10627675357729889,1395.9914388552643,-0.011356139898689116,0.11166409783578055,0.0058714572982187,-0.00390625
1786719182.3837426,21.840000847000056,60.0,60.0,60.464756348396435,-0.46475634839643476,0.10617216585637891,1396.0249069259587,-0.011356139898689116,0.11156675949379179,0.005864207919287479,-0.00390625
1786719182.407032,21.860000809999974,60.0,60.0,60.45005135859236,-0.45005135859236134,0.10643123844679225,1395.9420036970264,-0.010996829214714529,0.11147250095766566,0.005861308167714992,-0.00390625
1786719182.4263277,21.88000077300012,60.0,60.0,60.45005135859236,-0.45005135859236134,0.10809363251003713,1395.410037596788,-0.010996829214714529,0.11137824242153953,0.007617960767085995,-0.005859375
1786719182.4437706,21.900000754000075,60.0,60.0,60.45005135859236,-0.45005135859236134,0.10870203501365941,1395.2153487956289,-0.010996829214714529,0.11128398388541341,0.008320621806834398,-0.005859375
1786719182.4684446,21.920000716999994,60.0,60.0,60.43479309048317,-0.4347930904831685,0.10926167071675309,1395.036265370639,-0.010623999391394079,0.11119292103348719,0.00860168622273376,-0.005859375
1786719182.4837646,21.940000902000065,60.0,60.0,60.43479309048317,-0.4347930904831685,0.1092830336311866,1395.0294292380204,-0.010623999391394079,0.11110185818156096,0.008714111989093503,-0.005859375
1786719182.5070806,21.960000920000084,60.0,60.0,60.41485814669275,-0.41485814669275106,0.10972404365328418,1394.888306030949,-0.010136896823914181,0.11101497049449884,0.008759082295637401,-0.005859375
1786719182.527018,21.980000938000103,60.0,60.0,60.41485814669275,-0.41485814669275106,0.11141295658883962,1394.3478538915713,-0.010136896823914181,0.11092808280743671,0.01053488291825496,-0.0078125
1786719182.5437498,22.000001068000074,60.0,60.0,60.41485814669275,-0.41485814669275106,0.11203638915082452,1394.148355471736,-0.010136896823914181,0.11084119512037459,0.011245203167301984,-0.0078125
1786719182.568577,22.020001586000035,60.0,60.0,60.39436821612725,-0.3943682161272477,0.11097648051600348,1394.487526234879,-0.009636233371291903,0.11075859883433495,0.009771518766920794,-0.005859375
1786719182.5837724,22.040001179,60.0,60.0,60.39436821612725,-0.3943682161272477,0.11030441046981136,1394.7025886496604,-0.009636233371291903,0.1106760025482953,0.009182045006768317,-0.005859375
1786719182.6070786,22.060000827000067,60.0,60.0,60.38454344078721,-0.3845434407872119,0.11022608922884403,1394.7276514467699,-0.009396168822158584,0.11059546395839108,0.008946255502707326,-0.005859375
1786719182.627179,22.080000993000112,60.0,60.0,60.38454344078721,-0.3845434407872119,0.10829342233731543,1395.346104852059,-0.009396168822158584,0.11051492536848687,0.00709412720108293,-0.00390625
1786719182.6429985,22.10000134500001,60.0,60.0,60.38454344078721,-0.3845434407872119,0.10747203242676145,1395.6089496234363,-0.009396168822158584,0.11043438677858265,0.006353275880433173,-0.00390625
1786719182.6685526,22.120001215000002,60.0,60.0,60.36489443816015,-0.36489443816014955,0.10933308151540269,1395.0134139150712,-0.008916053115353229,0.11035796346616533,0.00781474785217327,-0.005859375
1786719182.683738,22.14000103000012,60.0,60.0,60.36489443816015,-0.36489443816014955,0.10984124699168141,1394.8508009626619,-0.008916053115353229,0.11028154015374801,0.008399336640869308,-0.005859375
1786719182.707141,22.160000678000188,60.0,60.0,60.3494142697468,-0.3494142697468021,0.1103769110653491,1394.6793884590884,-0.008537801244746634,0.11020835900022162,0.008633172156347724,-0.005859375
1786719182.7270367,22.180000973999995,60.0,60.0,60.3494142697468,-0.3494142697468021,0.10863945161801407,1395.2353754822354,-0.008537801244746634,0.11013517784669523,0.00696889386253909,-0.00390625
1786719182.7437263,22.20000069600019,60.0,60.0,60.3494142697468,-0.3494142697468021,0.10790055914696423,1395.4718210729714,-0.008537801244746634,0.11006199669316884,0.006303182545015636,-0.00390625
1786719182.7689624,22.220000807000133,60.0,60.0,60.330054551197975,-0.3300545511979749,0.10803414062973948,1395.4290749984834,-0.008064754081435598,0.10999287022961367,0.006036898018006255,-0.00390625
1786719182.7837305,22.24000095500014,60.0,60.0,60.330054551197975,-0.3300545511979749,0.10785850035538057,1395.4852798862782,-0.008064754081435598,0.10992374376605851,0.005930384207202502,-0.00390625
1786719182.807051,22.260001084000123,60.0,60.0,60.32000747588913,-0.3200074758891276,0.10799226472957321,1395.4424752865366,-0.007819257719366302,0.10985672155703537,0.005887778682881001,-0.00390625
1786719182.8270047,22.280000695000126,60.0,60.0,60.32000747588913,-0.3200074758891276,0.10790820031082146,1395.4693759005372,-0.007819257719366302,0.10978969934801222,0.0058707364731524,-0.00390625
1786719182.8437805,22.300000917000034,60.0,60.0,60.32000747588913,-0.3200074758891276,0.10783436121790688,1395.4930044102698,-0.007819257719366302,0.10972267713898907,0.00586391958926096,-0.00390625
1786719182.8684552,22.32000132400003,60.0,60.0,60.2946361871289,-0.2946361871289014,0.1119001747894034,1394.191944067391,-0.0071993201852900545,0.10966096868025801,0.009376817835704383,-0.0078125
1786719182.8837988,22.34000076899997,60.0,60.0,60.2946361871289,-0.2946361871289014,0.11324362562924971,1393.7620397986402,-0.0071993201852900545,0.10959926022152695,0.010781977134281754,-0.0078125
1786719182.90707,22.36000078699999,60.0,60.0,60.26955507903176,-0.2695550790317611,0.11435682797283078,1393.4058150486942,-0.006586473102408863,0.10954280473779203,0.011344040853712701,-0.0078125
1786719182.926289,22.380000934999998,60.0,60.0,60.26955507903176,-0.2695550790317611,0.11628301047686825,1392.7894366474022,-0.006586473102408863,0.10948634925405709,0.013326678841485081,-0.009765625
1786719182.9437604,22.40000091600018,60.0,60.0,60.26955507903176,-0.2695550790317611,0.11701961018824225,1392.5537247397624,-0.006586473102408863,0.10942989377032217,0.014119734036594033,-0.009765625
1786719182.9683704,22.42000112000005,60.0,60.0,60.24473760731854,-0.244737607318541,0.11788678201333368,1392.2762297557333,-0.0059800678716261145,0.10937863604570823,0.014436956114637614,-0.009765625
1786719182.9837434,22.44000069399999,60.0,60.0,60.24473760731854,-0.244737607318541,0.11796241311993716,1392.25202780162,-0.0059800678716261145,0.10932737832109429,0.014563844945855045,-0.009765625
1786719183.00705,22.460000934000163,60.0,60.0,60.22070054465274,-0.22070054465274325,0.11854924716824713,1392.0642409061609,-0.005392731631189188,0.10928115490711268,0.014614600478342019,-0.009765625
1786719183.0270154,22.48000084199998,60.0,60.0,60.22070054465274,-0.22070054465274325,0.1150077009672603,1393.1975356904768,-0.005392731631189188,0.10923493149313106,0.011119277691336808,-0.005859375
1786719183.0437317,22.500000695000153,60.0,60.0,60.22070054465274,-0.22070054465274325,0.1135633484384766,1393.6597284996874,-0.005392731631189188,0.10918870807914945,0.009721148576534722,-0.005859375
1786719183.0684004,22.520000733000188,60.0,60.0,60.2005668442537,-0.20056684425370008,0.1152076449861769,1393.1335536044235,-0.00490077252358643,0.10914670145751872,0.01091970943061389,-0.0078125
1786719183.0837154,22.540000716000122,60.0,60.0,60.2005668442537,-0.20056684425370008,0.11564506270617783,1392.993579934023,-0.00490077252358643,0.10910469483588797,0.011399133772245556,-0.0078125
1786719183.1070518,22.560000920999983,60.0,60.0,60.18013814856636,-0.1801381485663569,0.1162939930234847,1392.7859222324848,-0.004401605321301483,0.10906696679027682,0.011590903508898222,-0.0078125
1786719183.1270237,22.580000959000017,60.0,60.0,60.18013814856636,-0.1801381485663569,0.11457516037253462,1393.335948680789,-0.004401605321301483,0.10902923874466566,0.009909798903559289,-0.005859375
1786719183.1426926,22.600000923000152,60.0,60.0,60.18013814856636,-0.1801381485663569,0.11386499048478789,1393.5632030448678,-0.004401605321301483,0.10899151069905451,0.009237357061423715,-0.005859375
1786719183.1683176,22.62000164599999,60.0,60.0,60.16098128119938,-0.16098128119938337,0.11754200127621267,1392.386559591612,-0.00393351474741132,0.10895779485836242,0.012484005324569487,-0.009765625
1786719183.1837807,22.64000090600007,60.0,60.0,60.16098128119938,-0.16098128119938337,0.1188069447407789,1391.9817776829507,-0.00393351474741132,0.10892407901767033,0.013782664629827796,-0.009765625
1786719183.206488,22.660000869999976,60.0,60.0,60.135119098689955,-0.1351190986899553,0.11992462495334782,1391.6241200149286,-0.0033015824162536274,0.10889577973981672,0.014302128351931117,-0.009765625
1786719183.22642,22.680000983000127,60.0,60.0,60.135119098689955,-0.1351190986899553,0.12010411116433554,1391.5666844274126,-0.0033015824162536274,0.10886748046196312,0.014509913840772447,-0.009765625
1786719183.2439225,22.70000122400006,60.0,60.0,60.135119098689955,-0.1351190986899553,0.12015892608201847,1391.549143653754,-0.0033015824162536274,0.10883918118410953,0.014593028036308978,-0.009765625
1786719183.2683115,22.720000892000144,60.0,60.0,60.12041890112528,-0.12041890112527653,0.1205230660698557,1391.4326188576463,-0.002942388828777412,0.1088139607084343,0.01462627371452359,-0.009765625
1786719183.283738,22.740000726000062,60.0,60.0,60.12041890112528,-0.12041890112527653,0.12051114386546632,1391.4364339630508,-0.002942388828777412,0.10878874023275907,0.014639571985809435,-0.009765625
1786719183.3064153,22.760001097999975,60.0,60.0,60.10077527186854,-0.1007752718685424,0.12097122710890496,1391.2892073251505,-0.002462404418177876,0.1087676339091747,0.014644891294323774,-0.009765625
1786719183.3264115,22.78000093200012,60.0,60.0,60.10077527186854,-0.1007752718685424,0.11743662350872633,1392.4202804772076,-0.002462404418177876,0.10874652758559032,0.01113139401772951,-0.005859375
1786719183.3438375,22.80000100699999,60.0,60.0,60.10077527186854,-0.1007752718685424,0.11601011827450425,1392.8767621521586,-0.002462404418177876,0.10872542126200595,0.009725995107091805,-0.005859375
1786719183.3680856,22.82000115699998,60.0,60.0,60.08473300338159,-0.08473300338158651,0.11757665145308563,1392.3754715350126,-0.002070417851757043,0.1087076748232766,0.010921648042836721,-0.0078125
1786719183.3837068,22.840000861000135,60.0,60.0,60.08473300338159,-0.08473300338158651,0.11803716618865424,1392.2281068196307,-0.002070417851757043,0.10868992838454726,0.011399909217134688,-0.0078125
1786719183.4064145,22.860001195999985,60.0,60.0,60.06557898819449,-0.06557898819448837,0.1186787451016327,1392.0228015674775,-0.0016023969697684388,0.10867619355337782,0.011591213686853875,-0.0078125
1786719183.4256146,22.880000807999977,60.0,60.0,60.06557898819449,-0.06557898819448837,0.11874153205835093,1392.0027097413276,-0.0016023969697684388,0.10866245872220837,0.01166773547474155,-0.0078125
1786719183.4437265,22.90000086400005,60.0,60.0,60.06557898819449,-0.06557898819448837,0.11875840594233655,1391.9973100984523,-0.0016023969697684388,0.10864872389103893,0.01169834418989662,-0.0078125
1786719183.4681377,22.920001105999972,60.0,60.0,60.05631158742443,-0.05631158742443177,0.11722554741638422,1392.487824826757,-0.001375951650613355,0.10863693001974795,0.009952775175958647,-0.005859375
1786719183.4837673,22.94000097800017,60.0,60.0,60.05631158742443,-0.05631158742443177,0.11651552593951806,1392.7150316993543,-0.001375951650613355,0.10862513614845697,0.009254547570383458,-0.005859375
1786719183.5064225,22.960000793000063,60.0,60.0,60.03715733574478,-0.037157335744780084,0.1166924676865888,1392.6584103402915,-0.0009079249900215485,0.10861735393425677,0.008975256528153383,-0.005859375
1786719183.5263908,22.98000112800014,60.0,60.0,60.03715733574478,-0.037157335744780084,0.11657296905549656,1392.696649902241,-0.0009079249900215485,0.10860957172005659,0.008863540111261354,-0.005859375
1786719183.5437346,23.00000087000012,45.0,59.3,60.03715733574478,-0.7371573357447829,-0.012738714159566046,1417.696649902241,-0.018012151659566045,0.0,0.0052734374999999995,-0.005859375
1786719183.568135,23.020001167000146,45.0,58.599999999999994,60.0220919815894,-1.4220919815894035,-0.023849824782923943,1430.0,-0.03474826228292394,0.0,0.0108984375,-0.009765625
1786719183.583789,23.04000107500019,45.0,57.89999999999999,60.0220919815894,-2.1220919815894064,-0.03870405145246844,1430.0,-0.05185248895246844,0.0,0.013148437499999999,-0.009765625
1786719183.6064856,23.06000072500001,45.0,57.19999999999999,59.98793493661347,-2.787934936613482,-0.05407366406539853,1430.0,-0.06812210156539852,0.0,0.014048437499999998,-0.009765625
1786719183.6265607,23.080001115000186,45.0,56.499999999999986,59.98793493661347,-3.4879349366134846,-0.06554445323494303,1430.0,-0.08522632823494303,0.0,0.019681874999999998,-0.015625
1786719183.6441436,23.100001264000184,45.0,55.79999999999998,59.98793493661347,-4.1879349366134875,-0.08039530490448751,1430.0,-0.10233055490448752,0.0,0.02193525,-0.015625
1786719183.6674566,23.12000130199999,45.0,55.09999999999998,59.93413475798877,-4.834134757988792,-0.08649453271680516,1430.0,-0.11812019521680515,0.0,0.0316256625,-0.025390625
1786719183.683738,23.14000080300002,45.0,54.39999999999998,59.93413475798877,-5.534134757988795,-0.09972259438634964,1430.0,-0.13522442188634964,0.0,0.0355018275,-0.025390625
1786719183.7058008,23.160001026000145,45.0,53.699999999999974,59.83825088769737,-6.138250887697396,-0.11293347012529795,1430.0,-0.14998576362529795,0.0,0.0370522935,-0.025390625
1786719183.7264168,23.18000100900008,45.0,52.99999999999997,59.83825088769737,-6.838250887697399,-0.11008157289484242,1430.0,-0.16708999029484242,0.0,0.0570084174,-0.046875
1786719183.7437162,23.200000658000135,45.0,52.29999999999997,59.83825088769737,-7.5382508876974015,-0.11920335000438692,1430.0,-0.18419421696438693,0.0,0.06499086696,-0.046875
1786719183.7673154,23.22000077000007,45.0,51.599999999999966,59.69351092444364,-8.093510924443677,-0.11551543236474102,1430.0,-0.19776177914874102,0.0,0.082246346784,-0.0625
1786719183.7837236,23.240000790000067,45.0,50.89999999999996,59.69351092444364,-8.79351092444368,-0.12571746710468557,1430.0,-0.21486600581828555,0.0,0.0891485387136,-0.0625
1786719183.8057618,23.26000092000004,45.0,50.19999999999996,59.494596012815066,-9.294596012815106,-0.1352004088074649,1430.0,-0.22710982429290488,0.0,0.09190941548543999,-0.0625
1786719183.8257802,23.280000736000147,45.0,49.49999999999996,59.494596012815066,-9.994596012815109,-0.12834872226827343,1430.0,-0.2442140509624494,0.0,0.115865328694176,-0.087890625
1786719183.8437233,23.300001089000034,45.0,48.799999999999955,59.494596012815066,-10.694596012815111,-0.13587058365432356,1430.0,-0.26131827763199394,0.0,0.1254476939776704,-0.087890625
1786719183.867214,23.320001090000005,45.0,48.09999999999995,59.21947915238431,-11.119479152384358,-0.11781011615129727,1430.0,-0.2717001312423654,0.0,0.15389001509106814,-0.115234375
1786719183.8837447,23.340001090999976,45.0,47.39999999999995,59.21947915238431,-11.81947915238436,-0.12353741437548268,1430.0,-0.28880435791190995,0.0,0.16526694353642726,-0.115234375
1786719183.90578,23.360000721999995,45.0,46.699999999999946,58.86496938242476,-12.164969382424815,-0.12742856186408896,1430.0,-0.2972462767786599,0.0,0.16981771491457093,-0.115234375
1786719183.925634,23.380001167000046,45.0,45.99999999999994,58.86496938242476,-12.864969382424817,-0.11458747998237606,1430.0,-0.3143505034482044,0.0,0.19976302346582836,-0.146484375
1786719183.9436898,23.400001113000144,45.0,45.29999999999994,58.86496938242476,-13.56496938242482,-0.11971358323141756,1430.0,-0.3314547301177489,0.0,0.21174114688633133,-0.146484375
1786719183.9670212,23.420001058000025,45.0,45.0,58.43099019954636,-13.430990199546358,-0.08879704234471125,1430.0,-0.3281810010992438,0.0,0.23938395875453256,-0.171875
1786719183.983732,23.44000091099997,45.0,45.0,58.43099019954636,-13.430990199546358,-0.07773991759743076,1430.0,-0.3281810010992438,0.0,0.25044108350181304,-0.171875
1786719184.005774,23.46000083800004,45.0,45.0,57.92615514796171,-12.926155147961708,-0.06098162033704002,1430.0,-0.31584555373776524,0.0,0.2548639334007252,-0.171875
1786719184.0257578,23.48000085900003,45.0,45.0,57.92615514796171,-12.926155147961708,-0.03811873037747515,1430.0,-0.31584555373776524,0.0,0.2777268233602901,-0.1953125
1786719184.0437503,23.500001028000042,45.0,45.0,57.92615514796171,-12.926155147961708,-0.028973574393649226,1430.0,-0.31584555373776524,0.0,0.286871979344116,-0.1953125
1786719184.067485,23.520001140999966,45.0,45.0,57.362147467872035,-12.362147467872036,0.004286107933620664,1428.6284454612414,-0.30206424630402573,-0.0025891221111773634,0.3063503542376464,-0.212890625
1786719184.0837445,23.540000958000064,45.0,45.0,57.362147467872035,-12.362147467872036,0.009488335779855472,1426.9637325504464,-0.30206424630402573,-0.005178244222354727,0.31414170419505855,-0.212890625
1786719184.105787,23.560000886000125,45.0,45.0,56.73762194679358,-11.737621946793581,0.025275790899416117,1421.9117469121868,-0.28680420905625253,-0.007636566014265464,0.3172582441780234,-0.212890625
1786719184.1258054,23.580001203000165,45.0,45.0,56.73762194679358,-11.737621946793581,0.046915647600691335,1414.9869927677787,-0.28680420905625253,-0.010094887806176199,0.34135642267120936,-0.23828125
1786719184.1437712,23.600001002,45.0,45.0,56.73762194679358,-11.737621946793581,0.05409659720605503,1412.6890888940625,-0.28680420905625253,-0.012553209598086935,0.35099569406848374,-0.23828125
1786719184.167517,23.620001004000187,45.0,45.0,56.040885686643804,-11.040885686643804,0.0918543999337576,1400.6065920211977,-0.269779730595549,-0.014865607288905926,0.3741873401273935,-0.259765625
1786719184.1839097,23.6400012470001,45.0,45.0,56.040885686643804,-11.040885686643804,0.09881866066650247,1398.3780285867192,-0.269779730595549,-0.017178004979724916,0.38346399855095736,-0.259765625
1786719184.2052605,23.660000824000008,45.0,45.0,55.29913097499505,-10.299130974995052,0.11834141308974161,1392.1307478112826,-0.2516552438509164,-0.019335049927018486,0.38717466192038297,-0.259765625
1786719184.2257435,23.68000075200007,45.0,45.0,55.29913097499505,-10.299130974995052,0.13173113349021826,1387.84603728313,-0.2516552438509164,-0.02149209487431206,0.4027214272681532,-0.275390625
1786719184.243907,23.70000106900011,45.0,45.0,55.29913097499505,-10.299130974995052,0.13579279468203276,1386.5463057017496,-0.2516552438509164,-0.02364913982160563,0.40894013340726126,-0.275390625
1786719184.2676032,23.720001053000033,45.0,45.0,54.50167573450054,-9.50167573450054,0.16615561460785994,1376.8302033254847,-0.23216973643343894,-0.025639166133892246,0.4219744908629045,-0.287109375
1786719184.2837696,23.74000074000014,45.0,45.0,54.50167573450054,-9.50167573450054,0.1693793312778306,1375.7986139910943,-0.23216973643343894,-0.027629192446178865,0.4271882338451618,-0.287109375
1786719184.3058288,23.760000926999965,45.0,45.0,53.68957980996652,-8.689579809966517,0.18931804897365145,1369.4182243284315,-0.21232648961823444,-0.02944913378576373,0.42927373103806477,-0.287109375
1786719184.3257391,23.78000107800017,45.0,45.0,53.68957980996652,-8.689579809966517,0.19360574401122777,1368.046161916407,-0.21232648961823444,-0.03126907512534859,0.43538136741522593,-0.29296875
1786719184.3437827,23.800000932000103,45.0,45.0,53.68957980996652,-8.689579809966517,0.1942288572225073,1367.8467656887976,-0.21232648961823444,-0.03308901646493346,0.43782442196609034,-0.29296875
1786719184.3674505,23.820000712000137,45.0,45.0,52.84940154762401,-7.849401547624013,0.2174311904774542,1360.4220190472147,-0.19179706184404852,-0.034732991280739596,0.4423172687864362,-0.296875
1786719184.3837292,23.840001122000103,45.0,45.0,52.84940154762401,-7.849401547624013,0.21758435438978632,1360.3730065952684,-0.19179706184404852,-0.036376966096545726,0.4441144075145744,-0.296875
1786719184.4039254,23.86000095700001,45.0,45.0,52.02429828331182,-7.024298283311823,0.23682031114891663,1354.2175004323467,-0.17163598576036745,-0.037848131688777445,0.4448332630058298,-0.296875
1786719184.4248576,23.88000088600006,45.0,45.0,52.02429828331182,-7.024298283311823,0.22684762525318697,1357.4087599189802,-0.17163598576036745,-0.03931929728100917,0.4363317427023319,-0.287109375
1786719184.4437168,23.900001073000112,45.0,45.0,52.02429828331182,-7.024298283311823,0.22197585153955618,1358.967727507342,-0.17163598576036745,-0.04079046287324089,0.4329311345809328,-0.287109375
1786719184.4675188,23.920001075000073,45.0,45.0,51.2354531244593,-6.235453124459299,0.21556800363331668,1361.0182388373387,-0.15236086232581553,-0.042096413121747875,0.4087193288323731,-0.26171875
1786719184.4837565,23.940001115000086,45.0,45.0,51.2354531244593,-6.235453124459299,0.20457733108538578,1364.5352540526765,-0.15236086232581553,-0.04340236337025486,0.3990346065329492,-0.26171875
1786719184.5058453,23.960000746000105,45.0,45.0,50.52375263538852,-5.523752635388519,0.216787615468384,1360.6279630501172,-0.13497073877454088,-0.04455925541689378,0.3951607176131797,-0.26171875
1786719184.5257528,23.98000102600008,45.0,45.0,50.52375263538852,-5.523752635388519,0.19122960535383726,1368.8065262867722,-0.13497073877454088,-0.045716147463532704,0.37075959954527193,-0.236328125
1786719184.5437303,24.000001066000095,45.0,45.0,50.52375263538852,-5.523752635388519,0.18031226608003517,1372.3000748543886,-0.13497073877454088,-0.04687303951017162,0.36099915231810875,-0.236328125
1786719184.567529,24.02000117900002,45.0,45.0,49.876950690984074,-4.876950690984074,0.16820398559595345,1376.1747246092948,-0.11916638582111846,-0.04789446567435263,0.3342434109272435,-0.2109375
1786719184.5839314,24.040001441000186,45.0,45.0,49.876950690984074,-4.876950690984074,0.1564802628754263,1379.9263158798635,-0.11916638582111846,-0.04891589183853365,0.3235411143708974,-0.2109375
1786719184.605869,24.06000072100005,45.0,45.0,49.31104799693901,-4.31104799693901,0.1650055294484963,1377.1982305764811,-0.105338774461329,-0.049818795619630755,0.31926019574835895,-0.2109375
1786719184.6260154,24.080000760000075,45.0,45.0,49.31104799693901,-4.31104799693901,0.13953869571838384,1385.3476173701172,-0.105338774461329,-0.05072169940072786,0.2946962657993436,-0.185546875
1786719184.6439276,24.100001503000158,45.0,45.0,49.31104799693901,-4.31104799693901,0.1288102199576806,1388.7807296135422,-0.105338774461329,-0.05162460318182497,0.28487069381973745,-0.185546875
1786719184.6668637,24.120001135000166,45.0,45.0,48.80013109502434,-3.8001310950243408,0.12415645488424085,1390.269934437043,-0.09285471946182915,-0.052420500777212074,0.26863577752789497,-0.171875
1786719184.6837304,24.14000111900009,45.0,45.0,48.80013109502434,-3.8001310950243408,0.11686659077211675,1392.6026909529226,-0.09285471946182915,-0.05321639837259918,0.26214181101115797,-0.171875
1786719184.7051215,24.160001102000024,45.0,45.0,48.35661781808008,-3.356617818080082,0.12431018031261634,1390.2207422999627,-0.08201764571924766,-0.05391940676447845,0.2595442244044632,-0.171875
1786719184.7250264,24.180001086000175,45.0,45.0,48.35661781808008,-3.356617818080082,0.09795876227805916,1398.653196071021,-0.08201764571924766,-0.05462241515635772,0.23389581476178528,-0.14453125
1786719184.7437847,24.200001051000072,45.0,45.0,48.35661781808008,-3.356617818080082,0.08699639002910875,1402.1611551906851,-0.08201764571924766,-0.05532542354823698,0.22363645090471412,-0.14453125
1786719184.7666545,24.220001054000022,45.0,45.0,47.94185233444702,-2.9418523344470207,0.092324268732634,1400.4562340055572,-0.07188301308101466,-0.05594156366035997,0.21953270536188563,-0.14453125
1786719184.783685,24.240000704000067,45.0,45.0,47.94185233444702,-2.9418523344470207,0.09006663040337962,1401.1786782709185,-0.07188301308101466,-0.05655770377248295,0.21789120714475424,-0.14453125
1786719184.8055944,24.26000087300008,45.0,45.0,47.54136134595021,-2.5413613459502074,0.09857973192777467,1398.4544857831122,-0.06209717215764409,-0.0570899652481199,0.21723460785790172,-0.14453125
1786719184.8250124,24.28000113400003,45.0,45.0,47.54136134595021,-2.5413613459502074,0.09778483073739667,1398.708854164033,-0.06209717215764409,-0.057622226723756845,0.21697196814316067,-0.14453125
1786719184.8438137,24.300001044000055,45.0,45.0,47.54136134595021,-2.5413613459502074,0.09714751337586336,1398.9127957197238,-0.06209717215764409,-0.05815448819939379,0.2168669122572643,-0.14453125
1786719184.8670142,24.320000935000053,45.0,45.0,47.13955102450015,-2.1395510245001503,0.10463349535478822,1396.5172814864677,-0.05227909384872369,-0.05860259471809714,0.2150670774029057,-0.142578125
1786719184.883756,24.340001160000156,45.0,45.0,47.13955102450015,-2.1395510245001503,0.10346545489434147,1396.8910544338107,-0.05227909384872369,-0.05905070123680048,0.2143471434611623,-0.142578125
1786719184.905604,24.360000718000038,45.0,45.0,46.73773552467253,-1.7377355246725301,0.11254757963949491,1393.9847745153616,-0.04246088900816953,-0.05941465171401336,0.2140591698844649,-0.142578125
1786719184.9246624,24.38000107200014,45.0,45.0,46.73773552467253,-1.7377355246725301,0.11382625223160306,1393.575599285887,-0.04246088900816953,-0.05977860219122624,0.21570179295378594,-0.14453125
1786719184.94375,24.4000010740001,45.0,45.0,46.73773552467253,-1.7377355246725301,0.11411935098211862,1393.481807685722,-0.04246088900816953,-0.060142552668439125,0.21635884218151438,-0.14453125
1786719184.9668543,24.420000724000147,45.0,45.0,46.33643017623629,-1.3364301762362913,0.12558177218650274,1389.813832900319,-0.032655149517663906,-0.0604224539500191,0.21837947437260577,-0.146484375
1786719184.9837494,24.440000949000023,45.0,45.0,46.33643017623629,-1.3364301762362913,0.12611012378135927,1389.644760389965,-0.032655149517663906,-0.06070235523159907,0.21918772724904229,-0.146484375
1786719185.0055737,24.460000672999968,45.0,45.0,46.23042501274341,-1.2304250127434102,0.1287437184282459,1388.8020101029613,-0.030064954739771974,-0.060960054843654264,0.21951102839961692,-0.146484375
1786719185.0250347,24.48000082500016,45.0,45.0,46.23042501274341,-1.2304250127434102,0.1268575267764205,1389.4055914315454,-0.030064954739771974,-0.061217754455709456,0.21788253635984675,-0.14453125
1786719185.0437434,24.500000717000148,45.0,45.0,46.23042501274341,-1.2304250127434102,0.1259484303484573,1389.6965022884938,-0.030064954739771974,-0.06147545406776464,0.21723113954393872,-0.14453125
1786719185.0669072,24.520000906000178,45.0,45.0,45.935514723959784,-0.9355147239597841,0.12560493976223308,1389.8064192760853,-0.022858936987577762,-0.061671387813372454,0.2099393308175755,-0.13671875
1786719185.0837586,24.54000096499999,45.0,45.0,45.935514723959784,-0.9355147239597841,0.12249228252607997,1390.8024695916545,-0.022858936987577762,-0.06186732155898027,0.20702260732703018,-0.13671875
1786719185.1056523,24.560000654000078,45.0,45.0,45.583665966366624,-0.583665966366624,0.12972694638892693,1388.4873771555433,-0.014261649982904901,-0.061989564273119455,0.2058559179308121,-0.13671875
1786719185.125046,24.58000102699998,45.0,45.0,45.583665966366624,-0.583665966366624,0.12738021541630049,1389.2383310667838,-0.014261649982904901,-0.06211180698725864,0.20363142967232484,-0.134765625
1786719185.1437519,24.600000994000084,45.0,45.0,45.583665966366624,-0.583665966366624,0.1263681773987664,1389.5621832323948,-0.014261649982904901,-0.06223404970139783,0.20274163436892995,-0.134765625
1786719185.1669085,24.620000923000134,45.0,45.0,45.22118741468063,-0.22118741468062808,0.13123141343596273,1388.005947700492,-0.005404628110211402,-0.06228037508519964,0.19887009124757196,-0.130859375
1786719185.1838124,24.640000927000074,45.0,45.0,45.22118741468063,-0.22118741468062808,0.12963647080361776,1388.5163293428423,-0.005404628110211402,-0.062326700469001454,0.1973214739990288,-0.130859375
1786719185.2057214,24.660001115000114,45.0,45.0,44.868815338339516,0.13118466166048393,0.13758077261433632,1385.9741527634123,0.003205445983726302,-0.06229922521771237,0.1967020270996115,-0.130859375
1786719185.2250261,24.680001100000027,45.0,45.0,44.868815338339516,0.13118466166048393,0.1338448441058585,1387.1696498861252,0.003205445983726302,-0.06227174996642329,0.19293862333984457,-0.126953125
1786719185.2439616,24.70000101100004,45.0,45.0,44.868815338339516,0.13118466166048393,0.13236695785324085,1387.6425734869629,0.003205445983726302,-0.062244274715134204,0.19143326183593784,-0.126953125
1786719185.266928,24.72000081100009,45.0,45.0,44.51165337967336,0.488346620326638,0.13348815150120202,1387.2837915196153,0.011932558981961099,-0.062141995638145965,0.18379986723437514,-0.119140625
1786719185.2837746,24.740000925999993,45.0,45.0,44.51165337967336,0.488346620326638,0.1305370727375652,1388.228136723979,0.011932558981961099,-0.062039716561157726,0.1807465093937501,-0.119140625
1786719185.3048322,24.760000651000155,45.0,45.0,44.16835979093037,0.8316402090696329,0.13780625347267705,1385.9019988887433,0.02032080377633474,-0.061865538243074863,0.17952516625750004,-0.119140625
1786719185.3248105,24.78000074700003,45.0,45.0,44.16835979093037,0.8316402090696329,0.12870283203625993,1388.8150937483967,0.02032080377633474,-0.061691359924992,0.17024756650300005,-0.109375
1786719185.3432035,24.800001177000013,45.0,45.0,44.16835979093037,0.8316402090696329,0.12516597045254277,1389.9468894551862,0.02032080377633474,-0.06151718160690913,0.16653652660120002,-0.109375
1786719185.366041,24.820000847000074,45.0,45.0,43.8557684961516,1.1442315038484026,0.129735966539652,1388.4844907073114,0.027958850006081105,-0.06127753432114272,0.16329429814048002,-0.107421875
1786719185.3831143,24.840000831999987,45.0,45.0,43.8557684961516,1.1442315038484026,0.12867872244113038,1388.8228088188382,0.027958850006081105,-0.06103788703537631,0.161997406756192,-0.107421875
1786719185.4047296,24.860001039000053,45.0,45.0,43.55901133437277,1.4409886656272306,0.13565075854586123,1386.5917572653243,0.03520999537876074,-0.06073608707498693,0.16147865020247681,-0.107421875
1786719185.4239032,24.88000080200004,45.0,45.0,43.55901133437277,1.4409886656272306,0.12168255588476454,1391.0615821168753,0.03520999537876074,-0.06043428711459755,0.14720864758099073,-0.091796875
1786719185.4431336,24.90000104600017,45.0,45.0,43.55901133437277,1.4409886656272306,0.11627635479655948,1392.791566465101,0.03520999537876074,-0.06013248715420817,0.1415006465323963,-0.091796875
1786719185.466041,24.920000974999994,45.0,45.0,43.297706647882364,1.7022933521176355,0.11364858231971983,1393.6324536576897,0.041594873360969495,-0.059775959668257,0.1321861961129585,-0.083984375
1786719185.4831836,24.940001201000086,45.0,45.0,43.297706647882364,1.7022933521176355,0.11027932963789591,1394.7106145158732,0.041594873360969495,-0.05941943218230583,0.12846041594518343,-0.083984375
1786719185.5047274,24.960001149000163,45.0,45.0,43.0570318642969,1.9429681357030972,0.11502633941686458,1393.1915713866033,0.04747566772109705,-0.059012497887553576,0.12697010387807336,-0.083984375
1786719185.5247498,24.980001153000103,45.0,45.0,43.0570318642969,1.9429681357030972,0.10780589888477281,1395.5021123568727,0.04747566772109705,-0.058605563592801314,0.11934272905122933,-0.076171875
1786719185.543137,25.00000065600011,45.0,45.0,43.0570318642969,1.9429681357030972,0.10516188324878747,1396.348197360388,0.04747566772109705,-0.05819862929804906,0.11629177912049174,-0.076171875
1786719185.566001,25.02000130800002,45.0,45.0,42.83596977622284,2.1640302237771607,0.10096094087476122,1397.6924989200763,0.052877233524613584,-0.057745395867838084,0.1062823366481967,-0.06640625
1786719185.5831428,25.040001256000096,45.0,45.0,42.83596977622284,2.1640302237771607,0.09741039731605418,1398.8286728588628,0.052877233524613584,-0.05729216243762711,0.10227855965927868,-0.06640625
1786719185.6046894,25.060001091999993,45.0,45.0,42.63654817287795,2.3634518271220486,0.10113490895986214,1397.636829132844,0.057750022533777784,-0.05679716224448044,0.10067704886371147,-0.06640625
1786719185.6250257,25.08000078100008,45.0,45.0,42.63654817287795,2.3634518271220486,0.09747367983478195,1398.8084224528698,0.057750022533777784,-0.05630216205133377,0.0965208195454846,-0.0625
1786719185.6433592,25.100001192000036,45.0,45.0,42.63654817287795,2.3634518271220486,0.09630618830063785,1399.182019743796,0.057750022533777784,-0.055807161858187106,0.09485832781819384,-0.0625
1786719185.6661787,25.120001214000013,45.0,45.0,42.460465800919565,2.5395341990804354,0.09868088330642147,1398.422117341945,0.062052526537331044,-0.0552752830592957,0.09243551862727753,-0.060546875
1786719185.6831858,25.140001273000053,45.0,45.0,42.460465800919565,2.5395341990804354,0.09824363842894634,1398.5620357027371,0.062052526537331044,-0.0547434042604043,0.09146639495091101,-0.060546875
1786719185.7049284,25.16000172100007,45.0,45.0,42.296503127250645,2.703496872749355,0.10239423166554507,1397.2338458670256,0.06605889044558497,-0.05417718519944214,0.0910787454803644,-0.060546875
1786719185.7247531,25.180001076000053,45.0,45.0,42.296503127250645,2.703496872749355,0.10104757843828857,1397.6647748997477,0.06605889044558497,-0.05361096613847998,0.08916587319214575,-0.05859375
1786719185.7430866,25.200000728000077,45.0,45.0,42.296503127250645,2.703496872749355,0.10084864858396328,1397.7284324531317,0.06605889044558497,-0.05304474707751783,0.0884007242768583,-0.05859375
1786719185.7658622,25.220000917000107,45.0,45.0,42.135752391773366,2.864247608226634,0.10327887703152383,1396.9507593499125,0.06998677189829834,-0.052444860461246696,0.08633685221074332,-0.056640625
1786719185.7830136,25.240000753000004,45.0,45.0,42.135752391773366,2.864247608226634,0.10305321482134897,1397.0229712571684,0.06998677189829834,-0.05184497384497557,0.08551130338429733,-0.056640625
1786719185.804545,25.260001035000187,45.0,45.0,41.962267881293315,3.0377321187066855,0.10756190817976419,1395.5801893824755,0.07422579817102085,-0.051208752717795396,0.08518108385371892,-0.056640625
1786719185.8245065,25.280000944999983,45.0,45.0,41.962267881293315,3.0377321187066855,0.104550416494713,1396.5438667216918,0.07422579817102085,-0.05057253159061521,0.08153337104148756,-0.052734375
1786719185.842982,25.300000801000124,45.0,45.0,41.962267881293315,3.0377321187066855,0.10372755249700066,1396.8071832009598,0.07422579817102085,-0.04993631046343504,0.08007428591659503,-0.052734375
1786719185.865799,25.320000971000127,45.0,45.0,41.786165768157986,3.2138342318420148,0.10984093844572729,1394.8508996973674,0.07852878454252431,-0.049263206595927686,0.08124846436663802,-0.0546875
1786719185.882887,25.340000993000103,45.0,45.0,41.786165768157986,3.2138342318420148,0.11098371369325183,1394.4852116181594,0.07852878454252431,-0.04859010272842034,0.08171813574665521,-0.0546875
1786719185.9044702,25.3600007,45.0,45.0,41.61163622958878,3.3883637704112175,0.1161092472387927,1392.8450408835863,0.08279334566855094,-0.04788044547983276,0.0819060042986621,-0.0546875
1786719185.9239883,25.380001129999982,45.0,45.0,41.61163622958878,3.3883637704112175,0.11513623940818302,1393.1564033893815,0.08279334566855094,-0.04717078823124518,0.08022333921946484,-0.052734375
1786719185.9427752,25.400000670000054,45.0,45.0,41.61163622958878,3.3883637704112175,0.11517283062509169,1393.1446941999707,0.08279334566855094,-0.046461130982657604,0.07955027318778593,-0.052734375
1786719185.9655333,25.420001118000073,45.0,45.0,41.445040288318694,3.5549597116813065,0.11441053073487872,1393.3886301648388,0.08686405244242196,-0.04571658196172256,0.07400760927511438,-0.046875
1786719185.9827075,25.44000093600016,45.0,45.0,41.445040288318694,3.5549597116813065,0.11293801419074515,1393.8598354589615,0.08686405244242196,-0.04497203294078752,0.07179054371004574,-0.046875
1786719186.0042722,25.460000865999973,45.0,45.0,41.28002321665619,3.7199767833438107,0.11682786469716691,1392.6150832969065,0.09089618015393613,-0.044192922825182356,0.0709037174840183,-0.046875
1786719186.0242205,25.48000100000013,45.0,45.0,41.28002321665619,3.7199767833438107,0.1137366193223611,1393.6042818168444,0.09089618015393613,-0.043413812709577185,0.06703336199360732,-0.04296875
1786719186.042701,25.50000081899998,45.0,45.0,41.28002321665619,3.7199767833438107,0.11296758724180188,1393.8503720826234,0.09089618015393613,-0.04263470259397202,0.06548521979744293,-0.04296875
1786719186.0655186,25.520001008999998,45.0,45.0,41.127207138390986,3.8727928616090144,0.11334581668093971,1393.7293386620993,0.09463018135593455,-0.0418235867537783,0.06135033791897718,-0.0390625
1786719186.0827503,25.54000110600009,45.0,45.0,41.127207138390986,3.8727928616090144,0.11250297976974713,1393.999046473681,0.09463018135593455,-0.04101247091358458,0.05969638516759087,-0.0390625
1786719186.104138,25.560001056000146,45.0,45.0,40.99180805928549,4.008191940714511,0.11596093813776917,1392.8924997959139,0.09793860498431739,-0.04017299715657614,0.05903480406703635,-0.0390625
1786719186.124113,25.580000857000186,45.0,45.0,40.99180805928549,4.008191940714511,0.11126234195455578,1394.3960505745422,0.09793860498431739,-0.039333523399567714,0.053496734126814535,-0.033203125
1786719186.142709,25.60000076900019,45.0,45.0,40.99180805928549,4.008191940714511,0.1098865877354755,1394.8362919246479,0.09793860498431739,-0.03849404964255928,0.05128150615072581,-0.033203125
1786719186.165291,25.620000884000092,45.0,45.0,40.863797153532516,4.136202846467484,0.10769442929943777,1395.53778262418,0.10106650148170672,-0.03762776534414465,0.04512197746029033,-0.02734375
1786719186.1827233,25.64000094500011,45.0,45.0,40.863797153532516,4.136202846467484,0.1060969021216782,1396.0489913210629,0.10106650148170672,-0.03676148104573002,0.042658165984116134,-0.02734375
1786719186.2041523,25.660001227000066,45.0,45.0,40.75960825104016,4.240391748959837,0.10852347697916642,1395.2724873666668,0.10361231663124999,-0.03587337547460502,0.04167264139364645,-0.02734375
1786719186.2239451,25.680000973000006,45.0,45.0,40.75960825104016,4.240391748959837,0.10374393521410355,1396.8019407314869,0.10361231663124999,-0.03498526990348002,0.03600499405745858,-0.021484375
1786719186.2429316,25.700001088000135,45.0,45.0,40.75960825104016,4.240391748959837,0.1023649818507534,1397.2432058077588,0.10361231663124999,-0.03409716433235502,0.03373793512298343,-0.021484375
1786719186.265856,25.720001130000128,45.0,45.0,40.66704941162345,4.332950588376548,0.10109227794759318,1397.6504710567701,0.10587395573075482,-0.03318967328323426,0.029315486549193373,-0.017578125
1786719186.2827172,25.74000080100018,45.0,45.0,40.66704941162345,4.332950588376548,0.10023078956719791,1397.9261473384968,0.10587395573075482,-0.032282182234113506,0.02754650711967735,-0.017578125
1786719186.3044531,25.760000880000007,45.0,45.0,40.58347337791548,4.416526622084518,0.10247283659405883,1397.2086922899011,0.10791610348030141,-0.03135718706142521,0.026838915347870935,-0.017578125
1786719186.3243127,25.780000959000063,45.0,45.0,40.58347337791548,4.416526622084518,0.10135698255802458,1397.565765581432,0.10791610348030141,-0.03043219188873691,0.024798066139148374,-0.015625
1786719186.3427055,25.800000797000166,45.0,45.0,40.58347337791548,4.416526622084518,0.10146563804722385,1397.5309958248884,0.10791610348030141,-0.029507196716048616,0.023981726455659352,-0.015625
1786719186.3656013,25.820001134999984,45.0,45.0,40.517392007659,4.482607992341002,0.10016314482580366,1397.9477936557428,0.10953077595958853,-0.028568361493537857,0.02013956558226374,-0.01171875
1786719186.382779,25.840000862000124,45.0,45.0,40.517392007659,4.482607992341002,0.09956511569895618,1398.139162976334,0.10953077595958853,-0.0276295262710271,0.018602701232905496,-0.01171875
1786719186.4045556,25.86000082999999,45.0,45.0,40.46392221919345,4.536077780806551,0.10119571858441984,1397.6173700529857,0.11083728936228474,-0.026679492362207517,0.0179879554931622,-0.01171875
1786719186.424392,25.880000870999993,45.0,45.0,40.46392221919345,4.536077780806551,0.1001420416973421,1397.9545466568504,0.11083728936228474,-0.02572945845338793,0.01598424469726488,-0.009765625
1786719186.442709,25.90000100600014,45.0,45.0,40.46392221919345,4.536077780806551,0.10029059128780275,1397.9070107879031,0.11083728936228474,-0.024779424544568347,0.015182760378905953,-0.009765625
1786719186.4657276,25.92000086200005,45.0,45.0,40.412081131252705,4.587918868747295,0.10042893571061345,1397.8627405726038,0.11210400610361941,-0.02381853306368018,0.013104354151562383,-0.0078125
1786719186.4827666,25.940000941000108,45.0,45.0,40.412081131252705,4.587918868747295,0.10055846470056419,1397.8212912958195,0.11210400610361941,-0.02285764158279201,0.012272991660624953,-0.0078125
1786719186.5043404,25.960000835000073,45.0,45.0,40.37084833284692,4.6291516671530815,0.10219431851386625,1397.2978180755629,0.11311151343240827,-0.02188811432479994,0.01194044666424998,-0.0078125
1786719186.524256,25.980001079999965,45.0,45.0,40.37084833284692,4.6291516671530815,0.09951520277330833,1398.1551351125413,0.11311151343240827,-0.02091858706680787,0.008291803665699992,-0.00390625
1786719186.5426886,26.000000807000106,45.0,45.0,40.37084833284692,4.6291516671530815,0.0990252728318804,1398.3119126937984,0.11311151343240827,-0.0199490598088158,0.006832346466279997,-0.00390625
1786719186.5655177,26.020001108000088,45.0,45.0,40.335997285138774,4.664002714861226,0.09674696395249192,1399.0409715352025,0.11396308517479573,-0.01897223336446041,0.002732938586511999,0.0
1786719186.5827792,26.04000094600019,45.0,45.0,40.335997285138774,4.664002714861226,0.09608402724494011,1399.253111281619,0.11396308517479573,-0.01799540692010502,0.0010931754346047997,0.0
1786719186.6044254,26.06000152500019,45.0,45.0,40.309000408996866,4.690999591003134,0.09706460655553377,1398.9393259022293,0.11462274330179688,-0.017012926263232475,0.0004372701738419199,0.0
1786719186.6245878,26.08000088100016,45.0,45.0,40.309000408996866,4.690999591003134,0.09778472510810117,1398.7088879654077,0.11462274330179688,-0.016030445606359932,0.00017490806953676796,0.0
1786719186.642928,26.100001552000094,45.0,45.0,40.309000408996866,4.690999591003134,0.09866226092325166,1398.4280765045594,0.11462274330179688,-0.015047964949487387,6.996322781470718e-05,0.0
1786719186.66549,26.120001224000134,45.0,45.0,40.2825183924183,4.717481607581704,0.09849202887804465,1398.4825507590258,0.11526982103640615,-0.014059937912032479,-0.001729827208874117,0.001953125
1786719186.6827571,26.14000085800012,45.0,45.0,40.2825183924183,4.717481607581704,0.09876013974082404,1398.3967552829363,0.11526982103640615,-0.01307191087457757,-0.002449743383549647,0.001953125
1786719186.7041488,26.16000078900015,45.0,45.0,40.266647141978495,4.7333528580215045,0.0998480081156251,1398.048637403,0.11565762884362252,-0.012080559770203662,-0.0027377098534198587,0.001953125
1786719186.7239704,26.180000942000106,45.0,45.0,40.266647141978495,4.7333528580215045,0.1007241726320509,1397.7682647577437,0.11565762884362252,-0.011089208665829754,-0.0028528964413679437,0.001953125
1786719186.7427194,26.200000872000146,45.0,45.0,40.266647141978495,4.7333528580215045,0.10166944910124559,1397.4657762876013,0.11565762884362252,-0.010097857561455847,-0.0028989710765471776,0.001953125
1786719186.7654626,26.220001303000117,45.0,45.0,40.24603112015245,4.753968879847548,0.10666173979488627,1395.8682432656365,0.11616137328696098,-0.00910218864756761,0.0005982240693811289,-0.001953125
1786719186.7827353,26.24000095600013,45.0,45.0,40.24603112015245,4.753968879847548,0.10905628676714582,1395.1019882345133,0.11616137328696098,-0.008106519733679374,0.0019971021277524516,-0.001953125
1786719186.8039882,26.260000794000007,45.0,45.0,40.22541527530586,4.774584724694137,0.11111524702329717,1394.4431209525449,0.11666511340587556,-0.007106533047343297,0.0025566533511009806,-0.001953125
1786719186.8239453,26.280001132000052,45.0,45.0,40.22541527530586,4.774584724694137,0.11058124169897265,1394.6140026563287,0.11666511340587556,-0.00610654636100722,0.0010226613404403923,0.0
1786719186.8427203,26.30000102500003,45.0,45.0,40.22541527530586,4.774584724694137,0.1109676315810445,1394.4903578940657,0.11666511340587556,-0.005106559674671143,0.0004090645361761569,0.0
1786719186.8653123,26.320000734000132,45.0,45.0,40.20479960866777,4.79520039133223,0.11398372781013448,1393.525207100757,0.11716884917033517,-0.004102255253211127,0.0019214383144704628,-0.001953125
1786719186.8827722,26.340001164000114,45.0,45.0,40.20479960866777,4.79520039133223,0.11559298174291222,1393.010245842268,0.11716884917033517,-0.0030979508317511124,0.002526387825788185,-0.001953125
1786719186.90538,26.36000113199998,45.0,45.0,40.18892739430163,4.811072605698371,0.11546928482927941,1393.0498288546305,0.11755668053071526,-0.0020903221414878387,0.001010555130315274,0.0
1786719186.9228413,26.380001266000136,45.0,45.0,40.18892739430163,4.811072605698371,0.11587058044135352,1392.9214142587668,0.11755668053071526,-0.001082693451224565,0.00040422205212610967,0.0
1786719186.9427855,26.400000955999985,45.0,45.0,40.18892739430163,4.811072605698371,0.11663567590034114,1392.6765837118908,0.11755668053071526,-7.506476096129106e-05,0.00016168882085044388,0.0
1786719186.965889,26.420001053000078,45.0,45.0,40.173053914748664,4.826946085251336,0.11617634107282028,1392.8235708566974,0.1179445428054414,0.0009358884630853494,-0.0016931369716598223,0.001953125
1786719186.9827304,26.44000102100017,45.0,45.0,40.173053914748664,4.826946085251336,0.11644536397986281,1392.7374835264438,0.1179445428054414,0.00194684168713199,-0.002435067288663929,0.001953125
1786719187.0058446,26.460000821999984,45.0,45.0,40.16831101457626,4.831688985423739,0.11727543599085039,1392.471860482928,0.11806043371918397,0.0029587882618678524,-0.0027318394154655715,0.001953125
1786719187.0227246,26.480000717000166,45.0,45.0,40.16831101457626,4.831688985423739,0.11816867371486559,1392.1860244112431,0.11806043371918397,0.003970734836603715,-0.002850548266186229,0.001953125
1786719187.0426996,26.50000100000011,45.0,45.0,40.16831101457626,4.831688985423739,0.1191331367493132,1391.8773962402197,0.11806043371918397,0.004982681411339578,-0.0028980318064744915,0.001953125
1786719187.0668516,26.52000126500002,45.0,45.0,40.16192320382086,4.838076796179138,0.11852436106948017,1392.0722044577662,0.11821651738073038,0.005995965846031553,-0.004674837722589796,0.00390625
1786719187.0827513,26.540001030999974,45.0,45.0,40.16192320382086,4.838076796179138,0.11882692313772603,1391.9753845959276,0.11821651738073038,0.007009250280723527,-0.005385560089035919,0.00390625
1786719187.10615,26.560000870000067,45.0,45.0,40.151311772702144,4.848688227297856,0.12157301730175787,1391.0966344634376,0.1184758035566487,0.008024757168351944,-0.003912036535614368,0.001953125
1786719187.1227443,26.580001209000102,45.0,45.0,40.151311772702144,4.848688227297856,0.12317793361075491,1390.5830612445584,0.1184758035566487,0.009040264055980362,-0.0033226271142457473,0.001953125
1786719187.1427069,26.600001066999994,45.0,45.0,40.151311772702144,4.848688227297856,0.12442920426693077,1390.1826546345821,0.1184758035566487,0.010055770943608778,-0.0030868633456982986,0.001953125
1786719187.166557,26.620001221000166,45.0,45.0,40.148214831298134,4.851785168701866,0.123856876715916,1390.365799450907,0.11855147611058654,0.011071926453128092,-0.00475037033827932,0.00390625
1786719187.1827166,26.64000081900008,45.0,45.0,40.148214831298134,4.851785168701866,0.1242076294284029,1390.253558582911,0.11855147611058654,0.012088081962647405,-0.0054157731353117276,0.00390625
1786719187.2051113,26.660000714000034,45.0,45.0,40.14873351332483,4.851266486675172,0.12846057502631783,1388.8926159915784,0.11853880231779512,0.013104128839657078,-0.0021663092541246913,0.0
1786719187.2227015,26.680001090000133,45.0,45.0,40.14873351332483,4.851266486675172,0.13077640745580232,1388.1515496141433,0.11853880231779512,0.014120175716666749,-0.0008665237016498766,0.0
1786719187.24298,26.700001244000077,45.0,45.0,40.14873351332483,4.851266486675172,0.1323123685538019,1387.6600420627833,0.11853880231779512,0.015136222593676422,-0.00034660948065995064,0.0
1786719187.2667377,26.72000089800008,45.0,45.0,40.137085147510334,4.862914852489666,0.1338210043895231,1387.1772785953526,0.11882342558811065,0.01615470909871737,-0.00013864379226398026,0.0
1786719187.2827697,26.74000096000009,45.0,45.0,40.137085147510334,4.862914852489666,0.13492267716992243,1386.824743305625,0.11882342558811065,0.01717319560375832,-5.545751690559211e-05,0.0
1786719187.3064532,26.76000094699998,45.0,45.0,40.13182270294533,4.868177297054672,0.13258739896321498,1387.5720323317712,0.11895201136621888,0.018192784272611624,-0.0035378080067622365,0.00390625
1786719187.322752,26.780000842000163,45.0,45.0,40.13182270294533,4.868177297054672,0.1322140474361256,1387.6915048204398,0.11895201136621888,0.01921237294146493,-0.004930748202704895,0.00390625
1786719187.3427062,26.80000090400017,45.0,45.0,40.13182270294533,4.868177297054672,0.13267646002660186,1387.5435327914875,0.11895201136621888,0.020231961610318237,-0.005487924281081958,0.00390625
1786719187.3664556,26.820000946000164,45.0,45.0,40.13182262133674,4.868177378663262,0.1369888052581784,1386.1635823173829,0.11895201336029292,0.021251550296263605,-0.002195169712432783,0.0
1786719187.3827255,26.840000730000156,45.0,45.0,40.13182262133674,4.868177378663262,0.1393254957715834,1385.4158413530934,0.11895201336029292,0.022271138982208973,-0.0008780678849731134,0.0
1786719187.4064643,26.86000101400009,45.0,45.0,40.1349179289663,4.865082071033697,0.13376504255521546,1387.195186382331,0.11887638072699572,0.02329007938844036,-0.007382477153989245,0.0078125
1786719187.4227371,26.88000114900001,45.0,45.0,40.1349179289663,4.865082071033697,0.13218221925384038,1387.701689838771,0.11887638072699572,0.024309019794671753,-0.009984240861595698,0.0078125
1786719187.44271,26.900000711000075,45.0,45.0,40.1349179289663,4.865082071033697,0.1321604541770292,1387.7086546633507,0.11887638072699572,0.02532796020090314,-0.01102494634463828,0.0078125
1786719187.467272,26.92000086500002,45.0,45.0,40.140787618491515,4.859212381508485,0.13613531381844485,1386.4366995780977,0.11873295715539701,0.026345671262235117,-0.007925603537855312,0.00390625
1786719187.4827867,26.94000105600003,45.0,45.0,40.140787618491515,4.859212381508485,0.13839276200249,1385.7143161592032,0.11873295715539701,0.027363382323567092,-0.006685866415142125,0.00390625
1786719187.5071595,26.960000672999968,45.0,45.0,40.15027381708944,4.849726182910558,0.14143238885426263,1384.741635566636,0.11850116559675239,0.02837910660011068,-0.004432159066056851,0.001953125
1786719187.5227501,26.980000733999987,45.0,45.0,40.15027381708944,4.849726182910558,0.14334959607044032,1384.128129257459,0.11850116559675239,0.029394830876654274,-0.00353067612642274,0.001953125
1786719187.5427186,27.000001111000074,45.0,45.0,40.15027381708944,4.849726182910558,0.1447259135228376,1383.6877076726919,0.11850116559675239,0.030410555153197863,-0.003170082950569096,0.001953125
1786719187.5679197,27.02000087600004,45.0,45.0,40.15614222985107,4.843857770148929,0.14398467019534356,1383.92490553749,0.11835777322237331,0.031425050352246776,-0.004783658180227638,0.00390625
1786719187.5827181,27.04000067800007,45.0,45.0,40.15614222985107,4.843857770148929,0.14435373530252904,1383.8068047031907,0.11835777322237331,0.03243954555129569,-0.005429088272091055,0.00390625
1786719187.6078782,27.060000999000067,45.0,45.0,40.169851798537536,4.830148201462464,0.14477507050718258,1383.6719774377016,0.11802278526472333,0.03345116942499332,-0.005687260308836422,0.00390625
1786719187.622845,27.08000083800016,45.0,45.0,40.169851798537536,4.830148201462464,0.14568342556618208,1383.3813038188218,0.11802278526472333,0.034462793298690945,-0.005790529123534569,0.00390625
1786719187.6442392,27.100001251000094,45.0,45.0,40.177366943109945,4.822633056890055,0.14647011229082776,1383.129564066935,0.11783915564155065,0.035472843204189954,-0.005831836649413828,0.00390625
1786719187.6653917,27.12000114600005,45.0,45.0,40.177366943109945,4.822633056890055,0.14746363918597505,1382.811635460488,0.11783915564155065,0.036482893109688955,-0.005848359659765531,0.00390625
1786719187.6828365,27.14000100400017,45.0,45.0,40.177366943109945,4.822633056890055,0.1484670798873334,1382.4905344360534,0.11783915564155065,0.03749294301518796,-0.0058549688639062125,0.00390625
1786719187.7072315,27.160000898000135,45.0,45.0,40.191593919588456,4.808406080411544,0.1508846679961608,1381.7169062412286,0.11749152502653532,0.038500013229701126,-0.004099800045562485,0.001953125
1786719187.7227113,27.18000071900019,45.0,45.0,40.191593919588456,4.808406080411544,0.15259380573801143,1381.1699821638363,0.11749152502653532,0.03950708344421428,-0.003397732518224994,0.001953125
1786719187.7439656,27.200001077000024,45.0,45.0,40.20642543567115,4.79357456432885,0.15351930065927188,1380.873823789033,0.1171291227223476,0.040511047353262976,-0.003116905507289998,0.001953125
1786719187.7645516,27.220000861000017,45.0,45.0,40.20642543567115,4.79357456432885,0.14760434537269457,1382.7666094807378,0.1171291227223476,0.04151501126231167,-0.010035824702915998,0.009765625
1786719187.782697,27.24000077400001,45.0,45.0,40.20642543567115,4.79357456432885,0.14584074160349286,1383.3309626868822,0.1171291227223476,0.04251897517136037,-0.0128033923811664,0.009765625
1786719187.8085337,27.260000965000017,45.0,45.0,40.222820955588645,4.777179044411355,0.1506104978140502,1381.804640699504,0.11672850459515638,0.043519505210747426,-0.008636981952466559,0.00390625
1786719187.822691,27.280000915000073,45.0,45.0,40.222820955588645,4.777179044411355,0.1532775920249172,1380.9511705520265,0.11672850459515638,0.044520035250134475,-0.006970417780986624,0.00390625
1786719187.8447351,27.300000847000092,45.0,45.0,40.24239772045087,4.757602279549133,0.15446639712766788,1380.5707529191463,0.11625015398992807,0.04551646514147672,-0.006303792112394649,0.00390625
1786719187.8659878,27.320001020000063,45.0,45.0,40.24239772045087,4.757602279549133,0.14518260228644692,1383.541567268337,0.11625015398992807,0.046512895032818954,-0.01658401684495786,0.015625
1786719187.8827467,27.340001063000045,45.0,45.0,40.24239772045087,4.757602279549133,0.14206694228476388,1384.5385784688756,0.11625015398992807,0.04750932492416119,-0.020696106737983142,0.015625
1786719187.9092736,27.360000735000085,45.0,45.0,40.26144618264124,4.738553817358763,0.13567965698316697,1386.5825097653865,0.11578471225419903,0.04850176531491147,-0.027614380195193255,0.021484375
1786719187.9226992,27.380000797000093,45.0,45.0,40.26144618264124,4.738553817358763,0.1339047879910332,1387.1504678428694,0.11578471225419903,0.04949420570566175,-0.030381689578077305,0.021484375
1786719187.9445822,27.400001099000065,45.0,45.0,40.28785398900945,4.712146010990551,0.13314504019153367,1387.3935871387093,0.11513944781710284,0.050481115258379776,-0.03148861333123092,0.021484375
1786719187.9665997,27.42000117900011,45.0,45.0,40.28785398900945,4.712146010990551,0.14072043024299025,1384.969462322243,0.11513944781710284,0.051468024811097794,-0.024900132832492372,0.013671875
1786719187.9833422,27.440000887999986,45.0,45.0,40.28785398900945,4.712146010990551,0.1443427319952037,1383.8103257615348,0.11513944781710284,0.05245493436381582,-0.022264740632996948,0.013671875
1786719188.009393,27.460001042000158,45.0,45.0,40.30484994933778,4.695150050662221,0.14596850877354509,1383.2900771924656,0.11472415816292805,0.05343828429092664,-0.02121058375319878,0.013671875
1786719188.0240297,27.480000920000066,45.0,45.0,40.30484994933778,4.695150050662221,0.14737352145257518,1382.840473135176,0.11472415816292805,0.05442163421803745,-0.020788921001279513,0.013671875
1786719188.0445595,27.5000010010001,45.0,45.0,40.31908062443699,4.680919375563008,0.14817781549108572,1382.5830990428526,0.11437643717356008,0.05540200367952511,-0.020620255900511805,0.013671875
1786719188.0673025,27.520000971000172,45.0,45.0,40.31908062443699,4.680919375563008,0.15801471349288046,1379.4352916822781,0.11437643717356008,0.05638237314101276,-0.011763727360204722,0.00390625
1786719188.0839975,27.54000105199998,45.0,45.0,40.31908062443699,4.680919375563008,0.16253769437049095,1377.987937801443,0.11437643717356008,0.05736274260250041,-0.00822111594408189,0.00390625
1786719188.109312,27.56000094800015,45.0,45.0,40.323307164961136,4.676692835038864,0.15780058453106632,1379.5038129500588,0.11427316330619869,0.058342226859410685,-0.013835321377632756,0.01171875
1786719188.1238723,27.580000937000023,45.0,45.0,40.323307164961136,4.676692835038864,0.15653438661455626,1379.908996283342,0.11427316330619869,0.05932171111632096,-0.016081003551053102,0.01171875
1786719188.1452508,27.600000702999978,45.0,45.0,40.328645791274596,4.671354208725404,0.15648515075271352,1379.9247517591316,0.11414271605681381,0.0603000772539508,-0.01697927642042124,0.01171875
1786719188.1672904,27.62000111700013,45.0,45.0,40.328645791274596,4.671354208725404,0.15886202024259613,1379.1641535223694,0.11414271605681381,0.06127844339158063,-0.015580773068168498,0.009765625
1786719188.1840007,27.64000077300011,45.0,45.0,40.328645791274596,4.671354208725404,0.16039978772112704,1378.6720679292393,0.11414271605681381,0.06225680952921046,-0.015021371727267398,0.009765625
1786719188.2096295,27.660001613000077,45.0,45.0,40.34074250990545,4.6592574900945465,0.1753688357988032,1373.881972544383,0.11384713746049968,0.06323264213601475,-0.0007351111909069596,-0.005859375
1786719188.2239628,27.680000991000043,45.0,45.0,40.34074250990545,4.6592574900945465,0.18205917262015164,1371.7410647615516,0.11384713746049968,0.06420847474281904,0.004979393023637216,-0.005859375
1786719188.2455347,27.700001072000077,45.0,45.0,40.334908796716206,4.665091203283794,0.18546335141665074,1370.6517275466717,0.11398968196437682,0.06518552915965656,0.007265194709454886,-0.005859375
1786719188.2665112,27.72000104200015,45.0,45.0,40.334908796716206,4.665091203283794,0.17153441400781536,1375.1089875174991,0.11398968196437682,0.06616258357649407,-0.007640797116218045,0.01171875
1786719188.283904,27.74000108600012,45.0,45.0,40.334908796716206,4.665091203283794,0.16654907169438365,1376.7042970577972,0.11398968196437682,0.06713963799333159,-0.013603193846487217,0.01171875
1786719188.309224,27.760001149000118,45.0,45.0,40.37092477769451,4.629075222305488,0.1712923809871436,1375.1864380841141,0.1131096455324069,0.06810914924075222,-0.008956902538594887,0.00390625
1786719188.3238213,27.78000074800002,45.0,45.0,40.37092477769451,4.629075222305488,0.17412040875772114,1374.2814691975293,0.1131096455324069,0.06907866048817286,-0.0070983860154379555,0.00390625
1786719188.3454,27.800000718000092,45.0,45.0,40.3725250354189,4.627474964581097,0.17579422494176505,1373.7458480186351,0.11307054385976736,0.07004783657839944,-0.006354979406175182,0.00390625
1786719188.367238,27.820000762000063,45.0,45.0,40.3725250354189,4.627474964581097,0.16651388867569672,1376.7155556237772,0.11307054385976736,0.07101701266862602,-0.016604491762470072,0.015625
1786719188.3837376,27.84000101000015,45.0,45.0,40.3725250354189,4.627474964581097,0.16338325982340535,1377.7173568565104,0.11307054385976736,0.0719861887588526,-0.02070429670498803,0.015625
1786719188.4090562,27.860001054000122,45.0,45.0,40.41906423329192,4.58093576670808,0.17212222180885495,1374.9208890211664,0.11193337673199757,0.07294561770226972,-0.011797343681995212,0.00390625
1786719188.423961,27.880000839000104,45.0,45.0,40.41906423329192,4.58093576670808,0.17664443196146923,1373.4737817723299,0.11193337673199757,0.07390504664568684,-0.008234562472798086,0.00390625
1786719188.4453108,27.900000995000028,45.0,45.0,40.45028868090816,4.549711319091841,0.17826601620333737,1372.954874814932,0.11117041954676976,0.07485793595608772,-0.006809449989119234,0.00390625
1786719188.46712,27.920001019999972,45.0,45.0,40.45028868090816,4.549711319091841,0.16221082550720978,1378.0925358376928,0.11117041954676976,0.07581082526648861,-0.023817529995647693,0.0234375
1786719188.48321,27.940001305000123,45.0,45.0,40.45028868090816,4.549711319091841,0.15636048281499929,1379.9646454992003,0.11117041954676976,0.07676371457688948,-0.030620761998259072,0.0234375
1786719188.5090952,27.960001182000042,45.0,45.0,40.48729752077156,4.512702479228437,0.167750282773212,1376.3199095125722,0.11026612299562615,0.07770885277399485,-0.01927955479930363,0.0078125
1786719188.5237494,27.980000967000024,45.0,45.0,40.48729752077156,4.512702479228437,0.17323190384989953,1374.5657907680322,0.11026612299562615,0.07865399097110022,-0.014743071919721453,0.0078125
1786719188.545363,28.00000108600011,45.0,45.0,40.520588209723144,4.479411790276857,0.17517819021339046,1373.942979131715,0.1094526780101788,0.07959215678261604,-0.012928478767888583,0.0078125
1786719188.5670846,28.020001167000146,45.0,45.0,40.520588209723144,4.479411790276857,0.1645375057856394,1377.3479981485955,0.1094526780101788,0.08053032259413186,-0.024507329007155434,0.021484375
1786719188.5837545,28.040000970000165,45.0,45.0,40.520588209723144,4.479411790276857,0.1608441315014485,1378.5298779195364,0.1094526780101788,0.08146848840564767,-0.02913886910286217,0.021484375
1786719188.6091487,28.060000885000136,45.0,45.0,40.57865805695806,4.421341943041938,0.17081545473215037,1375.3390544857118,0.10803376396764756,0.08239449209679896,-0.01868679764114487,0.0078125
1786719188.6240692,28.080001650999975,45.0,45.0,40.57865805695806,4.421341943041938,0.17592228700798856,1373.7048681574436,0.10803376396764756,0.08332049578795023,-0.01450596905645795,0.0078125
1786719188.6462114,28.10000134300003,45.0,45.0,40.5872657472444,4.412734252755598,0.17831029658193062,1372.9407050937823,0.10782343841656358,0.08424469668866363,-0.012833637622583181,0.0078125
1786719188.6671777,28.12000070199997,45.0,45.0,40.5872657472444,4.412734252755598,0.18693468005619396,1370.1809023820178,0.10782343841656358,0.08516889758937704,-0.0051334550490332725,0.0
1786719188.6837986,28.140001006000148,45.0,45.0,40.5872657472444,4.412734252755598,0.19093895398632732,1368.8995347243754,0.10782343841656358,0.08609309849009045,-0.002053382019613309,0.0
1786719188.7091756,28.160000809000167,45.0,45.0,40.58779154808215,4.412208451917849,0.17901983636064883,1372.7136523645925,0.10781059067840372,0.08701718926733391,-0.014883852807845325,0.015625
1786719188.7237358,28.180000686000085,45.0,45.0,40.58779154808215,4.412208451917849,0.1748117388225995,1374.0602435767682,0.10781059067840372,0.08794128004457737,-0.02001604112313813,0.015625
1786719188.747259,28.200001100999998,45.0,45.0,40.61953409934773,4.380465900652268,0.17290733742813136,1374.669652022998,0.10703497383280926,0.08885872267743002,-0.022068916449255252,0.015625
1786719188.7662697,28.22000107100007,45.0,45.0,40.61953409934773,4.380465900652268,0.18003487993053718,1372.3888384222282,0.10703497383280926,0.08977616531028267,-0.0158588165797021,0.0078125
1786719188.783755,28.240000818999988,45.0,45.0,40.61953409934773,4.380465900652268,0.1834363625112111,1371.3003639964124,0.10703497383280926,0.09069360794313532,-0.01337477663188084,0.0078125
1786719188.8090878,28.260001122000176,45.0,45.0,40.642818525808536,4.357181474191464,0.1935675377545409,1368.058387918547,0.10646602796415792,0.09160617389711381,-0.0035920981527523357,-0.001953125
1786719188.8237276,28.28000096300002,45.0,45.0,40.642818525808536,4.357181474191464,0.1983931751001708,1366.5141839679454,0.10646602796415792,0.09251873985109231,0.00032097323889906563,-0.001953125
1786719188.8470979,28.30000089600003,45.0,45.0,40.66129541378268,4.338704586217318,0.20041949406787046,1365.8657618982816,0.10601455242121853,0.09342743601470276,0.0018862017955596263,-0.001953125
1786719188.8670888,28.32000105100019,45.0,45.0,40.66129541378268,4.338704586217318,0.20371209415414512,1364.8121298706735,0.10601455242121853,0.0943361321783132,0.004270105718223851,-0.00390625
1786719188.8838305,28.340000688000146,45.0,45.0,40.66129541378268,4.338704586217318,0.20557435188682127,1364.2162073962172,0.10601455242121853,0.09524482834192365,0.00522366728728954,-0.00390625
1786719188.9091396,28.360000991000106,45.0,45.0,40.68035434113918,4.319645658860821,0.199367525230081,1366.202391926374,0.10554885497324153,0.09614953281312287,-0.0014261580850841837,0.00390625
1786719188.9237392,28.38000114600004,45.0,45.0,40.68035434113918,4.319645658860821,0.19761229955233073,1366.7640641432542,0.10554885497324153,0.09705423728432208,-0.004086088234033673,0.00390625
1786719188.9470208,28.40000095000005,45.0,45.0,40.707349499604106,4.292650500395894,0.19679341580771528,1367.026106941531,0.10488923881700668,0.09795328790275358,-0.005150060293613469,0.00390625
1786719188.967025,28.420000772000094,45.0,45.0,40.707349499604106,4.292650500395894,0.19023562760231488,1369.1245991672592,0.10488923881700668,0.09885233852118507,-0.012606899117445388,0.01171875
1786719188.9828668,28.440001112000118,45.0,45.0,40.707349499604106,4.292650500395894,0.1881519426912136,1369.7913783388117,0.10488923881700668,0.09975138913961655,-0.015589634646978155,0.01171875
1786719189.0090587,28.460000989000036,45.0,45.0,40.75392556968677,4.246074430313229,0.179688581012017,1372.4996540761545,0.10375117073119171,0.10064068488874106,-0.02381397885879126,0.01953125
1786719189.0237374,28.48000107200005,45.0,45.0,40.75392556968677,4.246074430313229,0.17728813907641627,1373.2677954955468,0.10375117073119171,0.10152998063786556,-0.027103716543516506,0.01953125
1786719189.0471277,28.500000765000095,45.0,45.0,40.80889399434005,4.191106005659947,0.17551840775888278,1373.8341095171575,0.10240803873842383,0.10240776382705205,-0.028419611617406602,0.01953125
1786719189.0670688,28.520000866000146,45.0,45.0,40.80889399434005,4.191106005659947,0.17938545791851324,1372.5966534660758,0.10240803873842383,0.10328554701623853,-0.025430344646962644,0.015625
1786719189.0838425,28.540000726000017,45.0,45.0,40.80889399434005,4.191106005659947,0.1814589478958773,1371.9331366733193,0.10240803873842383,0.10416333020542502,-0.024234637858785057,0.015625
1786719189.10838,28.560000900999967,45.0,45.0,40.86710681234291,4.132893187657089,0.1778769813229151,1373.079365976667,0.1009856312610041,0.10502892133051935,-0.027271980143514025,0.01953125
1786719189.1231785,28.58000078000009,45.0,45.0,40.86710681234291,4.132893187657089,0.17752763553411785,1373.1911566290823,0.1009856312610041,0.10589451245561368,-0.028486917057405612,0.01953125
1786719189.1471496,28.60000071400009,45.0,45.0,40.93216148792661,4.0678385120733935,0.17631766629780238,1373.5783467847032,0.09939604566515095,0.10674647856131499,-0.028972891822962248,0.01953125
1786719189.167047,28.620001037000065,45.0,45.0,40.93216148792661,4.0678385120733935,0.16818617999728105,1376.1804224008702,0.09939604566515095,0.10759844466701628,-0.037956344229184896,0.029296875
1786719189.1839092,28.640000953000026,45.0,45.0,40.93216148792661,4.0678385120733935,0.16544476514049325,1377.0576751550423,0.09939604566515095,0.10845041077271758,-0.041549725191673964,0.029296875
1786719189.20838,28.66000083100016,45.0,45.0,41.005150644756895,3.9948493552431046,0.17362279231427868,1374.4407064594309,0.09761258411823068,0.10928709006515956,-0.03244020257666958,0.017578125
1786719189.2237287,28.680000729000085,45.0,45.0,41.005150644756895,3.9948493552431046,0.1781032806527224,1373.006950191129,0.09761258411823068,0.11012376935760154,-0.02879639353066783,0.017578125
1786719189.2472,28.70000081100011,45.0,45.0,41.07233731092467,3.9276626890753334,0.17875580361027282,1372.7981428447126,0.09597090416493843,0.11094637710758673,-0.02733886991226713,0.017578125
1786719189.2663863,28.7200015410001,45.0,45.0,41.07233731092467,3.9276626890753334,0.17488798330761834,1374.0358453415622,0.09597090416493843,0.11176898485757193,-0.03202929796490685,0.0234375
1786719189.2837946,28.74000108700011,45.0,45.0,41.07233731092467,3.9276626890753334,0.17383441983654763,1374.3729856523048,0.09597090416493843,0.11259159260755712,-0.03390546918596274,0.0234375
1786719189.3083785,28.760001151000097,45.0,45.0,41.133735908998204,3.866264091001795,0.1636172458286218,1377.642481334841,0.09447065339544979,0.1134013410652324,-0.043445000174385094,0.033203125
1786719189.3237278,28.78000091800004,45.0,45.0,41.133735908998204,3.866264091001795,0.16061118189092816,1378.604421794903,0.09447065339544979,0.1142110895229077,-0.047260812569754035,0.033203125
1786719189.347061,28.800000926000166,45.0,45.0,41.20410675469543,3.7958932453045695,0.15817512125369462,1379.3839611988178,0.09275116925868852,0.11500609954512503,-0.04878713752790162,0.033203125
1786719189.3669946,28.820000787000026,45.0,45.0,41.20410675469543,3.7958932453045695,0.16011741379265293,1378.7624275863511,0.09275116925868852,0.11580110956734237,-0.047639855011160644,0.03125
1786719189.3837547,28.84000079500015,45.0,45.0,41.20410675469543,3.7958932453045695,0.16137133682156662,1378.3611722170988,0.09275116925868852,0.1165961195895597,-0.04718094200446425,0.03125
1786719189.4083996,28.860000895999974,45.0,45.0,41.29024193618537,3.7097580638146326,0.15848742002013938,1379.2840255935555,0.09064648973236535,0.11737308950155141,-0.0487551893017857,0.033203125
1786719189.4237266,28.880001052000125,45.0,45.0,41.29024193618537,3.7097580638146326,0.1586346910132025,1379.2368988757753,0.09064648973236535,0.11815005941354312,-0.049384888220714275,0.033203125
1786719189.4470303,28.900000801000033,45.0,45.0,41.37432897561729,3.625671024382712,0.15710514738274492,1379.7263528375215,0.0885918557574875,0.11890941817717873,-0.049636767788285706,0.033203125
1786719189.4670925,28.920001013000046,45.0,45.0,41.37432897561729,3.625671024382712,0.15776375431935194,1379.5155986178074,0.0885918557574875,0.11966877694081435,-0.049737519615314287,0.033203125
1786719189.4828038,28.94000109600006,45.0,45.0,41.37432897561729,3.625671024382712,0.15848281235217615,1379.2855000473037,0.0885918557574875,0.12042813570444995,-0.04977782034612572,0.033203125
1786719189.5084066,28.960000678000142,45.0,45.0,41.46356432622582,3.536435673774179,0.16231905737528057,1378.0579016399101,0.0864114248092809,0.12116880505995807,-0.04452050313845029,0.02734375
1786719189.5237372,28.980000668000002,45.0,45.0,41.46356432622582,3.536435673774179,0.16516265361385885,1377.1479508435652,0.0864114248092809,0.12190947441546619,-0.04241757625538012,0.02734375
1786719189.5470781,29.00000086099999,45.0,45.0,41.533203965036876,3.4667960349631244,0.16504287634058148,1377.186279571014,0.08470980742726736,0.12263555847912849,-0.04157640550215205,0.02734375
1786719189.5670958,29.020001110000067,45.0,45.0,41.533203965036876,3.4667960349631244,0.16962105370553504,1375.7212628142288,0.08470980742726736,0.12336164254279078,-0.03772431220086082,0.0234375
1786719189.5837457,29.040000841000165,45.0,45.0,41.533203965036876,3.4667960349631244,0.17188797508971382,1374.9958479712916,0.08470980742726736,0.12408772660645306,-0.036183474880344325,0.0234375
1786719189.609062,29.060001127000078,45.0,45.0,41.58861027140537,3.411389728594628,0.17011875012008415,1375.561999961573,0.08335597596576881,0.12480220640044537,-0.037324952452137725,0.025390625
1786719189.623946,29.08000070900016,45.0,45.0,41.58861027140537,3.411389728594628,0.1703766388853591,1375.479475556685,0.08335597596576881,0.12551668619443768,-0.03778154348085509,0.025390625
1786719189.6472409,29.10000164300004,45.0,45.0,41.67123353649433,3.328766463505673,0.16888961504749395,1375.955323184802,0.08133710874539832,0.12621386141225535,-0.037964179892342034,0.025390625
1786719189.6671515,29.120000892000007,45.0,45.0,41.67123353649433,3.328766463505673,0.16599811070071685,1376.8806045757706,0.08133710874539832,0.12691103663007305,-0.04155285945693682,0.029296875
1786719189.6838078,29.140000826999994,45.0,45.0,41.67123353649433,3.328766463505673,0.16525981409269663,1377.116859490337,0.08133710874539832,0.12760821184789076,-0.04298833128277473,0.029296875
1786719189.7084818,29.160001224000098,45.0,45.0,41.73496633415198,3.2650336658480232,0.17613020205529256,1373.6383353423064,0.07977982272051166,0.12829203889978086,-0.03125783251310989,0.015625
1786719189.7237666,29.180000973000006,45.0,45.0,41.73496633415198,3.2650336658480232,0.18150622861504856,1371.9180068431845,0.07977982272051166,0.12897586595167096,-0.026565633005243956,0.015625
1786719189.7470644,29.20000079600004,45.0,45.0,41.78373018043948,3.216269819560523,0.18287540992697043,1371.4798688233695,0.07858829717739707,0.12964947992747722,-0.024688753202097583,0.015625
1786719189.7655938,29.220001008000054,45.0,45.0,41.78373018043948,3.216269819560523,0.17726852582403527,1373.2740717363088,0.07858829717739707,0.13032309390328348,-0.03096925128083903,0.0234375
1786719189.7837775,29.240000720000126,45.0,45.0,41.78373018043948,3.216269819560523,0.17542994056834493,1373.8624190181297,0.07858829717739707,0.13099670787908974,-0.03348145051233561,0.0234375
1786719189.8081193,29.260001210000155,45.0,45.0,41.86495486900486,3.135045130995138,0.17135616880243043,1375.1660259832222,0.07660360362827492,0.1316533101959035,-0.03624414270493424,0.025390625
1786719189.8237226,29.280000866000137,45.0,45.0,41.86495486900486,3.135045130995138,0.17090769424220473,1375.3095378424946,0.07660360362827492,0.13230991251271731,-0.0373492195819737,0.025390625
1786719189.8464804,29.300001097000177,45.0,45.0,41.947972679531176,3.0520273204688237,0.1690937580241294,1375.8899974322785,0.07457509584420154,0.1329491276199533,-0.037791250332789475,0.025390625
1786719189.8664756,29.32000106800001,45.0,45.0,41.947972679531176,3.0520273204688237,0.16955616083103903,1375.7420285340675,0.07457509584420154,0.13358834272718934,-0.03796806263311579,0.025390625
1786719189.8837926,29.340000835000183,45.0,45.0,41.947972679531176,3.0520273204688237,0.17012465101814456,1375.5601116741936,0.07457509584420154,0.13422755783442536,-0.038038787553246314,0.025390625
1786719189.9080727,29.360000862000106,45.0,45.0,42.02894715639462,2.971052843605378,0.15645230893344242,1379.9352611412985,0.07259651612031559,0.1348498136868852,-0.05037176502129853,0.0390625
1786719189.9237301,29.380000870000003,45.0,45.0,42.02894715639462,2.971052843605378,0.15214137379868137,1381.314760384422,0.07259651612031559,0.13547206953934504,-0.05530495600851942,0.0390625
1786719189.9464977,29.40000099000008,45.0,45.0,42.11804165901634,2.881958340983658,0.14861336387360685,1382.4437235604457,0.07041952673766957,0.13607566548281078,-0.05727823240340777,0.0390625
1786719189.9664156,29.420000997999978,45.0,45.0,42.11804165901634,2.881958340983658,0.15897452425911723,1379.1281522370825,0.07041952673766957,0.13667926142627654,-0.04752066796136312,0.02734375
1786719189.9833267,29.44000071000005,45.0,45.0,42.11804165901634,2.881958340983658,0.16348114597940086,1377.6860332865917,0.07041952673766957,0.13728285736974227,-0.04361764218454525,0.02734375
1786719190.0080447,29.460000774000036,45.0,45.0,42.20272877665184,2.7972712233481616,0.1512719680821253,1381.5929702137198,0.06835023008620114,0.13786871648476687,-0.0543611193738181,0.041015625
1786719190.0237346,29.48000085700005,45.0,45.0,42.20272877665184,2.7972712233481616,0.14756043632144078,1382.780660377139,0.06835023008620114,0.13845457559979146,-0.05865851024952724,0.041015625
1786719190.0464437,29.500000996000153,45.0,45.0,42.317599033122264,2.6824009668777364,0.1436205292229548,1384.0414306486546,0.0655434202229742,0.13901637634455982,-0.06037746659981089,0.041015625
1786719190.0665076,29.520001024000067,45.0,45.0,42.317599033122264,2.6824009668777364,0.1417369349276097,1384.6441808231648,0.0655434202229742,0.13957817708932815,-0.06282286163992436,0.04296875
1786719190.08381,29.54000097800008,45.0,45.0,42.317599033122264,2.6824009668777364,0.1413205776563326,1384.7774151499736,0.0655434202229742,0.1401399778340965,-0.06380101965596974,0.04296875
1786719190.1081936,29.56000082100013,45.0,45.0,42.43236335773548,2.5676366422645174,0.1457181437350233,1383.3701940047927,0.06273919876331467,0.14067774239492495,-0.0571610328623879,0.03515625
1786719190.1237388,29.58000073800008,45.0,45.0,42.43236335773548,2.5676366422645174,0.14891190301328444,1382.348191035749,0.06273919876331467,0.14121550695575336,-0.05450503814495516,0.03515625
1786719190.146416,29.60000097000011,45.0,45.0,42.513928093436476,2.4860719065635237,0.14851906299298412,1382.4738998422451,0.06074619629521284,0.14173618863828374,-0.05344264025798206,0.03515625
1786719190.1664937,29.620001035000087,45.0,45.0,42.513928093436476,2.4860719065635237,0.14770689133030374,1382.7337947743029,0.06074619629521284,0.14225687032081416,-0.054775493603192824,0.037109375
1786719190.1838186,29.640001285000153,45.0,45.0,42.513928093436476,2.4860719065635237,0.14769443167474988,1382.73778186408,0.06074619629521284,0.14277755200334455,-0.055308634941277135,0.037109375
1786719190.2081583,29.660000813000124,45.0,45.0,42.600168882453005,2.399831117546995,0.15644147181704787,1379.9387290185446,0.058638936290214175,0.14328017145726069,-0.04497501647651085,0.025390625
1786719190.2237542,29.6800008780001,45.0,45.0,42.600168882453005,2.399831117546995,0.1610775386568705,1378.4551876298015,0.058638936290214175,0.1437827909111768,-0.040841569090604345,0.025390625
1786719190.2465787,29.70000105400004,45.0,45.0,42.66580314943724,2.334196850562762,0.1616297893797382,1378.2784673984838,0.057035188604803146,0.14427166395636082,-0.03918819013624174,0.025390625
1786719190.2657387,29.720000878000064,45.0,45.0,42.66580314943724,2.334196850562762,0.16981126400666727,1375.6603955178664,0.057035188604803146,0.14476053700154484,-0.0314955885544967,0.017578125
1786719190.2837973,29.740000981000094,45.0,45.0,42.66580314943724,2.334196850562762,0.1733771776845493,1374.5193031409442,0.057035188604803146,0.1452494100467289,-0.028418547921798674,0.017578125
1786719190.3081014,29.76000110100017,45.0,45.0,42.71187170267024,2.288128297329763,0.16693994987304805,1376.5792160406247,0.0559095214950386,0.14572863451668636,-0.034218981668719464,0.025390625
1786719190.323723,29.78000096200003,45.0,45.0,42.71187170267024,2.288128297329763,0.16509900084423718,1377.1683197298441,0.0559095214950386,0.14620785898664385,-0.036539155167487784,0.025390625
1786719190.346464,29.80000087899998,45.0,45.0,42.758348646009495,2.2416513539905054,0.16351450995214128,1377.675356815315,0.05477387553249254,0.14667734934835092,-0.03746722456699511,0.025390625
1786719190.3663895,29.820001221999973,45.0,45.0,42.758348646009495,2.2416513539905054,0.17767527255404542,1373.1439127827055,0.05477387553249254,0.14714683971005801,-0.02377595232679805,0.009765625
1786719190.3837125,29.840001102000087,45.0,45.0,42.758348646009495,2.2416513539905054,0.18362127181183135,1371.241193020214,0.05477387553249254,0.14761633007176508,-0.018299443430719223,0.009765625
1786719190.407256,29.860000834000175,45.0,45.0,42.776919604447926,2.223080395552074,0.18231196661396762,1371.6601706835304,0.054320101414490236,0.14808193094103214,-0.019624464872287688,0.013671875
1786719190.4237223,29.880001064999988,45.0,45.0,42.776919604447926,2.223080395552074,0.1822475589066073,1371.6807811498857,0.054320101414490236,0.1485475318102992,-0.020154473448915078,0.013671875
1786719190.4457517,29.900000797000075,45.0,45.0,42.80489161626099,2.1951083837390115,0.18181767115886086,1371.8183452291646,0.05363661622812767,0.14900727423511173,-0.020366476879566033,0.013671875
1786719190.465822,29.92000104700014,45.0,45.0,42.80489161626099,2.1951083837390115,0.18746604971141298,1370.010864092348,0.05363661622812767,0.14946701665992423,-0.015177840751826412,0.0078125
1786719190.4839604,29.940001075000055,45.0,45.0,42.80489161626099,2.1951083837390115,0.19000124658732132,1369.1996010920573,0.05363661622812767,0.14992675908473677,-0.013102386300730566,0.0078125
1786719190.5071485,29.960001121999994,45.0,45.0,42.84716727541766,2.152832724582339,0.18498474406854343,1370.804881898066,0.052603627004098916,0.15037764731620049,-0.017545642020292226,0.013671875
1786719190.523733,29.98000085400008,45.0,45.0,42.84716727541766,2.152832724582339,0.18365833001218249,1371.2293343961016,0.052603627004098916,0.15082853554766418,-0.01932294430811689,0.013671875
1786719190.5457473,30.000000937000095,45.0,45.0,42.88641957819132,2.113580421808678,0.1824391826371702,1371.6194615561055,0.051644512312752786,0.1512712027960592,-0.02003386522324676,0.013671875
1786719190.5658062,30.020000910000135,45.0,45.0,42.88641957819132,2.113580421808678,0.1843552940195133,1371.0063059137558,0.051644512312752786,0.15171387004445425,-0.0185604210892987,0.01171875
1786719190.5837367,30.04000075199997,45.0,45.0,42.88641957819132,2.113580421808678,0.18538733892148757,1370.676051545124,0.051644512312752786,0.15215653729284928,-0.01797104343571948,0.01171875
1786719190.6070848,30.060001113999988,45.0,45.0,42.942019189502105,2.057980810497895,0.17943376493903115,1372.58119521951,0.05028595752046965,0.15258755978588187,-0.02300872987428779,0.017578125
1786719190.623963,30.080000994000102,45.0,45.0,42.942019189502105,2.057980810497895,0.17784971285663642,1373.0880918858763,0.05028595752046965,0.15301858227891446,-0.025023804449715116,0.017578125
1786719190.645976,30.10000129900004,45.0,45.0,42.997097263941214,2.002902736058786,0.17612889427702869,1373.6387538313509,0.04894014627800028,0.15343806924701162,-0.025829834279886044,0.017578125
1786719190.6659927,30.120001253000055,45.0,45.0,42.997097263941214,2.002902736058786,0.17622596931305748,1373.6076898198216,0.04894014627800028,0.1538575562151088,-0.02615224621195442,0.017578125
1786719190.6838434,30.14000102199998,45.0,45.0,42.997097263941214,2.002902736058786,0.17651649150832732,1373.5147227173352,0.04894014627800028,0.15427704318320595,-0.026281210984781766,0.017578125
1786719190.7074656,30.160001068000156,45.0,45.0,43.05695261511181,1.943047384888189,0.1683906004332834,1376.1150078613493,0.047477604143990174,0.15468399407586872,-0.03336404689391271,0.025390625
1786719190.7237506,30.180001004000133,45.0,45.0,43.05695261511181,1.943047384888189,0.16596441696229383,1376.891386572066,0.047477604143990174,0.15509094496853149,-0.03619718125756508,0.025390625
1786719190.7458246,30.200000902000056,45.0,45.0,43.124119752637,1.8758802473629999,0.1635969113309595,1377.648988374093,0.04583640136545403,0.15548382840880678,-0.03733043500302603,0.025390625
1786719190.7650359,30.22000091200016,45.0,45.0,43.124119752637,1.8758802473629999,0.1652943057730504,1377.105822152624,0.04583640136545403,0.1558767118490821,-0.036025924001210415,0.0234375
1786719190.783738,30.240000995000173,45.0,45.0,43.124119752637,1.8758802473629999,0.16620899361405198,1376.8131220435034,0.04583640136545403,0.1562695952893574,-0.03550411960048416,0.0234375
1786719190.8075335,30.26000080100016,45.0,45.0,43.189755914813105,1.810244085186895,0.16872242982093338,1376.0088224573012,0.044232607371769636,0.15664873192397258,-0.03177977284019367,0.01953125
1786719190.8237636,30.280001070000026,45.0,45.0,43.189755914813105,1.810244085186895,0.17059130515966472,1375.4107823489073,0.044232607371769636,0.15702786855858775,-0.030290034136077466,0.01953125
1786719190.8458998,30.30000069000016,45.0,45.0,43.26041514601974,1.7395848539802614,0.16983980655184924,1375.6512619034083,0.04250607664769248,0.1573922063584251,-0.02969413865443099,0.01953125
1786719190.8657813,30.320000848000063,45.0,45.0,43.26041514601974,1.7395848539802614,0.1598956275443452,1378.8333991858096,0.04250607664769248,0.15775654415826246,-0.040002655461772396,0.03125
1786719190.88383,30.34000104300003,45.0,45.0,43.26041514601974,1.7395848539802614,0.15613655862124598,1380.0363012412013,0.04250607664769248,0.1581208819580998,-0.044126062184708964,0.03125
1786719190.9074676,30.360001052000143,45.0,45.0,43.340105656922816,1.659894343077184,0.1634512022149115,1377.6956152912283,0.040558870130695285,0.15846852941636294,-0.03522854987388359,0.01953125
1786719190.9237678,30.380000839000104,45.0,45.0,43.340105656922816,1.659894343077184,0.1673578545975048,1376.4454865287985,0.040558870130695285,0.15881617687462604,-0.03166954494955343,0.01953125
1786719190.9458272,30.400000756000054,45.0,45.0,43.39021078847804,1.6097892115219565,0.1679048047006029,1376.2704624958071,0.03933457080579821,0.15915333033867576,-0.03024594297982137,0.01953125
1786719190.9657457,30.420001155000136,45.0,45.0,43.39021078847804,1.6097892115219565,0.17232702395254543,1374.8553523351854,0.03933457080579821,0.15949048380272546,-0.02616087719192855,0.015625
1786719190.9837155,30.440000683000108,45.0,45.0,43.39021078847804,1.6097892115219565,0.17429820373175225,1374.2245748058392,0.03933457080579821,0.15982763726677518,-0.024526850876771422,0.015625
1786719191.0074375,30.46000089600011,45.0,45.0,43.43694896025403,1.5630510397459716,0.17063131374446977,1375.3979796017697,0.038192541828403134,0.1601550019110186,-0.027388865350708568,0.01953125
1786719191.023747,30.48000068400006,45.0,45.0,43.43694896025403,1.5630510397459716,0.16981387259913833,1375.6595607682757,0.038192541828403134,0.16048236655526207,-0.028533671140283427,0.01953125
1786719191.045106,30.500000676000127,45.0,45.0,43.497323259996904,1.5026767400030963,0.16820809248781304,1376.1734104038999,0.03671731938866434,0.16079708643573631,-0.02899159345611337,0.01953125
1786719191.065735,30.520000724000056,45.0,45.0,43.497323259996904,1.5026767400030963,0.1665818309419553,1376.6938140985744,0.03671731938866434,0.16111180631621058,-0.03093257488244535,0.021484375
1786719191.0838137,30.540001179,45.0,45.0,43.497323259996904,1.5026767400030963,0.1661201582518968,1376.841549359393,0.03671731938866434,0.16142652619668482,-0.03170896745297813,0.021484375
1786719191.1075225,30.56000065300009,45.0,45.0,43.53927613298583,1.460723867014167,0.179161719034099,1372.6682499090882,0.035692217318605404,0.16173245948798717,-0.017957024481191255,0.005859375
1786719191.1237552,30.580000830000017,45.0,45.0,43.53927613298583,1.460723867014167,0.1849684295141161,1370.810102555483,0.035692217318605404,0.16203839277928953,-0.012456247292476502,0.005859375
1786719191.1457794,30.60000104400001,45.0,45.0,43.560053021886404,1.4399469781135963,0.1869669985134139,1370.1705604757076,0.035184542151114974,0.1623399745691562,-0.0102559364169906,0.005859375
1786719191.165773,30.620000962000177,45.0,45.0,43.560053021886404,1.4399469781135963,0.18463307965347492,1370.917414510888,0.035184542151114974,0.1626415563590229,-0.01289143706679624,0.009765625
1786719191.1837435,30.640000899000142,45.0,45.0,43.560053021886404,1.4399469781135963,0.18388046118341936,1371.1582524213059,0.035184542151114974,0.16294313814888958,-0.013945637326718496,0.009765625
1786719191.20741,30.660000910000008,45.0,45.0,43.603387354953156,1.3966126450468437,0.1827015053616782,1371.535518284263,0.03412568464347601,0.16323564401726223,-0.0143673174306874,0.009765625
1786719191.223776,30.680001124,45.0,45.0,43.603387354953156,1.3966126450468437,0.18282533918846328,1371.4958914596918,0.03412568464347601,0.16352814988563485,-0.01453598947227496,0.009765625
1786719191.2460797,30.70000096800004,45.0,45.0,43.63930390171933,1.3606960982806697,0.18217276944437813,1371.704713777799,0.033248077847653254,0.1638131334100433,-0.014603458288909982,0.009765625
1786719191.2647538,30.72000094200007,45.0,45.0,43.63930390171933,1.3606960982806697,0.18067295294213256,1372.1846550585176,0.033248077847653254,0.16409811693445175,-0.01638825831556399,0.01171875
1786719191.2838678,30.740000878000046,45.0,45.0,43.63930390171933,1.3606960982806697,0.18024401645587942,1372.3219147341185,0.033248077847653254,0.1643831004588602,-0.017102178326225598,0.01171875
1786719191.3074243,30.760000648000187,45.0,45.0,43.67426482094032,1.3257351790596772,0.1688423005661211,1375.9704638188412,0.03239382143775112,0.16466076178546948,-0.02793462133049024,0.0234375
1786719191.323767,30.780000937000068,45.0,45.0,43.67426482094032,1.3257351790596772,0.1647869846910245,1377.268164898872,0.03239382143775112,0.16493842311207876,-0.032267598532196094,0.0234375
1786719191.3450546,30.800001003000034,45.0,45.0,43.73189440989833,1.2681055901016691,0.16192329863350796,1378.1845444372775,0.03098566493430763,0.1652040145258014,-0.03400078941287843,0.0234375
1786719191.3650436,30.820000884000137,45.0,45.0,43.73189440989833,1.2681055901016691,0.17204248869495767,1374.9464036176137,0.03098566493430763,0.16546960593952403,-0.024147190765151375,0.01171875
1786719191.3837402,30.84000104300003,45.0,45.0,43.73189440989833,1.2681055901016691,0.1762495195677711,1373.6001537383133,0.03098566493430763,0.16573519735324668,-0.020205751306060553,0.01171875
1786719191.4066257,30.860000998000032,45.0,45.0,43.784210486503156,1.2157895134968442,0.1785711763612584,1372.8572235643974,0.029707342030435954,0.16598983171350756,-0.016871363022424223,0.009765625
1786719191.4237134,30.88000091599997,45.0,45.0,43.784210486503156,1.2157895134968442,0.18015956603497382,1372.3489388688083,0.029707342030435954,0.16624446607376844,-0.01553760770896969,0.009765625
1786719191.4450812,30.900001038000028,45.0,45.0,43.825433928697635,1.1745660713023653,0.1799404238071976,1372.4190643816967,0.028700063317017056,0.16649046661648573,-0.015004105583587878,0.009765625
1786719191.4650085,30.92000067800018,45.0,45.0,43.825433928697635,1.1745660713023653,0.16809513770006762,1376.2095559359784,0.028700063317017056,0.166736467159203,-0.02709539223343515,0.0234375
1786719191.4838257,30.940001300000176,45.0,45.0,43.825433928697635,1.1745660713023653,0.163504623582846,1377.6785204534892,0.028700063317017056,0.1669824677019203,-0.03193190689337406,0.0234375
1786719191.5068226,30.960000792000073,45.0,45.0,43.874700683641606,1.1252993163583938,0.16237001684182403,1378.0415946106164,0.02749624939725336,0.16721814983961103,-0.032108700257349625,0.021484375
1786719191.5237474,30.980000747000076,45.0,45.0,43.874700683641606,1.1252993163583938,0.16253498163392455,1377.9888058771442,0.02749624939725336,0.16745383197730176,-0.032179417602939846,0.021484375
1786719191.545675,31.000000998000132,45.0,45.0,43.93009388030515,1.0699061196948492,0.16138886570240216,1378.3555629752314,0.02614273826627633,0.16767791259101272,-0.032207704541175934,0.021484375
1786719191.5650606,31.020000842000172,45.0,45.0,43.93009388030515,1.0699061196948492,0.16687506904081867,1376.599977906938,0.02614273826627633,0.16790199320472365,-0.026945581816470374,0.015625
1786719191.5837483,31.040000797000175,45.0,45.0,43.93009388030515,1.0699061196948492,0.16920399874441183,1375.8547204017882,0.02614273826627633,0.1681260738184346,-0.02484073272658815,0.015625
1786719191.6066718,31.060000716000104,45.0,45.0,43.979836452105104,1.0201635478948958,0.17081239117522928,1375.3400348239265,0.02492729794742992,0.16833973637226973,-0.022240980590635263,0.013671875
1786719191.6239877,31.08000109700015,45.0,45.0,43.979836452105104,1.0201635478948958,0.17206595458344556,1374.9388945332973,0.02492729794742992,0.16855339892610485,-0.021201079736254104,0.013671875
1786719191.6458476,31.100001163000115,45.0,45.0,44.02481338167112,0.9751866183288768,0.17159658376732267,1375.0890931944568,0.023828304235719456,0.1687576415338396,-0.020785119394501644,0.013671875
1786719191.6651278,31.12000085900013,45.0,45.0,44.02481338167112,0.9751866183288768,0.1684515855117584,1376.0954926362374,0.023828304235719456,0.16896188414157434,-0.02413436025780066,0.017578125
1786719191.6838777,31.14000107300012,45.0,45.0,44.02481338167112,0.9751866183288768,0.16731613177417354,1376.4588378322644,0.023828304235719456,0.16916612674930906,-0.025474056603120264,0.017578125
1786719191.7070484,31.160001547000093,45.0,45.0,44.07720180770221,0.9227981922977904,0.17097784260992846,1375.287090364823,0.022548213501867503,0.16935939715075363,-0.020736497641248103,0.01171875
1786719191.7237628,31.180001002000154,45.0,45.0,44.07720180770221,0.9227981922977904,0.17306613659612188,1374.618836289241,0.022548213501867503,0.1695526675521982,-0.01884147405649924,0.01171875
1786719191.745579,31.200001105000183,45.0,45.0,44.10483070393815,0.8951692960618516,0.17334231514025342,1374.530459155119,0.021873112210654907,0.16974015137114667,-0.018083464622599695,0.01171875
1786719191.7639318,31.220000838000033,45.0,45.0,44.10483070393815,0.8951692960618516,0.1826220652327617,1371.5609391255161,0.021873112210654907,0.16992763519009513,-0.00899119834903988,0.001953125
1786719191.7837522,31.24000070000011,45.0,45.0,44.10483070393815,0.8951692960618516,0.1864464555611341,1370.337134220437,0.021873112210654907,0.1701151190090436,-0.005354291839615952,0.001953125
1786719191.806809,31.260000878000028,45.0,45.0,44.11341623856356,0.8865837614364409,0.18260548029769177,1371.5662463047386,0.021663328024494555,0.17030080467782496,-0.009172966735846382,0.0078125
1786719191.8237727,31.280000907000158,45.0,45.0,44.11341623856356,0.8865837614364409,0.18126369600798098,1371.9956172774462,0.021663328024494555,0.17048649034660632,-0.010700436694338553,0.0078125
1786719191.8456092,31.300000918000023,45.0,45.0,44.13814411705084,0.8618558829491576,0.18023417763807484,1372.325063155816,0.021059111969203917,0.17066699702062807,-0.01131142467773542,0.0078125
1786719191.865057,31.32000103900009,45.0,45.0,44.13814411705084,0.8618558829491576,0.18720153911873783,1370.095507482004,0.021059111969203917,0.17084750369464982,-0.004524569871094168,0.0
1786719191.8838546,31.340000902000156,45.0,45.0,44.13814411705084,0.8618558829491576,0.19009678771541608,1369.169027931067,0.021059111969203917,0.17102801036867157,-0.0018098279484376676,0.0
1786719191.9071572,31.360000820000096,45.0,45.0,44.15249127565008,0.8475087243499217,0.17870793644029295,1372.8134603391063,0.02070854475099644,0.17120551218082297,-0.013028618679375069,0.013671875
1786719191.9238305,31.380001127000014,45.0,45.0,44.15249127565008,0.8475087243499217,0.17439792196006937,1374.1926649727777,0.02070854475099644,0.17138301399297437,-0.01751613497175003,0.013671875
1786719191.9451408,31.400000878000128,45.0,45.0,44.17991941561817,0.8200805843818273,0.17211022136507326,1374.9247291631766,0.0200383488607989,0.17155477126892407,-0.01931114148870001,0.013671875
1786719191.9650667,31.42000122200011,45.0,45.0,44.17991941561817,0.8200805843818273,0.18211085103424296,1371.7245276690423,0.0200383488607989,0.17172652854487377,-0.009482269095480006,0.001953125
1786719191.98377,31.440001048000113,45.0,45.0,44.17991941561817,0.8200805843818273,0.18621415726748067,1370.4114696744061,0.0200383488607989,0.17189828582082348,-0.0055507201381920016,0.001953125
1786719192.0060174,31.460001077000015,45.0,45.0,44.195230264500594,0.8047697354994057,0.1787953570123626,1372.785485756044,0.019664234246815928,0.17206683640008189,-0.0127671630552768,0.01171875
1786719192.0231135,31.480000848000145,45.0,45.0,44.195230264500594,0.8047697354994057,0.1760773304247871,1373.6552542640682,0.019664234246815928,0.17223538697934032,-0.015653740222110718,0.01171875
1786719192.044866,31.50000086,45.0,45.0,44.226465438434445,0.7735345615655547,0.17432803085870163,1374.2150301252154,0.018901014968205596,0.17239739567906778,-0.016808371088844285,0.01171875
1786719192.0648901,31.52000114900011,45.0,45.0,44.226465438434445,0.7735345615655547,0.17402818721173566,1374.3109800922446,0.018901014968205596,0.17255940437879524,-0.01727022343553771,0.01171875
1786719192.0832765,31.540001383000117,45.0,45.0,44.226465438434445,0.7735345615655547,0.17400545497278574,1374.3182544087085,0.018901014968205596,0.1727214130785227,-0.017454964374215086,0.01171875
1786719192.1059718,31.56000082100013,45.0,45.0,44.253341256550755,0.7466587434492453,0.17871030467562682,1372.8127025037993,0.018244314846790163,0.17287779292006664,-0.012255423249686034,0.005859375
1786719192.1231465,31.580000981000012,45.0,45.0,44.253341256550755,0.7466587434492453,0.18094650096698237,1372.0971196905657,0.018244314846790163,0.17303417276161054,-0.010175606799874413,0.005859375
1786719192.1447635,31.600001030000158,45.0,45.0,44.27928911340422,0.7207108865957821,0.18130078163815017,1371.983749875792,0.017610289096489408,0.1731851180967233,-0.009343680219949767,0.005859375
1786719192.1648064,31.620001135000166,45.0,45.0,44.27928911340422,0.7207108865957821,0.1853001226052328,1370.7039607663255,0.017610289096489408,0.17333606343183608,-0.005495284587979906,0.001953125
1786719192.1831923,31.640000979999968,45.0,45.0,44.27928911340422,0.7207108865957821,0.18699042619313352,1370.1630636181972,0.017610289096489408,0.17348700876694886,-0.003955926335191963,0.001953125
1786719192.2060714,31.66000099200005,45.0,45.0,44.29991878843393,0.7000812115660722,0.18901084927532263,1369.5165282318967,0.017106211042450553,0.173633633433027,-0.001582370534076785,0.0
1786719192.223149,31.68000091099998,45.0,45.0,44.29991878843393,0.7000812115660722,0.19010689626184685,1369.165793196209,0.017106211042450553,0.17378025809910516,-0.0006329482136307141,0.0
1786719192.244989,31.700000700000146,45.0,45.0,44.318978887043585,0.6810211129564152,0.19016756378901278,1369.1463795875159,0.016640484975359922,0.1739228908274654,-0.00025317928545228564,0.0
1786719192.2644558,31.720000916000117,45.0,45.0,44.318978887043585,0.6810211129564152,0.1816730415886444,1371.8646266916337,0.016640484975359922,0.17406552355582564,-0.008890334214180914,0.009765625
1786719192.283222,31.740001113000062,45.0,45.0,44.318978887043585,0.6810211129564152,0.17836081234551318,1372.9245400494358,0.016640484975359922,0.17420815628418587,-0.012345196185672366,0.009765625
1786719192.3059454,31.76000101400018,45.0,45.0,44.34533832830215,0.6546616716978519,0.1764774176307497,1373.52722635816,0.01599640232083277,0.17434526830407873,-0.013727140974268947,0.009765625
1786719192.3231256,31.780000914000084,45.0,45.0,44.34533832830215,0.6546616716978519,0.17606175173520391,1373.6602394447348,0.01599640232083277,0.1744823803239716,-0.014279918889707578,0.009765625
1786719192.344744,31.800001056000156,45.0,45.0,44.37980922936251,0.6201907706374925,0.1751354695814359,1373.9566497339406,0.015154119313347302,0.17461227277522887,-0.014501030055883032,0.009765625
1786719192.3648024,31.820000789999995,45.0,45.0,44.37980922936251,0.6201907706374925,0.16990348006622297,1375.6308863788086,0.015154119313347302,0.17474216522648614,-0.019862912022353213,0.015625
1786719192.3831444,31.840000765000013,45.0,45.0,44.37980922936251,0.6201907706374925,0.16788861973089217,1376.2756416861146,0.015154119313347302,0.17487205767774341,-0.022007664808941285,0.015625
1786719192.4059033,31.860000795000133,45.0,45.0,44.41104902554463,0.588950974455372,0.17518634134607225,1373.9403707692568,0.014390787091905362,0.17499540728138832,-0.014076503423576513,0.005859375
1786719192.423033,31.880001122000067,45.0,45.0,44.41104902554463,0.588950974455372,0.17848215550386307,1372.8857102387637,0.014390787091905362,0.17511875688503323,-0.010904038869430605,0.005859375
1786719192.4445848,31.900001060000022,45.0,45.0,44.454286301227285,0.5457136987727154,0.17881800498080958,1372.7782384061409,0.01333430114354859,0.17523305089483507,-0.009635053047772242,0.005859375
1786719192.4645975,31.920001146000004,45.0,45.0,44.454286301227285,0.5457136987727154,0.17768208081927475,1373.1417341378321,0.01333430114354859,0.17534734490463694,-0.010885271219108896,0.0078125
1786719192.4830437,31.94000100900007,45.0,45.0,44.454286301227285,0.5457136987727154,0.17729628756054197,1373.2651879806265,0.01333430114354859,0.17546163891443878,-0.01138535848764356,0.0078125
1786719192.5057335,31.960000817000036,45.0,45.0,44.477716462123766,0.522283537876234,0.16960678983024807,1375.7258272543206,0.012761794310866716,0.17557102572281763,-0.018616643395057426,0.015625
1786719192.5228918,31.980000754999992,45.0,45.0,44.477716462123766,0.522283537876234,0.16682366267566137,1376.6164279437883,0.012761794310866716,0.17568041253119646,-0.02150915735802297,0.015625
1786719192.5445251,32.000000840999974,45.0,45.0,44.50458538640402,0.4954146135959832,0.1651195122256308,1377.161756087798,0.01210526263764352,0.1757841719252334,-0.022666162943209188,0.015625
1786719192.5644665,32.0200012790001,45.0,45.0,44.50458538640402,0.4954146135959832,0.16476046938559324,1377.2766497966102,0.01210526263764352,0.17588793131927033,-0.023128965177283675,0.015625
1786719192.5828292,32.040000642999985,45.0,45.0,44.50458538640402,0.4954146135959832,0.16467910788600038,1377.3026854764798,0.01210526263764352,0.17599169071330725,-0.023314086070913467,0.015625
1786719192.6055598,32.06000106200008,45.0,45.0,44.533227287956635,0.4667727120433654,0.17455584024201,1374.1421311225567,0.01140540895706816,0.1760894513615107,-0.012841259428365389,0.00390625
1786719192.6229885,32.08000105500014,45.0,45.0,44.533227287956635,0.4667727120433654,0.17884273154723268,1372.7703259048856,0.01140540895706816,0.1761872120097141,-0.008652128771346156,0.00390625
1786719192.6444736,32.10000145599997,45.0,45.0,44.5546660892349,0.4453339107651005,0.1800922957202627,1372.3704653695158,0.010881560219087072,0.17628048252587772,-0.006976476508538462,0.00390625
1786719192.6643727,32.12000106000005,45.0,45.0,44.5546660892349,0.4453339107651005,0.17734020214154939,1373.2511353147042,0.010881560219087072,0.17637375304204134,-0.009821840603415385,0.0078125
1786719192.6828673,32.140001239000185,45.0,45.0,44.5546660892349,0.4453339107651005,0.17629532701976225,1373.5854953536762,0.010881560219087072,0.17646702355820496,-0.010959986241366154,0.0078125
1786719192.7055037,32.160001102000024,45.0,45.0,44.5833713452285,0.41662865477150035,0.17347412505914292,1374.4882799810744,0.01018015849748445,0.17655428205961196,-0.013173056996546462,0.009765625
1786719192.722712,32.180000800000016,45.0,45.0,44.5833713452285,0.41662865477150035,0.17267615525847782,1374.7436303172872,0.01018015849748445,0.17664154056101897,-0.014058285298618585,0.009765625
1786719192.7441728,32.20000088500001,45.0,45.0,44.58896378326858,0.4110362167314179,0.17227267339923746,1374.872744512244,0.010043509457665946,0.17672762778494183,-0.014412376619447434,0.009765625
1786719192.7643194,32.22000091600012,45.0,45.0,44.58896378326858,0.4110362167314179,0.1739749365948288,1374.328020289655,0.010043509457665946,0.17681371500886467,-0.012796200647778973,0.0078125
1786719192.7827082,32.240000835000046,45.0,45.0,44.58896378326858,0.4110362167314179,0.17470749420741902,1374.0936018536258,0.010043509457665946,0.17689980223278753,-0.01214973025911159,0.0078125
1786719192.8052824,32.26000084700013,45.0,45.0,44.605312246147236,0.39468775385276444,0.18695738877998724,1370.173635590404,0.009644041150844343,0.1769824654426519,0.000413545396355363,-0.005859375
1786719192.8227067,32.28000089600005,45.0,45.0,44.605312246147236,0.39468775385276444,0.19206536225203838,1368.5390840793477,0.009644041150844343,0.17706512865251625,0.005438855658542145,-0.005859375
1786719192.8440318,32.300000741000076,45.0,45.0,44.6000038431948,0.3999961568052015,0.19428785832013712,1367.8278853375562,0.009773749904204005,0.17714890365169514,0.007448979763416857,-0.005859375
1786719192.8639767,32.320000975000085,45.0,45.0,44.6000038431948,0.3999961568052015,0.18111318296126588,1372.0437814523948,0.009773749904204005,0.177232678650874,-0.005809470594633257,0.009765625
1786719192.8828313,32.340001061000066,45.0,45.0,44.6000038431948,0.3999961568052015,0.1758935778172247,1373.7140550984882,0.009773749904204005,0.17731645365005289,-0.011112850737853303,0.009765625
1786719192.9051805,32.36000066500014,45.0,45.0,44.60581659425446,0.3941834057455367,0.17898740595668966,1372.7240300938593,0.009631717601778087,0.1773990112294967,-0.007960765295141321,0.00390625
1786719192.9227157,32.380000825000025,45.0,45.0,44.60581659425446,0.3941834057455367,0.18033079771321825,1372.29414473177,0.009631717601778087,0.17748156880894053,-0.006699931118056529,0.00390625
1786719192.9444609,32.400000967000096,45.0,45.0,44.618327038314646,0.3816729616853536,0.18061200114786455,1372.2041596326833,0.00932602978614662,0.1775615062071075,-0.006195597447222611,0.00390625
1786719192.9643874,32.420001071000115,45.0,45.0,44.618327038314646,0.3816729616853536,0.1861671095143651,1370.4265249554032,0.00932602978614662,0.17764144360527448,-0.0007204264788890448,-0.001953125
1786719192.982724,32.44000095299998,45.0,45.0,44.618327038314646,0.3816729616853536,0.18843711529986548,1369.700123104043,0.00932602978614662,0.17772138100344145,0.0014696419084443818,-0.001953125
1786719193.0055478,32.4600007250001,45.0,45.0,44.627893846358916,0.37210615364108435,0.18212806883397553,1371.7190179731278,0.00909226856715633,0.17779931473401708,-0.004685580736622247,0.005859375
1786719193.0227067,32.48000101499997,45.0,45.0,44.627893846358916,0.37210615364108435,0.17974391350652452,1372.481947677912,0.00909226856715633,0.1778772484645927,-0.0071476697946488985,0.005859375
1786719193.045744,32.50000112099997,45.0,45.0,44.6422835712757,0.35771642872430226,0.18551665430433373,1370.6346706226132,0.00874066125760057,0.17795216841822928,-0.0011012554178595597,-0.001953125
1786719193.0626934,32.52000100400005,45.0,45.0,44.6422835712757,0.35771642872430226,0.18801014000868602,1369.8367551972206,0.00874066125760057,0.17802708837186587,0.0013173103328561761,-0.001953125
1786719193.0828333,32.540001054000186,45.0,45.0,44.6422835712757,0.35771642872430226,0.1890524862626089,1369.5032043959652,0.00874066125760057,0.17810200832550246,0.0022847366331424706,-0.001953125
1786719193.1056623,32.560000845000104,45.0,45.0,44.65281792733657,0.34718207266342915,0.1804679113593845,1372.250268364997,0.008483258380625053,0.17817472196876497,-0.006117355346743011,0.0078125
1786719193.1226952,32.580001025,45.0,45.0,44.65281792733657,0.34718207266342915,0.1771797882106928,1373.3024677725782,0.008483258380625053,0.17824743561202744,-0.009478192138697205,0.0078125
1786719193.1455483,32.600001093000174,45.0,45.0,44.6629084921922,0.3370915078077985,0.1826928581250101,1371.5382853999968,0.008236699368461558,0.17831803589232853,-0.003791276855478882,0.0
1786719193.1627605,32.620001125000044,45.0,45.0,44.6629084921922,0.3370915078077985,0.18503822451859853,1370.7877681540485,0.008236699368461558,0.17838863617262962,-0.001516510742191553,0.0
1786719193.1827052,32.64000084200006,45.0,45.0,44.6629084921922,0.3370915078077985,0.18601873124421456,1370.4740060018514,0.008236699368461558,0.17845923645293071,-0.0006066042968766212,0.0
1786719193.2056146,32.660001058000034,45.0,45.0,44.682506171616865,0.3174938283831352,0.17542755745824662,1373.8631816133611,0.007757837724066548,0.1785257322048513,-0.010789516718750648,0.01171875
1786719193.2230191,32.680001663999974,45.0,45.0,44.682506171616865,0.3174938283831352,0.17142088824141757,1375.1453157627463,0.007757837724066548,0.17859222795677188,-0.014862681687500257,0.01171875
1786719193.2456925,32.70000115800008,45.0,45.0,44.70560593988324,0.2943940601167583,0.17808274668806395,1373.0135210598196,0.007193403906292176,0.1786538857045401,-0.007702885175000104,0.001953125
1786719193.2629359,32.72000122700001,45.0,45.0,44.70560593988324,0.2943940601167583,0.18100832304083223,1372.0773366269336,0.007193403906292176,0.1787155434523083,-0.004838966570000041,0.001953125
1786719193.2828355,32.74000087000013,45.0,45.0,44.70560593988324,0.2943940601167583,0.18221554823060046,1371.691024566208,0.007193403906292176,0.17877720120007654,-0.003693399128000017,0.001953125
1786719193.305419,32.76000110500013,45.0,45.0,44.71897242367936,0.2810275763206391,0.17010414064284926,1375.5666749942882,0.006866799093972726,0.17883605947802486,-0.015539859651200007,0.015625
1786719193.3227062,32.78000111799997,45.0,45.0,44.71897242367936,0.2810275763206391,0.1654244147115176,1377.0641872923143,0.006866799093972726,0.1788949177559732,-0.020278443860480003,0.015625
1786719193.3441834,32.80000090900012,45.0,45.0,44.74440171849781,0.2555982815021878,0.16296648441629466,1377.8507249867857,0.006245444204513492,0.178948450134869,-0.022173877544192,0.015625
1786719193.3640308,32.82000101400013,45.0,45.0,44.74440171849781,0.2555982815021878,0.17105090582170568,1375.2637101370542,0.006245444204513492,0.1790019825137648,-0.014142988517676801,0.005859375
1786719193.382722,32.84000089799997,45.0,45.0,44.74440171849781,0.2555982815021878,0.1743167938112076,1374.2186259804137,0.006245444204513492,0.17905551489266064,-0.01093063290707072,0.005859375
1786719193.4052026,32.860001689,45.0,45.0,44.7559398357229,0.24406016427710145,0.1683420890452635,1376.1305315055156,0.005963514815431133,0.17910663073393576,-0.01667694066282829,0.013671875
1786719193.4227102,32.880000998000014,45.0,45.0,44.7559398357229,0.24406016427710145,0.1660946817842356,1376.8497018290445,0.005963514815431133,0.1791577465752109,-0.018975463765131317,0.013671875
1786719193.4439247,32.900001084999985,45.0,45.0,44.768804078839935,0.23119592116006518,0.1649120556271525,1377.2281421993112,0.005649182057994111,0.179206168135708,-0.019894873006052527,0.013671875
1786719193.4639046,32.92000069100004,45.0,45.0,44.768804078839935,0.23119592116006518,0.1804130259912811,1372.26783168279,0.005649182057994111,0.17925458969620509,-0.0044423242024210115,-0.00390625
1786719193.482806,32.94000092600004,45.0,45.0,44.768804078839935,0.23119592116006518,0.1866424670732308,1370.2744105365662,0.005649182057994111,0.1793030112567022,0.0017386953190315954,-0.00390625
1786719193.505119,32.96000130900006,45.0,45.0,44.77329943941879,0.22670056058120736,0.18202220406187736,1371.7528947001992,0.005539339677562513,0.1793504913110813,-0.002820146872387362,0.00390625
1786719193.5227234,32.98000076700009,45.0,45.0,44.77329943941879,0.22670056058120736,0.18024614723968888,1372.3212328832997,0.005539339677562513,0.17939797136546043,-0.004643683748954945,0.00390625
1786719193.5439863,33.000000983000064,45.0,45.0,44.77179780202695,0.22820219797304733,0.1796009044667631,1372.527710570636,0.005576031600884648,0.17944576592203945,-0.005373098499581978,0.00390625
1786719193.5639625,33.02000108900006,45.0,45.0,44.77179780202695,0.22820219797304733,0.17759912062309133,1373.1682814006108,0.005576031600884648,0.17949356047861845,-0.007422676899832791,0.005859375
1786719193.5827475,33.04000084300014,45.0,45.0,44.77179780202695,0.22820219797304733,0.17682708381957,1373.4153331777377,0.005576031600884648,0.17954135503519744,-0.008242508259933116,0.005859375
1786719193.6051257,33.060001134000004,45.0,45.0,44.762709369856026,0.2372906301439741,0.18028464312342643,1372.3089142005035,0.0057981038922022355,0.1795910530685592,-0.005054815803973246,0.001953125
1786719193.6228385,33.080001073000176,45.0,45.0,44.762709369856026,0.2372906301439741,0.1816094181391721,1371.884986195465,0.0057981038922022355,0.17964075110192093,-0.0037797388215892987,0.001953125
1786719193.6468792,33.100001808000115,45.0,45.0,44.77331680044193,0.22668319955806737,0.18542558354102628,1370.6638132668716,0.005538915467741082,0.17968822752021585,0.00024591697136428046,-0.001953125
1786719193.662833,33.12000119100003,45.0,45.0,44.77331680044193,0.22668319955806737,0.18708332227650262,1370.133336871519,0.005538915467741082,0.17973570393851077,0.0018561792885457122,-0.001953125
1786719193.6828892,33.14000090800005,45.0,45.0,44.77331680044193,0.22668319955806737,0.18777490362167013,1369.9120308410656,0.005538915467741082,0.17978318035680568,0.002500284215418285,-0.001953125
1786719193.7066083,33.16000103200008,45.0,45.0,44.77904657324291,0.22095342675709162,0.18969782974963853,1369.2966944801155,0.00539891070666554,0.17982945673429138,0.004515738686167314,-0.00390625
1786719193.7227764,33.180000786000164,45.0,45.0,44.77904657324291,0.22095342675709162,0.19055028791542383,1369.0239078670643,0.00539891070666554,0.1798757331117771,0.005321920474466926,-0.00390625
1786719193.7457802,33.20000089100017,45.0,45.0,44.78669300824507,0.2133069917549335,0.18018532435467105,1372.3406962065053,0.005212073053107182,0.17992040802366085,-0.004902481810213229,0.0078125
1786719193.7627168,33.220000793000054,45.0,45.0,44.78669300824507,0.2133069917549335,0.17614023835268272,1373.6351237271415,0.005212073053107182,0.1799650829355446,-0.008992242724085291,0.0078125
1786719193.7827246,33.24000091700009,45.0,45.0,44.78669300824507,0.2133069917549335,0.17454900889901767,1374.1443171523144,0.005212073053107182,0.1800097578474284,-0.010628147089634117,0.0078125
1786719193.8064275,33.26000104200011,45.0,45.0,44.80303054872445,0.19696945127554955,0.1805713706424216,1372.2171613944251,0.004812871630846838,0.18005101103283566,-0.0042512588358536475,0.0
1786719193.8226907,33.280000684000015,45.0,45.0,44.80303054872445,0.19696945127554955,0.18316337912934105,1371.3877186786108,0.004812871630846838,0.18009226421824295,-0.001700503534341459,0.0
1786719193.8464835,33.30000117899999,45.0,45.0,44.8087590996372,0.19124090036279995,0.17881152203063938,1372.7803129501954,0.004672896726132988,0.18013231761875265,-0.005953638913736584,0.005859375
1786719193.8627348,33.320000803000084,45.0,45.0,44.8087590996372,0.19124090036279995,0.177150321279391,1373.311897190595,0.004672896726132988,0.18017237101926237,-0.0076548930654946334,0.005859375
1786719193.882874,33.34000124199997,45.0,45.0,44.8087590996372,0.19124090036279995,0.17650987301919752,1373.5168406338569,0.004672896726132988,0.18021242441977206,-0.008335394726197851,0.005859375
1786719193.9064445,33.36000101400009,45.0,45.0,44.81884935095576,0.18115064904424116,0.18482023690441834,1370.8575241905862,0.004426345375125418,0.18025036452298743,0.000181467109520859,-0.00390625
1786719193.9227064,33.380000879000136,45.0,45.0,44.81884935095576,0.18115064904424116,0.1882649217419212,1369.7552250425852,0.004426345375125418,0.18028830462620277,0.0035882118438083435,-0.00390625
1786719193.9464083,33.400000725000154,45.0,45.0,44.82509479118232,0.1749052088176768,0.19302857984558547,1368.2308544494126,0.004273740481859349,0.18032493668747587,0.008466534737523337,-0.0078125
1786719193.9627109,33.42000070100016,45.0,45.0,44.82509479118232,0.1749052088176768,0.19501654106434457,1367.5947068594098,0.004273740481859349,0.18036156874874895,0.010417863895009335,-0.0078125
1786719193.9826999,33.44000101100005,45.0,45.0,44.82509479118232,0.1749052088176768,0.19583370478861203,1367.3332144676442,0.004273740481859349,0.18039820081002203,0.011198395558003733,-0.0078125
1786719194.006478,33.46000096800003,45.0,45.0,44.8226545033055,0.17734549669449962,0.19272655199648875,1368.3275033611235,0.0043333679632652335,0.18043534396399288,0.007994983223201494,-0.00390625
1786719194.0226934,33.480000907999965,45.0,45.0,44.8226545033055,0.17734549669449962,0.1914823302165387,1368.7256543307076,0.0043333679632652335,0.18047248711796374,0.006713618289280597,-0.00390625
1786719194.0457888,33.50000071900013,45.0,45.0,44.83224561148745,0.16775438851254876,0.1872569474135752,1370.077776827656,0.00409901297989922,0.1805076215149343,0.002685447315712239,0.0
1786719194.0627108,33.52000093600009,45.0,45.0,44.83224561148745,0.16775438851254876,0.18568081342111842,1370.582139705242,0.00409901297989922,0.18054275591190486,0.0010741789262848956,0.0
1786719194.082847,33.540000914000075,45.0,45.0,44.83224561148745,0.16775438851254876,0.18507144046231805,1370.7771390520581,0.00409901297989922,0.1805778903088754,0.0004296715705139583,0.0
1786719194.1072218,33.56000076100008,45.0,45.0,44.839932615869145,0.16006738413085486,0.1846609429664741,1370.9084982507284,0.003911184029393115,0.18061141474341305,0.00017186862820558335,0.0
1786719194.122702,33.58000105300016,45.0,45.0,44.839932615869145,0.16006738413085486,0.1845913462240884,1370.9307692082916,0.003911184029393115,0.1806449391779507,6.874745128223334e-05,0.0
1786719194.1480007,33.600000734000105,45.0,45.0,44.85002261526358,0.14997738473641675,0.18433707699251664,1371.0121353623947,0.003664638834053064,0.18067635036795687,2.7498980512893338e-05,0.0
1786719194.162783,33.620000748000166,45.0,45.0,44.85002261526358,0.14997738473641675,0.1843519887942151,1371.0073635858512,0.003664638834053064,0.18070776155796306,1.0999592205157335e-05,0.0
1786719194.184206,33.64000087300019,45.0,45.0,44.85002261526358,0.14997738473641675,0.18437680022889819,1370.9994239267526,0.003664638834053064,0.18073917274796922,4.399836882062934e-06,0.0
1786719194.2054305,33.66000103600004,45.0,45.0,44.87014611319307,0.12985388680692722,0.1751247992025321,1373.9600642551898,0.0031729290198100686,0.18076636928242476,-0.008787302565247176,0.009765625
1786719194.2227347,33.68000093900014,45.0,45.0,44.87014611319307,0.12985388680692722,0.17163531477613594,1375.0766992716365,0.0031729290198100686,0.18079356581688028,-0.01230398352609887,0.009765625
1786719194.2480338,33.70000082299998,45.0,45.0,44.88546383520813,0.11453616479187188,0.1663659313699557,1376.7629019616143,0.0027986464635149583,0.18081755421513895,-0.01722628091043955,0.013671875
1786719194.2627642,33.72000130100014,45.0,45.0,44.88546383520813,0.11453616479187188,0.1644210008144781,1377.385279739367,0.0027986464635149583,0.18084154261339766,-0.01919519986417582,0.013671875
1786719194.2841,33.74000113000011,45.0,45.0,44.88546383520813,0.11453616479187188,0.1636574216312423,1377.6296250780024,0.0027986464635149583,0.18086553101165634,-0.01998276744567033,0.013671875
1786719194.305239,33.76000105100002,45.0,45.0,44.90514763559557,0.09485236440443146,0.17167447952041054,1375.0641665534686,0.0023176804870223187,0.18088539684440222,-0.011508731978268134,0.00390625
1786719194.3227124,33.78000073200019,45.0,45.0,44.90514763559557,0.09485236440443146,0.1750839595401173,1373.9731329471624,0.0023176804870223187,0.18090526267714813,-0.008119117791307254,0.00390625
1786719194.3485422,33.80000102400004,45.0,45.0,44.91467913073086,0.08532086926913963,0.17095333518579942,1375.2949327405443,0.002084782125174188,0.18092313223822104,-0.012036709616522902,0.009765625
1786719194.3627343,33.82000087200004,45.0,45.0,44.91467913073086,0.08532086926913963,0.16940416801678607,1375.7906662346284,0.002084782125174188,0.18094100179929398,-0.01360374634660916,0.009765625
1786719194.3839529,33.840000849000035,45.0,45.0,44.92477189958947,0.07522810041052708,0.16854861001970875,1376.0644447936932,0.0018381692590584335,0.18095675753580018,-0.014230561038643664,0.009765625
1786719194.4051974,33.86000084400007,45.0,45.0,44.92477189958947,0.07522810041052708,0.18589176487940115,1370.5146352385916,0.0018381692590584335,0.18097251327230637,0.003096838084542534,-0.009765625
1786719194.4226983,33.88000111800011,45.0,45.0,44.92477189958947,0.07522810041052708,0.19283848026518183,1368.2916863151418,0.0018381692590584335,0.1809882690088126,0.010027797733817014,-0.009765625
1786719194.448564,33.90000096500012,45.0,45.0,44.910709596821846,0.08929040317815407,0.1889389767385882,1369.5395274436519,0.0021817761362487964,0.18100696994712331,0.0057689315935268055,-0.001953125
1786719194.462732,33.920000942000115,45.0,45.0,44.910709596821846,0.08929040317815407,0.18725413122078283,1370.0786780093495,0.0021817761362487964,0.181025670885434,0.004065385137410722,-0.001953125
1786719194.484098,33.940001086000166,45.0,45.0,44.908369284461116,0.09163071553888359,0.18664859819535487,1370.2724485774866,0.002238960754956588,0.18104486197761935,0.0033839665549642885,-0.001953125
1786719194.505265,33.96000093400016,45.0,45.0,44.908369284461116,0.09163071553888359,0.18287959685456165,1371.4785290065402,0.002238960754956588,0.1810640530698047,-0.00040422587801428446,0.001953125
1786719194.522721,33.98000100400009,45.0,45.0,44.908369284461116,0.09163071553888359,0.18138351097355557,1371.9572764884622,0.002238960754956588,0.18108324416199,-0.0019195028512057138,0.001953125
1786719194.5478497,34.00000099900012,45.0,45.0,44.913678048720726,0.08632195127927389,0.17363562369470498,1374.4366004176943,0.0021092431731972445,0.18110132338918883,-0.009556863640482286,0.009765625
1786719194.562708,34.02000088400018,45.0,45.0,44.913678048720726,0.08632195127927389,0.17059875860619317,1375.4083972460182,0.0021092431731972445,0.18111940261638765,-0.012611807956192916,0.009765625
1786719194.5839846,34.04000104600004,45.0,45.0,44.930016247437806,0.06998375256219447,0.1689956426010663,1375.9213943676589,0.0017100256671558356,0.181134059979249,-0.013833785682477166,0.009765625
1786719194.6053243,34.060000875000014,45.0,45.0,44.930016247437806,0.06998375256219447,0.18082619637341396,1372.1356171605075,0.0017100256671558356,0.18114871734211033,-0.002017889272990867,-0.00390625
1786719194.62287,34.08000116700009,45.0,45.0,44.930016247437806,0.06998375256219447,0.1855672123000698,1370.6184920639776,0.0017100256671558356,0.18116337470497165,0.0027084692908036527,-0.00390625
1786719194.6495574,34.10000108899999,45.0,45.0,44.93380059745553,0.06619940254446988,0.18562213147344886,1370.6009179284963,0.0016175565521557556,0.1811772394754187,0.002841200216321461,-0.001953125
1786719194.663503,34.120001010000124,45.0,45.0,44.93380059745553,0.06619940254446988,0.18568908861410305,1370.579491643487,0.0016175565521557556,0.18119110424586574,0.0028942925865285845,-0.001953125
1786719194.6847312,34.140001599000016,45.0,45.0,44.93662256494477,0.06337743505523008,0.18565523665893288,1370.5903242691415,0.0015486028784556947,0.18120437798482392,0.002915529534611434,-0.001953125
1786719194.7052915,34.160000983000145,45.0,45.0,44.93662256494477,0.06337743505523008,0.1821613801771242,1371.7083583433202,0.0015486028784556947,0.1812176517237821,-0.0005916006861554264,0.001953125
1786719194.7233546,34.18000096000014,45.0,45.0,44.93662256494477,0.06337743505523008,0.18077180182777564,1372.1530234151119,0.0015486028784556947,0.1812309254627403,-0.0019944527744621705,0.001953125
1786719194.7493708,34.20000108600016,45.0,45.0,44.938084086089106,0.06191591391089447,0.1749147855329325,1374.0272686294616,0.0015128911799770542,0.18124389310142583,-0.007829031109784869,0.0078125
1786719194.762705,34.22000128500008,45.0,45.0,44.938084086089106,0.06191591391089447,0.17259392183748892,1374.7699450120035,0.0015128911799770542,0.18125686074011135,-0.010162862443913945,0.0078125
1786719194.7853205,34.2400008730001,45.0,45.0,44.943371156397404,0.05662884360259568,0.1715441694439929,1375.1058657779222,0.0013837036814471106,0.1812687210573809,-0.011096394977565578,0.0078125
1786719194.8072712,34.26000107300001,45.0,45.0,44.943371156397404,0.05662884360259568,0.17997167924780177,1372.4090626407035,0.0013837036814471106,0.18128058137465047,-0.0026807454910262314,-0.001953125
1786719194.823338,34.280000828000084,45.0,45.0,44.943371156397404,0.05662884360259568,0.1833497993596871,1371.3280642049,0.0013837036814471106,0.18129244169192002,0.0006855143035895072,-0.001953125
1786719194.849317,34.30000112000016,45.0,45.0,44.948179139449394,0.051820860550606085,0.1845906824063107,1370.9309816299806,0.0012662224929548848,0.18130329502757395,0.002032018221435803,-0.001953125
1786719194.864007,34.32000094900013,45.0,45.0,44.948179139449394,0.051820860550606085,0.18514013730910314,1370.755156061087,0.0012662224929548848,0.18131414836322785,0.002570619788574321,-0.001953125
1786719194.885333,34.340001074000156,45.0,45.0,44.93705482851263,0.062945171487371,0.1856382494656195,1370.5957601710018,0.0015380406869619123,0.1813273315691161,0.0027860604154297287,-0.001953125
1786719194.9071312,34.36000112500005,45.0,45.0,44.93705482851263,0.062945171487371,0.18222198392224992,1371.68896514488,0.0015380406869619123,0.18134051477500432,-0.0006433883338281085,0.001953125
1786719194.923871,34.38000110200005,45.0,45.0,44.93705482851263,0.062945171487371,0.18086338762843499,1372.123715958901,0.0015380406869619123,0.18135369798089257,-0.002015167833531243,0.001953125
1786719194.9492002,34.400001171999975,45.0,45.0,44.93755808822041,0.062441911779586697,0.18734681207999115,1370.0490201344028,0.0015257437325110674,0.1813667757843141,0.004467370366587502,-0.005859375
1786719194.9638095,34.42000100100017,45.0,45.0,44.93755808822041,0.062441911779586697,0.18995290516346017,1369.2150703476927,0.0015257437325110674,0.18137985358773562,0.0070603856466350005,-0.005859375
1786719194.9845805,34.44000099699997,45.0,45.0,44.93655117110629,0.06344882889371206,0.19102779270541131,1368.8711063342685,0.0015503473590217014,0.18139314227938438,0.008097591758654,-0.005859375
1786719195.0069783,34.46000106600013,45.0,45.0,44.93655117110629,0.06344882889371206,0.1773934638418677,1373.2340915706022,0.0015503473590217014,0.18140643097103318,-0.0055500257965384,0.009765625
1786719195.0237443,34.480000878000055,45.0,45.0,44.93655117110629,0.06344882889371206,0.17194770551143954,1374.9767342363393,0.0015503473590217014,0.18141971966268194,-0.01100907281861536,0.009765625
1786719195.049385,34.50000104100013,45.0,45.0,44.94092830548874,0.059071694511260375,0.17670167182477106,1373.4554650160733,0.0014433937895352584,0.18143209160944937,-0.006161441627446144,0.001953125
1786719195.063703,34.52000072300007,45.0,45.0,44.94092830548874,0.059071694511260375,0.17865309624800618,1372.831009200638,0.0014433937895352584,0.1814444635562168,-0.004222389150978458,0.001953125
1786719195.0853422,34.54000077600017,45.0,45.0,44.942366564774204,0.0576334352257959,0.17940594588132044,1372.5900973179776,0.0014082504854950279,0.1814565342746639,-0.003446768160391383,0.001953125
1786719195.107014,34.56000104999998,45.0,45.0,44.942366564774204,0.0576334352257959,0.1762126399960024,1373.6119552012792,0.0014082504854950279,0.18146860499311102,-0.006652144764156553,0.005859375
1786719195.1237931,34.58000106600002,45.0,45.0,44.942366564774204,0.0576334352257959,0.17494256007294343,1374.0183807766582,0.0014082504854950279,0.18148067571155813,-0.00793429540566262,0.005859375
1786719195.1491017,34.60000102599997,45.0,45.0,44.94767740986512,0.052322590134878055,0.18134325210872826,1371.970159325207,0.0012784820594351762,0.18149163412921043,-0.0014159056622650482,-0.001953125
1786719195.1638865,34.620000893,45.0,45.0,44.94767740986512,0.052322590134878055,0.1839615664237396,1371.1322987444032,0.0012784820594351762,0.18150259254686274,0.0011914502350939807,-0.001953125
1786719195.186112,34.64000109300014,45.0,45.0,44.949114818998396,0.050885181001603996,0.18498034466943208,1370.8062897057816,0.001243359528531758,0.18151324991425016,0.002234392594037592,-0.001953125
1786719195.2070005,34.660001016000024,45.0,45.0,44.949114818998396,0.050885181001603996,0.18189255398039694,1371.794382726273,0.001243359528531758,0.1815239072816376,-0.0008640554623849631,0.001953125
1786719195.2237785,34.68000099400001,45.0,45.0,44.949114818998396,0.050885181001603996,0.18066383212521533,1372.1875737199312,0.001243359528531758,0.181534564649025,-0.002103434684953985,0.001953125
1786719195.2493882,34.70000110199999,45.0,45.0,44.95248600162574,0.047513998374256516,0.19064323927242863,1368.994163432823,0.0011609859973852126,0.18154451595757404,0.007947688626018405,-0.009765625
1786719195.2637765,34.720001062000165,45.0,45.0,44.95248600162574,0.047513998374256516,0.1946736399053666,1367.7044352302828,0.0011609859973852126,0.18155446726612307,0.011968137950407364,-0.009765625
1786719195.287443,34.74000133699997,45.0,45.0,44.946672757999806,0.053327242000193564,0.19643381528176168,1367.1411791098362,0.0013030303354756578,0.18156563609757,0.013576317680162944,-0.009765625
1786719195.3070164,34.76000083400004,45.0,45.0,44.946672757999806,0.053327242000193564,0.18302575600511084,1371.4317580783645,0.0013030303354756578,0.18157680492901693,0.00015708957206517823,0.005859375
1786719195.3230977,34.78000084900009,45.0,45.0,44.946672757999806,0.053327242000193564,0.17766923359331865,1373.145845250138,0.0013030303354756578,0.18158797376046384,-0.0052106016711739285,0.005859375
1786719195.3490908,34.800001087000055,45.0,45.0,44.95291960905527,0.04708039094472838,0.17889631156115054,1372.7531803004317,0.0011503909691562874,0.1815978342544852,-0.003842053168469572,0.001953125
1786719195.3637304,34.820001102000106,45.0,45.0,44.95291960905527,0.04708039094472838,0.17945359145625364,1372.5748507339988,0.0011503909691562874,0.18160769474850652,-0.003294633767387829,0.001953125
1786719195.386649,34.84000084000013,45.0,45.0,44.958230357897946,0.041769642102053695,0.17955265363643605,1372.5431508363404,0.0010206248948846752,0.18161644296189125,-0.0030756660069551313,0.001953125
1786719195.4070334,34.86000087299999,45.0,45.0,44.958230357897946,0.041769642102053695,0.18316461395399386,1371.3873235347219,0.0010206248948846752,0.18162519117527598,0.0005275460972179473,-0.001953125
1786719195.4237201,34.88000127800001,45.0,45.0,44.958230357897946,0.041769642102053695,0.1846146470090478,1370.9233129571048,0.0010206248948846752,0.1816339393886607,0.001968830938887179,-0.001953125
1786719195.449089,34.90000114500003,45.0,45.0,44.97641483385348,0.023585166146517622,0.17596651608965688,1373.6907148513098,0.0005762943254412901,0.18163887905430737,-0.006243717624445129,0.0078125
1786719195.4637437,34.92000086400003,45.0,45.0,44.97641483385348,0.023585166146517622,0.1726864363299706,1374.7403403744095,0.0005762943254412901,0.18164381871995403,-0.009528737049778052,0.0078125
1786719195.487449,34.94000080500018,45.0,45.0,44.987445467995684,0.012554532004315888,0.17110783898737406,1375.2454915240403,0.00030676508733124127,0.1816464481349883,-0.01084274481991122,0.0078125
1786719195.5070214,34.96000089500012,45.0,45.0,44.987445467995684,0.012554532004315888,0.17937392779435504,1372.6003431058064,0.00030676508733124127,0.18164907755002258,-0.002579285427964489,-0.001953125
1786719195.5237331,34.980000836000045,45.0,45.0,44.987445467995684,0.012554532004315888,0.18268194096616802,1371.5417788908262,0.00030676508733124127,0.18165170696505684,0.0007260983288142043,-0.001953125
1786719195.5493867,35.000001054999984,45.0,45.0,44.992757019532775,0.0072429804672253795,0.18563475069611754,1370.5968797772423,0.00017697939953500815,0.18165322393133856,0.0038060643315256815,-0.00390625
1786719195.56377,35.02000079300001,45.0,45.0,44.992757019532775,0.0072429804672253795,0.18686825406348384,1370.2021586996852,0.00017697939953500815,0.1816547408976203,0.005038050732610272,-0.00390625
1786719195.587074,35.04000104900001,45.0,45.0,44.98837937009364,0.011620629906360591,0.18746953174489478,1370.0097498416337,0.0002839455542303977,0.18165717471665657,0.0055308452930441085,-0.00390625
1786719195.6062877,35.06000067500008,45.0,45.0,44.98837937009364,0.011620629906360591,0.1841534583881046,1371.0708933158066,0.0002839455542303977,0.18165960853569282,0.0022123381172176435,0.0
1786719195.6239927,35.08000076500002,45.0,45.0,44.98837937009364,0.011620629906360591,0.18282848933681028,1371.4948834122206,0.0002839455542303977,0.1816620423547291,0.0008849352468870575,0.0
1786719195.6493149,35.10000137300017,45.0,45.0,44.986943316826114,0.013056683173886086,0.1858506764085676,1370.5277835492584,0.00031903495508367767,0.1816647769400584,0.0038695990987548225,-0.00390625
1786719195.6637914,35.12000107300014,45.0,45.0,44.986943316826114,0.013056683173886086,0.187047276534644,1370.1448715089139,0.00031903495508367767,0.18166751152538765,0.005063464639501929,-0.00390625
1786719195.687141,35.14000105100013,45.0,45.0,44.98787706298245,0.012122937017551294,0.18750474161354386,1369.998482683666,0.00029621923235544035,0.18167005054737928,0.005541010855800771,-0.00390625
1786719195.7070456,35.1600010300001,45.0,45.0,44.98787706298245,0.012122937017551294,0.18066704912205503,1372.1865442809424,0.00029621923235544035,0.1816725895693709,-0.0012992206576796909,0.00390625
1786719195.7237303,35.18000102700012,45.0,45.0,44.98787706298245,0.012122937017551294,0.17793349553865445,1373.0612814276305,0.00029621923235544035,0.18167512859136253,-0.004035313263071876,0.00390625
1786719195.7490883,35.20000067199999,45.0,45.0,44.991727377416254,0.00827262258374617,0.1802631415887395,1372.3157946916033,0.00020213830260569542,0.18167686120538484,-0.0016141253052287506,0.0
1786719195.7637155,35.22000131699997,45.0,45.0,44.991727377416254,0.00827262258374617,0.18123334938589905,1372.0053281965122,0.00020213830260569542,0.18167859381940718,-0.0006456501220915003,0.0
1786719195.787033,35.240000980000104,45.0,45.0,44.99122444493523,0.008775555064772789,0.18163476103196904,1371.87687646977,0.00021442726139848917,0.181680431767362,-0.00025826004883660014,0.0
1786719195.80699,35.260000773,45.0,45.0,44.99122444493523,0.008775555064772789,0.17827593000922584,1372.9517023970477,0.00021442726139848917,0.18168226971531684,-0.00361892901953464,0.00390625
1786719195.8231313,35.28000101099997,45.0,45.0,44.99122444493523,0.008775555064772789,0.17693350036890146,1373.3812798819515,0.00021442726139848917,0.18168410766327167,-0.004963196607813856,0.00390625
1786719195.8483627,35.30000089700002,45.0,45.0,44.99318953536391,0.006810464636089364,0.17986524006423268,1372.4431231794456,0.00016641104408655555,0.18168553404364954,-0.0019852786431255424,0.0
1786719195.8637605,35.32000098599997,45.0,45.0,44.99318953536391,0.006810464636089364,0.18105783363048586,1372.0614932382446,0.00016641104408655555,0.1816869604240274,-0.000794111457250217,0.0
1786719195.8872697,35.340000687000156,45.0,45.0,44.99218525988479,0.007814740115207996,0.18156026596440458,1371.9007148913906,0.00019095012327728476,0.1816885971393698,-0.0003176445829000868,0.0
1786719195.9070106,35.360001035000096,45.0,45.0,44.99218525988479,0.007814740115207996,0.17647905192948704,1373.5267033825642,0.00019095012327728476,0.1816902338547122,-0.005400495333160034,0.005859375
1786719195.9237132,35.38000095799998,45.0,45.0,44.99218525988479,0.007814740115207996,0.17444754834472545,1374.176784529688,0.00019095012327728476,0.1816918705700546,-0.007433635633264013,0.005859375
1786719195.9483688,35.40000089900013,45.0,45.0,44.99125166963148,0.008748330368518964,0.177174365853325,1373.304202926936,0.00021376203657601068,0.18169370281608238,-0.004731266753305605,0.001953125
1786719195.9637206,35.42000100700011,45.0,45.0,44.99125166963148,0.008748330368518964,0.17825714565133613,1372.9577133915725,0.00021376203657601068,0.1816955350621102,-0.0036503192013222427,0.001953125
1786719195.9871237,35.44000089300016,45.0,45.0,44.98696994532375,0.013030054676249847,0.17879597917972292,1372.7852866624887,0.00031838429814162104,0.18169826407037998,-0.003217940180528897,0.001953125
1786719196.0069952,35.46000124200009,45.0,45.0,44.98696994532375,0.013030054676249847,0.17897165979631005,1372.7290688651808,0.00031838429814162104,0.1817009930786498,-0.0030449885722115587,0.001953125
1786719196.0237205,35.480001147000166,45.0,45.0,44.98696994532375,0.013030054676249847,0.17904356944790678,1372.70605777667,0.00031838429814162104,0.18170372208691957,-0.0029758079288846238,0.001953125
1786719196.0483856,35.50000101500018,45.0,45.0,44.98115468682039,0.018845313179610912,0.17218481428434088,1374.900859429011,0.0004604778689751687,0.1817076690400822,-0.00997938567155385,0.009765625
1786719196.0637252,35.52000082800009,45.0,45.0,44.98115468682039,0.018845313179610912,0.16938733014043583,1375.7960543550605,0.0004604778689751687,0.18171161599324484,-0.012780816768621542,0.009765625
1786719196.0871632,35.54000112200015,45.0,45.0,44.98115468682039,0.018845313179610912,0.16827070465477137,1376.1533745104732,0.0004604778689751687,0.18171556294640748,-0.013901389207448617,0.009765625
1786719196.1063137,35.56000106500005,45.0,45.0,44.98115468682039,0.018845313179610912,0.1730998601324032,1374.608044757631,0.0004604778689751687,0.18171950989957011,-0.009076180682979447,0.00390625
1786719196.1237257,35.58000091500003,45.0,45.0,44.98115468682039,0.018845313179610912,0.1750338904953535,1373.9891550414868,0.0004604778689751687,0.18172345685273275,-0.007146097273191779,0.00390625
1786719196.1483784,35.600000691000105,45.0,45.0,44.97634365904639,0.02365634095360747,0.1759274263975168,1373.7032235527947,0.0005780334540607556,0.18172841142519613,-0.006374063909276712,0.00390625
1786719196.1637354,35.62000087399997,45.0,45.0,44.97634365904639,0.02365634095360747,0.17624119431554622,1373.6028178190252,0.0005780334540607556,0.1817333659976595,-0.006065250563710685,0.00390625
1786719196.1871052,35.640001112000164,45.0,45.0,44.98366352159451,0.016336478405492016,0.17619081624307473,1373.618938802216,0.0003991754708995046,0.18173678750169578,-0.005941725225484275,0.00390625
1786719196.2070875,35.66000120300009,45.0,45.0,44.98366352159451,0.016336478405492016,0.1885483353824016,1369.6645326776315,0.0003991754708995046,0.1817402090057321,0.006412372409806291,-0.009765625
1786719196.2237055,35.68000090500004,45.0,45.0,44.98366352159451,0.016336478405492016,0.19349339594055412,1368.0821132990227,0.0003991754708995046,0.18174363050976838,0.011354011463922516,-0.009765625
1786719196.249064,35.70000112499997,45.0,45.0,44.97937881139467,0.020621188605332463,0.1850312932869103,1370.7899861481887,0.0005038706915729046,0.18174794940141042,0.002783792085569007,0.001953125
1786719196.2637603,35.720000992999985,45.0,45.0,44.97937881139467,0.020621188605332463,0.18160752442721093,1371.8855921832924,0.0005038706915729046,0.1817522682930525,-0.0006442956657723972,0.001953125
1786719196.2871842,35.74000108400014,45.0,45.0,44.97937881139467,0.020621188605332463,0.18024060821831644,1372.3230053701386,0.0005038706915729046,0.18175658718469453,-0.0020155307663089587,0.001953125
1786719196.3070223,35.76000100800002,45.0,45.0,44.97937881139467,0.020621188605332463,0.18848549556974384,1369.684641417682,0.0005038706915729046,0.18176090607633658,0.006225037693476416,-0.0078125
1786719196.3228905,35.780001098000184,45.0,45.0,44.97937881139467,0.020621188605332463,0.19178604184530004,1368.628466609504,0.0005038706915729046,0.18176522496797864,0.009521265077390567,-0.0078125
1786719196.3484008,35.8000009110001,45.0,45.0,44.978352992504284,0.021647007495715798,0.18082922967454065,1372.134646504147,0.0005289361756057861,0.18176975870662668,-0.0014649314690437728,0.005859375
1786719196.3637571,35.82000096500019,45.0,45.0,44.978352992504284,0.021647007495715798,0.17643928479461496,1373.5394288657233,0.0005289361756057861,0.1817742924452747,-0.005859410087617508,0.005859375
1786719196.387085,35.840000889000066,45.0,45.0,44.98366352159451,0.016336478405492016,0.17455626638112723,1374.1419947580393,0.0003991754708995046,0.181777713949311,-0.007617201535047002,0.005859375
1786719196.4070108,35.86000068300018,45.0,45.0,44.98366352159451,0.016336478405492016,0.1826456338061917,1371.5533971820187,0.0003991754708995046,0.18178113545334731,0.0004687443859811985,-0.00390625
1786719196.4237602,35.88000082899998,45.0,45.0,44.98366352159451,0.016336478405492016,0.1858834336786393,1370.5173012228354,0.0003991754708995046,0.1817845569573836,0.003703122754392479,-0.00390625
1786719196.4482594,35.90000092000014,45.0,45.0,44.987445467995684,0.012554532004315888,0.17478350864647182,1374.069277233129,0.00030676508733124127,0.18178718637241786,-0.007307813398243008,0.009765625
1786719196.463725,35.920000714000025,45.0,45.0,44.987445467995684,0.012554532004315888,0.1703817636004519,1375.4778356478555,0.00030676508733124127,0.18178981578745215,-0.011712187859297202,0.009765625
1786719196.486558,35.94000112000003,45.0,45.0,44.99950227403198,0.0004977259680174484,0.1683280398834137,1376.1350272373077,1.2161739680412655e-05,0.1817899200309351,-0.013473937643718882,0.009765625
1786719196.5063996,35.96000091400015,45.0,45.0,44.99950227403198,0.0004977259680174484,0.17113906921312796,1375.235497851799,1.2161739680412655e-05,0.1817900242744181,-0.010663012557487552,0.005859375
1786719196.523715,35.98000069,45.0,45.0,44.99950227403198,0.0004977259680174484,0.17226354349110348,1374.875666082847,1.2161739680412655e-05,0.18179012851790108,-0.00953864252299502,0.005859375
1786719196.5480752,36.00000100200009,45.0,45.0,45.00093662785429,-0.0009366278542870532,0.17267834787281058,1374.7429286807005,-2.288613589247827e-05,0.181789932351022,-0.009088894509198007,0.005859375
1786719196.5637548,36.02000105600018,45.0,45.0,45.00093662785429,-0.0009366278542870532,0.17285805091145032,1374.685423708336,-2.288613589247827e-05,0.18178973618414293,-0.008908995303679203,0.005859375
1786719196.5864723,36.04000096100003,45.0,45.0,44.99850111604266,0.0014988839573391033,0.1729893252068965,1374.6434159337932,3.66246442252454e-05,0.18179005010966487,-0.008837035621471681,0.005859375
1786719196.6063197,36.060001015000125,45.0,45.0,44.99850111604266,0.0014988839573391033,0.18532311050530142,1370.6966046383036,3.66246442252454e-05,0.1817903640351868,0.0034964357514113273,-0.0078125
1786719196.6239145,36.080001106000054,45.0,45.0,44.99850111604266,0.0014988839573391033,0.19025681297997657,1369.1178198464074,3.66246442252454e-05,0.18179067796070877,0.00842982430056453,-0.0078125
1786719196.6483035,36.10000121500002,45.0,45.0,44.99573915596474,0.00426084403525806,0.18350890724119548,1371.2771496828175,0.0001041120602609003,0.18179157034979673,0.0016141172202258124,0.001953125
1786719196.6637998,36.12000143500018,45.0,45.0,44.99573915596474,0.00426084403525806,0.18078351679814794,1372.1492746245926,0.0001041120602609003,0.1817924627388847,-0.001112165611909675,0.001953125
1786719196.6865726,36.1400009890001,45.0,45.0,44.995240705803866,0.0047592941961340784,0.17970607548943185,1372.4940558433818,0.00011629149531103501,0.1817934595231302,-0.00220267874476387,0.001953125
1786719196.7064452,36.16000076400019,45.0,45.0,44.995240705803866,0.0047592941961340784,0.1757552420205357,1373.7583225534286,0.00011629149531103501,0.1817944563073757,-0.006154508997905548,0.005859375
1786719196.723732,36.180000985000106,45.0,45.0,44.995240705803866,0.0047592941961340784,0.17417550670352452,1374.2638378548722,0.00011629149531103501,0.1817954530916212,-0.007735241099162219,0.005859375
1786719196.748045,36.20000096400008,45.0,45.0,44.99623720921977,0.003762790780228897,0.18230892397540646,1371.6611443278698,9.194232345015285e-05,0.18179624116867935,0.0004215285603351125,-0.00390625
1786719196.7640162,36.22000081400006,45.0,45.0,44.99623720921977,0.003762790780228897,0.18557241991626353,1370.6168256267956,9.194232345015285e-05,0.1817970292457375,0.0036842364241340447,-0.00390625
1786719196.7865534,36.240001238000104,45.0,45.0,45.006329618138125,-0.006329618138124715,0.1866316870677252,1370.277860138328,-0.00015466174766592128,0.18179570357361466,0.0049893195696536176,-0.00390625
1786719196.8064258,36.26000071700014,45.0,45.0,45.006329618138125,-0.006329618138124715,0.18891020715381018,1369.5487337107807,-0.00015466174766592128,0.1817943779014918,0.007269165327861447,-0.005859375
1786719196.8227236,36.28000110400012,45.0,45.0,45.006329618138125,-0.006329618138124715,0.18982081978497045,1369.2573376688094,-0.00015466174766592128,0.18179305222936898,0.008181103631144578,-0.005859375
1786719196.8481386,36.30000113900019,45.0,45.0,45.00674415726377,-0.006744157263767647,0.19368976533249177,1368.0192750936026,-0.00016479084933505197,0.18179163973637466,0.012061503952457833,-0.009765625
1786719196.8637626,36.320000730000174,45.0,45.0,45.00674415726377,-0.006744157263767647,0.19524051296802275,1367.5230358502326,-0.00016479084933505197,0.18179022724338037,0.013613664080983133,-0.009765625
1786719196.8865714,36.34000108000009,45.0,45.0,45.004311817662796,-0.004311817662795647,0.19591939779482762,1367.3057927056552,-0.00010535758094600291,0.18178932417840085,0.014234528132393254,-0.009765625
1786719196.9065688,36.36000096700013,45.0,45.0,45.004311817662796,-0.004311817662795647,0.18034652785041214,1372.2891110878682,-0.00010535758094600291,0.1817884211134213,-0.0013374387470426977,0.0078125
1786719196.9237566,36.38000098300017,45.0,45.0,45.004311817662796,-0.004311817662795647,0.1741168380336582,1374.2826118292294,-0.00010535758094600291,0.1817875180484418,-0.007566225498817079,0.0078125
1786719196.948202,36.40000101800001,45.0,45.0,45.01586351694189,-0.015863516941891476,0.1695843465067003,1375.733009117856,-0.0003876188422146715,0.1817841956012228,-0.011815552699526832,0.009765625
1786719196.9637659,36.42000084900019,45.0,45.0,45.01586351694189,-0.015863516941891476,0.1678812931791974,1376.2779861826568,-0.0003876188422146715,0.18178087315400382,-0.013515283579810734,0.009765625
1786719196.9864392,36.440000846999965,45.0,45.0,45.02114774233638,-0.021147742336381725,0.16706896039569297,1376.5379326733782,-0.000516736826386563,0.18177644398120624,-0.014195175931924292,0.009765625
1786719197.006397,36.46000090100006,45.0,45.0,45.02114774233638,-0.021147742336381725,0.17733944928204995,1373.251376229744,-0.000516736826386563,0.18177201480840863,-0.0039202578727697175,-0.001953125
1786719197.0237246,36.480001104000166,45.0,45.0,45.02114774233638,-0.021147742336381725,0.18144498733291417,1371.9376040534676,-0.000516736826386563,0.18176758563561105,0.00018970935089211282,-0.001953125
1786719197.047278,36.50000082500014,45.0,45.0,45.031178000171906,-0.031178000171905754,0.17932383461590592,1372.6163729229102,-0.0007618222600619588,0.18176105573052478,-0.0016819287596431549,0.001953125
1786719197.063903,36.52000106500009,45.0,45.0,45.031178000171906,-0.031178000171905754,0.17856864946660556,1372.8580321706863,-0.0007618222600619588,0.18175452582543855,-0.002430584003857262,0.001953125
1786719197.0859294,36.54000119400007,45.0,45.0,45.03596352569778,-0.03596352569778105,0.17814572501622303,1372.9933679948085,-0.0008787547076726187,0.18174699364222993,-0.002730046101542905,0.001953125
1786719197.105639,36.56000087799998,45.0,45.0,45.03596352569778,-0.03596352569778105,0.17801840799394014,1373.034109441939,-0.0008787547076726187,0.1817394614590213,-0.002849830940617162,0.001953125
1786719197.1237488,36.58000097000013,45.0,45.0,45.03596352569778,-0.03596352569778105,0.17796296187510183,1373.0518521999675,-0.0008787547076726187,0.1817319292758127,-0.002897744876246865,0.001953125
1786719197.1471725,36.60000072800017,45.0,45.0,45.0316768001814,-0.03167680018140118,0.17804100858178745,1373.026877253828,-0.0007740102435265026,0.18172529490229675,-0.002916910450498746,0.001953125
1786719197.1637318,36.620000709000124,45.0,45.0,45.0316768001814,-0.03167680018140118,0.17802670797857076,1373.0314534468573,-0.0007740102435265026,0.1817186605287808,-0.002924576680199498,0.001953125
1786719197.1858487,36.64000081900008,45.0,45.0,45.02208188407653,-0.022081884076527558,0.17825145514165025,1372.9595343546719,-0.0005395622150507587,0.18171403570979464,-0.002927643172079799,0.001953125
1786719197.2057614,36.66000115200018,45.0,45.0,45.02208188407653,-0.022081884076527558,0.17648779122591196,1373.5239068077083,-0.0005395622150507587,0.1817094108908085,-0.00468668226883192,0.00390625
1786719197.2237267,36.680000744000154,45.0,45.0,45.02208188407653,-0.022081884076527558,0.175779550768225,1373.7505437541681,-0.0005395622150507587,0.18170478607182236,-0.005390297907532768,0.00390625
1786719197.2471623,36.70000089100017,45.0,45.0,45.03024439895822,-0.03024439895821729,0.17529403182985856,1373.9059098144453,-0.0007390100789506884,0.18169845169971707,-0.005671744163013108,0.00390625
1786719197.2639127,36.72000124200008,45.0,45.0,45.03024439895822,-0.03024439895821729,0.17517511895556115,1373.9439619342204,-0.0007390100789506884,0.1816921173276118,-0.005784322665205243,0.00390625
1786719197.2858932,36.74000081500003,45.0,45.0,45.0258689058974,-0.0258689058973971,0.1752306666470123,1373.926186672956,-0.0006320966145174209,0.1816866993566302,-0.005829354066082097,0.00390625
1786719197.305753,36.7600011290001,45.0,45.0,45.0258689058974,-0.0258689058973971,0.17696504861567997,1373.3711844429824,-0.0006320966145174209,0.18168128138564862,-0.0040895541264328395,0.001953125
1786719197.3233352,36.780001201999994,45.0,45.0,45.0258689058974,-0.0258689058973971,0.17765555062055807,1373.1502238014214,-0.0006320966145174209,0.18167586341466704,-0.0033936341505731355,0.001953125
1786719197.3474689,36.800000813,45.0,45.0,45.03899254411226,-0.03899254411226139,0.18463907966455445,1370.9154945073426,-0.0009527675898833268,0.18166769683532516,0.003915983839770746,-0.005859375
1786719197.363761,36.82000090400015,45.0,45.0,45.03899254411226,-0.03899254411226139,0.18755476028135012,1369.982476709968,-0.0009527675898833268,0.18165953025598328,0.006839831035908297,-0.005859375
1786719197.3857784,36.84000105200016,45.0,45.0,45.01819177161954,-0.01819177161954144,0.189224391334202,1369.4481947730553,-0.000444508836144603,0.18165572018024492,0.008009369914363318,-0.005859375
1786719197.4057157,36.86000094000019,45.0,45.0,45.01819177161954,-0.01819177161954144,0.17738370930984565,1373.2372130208494,-0.000444508836144603,0.18165191010450654,-0.003827502034254672,0.0078125
1786719197.4237301,36.88000103100012,45.0,45.0,45.01819177161954,-0.01819177161954144,0.17264515045466006,1374.7535518545087,-0.000444508836144603,0.18164810002876816,-0.00856225081370187,0.0078125
1786719197.4475155,36.90000104900014,45.0,45.0,45.02493546062283,-0.024935460622828032,0.17409828645956976,1374.2885483329376,-0.0006092882437176431,0.18164287755810773,-0.006940525325480748,0.00390625
1786719197.46375,36.92000114100006,45.0,45.0,45.02493546062283,-0.024935460622828032,0.1747417541841978,1374.0826386610568,-0.0006092882437176431,0.1816376550874473,-0.0062918351301923,0.00390625
1786719197.485948,36.940000973,45.0,45.0,45.03217520376813,-0.03217520376813354,0.17481910749481477,1374.0578856016593,-0.000786188540555623,0.18163091632852826,-0.006032359052076919,0.00390625
1786719197.505744,36.96000082400019,45.0,45.0,45.03217520376813,-0.03217520376813354,0.17843178416714187,1372.9018290665147,-0.000786188540555623,0.18162417756960922,-0.0024129436208307677,0.0
1786719197.5237474,36.980000935000135,45.0,45.0,45.03217520376813,-0.03217520376813354,0.1798728115807213,1372.4407002941691,-0.000786188540555623,0.18161743881069017,-0.0009651774483323072,0.0
1786719197.547434,37.000001026000064,45.0,45.0,45.03267321095228,-0.03267321095228226,0.18570644817971485,1370.5739365824913,-0.0007983571516423962,0.1816105957493904,0.004887366520667076,-0.005859375
1786719197.5637212,37.020001081000146,45.0,45.0,45.03267321095228,-0.03267321095228226,0.18804062270601482,1369.8270007340752,-0.0007983571516423962,0.18160375268809062,0.0072283841082668296,-0.005859375
1786719197.5858366,37.04000108000014,45.0,45.0,45.027366409561836,-0.02736640956183578,0.18909985629957274,1369.4880459841368,-0.0006686875318246103,0.18159802108067497,0.008164791143306732,-0.005859375
1786719197.605027,37.06000089400004,45.0,45.0,45.027366409561836,-0.02736640956183578,0.18243743750617306,1371.6200199980246,-0.0006686875318246103,0.1815922894732593,0.0015081039573226927,0.001953125
1786719197.6239862,37.08000098600019,45.0,45.0,45.027366409561836,-0.02736640956183578,0.17976903102436378,1372.4739100722036,-0.0006686875318246103,0.18158655786584368,-0.0011545709170709228,0.001953125
1786719197.6476448,37.100001522000184,45.0,45.0,45.031739141689656,-0.031739141689655526,0.18386482096507722,1371.1632572911753,-0.0007755335339380792,0.1815799104355528,0.0030537966331716307,-0.00390625
1786719197.6638005,37.12000105800007,45.0,45.0,45.031739141689656,-0.031739141689655526,0.18554152055488338,1370.6267134224372,-0.0007755335339380792,0.18157326300526191,0.004737143653268652,-0.00390625
1786719197.6860993,37.14000126100018,45.0,45.0,45.0316768001814,-0.03167680018140118,0.18620973522304288,1370.4128847286263,-0.0007740102435265026,0.18156662863174594,0.00541048246130746,-0.00390625
1786719197.7059796,37.160000927000056,45.0,45.0,45.0316768001814,-0.03167680018140118,0.17416774887274242,1374.2663203607224,-0.0007740102435265026,0.18155999425823,-0.0066248695154770155,0.009765625
1786719197.7237802,37.18000066700006,45.0,45.0,45.0316768001814,-0.03167680018140118,0.1693469737085127,1375.808968413276,-0.0007740102435265026,0.18155335988471402,-0.011439010306190805,0.009765625
1786719197.7474725,37.20000079600004,45.0,45.0,45.04226855700165,-0.04226855700164833,0.17770275257659376,1373.13511917549,-0.001032815685643932,0.18154450717883708,-0.0028177916224763227,-0.001953125
1786719197.7636788,37.22000099900015,45.0,45.0,45.04226855700165,-0.04226855700164833,0.18114238734420263,1372.0344360498552,-0.001032815685643932,0.1815356544729601,0.0006306958510094709,-0.001953125
1786719197.7857213,37.240000665000025,45.0,45.0,45.05329524376717,-0.05329524376716677,0.18224349684221783,1371.6820810104903,-0.0013022484711460646,0.18152449234320742,0.002010090840403788,-0.001953125
1786719197.805658,37.26000079300002,45.0,45.0,45.05329524376717,-0.05329524376716677,0.18805753020822286,1369.8215903333687,-0.0013022484711460646,0.18151333021345473,0.007835286336161516,-0.0078125
1786719197.8239012,37.28000070000007,45.0,45.0,45.05329524376717,-0.05329524376716677,0.19037644627677325,1369.0795371914326,-0.0013022484711460646,0.18150216808370204,0.010165364534464608,-0.0078125
1786719197.8474982,37.30000084700009,45.0,45.0,45.058082234987324,-0.058082234987324455,0.19118034716506369,1368.8222889071797,-0.001419216732424202,0.18149000336885268,0.011097395813785842,-0.0078125
1786719197.8637593,37.320000976000074,45.0,45.0,45.058082234987324,-0.058082234987324455,0.19154099496194282,1368.7068816121782,-0.001419216732424202,0.18147783865400335,0.011470208325514337,-0.0078125
1786719197.8852305,37.34000099400009,45.0,45.0,45.05708546833998,-0.0570854683399773,0.19170231085560327,1368.655260526207,-0.0013948611286058198,0.18146588270147243,0.011619333330205735,-0.0078125
1786719197.905761,37.36000082600003,45.0,45.0,45.05708546833998,-0.0570854683399773,0.1847187549049489,1370.8899984304164,-0.0013948611286058198,0.18145392674894154,0.004647733332082294,0.0
1786719197.9237409,37.38000084400005,45.0,45.0,45.05708546833998,-0.0570854683399773,0.18191815895316862,1371.786189134986,-0.0013948611286058198,0.18144197079641064,0.0018590933328329177,0.0
1786719197.9475093,37.40000086200007,45.0,45.0,45.057584049697084,-0.05758404969708408,0.17902075186015917,1372.713359404749,-0.0014070437693846248,0.18142991042124448,-0.0010141751668668328,0.001953125
1786719197.9637504,37.420001231000015,45.0,45.0,45.057584049697084,-0.05758404969708408,0.17785938408511312,1373.0849970927638,-0.0014070437693846248,0.18141785004607833,-0.0021634825667467333,0.001953125
1786719197.985794,37.440000989000055,45.0,45.0,45.06717995929964,-0.0671799592996365,0.1771531284457914,1373.3109988973467,-0.0016415160735882169,0.18140377990830472,-0.0026232055266986933,0.001953125
1786719198.0049937,37.46000087800007,45.0,45.0,45.06717995929964,-0.0671799592996365,0.17343954412403703,1374.499345880308,-0.0016415160735882169,0.18138970977053112,-0.006322719710679476,0.005859375
1786719198.023739,37.48000089600009,45.0,45.0,45.06717995929964,-0.0671799592996365,0.1719456683126711,1374.9773861399453,-0.0016415160735882169,0.1813756396327575,-0.007802525384271791,0.005859375
1786719198.0466826,37.50000100800003,45.0,45.0,45.07872604104935,-0.07872604104935021,0.17984661440632885,1372.4490833899747,-0.001923640072719922,0.18135915128927704,0.0003946148462912833,-0.00390625
1786719198.0636885,37.52000072999999,45.0,45.0,45.07872604104935,-0.07872604104935021,0.18310898215507365,1371.4051257103765,-0.001923640072719922,0.18134266294579657,0.003673470938516513,-0.00390625
1786719198.0851126,37.54000095300012,45.0,45.0,45.08301573300426,-0.08301573300425957,0.18429921930056997,1371.0242498238176,-0.0020284570206331944,0.181325276171334,0.004985013375406605,-0.00390625
1786719198.1042314,37.56000067500008,45.0,45.0,45.08301573300426,-0.08301573300425957,0.18304863700086346,1371.4244361597237,-0.0020284570206331944,0.18130788939687145,0.0037518178501626427,-0.001953125
1786719198.1237266,37.58000108300007,45.0,45.0,45.08301573300426,-0.08301573300425957,0.1825379720163033,1371.5878489547829,-0.0020284570206331944,0.18129050262240887,0.0032585396400650573,-0.001953125
1786719198.1467574,37.60000095400005,45.0,45.0,45.08301573300426,-0.08301573300425957,0.17353421145780168,1374.4690523335034,-0.0020284570206331944,0.1812731158479463,-0.005727834143973977,0.0078125
1786719198.1637402,37.620000750000145,45.0,45.0,45.08301573300426,-0.08301573300425957,0.16992227516972352,1375.6248719456885,-0.0020284570206331944,0.18125572907348372,-0.00932238365758959,0.0078125
1786719198.1856663,37.64000128800012,45.0,45.0,45.079222871429636,-0.07922287142963569,0.1685597456813841,1376.0608813819572,-0.001935779929063806,0.18123913667409175,-0.010760203463035837,0.0078125
1786719198.2051988,37.66000078800016,45.0,45.0,45.079222871429636,-0.07922287142963569,0.1714836503598136,1375.1252318848597,-0.001935779929063806,0.18122254427469978,-0.007819706385214335,0.00390625
1786719198.2237482,37.68000099200003,45.0,45.0,45.079222871429636,-0.07922287142963569,0.17264325679155024,1374.754157826704,-0.001935779929063806,0.1812059518753078,-0.006643507554085734,0.00390625
1786719198.2470694,37.70000175200016,45.0,45.0,45.08114818689191,-0.08114818689190885,0.169534474593071,1375.7489681302172,-0.0019828242606025185,0.18118895623878836,-0.009688653021634294,0.0078125
1786719198.2639282,37.720001233000175,45.0,45.0,45.08114818689191,-0.08114818689190885,0.16829942076953214,1376.1441853537497,-0.0019828242606025185,0.18117196060226892,-0.010906711208653717,0.0078125
1786719198.2851412,37.74000084500017,45.0,45.0,45.0729215653559,-0.07292156535589811,0.1679962161431713,1376.2412108341853,-0.0017818099756361134,0.1811566879453349,-0.011393934483461488,0.0078125
1786719198.3049765,37.760000938000076,45.0,45.0,45.0729215653559,-0.07292156535589811,0.1748173041763142,1374.0584626635796,-0.0017818099756361134,0.18114141528840086,-0.004557573793384595,0.0
1786719198.3237286,37.78000091900003,45.0,45.0,45.0729215653559,-0.07292156535589811,0.1775365757954109,1373.1882957454686,-0.0017818099756361134,0.18112614263146684,-0.001823029517353838,0.0
1786719198.3465397,37.800000698000076,45.0,45.0,45.08795290551939,-0.08795290551938706,0.17473221092131297,1374.0856925051798,-0.0021490949032123164,0.18110772181801074,-0.0042448368069415345,0.00390625
1786719198.3638456,37.82000095700005,45.0,45.0,45.08795290551939,-0.08795290551938706,0.1737450671920218,1374.4015784985531,-0.0021490949032123164,0.18108930100455464,-0.005213559722776614,0.00390625
1786719198.385123,37.84000114300011,45.0,45.0,45.08403163500736,-0.08403163500736355,0.17343497192604632,1374.5008089836651,-0.0020532801893976727,0.1810717014600741,-0.005601048889110645,0.00390625
1786719198.4050844,37.86000090200014,45.0,45.0,45.08403163500736,-0.08403163500736355,0.18029362671503216,1372.3060394511897,-0.0020532801893976727,0.18105410191559357,0.0012752054443557416,-0.00390625
1786719198.4237533,37.88000075400009,45.0,45.0,45.08403163500736,-0.08403163500736355,0.18302652890393817,1371.4315107507398,-0.0020532801893976727,0.18103650237111302,0.0040257071777422965,-0.00390625
1786719198.4468184,37.90000123599998,45.0,45.0,45.086965526651454,-0.08696552665145418,0.1840374415560917,1371.1080187020507,-0.0021249686861182565,0.18101828835380343,0.005125907871096919,-0.00390625
1786719198.4637716,37.920000885000036,45.0,45.0,45.086965526651454,-0.08696552665145418,0.18445930781612394,1370.9730214988404,-0.0021249686861182565,0.18100007433649384,0.005565988148438767,-0.00390625
1786719198.485712,37.940000903000055,45.0,45.0,45.08166334419869,-0.08166334419868804,0.18474668266763022,1370.8810615463583,-0.001995411928239123,0.18098297080568038,0.005742020259375507,-0.00390625
1786719198.505055,37.96000084800016,45.0,45.0,45.08166334419869,-0.08166334419868804,0.18128436698119146,1371.9890025660188,-0.001995411928239123,0.1809658672748669,0.002296808103750203,0.0
1786719198.5237625,37.980001163,45.0,45.0,45.08166334419869,-0.08166334419868804,0.17988917858812786,1372.435462851799,-0.001995411928239123,0.18094876374405344,0.0009187232415000812,0.0
1786719198.5468082,38.000000849000116,60.0,45.7,45.08597656538109,0.6140234346189146,0.016761235365905867,1397.435462851799,0.015003422865905868,0.00012860076742205031,0.0017578124999999998,-0.001953125
1786719198.5637302,38.02000075700016,60.0,46.400000000000006,45.08597656538109,1.3140234346189175,0.034697187802872426,1418.8968999030808,0.032107649535450374,0.00040380919201162495,0.0024609375,-0.001953125
1786719198.5856204,38.04000136800005,60.0,47.10000000000001,45.080177018118036,2.0198229818819726,0.05249958256981789,1413.2001335776583,0.049353585877806264,0.0008268399281071072,0.0027421875,-0.001953125
1786719198.6039865,38.06000077600015,60.0,47.80000000000001,45.080177018118036,2.7198229818819755,0.06310808997545787,1409.8054112078535,0.06645781254735077,0.0013964783213701137,-0.0041765625,0.005859375
1786719198.6240523,38.080001276000075,60.0,48.500000000000014,45.080177018118036,3.4198229818819783,0.07801445503826539,1405.0353743877552,0.08356203921689527,0.0021127243718006444,-0.0069440625,0.005859375
1786719198.64627,38.10000114700006,60.0,49.20000000000002,45.06685817720012,4.1331418227998995,0.11263149343543424,1393.957922100661,0.1009917065636336,0.0029783675709175042,0.0095270625,-0.013671875
1786719198.66382,38.12000099900001,60.0,49.90000000000002,45.06685817720012,4.833141822799902,0.1371898133040956,1386.0992597426894,0.11809593323317809,0.003990618427201888,0.0161155125,-0.013671875
1786719198.6849039,38.14000144400006,60.0,50.60000000000002,45.0193809275689,5.580619072431119,0.15910175888612282,1379.0874371564407,0.13636024795892093,0.005159420552564068,0.018750892499999998,-0.013671875
1786719198.7047722,38.1600009440001,60.0,51.300000000000026,45.0193809275689,6.280619072431122,0.18897581468102947,1369.5277393020706,0.1534644746284654,0.006474830335093771,0.030351919499999998,-0.025390625
1786719198.7231865,38.18000085200015,60.0,52.00000000000003,45.0193809275689,6.980619072431125,0.2120358619331037,1362.1485241814069,0.1705687012980099,0.007936847774790999,0.0349923303,-0.025390625
1786719198.7459655,38.20000085200013,60.0,52.70000000000003,44.93538731441549,7.764612685584538,0.24329968400258822,1352.1441011191719,0.1897252791077972,0.009563064452857832,0.04563755712,-0.03515625
1786719198.7631042,38.220000963000075,60.0,53.400000000000034,44.93538731441549,8.464612685584541,0.2662882180781996,1344.7877702149763,0.20682950577734172,0.011335888788092191,0.04989564784799999,-0.03515625
1786719198.7846956,38.240000964000046,60.0,54.10000000000004,44.841023099176454,9.258976900823583,0.28917425812695297,1337.4642373993752,0.22623948519966078,0.013275084375517854,0.05159888413919999,-0.03515625
1786719198.8046951,38.26000105700018,60.0,54.80000000000004,44.841023099176454,9.958976900823586,0.2965942874004031,1335.089828031871,0.24334371186920528,0.015360887620111043,0.03997549115568,-0.021484375
1786719198.823112,38.28000096400001,60.0,55.50000000000004,44.841023099176454,10.658976900823589,0.31113496012113284,1330.4368127612374,0.26044793853874976,0.017593298521871758,0.035326133962272,-0.021484375
1786719198.845948,38.300000928000145,60.0,56.200000000000045,44.777353617481424,11.422646382518622,0.319620718739138,1327.7213700034758,0.2791079041323574,0.01998565198586339,0.022919516084908803,-0.009765625
1786719198.8631437,38.32000096500019,60.0,56.90000000000005,44.777353617481424,12.122646382518624,0.3341546517217288,1323.0705114490468,0.2962121308019019,0.02252461310702255,0.017956868933963522,-0.009765625
1786719198.8848956,38.340001021000035,60.0,57.60000000000005,44.78594196322237,12.81405803677768,0.3516029277773835,1317.4870631112371,0.3131065045967756,0.025208383146423482,0.015971810073585408,-0.009765625
1786719198.9048061,38.360001077000106,60.0,58.300000000000054,44.78594196322237,13.514058036777685,0.3336828384421778,1323.221491698503,0.3302107312663201,0.028038760842991943,-0.021736275970565835,0.03125
1786719198.9231405,38.38000068800011,60.0,59.00000000000006,44.78594196322237,14.214058036777686,0.33853420839063025,1321.6690533149983,0.34731495793586464,0.031015746196727926,-0.03681951038822634,0.03125
1786719198.9459414,38.40000102199997,60.0,59.70000000000006,44.912971256111234,14.787028743888825,0.3055329029764992,1332.2294710475203,0.3613152734350618,0.03411273425474274,-0.08679811665529052,0.080078125
1786719198.9631522,38.42000087400015,60.0,60.0,44.912971256111234,15.087028743888764,0.2959688313860631,1335.2899739564598,0.36864565629343654,0.03727255416582934,-0.10678955916211622,0.080078125
1786719198.9847052,38.440000689000044,60.0,60.0,45.18960933935816,14.810390660641843,0.28437253074972846,1339.0007901600868,0.3618861127487456,0.04037443513224716,-0.1147861361648465,0.080078125
1786719199.0047145,38.46000096700004,60.0,60.0,45.18960933935816,14.810390660641843,0.23681484341505415,1354.2192501071827,0.3618861127487456,0.04347631609866498,-0.1654457044659386,0.1328125
1786719199.0231202,38.48000085700005,60.0,60.0,45.18960933935816,14.810390660641843,0.21965289706103514,1359.7110729404687,0.3618861127487456,0.0465781970650828,-0.18570953178637545,0.1328125
1786719199.0459876,38.50000113700003,60.0,60.0,45.62299089252832,14.377009107471679,0.15484098807096153,1380.4508838172924,0.35129660372042887,0.049589310811257906,-0.24303381271455016,0.1875
1786719199.063077,38.520001009,60.0,60.0,45.62299089252832,14.377009107471679,0.13492238944586665,1386.8248353773226,0.35129660372042887,0.05260042455743301,-0.2659635250858201,0.1875
1786719199.084677,38.54000086200017,60.0,60.0,46.196906412678175,13.803093587321825,0.11473821660665878,1393.2837706858693,0.33727320208355377,0.05549133771814919,-0.275135410034328,0.1875
1786719199.1042275,38.56000077099998,60.0,60.0,46.196906412678175,13.803093587321825,0.08231975078797177,1403.657679747849,0.33727320208355377,0.05838225087886536,-0.3104447890137312,0.22265625
1786719199.1229784,38.580001031000165,60.0,60.0,46.196906412678175,13.803093587321825,0.07108691235692666,1407.2521880457834,0.33727320208355377,0.06127316403958153,-0.32456854060549245,0.22265625
1786719199.145802,38.60000071800005,60.0,60.0,46.853800950356515,13.146199049643485,0.04524611335174422,1415.5212437274417,0.3212222405543596,0.06402649753004748,-0.33724929124219694,0.23046875
1786719199.162979,38.62000094200016,60.0,60.0,46.853800950356515,13.146199049643485,0.042927146587528275,1416.263313091991,0.3212222405543596,0.06677983102051342,-0.3423215914968788,0.23046875
1786719199.1846259,38.640001443000074,60.0,60.0,47.520339561539856,12.479660438460144,0.02736494927657407,1421.2432162314963,0.30493562985481215,0.06939356499069751,-0.3443505115987515,0.23046875
1786719199.204464,38.660000889,60.0,60.0,47.520339561539856,12.479660438460144,0.037956177706009064,1417.8540231340771,0.30493562985481215,0.07200729896088162,-0.3363730171395006,0.220703125
1786719199.222873,38.680000760999974,60.0,60.0,47.520339561539856,12.479660438460144,0.04376090945989358,1415.9965089728341,0.30493562985481215,0.07462103293106573,-0.3331820193558002,0.220703125
1786719199.2456448,38.70000109600005,60.0,60.0,48.14280661999862,11.857193380001377,0.05353505302612449,1412.86878303164,0.28972589033737883,0.07710439770538612,-0.31081187024232004,0.197265625
1786719199.26297,38.720001190000175,60.0,60.0,48.14280661999862,11.857193380001377,0.06496647744583695,1409.210727217332,0.28972589033737883,0.07958776247970652,-0.301863810596928,0.197265625
1786719199.2844281,38.74000109899998,60.0,60.0,48.69094174281679,11.30905825718321,0.057635598383713404,1411.5566085172118,0.27633242264277813,0.08195632610235891,-0.29828458673877123,0.197265625
1786719199.3043194,38.760001156000044,60.0,60.0,48.69094174281679,11.30905825718321,0.08780303904962855,1401.9030275041189,0.27633242264277813,0.0843248897250113,-0.2704857096955085,0.16796875
1786719199.3227904,38.78000113899998,60.0,60.0,48.69094174281679,11.30905825718321,0.101291153489586,1397.5868308833324,0.27633242264277813,0.0866934533476637,-0.2593661588782034,0.16796875
1786719199.3455036,38.80000073300016,60.0,60.0,49.14975720426,10.850242795740002,0.12326374829342299,1390.5556005461046,0.26512144599704063,0.08896592288478118,-0.22855115105128135,0.138671875
1786719199.362752,38.82000117899997,60.0,60.0,49.14975720426,10.850242795740002,0.13786222096130923,1385.884089292381,0.26512144599704063,0.09123839242189867,-0.21622514792051256,0.138671875
1786719199.3842967,38.840000976000056,60.0,60.0,49.518251958793684,10.481748041206316,0.13606106631061668,1386.4604587806027,0.25611742055692305,0.09343368459810086,-0.21129474666820505,0.138671875
1786719199.4042335,38.86000075600009,60.0,60.0,49.518251958793684,10.481748041206316,0.1648378939877419,1377.2518739239226,0.25611742055692305,0.09562897677430306,-0.184713211167282,0.111328125
1786719199.4227104,38.88000090500009,60.0,60.0,49.518251958793684,10.481748041206316,0.1776658003643133,1373.1469438834197,0.25611742055692305,0.09782426895050524,-0.1740805969669128,0.111328125
1786719199.4454572,38.90000081400012,60.0,60.0,49.81628236487143,10.183717635128573,0.2031990691207059,1364.9762978813742,0.2488351639569658,0.0999571417844221,-0.14346036378676513,0.08203125
1786719199.4627633,38.92000090800002,60.0,60.0,49.81628236487143,10.183717635128573,0.21758003522668184,1360.3743887274618,0.2488351639569658,0.10209001461833896,-0.13121227051470608,0.08203125
1786719199.4841218,38.94000089100018,60.0,60.0,50.04449385020288,9.955506149797117,0.21903588683556144,1359.9085162126203,0.24325890542310488,0.104175090950537,-0.1263130332058824,0.08203125
1786719199.5040073,38.96000078200018,60.0,60.0,50.04449385020288,9.955506149797117,0.23714315809128889,1354.1141894107875,0.24325890542310488,0.10626016728273505,-0.11029083828235298,0.06640625
1786719199.522729,38.98000081999999,60.0,60.0,50.04449385020288,9.955506149797117,0.24563711239289876,1351.3961240342724,0.24325890542310488,0.1083452436149331,-0.10388196031294118,0.06640625
1786719199.5452275,39.000001098999974,60.0,60.0,50.22763654178118,9.77236345821882,0.2528419697562534,1349.090569677999,0.2387838852664968,0.11039196263150308,-0.09428715912517646,0.05859375
1786719199.5627348,39.020001286000024,60.0,60.0,50.22763654178118,9.77236345821882,0.2587266092479293,1347.2074850406625,0.2387838852664968,0.11243868164807304,-0.0904492386500706,0.05859375
1786719199.584596,39.040001213000096,60.0,60.0,50.390205322985366,9.609794677014635,0.2583361917643874,1347.3324186353962,0.23481158057634258,0.11445135233872741,-0.08891407046002825,0.05859375
1786719199.6039145,39.06000088100018,60.0,60.0,50.390205322985366,9.609794677014635,0.2556894922310587,1348.179362486061,0.23481158057634258,0.11646402302938179,-0.0935734406840113,0.064453125
1786719199.6228526,39.08000080900001,60.0,60.0,50.390205322985366,9.609794677014635,0.25583841483211983,1348.1317072537217,0.23481158057634258,0.11847669372003616,-0.09543718877360453,0.064453125
1786719199.6458185,39.10000134699999,60.0,60.0,50.57751901230134,9.422480987698663,0.24549739942926693,1351.4408321826345,0.23023464371867255,0.12045013352333907,-0.10321393800944181,0.072265625
1786719199.6627934,39.12000116400009,60.0,60.0,50.57751901230134,9.422480987698663,0.24436013953823493,1351.8047553477647,0.23023464371867255,0.12242357332664199,-0.10632463770377672,0.072265625
1786719199.6844919,39.140000998000005,60.0,60.0,50.799684806737844,9.200315193262156,0.23966076502628755,1353.3085551915879,0.22480610928115624,0.12435048283476617,-0.10756891758151069,0.072265625
1786719199.7043061,39.1600008150001,60.0,60.0,50.799684806737844,9.200315193262156,0.22526965008331817,1357.9137119733382,0.22480610928115624,0.12627739234289037,-0.12388694203260427,0.08984375
1786719199.7227275,39.180000742000175,60.0,60.0,50.799684806737844,9.200315193262156,0.22066934981100492,1359.3858080604784,0.22480610928115624,0.12820430185101456,-0.1304141518130417,0.08984375
1786719199.74567,39.200001058,60.0,60.0,51.02115262047499,8.978847379525007,0.20051139585528463,1365.8363533263089,0.21939462972948676,0.13008482724869588,-0.14708753572521668,0.10546875
1786719199.7627015,39.22000067099998,60.0,60.0,51.02115262047499,8.978847379525007,0.19572256768809593,1367.3687783398093,0.21939462972948676,0.1319653526463772,-0.15375688929008668,0.10546875
1786719199.7844176,39.24000091300013,60.0,60.0,51.28374167628962,8.716258323710377,0.1885190906146935,1369.6738910032982,0.21297836868435094,0.1337908815208145,-0.15642463071603466,0.10546875
1786719199.8043365,39.260000692000176,60.0,60.0,51.28374167628962,8.716258323710377,0.1787306479187516,1372.8061926659996,0.21297836868435094,0.1356164103952518,-0.16803860228641387,0.1171875
1786719199.822706,39.28000100899999,60.0,60.0,51.28374167628962,8.716258323710377,0.17591058816503718,1373.7086117871881,0.21297836868435094,0.1374419392696891,-0.17268419091456555,0.1171875
1786719199.8455374,39.30000108400009,60.0,60.0,51.58657049217172,8.413429507828283,0.16672056521833223,1376.6494191301338,0.2055788648144694,0.13920404382524168,-0.17630023886582624,0.119140625
1786719199.8627353,39.32000108600005,60.0,60.0,51.58657049217172,8.413429507828283,0.16703625059338056,1376.548399810118,0.2055788648144694,0.14096614838079427,-0.1777466580463305,0.119140625
1786719199.8844926,39.34000092100018,60.0,60.0,51.897964659500076,8.102035340499924,0.16061099258879102,1378.604482371587,0.19797006992652896,0.14266303469445024,-0.1783252257185322,0.119140625
1786719199.9042249,39.360000680999974,60.0,60.0,51.897964659500076,8.102035340499924,0.16207645183356628,1378.1355354132588,0.19797006992652896,0.14435992100810618,-0.1785566527874129,0.119140625
1786719199.9226973,39.38000107200014,60.0,60.0,51.897964659500076,8.102035340499924,0.16368076731966996,1377.6221544577056,0.19797006992652896,0.14605680732176216,-0.17864922361496516,0.119140625
1786719199.9453702,39.40000081400012,60.0,60.0,52.21516604120663,7.784833958793371,0.16989462089858853,1375.6337213124516,0.19021937802281244,0.14768725913338623,-0.16638156444598606,0.10546875
1786719199.9627063,39.42000075999999,60.0,60.0,52.21516604120663,7.784833958793371,0.17643213637780425,1373.5417163591026,0.19021937802281244,0.14931771094501034,-0.16147450077839443,0.10546875
1786719199.98411,39.44000070600009,60.0,60.0,52.50793019265964,7.492069807340357,0.17287183593193758,1374.68101250178,0.18306580029828504,0.1508868463761385,-0.15951167531135776,0.10546875
1786719200.0040145,39.460001077000015,60.0,60.0,52.50793019265964,7.492069807340357,0.18577297654988043,1370.5526475040383,0.18306580029828504,0.1524559818072667,-0.1481796701245431,0.09375
1786719200.0226889,39.48000087600008,60.0,60.0,52.50793019265964,7.492069807340357,0.19187491405573448,1368.600027502165,0.18306580029828504,0.15402511723839485,-0.14364686804981724,0.09375
1786719200.045248,39.50000076800006,60.0,60.0,52.76112565964084,7.23887434035916,0.19082825044682789,1368.9349598570152,0.17687906792835997,0.15554122353492364,-0.1400759347199269,0.091796875
1786719200.0627031,39.52000101099998,60.0,60.0,52.76112565964084,7.23887434035916,0.19377273007531284,1367.9927263759,0.17687906792835997,0.1570573298314524,-0.13864756138797077,0.091796875
1786719200.084009,39.540000958000064,60.0,60.0,53.010466810588724,6.989533189411276,0.1897676320419702,1369.2743577465694,0.1707865142657061,0.15852121423944418,-0.1380762120551883,0.091796875
1786719200.103983,39.560000831000025,60.0,60.0,53.010466810588724,6.989533189411276,0.20728036868307492,1363.670282021416,0.1707865142657061,0.15998509864743596,-0.12202735982207534,0.07421875
1786719200.122766,39.5800010370001,60.0,60.0,53.010466810588724,6.989533189411276,0.2151637939843119,1361.1475859250202,0.1707865142657061,0.1614489830554277,-0.11560781892883015,0.07421875
1786719200.1451397,39.60000092900009,60.0,60.0,53.22267377027333,6.777326229726669,0.22279936305060116,1358.7042038238076,0.16560132006670553,0.16286842294171375,-0.10425094007153207,0.064453125
1786719200.1627183,39.6200010980001,60.0,60.0,53.22267377027333,6.777326229726669,0.22876155447980642,1356.796302566462,0.16560132006670553,0.1642878628279998,-0.09970818852861282,0.064453125
1786719200.1853588,39.64000123000005,60.0,60.0,53.418085893153574,6.581914106846426,0.22898108856365945,1356.7260516596289,0.16082650114710478,0.16566637569497497,-0.09613327541144513,0.0625
1786719200.2027352,39.66000088100009,60.0,60.0,53.418085893153574,6.581914106846426,0.23178956667750167,1355.8273386631995,0.16082650114710478,0.16704488856195016,-0.09470331016457804,0.0625
1786719200.222834,39.68000068000015,60.0,60.0,53.418085893153574,6.581914106846426,0.23374006564322372,1355.2031789941684,0.16082650114710478,0.16842340142892534,-0.09413132406583122,0.0625
1786719200.2452312,39.700001035000014,60.0,60.0,53.60328286586926,6.396717134130739,0.23082215723563682,1356.1369096845963,0.156301285433044,0.16976312673263716,-0.0939025296263325,0.0625
1786719200.2629912,39.72000142600018,60.0,60.0,53.60328286586926,6.396717134130739,0.23225340031514816,1355.6789118991526,0.156301285433044,0.17110285203634895,-0.093811011850533,0.0625
1786719200.2860408,39.740001151000115,60.0,60.0,53.78746070870557,6.2125392912944335,0.22737160655577987,1357.2410859021504,0.15180097175964413,0.1724040032228602,-0.09553221724021321,0.064453125
1786719200.3027477,39.76000113500004,60.0,60.0,53.78746070870557,6.2125392912944335,0.22798427558641904,1357.045031812346,0.15180097175964413,0.17370515440937143,-0.09622069939608528,0.064453125
1786719200.3227324,39.780001008,60.0,60.0,53.78746070870557,6.2125392912944335,0.22901003391058142,1356.716789148614,0.15180097175964413,0.17500630559588268,-0.09649609225843411,0.064453125
1786719200.3458316,39.800000844000124,60.0,60.0,53.98400055208549,6.01599944791451,0.2201252161224861,1359.5599308408046,0.146998597429977,0.1762662935738539,-0.10187968690337364,0.0703125
1786719200.3627377,39.82000088400014,60.0,60.0,53.98400055208549,6.01599944791451,0.21923176624248147,1359.845834802406,0.146998597429977,0.17752628155182512,-0.10403312476134945,0.0703125
1786719200.3850904,39.84000081199997,60.0,60.0,54.19512946574187,5.804870534258129,0.21095590151201465,1362.4941115161553,0.14183974486472928,0.1787420507935228,-0.10841012490453979,0.07421875
1786719200.4026904,39.86000107400014,60.0,60.0,54.19512946574187,5.804870534258129,0.21042087069643614,1362.6653213771403,0.14183974486472928,0.17995782003522046,-0.11016092496181593,0.07421875
1786719200.4227076,39.880000910000035,60.0,60.0,54.19512946574187,5.804870534258129,0.21093631991522332,1362.5003776271285,0.14183974486472928,0.18117358927691815,-0.11086124498472637,0.07421875
1786719200.4450836,39.90000082000006,60.0,60.0,54.41601214371252,5.583987856287479,0.20295915416006263,1365.05307066878,0.13644256287703502,0.1823430969587213,-0.11465699799389054,0.078125
1786719200.4627044,39.92000091500017,60.0,60.0,54.41601214371252,5.583987856287479,0.20261036063820015,1365.164684595776,0.13644256287703502,0.18351260464052446,-0.11617529919755622,0.078125
1786719200.4865322,39.94000127000004,60.0,60.0,54.653537066727154,5.346462933272846,0.19561090659152508,1367.404509890712,0.13063873413002308,0.18463236521878182,-0.11854043217902248,0.080078125
1786719200.5027456,39.960000791000084,60.0,60.0,54.653537066727154,5.346462933272846,0.19578461397719593,1367.3489235272973,0.13063873413002308,0.18575212579703915,-0.11948648537160898,0.080078125
1786719200.5227218,39.98000068200008,60.0,60.0,54.653537066727154,5.346462933272846,0.19652595327841865,1367.111694950906,0.13063873413002308,0.1868718863752965,-0.11986490664864358,0.080078125
1786719200.546456,40.00000068500003,60.0,60.0,54.88465257758469,5.1153474224153115,0.1971205655822124,1366.921419013692,0.12499151686637332,0.18794324223415113,-0.11474283765945745,0.07421875
1786719200.5627074,40.02000092800017,60.0,60.0,54.88465257758469,5.1153474224153115,0.20024074903674144,1365.9229603082426,0.12499151686637332,0.18901459809300578,-0.11269401006378299,0.07421875
1786719200.586525,40.040000968000186,60.0,60.0,55.105529056046976,4.894470943953024,0.19849241792873776,1366.482426262804,0.11959448636124516,0.19003969369038787,-0.11011666652551319,0.072265625
1786719200.6027172,40.06000102600001,60.0,60.0,55.105529056046976,4.894470943953024,0.20054845094142773,1365.8244956987432,0.11959448636124516,0.19106478928776996,-0.10908572911020528,0.072265625
1786719200.622825,40.0800009730001,60.0,60.0,55.105529056046976,4.894470943953024,0.20198592150493302,1365.3645051184214,0.11959448636124516,0.19208988488515208,-0.10867335414408211,0.072265625
1786719200.6474223,40.10000114200011,60.0,60.0,55.31079512983081,4.689204870169192,0.2034338082265271,1364.9011813675113,0.11457888999900788,0.19307198965657216,-0.10323496665763285,0.06640625
1786719200.66277,40.120000793000145,60.0,60.0,55.31079512983081,4.689204870169192,0.2065912679925269,1363.8907942423914,0.11457888999900788,0.19405409442799224,-0.10105961166305313,0.06640625
1786719200.6873188,40.14000159200009,60.0,60.0,55.500806312052646,4.499193687947354,0.21083191571824966,1362.5337869701602,0.1099360409554787,0.19499640335046778,-0.09315821966522125,0.05859375
1786719200.7027674,40.16000113200016,60.0,60.0,55.500806312052646,4.499193687947354,0.21493478143985795,1361.2208699392454,0.1099360409554787,0.19593871227294332,-0.08999766286608851,0.05859375
1786719200.722756,40.18000094900003,60.0,60.0,55.500806312052646,4.499193687947354,0.2171413130819866,1360.5147798137643,0.1099360409554787,0.19688102119541886,-0.08873344014643542,0.05859375
1786719200.7471538,40.20000095199998,60.0,60.0,55.672314449790804,4.327685550209197,0.21439857671583068,1361.3924554509342,0.105745306578986,0.19778740953752444,-0.08822775105857417,0.05859375
1786719200.7627132,40.22000097299997,60.0,60.0,55.672314449790804,4.327685550209197,0.21550724069308078,1361.0376829782142,0.105745306578986,0.19869379787963,-0.08802547542342967,0.05859375
1786719200.787158,40.24000095700012,60.0,60.0,55.81201631919217,4.187983680807833,0.22011222866010122,1359.5640868287676,0.10233174594984311,0.19957092713062866,-0.08091331516937188,0.05078125
1786719200.8027015,40.260000941000044,60.0,60.0,55.81201631919217,4.187983680807833,0.223834222012723,1358.3730489559287,0.10233174594984311,0.20044805638162733,-0.07806845106774876,0.05078125
1786719200.8239217,40.28000077700017,60.0,60.0,55.81201631919217,4.187983680807833,0.22584929690437094,1357.7282249906013,0.10233174594984311,0.20132518563262597,-0.0769305054270995,0.05078125
1786719200.844526,40.30000116800011,60.0,60.0,55.923873742933864,4.076126257066136,0.22444841193970175,1358.1765081792955,0.09959855347791557,0.20217888751957952,-0.0764753271708398,0.05078125
1786719200.8627253,40.320001133999995,60.0,60.0,55.923873742933864,4.076126257066136,0.2254841851291592,1357.845060758669,0.09959855347791557,0.20303258940653307,-0.07629325586833592,0.05078125
1786719200.886512,40.34000097000012,60.0,60.0,56.038679559807264,3.9613204401927367,0.2271211052302788,1357.3212463263108,0.09679331817108011,0.20386224641942804,-0.07270480234733437,0.046875
1786719200.9027011,40.36000069500005,60.0,60.0,56.038679559807264,3.9613204401927367,0.2293861436515744,1356.5964340314963,0.09679331817108011,0.204691903432323,-0.07126942093893374,0.046875
1786719200.9239428,40.38000080899997,60.0,60.0,56.038679559807264,3.9613204401927367,0.23078995322782958,1356.1472149670944,0.09679331817108011,0.20552156044521794,-0.0706952683755735,0.046875
1786719200.94452,40.400000756000054,60.0,60.0,56.15888410881175,3.8411158911882524,0.2306699325476643,1356.1856215847474,0.09385616695267575,0.20632604187624087,-0.0687077948502294,0.044921875
1786719200.9627457,40.42000086899998,60.0,60.0,56.15888410881175,3.8411158911882524,0.23226940338882485,1355.673790915576,0.09385616695267575,0.20713052330726378,-0.06791280544009176,0.044921875
1786719200.9885714,40.44000065,60.0,60.0,56.279025554704646,3.720974445295355,0.22518283376539006,1357.941493195075,0.09092055763416299,0.20790984237269947,-0.0728682471760367,0.05078125
1786719201.0026913,40.460000819000015,60.0,60.0,56.279025554704646,3.720974445295355,0.22397997613644777,1358.3264076363366,0.09092055763416299,0.20868916143813515,-0.07485042387041468,0.05078125
1786719201.0239289,40.48000102600008,60.0,60.0,56.279025554704646,3.720974445295355,0.2239664245241323,1358.3307441522777,0.09092055763416299,0.20946848050357084,-0.07564329454816587,0.05078125
1786719201.0451941,40.50000082600013,60.0,60.0,56.419737975246875,3.580262024753125,0.22099034226678954,1359.2830904746274,0.08748230458248506,0.21021832882856356,-0.07596044281926634,0.05078125
1786719201.0626895,40.520000941000035,60.0,60.0,56.419737975246875,3.580262024753125,0.2216133312833421,1359.0837339893305,0.08748230458248506,0.21096817715355629,-0.07608730212770654,0.05078125
1786719201.0886087,40.540000814999985,60.0,60.0,56.56976196119601,3.430238038803992,0.21864665836846942,1360.03306932209,0.08381652706599574,0.21168660452840768,-0.07613804585108262,0.05078125
1786719201.1026986,40.56000083800018,60.0,60.0,56.56976196119601,3.430238038803992,0.2193447882539704,1359.8096677587296,0.08381652706599574,0.21240503190325905,-0.07615834334043305,0.05078125
1786719201.1239104,40.58000071200013,60.0,60.0,56.7247154836804,3.2752845163196014,0.2162688678161996,1360.793962298816,0.08003029824911378,0.21309100588825147,-0.07616646233617322,0.05078125
1786719201.145199,40.60000103000016,60.0,60.0,56.7247154836804,3.2752845163196014,0.21167815670289597,1362.2629898550733,0.08003029824911378,0.21377697987324387,-0.08144314743446929,0.056640625
1786719201.1626995,40.620000997000034,60.0,60.0,56.7247154836804,3.2752845163196014,0.21025345664856993,1362.7188938724576,0.08003029824911378,0.2144629538582363,-0.0835538214737877,0.056640625
1786719201.1886292,40.6400012040001,60.0,60.0,56.885451563180254,3.114548436819746,0.21319888767820722,1361.7763559429736,0.07610277490948601,0.21511526335746045,-0.07736684108951508,0.048828125
1786719201.202743,40.660001170999976,60.0,60.0,56.885451563180254,3.114548436819746,0.21632598933114044,1360.775683414035,0.07610277490948601,0.2157675728566846,-0.07489204893580603,0.048828125
1786719201.2239265,40.680000730000074,60.0,60.0,57.039937845293366,2.960062154706634,0.21419340371099413,1361.458110812482,0.07232796292863193,0.21638752682464432,-0.07390213207432242,0.048828125
1786719201.2452004,40.70000103000007,60.0,60.0,57.039937845293366,2.960062154706634,0.2169671369235473,1360.5705161844649,0.07232796292863193,0.21700748079260404,-0.07174835282972897,0.046875
1786719201.2629254,40.72000138600015,60.0,60.0,57.039937845293366,2.960062154706634,0.2184486025893444,1360.0964471714099,0.07232796292863193,0.21762743476056376,-0.07088684113189159,0.046875
1786719201.288757,40.74000105699997,60.0,60.0,57.19090776489037,2.809092235109631,0.21396645770062475,1361.5307335358002,0.0686390718928176,0.2182157696625022,-0.07230004895275663,0.048828125
1786719201.3034978,40.760000894000086,60.0,60.0,57.19090776489037,2.809092235109631,0.21398950947421716,1361.5233569682505,0.0686390718928176,0.21880410456444063,-0.07286533208110266,0.048828125
1786719201.3239753,40.780001008,60.0,60.0,57.33208171117087,2.667918288829128,0.21090220087193745,1362.51129572098,0.06518954163993787,0.21936287206421154,-0.07309144533244107,0.048828125
1786719201.3466587,40.80000071600011,60.0,60.0,57.33208171117087,2.667918288829128,0.21488614807117298,1361.2364326172246,0.06518954163993787,0.21992163956398245,-0.06966626563297643,0.044921875
1786719201.363402,40.82000110900003,60.0,60.0,57.33208171117087,2.667918288829128,0.21681498745072975,1360.6192040157664,0.06518954163993787,0.22048040706375333,-0.06829619375319057,0.044921875
1786719201.388534,40.84000066800013,60.0,60.0,57.47184600564225,2.5281539943577513,0.22153794774106156,1359.1078567228603,0.06177445567858446,0.2210099023981412,-0.06071691500127623,0.037109375
1786719201.4033217,40.86000078300003,60.0,60.0,57.47184600564225,2.5281539943577513,0.22509915457621515,1357.9682705356113,0.06177445567858446,0.2215393977325291,-0.0576852035005105,0.037109375
1786719201.4246087,40.88000089800016,60.0,60.0,57.58572750760976,2.414272492390239,0.22405868447788008,1358.3012209670783,0.05899180564555519,0.22204504178091955,-0.0564725189002042,0.037109375
1786719201.446666,40.90000112400003,60.0,60.0,57.58572750760976,2.414272492390239,0.22680721486639305,1357.4216912427542,0.05899180564555519,0.22255068582931,-0.054229632560081675,0.03515625
1786719201.4640768,40.92000085000018,60.0,60.0,57.58572750760976,2.414272492390239,0.22821001345083253,1356.9727956957336,0.05899180564555519,0.22305632987770047,-0.05333247802403267,0.03515625
1786719201.4894767,40.940000946000055,60.0,60.0,57.69615022655054,2.303849773449457,0.22461857079331327,1358.1220573461396,0.05629366962522585,0.22353884704591667,-0.054731428709613075,0.037109375
1786719201.504003,40.96000076400014,60.0,60.0,57.69615022655054,2.303849773449457,0.22454150768729728,1358.1467175400649,0.05629366962522585,0.2240213642141329,-0.05529100898384523,0.037109375
1786719201.5252547,40.98000091600011,60.0,60.0,57.810968568091965,2.1890314319080346,0.22199465140361258,1358.961711550844,0.05348812828301776,0.22447983388513018,-0.055514841093538096,0.037109375
1786719201.5470111,41.00000079000006,60.0,60.0,57.810968568091965,2.1890314319080346,0.22763702573073272,1357.1561517661655,0.05348812828301776,0.22493830355612748,-0.05033093643741524,0.03125
1786719201.5639513,41.020001072000014,60.0,60.0,57.810968568091965,2.1890314319080346,0.23016905726417913,1356.3459016754628,0.05348812828301776,0.22539677322712479,-0.0482573745749661,0.03125
1786719201.589317,41.040000742000075,60.0,60.0,57.91111998971601,2.0888800102839866,0.22900979079910633,1356.716866944286,0.051040967401968,0.22583426723342737,-0.047427949829986445,0.03125
1786719201.6033444,41.06000089400004,60.0,60.0,57.91111998971601,2.0888800102839866,0.2297790547034008,1356.4707024949116,0.051040967401968,0.22627176123972997,-0.047096179931994574,0.03125
1786719201.6255257,41.08000108300007,60.0,60.0,58.01040102869993,1.9895989713000686,0.22792336324780188,1357.0645237607034,0.04861507398086971,0.22668846187385172,-0.046963471972797835,0.03125
1786719201.6471505,41.10000093899998,60.0,60.0,58.01040102869993,1.9895989713000686,0.22839314706560232,1356.9141929390073,0.04861507398086971,0.22710516250797347,-0.04691038878911913,0.03125
1786719201.6632679,41.12000094300015,60.0,60.0,58.01040102869993,1.9895989713000686,0.22883108097319554,1356.7740540885775,0.04861507398086971,0.22752186314209522,-0.04688915551564765,0.03125
1786719201.6892796,41.14000114999999,60.0,60.0,58.10608186733688,1.8939181326631171,0.23219178848530797,1355.6986276847015,0.04627715004947181,0.22791852442823357,-0.04160722470625906,0.025390625
1786719201.7037528,41.16000074600015,60.0,60.0,58.10608186733688,1.8939181326631171,0.23470122209520175,1354.8956089295355,0.04627715004947181,0.2283151857143719,-0.039494452382503625,0.025390625
1786719201.7253113,41.18000112100003,60.0,60.0,58.2053673927054,1.7946326072946022,0.23351698926668815,1355.2745634346597,0.04385114700531769,0.22869105268870318,-0.03864934345300145,0.025390625
1786719201.7472115,41.20000093900012,60.0,60.0,58.2053673927054,1.7946326072946022,0.2324730873128203,1355.6086120598975,0.04385114700531769,0.22906691966303447,-0.04006911238120058,0.02734375
1786719201.763931,41.22000131300001,60.0,60.0,58.2053673927054,1.7946326072946022,0.23228104671587194,1355.670065050921,0.04385114700531769,0.22944278663736575,-0.04063701995248023,0.02734375
1786719201.7891512,41.240000706000046,60.0,60.0,58.295320579068004,1.7046794209319955,0.22495834217712876,1358.0133305033187,0.04165317602075513,0.2297998138604008,-0.04613762048099209,0.033203125
1786719201.8037517,41.26000106100014,60.0,60.0,58.295320579068004,1.7046794209319955,0.2231151291887591,1358.603158659597,0.04165317602075513,0.23015684108343581,-0.04833786069239683,0.033203125
1786719201.8252578,41.28000078700006,60.0,60.0,58.400402317316775,1.5995976826832248,0.22002442908460834,1359.5921826929252,0.03908554477813126,0.23049186003867697,-0.04921795677695873,0.033203125
1786719201.84703,41.300000884000156,60.0,60.0,58.400402317316775,1.5995976826832248,0.22176522210602476,1359.035128926072,0.03908554477813126,0.2308268789939181,-0.047812182710783496,0.03125
1786719201.8637676,41.32000098000003,60.0,60.0,58.400402317316775,1.5995976826832248,0.222662550687736,1358.7479837799244,0.03908554477813126,0.23116189794915926,-0.047249873084313394,0.03125
1786719201.8892846,41.34000103900007,60.0,60.0,58.496140782283476,1.5038592177165242,0.2243987864853013,1358.1923883247036,0.03674621276986742,0.23147686548718666,-0.04350932423372536,0.02734375
1786719201.9037714,41.360000691000096,60.0,60.0,58.496140782283476,1.5038592177165242,0.2262099735635639,1357.6128084596596,0.03674621276986742,0.23179183302521408,-0.04201310469349014,0.02734375
1786719201.9268227,41.38000123200004,60.0,60.0,58.590495818565614,1.4095041814343858,0.22481790044913863,1358.0582718562757,0.034440684301320586,0.232087038890654,-0.04141461687739606,0.02734375
1786719201.9463227,41.40000071700001,60.0,60.0,58.590495818565614,1.4095041814343858,0.22886812644101617,1356.762199538875,0.034440684301320586,0.23238224475609387,-0.037659596750958424,0.0234375
1786719201.9637847,41.42000079500008,60.0,60.0,58.590495818565614,1.4095041814343858,0.23066534035703107,1356.1870910857501,0.034440684301320586,0.23267745062153378,-0.03615758870038337,0.0234375
1786719201.9890928,41.44000076200018,60.0,60.0,58.67064181441191,1.3293581855880916,0.22608738832897046,1357.6520357347295,0.03248234818759004,0.23295587074885596,-0.03907241048015335,0.02734375
1786719202.0037334,41.460000877000084,60.0,60.0,58.67064181441191,1.3293581855880916,0.22519987974438463,1357.936038481797,0.03248234818759004,0.23323429087617814,-0.040238339192061344,0.02734375
1786719202.0273478,41.48000104800008,60.0,60.0,58.74591762072703,1.2540823792729725,0.2231725934527343,1358.584770095125,0.030643013253380723,0.23349694527549283,-0.04070471067682454,0.02734375
1786719202.0470035,41.500000794000016,60.0,60.0,58.74591762072703,1.2540823792729725,0.22852213675814376,1356.872916237394,0.030643013253380723,0.23375959967480753,-0.035617821770729814,0.021484375
1786719202.0638895,41.520001558000104,60.0,60.0,58.74591762072703,1.2540823792729725,0.2308195467198963,1356.1377450496332,0.030643013253380723,0.23402225407412222,-0.03358306620829192,0.021484375
1786719202.089178,41.54000124800018,60.0,60.0,58.81094611844799,1.189053881552013,0.23382278239418727,1355.1767096338601,0.029054067303381805,0.2342712889367226,-0.029253538983316767,0.017578125
1786719202.103719,41.56000082700007,60.0,60.0,58.81094611844799,1.189053881552013,0.2358036281467777,1354.5428389930312,0.029054067303381805,0.23452032379932303,-0.027521728093326703,0.017578125
1786719202.127193,41.58000105400015,60.0,60.0,58.87587477762537,1.12412522237463,0.23515888093120338,1354.749158102015,0.02746756086921101,0.23475576003534485,-0.026829003737330683,0.017578125
1786719202.1470175,41.600000744,60.0,60.0,58.87587477762537,1.12412522237463,0.2339135944096236,1355.1476497889205,0.02746756086921101,0.23499119627136666,-0.028309726494932276,0.01953125
1786719202.163134,41.62000076800018,60.0,60.0,58.87587477762537,1.12412522237463,0.23355674154260475,1355.2618427063665,0.02746756086921101,0.23522663250738846,-0.02890201559797291,0.01953125
1786719202.1891448,41.64000105000014,60.0,60.0,58.93550017350711,1.0644998264928915,0.23385615137109236,1355.1660315612505,0.026010637602893048,0.23544958082969897,-0.027381118739189164,0.017578125
1786719202.2037466,41.66000075900001,60.0,60.0,58.93550017350711,1.0644998264928915,0.23468745843691638,1354.9000133001869,0.026010637602893048,0.23567252915200948,-0.026772759995675667,0.017578125
1786719202.226475,41.68000122700005,60.0,60.0,58.99609091593794,1.0039090840620588,0.23367323912432805,1355.224563480215,0.024530126470588835,0.23588278737890023,-0.02652941649827027,0.017578125
1786719202.2470195,41.700000861000035,60.0,60.0,58.99609091593794,1.0039090840620588,0.23398083475018094,1355.1261328799421,0.024530126470588835,0.23609304560579097,-0.026432079099308108,0.017578125
1786719202.2638907,41.72000114399998,60.0,60.0,58.99609091593794,1.0039090840620588,0.23423002793665657,1355.0463910602698,0.024530126470588835,0.23630330383268172,-0.02639314413972324,0.017578125
1786719202.2891843,41.74000103800017,60.0,60.0,59.055787989282464,0.9442120107175357,0.2329971854702482,1355.4409006495207,0.023071451793455777,0.23650105913376848,-0.026377570155889297,0.017578125
1786719202.3037481,41.76000080200015,60.0,60.0,59.055787989282464,0.9442120107175357,0.23320117036486857,1355.375625483242,0.023071451793455777,0.23669881443485524,-0.026371340562355714,0.017578125
1786719202.3272521,41.78000099200017,60.0,60.0,59.11541751723479,0.8845824827652109,0.23194439327151944,1355.7777941531137,0.021614427561606493,0.23688408095681185,-0.026368848724942284,0.017578125
1786719202.3469918,41.80000077400018,60.0,60.0,59.11541751723479,0.8845824827652109,0.2303728440284414,1356.2806899108987,0.021614427561606493,0.23706934747876848,-0.02812566448997691,0.01953125
1786719202.3638191,41.82000109400019,60.0,60.0,59.11541751723479,0.8845824827652109,0.22985538424438423,1356.446277041797,0.021614427561606493,0.2372546140007251,-0.028828390795990762,0.01953125
1786719202.389082,41.840000876999966,60.0,60.0,59.16612061149908,0.8338793885009183,0.23203627493372994,1355.7483920212064,0.02037551725140115,0.2374292612914514,-0.025593856318396307,0.015625
1786719202.403715,41.86000101100012,60.0,60.0,59.16612061149908,0.8338793885009183,0.23350473601549404,1355.278484475042,0.02037551725140115,0.23760390858217767,-0.024300042527358526,0.015625
1786719202.4270391,41.880000924000115,60.0,60.0,59.216006077202024,0.7839939227979755,0.2329779769470655,1355.447047376939,0.01915658537583127,0.2377681078853991,-0.02378251701094341,0.015625
1786719202.446292,41.900000669000065,60.0,60.0,59.216006077202024,0.7839939227979755,0.23334918645685299,1355.328260333807,0.01915658537583127,0.2379323071886205,-0.023575506804377366,0.015625
1786719202.4637384,41.9200011370001,60.0,60.0,59.216006077202024,0.7839939227979755,0.23359618984270084,1355.2492192503357,0.01915658537583127,0.23809650649184189,-0.023492702721750944,0.015625
1786719202.488426,41.94000079000011,60.0,60.0,59.26542663859766,0.7345733614023402,0.23258593865861976,1355.5724996292417,0.01794901325547829,0.23825035517688883,-0.02345958108870038,0.015625
1786719202.50372,41.96000074000017,60.0,60.0,59.26542663859766,0.7345733614023402,0.23275303599688696,1355.5190284809962,0.01794901325547829,0.23840420386193578,-0.023446332435480152,0.015625
1786719202.5270767,41.9800008740001,60.0,60.0,59.31531364448358,0.6846863555164192,0.23169321463388245,1355.8581713171575,0.016730043746138734,0.2385476042369027,-0.02344103297419206,0.015625
1786719202.5470316,42.0000007860001,60.0,60.0,59.31531364448358,0.6846863555164192,0.2318387347933646,1355.8116048661234,0.016730043746138734,0.2386910046118696,-0.02343891318967682,0.015625
1786719202.5637474,42.02000097600012,60.0,60.0,59.31531364448358,0.6846863555164192,0.2319829830821376,1355.765445413716,0.016730043746138734,0.23883440498683653,-0.023438065275870727,0.015625
1786719202.588471,42.04000111100004,60.0,60.0,59.35538528507726,0.6446147149227386,0.23290540023157721,1355.4702719258953,0.015750908855088976,0.238969412777023,-0.02167991361034829,0.013671875
1786719202.6037352,42.060001005000004,60.0,60.0,59.35538528507726,0.6446147149227386,0.23374366868797264,1355.2020260198487,0.015750908855088976,0.23910442056720949,-0.02097665294413932,0.013671875
1786719202.6272323,42.0800009730001,60.0,60.0,59.39545662772545,0.6045433722745486,0.2331808531337747,1355.382126997192,0.014771781244220943,0.2392310358350171,-0.02069534867765573,0.013671875
1786719202.647173,42.10000134799998,60.0,60.0,59.39545662772545,0.6045433722745486,0.23341999010817577,1355.3056031653837,0.014771781244220943,0.23935765110282467,-0.02058282697106229,0.013671875
1786719202.662863,42.120000852999965,60.0,60.0,59.39545662772545,0.6045433722745486,0.2335916140586207,1355.2506835012414,0.014771781244220943,0.23948426637063228,-0.02053781828842492,0.013671875
1786719202.6885474,42.140001042999984,60.0,60.0,59.43599266939103,0.5640073306089732,0.2362613754495774,1354.3963598561352,0.013781298894315088,0.2396023917897264,-0.01700418981536997,0.009765625
1786719202.7037559,42.16000119600017,60.0,60.0,59.43599266939103,0.5640073306089732,0.2377929522578935,1353.906255277474,0.013781298894315088,0.2397205172088205,-0.015590738426147988,0.009765625
1786719202.7270827,42.18000081200012,60.0,60.0,59.46544357880211,0.534556421197891,0.23775683676097445,1353.917812236488,0.013061677422613131,0.23983247444387149,-0.015025357870459194,0.009765625
1786719202.747067,42.200000946000046,60.0,60.0,59.46544357880211,0.534556421197891,0.23633713371830095,1354.3721172101436,0.013061677422613131,0.2399444316789225,-0.01655701814818368,0.01171875
1786719202.7637365,42.2200008960001,60.0,60.0,59.46544357880211,0.534556421197891,0.23583642684226214,1354.5323434104762,0.013061677422613131,0.24005638891397346,-0.01716968225927347,0.01171875
1786719202.7884665,42.24000090100003,60.0,60.0,59.505851454926045,0.49414854507395495,0.23295815525793623,1355.4533903174604,0.012074326747672167,0.24015988314323922,-0.01917256040370939,0.013671875
1786719202.803737,42.26000103500019,60.0,60.0,59.505851454926045,0.49414854507395495,0.23226049822942763,1355.676640566583,0.012074326747672167,0.24026337737250497,-0.019973711661483755,0.013671875
1786719202.8270848,42.280001040000116,60.0,60.0,59.545586593400344,0.4544134065996559,0.2310726193624263,1356.0567618040236,0.011103414154514815,0.2403585494938294,-0.020294172164593505,0.013671875
1786719202.8470283,42.30000119300007,60.0,60.0,59.545586593400344,0.4544134065996559,0.23455523228250683,1354.9423256695977,0.011103414154514815,0.2404537216151538,-0.016906731365837403,0.009765625
1786719202.863768,42.32000108700004,60.0,60.0,59.545586593400344,0.4544134065996559,0.23600538072333363,1354.4782781685333,0.011103414154514815,0.24054889373647823,-0.01555175504633496,0.009765625
1786719202.8884149,42.34000099900004,60.0,60.0,59.57583932784141,0.42416067215859243,0.23590332961923982,1354.5109345218432,0.010364200401295553,0.2406377297399179,-0.015009764518533987,0.009765625
1786719202.9037166,42.36000087399998,60.0,60.0,59.57583932784141,0.42416067215859243,0.23620896183379989,1354.413132213184,0.010364200401295553,0.2407265657433576,-0.014792968307413595,0.009765625
1786719202.9270554,42.38000091599997,60.0,60.0,59.605626772222706,0.3943732277772938,0.235656671749396,1354.5898650401932,0.009636355829003868,0.24080916307903477,-0.01470624982296544,0.009765625
1786719202.9462876,42.40000073600004,60.0,60.0,59.605626772222706,0.3943732277772938,0.23577395647885244,1354.5523339267672,0.009636355829003868,0.24089176041471197,-0.014671562429186177,0.009765625
1786719202.9637096,42.42000085200016,60.0,60.0,59.605626772222706,0.3943732277772938,0.23587042877204137,1354.5214627929467,0.009636355829003868,0.24097435775038917,-0.014657687471674473,0.009765625
1786719202.9883976,42.4400011350001,60.0,60.0,59.63100328939885,0.36899671060115224,0.23182288580234567,1355.8166765432493,0.00901629054062628,0.24105164024073739,-0.01816776248866979,0.013671875
1786719203.0036848,42.46000084299999,60.0,60.0,59.63100328939885,0.36899671060115224,0.23049613828589577,1356.2412357485134,0.00901629054062628,0.2411289227310856,-0.019571792495467918,0.013671875
1786719203.0270543,42.48000086800016,60.0,60.0,59.66039004084243,0.33960995915757053,0.22929375497670673,1356.6259984074538,0.008298236743808302,0.24120005047460397,-0.02013340449818717,0.013671875
1786719203.0470505,42.50000111400004,60.0,60.0,59.66039004084243,0.33960995915757053,0.2291402379191374,1356.675123865876,0.008298236743808302,0.24127117821812233,-0.02035804929927487,0.013671875
1786719203.0637116,42.520000954000125,60.0,60.0,59.66039004084243,0.33960995915757053,0.22912150774222068,1356.6811175224893,0.008298236743808302,0.2413423059616407,-0.020447907219709946,0.013671875
1786719203.088188,42.54000077400019,60.0,60.0,59.69064076213314,0.3093592378668575,0.2284175277548885,1356.9063911184357,0.007559072181131775,0.24140709800890756,-0.02048385038788398,0.013671875
1786719203.103725,42.56000111399999,60.0,60.0,59.69064076213314,0.3093592378668575,0.22846794253488573,1356.8902583888366,0.007559072181131775,0.24147189005617442,-0.020498227655153592,0.013671875
1786719203.1270912,42.58000113800017,60.0,60.0,59.73024538056194,0.26975461943806067,0.22755926028843482,1357.181036707701,0.006591348794321836,0.24152838733155432,-0.020503978562061438,0.013671875
1786719203.1470447,42.600000978000025,60.0,60.0,59.73024538056194,0.26975461943806067,0.22937126970105157,1356.6011936956634,0.006591348794321836,0.24158488460693422,-0.018748466424824573,0.01171875
1786719203.1627061,42.620000965000145,60.0,60.0,59.73024538056194,0.26975461943806067,0.23012997183132622,1356.3584090139757,0.006591348794321836,0.24164138188231413,-0.018046261569929826,0.01171875
1786719203.1881242,42.640001212000016,60.0,60.0,59.770314329736266,0.22968567026373424,0.22773046942139527,1357.1262497851535,0.005612279667053072,0.24168948713660315,-0.019523192127971933,0.013671875
1786719203.2037325,42.66000112500001,60.0,60.0,59.770314329736266,0.22968567026373424,0.22718780245246745,1357.2999032152104,0.005612279667053072,0.2417375923908922,-0.020113964351188774,0.013671875
1786719203.225754,42.68000070500011,60.0,60.0,59.81038288077622,0.189617119223783,0.226020539418459,1357.6734273860932,0.004633220268042307,0.2417773057074754,-0.02035027324047551,0.013671875
1786719203.2464092,42.700000989000046,60.0,60.0,59.81038288077622,0.189617119223783,0.22948135417932752,1356.5659666626152,0.004633220268042307,0.24181701902405864,-0.016929171796190204,0.009765625
1786719203.2639825,42.720001550999996,60.0,60.0,59.81038288077622,0.189617119223783,0.23088950807362485,1356.11535741644,0.004633220268042307,0.24185673234064187,-0.015560731218476084,0.009765625
1786719203.2883065,42.74000100100011,60.0,60.0,59.85045102404345,0.1495489759565487,0.22873973568605008,1356.803284580464,0.0036541708327986555,0.241888053804923,-0.016771167487390434,0.01171875
1786719203.3037527,42.76000106300012,60.0,60.0,59.85045102404345,0.1495489759565487,0.22828688264276548,1356.9481975543151,0.0036541708327986555,0.24191937526920412,-0.017255341994956173,0.01171875
1786719203.3264844,42.78000077299998,60.0,60.0,59.89539442942697,0.10460557057302822,0.22702635974261895,1357.351564882362,0.0025559962713972875,0.24194128380867325,-0.017449011797982472,0.01171875
1786719203.346415,42.80000096399999,60.0,60.0,59.89539442942697,0.10460557057302822,0.22521298786087757,1357.9318438845191,0.0025559962713972875,0.2419631923481424,-0.019284292219192988,0.013671875
1786719203.363825,42.82000100699997,60.0,60.0,59.89539442942697,0.10460557057302822,0.2245007842318625,1358.159749045804,0.0025559962713972875,0.24198510088761152,-0.020018404387677196,0.013671875
1786719203.3881044,42.84000108700002,60.0,60.0,59.940407340822986,0.05959265917701373,0.2178557374902614,1360.2861640031165,0.0014561233577207854,0.2419975819449634,-0.025585486755070882,0.01953125
1786719203.4037414,42.86000068600015,60.0,60.0,59.940407340822986,0.05959265917701373,0.21564138560065582,1360.9947566077901,0.0014561233577207854,0.2420100630023153,-0.02781231970202835,0.01953125
1786719203.4264195,42.88000085800013,60.0,60.0,59.99029636206723,0.00970363793277329,0.2135441147253916,1361.6658832878747,0.0002371046038876341,0.2420120953274915,-0.02870305288081134,0.01953125
1786719203.4455862,42.900000956999975,60.0,60.0,59.99029636206723,0.00970363793277329,0.21846329127905456,1360.0917467907025,0.0002371046038876341,0.24201412765266767,-0.023785908652324536,0.013671875
1786719203.4637413,42.920001017999994,60.0,60.0,59.99029636206723,0.00970363793277329,0.22043218129562547,1359.4617019854,0.0002371046038876341,0.24201615997784387,-0.021819050960929814,0.013671875
1786719203.4882498,42.94000063600015,60.0,60.0,60.03530936014985,-0.035309360149852864,0.22363670666552954,1358.4362538670305,-0.0008627704279423751,0.2420087648027472,-0.01751668288437193,0.009765625
1786719203.5037994,42.96000084499997,60.0,60.0,60.03530936014985,-0.035309360149852864,0.22535025872105602,1357.887917209262,-0.0008627704279423751,0.24200136962765054,-0.015795735653748772,0.009765625
1786719203.526468,42.980001018000166,60.0,60.0,60.069723802764656,-0.06972380276465628,0.22519033897079488,1357.9390915293457,-0.001703673895356128,0.24198676670854746,-0.015107356761499508,0.009765625
1786719203.5464208,43.000000967999995,60.0,60.0,60.069723802764656,-0.06972380276465628,0.2254510876085915,1357.8556519652507,-0.001703673895356128,0.24197216378944442,-0.014832005204599805,0.009765625
1786719203.5637138,43.02000093700008,60.0,60.0,60.069723802764656,-0.06972380276465628,0.22554662531224837,1357.8250799000805,-0.001703673895356128,0.24195756087034134,-0.014721864581839923,0.009765625
1786719203.5881214,43.040001129000075,60.0,60.0,60.09897135058614,-0.09897135058614026,0.22486142623158212,1358.0443436058938,-0.002418326306023274,0.24193683235914684,-0.014677808332735971,0.009765625
1786719203.6037319,43.06000111599997,60.0,60.0,60.09897135058614,-0.09897135058614026,0.2248583202200292,1358.0453375295906,-0.002418326306023274,0.24191610384795234,-0.01466018583309439,0.009765625
1786719203.6266074,43.080000974000086,60.0,60.0,60.12433931906898,-0.1243393190689801,0.22422478430429651,1358.248069022625,-0.003038182710418062,0.24189006228186302,-0.014653136833237757,0.009765625
1786719203.6465826,43.10000112800003,60.0,60.0,60.12433931906898,-0.1243393190689801,0.22420156233814986,1358.255500051792,-0.003038182710418062,0.24186402071577373,-0.014650317233295101,0.009765625
1786719203.6633449,43.12000100500018,60.0,60.0,60.12433931906898,-0.1243393190689801,0.22417664861203762,1358.263472444148,-0.003038182710418062,0.2418379791496844,-0.01464918939331804,0.009765625
1786719203.6882138,43.14000084400004,60.0,60.0,60.15427306819663,-0.15427306819663045,0.22341963871029827,1358.5057156127045,-0.0037696021820589325,0.2418056682738382,-0.014648738257327215,0.009765625
1786719203.7040055,43.160000943000114,60.0,60.0,60.15427306819663,-0.15427306819663045,0.22338750828884837,1358.5159973475686,-0.0037696021820589325,0.241773357397992,-0.014648557802930888,0.009765625
1786719203.725895,43.180000930000006,60.0,60.0,60.17886853185672,-0.1788685318567218,0.22275428904406822,1358.7186275058982,-0.004370582732751426,0.2417358952602827,-0.014648485621172354,0.009765625
1786719203.7464721,43.20000110299998,60.0,60.0,60.17886853185672,-0.1788685318567218,0.22447466827906232,1358.1681061507002,-0.004370582732751426,0.2416984331225734,-0.012890644248468943,0.0078125
1786719203.7637308,43.22000073800018,60.0,60.0,60.17886853185672,-0.1788685318567218,0.22514034269043437,1357.955090339061,-0.004370582732751426,0.24166097098486405,-0.012187507699387576,0.0078125
1786719203.7873442,43.240000837000025,60.0,60.0,60.20988162516241,-0.20988162516241005,0.22814196734718015,1356.9945704489023,-0.005128375557928887,0.24161701348008183,-0.008390628079755031,0.00390625
1786719203.8037415,43.26000084300017,60.0,60.0,60.20988162516241,-0.20988162516241005,0.22961676169025091,1356.5226362591197,-0.005128375557928887,0.24157305597529957,-0.006871876231902013,0.00390625
1786719203.8257701,43.28000096000005,60.0,60.0,60.228996428264736,-0.2289964282647361,0.22971324217460146,1356.4917625041276,-0.00559543830793731,0.24152509507551725,-0.006264375492760805,0.00390625
1786719203.8457408,43.30000078100011,60.0,60.0,60.228996428264736,-0.2289964282647361,0.2299082815704756,1356.4293498974478,-0.00559543830793731,0.24147713417573494,-0.006021375197104321,0.00390625
1786719203.863737,43.32000100900018,60.0,60.0,60.228996428264736,-0.2289964282647361,0.22995752078895587,1356.413593347534,-0.00559543830793731,0.24142917327595262,-0.0059241750788417286,0.00390625
1786719203.887157,43.340000978000035,60.0,60.0,60.24941379160231,-0.24941379160230778,0.22593392463573536,1357.7011441165646,-0.006094328608680556,0.24137693617359252,-0.009400920031536692,0.0078125
1786719203.9037588,43.36000096600014,60.0,60.0,60.24941379160231,-0.24941379160230778,0.2244909895522973,1358.1628833432649,-0.006094328608680556,0.24132469907123238,-0.010791618012614676,0.0078125
1786719203.9258125,43.380000694000046,60.0,60.0,60.27440314724939,-0.2744031472493873,0.22327186810991523,1358.5530022048272,-0.0067049337562712814,0.24126722821046434,-0.011347897205045872,0.0078125
1786719203.9455752,43.40000099600002,60.0,60.0,60.27440314724939,-0.2744031472493873,0.2194762605721747,1359.767596616904,-0.0067049337562712814,0.2412097573496963,-0.015086033882018346,0.01171875
1786719203.9637327,43.42000078000001,60.0,60.0,60.27440314724939,-0.2744031472493873,0.21792353504061768,1360.2644687870024,-0.0067049337562712814,0.24115228648892822,-0.016581288552807338,0.01171875
1786719203.9875207,43.440001119000044,60.0,60.0,60.31446896012747,-0.31446896012747066,0.21628896981843931,1360.7875296580994,-0.007683926249365981,0.24108642426393367,-0.017179390421122938,0.01171875
1786719204.0037086,43.460001014,60.0,60.0,60.31446896012747,-0.31446896012747066,0.21598386684611853,1360.8851626092421,-0.007683926249365981,0.24102056203893912,-0.017418631168449175,0.01171875
1786719204.0257702,43.48000087300011,60.0,60.0,60.344408040494415,-0.34440804049441454,0.21509075858380217,1361.1709572531834,-0.00841547598775729,0.2409484293876155,-0.01751432746737967,0.01171875
1786719204.0457046,43.50000108400013,60.0,60.0,60.344408040494415,-0.34440804049441454,0.21498034741290634,1361.20628882787,-0.00841547598775729,0.24087629673629185,-0.017552605986951866,0.01171875
1786719204.0637758,43.520000684000024,60.0,60.0,60.344408040494415,-0.34440804049441454,0.2148929033537538,1361.2342709267987,-0.00841547598775729,0.24080416408496821,-0.017567917394780745,0.01171875
1786719204.0874627,43.540001043000075,60.0,60.0,60.37448493380538,-0.37448493380537684,0.21583754149543233,1360.9319867214617,-0.009150393131623582,0.24072573214384002,-0.0158162294579123,0.009765625
1786719204.10378,43.56000088300016,60.0,60.0,60.37448493380538,-0.37448493380537684,0.21645978472905153,1360.7328688867035,-0.009150393131623582,0.2406473002027118,-0.01511555428316492,0.009765625
1786719204.1257987,43.58000079800013,60.0,60.0,60.41022926925885,-0.41022926925884917,0.21578822397818165,1360.947768326982,-0.010023792011264186,0.2405613819854724,-0.014835284213265968,0.009765625
1786719204.145815,43.60000078600001,60.0,60.0,60.41022926925885,-0.41022926925884917,0.21757222628890183,1360.3768875875514,-0.010023792011264186,0.240475463768233,-0.012965363685306389,0.0078125
1786719204.1638582,43.62000084900001,60.0,60.0,60.41022926925885,-0.41022926925884917,0.21823427628284625,1360.1650315894892,-0.010023792011264186,0.2403895455509936,-0.012217395474122556,0.0078125
1786719204.18763,43.640000967000105,60.0,60.0,60.43529127553947,-0.4352912755394698,0.22135079001262714,1359.1677471959592,-0.010636172348717445,0.24029837835943318,-0.008402583189649024,0.00390625
1786719204.2037756,43.660000955999976,60.0,60.0,60.43529127553947,-0.4352912755394698,0.22278554773485612,1358.708624724846,-0.010636172348717445,0.24020721116787275,-0.0068766582758596085,0.00390625
1786719204.225301,43.68000105600004,60.0,60.0,60.44914040278772,-0.44914040278771944,0.22296635249219798,1358.6507672024966,-0.01097457036533091,0.24011314342188422,-0.006266288310343844,0.00390625
1786719204.2457652,43.700001044000146,60.0,60.0,60.44914040278772,-0.44914040278771944,0.22135862023241576,1359.165241525627,-0.01097457036533091,0.24001907567589567,-0.007779952824137537,0.005859375
1786719204.263929,43.720001107000144,60.0,60.0,60.44914040278772,-0.44914040278771944,0.22065908668090972,1359.389092262109,-0.01097457036533091,0.23992500792990715,-0.008385418629655014,0.005859375
1786719204.2875657,43.74000098500005,60.0,60.0,60.46506726671103,-0.4650672667110314,0.22169147841174378,1359.058726908242,-0.011363737066301364,0.23982760446933885,-0.006869792451862006,0.00390625
1786719204.3037415,43.76000108400012,60.0,60.0,60.46506726671103,-0.4650672667110314,0.22220032542229268,1358.8958958648664,-0.011363737066301364,0.23973020100877057,-0.006263541980744802,0.00390625
1786719204.3258064,43.780000999000094,60.0,60.0,60.48013706188465,-0.48013706188464766,0.22197719758943824,1358.9672967713798,-0.01173196162703442,0.2396296413376817,-0.006021041792297921,0.00390625
1786719204.3457792,43.800000857999976,60.0,60.0,60.48013706188465,-0.48013706188464766,0.22021582549372812,1359.530935842007,-0.01173196162703442,0.23952908166659284,-0.0076818542169191685,0.005859375
1786719204.3637474,43.820000902000174,60.0,60.0,60.48013706188465,-0.48013706188464766,0.21945094085279077,1359.775698927107,-0.01173196162703442,0.23942852199550396,-0.008346179186767668,0.005859375
1786719204.387468,43.840000761000056,60.0,60.0,60.500252255936715,-0.5002522559367151,0.22035095678152186,1359.487693829913,-0.012223468539275037,0.23932374940802448,-0.006854096674707068,0.00390625
1786719204.4037378,43.860001064000016,60.0,60.0,60.500252255936715,-0.5002522559367151,0.22084301719886662,1359.3302344963627,-0.012223468539275037,0.23921897682054497,-0.006257263669882827,0.00390625
1786719204.4257808,43.88000088600006,60.0,60.0,60.51502677035998,-0.515026770359981,0.22061596832241964,1359.4028901368256,-0.012584478030172172,0.23911110986600065,-0.006018530467953131,0.00390625
1786719204.444949,43.90000093100002,60.0,60.0,60.51502677035998,-0.515026770359981,0.2170879696486472,1360.5318497124329,-0.012584478030172172,0.2390032429114563,-0.009438662187181252,0.0078125
1786719204.4637275,43.920001030000094,60.0,60.0,60.51502677035998,-0.515026770359981,0.21561205000641162,1361.0041439979482,-0.012584478030172172,0.238895375956912,-0.010806714874872501,0.0078125
1786719204.4875674,43.94000114900018,60.0,60.0,60.53002687319406,-0.5300268731940605,0.21459044032116142,1361.3310590972283,-0.012950999685801561,0.23878436738817654,-0.011353935949949,0.0078125
1786719204.5037591,43.960000821999984,60.0,60.0,60.53002687319406,-0.5300268731940605,0.21426054332239536,1361.4366261368334,-0.012950999685801561,0.2386733588194411,-0.0115728243799796,0.0078125
1786719204.5258117,43.98000103300001,60.0,60.0,60.54968097699728,-0.5496809769972799,0.21358173902959482,1361.6538435105297,-0.013431240037854446,0.2385582339048309,-0.011660379751991839,0.0078125
1786719204.5457249,44.000000892000116,60.0,60.0,60.54968097699728,-0.5496809769972799,0.21694721696617972,1360.5768905708226,-0.013431240037854446,0.23844310899022075,-0.008179776900796736,0.00390625
1786719204.5637307,44.02000080700009,60.0,60.0,60.54968097699728,-0.5496809769972799,0.2182243331920476,1360.1682133785448,-0.013431240037854446,0.23832798407561057,-0.006787535760318695,0.00390625
1786719204.587507,44.04000090700015,60.0,60.0,60.559046206838275,-0.5590462068382749,0.2184372689993247,1360.1000739202161,-0.01366007577215839,0.23821089771184922,-0.006230639304127478,0.00390625
1786719204.6037505,44.06000095100012,60.0,60.0,60.559046206838275,-0.5590462068382749,0.21854294121803985,1360.0662588102273,-0.01366007577215839,0.23809381134808788,-0.006007880721650992,0.00390625
1786719204.626135,44.08000127300011,60.0,60.0,60.575499035193786,-0.5754990351937863,0.2181129398507723,1360.203859247753,-0.01406209420865521,0.23797327911201369,-0.005918777288660396,0.00390625
1786719204.6452472,44.100001021000026,60.0,60.0,60.575499035193786,-0.5754990351937863,0.21802804898789432,1360.2310243238737,-0.01406209420865521,0.2378527468759395,-0.005883135915464159,0.00390625
1786719204.663803,44.120000694000055,60.0,60.0,60.575499035193786,-0.5754990351937863,0.21792177330109863,1360.2650325436484,-0.01406209420865521,0.23773221463986527,-0.005868879366185664,0.00390625
1786719204.68683,44.14000097899998,60.0,60.0,60.58457356523954,-0.5845735652395376,0.22110083608641848,1359.247732452346,-0.014283826806972526,0.23760978183866266,-0.002347551746474266,0.0
1786719204.7037928,44.160001041999976,60.0,60.0,60.58457356523954,-0.5845735652395376,0.22238693433310044,1358.836181013408,-0.014283826806972526,0.23748734903746005,-0.0009390206985897063,0.0
1786719204.7250934,44.180000844999995,60.0,60.0,60.59515399814367,-0.5951539981436724,0.22256938520440273,1358.7777967345912,-0.014542355553621425,0.23736270027557188,-0.00037560827943588257,0.0
1786719204.7450054,44.20000072300013,60.0,60.0,60.59515399814367,-0.5951539981436724,0.2156388514101761,1360.9955675487436,-0.014542355553621425,0.23723805151368368,-0.007181493311774352,0.0078125
1786719204.7637203,44.22000082300019,60.0,60.0,60.59515399814367,-0.5951539981436724,0.2127918486353525,1361.9066084366873,-0.014542355553621425,0.2371134027517955,-0.00990384732470974,0.0078125
1786719204.7866693,44.24000088499997,60.0,60.0,60.61022057240859,-0.6102205724085934,0.2129679249092034,1361.8502640290549,-0.014910501412708185,0.23698559845397227,-0.009234976429883895,0.005859375
1786719204.8037398,44.260000911000134,60.0,60.0,60.61022057240859,-0.6102205724085934,0.21310766896931052,1361.8055459298207,-0.014910501412708185,0.23685779415614908,-0.008967428071953557,0.005859375
1786719204.8255572,44.280001085000094,60.0,60.0,60.62516669853491,-0.6251666985349118,0.2127216812588078,1361.9290619971816,-0.015275704168559829,0.23672685954898998,-0.008860408728781424,0.005859375
1786719204.845028,44.30000090700014,60.0,60.0,60.62516669853491,-0.6251666985349118,0.21439136688891758,1361.3947625955464,-0.015275704168559829,0.2365959249418309,-0.007059788491512569,0.00390625
1786719204.8637526,44.32000084000015,60.0,60.0,60.62516669853491,-0.6251666985349118,0.21498068037666604,1361.206182279467,-0.015275704168559829,0.23646499033467183,-0.006339540396605028,0.00390625
1786719204.8868756,44.34000088400012,60.0,60.0,60.6464931471169,-0.6464931471168995,0.21461674156375185,1361.3226426995993,-0.015796807612277974,0.2363295891265666,-0.00605144115864201,0.00390625
1786719204.9037864,44.36000089100003,60.0,60.0,60.6464931471169,-0.6464931471168995,0.21459658005083182,1361.3290943837337,-0.015796807612277974,0.23619418791846136,-0.0059362014634568045,0.00390625
1786719204.9255762,44.380000954000025,60.0,60.0,60.66293520427678,-0.6629352042767778,0.2141055194742633,1361.4862337682357,-0.016198562858815352,0.23605534309395726,-0.005890105585382721,0.00390625
1786719204.943956,44.40000109100015,60.0,60.0,60.66293520427678,-0.6629352042767778,0.2157429255009888,1360.9622638396836,-0.016198562858815352,0.23591649826945313,-0.004113854734153089,0.001953125
1786719204.9637496,44.42000089400017,60.0,60.0,60.66293520427678,-0.6629352042767778,0.21631458101697654,1360.7793340745675,-0.016198562858815352,0.235777653444949,-0.0034033543936612355,0.001953125
1786719204.9868531,44.4400010490001,60.0,60.0,60.66310459525218,-0.6631045952521788,0.21645579732632766,1360.734144855575,-0.01620270186115683,0.23563877314328194,-0.0031191542574644945,0.001953125
1786719205.00376,44.46000066800002,60.0,60.0,60.66310459525218,-0.6631045952521788,0.2164305970791393,1360.7422089346755,-0.01620270186115683,0.23549989284161488,-0.003005474202985798,0.001953125
1786719205.0255687,44.48000084199998,60.0,60.0,60.67413911021532,-0.6741391102153216,0.21606756473480934,1360.858379284861,-0.01647232592561122,0.2353587014765382,-0.002960002181194319,0.001953125
1786719205.045004,44.50000070300007,60.0,60.0,60.67413911021532,-0.6741391102153216,0.21242893717844927,1362.0227401028963,-0.01647232592561122,0.23521751011146153,-0.006457438372477727,0.005859375
1786719205.0637577,44.520000896000056,60.0,60.0,60.67413911021532,-0.6741391102153216,0.21088877133685924,1362.5155931722052,-0.01647232592561122,0.23507631874638485,-0.00785641284899109,0.005859375
1786719205.0866897,44.54000096000004,60.0,60.0,60.684943849043435,-0.6849438490434353,0.21343960560686107,1361.6993262058045,-0.01673633549992734,0.23493286444209974,-0.004900377639596437,0.001953125
1786719205.1037683,44.56000070900018,60.0,60.0,60.684943849043435,-0.6849438490434353,0.2144785653863338,1361.3668590763732,-0.01673633549992734,0.23478941013781465,-0.003717963555838575,0.001953125
1786719205.125666,44.58000101300013,60.0,60.0,60.69154682471128,-0.6915468247112813,0.2146467355833857,1361.3130446133166,-0.01689767663209352,0.23464457290953955,-0.0032449979223354297,0.001953125
1786719205.1450412,44.600001207000105,60.0,60.0,60.69154682471128,-0.6915468247112813,0.21469108460851186,1361.2988529252762,-0.01689767663209352,0.23449973568126448,-0.0030558116689341722,0.001953125
1786719205.1637573,44.620001123000065,60.0,60.0,60.69154682471128,-0.6915468247112813,0.2146219218815973,1361.320984997889,-0.01689767663209352,0.2343548984529894,-0.0029801371675736692,0.001953125
1786719205.186965,44.6400010750001,60.0,60.0,60.701831265037896,-0.701831265037896,0.2142560581702724,1361.4380613855128,-0.01714897291568755,0.23420790725656923,-0.0029498673670294677,0.001953125
1786719205.203791,44.66000078700017,60.0,60.0,60.701831265037896,-0.701831265037896,0.2141211748940699,1361.4812240338977,-0.01714897291568755,0.23406091606014906,-0.002937759446811787,0.001953125
1786719205.2256818,44.680000758000006,60.0,60.0,60.708085283861635,-0.7080852838616352,0.21382621235779847,1361.5756120455044,-0.01730178742362588,0.23391261502508942,-0.002932916278724715,0.001953125
1786719205.2450151,44.70000093300018,60.0,60.0,60.708085283861635,-0.7080852838616352,0.21367984858997366,1361.6224484512084,-0.01730178742362588,0.23376431399002975,-0.0029309790114898857,0.001953125
1786719205.2639265,44.72000123800012,60.0,60.0,60.708085283861635,-0.7080852838616352,0.21353232246180792,1361.6696568122215,-0.01730178742362588,0.23361601295497011,-0.0029302041045959543,0.001953125
1786719205.2869604,44.74000100600006,60.0,60.0,60.70905015896818,-0.7090501589681821,0.21336075504303414,1361.724558386229,-0.01732536377009757,0.2334675098369407,-0.0029298941418383815,0.001953125
1786719205.303754,44.76000103199999,60.0,60.0,60.70905015896818,-0.7090501589681821,0.21321237591010778,1361.7720397087655,-0.01732536377009757,0.2333190067189113,-0.002929770156735353,0.001953125
1786719205.3248096,44.780000911000116,60.0,60.0,60.705070936838524,-0.7050709368385242,0.21316115312508263,1361.7884309999736,-0.017228133031134515,0.23317133700721587,-0.002929720562694141,0.001953125
1786719205.3450642,44.80000088200018,60.0,60.0,60.705070936838524,-0.7050709368385242,0.2147713157510037,1361.2731789596787,-0.017228133031134515,0.23302366729552043,-0.0011718882250776564,0.0
1786719205.3632865,44.820000890000074,60.0,60.0,60.705070936838524,-0.7050709368385242,0.21532677897435484,1361.0954307282063,-0.017228133031134515,0.232875997583825,-0.0004687552900310626,0.0
1786719205.3860145,44.8400008430001,60.0,60.0,60.711207593215846,-0.7112075932158463,0.21531041563429115,1361.1006669970268,-0.017378079833521402,0.23272704261382338,-0.00018750211601242507,0.0
1786719205.40314,44.860000721999995,60.0,60.0,60.711207593215846,-0.7112075932158463,0.215273961933897,1361.1123321811529,-0.017378079833521402,0.23257808764382176,-7.500084640497003e-05,0.0
1786719205.4247055,44.88000093400001,60.0,60.0,60.71125843281999,-0.7112584328199887,0.2151687652258626,1361.145995127724,-0.01737932207939718,0.23242912202599836,-3.0000338561988012e-05,0.0
1786719205.4439092,44.900000812000144,60.0,60.0,60.71125843281999,-0.7112584328199887,0.21327998731117637,1361.7504040604235,-0.01737932207939718,0.23228015640817495,-0.001769812635424795,0.001953125
1786719205.4631429,44.920000931999994,60.0,60.0,60.71125843281999,-0.7112584328199887,0.21243509677460784,1362.0207690321254,-0.01737932207939718,0.23213119079035155,-0.002465737554169918,0.001953125
1786719205.4860787,44.94000086599999,60.0,60.0,60.70961046184419,-0.7096104618441927,0.21380584121659332,1361.5821308106902,-0.01733905455209026,0.2319825703227622,-0.0009862950216679672,0.0
1786719205.5031548,44.960000745000116,60.0,60.0,60.70961046184419,-0.7096104618441927,0.21424899776200476,1361.4403207161586,-0.01733905455209026,0.23183394985517286,-0.00039451800866718693,0.0
1786719205.5247157,44.980000863999976,60.0,60.0,60.70870432989298,-0.7087043298929814,0.21435922908002436,1361.4050466943922,-0.017316913571681636,0.23168551916741562,-0.0001578072034668748,0.0
1786719205.5447223,45.000000797999974,60.0,60.0,60.70870432989298,-0.7087043298929814,0.21254767021434723,1361.9847455314089,-0.017316913571681636,0.23153708847965834,-0.0018209353813867497,0.001953125
1786719205.5631363,45.020001158000014,60.0,60.0,60.70870432989298,-0.7087043298929814,0.211733988255422,1362.245123758265,-0.017316913571681636,0.2313886577919011,-0.0024861866525547,0.001953125
1786719205.585825,45.04000096300001,60.0,60.0,60.70779748739088,-0.7077974873908772,0.21309942790163983,1361.8081830714752,-0.017294755229239397,0.23124041703279333,-0.00099447466102188,0.0
1786719205.6031861,45.060001156,60.0,60.0,60.70779748739088,-0.7077974873908772,0.21354787193914518,1361.6646809794736,-0.017294755229239397,0.23109217627368558,-0.000397789864408752,0.0
1786719205.6250246,45.08000085000003,60.0,60.0,60.7064358909995,-0.7064358909995008,0.2136715751748406,1361.625095944051,-0.01726148515308149,0.23094422068665918,-0.0001591159457635008,0.0
1786719205.644879,45.10000130200001,60.0,60.0,60.7064358909995,-0.7064358909995008,0.2136190891552723,1361.6418914703129,-0.01726148515308149,0.23079626509963277,-6.364637830540033e-05,0.0
1786719205.663158,45.12000097700002,60.0,60.0,60.7064358909995,-0.7064358909995008,0.21350932139522913,1361.6770171535268,-0.01726148515308149,0.23064830951260637,-2.5458551322160135e-05,0.0
1786719205.6861415,45.14000106000003,60.0,60.0,60.69524408536995,-0.69524408536995,0.2136501083394665,1361.6319653313708,-0.01698801775261103,0.2305026979318697,-1.0183420528864055e-05,0.0
1786719205.7032394,45.160001012000066,60.0,60.0,60.69524408536995,-0.69524408536995,0.21351060681104714,1361.6766058204648,-0.01698801775261103,0.23035708635113303,-4.073368211545622e-06,0.0
1786719205.7248333,45.18000092800003,60.0,60.0,60.69313426197198,-0.6931342619719771,0.2134189919621397,1361.7059225721152,-0.016936465041708693,0.2302119166507755,-1.6293472846182487e-06,0.0
1786719205.7446687,45.200001048000104,60.0,60.0,60.69313426197198,-0.6931342619719771,0.21327479987015296,1361.752064041551,-0.016936465041708693,0.23006674695041798,-6.517389138472995e-07,0.0
1786719205.7630665,45.2200011110001,60.0,60.0,60.69313426197198,-0.6931342619719771,0.21313002121314373,1361.798393211794,-0.016936465041708693,0.22992157725006046,-2.6069556553891985e-07,0.0
1786719205.7858295,45.24000102700006,60.0,60.0,60.69296852240453,-0.6929685224045272,0.2129890577117395,1361.8435015322434,-0.01693241526009473,0.2297764422621168,-1.0427822621556793e-07,0.0
1786719205.8029573,45.260000980000086,60.0,60.0,60.69296852240453,-0.6929685224045272,0.2128439852907316,1361.8899247069658,-0.01693241526009473,0.22963130727417314,-4.1711290486227175e-08,0.0
1786719205.8245714,45.280001099000174,60.0,60.0,60.69313426197198,-0.6931342619719771,0.21269482554794825,1361.9376558246565,-0.016936465041708693,0.2294861375738156,-1.6684516194490873e-08,0.0
1786719205.8445168,45.300000700000055,60.0,60.0,60.69313426197198,-0.6931342619719771,0.21254966585830043,1361.984106925344,-0.016936465041708693,0.2293409678734581,-6.6738064777963484e-09,0.0
1786719205.8629882,45.32000104200006,60.0,60.0,60.69313426197198,-0.6931342619719771,0.21240450016222678,1362.0305599480876,-0.016936465041708693,0.22919579817310057,-2.6695225911185395e-09,0.0
1786719205.8857367,45.340001105000056,60.0,60.0,60.69485149838985,-0.6948514983898519,0.21045955956224494,1362.6529409400816,-0.016978425043046592,0.22905026881558874,-0.0017578135678090363,0.001953125
1786719205.9028573,45.36000111400017,60.0,60.0,60.69485149838985,-0.6948514983898519,0.20961090584541853,1362.924510129466,-0.016978425043046592,0.22890473945807688,-0.0024609379271236147,0.001953125
1786719205.9243946,45.380000955000014,60.0,60.0,60.7055878562617,-0.7055878562617011,0.2089217880318302,1363.1450278298144,-0.01724076375539724,0.22875696148303065,-0.0027421876708494455,0.001953125
1786719205.9439418,45.400000740999985,60.0,60.0,60.7055878562617,-0.7055878562617011,0.21041932265929364,1362.665816749026,-0.01724076375539724,0.2286091835079844,-0.0010968750683397785,0.0
1786719205.9627132,45.42000080499997,60.0,60.0,60.7055878562617,-0.7055878562617011,0.21092966972525126,1362.5025056879197,-0.01724076375539724,0.22846140553293814,-0.0004387500273359114,0.0
1786719205.9855404,45.44000086900019,60.0,60.0,60.70700628994709,-0.7070062899470884,0.21276829539336284,1361.9141454741239,-0.017275422628640926,0.2283133304818355,0.0015823124890656354,-0.001953125
1786719206.002745,45.46000109900001,60.0,60.0,60.70700628994709,-0.7070062899470884,0.21342864534882083,1361.7028334883773,-0.017275422628640926,0.22816525543073288,0.002390737495626254,-0.001953125
1786719206.0242574,45.48000109000009,60.0,60.0,60.70700628994709,-0.7070062899470884,0.21360394030034244,1361.6467391038905,-0.017275422628640926,0.22801718037963023,0.002714107498250502,-0.001953125
1786719206.044206,45.50000093300014,60.0,60.0,60.70700628994709,-0.7070062899470884,0.2135852132502895,1361.6527317599073,-0.017275422628640926,0.2278691053285276,0.0028434554993002005,-0.001953125
1786719206.0627348,45.520001127000114,60.0,60.0,60.70700628994709,-0.7070062899470884,0.21348887739960676,1361.6835592321258,-0.017275422628640926,0.22772103027742496,0.0028951946997200803,-0.001953125
1786719206.0853903,45.540000915000064,60.0,60.0,60.70070383023861,-0.7007038302386094,0.2117576836707142,1362.2375412253714,-0.01712142448659879,0.22757427521039697,0.0011580778798880322,0.0
1786719206.1027682,45.560000887000115,60.0,60.0,60.70070383023861,-0.7007038302386094,0.2109160818757534,1362.506853799759,-0.01712142448659879,0.22742752014336898,0.0004632311519552129,0.0
1786719206.124126,45.580001063000054,60.0,60.0,60.71036919475202,-0.710369194752019,0.21025521870972208,1362.718330012889,-0.017357593894428976,0.22727874076713103,0.00018529246078208516,0.0
1786719206.144097,45.60000068400018,60.0,60.0,60.71036919475202,-0.710369194752019,0.20823745135701488,1363.3640155657552,-0.017357593894428976,0.2271299613908931,-0.001683695515687166,0.001953125
1786719206.1627333,45.62000093400002,60.0,60.0,60.71036919475202,-0.710369194752019,0.20734107679018923,1363.6508554271395,-0.017357593894428976,0.22698118201465511,-0.0024312907062748663,0.001953125
1786719206.185262,45.640000925000095,60.0,60.0,60.7055878562617,-0.7055878562617011,0.20876790197674794,1363.1942713674407,-0.01724076375539724,0.2268334040396089,-0.0009725162825099466,0.0
1786719206.2027605,45.660001156000135,60.0,60.0,60.7055878562617,-0.7055878562617011,0.20920363377120768,1363.0548371932136,-0.01724076375539724,0.22668562606456263,-0.0003890065130039786,0.0
1786719206.2241383,45.68000124000014,60.0,60.0,60.70962581243023,-0.7096258124302325,0.2091905938216949,1363.0590099770577,-0.017339429637666163,0.22653700238195407,-0.00015560260520159147,0.0
1786719206.2439268,45.70000095299997,60.0,60.0,60.70962581243023,-0.7096258124302325,0.21089314420220728,1362.5141938552938,-0.017339429637666163,0.2263883786993455,0.0016955714579193633,-0.001953125
1786719206.262937,45.720001481000054,60.0,60.0,60.70962581243023,-0.7096258124302325,0.2114849901448471,1362.3248031536489,-0.017339429637666163,0.22623975501673693,0.002436041083167745,-0.001953125
1786719206.2857673,45.74000073100001,60.0,60.0,60.70962581243023,-0.7096258124302325,0.21163255431233788,1362.2775826200518,-0.017339429637666163,0.2260911313341284,0.0027322289332670983,-0.001953125
1786719206.3028567,45.760000795999986,60.0,60.0,60.70962581243023,-0.7096258124302325,0.21160240576976908,1362.2872301536738,-0.017339429637666163,0.22594250765151982,0.0028507040733068392,-0.001953125
1786719206.3244107,45.78000067500011,60.0,60.0,60.704680189427904,-0.7046801894279042,0.2116220165101106,1362.2809547167647,-0.01721858527073197,0.22579491977777066,0.0028980941293227356,-0.001953125
1786719206.344311,45.80000090700014,60.0,60.0,60.704680189427904,-0.7046801894279042,0.2114933846587678,1362.3221169091944,-0.01721858527073197,0.22564733190402153,0.0029170501517290946,-0.001953125
1786719206.3627534,45.820001046000016,60.0,60.0,60.704680189427904,-0.7046801894279042,0.2113533791939812,1362.366918657926,-0.01721858527073197,0.2254997440302724,0.0029246325606916376,-0.001953125
1786719206.3855577,45.840000981,60.0,60.0,60.7086542278459,-0.7086542278458978,0.20583828270682447,1364.1317495338162,-0.017315689347724598,0.22535132383586332,-0.0023457719757233445,0.00390625
1786719206.4027107,45.86000082400005,60.0,60.0,60.7086542278459,-0.7086542278458978,0.2035817006978494,1364.8538557766883,-0.017315689347724598,0.22520290364145423,-0.004453933790289338,0.00390625
1786719206.4244945,45.880000667000104,60.0,60.0,60.7157062321713,-0.7157062321712999,0.20241770280553348,1365.2263351022293,-0.017488002319805004,0.22505300647871307,-0.005297198516115736,0.00390625
1786719206.444347,45.90000075000012,60.0,60.0,60.7157062321713,-0.7157062321712999,0.20368831225246176,1364.8197400792124,-0.017488002319805004,0.2249031093159719,-0.003876691906446294,0.001953125
1786719206.4627082,45.92000075999999,60.0,60.0,60.7157062321713,-0.7157062321712999,0.20410661773358837,1364.6858823252517,-0.017488002319805004,0.2247532121532307,-0.003308489262578518,0.001953125
1786719206.485588,45.94000075100007,60.0,60.0,60.71945480963706,-0.7194548096370568,0.20409240660173336,1364.6904298874454,-0.017579597346465938,0.22460252989026103,-0.0030812082050314074,0.001953125
1786719206.5027745,45.96000100100014,60.0,60.0,60.71945480963706,-0.7194548096370568,0.20403263676178252,1364.7095562362297,-0.017579597346465938,0.2244518476272913,-0.0029902957820125632,0.001953125
1786719206.52437,45.98000108400015,60.0,60.0,60.71576748848719,-0.7157674884871881,0.20400841772052142,1364.717306329433,-0.017489499093964852,0.22430193763505735,-0.0029539308128050256,0.001953125
1786719206.5442374,46.000000853000074,60.0,60.0,60.71576748848719,-0.7157674884871881,0.20738867871597047,1363.6356228108893,-0.017489499093964852,0.22415202764282335,0.0005762401748779896,-0.001953125
1786719206.5627232,46.02000099200018,60.0,60.0,60.71576748848719,-0.7157674884871881,0.2086508371188097,1363.231732121981,-0.017489499093964852,0.2240021176505894,0.001988308569951196,-0.001953125
1786719206.5854592,46.04000109399999,60.0,60.0,60.715024651650054,-0.7150246516500545,0.21084171791266332,1362.5306502679477,-0.017471348165906536,0.22385236323773874,0.0043109484279804785,-0.00390625
1786719206.6027038,46.060000788000025,60.0,60.0,60.715024651650054,-0.7150246516500545,0.2116210194430244,1362.2812737782322,-0.017471348165906536,0.22370260882488813,0.005240004371192191,-0.00390625
1786719206.6265848,46.08000098299999,60.0,60.0,60.71508650280177,-0.7150865028017677,0.2083257510987175,1363.3357596484104,-0.017472859474647502,0.2235528414579626,0.0020960017484768765,0.0
1786719206.642925,46.10000102900017,60.0,60.0,60.71508650280177,-0.7150865028017677,0.20691838268270585,1363.7861175415342,-0.017472859474647502,0.22340307409103702,0.0008384006993907507,0.0
1786719206.66277,46.12000092800008,60.0,60.0,60.71508650280177,-0.7150865028017677,0.20626557489614583,1363.9950160332332,-0.017472859474647502,0.22325330672411148,0.0003353602797563003,0.0
1786719206.6853445,46.140001343999984,60.0,60.0,60.71486139158253,-0.7148613915825309,0.2041622793661089,1364.668070602845,-0.017467358969905096,0.22310358650436943,-0.0016236683880974797,0.001953125
1786719206.7028534,46.160000928000045,60.0,60.0,60.71486139158253,-0.7148613915825309,0.20322894767922534,1364.966736742648,-0.017467358969905096,0.22295386628462738,-0.002407279855238992,0.001953125
1786719206.7241447,46.18000099300002,60.0,60.0,60.714924489439,-0.7149244894389994,0.20276424110114183,1365.1154428476345,-0.017468900741389955,0.22280413284970116,-0.002720724442095597,0.001953125
1786719206.7439148,46.200001058,60.0,60.0,60.714924489439,-0.7149244894389994,0.20600475483147296,1364.0784784539287,-0.017468900741389955,0.22265439941477497,0.0006695227231617612,-0.001953125
1786719206.762771,46.22000108600014,60.0,60.0,60.714924489439,-0.7149244894389994,0.2072111202626497,1363.6924415159522,-0.017468900741389955,0.22250466597984878,0.0020256215892647048,-0.001953125
1786719206.7851217,46.24000074300011,60.0,60.0,60.71463424695463,-0.7146342469546312,0.21112654333593864,1362.4395061324997,-0.017461808779616003,0.22235499333316633,0.006083686135705881,-0.005859375
1786719206.8027022,46.260000808000086,60.0,60.0,60.71463424695463,-0.7146342469546312,0.21260009650783268,1361.9679691174936,-0.017461808779616003,0.2222053206864839,0.007706911954282351,-0.005859375
1786719206.8239377,46.28000109499999,60.0,60.0,60.70435278414783,-0.7043527841478294,0.21335093771764088,1361.727699930355,-0.017210585250555962,0.22205780138433628,0.00835620228171294,-0.005859375
1786719206.843893,46.30000106800003,60.0,60.0,60.70435278414783,-0.7043527841478294,0.2117053220464655,1362.254296945131,-0.017210585250555962,0.2219102820821887,0.006858105912685176,-0.00390625
1786719206.8629868,46.320001188000106,60.0,60.0,60.70435278414783,-0.7043527841478294,0.2109585641967068,1362.493259457054,-0.017210585250555962,0.22176276278004106,0.006258867365074071,-0.00390625
1786719206.8852026,46.340000846000066,60.0,60.0,60.69895358406046,-0.6989535840604617,0.20542983932141268,1364.262451417148,-0.01707865790465802,0.22161637428371542,0.0007457344460296284,0.001953125
1786719206.9028518,46.36000078100005,60.0,60.0,60.69895358406046,-0.6989535840604617,0.20307819765746926,1365.0149767496098,-0.01707865790465802,0.2214699857873898,-0.0014595187215881485,0.001953125
1786719206.9260588,46.38000132700017,60.0,60.0,60.69901790191042,-0.6990179019104232,0.20380594881254704,1364.782096379985,-0.017080229486207504,0.22132358382036518,-0.0005838074886352594,0.0
1786719206.942736,46.40000102199997,60.0,60.0,60.69901790191042,-0.6990179019104232,0.2040098313387036,1364.716853971615,-0.017080229486207504,0.22117718185334054,-0.0002335229954541038,0.0
1786719206.9627104,46.42000106800015,60.0,60.0,60.69901790191042,-0.6990179019104232,0.2040035431689514,1364.7188661859354,-0.017080229486207504,0.22103077988631592,-9.340919818164151e-05,0.0
1786719206.9858334,46.440001300000176,60.0,60.0,60.70390017009518,-0.7039001700951815,0.20555170290413058,1364.2234550706783,-0.01719952580291266,0.22088335537943382,0.0017204488207273431,-0.001953125
1786719207.0027084,46.460000734999994,60.0,60.0,60.70390017009518,-0.7039001700951815,0.20612982160481208,1364.03845708646,-0.01719952580291266,0.2207359308725517,0.0024459920282909374,-0.001953125
1786719207.0257752,46.48000093100018,60.0,60.0,60.6940713158757,-0.6940713158757035,0.2100284035959152,1362.7909108493072,-0.016959361587952863,0.22059056491608353,0.006251834311316375,-0.005859375
1786719207.0426972,46.500000923000016,60.0,60.0,60.6940713158757,-0.6940713158757035,0.21140537455265723,1362.3502801431496,-0.016959361587952863,0.22044519895961534,0.00777417122452655,-0.005859375
1786719207.0629299,46.52000106300011,60.0,60.0,60.6940713158757,-0.6940713158757035,0.2118689433614731,1362.2019381243285,-0.016959361587952863,0.22029983300314718,0.008383105989810619,-0.005859375
1786719207.0865366,46.54000064700017,60.0,60.0,60.688671645990865,-0.6886716459908655,0.20858346513633427,1363.253291156373,-0.01682742276273717,0.22015559795089512,0.005111054895924248,-0.001953125
1786719207.1028087,46.56000088000019,60.0,60.0,60.688671645990865,-0.6886716459908655,0.20713040964652765,1363.7182689131112,-0.01682742276273717,0.2200113628986431,0.0038022344583696997,-0.001953125
1786719207.1265323,46.58000103900008,60.0,60.0,60.678098364543956,-0.6780983645439562,0.20320537542283781,1364.9742798646919,-0.01656906875915314,0.2198693423092789,-0.00023691871665211994,0.001953125
1786719207.1427066,46.60000078999997,60.0,60.0,60.678098364543956,-0.6780983645439562,0.2014476935634649,1365.5367380596913,-0.01656906875915314,0.21972732171991474,-0.0018525799866608477,0.001953125
1786719207.1627162,46.62000085600016,60.0,60.0,60.678098364543956,-0.6780983645439562,0.20065940846609726,1365.7889892908488,-0.01656906875915314,0.21958530113055055,-0.002498844494664339,0.001953125
1786719207.1864734,46.64000107000015,60.0,60.0,60.68259242404264,-0.6825924240426389,0.19839125898448612,1366.5147971249644,-0.016678879348198693,0.219442339307566,-0.004515162797865736,0.00390625
1786719207.202717,46.66000119199998,60.0,60.0,60.68259242404264,-0.6825924240426389,0.197441769840221,1366.8186336511294,-0.016678879348198693,0.21929937748458145,-0.005321690119146294,0.00390625
1786719207.2251444,46.68000066500008,60.0,60.0,60.68828415849427,-0.6882841584942696,0.20035274677986203,1365.8871210304442,-0.016817954657060902,0.21915522358752093,-0.0021286760476585177,0.0
1786719207.2427115,46.70000102800009,60.0,60.0,60.68828415849427,-0.6882841584942696,0.2014857985113966,1365.5245444763532,-0.016817954657060902,0.21901106969046044,-0.0008514704190634071,0.0
1786719207.2629237,46.72000118599999,60.0,60.0,60.68828415849427,-0.6882841584942696,0.20185252686577418,1365.4071914029523,-0.016817954657060902,0.21886691579339992,-0.0003405881676253629,0.0
1786719207.2858298,46.74000091900007,60.0,60.0,60.68828415849427,-0.6882841584942696,0.20718616336928888,1363.7004277218275,-0.016817954657060902,0.2187227618963394,0.005137202232949854,-0.005859375
1786719207.3028295,46.760000782000134,60.0,60.0,60.68828415849427,-0.6882841584942696,0.20923312563245844,1363.0453997976133,-0.016817954657060902,0.21857860799927892,0.007328318393179941,-0.005859375
1786719207.3264709,46.78000077399997,60.0,60.0,60.68265879409046,-0.6826587940904574,0.2065872467821494,1363.8920810297122,-0.016680501074401485,0.21843563227578405,0.004689139857271976,-0.001953125
1786719207.3427157,46.800001043000066,60.0,60.0,60.68265879409046,-0.6826587940904574,0.20538859964429135,1364.2756481138267,-0.016680501074401485,0.2182926565522892,0.0036334684429087907,-0.001953125
1786719207.3627481,46.82000112800006,60.0,60.0,60.68265879409046,-0.6826587940904574,0.2048233553550512,1364.4565262863837,-0.016680501074401485,0.21814968082879432,0.003211199877163516,-0.001953125
1786719207.3864303,46.840000935000035,60.0,60.0,60.687831421936295,-0.6878314219362949,0.20262726856361196,1365.1592740596443,-0.016806892216047774,0.21800562175265675,0.0012844799508654066,0.0
1786719207.4027052,46.8600009270001,60.0,60.0,60.687831421936295,-0.6878314219362949,0.20171252151695512,1365.4519931145744,-0.016806892216047774,0.2178615626765192,0.0005137919803461626,0.0
1786719207.4271746,46.880001011000104,60.0,60.0,60.692259068244795,-0.6922590682447947,0.19763637444393398,1366.7563601779411,-0.016915080024723705,0.21771657627630728,-0.0033101082078615352,0.00390625
1786719207.442718,46.90000115099997,60.0,60.0,60.692259068244795,-0.6922590682447947,0.19596182796843897,1367.2922150500995,-0.016915080024723705,0.21757158987609534,-0.004839668283144614,0.00390625
1786719207.4627495,46.92000092100011,60.0,60.0,60.692259068244795,-0.6922590682447947,0.1952050175381138,1367.5343943878036,-0.016915080024723705,0.21742660347588344,-0.0054514923132578455,0.00390625
1786719207.4880157,46.940001060999975,60.0,60.0,60.7020879350209,-0.7020879350208986,0.19809076200408055,1366.6109561586943,-0.01715524454649976,0.21727955852262773,-0.0021805969253031383,0.0
1786719207.5027993,46.96000107200007,60.0,60.0,60.7020879350209,-0.7020879350208986,0.19925207520600674,1366.2393359340779,-0.01715524454649976,0.217132513569372,-0.0008722387701212554,0.0
1786719207.5278745,46.98000102700007,60.0,60.0,60.697139678789256,-0.697139678789256,0.203264907223688,1364.9552296884199,-0.01703433583763547,0.21698650497647798,0.003166729491951498,-0.00390625
1786719207.5427027,47.00000109300004,60.0,60.0,60.697139678789256,-0.697139678789256,0.2047344859356231,1364.4849645006007,-0.01703433583763547,0.21684049638358396,0.004782316796780599,-0.00390625
1786719207.5639207,47.02000104800004,60.0,60.0,60.697139678789256,-0.697139678789256,0.20523471226466072,1364.3248920753085,-0.01703433583763547,0.21669448779068995,0.005428551718712239,-0.00390625
1786719207.5853322,47.04000092900014,60.0,60.0,60.691737212106375,-0.691737212106375,0.2019635798044232,1365.3716544625845,-0.01690232867375167,0.21654961068777207,0.002171420687484896,0.0
1786719207.602714,47.060001087000046,60.0,60.0,60.691737212106375,-0.691737212106375,0.20051585028901436,1365.8349279075155,-0.01690232867375167,0.2164047335848542,0.0008685682749939585,0.0
1786719207.6287868,47.08000104200005,60.0,60.0,60.696685757481674,-0.6966857574816743,0.19972891644712348,1366.0867467369205,-0.017023244447728306,0.21625882006101654,0.00034742730999758346,0.0
1786719207.6429067,47.10000144100013,60.0,60.0,60.696685757481674,-0.6966857574816743,0.19937454653728728,1366.200145108068,-0.017023244447728306,0.21611290653717888,0.00013897092399903338,0.0
1786719207.6640046,47.120000895999965,60.0,60.0,60.69099238433196,-0.6909923843319632,0.19928436580886014,1366.2290029411647,-0.01688412909791837,0.2159681854306253,5.558836959961336e-05,0.0
1786719207.685314,47.140000740000005,60.0,60.0,60.69099238433196,-0.6909923843319632,0.20086410418054676,1365.723486662225,-0.01688412909791837,0.2158234643240717,0.0017800478478398455,-0.001953125
1786719207.7028513,47.1600012880001,60.0,60.0,60.69099238433196,-0.6909923843319632,0.20140916686528929,1365.5490666031073,-0.01688412909791837,0.21567874321751815,0.002469831639135938,-0.001953125
1786719207.7279124,47.18000065000001,60.0,60.0,60.69128269500504,-0.691282695005043,0.19977545314731568,1366.071854992859,-0.01689122272585686,0.21553396130843938,0.0009879326556543754,0.0
1786719207.7427125,47.20000077200007,60.0,60.0,60.69128269500504,-0.691282695005043,0.19903791164484427,1366.3078682736498,-0.01689122272585686,0.21538917939936061,0.0003951730622617502,0.0
1786719207.7639604,47.22000089300013,60.0,60.0,60.69099238433196,-0.6909923843319632,0.19866311952634694,1366.427801751569,-0.01688412909791837,0.21524445829280703,0.00015806922490470008,0.0
1786719207.7845757,47.24000075599997,60.0,60.0,60.69099238433196,-0.6909923843319632,0.19842355688485055,1366.5044617968479,-0.01688412909791837,0.21509973718625344,6.322768996188004e-05,0.0
1786719207.8026972,47.260000859,60.0,60.0,60.69099238433196,-0.6909923843319632,0.19824089916431983,1366.5629122674177,-0.01688412909791837,0.21495501607969988,2.529107598475201e-05,0.0
1786719207.828529,47.28000098000007,60.0,60.0,60.69128269500504,-0.691282695005043,0.19280047228423694,1368.3038488690443,-0.01689122272585686,0.21481023417062112,-0.005263321069606098,0.005859375
1786719207.8427007,47.30000080600007,60.0,60.0,60.69128269500504,-0.691282695005043,0.1905402455169218,1369.027121434585,-0.01689122272585686,0.21466545226154235,-0.007378765927842439,0.005859375
1786719207.8639736,47.3200009090001,60.0,60.0,60.69128269500504,-0.691282695005043,0.1895492856645485,1369.3442285873446,-0.01689122272585686,0.21452067035246358,-0.008224943871136977,0.005859375
1786719207.8859076,47.340000734000114,60.0,60.0,60.69128269500504,-0.691282695005043,0.19433947007815194,1367.8113695749914,-0.01689122272585686,0.21437588844338482,-0.0032899775484547906,0.0
1786719207.9034972,47.36000100399997,60.0,60.0,60.69128269500504,-0.691282695005043,0.19616867469814603,1367.2260240965934,-0.01689122272585686,0.21423110653430608,-0.0013159910193819165,0.0
1786719207.9293225,47.38000090300011,60.0,60.0,60.690827999777696,-0.6908279997776958,0.1968245977010309,1367.01612873567,-0.016880112425522426,0.214086419856373,-0.0005263964077527666,0.0
1786719207.9427083,47.400000969000075,60.0,60.0,60.690827999777696,-0.6908279997776958,0.19699574886774948,1366.9613603623202,-0.016880112425522426,0.21394173317843995,-0.0002105585631011066,0.0
1786719207.9645944,47.42000090600004,60.0,60.0,60.68587874753223,-0.6858787475322288,0.19709833037375024,1366.9285342803998,-0.016759179379449252,0.21379808306947326,-8.422342524044265e-05,0.0
1786719207.986623,47.44000095299998,60.0,60.0,60.68587874753223,-0.6858787475322288,0.19348958931992782,1368.0833314176232,-0.016759179379449252,0.21365443296050654,-0.0035493143700961773,0.00390625
1786719208.003344,47.46000068600006,60.0,60.0,60.68587874753223,-0.6858787475322288,0.1919599028330188,1368.572831093434,-0.016759179379449252,0.21351078285153985,-0.004935350748038471,0.00390625
1786719208.0293062,47.480000975000166,60.0,60.0,60.68587874753223,-0.6858787475322288,0.1912618381728752,1368.79621178468,-0.016759179379449252,0.21336713274257316,-0.005489765299215388,0.00390625
1786719208.0433319,47.500000838999995,60.0,60.0,60.68587874753223,-0.6858787475322288,0.19089642224343772,1368.9131448821,-0.016759179379449252,0.21322348263360646,-0.005711531119686156,0.00390625
1786719208.064575,47.52000105399998,60.0,60.0,60.68587874753223,-0.6858787475322288,0.19066406580628273,1368.9874989419895,-0.016759179379449252,0.21307983252463977,-0.005800237447874462,0.00390625
1786719208.0866141,47.54000104700003,60.0,60.0,60.68587874753223,-0.6858787475322288,0.19224274566604072,1368.482321386867,-0.016759179379449252,0.21293618241567305,-0.0040779074791497845,0.001953125
1786719208.1033962,47.560000929000125,60.0,60.0,60.68587874753223,-0.6858787475322288,0.19278802754456387,1368.3078311857396,-0.016759179379449252,0.21279253230670636,-0.003388975491659914,0.001953125
1786719208.1294208,47.580000904000144,60.0,60.0,60.68092962406814,-0.680929624068142,0.19655650512994358,1367.101918358418,-0.016638249480098823,0.2126499187397341,0.0004022223033360343,-0.001953125
1786719208.1440408,47.60000102599997,60.0,60.0,60.68092962406814,-0.680929624068142,0.1979303706809697,1366.6622813820898,-0.016638249480098823,0.21250730517276184,0.0019187014213344136,-0.001953125
1786719208.1653275,47.62000081600013,60.0,60.0,60.680183703211725,-0.6801837032117248,0.19841257504606208,1366.5079759852601,-0.016620023195233535,0.21236484783108842,0.0025252930685337655,-0.001953125
1786719208.1872823,47.64000105000014,60.0,60.0,60.680183703211725,-0.6801837032117248,0.19851275436326837,1366.475918603754,-0.016620023195233535,0.212222390489415,0.002767929727413506,-0.001953125
1786719208.2039838,47.660000672000024,60.0,60.0,60.680183703211725,-0.6801837032117248,0.19846735168514687,1366.4904474607529,-0.016620023195233535,0.21207993314774157,0.0028649843909654025,-0.001953125
1786719208.229455,47.680001073000085,60.0,60.0,60.67530433516163,-0.675304335161627,0.19672512916194135,1367.0479586681788,-0.016500797742186386,0.21193849773852283,0.001145993756386161,0.0
1786719208.243875,47.70000101000005,60.0,60.0,60.67530433516163,-0.675304335161627,0.19589609749889092,1367.3132488003548,-0.016500797742186386,0.2117970623293041,0.00045839750255446444,0.0
1786719208.2655559,47.7200015410001,60.0,60.0,60.67530433516163,-0.675304335161627,0.1954796235881395,1367.4465204517953,-0.016500797742186386,0.21165562692008535,0.0001833590010217858,0.0
1786719208.2867126,47.74000114500018,60.0,60.0,60.67530433516163,-0.675304335161627,0.1934703602783077,1368.0894847109416,-0.016500797742186386,0.21151419151086662,-0.0016844688995912857,0.001953125
1786719208.3039832,47.760001842000065,60.0,60.0,60.67530433516163,-0.675304335161627,0.19258179370884373,1368.37382601317,-0.016500797742186386,0.21137275610164788,-0.002431600059836514,0.001953125
1786719208.3292012,47.78000090900014,60.0,60.0,60.68054450227143,-0.6805445022714309,0.1902556518983378,1369.118191392532,-0.016628839179375497,0.21123022319439608,-0.004488265023934606,0.00390625
1786719208.3437998,47.80000112400012,60.0,60.0,60.68054450227143,-0.6805445022714309,0.18929045300544675,1369.427055038257,-0.016628839179375497,0.21108769028714428,-0.005310931009573842,0.00390625
1786719208.365429,47.82000117300004,60.0,60.0,60.67566559773741,-0.6756655977374066,0.18893806783115213,1369.5398182940312,-0.01650962505216261,0.21094617921526862,-0.0056399974038295365,0.00390625
1786719208.3873062,47.840001220999966,60.0,60.0,60.67566559773741,-0.6756655977374066,0.1956961802015742,1367.3772223354963,-0.01650962505216261,0.21080466814339294,0.0012596260384681848,-0.00390625
1786719208.4037547,47.860000936999995,60.0,60.0,60.67566559773741,-0.6756655977374066,0.1983145185066176,1366.5393540778823,-0.01650962505216261,0.21066315707151725,0.004019475415387274,-0.00390625
1786719208.429079,47.88000074500019,60.0,60.0,60.67026099697321,-0.6702609969732123,0.19237775649483693,1368.4391179216523,-0.01637756574283522,0.21052277793657867,-0.00190783483384509,0.00390625
1786719208.4439049,47.90000116400006,60.0,60.0,60.67026099697321,-0.6702609969732123,0.1898664532602054,1369.2427349567342,-0.01637756574283522,0.21038239880164006,-0.004278758933538036,0.00390625
1786719208.4652472,47.92000082300001,60.0,60.0,60.669514818316856,-0.6695148183168556,0.1887959370694958,1369.5853001377614,-0.016359333158729075,0.21024217594599381,-0.005227128573415214,0.00390625
1786719208.4870596,47.94000103899998,60.0,60.0,60.669514818316856,-0.6695148183168556,0.19003417885789867,1369.1890627654725,-0.016359333158729075,0.21010195309034754,-0.0038486639293660854,0.001953125
1786719208.5032153,47.96000125400019,60.0,60.0,60.669514818316856,-0.6695148183168556,0.19044534185987202,1369.057490604841,-0.016359333158729075,0.2099617302347013,-0.003297278071746434,0.001953125
1786719208.5290818,47.98000102500009,60.0,60.0,60.67026099697321,-0.6702609969732123,0.1940230657631675,1367.9126189557865,-0.01637756574283522,0.20982135109976272,0.0004389012713014262,-0.001953125
1786719208.543725,48.00000075900016,60.0,60.0,60.67026099697321,-0.6702609969732123,0.19537715836544806,1367.4793093230567,-0.01637756574283522,0.2096809719648241,0.0019333730085205705,-0.001953125
1786719208.5654147,48.020001085000104,60.0,60.0,60.66944306070266,-0.6694430607026618,0.19585455387878672,1367.3265427587883,-0.016357579789445596,0.20954076413805742,0.002531161703408228,-0.001953125
1786719208.587026,48.040001041000096,60.0,60.0,60.66944306070266,-0.6694430607026618,0.19595346152997511,1367.294892310408,-0.016357579789445596,0.20940055631129076,0.0027702771813632914,-0.001953125
1786719208.6037335,48.06000123800004,60.0,60.0,60.66944306070266,-0.6694430607026618,0.19590889989439048,1367.309152033795,-0.016357579789445596,0.20926034848452407,0.002865923372545317,-0.001953125
1786719208.6293092,48.08000078700002,60.0,60.0,60.66456457011071,-0.6645645701107128,0.1976839670567965,1366.7411305418252,-0.016238375776745688,0.2091211624064377,0.004661994349018127,-0.00390625
1786719208.6439364,48.10000076100005,60.0,60.0,60.66456457011071,-0.6645645701107128,0.19826320936929925,1366.5557730018243,-0.016238375776745688,0.2089819763283513,0.0053804227396072515,-0.00390625
1786719208.6653564,48.12000090200013,60.0,60.0,60.66456457011071,-0.6645645701107128,0.1984113946474485,1366.5083537128164,-0.016238375776745688,0.20884279025026492,0.005667794095842901,-0.00390625
1786719208.687105,48.14000106200001,60.0,60.0,60.66456457011071,-0.6645645701107128,0.20014496961185638,1365.953609724206,-0.016238375776745688,0.20870360417217854,0.0075405551383371594,-0.005859375
1786719208.7038417,48.16000107400009,60.0,60.0,60.66456457011071,-0.6645645701107128,0.2007548879507677,1365.7584358557542,-0.016238375776745688,0.20856441809409215,0.008289659555334863,-0.005859375
1786719208.7291703,48.180000900000095,60.0,60.0,60.669514818316856,-0.6695148183168556,0.19727876125749705,1366.870796397601,-0.016359333158729075,0.20842419523844588,0.005073676322133945,-0.001953125
1786719208.7437704,48.20000080099999,60.0,60.0,60.669514818316856,-0.6695148183168556,0.19585214510857038,1367.3273135652576,-0.016359333158729075,0.20828397238279964,0.003787283028853578,-0.001953125
1786719208.76719,48.22000101599997,60.0,60.0,60.669514818316856,-0.6695148183168556,0.195197364935612,1367.5368432206042,-0.016359333158729075,0.2081437495271534,0.0032727257115414314,-0.001953125
1786719208.7863142,48.240000750000036,60.0,60.0,60.669514818316856,-0.6695148183168556,0.19309350665304087,1368.210077871027,-0.016359333158729075,0.20800352667150712,0.0013090902846165727,0.0
1786719208.8036995,48.26000089100012,60.0,60.0,60.669514818316856,-0.6695148183168556,0.19216782962662468,1368.50629451948,-0.016359333158729075,0.20786330381586088,0.000523636113846629,0.0
1786719208.8290935,48.28000086600014,60.0,60.0,60.68008944675489,-0.6800894467548915,0.1949706631858842,1367.609387780517,-0.01661772007551533,0.2077208662152136,0.003725079445538651,-0.00390625
1786719208.8437893,48.30000076600004,60.0,60.0,60.68008944675489,-0.6800894467548915,0.19610880291791374,1367.2451830662676,-0.01661772007551533,0.2075784286145663,0.00500565677821546,-0.00390625
1786719208.8670764,48.32000090700012,60.0,60.0,60.674919965894844,-0.6749199658948442,0.1966049104966145,1367.0864286410833,-0.016491405829238012,0.20743707370745854,0.005517887711286184,-0.00390625
1786719208.886998,48.340000918999976,60.0,60.0,60.674919965894844,-0.6749199658948442,0.189637197962735,1369.316096651925,-0.016491405829238012,0.20729571880035078,-0.0013084699154855262,0.00390625
1786719208.9038494,48.360001431,60.0,60.0,60.674919965894844,-0.6749199658948442,0.18676530000491856,1370.235103998426,-0.016491405829238012,0.20715436389324302,-0.00403901296619421,0.00390625
1786719208.929089,48.380001053000115,60.0,60.0,60.674393308908805,-0.6743933089088046,0.19257584653533635,1368.3757291086924,-0.016478537171428984,0.2070131192889165,0.0019000198135223157,-0.00390625
1786719208.9437203,48.40000093499998,60.0,60.0,60.674393308908805,-0.6743933089088046,0.19481021504289645,1367.660731186273,-0.016478537171428984,0.20687187468458998,0.004275632925408926,-0.00390625
1786719208.9670424,48.420000799000036,60.0,60.0,60.67484891123914,-0.6748489112391384,0.19560808321828285,1367.4054133701495,-0.0164896696364707,0.20673053465913455,0.0052258781701635705,-0.00390625
1786719208.9870095,48.44000099599998,60.0,60.0,60.67484891123914,-0.6748489112391384,0.19584684129072927,1367.3290107869666,-0.0164896696364707,0.20658919463367909,0.005605976268065428,-0.00390625
1786719209.002817,48.460000803000185,60.0,60.0,60.67484891123914,-0.6748489112391384,0.19585754050443457,1367.325587038581,-0.0164896696364707,0.20644785460822365,0.005758015507226172,-0.00390625
1786719209.0290785,48.480000778999965,60.0,60.0,60.67513948756516,-0.6751394875651613,0.18873866605557899,1369.6036268622147,-0.01649676975553513,0.2063064537246048,-0.001212418797109531,0.00390625
1786719209.0437179,48.50000069900011,60.0,60.0,60.67513948756516,-0.6751394875651613,0.18580909145022584,1370.5410907359278,-0.01649676975553513,0.20616505284098594,-0.004000592518843812,0.00390625
1786719209.0671146,48.520001027000035,60.0,60.0,60.68422222613526,-0.6842222261352617,0.1843304879075087,1371.0142438695973,-0.01671870292593972,0.2060217496730493,-0.005115862007537525,0.00390625
1786719209.087024,48.540000706,60.0,60.0,60.68422222613526,-0.6842222261352617,0.19077232694409457,1368.9528553778898,-0.01671870292593972,0.20587844650511267,0.0014692801969849898,-0.00390625
1786719209.1038325,48.56000125600008,60.0,60.0,60.68422222613526,-0.6842222261352617,0.19326308065796693,1368.1558141894507,-0.01671870292593972,0.20573514333717605,0.004103337078793996,-0.00390625
1786719209.128391,48.58000084300011,60.0,60.0,60.68474895846629,-0.6847489584662867,0.1941605297439196,1367.8686304819457,-0.016731573424774045,0.20559172985067797,0.005156959831517598,-0.00390625
1786719209.143725,48.600000892000025,60.0,60.0,60.68474895846629,-0.6847489584662867,0.19443856535851095,1367.7796590852765,-0.016731573424774045,0.2054483163641799,0.0055784089326070384,-0.00390625
1786719209.1671426,48.620000924000124,60.0,60.0,60.67979887042887,-0.6797988704288684,0.19458468498077183,1367.7329008061529,-0.016610619956450898,0.20530593962169602,0.005746988573042815,-0.00390625
1786719209.1871743,48.640001084000005,60.0,60.0,60.67979887042887,-0.6797988704288684,0.19099411509446224,1368.8818831697722,-0.016610619956450898,0.20516356287921214,0.0022987954292171264,0.0
1786719209.2037458,48.6600011160001,60.0,60.0,60.67979887042887,-0.6797988704288684,0.1894724610944481,1369.3688124497767,-0.016610619956450898,0.20502118613672826,0.0009195181716868506,0.0
1786719209.2283998,48.680000999000185,60.0,60.0,60.674393308908805,-0.6743933089088046,0.187152643733974,1370.1111540051284,-0.016478537171428984,0.20487994153240174,-0.0013900052313252594,0.001953125
1786719209.2437325,48.70000069700018,60.0,60.0,60.674393308908805,-0.6743933089088046,0.18608758976844264,1370.4519712740985,-0.016478537171428984,0.20473869692807523,-0.002313814592530104,0.001953125
1786719209.2672048,48.7200012830001,60.0,60.0,60.66944306070266,-0.6694430607026618,0.18569777880161759,1370.5767107834824,-0.016357579789445596,0.20459848910130854,-0.002683338337012042,0.001953125
1786719209.2863245,48.74000094400003,60.0,60.0,60.66944306070266,-0.6694430607026618,0.18540976147705812,1370.6688763273414,-0.016357579789445596,0.20445828127454188,-0.002831147834804817,0.001953125
1786719209.3038757,48.76000069800011,60.0,60.0,60.66944306070266,-0.6694430607026618,0.18521042985117436,1370.732662447624,-0.016357579789445596,0.2043180734477752,-0.002890271633921927,0.001953125
1786719209.3283942,48.78000082200015,60.0,60.0,60.66449294151508,-0.6644929415150784,0.1886831517342261,1369.6213914450477,-0.01623662555998033,0.2041789023715468,0.0006017038464312291,-0.001953125
1786719209.3437371,48.80000090800013,60.0,60.0,60.66449294151508,-0.6644929415150784,0.18994077085013894,1369.2189533279557,-0.01623662555998033,0.2040397312953184,0.0019984940385724915,-0.001953125
1786719209.3670819,48.82000081000001,60.0,60.0,60.66357952947001,-0.6635795294700131,0.19038263471742636,1369.0775568904237,-0.016214306693321058,0.20390075152366136,0.002557210115428997,-0.001953125
1786719209.3870099,48.840000804000056,60.0,60.0,60.66357952947001,-0.6635795294700131,0.18695151637651192,1370.1755147595163,-0.016214306693321058,0.2037617717520043,-0.0007349284538284011,0.001953125
1786719209.4037373,48.860000780000064,60.0,60.0,60.66357952947001,-0.6635795294700131,0.1854956811771519,1370.6413820233115,-0.016214306693321058,0.20362279198034727,-0.0020517838815313607,0.001953125
1786719209.4283538,48.880001052000125,60.0,60.0,60.65870186655232,-0.6587018665523203,0.1867069555232163,1370.2537742325708,-0.01609512290451842,0.20348483378402282,-0.0008207135526125441,0.0
1786719209.4437122,48.90000087900012,60.0,60.0,60.65870186655232,-0.6587018665523203,0.18706142545845938,1370.140343853293,-0.01609512290451842,0.20334687558769837,-0.0003282854210450177,0.0
1786719209.4670572,48.92000094800005,60.0,60.0,60.65336810668663,-0.6533681066866279,0.18725076685439584,1370.0797546065933,-0.01596479456488453,0.20321003449142794,-0.00013131416841800708,0.0
1786719209.4870586,48.94000081200011,60.0,60.0,60.65336810668663,-0.6533681066866279,0.1819192767591762,1371.7858314370637,-0.01596479456488453,0.20307319339515753,-0.005325963167367202,0.005859375
1786719209.5028052,48.96000126900003,60.0,60.0,60.65336810668663,-0.6533681066866279,0.17970457606332613,1372.4945356597357,-0.01596479456488453,0.2029363522988871,-0.00740382276694688,0.005859375
1786719209.528394,48.980000819,60.0,60.0,60.65336810668663,-0.6533681066866279,0.1804944036272238,1372.2417908392883,-0.01596479456488453,0.20279951120261666,-0.006477154106778751,0.00390625
1786719209.5437493,49.00000088700017,60.0,60.0,60.65336810668663,-0.6533681066866279,0.18072822999502064,1372.1669664015933,-0.01596479456488453,0.20266267010634625,-0.006106486642711501,0.00390625
1786719209.5670953,49.02000073300019,60.0,60.0,60.643995863317286,-0.6439958633172865,0.18096866299150763,1372.0900278427175,-0.015735787457754027,0.2025277919281369,-0.005958219657084601,0.00390625
1786719209.5871053,49.04000107900015,60.0,60.0,60.643995863317286,-0.6439958633172865,0.18792434160754903,1369.8642106855843,-0.015735787457754027,0.2023929137499276,0.0011323371371661597,-0.00390625
1786719209.6037555,49.06000094399997,60.0,60.0,60.643995863317286,-0.6439958633172865,0.19062568614704004,1368.9997804329473,-0.015735787457754027,0.20225803557171826,0.003968559854866464,-0.00390625
1786719209.629249,49.0800009940001,60.0,60.0,60.63791466285619,-0.6379146628561899,0.18122701381463874,1372.0073555793156,-0.015587195699026122,0.2021244310371552,-0.005443826058053414,0.0078125
1786719209.6439369,49.1000013580001,60.0,60.0,60.63791466285619,-0.6379146628561899,0.1773284549149077,1373.2548944272296,-0.015587195699026122,0.2019908265025921,-0.009208780423221366,0.0078125
1786719209.6671524,49.12000111200018,60.0,60.0,60.643995863317286,-0.6439958633172865,0.17554027687554952,1373.8271113998242,-0.015735787457754027,0.20185594832438278,-0.010714762169288548,0.0078125
1786719209.6872838,49.14000114300006,60.0,60.0,60.643995863317286,-0.6439958633172865,0.18534988099891334,1370.6880380803477,-0.015735787457754027,0.20172107014617344,-0.0007702798677154188,-0.00390625
1786719209.7039943,49.16000171100018,60.0,60.0,60.643995863317286,-0.6439958633172865,0.18919279574133324,1369.4583053627734,-0.015735787457754027,0.2015861919679641,0.0032075130529138325,-0.00390625
1786719209.7277348,49.180001002000154,60.0,60.0,60.6440691752195,-0.6440691752194994,0.18185818088367128,1371.8053821172252,-0.01573757880545835,0.2014512984353459,-0.003990432278834466,0.005859375
1786719209.743745,49.2000010700001,60.0,60.0,60.6440691752195,-0.6440691752194994,0.17884410921835378,1372.7698850501267,-0.01573757880545835,0.2013164049027277,-0.006869610411533786,0.005859375
1786719209.767057,49.220000805000154,60.0,60.0,60.64452431540266,-0.6445243154026628,0.17754642325999975,1373.1851445568,-0.015748699978114414,0.20118141604577242,-0.008021281664613515,0.005859375
1786719209.7856283,49.240000966000025,60.0,60.0,60.64452431540266,-0.6445243154026628,0.18925545340181257,1369.43825491142,-0.015748699978114414,0.20104642718881716,0.0038227373341545934,-0.0078125
1786719209.8037276,49.26000103399997,60.0,60.0,60.64452431540266,-0.6445243154026628,0.1938580721443646,1367.9654169138034,-0.015748699978114414,0.2009114383318619,0.008560344933661836,-0.0078125
1786719209.8280883,49.280000769000026,60.0,60.0,60.63837052925555,-0.6383705292555533,0.18697942918883517,1370.1665826595727,-0.015598334616491466,0.2007777383208634,0.001666325473464735,0.001953125
1786719209.8437421,49.300000800000134,60.0,60.0,60.63837052925555,-0.6383705292555533,0.18408812139375783,1371.0918011539975,-0.015598334616491466,0.20064403830986488,-0.001091282310614106,0.001953125
1786719209.8664634,49.32000086900007,60.0,60.0,60.64452431540266,-0.6445243154026628,0.18270101290750485,1371.5356758695984,-0.015748699978114414,0.20050904945290962,-0.0021943254242456425,0.001953125
1786719209.886373,49.34000077000019,60.0,60.0,60.64452431540266,-0.6445243154026628,0.18739824430509694,1370.032561822369,-0.015748699978114414,0.20037406059595436,0.0026378948303017427,-0.00390625
1786719209.903775,49.36000111600015,60.0,60.0,60.64452431540266,-0.6445243154026628,0.18919614354996067,1369.4572340640125,-0.015748699978114414,0.2002390717389991,0.004570782932120697,-0.00390625
1786719209.9280524,49.38000094400013,60.0,60.0,60.64819928750617,-0.6481992875061736,0.17919763842535769,1372.6567557038854,-0.0158384964864897,0.20010331319768632,-0.00520293682715172,0.0078125
1786719209.9437397,49.400001142000065,60.0,60.0,60.64819928750617,-0.6481992875061736,0.17515239198033594,1373.9512345662924,-0.0158384964864897,0.19996755465637353,-0.009112424730860689,0.0078125
1786719209.966417,49.42000106199998,60.0,60.0,60.65435278046067,-0.6543527804606697,0.17330248007996363,1374.5432063744117,-0.015988854684065624,0.1998305073305101,-0.010676219892344276,0.0078125
1786719209.9864058,49.44000066700005,60.0,60.0,60.65435278046067,-0.6543527804606697,0.18132897718950677,1371.9747272993577,-0.015988854684065624,0.1996934600046467,-0.0025126754569377106,-0.001953125
1786719210.0041113,49.460000661000095,60.0,60.0,60.65435278046067,-0.6543527804606697,0.18445734763780597,1370.973648755902,-0.015988854684065624,0.19955641267878324,0.0007527423172249155,-0.001953125
1786719210.028064,49.480000879000045,60.0,60.0,60.6489466893571,-0.6489466893571034,0.1769695006467956,1373.3697597930254,-0.015856758958877618,0.19942049760199285,-0.006730153073110034,0.0078125
1786719210.0437453,49.500000892000116,60.0,60.0,60.6489466893571,-0.6489466893571034,0.1738404274138712,1374.3710632275613,-0.015856758958877618,0.19928458252520245,-0.009723311229244013,0.0078125
1786719210.0664628,49.520001128000104,60.0,60.0,60.65968612906744,-0.6596861290674383,0.17224483505875654,1374.881652781198,-0.016119172974748294,0.19914641818541892,-0.010920574491697605,0.0078125
1786719210.0863788,49.540000827000085,60.0,60.0,60.65968612906744,-0.6596861290674383,0.1786590154139916,1372.8291150675227,-0.016119172974748294,0.19900825384563536,-0.0043682297966790426,0.0
1786719210.1037827,49.56000074899998,60.0,60.0,60.65968612906744,-0.6596861290674383,0.18114178895221544,1372.034627535291,-0.016119172974748294,0.1988700895058518,-0.001747291918671617,0.0
1786719210.1281612,49.58000098499997,60.0,60.0,60.66059633523423,-0.6605963352342314,0.18906100923135938,1369.500477045965,-0.01614141350702379,0.19873173453293447,0.006332333232531353,-0.0078125
1786719210.1437736,49.60000081300018,60.0,60.0,60.66059633523423,-0.6605963352342314,0.1921545043189232,1368.5105586179445,-0.01614141350702379,0.19859337956001713,0.009564183293012542,-0.0078125
1786719210.166464,49.62000110500003,60.0,60.0,60.65571711590607,-0.6557171159060715,0.19342811118928305,1368.1030044194295,-0.01602219168793912,0.19845604648840623,0.010856923317205017,-0.0078125
1786719210.1865485,49.64000128500015,60.0,60.0,60.65571711590607,-0.6557171159060715,0.19029224912734913,1369.1064802792482,-0.01602219168793912,0.1983187134167953,0.007858394326882007,-0.00390625
1786719210.2038789,49.66000115100019,60.0,60.0,60.65571711590607,-0.6557171159060715,0.18895550445960899,1369.534238572925,-0.01602219168793912,0.19818138034518437,0.006658982730752803,-0.00390625
1786719210.228168,49.680001145999995,60.0,60.0,60.65480773764284,-0.654807737642841,0.18132937705232158,1371.974599343257,-0.015999971385163902,0.19804423773331153,-0.0008520319076988788,0.00390625
1786719210.243781,49.70000099399999,60.0,60.0,60.65480773764284,-0.654807737642841,0.17818782858506807,1372.9798948527782,-0.015999971385163902,0.1979070951214387,-0.0038564377630795513,0.00390625
1786719210.266599,49.72000130400011,60.0,60.0,60.65968612906744,-0.6596861290674383,0.1767297220414586,1373.4464889467333,-0.016119172974748294,0.19776893078165514,-0.00505820010523182,0.00390625
1786719210.2856762,49.740000892000126,60.0,60.0,60.65968612906744,-0.6596861290674383,0.1743530402648141,1374.2070271152595,-0.016119172974748294,0.19763076644187158,-0.007296717542092728,0.005859375
1786719210.30388,49.76000112800011,60.0,60.0,60.65968612906744,-0.6596861290674383,0.1733194689502862,1374.5377699359085,-0.016119172974748294,0.19749260210208802,-0.00819212451683709,0.005859375
1786719210.3282328,49.78000115999998,60.0,60.0,60.67071605644492,-0.6707160564449168,0.18310050485201487,1371.4078384473553,-0.016388684943338304,0.19735212765971655,0.0019965876932651633,-0.005859375
1786719210.3437614,49.800000711000166,60.0,60.0,60.67071605644492,-0.6707160564449168,0.1870355152936843,1370.148635106021,-0.016388684943338304,0.19721165321734507,0.006072072577306065,-0.005859375
1786719210.3665435,49.820000725,60.0,60.0,60.669514818316856,-0.6695148183168556,0.18855458658953844,1369.6625322913478,-0.016359333158729075,0.19707143036169883,0.007702266530922425,-0.005859375
1786719210.3864381,49.84000099800005,60.0,60.0,60.669514818316856,-0.6695148183168556,0.19082425381533874,1368.9362387790916,-0.016359333158729075,0.19693120750605256,0.010112156612368969,-0.0078125
1786719210.4037313,49.86000101100012,60.0,60.0,60.669514818316856,-0.6695148183168556,0.19164798699227106,1368.6726441624733,-0.016359333158729075,0.19679098465040631,0.011076112644947587,-0.0078125
1786719210.427239,49.88000067300004,60.0,60.0,60.66418142424641,-0.6641814242464079,0.1920236659512262,1368.5524268956076,-0.01622901375715916,0.1966518788182021,0.011461695057979036,-0.0078125
1786719210.443741,49.900000724000165,60.0,60.0,60.66418142424641,-0.6641814242464079,0.19203879308423455,1368.547586213045,-0.01622901375715916,0.1965127729859979,0.011615928023191615,-0.0078125
1786719210.4658217,49.920001016000015,60.0,60.0,60.65923075803846,-0.6592307580384613,0.19208234803380964,1368.5336486291808,-0.016108046161464915,0.19637470401889962,0.011677621209276646,-0.0078125
1786719210.4858658,49.940000715,60.0,60.0,60.65923075803846,-0.6592307580384613,0.18142208134114537,1371.9449339708335,-0.016108046161464915,0.19623663505180136,0.001155423483710659,0.00390625
1786719210.5038488,49.96000109900001,60.0,60.0,60.65923075803846,-0.6592307580384613,0.1770751332838207,1373.3359573491773,-0.016108046161464915,0.19609856608470308,-0.003053455606515736,0.00390625
1786719210.5271685,49.980000965000045,60.0,60.0,60.6690594514302,-0.6690594514302006,0.16973991489543508,1375.6832272334607,-0.01634820644666172,0.19595843860087453,-0.010010444742606294,0.009765625
1786719210.5437496,50.00000103399998,60.0,60.0,60.6690594514302,-0.6690594514302006,0.1668169917571703,1376.6185626377055,-0.01634820644666172,0.19581831111704598,-0.012793240397042518,0.009765625
1786719210.5657644,50.02000073300019,60.0,60.0,60.67521095616294,-0.6752109561629425,0.16541343639541356,1377.0677003534677,-0.01649851606281542,0.195676895265079,-0.013906358658817009,0.009765625
1786719210.5858176,50.04000121000013,60.0,60.0,60.67521095616294,-0.6752109561629425,0.1824048982387368,1371.6304325636042,-0.01649851606281542,0.19553547941311203,0.0032265190364731966,-0.009765625
1786719210.60372,50.06000077900012,60.0,60.0,60.67521095616294,-0.6752109561629425,0.18911663346488589,1369.4826772912365,-0.01649851606281542,0.19539406356114503,0.01007967011458928,-0.009765625
1786719210.627771,50.080000775000144,60.0,60.0,60.67124079196384,-0.6712407919638395,0.19181348745613214,1368.6196840140378,-0.01640150665084861,0.19525347921842348,0.012820930545835711,-0.009765625
1786719210.6439145,50.10000091799998,60.0,60.0,60.67124079196384,-0.6712407919638395,0.19276940728590916,1368.3137896685091,-0.01640150665084861,0.1951128948757019,0.013917434718334286,-0.009765625
1786719210.6658857,50.120000894999976,60.0,60.0,60.65480773764284,-0.654807737642841,0.19346895987787172,1368.089932839081,-0.015999971385163902,0.19497575226382907,0.014356036387333713,-0.009765625
1786719210.6857543,50.14000105700006,60.0,60.0,60.65480773764284,-0.654807737642841,0.19526507043359864,1367.5151774612484,-0.015999971385163902,0.19483860965195623,0.016289289554933483,-0.01171875
1786719210.704017,50.1600010520001,60.0,60.0,60.65480773764284,-0.654807737642841,0.19590122908876573,1367.311606691595,-0.015999971385163902,0.19470146704008337,0.017062590821973395,-0.01171875
1786719210.7274282,50.180001214000185,60.0,60.0,60.6489466893571,-0.6489466893571034,0.17688068190999512,1373.3981817888016,-0.015856758958877618,0.19456555196329298,-0.0019640261712106414,0.009765625
1786719210.7437286,50.200001060999966,60.0,60.0,60.6489466893571,-0.6489466893571034,0.1691341200359311,1375.877081588502,-0.015856758958877618,0.19442963688650258,-0.009574672968484257,0.009765625
1786719210.7657971,50.22000072300011,60.0,60.0,60.65435278046067,-0.6543527804606697,0.16582185051504325,1376.9370078351863,-0.015988854684065624,0.19429258956063916,-0.012618931687393703,0.009765625
1786719210.7854543,50.240000922000036,60.0,60.0,60.65435278046067,-0.6543527804606697,0.16622491220161606,1376.8080280954828,-0.015988854684065624,0.19415554223477574,-0.01207882267495748,0.0078125
1786719210.8037205,50.260000769000044,60.0,60.0,60.65435278046067,-0.6543527804606697,0.16630390848072713,1376.7827492861672,-0.015988854684065624,0.19401849490891232,-0.011862779069982992,0.0078125
1786719210.8274314,50.28000087600003,60.0,60.0,60.66538255592994,-0.6653825559299378,0.1694993953400813,1375.760193491174,-0.01625836294083783,0.19387913751227656,-0.008260736627993197,0.00390625
1786719210.8437433,50.300001056000156,60.0,60.0,60.66538255592994,-0.6653825559299378,0.17080085492024147,1375.3437264255226,-0.01625836294083783,0.19373978011564078,-0.006819919651197278,0.00390625
1786719210.8657901,50.32000066299997,60.0,60.0,60.65884872882944,-0.6588487288294402,0.17139747582824766,1375.1528077349608,-0.016098711426914224,0.19360179116055296,-0.006243592860478911,0.00390625
1786719210.8858433,50.340000806000035,60.0,60.0,60.65884872882944,-0.6588487288294402,0.17676345508944719,1373.435694371377,-0.016098711426914224,0.19346380220546514,-0.0007396246441915647,-0.001953125
1786719210.903814,50.36000106100005,60.0,60.0,60.65884872882944,-0.6588487288294402,0.1788270534208743,1372.7753429053203,-0.016098711426914224,0.19332581325037732,0.001461962642323374,-0.001953125
1786719210.9274836,50.38000092600009,60.0,60.0,60.668269574750184,-0.6682695747501839,0.17758169218889638,1373.1738584995533,-0.0163289061184103,0.1931858511979338,0.0005847850569293497,0.0
1786719210.94373,50.400000847,60.0,60.0,60.668269574750184,-0.6682695747501839,0.17709085910229522,1373.3309250872655,-0.0163289061184103,0.19304588914549028,0.00023391402277173987,0.0
1786719210.9657748,50.420000713000036,60.0,60.0,60.65428022088227,-0.6542802208822707,0.17715237303549905,1373.3112406286402,-0.015987081719099933,0.19290885701646945,9.356560910869595e-05,0.0
1786719210.9857612,50.44000115300014,60.0,60.0,60.65428022088227,-0.6542802208822707,0.183990451541013,1371.1230555068757,-0.015987081719099933,0.1927718248874486,0.007068676243643478,-0.0078125
1786719211.0037332,50.46000105600001,60.0,60.0,60.65428022088227,-0.6542802208822707,0.18664346366580606,1370.274091626942,-0.015987081719099933,0.19263479275842776,0.009858720497457391,-0.0078125
1786719211.02741,50.48000112600016,60.0,60.0,60.657987435263436,-0.6579874352634363,0.1822584274024707,1371.6773032312094,-0.01607766605494001,0.19249698419224257,0.005701300698982957,-0.001953125
1786719211.0437334,50.500000678000106,60.0,60.0,60.657987435263436,-0.6579874352634363,0.18045765091689572,1372.2535517065933,-0.01607766605494001,0.19235917562605734,0.004038332779593182,-0.001953125
1786719211.0650795,50.520000767000056,60.0,60.0,60.64911047487877,-0.6491104748787677,0.17987156024374878,1372.4411007220003,-0.015860760994145812,0.19222322624610755,0.0033731456118372733,-0.001953125
1786719211.085716,50.54000065200012,60.0,60.0,60.64911047487877,-0.6491104748787677,0.16892266099669664,1375.944748481057,-0.015860760994145812,0.19208727686615773,-0.007439804255265091,0.009765625
1786719211.1037762,50.56000148200019,60.0,60.0,60.64911047487877,-0.6491104748787677,0.16446153166990587,1377.37230986563,-0.015860760994145812,0.19195132748620794,-0.011764984202106036,0.009765625
1786719211.1274714,50.5800011450001,60.0,60.0,60.665545747643336,-0.6655457476433355,0.1639517333387326,1377.5354453316056,-0.016262350466632894,0.19181193591077964,-0.011737243680842415,0.0078125
1786719211.1437125,50.60000071500008,60.0,60.0,60.665545747643336,-0.6655457476433355,0.16382343797180976,1377.5764998490208,-0.016262350466632894,0.19167254433535133,-0.011726147472336966,0.0078125
1786719211.1658099,50.620000952000055,60.0,60.0,60.67094928849099,-0.6709492884909878,0.16355645146910308,1377.661935529887,-0.016394383877313446,0.19153202104497435,-0.011721708988934787,0.0078125
1786719211.1857219,50.640000912000005,60.0,60.0,60.67094928849099,-0.6709492884909878,0.16517551607208697,1377.1438348569322,-0.016394383877313446,0.19139149775459738,-0.009962121095573914,0.005859375
1786719211.2037883,50.66000116700002,60.0,60.0,60.67094928849099,-0.6709492884909878,0.16573882793905437,1376.9635750595025,-0.016394383877313446,0.1912509744642204,-0.009258285938229565,0.005859375
1786719211.2274406,50.68000112699997,60.0,60.0,60.669132219437245,-0.6691322194372447,0.1799867380844286,1372.404243812983,-0.016349984504499964,0.19111083173989613,0.005085748124708174,-0.009765625
1786719211.243719,50.70000099399999,60.0,60.0,60.669132219437245,-0.6691322194372447,0.18558420898527944,1370.6130531247106,-0.016349984504499964,0.19097068901557185,0.01082336174988327,-0.009765625
1786719211.266025,50.72000115700007,60.0,60.0,60.65346160435561,-0.6534616043556127,0.18812201707160722,1369.8009545370858,-0.015967079143917942,0.19083382833719542,0.01311840719995331,-0.009765625
1786719211.2846355,50.74000100500007,60.0,60.0,60.65346160435561,-0.6534616043556127,0.1836297370732588,1371.2384841365572,-0.015967079143917942,0.190696967658819,0.008762987879981324,-0.00390625
1786719211.3038,50.760001038000155,60.0,60.0,60.65346160435561,-0.6534616043556127,0.1817507086668936,1371.839773226594,-0.015967079143917942,0.19056010698044257,0.00702082015199253,-0.00390625
1786719211.3267682,50.78000092399998,60.0,60.0,60.635096309948295,-0.6350963099482954,0.17081885469502975,1375.3379664975905,-0.015518330346209839,0.1904270927203322,-0.004222921939202988,0.0078125
1786719211.3437033,50.800000883000166,60.0,60.0,60.635096309948295,-0.6350963099482954,0.16618834359844117,1376.8197300484987,-0.015518330346209839,0.19029407846022184,-0.008720418775681195,0.0078125
1786719211.365117,50.82000089799999,60.0,60.0,60.64584209259124,-0.6458420925912378,0.16399376160078732,1377.5219962877482,-0.015780899349162044,0.1901588136086576,-0.010519417510272477,0.0078125
1786719211.3850374,50.84000093100008,60.0,60.0,60.64584209259124,-0.6458420925912378,0.16313889725538658,1377.7955528782763,-0.015780899349162044,0.19002354875709337,-0.011239017004108991,0.0078125
1786719211.4037602,50.86000098300019,60.0,60.0,60.64584209259124,-0.6458420925912378,0.16271579260628774,1377.930946365988,-0.015780899349162044,0.18988828390552914,-0.011526856801643596,0.0078125
1786719211.426646,50.880000924000115,60.0,60.0,60.63822113367064,-0.6382211336706405,0.16792504449116277,1376.2639857628278,-0.015594684193708927,0.1897546151838688,-0.006368555220657438,0.001953125
1786719211.4437456,50.90000079100014,60.0,60.0,60.63822113367064,-0.6382211336706405,0.16985469640189688,1375.646497151393,-0.015594684193708927,0.18962094646220842,-0.0043052345882629755,0.001953125
1786719211.4650474,50.92000073200006,60.0,60.0,60.64704914457664,-0.6470491445766413,0.17033064693379796,1375.4941929811846,-0.01581039319310528,0.18948542880626754,-0.00347990633530519,0.001953125
1786719211.4850526,50.94000082100001,60.0,60.0,60.64704914457664,-0.6470491445766413,0.17228307307904017,1374.8694166147072,-0.01581039319310528,0.18934991115032665,-0.001391962534122076,0.0
1786719211.503872,50.96000105799999,60.0,60.0,60.64704914457664,-0.6470491445766413,0.17298273294357253,1374.645525458057,-0.01581039319310528,0.18921439349438574,-0.0005567850136488304,0.0
1786719211.5268376,50.98000098000011,60.0,60.0,60.62212817620821,-0.6221281762082072,0.18257928292696127,1371.5746294633723,-0.01520145906196493,0.1890840952738546,0.008566348494540467,-0.009765625
1786719211.543763,51.0000009580001,60.0,60.0,60.62212817620821,-0.6221281762082072,0.18609823810970588,1370.448563804894,-0.01520145906196493,0.1889537970533235,0.012215601897816189,-0.009765625
1786719211.5646808,51.020001084000114,60.0,60.0,60.6015490565504,-0.6015490565503967,0.18793048400375198,1369.8622451187994,-0.014698616308697976,0.18882780891353465,0.013675303259126475,-0.009765625
1786719211.5850778,51.04000119200009,60.0,60.0,60.6015490565504,-0.6015490565503967,0.17256806390848725,1374.7782195492841,-0.014698616308697976,0.1887018207737458,-0.0015611286963494095,0.0078125
1786719211.6037586,51.06000081800016,60.0,60.0,60.6015490565504,-0.6015490565503967,0.16634750298650808,1376.7687990443173,-0.014698616308697976,0.18857583263395697,-0.007655701478539764,0.0078125
1786719211.6270797,51.08000105500014,60.0,60.0,60.60687729620028,-0.6068772962002811,0.16541130477852697,1377.0683824708713,-0.014828809764014086,0.1884487285502654,-0.008335718091415905,0.005859375
1786719211.6439204,51.10000127300009,60.0,60.0,60.60687729620028,-0.6068772962002811,0.16501219404968498,1377.1960979041007,-0.014828809764014086,0.18832162446657383,-0.00860772473656636,0.005859375
1786719211.665619,51.12000095500002,60.0,60.0,60.62379980570728,-0.6237998057072787,0.16436279239589718,1377.4039064333128,-0.015242304676050098,0.18819097614077912,-0.008716527394626545,0.005859375
1786719211.6851287,51.140001211000026,60.0,60.0,60.62379980570728,-0.6237998057072787,0.17649331050687841,1373.5221406377989,-0.015242304676050098,0.1880603278149844,0.003544639042149382,-0.0078125
1786719211.7039049,51.16000165100013,60.0,60.0,60.62379980570728,-0.6237998057072787,0.18126712875579407,1371.994518798146,-0.015242304676050098,0.18792967948918973,0.008449105616859753,-0.0078125
1786719211.7268462,51.18000072200016,60.0,60.0,60.61397123435273,-0.6139712343527322,0.1727915493631492,1374.7067042037922,-0.015002147372784448,0.18780108965456585,-0.00013598275325609876,0.00390625
1786719211.7437482,51.200000959000135,60.0,60.0,60.61397123435273,-0.6139712343527322,0.16922892418047897,1375.8467442622468,-0.015002147372784448,0.18767249981994197,-0.00357001810130244,0.00390625
1786719211.7656128,51.22000101100002,60.0,60.0,60.61459920693639,-0.6145992069363899,0.16771137594176064,1376.3323596986365,-0.015017491637660365,0.18754377846304773,-0.004943632240520976,0.00390625
1786719211.785321,51.24000148900018,60.0,60.0,60.61459920693639,-0.6145992069363899,0.17758008392917898,1373.1743731426627,-0.015017491637660365,0.1874150571061535,0.0050537971037916095,-0.0078125
1786719211.8038116,51.26000100400006,60.0,60.0,60.61459920693639,-0.6145992069363899,0.1814503343100098,1371.9358930207968,-0.015017491637660365,0.1872863357492593,0.009052768841516644,-0.0078125
1786719211.845369,51.28000085200006,60.0,60.0,60.61156437355905,-0.6115643735590481,0.17244848161676324,1374.8164858826358,-0.014943336669102717,0.18715825000638125,0.00010548253660665782,0.00390625
1786719211.8461359,51.30342270400001,60.0,60.0,60.61156437355905,-0.6115643735590481,0.16874148135192119,1376.0027259673852,-0.014943336669102717,0.18703016426350322,-0.003473431985357337,0.00390625
1786719211.865684,51.32000108600005,60.0,60.0,60.619849749871264,-0.6198497498712641,0.16697937986527667,1376.5665984431114,-0.015145786604083597,0.1869003432354682,-0.004904997794142935,0.00390625
1786719211.8849218,51.34000069300009,60.0,60.0,60.619849749871264,-0.6198497498712641,0.16627693251372744,1376.7913815956072,-0.015145786604083597,0.1867705222074332,-0.0054776241176571734,0.00390625
1786719211.9038212,51.36000070800014,60.0,60.0,60.619849749871264,-0.6198497498712641,0.16591806095628675,1376.9062204939883,-0.015145786604083597,0.1866407011793982,-0.0057066746470628696,0.00390625
1786719211.9266179,51.38000087099999,60.0,60.0,60.63013752872271,-0.6301375287227131,0.1759921168573447,1373.6825226056496,-0.015397164463228355,0.1865087254839991,0.004748580141174852,-0.0078125
1786719211.943716,51.40000070100018,60.0,60.0,60.63013752872271,-0.6301375287227131,0.18004224307724068,1372.386482215283,-0.015397164463228355,0.1863767497886,0.00893068205646994,-0.0078125
1786719211.9655247,51.42000067900017,60.0,60.0,60.615605262083704,-0.6156052620837045,0.18193819840883943,1371.7797765091714,-0.01504207420234855,0.18624781772400845,0.010603522822587978,-0.0078125
1786719211.9843307,51.440000786000155,60.0,60.0,60.615605262083704,-0.6156052620837045,0.1684159026506951,1376.1069111517777,-0.01504207420234855,0.1861188856594169,-0.0027898408709648085,0.0078125
1786719212.003218,51.460000949000005,60.0,60.0,60.615605262083704,-0.6156052620837045,0.16292962510868242,1377.8625199652215,-0.01504207420234855,0.18598995359482537,-0.008147186348385923,0.0078125
1786719212.0260386,51.480001095000034,60.0,60.0,60.62093475644497,-0.6209347564449672,0.17459003073942375,1374.1311901633844,-0.015172298316047259,0.18585990532354496,0.0037723754606456303,-0.0078125
1786719212.0431197,51.500001037000175,60.0,60.0,60.62093475644497,-0.6209347564449672,0.17922780719175593,1372.6471016986382,-0.015172298316047259,0.18572985705226458,0.008540200184258252,-0.0078125
1786719212.0649762,51.52000123800008,60.0,60.0,60.629387541792596,-0.6293875417925962,0.180798348300528,1372.144528543831,-0.015378838825439901,0.1855980384337608,0.010447330073703302,-0.0078125
1786719212.0847964,51.54000112400013,60.0,60.0,60.629387541792596,-0.6293875417925962,0.16736688163780222,1376.4425978759032,-0.015378838825439901,0.18546621981525702,-0.002852317970518679,0.0078125
1786719212.103257,51.560000918000014,60.0,60.0,60.629387541792596,-0.6293875417925962,0.16191520380160965,1378.187134783485,-0.015378838825439901,0.18533440119675323,-0.008172177188207471,0.0078125
1786719212.12597,51.58000078600003,60.0,60.0,60.633346149922886,-0.6333461499228861,0.17010558945209264,1375.5662113753303,-0.015475565869377587,0.18520175348930143,0.0002467541247170109,-0.00390625
1786719212.1431653,51.600001080000084,60.0,60.0,60.633346149922886,-0.6333461499228861,0.17334051426981065,1374.5310354336607,-0.015475565869377587,0.18506910578184962,0.0036143266498868043,-0.00390625
1786719212.164718,51.620001096000124,60.0,60.0,60.65154173291708,-0.6515417329170816,0.17411029360683072,1374.2847060458141,-0.01592016783497363,0.184932647200407,0.004961355659954722,-0.00390625
1786719212.1847253,51.64000096300015,60.0,60.0,60.65154173291708,-0.6515417329170816,0.16923920912941526,1375.8434530785871,-0.01592016783497363,0.18479618861896435,0.0002267297639818891,0.001953125
1786719212.2031953,51.66000116500004,60.0,60.0,60.65154173291708,-0.6515417329170816,0.16720890018958348,1376.4931519393333,-0.01592016783497363,0.1846597300375217,-0.0016671205944072444,0.001953125
1786719212.2260487,51.680000717999974,60.0,60.0,60.63767733491406,-0.6376773349140592,0.1666536726163287,1376.6708247627748,-0.015581396683430095,0.1845261752088066,-0.0024246607377628976,0.001953125
1786719212.243153,51.70000088200004,60.0,60.0,60.63767733491406,-0.6376773349140592,0.16621710173027135,1376.8105274463132,-0.015581396683430095,0.1843926203800915,-0.002727676795105159,0.001953125
1786719212.2648833,51.72000110199997,60.0,60.0,60.64262687406401,-0.6426268740640069,0.1658414004221472,1376.930751864913,-0.015702336739902224,0.18425802892232088,-0.0028488832180420635,0.001953125
1786719212.2847102,51.74000128400007,60.0,60.0,60.64262687406401,-0.6426268740640069,0.1656583263952018,1376.9893355535355,-0.015702336739902224,0.18412343746455026,-0.0028973657872168254,0.001953125
1786719212.3031979,51.76000117100011,60.0,60.0,60.64262687406401,-0.6426268740640069,0.1655043419097613,1377.0386105888765,-0.015702336739902224,0.18398884600677967,-0.0029167588148867303,0.001953125
1786719212.3259802,51.78000077900015,60.0,60.0,60.63913507898306,-0.6391350789830598,0.1742363763902772,1374.2443595551113,-0.015617016090547763,0.18385498586886068,0.005864546474045308,-0.0078125
1786719212.3431187,51.80000074000009,60.0,60.0,60.63913507898306,-0.6391350789830598,0.17761503836793102,1373.1631877222621,-0.015617016090547763,0.18372112573094168,0.009377068589618124,-0.0078125
1786719212.364757,51.820000830000026,60.0,60.0,60.6152619644609,-0.615261964460899,0.1794695173078055,1372.5697544615023,-0.015033685858983436,0.18359226556643612,0.01078207743584725,-0.0078125
1786719212.384759,51.840001031000156,60.0,60.0,60.6152619644609,-0.615261964460899,0.1763870356817916,1373.5561485818266,-0.015033685858983436,0.18346340540193054,0.007828455974338901,-0.00390625
1786719212.4030867,51.860000806000016,60.0,60.0,60.6152619644609,-0.615261964460899,0.17507672693268267,1373.9754473815415,-0.015033685858983436,0.18333454523742498,0.00664700738973556,-0.00390625
1786719212.4258387,51.88000098900011,60.0,60.0,60.607440861824244,-0.6074408618242444,0.16763514292334022,1376.3567542645312,-0.01484258026997899,0.1832073231208252,-0.0008568220441057758,0.00390625
1786719212.4430213,51.90000093100002,60.0,60.0,60.607440861824244,-0.6074408618242444,0.1645063890332039,1377.3579555093747,-0.01484258026997899,0.18308010100422537,-0.0038583538176423103,0.00390625
1786719212.4645677,51.92000076199997,60.0,60.0,60.60064443762644,-0.6006444376264426,0.16334462217864884,1377.7297209028325,-0.014676512298519592,0.1829543023273809,-0.005058966527056924,0.00390625
1786719212.4845417,51.94000072200015,60.0,60.0,60.60064443762644,-0.6006444376264426,0.16273857841803854,1377.9236549062277,-0.014676512298519592,0.18282850365053646,-0.00553921161082277,0.00390625
1786719212.5030856,51.96000099700018,60.0,60.0,60.60064443762644,-0.6006444376264426,0.16242068170768775,1378.02538185354,-0.014676512298519592,0.18270270497369204,-0.005731309644329108,0.00390625
1786719212.525721,51.980000735999965,60.0,60.0,60.6092767000531,-0.6092767000531012,0.16728055535570285,1376.4702222861752,-0.014887438260257535,0.1825750983600327,-0.0005347113577316436,-0.001953125
1786719212.5428863,52.00000084400017,60.0,60.0,60.6092767000531,-0.6092767000531012,0.16923158805668248,1375.8458918218616,-0.014887438260257535,0.18244749174637334,0.0015439279569073425,-0.001953125
1786719212.5644994,52.02000091600007,60.0,60.0,60.60064443762644,-0.6006444376264426,0.17014636313061668,1375.5531637982026,-0.014676512298519592,0.18232169306952892,0.002375383682762937,-0.001953125
1786719212.5844128,52.04000089500005,60.0,60.0,60.60064443762644,-0.6006444376264426,0.1685953342441145,1376.0494930418834,-0.014676512298519592,0.18219589439268447,0.0009501534731051748,0.0
1786719212.6027963,52.06000081800016,60.0,60.0,60.60064443762644,-0.6006444376264426,0.16789944348340693,1376.2721780853099,-0.014676512298519592,0.18207009571584,0.00038006138924207,0.0
1786719212.625905,52.080000945000165,60.0,60.0,60.609090845275716,-0.6090908452757162,0.1638235983001936,1377.576448543938,-0.014882896971343235,0.1819425280275142,-0.003363600444303172,0.00390625
1786719212.6429133,52.10000125700003,60.0,60.0,60.609090845275716,-0.6090908452757162,0.1621985658784497,1378.0964589188961,-0.014882896971343235,0.1818149603391884,-0.004861065177721269,0.00390625
1786719212.664361,52.120000996000044,60.0,60.0,60.62471175632035,-0.6247117563203517,0.1610903214349106,1378.4510971408286,-0.015264587833189286,0.1816841210149039,-0.005460051071088507,0.00390625
1786719212.68427,52.14000077100013,60.0,60.0,60.62471175632035,-0.6247117563203517,0.15896207525327918,1379.1321359189506,-0.015264587833189286,0.1815532816906194,-0.007457457928435402,0.005859375
1786719212.7029083,52.16000125000005,60.0,60.0,60.62471175632035,-0.6247117563203517,0.15803227318605595,1379.429672580462,-0.015264587833189286,0.1814224423663349,-0.00825642067137416,0.005859375
1786719212.7254558,52.18000069200002,60.0,60.0,60.64438689121329,-0.6443868912132871,0.1623745320260779,1378.040149751655,-0.015745342071707327,0.18128748229143454,-0.003302568268549664,0.0
1786719212.7427325,52.20000092999999,60.0,60.0,60.64438689121329,-0.6443868912132871,0.16422111291230734,1377.4492438680616,-0.015745342071707327,0.1811525222165342,-0.0013210273074198656,0.0
1786719212.76415,52.22000094600003,60.0,60.0,60.630063253145295,-0.6300632531452948,0.16522876172506956,1377.1267962479778,-0.015395349568496676,0.18102056207737566,-0.0005284109229679463,0.0
1786719212.7844274,52.240000795000014,60.0,60.0,60.630063253145295,-0.6300632531452948,0.1671716606396918,1376.5050685952986,-0.015395349568496676,0.18088860193821713,0.0015464481308128213,-0.001953125
1786719212.8027127,52.260000997000134,60.0,60.0,60.630063253145295,-0.6300632531452948,0.16786964412204558,1376.2817138809455,-0.015395349568496676,0.18075664179905856,0.0023763917523251287,-0.001953125
1786719212.825297,52.28000073500016,60.0,60.0,60.63401856236209,-0.6340185623620869,0.16094176499521745,1378.4986352015303,-0.015491996004771177,0.18062385326187483,-0.004322880799069948,0.005859375
1786719212.842721,52.30000073200017,60.0,60.0,60.63401856236209,-0.6340185623620869,0.15812926743747568,1379.3986344200077,-0.015491996004771177,0.1804910647246911,-0.007002589819627978,0.005859375
1786719212.8640058,52.32000069300011,60.0,60.0,60.64964335875217,-0.6496433587521722,0.15654280949332372,1379.9063009621364,-0.015873781803516174,0.1803550037378038,-0.00807447342785119,0.005859375
1786719212.88398,52.34000085700018,60.0,60.0,60.64964335875217,-0.6496433587521722,0.16476705756314716,1377.2745415797929,-0.015873781803516174,0.18021894275091654,0.0002858356288595234,-0.00390625
1786719212.902824,52.36000104000004,60.0,60.0,60.64964335875217,-0.6496433587521722,0.16797512019894417,1376.247961536338,-0.015873781803516174,0.18008288176402928,0.003629959251543809,-0.00390625
1786719212.9251397,52.38000087,60.0,60.0,60.638150264060755,-0.638150264060755,0.17473097544218283,1374.0860878585015,-0.01559295252246398,0.17994922788526532,0.010241046200617523,-0.009765625
1786719212.942722,52.40000084899998,60.0,60.0,60.638150264060755,-0.638150264060755,0.17724175634304834,1373.2826379702246,-0.01559295252246398,0.17981557400650133,0.01288548098024701,-0.009765625
1786719212.964458,52.420000884000046,60.0,60.0,60.61665920603912,-0.6166592060391167,0.17869100198723678,1372.8188793640843,-0.015067826911363361,0.17968642120440395,0.013943254892098803,-0.009765625
1786719212.984351,52.44000088100006,60.0,60.0,60.61665920603912,-0.6166592060391167,0.1719537087498801,1374.9748132000384,-0.015067826911363361,0.17955726840230657,0.007335114456839522,-0.001953125
1786719213.0027072,52.46000100900005,60.0,60.0,60.61665920603912,-0.6166592060391167,0.16918129977367902,1375.8619840724227,-0.015067826911363361,0.1794281156002092,0.004691858282735809,-0.001953125
1786719213.0255725,52.480001062000156,60.0,60.0,60.62078292602769,-0.6207829260276867,0.15910502051421696,1379.0863934354506,-0.01516858839908655,0.179298099128217,-0.005154506686905676,0.0078125
1786719213.0426998,52.500001080000175,60.0,60.0,60.62078292602769,-0.6207829260276867,0.1550364580543682,1380.3883334226023,-0.01516858839908655,0.17916808265622486,-0.009093052674762271,0.0078125
1786719213.0644474,52.520001041000114,60.0,60.0,60.63852568873139,-0.6385256887313915,0.15289748570862183,1381.072804573241,-0.015602125877698129,0.17903435014870173,-0.010668471069904909,0.0078125
1786719213.084419,52.54000102100008,60.0,60.0,60.63852568873139,-0.6385256887313915,0.15916483584304164,1379.0672525302266,-0.015602125877698129,0.17890061764117857,-0.004267388427961963,0.0
1786719213.1028376,52.560001260000035,60.0,60.0,60.63852568873139,-0.6385256887313915,0.16159153639229565,1378.2907083544653,-0.015602125877698129,0.17876688513365543,-0.0017069553711847856,0.0
1786719213.1256356,52.580000889000075,60.0,60.0,60.62962545877423,-0.6296254587742283,0.16621507575119537,1376.8111757596175,-0.015384652233986143,0.17863501668593554,0.0028328428515260857,-0.00390625
1786719213.142695,52.60000092400014,60.0,60.0,60.62962545877423,-0.6296254587742283,0.16789912659255984,1376.272279490381,-0.015384652233986143,0.17850314823821564,0.004648762140610435,-0.00390625
1786719213.1643412,52.62000075600008,60.0,60.0,60.62870795884774,-0.6287079588477411,0.16851604461291927,1376.0748657238657,-0.015362233481540534,0.17837147195123101,0.005375129856244174,-0.00390625
1786719213.1842859,52.64000086600004,60.0,60.0,60.62870795884774,-0.6287079588477411,0.15637022791218816,1379.9615270680997,-0.015362233481540534,0.17823979566424636,-0.00663901055750233,0.009765625
1786719213.2027752,52.660001068000156,60.0,60.0,60.62870795884774,-0.6287079588477411,0.1514328954597049,1381.5414734528945,-0.015362233481540534,0.17810811937726173,-0.011444666723000933,0.009765625
1786719213.2254927,52.68000069599998,60.0,60.0,60.6435735672423,-0.6435735672422993,0.16307822137000483,1377.8149691615984,-0.015725468818056542,0.17797332964453552,0.0006955708107996266,-0.005859375
1786719213.2427227,52.70000097299999,60.0,60.0,60.6435735672423,-0.6435735672422993,0.16779952665079884,1376.3041514717443,-0.015725468818056542,0.17783853991180934,0.00555166582431985,-0.005859375
1786719213.264385,52.72000123099997,60.0,60.0,60.62163025478756,-0.6216302547875614,0.1701433511950614,1375.5541276175804,-0.015189292546475865,0.17770834597569668,0.007494103829727939,-0.005859375
1786719213.283919,52.74000089600008,60.0,60.0,60.62163025478756,-0.6216302547875614,0.163758882461112,1377.597157612444,-0.015189292546475865,0.17757815203958402,0.0012398290318911763,0.001953125
1786719213.302822,52.760001154000065,60.0,60.0,60.62163025478756,-0.6216302547875614,0.16112697860586464,1378.4393668461232,-0.015189292546475865,0.1774479581034714,-0.0012618808872435295,0.001953125
1786719213.325554,52.780001986000116,60.0,60.0,60.628862763785605,-0.6288627637856052,0.15454593966882374,1380.5452993059764,-0.015366016079750239,0.17731624939421636,-0.007536002354897411,0.0078125
1786719213.3427653,52.80000098400001,60.0,60.0,60.628862763785605,-0.6288627637856052,0.15190458237250715,1381.3905336407977,-0.015366016079750239,0.17718454068496137,-0.010045650941958964,0.0078125
1786719213.3641791,52.82000092700014,60.0,60.0,60.62716876223672,-0.627168762236721,0.15081040649481423,1381.7406699216594,-0.01532462381336356,0.17705318676656112,-0.011049510376783585,0.0078125
1786719213.3841236,52.84000118500012,60.0,60.0,60.62716876223672,-0.627168762236721,0.16434000880248414,1377.411197183205,-0.01532462381336356,0.17692183284816088,0.002611445849286565,-0.0078125
1786719213.4027326,52.86000118400011,60.0,60.0,60.62716876223672,-0.627168762236721,0.16967303737451195,1375.7046280401562,-0.01532462381336356,0.17679047892976063,0.008075828339714625,-0.0078125
1786719213.4251878,52.880000793000136,60.0,60.0,60.60305483688899,-0.6030548368889868,0.1635275883023402,1377.671171743251,-0.014735409463306245,0.17666417542007515,0.00147251883588585,0.001953125
1786719213.4427142,52.90000099500003,60.0,60.0,60.60305483688899,-0.6030548368889868,0.16075996099112325,1378.5568124828405,-0.014735409463306245,0.17653787191038967,-0.0011688049656456596,0.001953125
1786719213.4639862,52.92000073500003,60.0,60.0,60.6191988654478,-0.6191988654477996,0.159182654926783,1379.0615504234295,-0.015129882497348436,0.17640818720326956,-0.002225334486258264,0.001953125
1786719213.483946,52.94000073300003,60.0,60.0,60.6191988654478,-0.6191988654477996,0.16214598341141784,1378.1132853083463,-0.015129882497348436,0.17627850249614943,0.0008676787054966942,-0.001953125
1786719213.5028489,52.96000110199998,60.0,60.0,60.6191988654478,-0.6191988654477996,0.1632535039809997,1377.7588787260802,-0.015129882497348436,0.17614881778902933,0.0021048839821986775,-0.001953125
1786719213.5251794,52.980000879000045,60.0,60.0,60.59846586236455,-0.5984658623645487,0.16236749171924078,1378.0424026498429,-0.014623279662668028,0.17602347539192073,0.0008419535928794711,0.0
