wall,t,offset,pwm,angle,gz
1786718716.265722,2.556000026743277e-06,70,1430,0.6753722175242274,0.0
1786718716.276496,0.020001547999981995,70,1430,0.6753722175242274,0.107421875
1786718716.2938433,0.040000652000003356,70,1430,0.6753722175242274,0.107421875
1786718716.316598,0.060000699999932294,70,1430,0.9933768375814793,0.107421875
1786718716.3364985,0.08000089600000138,70,1430,0.9933768375814793,0.11328125
1786718716.353837,0.10000092500001756,70,1430,0.9933768375814793,0.11328125
1786718716.3781383,0.1200008619999835,70,1430,1.3150551608756302,0.107421875
1786718716.3938458,0.14000079899994944,70,1430,1.3150551608756302,0.107421875
1786718716.4165075,0.16000105099999473,70,1430,1.6160890025258823,0.107421875
1786718716.4365108,0.18000119099997391,70,1430,1.6160890025258823,0.1015625
1786718716.4538462,0.20000123900001654,70,1430,1.6160890025258823,0.1015625
1786718716.477514,0.22000087999992957,70,1430,1.8938821568678463,0.0859375
1786718716.4938262,0.24000083499993252,70,1430,1.8938821568678463,0.0859375
1786718716.5165234,0.2600010310000016,70,1430,2.1317070750358766,0.0859375
1786718716.5365095,0.28000098600000456,70,1430,2.1317070750358766,0.078125
1786718716.55382,0.30000101600001017,70,1430,2.1317070750358766,0.078125
1786718716.5782447,0.3200010819999761,70,1430,2.3342078162553435,0.064453125
1786718716.5938246,0.34000113000001875,70,1430,2.3342078162553435,0.064453125
1786718716.6165247,0.360000844999945,70,1430,2.5027117559051533,0.064453125
1786718716.636715,0.3800012259999903,70,1430,2.5027117559051533,0.05078125
1786718716.653871,0.40000116299995625,70,1430,2.5027117559051533,0.05078125
1786718716.6781566,0.420000932999983,70,1430,2.636804906858913,0.03515625
1786718716.6938748,0.4400009810000256,70,1430,2.636804906858913,0.03515625
1786718716.716568,0.460000937000018,70,1430,2.7256686147718483,0.03515625
1786718716.73649,0.48000079899998127,70,1430,2.7256686147718483,0.0234375
1786718716.7539458,0.5000012729999526,70,1430,2.7256686147718483,0.0234375
1786718716.7774506,0.5200009320000163,70,1430,2.775168228214028,0.009765625
1786718716.7938452,0.5400010170000087,70,1430,2.775168228214028,0.009765625
1786718716.815866,0.5600012689999403,70,1430,2.7904037294191255,0.009765625
1786718716.835842,0.580000928000004,70,1430,2.7904037294191255,-0.001953125
1786718716.8538418,0.6000010499999462,70,1430,2.7904037294191255,-0.001953125
1786718716.8773415,0.6200009499999624,70,1430,2.7702298761988686,-0.01171875
1786718716.8939388,0.6400010899999415,70,1430,2.7702298761988686,-0.01171875
1786718716.9158952,0.6600010270000212,70,1430,2.7254980272909677,-0.01171875
1786718716.9358041,0.6800009459999501,70,1430,2.7254980272909677,-0.015625
1786718716.953851,0.7000009749999663,70,1430,2.7254980272909677,-0.015625
1786718716.9778314,0.7200011899999481,70,1430,2.6713920194097796,-0.0234375
1786718716.9938288,0.7400009780000119,70,1430,2.6713920194097796,-0.0234375
1786718717.0159001,0.7600009530000307,70,1430,2.6118554768698914,-0.0234375
1786718717.0360296,0.7800010199999861,70,1430,2.6118554768698914,-0.025390625
1786718717.0538654,0.8000010499999917,70,1430,2.6118554768698914,-0.025390625
1786718717.0775692,0.820001116999947,70,1430,2.53722254479257,-0.0234375
1786718717.0938408,0.8400008879999632,70,1430,2.53722254479257,-0.0234375
1786718717.1158621,0.8600008070000058,70,1430,2.4732277775098908,-0.0234375
1786718717.135815,0.8800011329999506,70,1430,2.4732277775098908,-0.021484375
1786718717.1537979,0.9000007189999906,70,1430,2.4732277775098908,-0.021484375
1786718717.1774602,0.9200010449999354,70,1430,2.413694865868422,-0.0234375
1786718717.193842,0.9400007980000282,70,1430,2.413694865868422,-0.0234375
1786718717.215869,0.9600009019999334,70,1430,2.353992582296968,-0.0234375
1786718717.235876,0.980001451000021,70,1430,2.353992582296968,-0.01953125
1786718717.2532487,1.0000008509999816,70,1430,2.353992582296968,-0.01953125
1786718717.2775161,1.020000806999974,70,1430,2.294852003237537,-0.01953125
1786718717.2938137,1.040000966999969,70,1430,2.294852003237537,-0.01953125
1786718717.3159513,1.060000663999972,70,1430,2.245380495897109,-0.01953125
1786718717.335805,1.0800010460000067,70,1430,2.245380495897109,-0.013671875
1786718717.3538463,1.1000008349999462,70,1430,2.245380495897109,-0.013671875
1786718717.3775196,1.1200011979999545,70,1430,2.2107100795570034,-0.009765625
1786718717.3938255,1.1400008399999706,70,1430,2.2107100795570034,-0.009765625
1786718717.4158697,1.1600012029999789,70,1430,2.176195512641783,-0.009765625
1786718717.4358487,1.1800011409999343,70,1430,2.176195512641783,-0.0078125
1786718717.4538198,1.2000007629999345,70,1430,2.176195512641783,-0.0078125
1786718717.477702,1.2200014420000116,70,1430,2.156197100315552,-0.005859375
1786718717.4938347,1.2400010459999748,70,1430,2.156197100315552,-0.005859375
1786718717.515893,1.2600008910000042,70,1430,2.1463112413883607,-0.005859375
1786718717.5351532,1.2800008839999464,70,1430,2.1463112413883607,0.0
1786718717.5538228,1.3000013399999943,70,1430,2.1463112413883607,0.0
1786718717.5775719,1.3200013150000132,70,1430,2.1513403098905144,0.00390625
1786718717.5938423,1.34000077099995,70,1430,2.1513403098905144,0.00390625
1786718717.6158917,1.3600008189999926,70,1430,2.1614365040034897,0.00390625
1786718717.6360204,1.3800013310000168,70,1430,2.1614365040034897,0.00390625
1786718717.6539257,1.4000011939999695,70,1430,2.1614365040034897,0.00390625
1786718717.67755,1.420000984000012,70,1430,2.176195512641783,0.00390625
1786718717.6939917,1.4400015879999728,70,1430,2.176195512641783,0.00390625
1786718717.7152448,1.46000109900001,70,1430,2.1812249024194728,0.00390625
1786718717.735148,1.480000888999939,70,1430,2.1812249024194728,0.001953125
1786718717.753137,1.500000956000008,70,1430,2.1812249024194728,0.001953125
1786718717.77676,1.5200009860000137,70,1430,2.186081585648708,-0.001953125
1786718717.7938533,1.540000813000006,70,1430,2.186081585648708,-0.001953125
1786718717.815183,1.5600009349999482,70,1430,2.1810521958710183,-0.001953125
1786718717.8351643,1.5800008169999273,70,1430,2.1810521958710183,-0.001953125
1786718717.853877,1.6000009580000096,70,1430,2.1810521958710183,-0.001953125
1786718717.876885,1.6200011180000047,70,1430,2.176195512641783,0.0
1786718717.8938332,1.640000703999931,70,1430,2.176195512641783,0.0
1786718717.9156828,1.6600010299999894,70,1430,2.176195512641783,0.0
1786718717.9351256,1.680000930999995,70,1430,2.176195512641783,0.0
1786718717.9538803,1.7000012569999399,70,1430,2.176195512641783,0.0
1786718717.976746,1.7200008429999798,70,1430,2.1759843516887543,0.0
1786718717.9938593,1.7400010210000119,70,1430,2.1759843516887543,0.0
1786718718.015669,1.7600008480000042,70,1430,2.1759843516887543,0.0
1786718718.0352361,1.7800007119999464,70,1430,2.1759843516887543,0.001953125
1786718718.053866,1.8000009090000049,70,1430,2.1759843516887543,0.001953125
1786718718.0768578,1.8200010699999893,70,1430,2.1812411425597986,0.0
1786718718.093864,1.840001081999958,70,1430,2.1812411425597986,0.0
1786718718.1158085,1.8600014459999556,70,1430,2.1812411425597986,0.0
1786718718.13516,1.880001143999948,70,1430,2.1812411425597986,0.001953125
1786718718.1538641,1.9000009339999906,70,1430,2.1812411425597986,0.001953125
1786718718.176879,1.9200011499999619,70,1430,2.176211312167368,-0.00390625
1786718718.193838,1.9400008840000282,70,1430,2.176211312167368,-0.00390625
1786718718.2156804,1.9600009709999995,70,1430,2.176211312167368,-0.00390625
1786718718.2351773,1.9800014090000104,70,1430,2.176211312167368,0.001953125
1786718718.2529187,2.000001420999979,70,1430,2.176211312167368,0.001953125
1786718718.276896,2.020001285000035,70,1430,2.1711814419228403,0.0
1786718718.2938466,2.04000113099994,70,1430,2.1711814419228403,0.0
1786718718.3152785,2.060000772999956,70,1430,2.1711814419228403,0.0
1786718718.3351374,2.0800007670000014,70,1430,2.1711814419228403,0.0
1786718718.3538861,2.100001241999962,70,1430,2.1711814419228403,0.0
1786718718.3769014,2.120000938999965,70,1430,2.1711814419228403,0.001953125
1786718718.39385,2.140000877000034,70,1430,2.1711814419228403,0.001953125
1786718718.4149258,2.160001018999992,70,1430,2.1711814419228403,0.001953125
1786718718.4348943,2.1800011980000136,70,1430,2.1711814419228403,0.0
1786718718.453253,2.2000008589999425,70,1430,2.1711814419228403,0.0
1786718718.4761388,2.220001001000014,70,1430,2.1711814419228403,0.0
1786718718.4933007,2.2400010499999325,70,1430,2.1711814419228403,0.0
1786718718.5148065,2.2600008770000386,70,1430,2.1661515319033526,0.0
1786718718.5349312,2.2800011120000363,70,1430,2.1661515319033526,0.0
1786718718.5532637,2.3000007159999996,70,1430,2.1661515319033526,0.0
1786718718.5760875,2.3200010809999867,70,1430,2.1661366136387414,-0.001953125
1786718718.593259,2.340001073999929,70,1430,2.1661366136387414,-0.001953125
1786718718.6148024,2.360000789999958,70,1430,2.1661366136387414,-0.001953125
1786718718.6349201,2.380001395000022,70,1430,2.1661366136387414,0.001953125
1786718718.6533551,2.400001148000001,70,1430,2.1661366136387414,0.001953125
1786718718.6760187,2.42000080899993,70,1430,2.1709396029337427,-0.001953125
1786718718.693276,2.440000746999999,70,1430,2.1709396029337427,-0.001953125
1786718718.7148223,2.4600008520000074,70,1430,2.1711507996880925,-0.001953125
1786718718.7347994,2.480001216000005,70,1430,2.1711507996880925,0.0
1786718718.7535813,2.500000820999958,70,1430,2.1711507996880925,0.0
1786718718.776004,2.520000980999953,70,1430,2.1760078938494587,0.0
1786718718.7932422,2.5400007709999954,70,1430,2.1760078938494587,0.0
1786718718.8148148,2.560001116999956,70,1430,2.1808649521309746,0.0
1786718718.8347394,2.580001055000025,70,1430,2.1808649521309746,0.0
1786718718.853124,2.600001012000007,70,1430,2.1808649521309746,0.0
1786718718.8758802,2.6200009499999624,70,1430,2.1808649521309746,0.0
1786718718.8930366,2.6400007029999415,70,1430,2.1808649521309746,0.0
1786718718.9146256,2.660000881999963,70,1430,2.1806385117962463,0.0
1786718718.9345655,2.680000967999945,70,1430,2.1806385117962463,0.0
1786718718.9529743,2.700000906000014,70,1430,2.1806385117962463,0.0
1786718718.975722,2.7200008449999586,70,1430,2.1806929456381567,0.001953125
1786718718.992893,2.7400008569999272,70,1430,2.1806929456381567,0.001953125
1786718719.01447,2.7600009619999355,70,1430,2.185721974463263,0.001953125
1786718719.0345232,2.7800008079999543,70,1430,2.185721974463263,0.001953125
1786718719.052822,2.800000987999965,70,1430,2.185721974463263,0.001953125
1786718719.0755618,2.8200012419999894,70,1430,2.1857360250286604,0.0
1786718719.0928063,2.840000903000032,70,1430,2.1857360250286604,0.0
1786718719.114325,2.8600008789999265,70,1430,2.180706555644889,0.0
1786718719.134287,2.880000891000009,70,1430,2.180706555644889,0.0
1786718719.1528096,2.9000010710000197,70,1430,2.180706555644889,0.0
1786718719.1754804,2.9200014169999804,70,1430,2.1756379615571007,0.001953125
1786718719.1928349,2.940001023000036,70,1430,2.1756379615571007,0.001953125
1786718719.2141569,2.9600012949999837,70,1430,2.1756379615571007,0.001953125
1786718719.234209,2.9800011229999654,70,1430,2.1756379615571007,0.0
1786718719.2528481,3.0000014879999526,70,1430,2.1756379615571007,0.0
1786718719.2753348,3.020001093000019,70,1430,2.1758640407747407,0.0
1786718719.2928233,3.0400009210000007,70,1430,2.1758640407747407,0.0
1786718719.3141172,3.060001175000025,70,1430,2.1758640407747407,0.0
1786718719.334646,3.0800011689999565,70,1430,2.1758640407747407,0.0
1786718719.3528275,3.1000009230000387,70,1430,2.1758640407747407,0.0
1786718719.3757396,3.1200008619999835,70,1430,2.1758640407747407,0.0
1786718719.3928137,3.140001133999931,70,1430,2.1758640407747407,0.0
1786718719.4144871,3.1600010170000132,70,1430,2.1758640407747407,0.0
1786718719.4344583,3.1800012889999607,70,1430,2.1758640407747407,0.0
1786718719.452816,3.2000008950000165,70,1430,2.1758640407747407,0.0
1786718719.4757915,3.2200007229999983,70,1430,2.171007804269834,0.0
1786718719.4928126,3.2400007359999563,70,1430,2.171007804269834,0.0
1786718719.5157528,3.2600009519999276,70,1430,2.171007804269834,0.0
1786718719.532812,3.2800011319999385,70,1430,2.171007804269834,0.0
1786718719.5528004,3.300001070999997,70,1430,2.171007804269834,0.0
1786718719.5756946,3.3200010649999285,70,1430,2.171007804269834,0.0
1786718719.5928092,3.340000893000024,70,1430,2.171007804269834,0.0
1786718719.615587,3.3600010540000085,70,1430,2.171007804269834,0.0
1786718719.6330347,3.3800016410000353,70,1430,2.171007804269834,0.0
1786718719.6529648,3.400001301999964,70,1430,2.171007804269834,0.0
1786718719.6755288,3.4200013339999487,70,1430,2.1659778545523807,0.0
1786718719.6929698,3.4400013649999437,70,1430,2.1659778545523807,0.0
1786718719.7154825,3.4600014339999916,70,1430,2.1659778545523807,0.0
1786718719.7328084,3.4800005949999786,70,1430,2.1659778545523807,0.0
1786718719.7527325,3.500000645,70,1430,2.1659778545523807,0.0
1786718719.7750394,3.520000565000032,70,1430,2.1659778545523807,0.0
1786718719.7927163,3.54000067100003,70,1430,2.1659778545523807,0.0
1786718719.8139682,3.560000479999985,70,1430,2.1659778545523807,0.0
1786718719.8338609,3.580000825999946,70,1430,2.1659778545523807,0.0
1786718719.8528647,3.6000012829999832,70,1430,2.1659778545523807,0.0
1786718719.8752306,3.620000815000026,70,1430,2.1659778545523807,0.0
1786718719.8928094,3.640000901999997,70,1430,2.1659778545523807,0.0
1786718719.9152002,3.6600008959999286,70,1430,2.1659778545523807,0.0
1786718719.9327948,3.6800009280000268,70,1430,2.1659778545523807,0.0
1786718719.9527986,3.7000009959999716,70,1430,2.1659778545523807,0.0
1786718719.9759493,3.7200011759999825,70,1430,2.1659778545523807,0.0
1786718719.992817,3.7400007820000383,70,1430,2.1659778545523807,0.0
1786718720.0158782,3.7600011470000254,70,1430,2.1659778545523807,0.0
1786718720.032855,3.7800012159999596,70,1430,2.1659778545523807,0.0
1786718720.0528135,3.800000858999965,70,1430,2.1659778545523807,0.0
1786718720.0758858,3.8200015019999682,70,1430,2.1659778545523807,0.0
1786718720.0927987,3.8400012749999632,70,1430,2.1659778545523807,0.0
1786718720.1165588,3.8600008439999556,70,1430,2.1659778545523807,0.0
1786718720.1329184,3.8800012839999454,70,1430,2.1659778545523807,0.0
1786718720.15282,3.900000982999927,70,1430,2.1659778545523807,0.0
1786718720.1765928,3.920000866999999,70,1430,2.1659778545523807,0.0
1786718720.1928065,3.9400008620000335,70,1430,2.1659778545523807,0.0
1786718720.2165387,3.960001023000018,70,1430,2.1659778545523807,0.0
1786718720.2328475,3.9800012219999417,70,1430,2.1659778545523807,0.0
1786718720.25284,4.000001032,70,1430,2.1659778545523807,0.0
1786718720.2765694,4.020001137999998,70,1430,2.1609104570250963,0.0
1786718720.2928147,4.0400011149999955,70,1430,2.1609104570250963,0.0
1786718720.316636,4.060000979999927,70,1430,2.1609104570250963,0.0
1786718720.332825,4.080001142000015,70,1430,2.1609104570250963,0.0
1786718720.3528147,4.100001136999936,70,1430,2.1609104570250963,0.0
1786718720.3759158,4.120000705999928,70,1430,2.1609104570250963,0.0
1786718720.3927972,4.140000998000005,70,1430,2.1609104570250963,0.0
1786718720.416513,4.160000974000013,70,1430,2.161136135217447,0.0
1786718720.432855,4.180000913999947,70,1430,2.161136135217447,0.0
1786718720.4528172,4.200000760999956,70,1430,2.161136135217447,0.0
1786718720.478698,4.220000996999943,70,1430,2.161136135217447,0.0
1786718720.4928174,4.240001065999991,70,1430,2.161136135217447,0.0
1786718720.5179658,4.260000967999986,70,1430,2.161136135217447,0.0
1786718720.5328174,4.280001203999973,70,1430,2.161136135217447,0.0
1786718720.5540478,4.300000976999968,70,1430,2.161136135217447,0.0
1786718720.5753827,4.3200012500000184,70,1430,2.161136135217447,0.0
1786718720.5928931,4.340001540999992,70,1430,2.161136135217447,0.0
1786718720.617974,4.3600010179999344,70,1430,2.161136135217447,0.0
1786718720.6329393,4.380001846000027,70,1430,2.161136135217447,0.0
1786718720.6541717,4.400001360000033,70,1430,2.161136135217447,0.0
1786718720.675301,4.420000706999986,70,1430,2.161136135217447,0.0
1786718720.692826,4.440001145999986,70,1430,2.161136135217447,0.0
1786718720.7187126,4.460001233999947,70,1430,2.161136135217447,0.0
1786718720.732997,4.480001006999942,70,1430,2.161136135217447,0.0
1786718720.7541432,4.500001853999947,70,1430,2.161136135217447,0.0
1786718720.775251,4.520000829999958,70,1430,2.161136135217447,0.0
1786718720.7927759,4.540000936999945,70,1430,2.161136135217447,0.0
1786718720.817945,4.560000876000004,70,1430,2.161136135217447,0.0
1786718720.8328173,4.580001166999978,70,1430,2.161136135217447,0.0
1786718720.8540678,4.600000903000023,70,1430,2.161136135217447,0.0
1786718720.875292,4.620001287000036,70,1430,2.161136135217447,0.0
1786718720.892791,4.640001245000008,70,1430,2.161136135217447,0.0
1786718720.9186563,4.6600007769999365,70,1430,2.161136135217447,0.0
1786718720.932795,4.680000920999987,70,1430,2.161136135217447,0.0
1786718720.9540238,4.700001194000038,70,1430,2.161136135217447,0.0
1786718720.977455,4.720001002999993,70,1430,2.161136135217447,0.0
1786718720.9935558,4.74000123899998,70,1430,2.161136135217447,0.0
1786718721.0194824,4.760001252999928,70,1430,2.161136135217447,0.0
1786718721.0328352,4.780001322999965,70,1430,2.161136135217447,0.0
1786718721.05548,4.800001170999963,70,1430,2.1609104570250963,0.0
1786718721.0767107,4.820001017999971,70,1430,2.1609104570250963,0.0
1786718721.0934336,4.840001162000021,70,1430,2.1609104570250963,0.0
1786718721.1194835,4.860001157999932,70,1430,2.1611215821858707,0.0
1786718721.1340833,4.88000106100003,70,1430,2.1611215821858707,0.0
1786718721.155322,4.900000815999988,70,1430,2.1611215821858707,0.0
1786718721.177301,4.9200011639999275,70,1430,2.1611215821858707,0.0
1786718721.19408,4.940000863000023,70,1430,2.1611215821858707,0.0
1786718721.2194836,4.960000950999984,70,1430,2.1611215821858707,0.0
1786718721.2339504,4.980000909999944,70,1430,2.1611215821858707,0.0
1786718721.255505,5.000001349999934,70,1430,2.1611215821858707,0.0
1786718721.2771814,5.02000073499994,70,1430,2.1611215821858707,0.0
1786718721.293908,5.04000104499994,70,1430,2.1611215821858707,0.0
1786718721.3191414,5.0600009490000275,70,1430,2.160895943614406,0.0
1786718721.3338275,5.0800007220000225,70,1430,2.160895943614406,0.0
1786718721.3553367,5.1000012179999885,70,1430,2.160895943614406,0.0
1786718721.3764296,5.120001176999949,70,1430,2.160895943614406,0.0
1786718721.393823,5.140000932000021,70,1430,2.160895943614406,0.0
1786718721.419172,5.160000852999929,70,1430,2.160895943614406,0.0
1786718721.4338415,5.180001107999942,70,1430,2.160895943614406,0.0
1786718721.4560835,5.200000973999977,70,1430,2.1611071045674635,0.0
1786718721.4772182,5.220000989000027,70,1430,2.1611071045674635,0.0
1786718721.4938326,5.240001113999938,70,1430,2.1611071045674635,0.0
1786718721.5191593,5.260001202000012,70,1430,2.1611071045674635,0.0
1786718721.5338407,5.28000082799997,70,1430,2.1611071045674635,0.0
1786718721.5567532,5.3000012489999335,70,1430,2.160895943614406,0.0
1786718721.5771875,5.320001244999958,70,1430,2.160895943614406,0.0
1786718721.5938528,5.340000667000027,70,1430,2.160895943614406,0.0
1786718721.6191473,5.360001088999979,70,1430,2.160895943614406,0.0
1786718721.633949,5.380001806999985,70,1430,2.160895943614406,0.0
1786718721.656842,5.400001449999991,70,1430,2.1611215821858707,0.0
1786718721.6771226,5.420001130999935,70,1430,2.1611215821858707,0.0
1786718721.6938822,5.440001145999986,70,1430,2.1611215821858707,0.0
1786718721.7192442,5.4600007709999545,70,1430,2.1611215821858707,0.0
1786718721.7338274,5.480000969999992,70,1430,2.1611215821858707,0.0
1786718721.7567701,5.500000763000003,70,1430,2.1611215821858707,0.0
1786718721.7770998,5.520001239999942,70,1430,2.1611215821858707,0.0
1786718721.793859,5.540001124000014,70,1430,2.1611215821858707,0.0
1786718721.8186796,5.560001064999938,70,1430,2.1611215821858707,0.0
1786718721.8338695,5.580000968000036,70,1430,2.1611215821858707,0.0
1786718721.857214,5.60000090799997,70,1430,2.156091592847531,0.0
1786718721.8771315,5.620000940999944,70,1430,2.156091592847531,0.0
1786718721.8939183,5.640001084999994,70,1430,2.156091592847531,0.0
1786718721.9192405,5.660000783999976,70,1430,2.156091592847531,0.0
1786718721.9338334,5.680001058000016,70,1430,2.156091592847531,0.0
1786718721.9571538,5.700001145999977,70,1430,2.1558804676867283,0.0
1786718721.9771223,5.7200009939999745,70,1430,2.1558804676867283,0.0
1786718721.9938393,5.740001193000012,70,1430,2.1558804676867283,0.0
1786718722.0191698,5.760000837000007,70,1430,2.1558804676867283,0.0
1786718722.0339532,5.780001037000034,70,1430,2.1558804676867283,0.0
1786718722.0572517,5.800001015000021,70,1430,2.1558804676867283,0.0
1786718722.0771182,5.820000937000032,70,1430,2.1558804676867283,0.0
1786718722.0938628,5.8400008410000055,70,1430,2.1558804676867283,0.0
1786718722.1191766,5.860000670999966,70,1430,2.1561057051454497,0.0
1786718722.1338181,5.880000964000033,70,1430,2.1561057051454497,0.0
1786718722.1565168,5.900000681999927,70,1430,2.1561057051454497,0.0
1786718722.177088,5.920000752999954,70,1430,2.1561057051454497,0.0
1786718722.1938448,5.940001007999967,70,1430,2.1561057051454497,0.0
1786718722.218444,5.960001153000007,70,1430,2.1561057051454497,0.0
1786718722.2338674,5.980000926999992,70,1430,2.1561057051454497,0.0
1786718722.2572064,6.000001201000032,70,1430,2.1561057051454497,0.0
1786718722.2770987,6.020000846000016,70,1430,2.1561057051454497,0.0
1786718722.2938235,6.040000768000027,70,1430,2.1561057051454497,0.0
1786718722.3181362,6.060000986999967,70,1430,2.1561057051454497,0.0
1786718722.3338356,6.080000964999954,70,1430,2.1561057051454497,0.0
1786718722.355741,6.100001109000004,70,1430,2.1561057051454497,0.0
1786718722.3771384,6.120001123999941,70,1430,2.1561057051454497,0.0
1786718722.393832,6.1400009540000156,70,1430,2.1561057051454497,0.0
1786718722.4184573,6.160001061000003,70,1430,2.1561057051454497,0.0
1786718722.43384,6.180000799000027,70,1430,2.1561057051454497,0.0
1786718722.4571962,6.200001443000019,70,1430,2.1561057051454497,0.0
1786718722.4771392,6.220000828000025,70,1430,2.1561057051454497,0.0
1786718722.4938421,6.240000954000038,70,1430,2.1561057051454497,0.0
1786718722.5185456,6.260001283999941,70,1430,2.1561057051454497,0.0
1786718722.5338452,6.280000984000026,70,1430,2.1561057051454497,0.0
1786718722.5571465,6.300000850999936,70,1430,2.1561057051454497,0.0
1786718722.5772572,6.320001088000026,70,1430,2.1561057051454497,0.0
1786718722.59325,6.340000917999987,70,1430,2.1561057051454497,0.0
1786718722.6184773,6.3600010440000005,70,1430,2.1561057051454497,0.0
1786718722.6339633,6.3800014290000036,70,1430,2.1561057051454497,0.0
1786718722.656688,6.400001426000017,70,1430,2.1561057051454497,0.0
1786718722.6771193,6.420000828999946,70,1430,2.1561057051454497,0.0
1786718722.6938617,6.44000069599997,70,1430,2.1561057051454497,0.0
1786718722.7185266,6.460001174000013,70,1430,2.1561057051454497,0.0
1786718722.7338343,6.48000118899995,70,1430,2.1561057051454497,0.0
1786718722.7571864,6.500000907999947,70,1430,2.1561057051454497,0.0
1786718722.777119,6.520000922999998,70,1430,2.1561057051454497,0.0
1786718722.7938306,6.540000937999935,70,1430,2.1561057051454497,0.0
1786718722.818296,6.560001137999961,70,1430,2.1561057051454497,0.0
1786718722.8338342,6.580001078000009,70,1430,2.1561057051454497,0.0
1786718722.8565788,6.600001204000023,70,1430,2.1561057051454497,0.0
1786718722.876378,6.620001107999997,70,1430,2.1561057051454497,0.0
1786718722.893833,6.640000807999968,70,1430,2.1561057051454497,0.0
1786718722.9181488,6.660001063999971,70,1430,2.1561057051454497,0.0
1786718722.9338484,6.680000856999982,70,1430,2.1561057051454497,0.0
1786718722.9564917,6.700001037999982,70,1430,2.155894615767778,0.0
1786718722.9764977,6.7200009609999825,70,1430,2.155894615767778,0.0
1786718722.99384,6.740001624000001,70,1430,2.155894615767778,0.0
1786718723.0181723,6.760000916999957,70,1430,2.155894615767778,0.0
1786718723.0338185,6.780000728999994,70,1430,2.155894615767778,0.0
1786718723.056597,6.800001113999997,70,1430,2.155894615767778,0.0
1786718723.076502,6.8200012039999365,70,1430,2.155894615767778,0.0
1786718723.0932367,6.840000959999998,70,1430,2.155894615767778,0.0
1786718723.1181545,6.860000808999985,70,1430,2.155894615767778,0.0
1786718723.1338317,6.880000695000035,70,1430,2.155894615767778,0.0
1786718723.1566775,6.900001525999983,70,1430,2.1561057051454497,0.0
1786718723.1764863,6.920001134000017,70,1430,2.1561057051454497,0.0
1786718723.193826,6.940001131000031,70,1430,2.1561057051454497,0.0
1786718723.2182174,6.9600010719999545,70,1430,2.1561057051454497,0.0
1786718723.2338047,6.980001068999968,70,1430,2.1561057051454497,0.0
1786718723.2565765,7.000001102999931,70,1430,2.1561057051454497,0.0
1786718723.2764885,7.020001192999985,70,1430,2.1561057051454497,0.0
1786718723.2938335,7.0400007460000324,70,1430,2.1561057051454497,0.0
1786718723.3181899,7.060000669000033,70,1430,2.1558804676867283,0.0
1786718723.3338442,7.080001035999999,70,1430,2.1558804676867283,0.0
1786718723.3565428,7.100000995999949,70,1430,2.1558804676867283,0.0
1786718723.3763988,7.120001177999939,70,1430,2.1558804676867283,0.0
1786718723.3938382,7.140000750000013,70,1430,2.1558804676867283,0.0
1786718723.4181762,7.160001301999955,70,1430,2.156091592847531,0.0
1786718723.4338508,7.180001020999953,70,1430,2.156091592847531,0.0
1786718723.4559114,7.200001295999982,70,1430,2.156091592847531,0.0
1786718723.4765446,7.2200010899999825,70,1430,2.156091592847531,0.0
1786718723.493895,7.240001197999959,70,1430,2.156091592847531,0.0
1786718723.5173683,7.26000076899993,70,1430,2.156091592847531,0.0
1786718723.533825,7.280000765999944,70,1430,2.156091592847531,0.0
1786718723.5559099,7.300000780999994,70,1430,2.156091592847531,0.0
1786718723.5759337,7.320001296999976,70,1430,2.156091592847531,0.0
1786718723.5928686,7.340000793999934,70,1430,2.156091592847531,0.0
1786718723.617241,7.360001106000027,70,1430,2.156091592847531,0.0
1786718723.633923,7.380001046999951,70,1430,2.156091592847531,0.0
1786718723.656039,7.400001082000017,70,1430,2.156091592847531,0.0
1786718723.6758223,7.4200008560000015,70,1430,2.156091592847531,0.0
1786718723.693939,7.440001038999981,70,1430,2.156091592847531,0.0
1786718723.7177203,7.460001146999957,70,1430,2.156091592847531,0.0
1786718723.7338374,7.480000773000029,70,1430,2.156091592847531,0.0
1786718723.7558737,7.500000881999995,70,1430,2.156091592847531,0.0
1786718723.7758262,7.520001044999958,70,1430,2.156091592847531,0.0
1786718723.7938368,7.540000672000019,70,1430,2.156091592847531,0.0
1786718723.8174927,7.5600006879999455,70,1430,2.1558804676867283,0.0
1786718723.8338149,7.580000998999935,70,1430,2.1558804676867283,0.0
1786718723.8559992,7.600001218999978,70,1430,2.1558804676867283,0.0
1786718723.8752832,7.620001067999965,70,1430,2.1558804676867283,0.0
1786718723.8938465,7.6400011759999416,70,1430,2.1558804676867283,0.0
1786718723.91754,7.660001116999979,70,1430,2.1558804676867283,0.0
1786718723.9338224,7.680001059000006,70,1430,2.1558804676867283,0.0
1786718723.9559042,7.700001092999969,70,1430,2.1561057051454497,0.0
1786718723.9758742,7.720000867999943,70,1430,2.1561057051454497,0.0
1786718723.9938602,7.7400008280000065,70,1430,2.1561057051454497,0.0
1786718724.0175438,7.760000805999994,70,1430,2.1558804676867283,0.0
1786718724.0338316,7.780001230000039,70,1430,2.1558804676867283,0.0
1786718724.0559418,7.800001135000002,70,1430,2.1558804676867283,0.0
1786718724.0758224,7.820000836999952,70,1430,2.1558804676867283,0.0
1786718724.0934935,7.840001205000021,70,1430,2.1558804676867283,0.0
1786718724.1175497,7.8600011469999345,70,1430,2.156091592847531,0.0
1786718724.1338396,7.880000977999998,70,1430,2.156091592847531,0.0
1786718724.1558778,7.900000937999948,70,1430,2.156091592847531,0.0
1786718724.1759331,7.920001251000031,70,1430,2.156091592847531,0.0
1786718724.1938357,7.940001192999944,70,1430,2.156091592847531,0.0
1786718724.2175586,7.960001449999936,70,1430,2.156091592847531,0.0
1786718724.2338428,7.980001170000037,70,1430,2.156091592847531,0.0
1786718724.2559342,8.00000120499999,70,1430,2.156091592847531,0.0
1786718724.2758524,8.020000979999963,70,1430,2.156091592847531,0.0
1786718724.2938411,8.04000108899993,70,1430,2.156091592847531,0.0
1786718724.317532,8.060001123999996,70,1430,2.155866394932673,0.0
1786718724.333858,8.08000089899997,70,1430,2.155866394932673,0.0
1786718724.3559015,8.100000989000023,70,1430,2.155866394932673,0.0
1786718724.3751607,8.120001079999952,70,1430,2.155866394932673,0.0
1786718724.3938568,8.140000781000026,70,1430,2.155866394932673,0.0
1786718724.4167936,8.160000926999942,70,1430,2.155866394932673,0.0
1786718724.4338653,8.180000832000019,70,1430,2.155866394932673,0.0
1786718724.4552064,8.200001422000014,70,1430,2.155866394932673,0.0
1786718724.4751658,8.22000117899995,70,1430,2.155866394932673,0.0
1786718724.4938347,8.240001028999927,70,1430,2.155866394932673,0.0
1786718724.5167332,8.260001303999957,70,1430,2.1560775558857017,0.0
1786718724.5338428,8.28000104299997,70,1430,2.1560775558857017,0.0
1786718724.555146,8.30000122599995,70,1430,2.1560775558857017,0.0
1786718724.5752485,8.320001445000003,70,1430,2.1560775558857017,0.0
1786718724.594016,8.340001127999926,70,1430,2.1560775558857017,0.0
1786718724.6168766,8.360000848000027,70,1430,2.1560775558857017,0.0
1786718724.6339595,8.380001326999945,70,1430,2.1560775558857017,0.0
1786718724.6558619,8.400001621000001,70,1430,2.1560775558857017,0.0
1786718724.6751523,8.42000095200001,70,1430,2.1560775558857017,0.0
1786718724.6938655,8.440000671999996,70,1430,2.1560775558857017,0.0
1786718724.716803,8.460000965999939,70,1430,2.155866394932673,0.0
1786718724.7338247,8.480000908999955,70,1430,2.155866394932673,0.0
1786718724.7551174,8.500000924999995,70,1430,2.155866394932673,0.0
1786718724.7751205,8.520000958999958,70,1430,2.155866394932673,0.0
1786718724.793869,8.540000827999961,70,1430,2.155866394932673,0.0
1786718724.8168879,8.560000695999975,70,1430,2.156091592847531,0.0
1786718724.8338401,8.580001045000017,70,1430,2.156091592847531,0.0
1786718724.8557348,8.600001023999994,70,1430,2.156091592847531,0.0
1786718724.8744433,8.620001151999986,70,1430,2.156091592847531,0.0
1786718724.8938391,8.640000722999957,70,1430,2.156091592847531,0.0
1786718724.9168708,8.660000832000037,70,1430,2.156091592847531,0.0
1786718724.9338493,8.68000077399995,70,1430,2.156091592847531,0.0
1786718724.955659,8.700001216000032,70,1430,2.156091592847531,0.0
1786718724.9751375,8.72000080700002,70,1430,2.156091592847531,0.0
1786718724.9938543,8.740000879000036,70,1430,2.156091592847531,0.0
1786718725.016849,8.760000894999962,70,1430,2.156091592847531,0.0
1786718725.033858,8.780000614999949,70,1430,2.156091592847531,0.0
1786718725.0549517,8.800000817999944,70,1430,2.1558804676867283,0.0
1786718725.0749297,8.820000778999997,70,1430,2.1558804676867283,0.0
1786718725.093859,8.840000887999963,70,1430,2.1558804676867283,0.0
1786718725.1160827,8.860000663999926,70,1430,2.1558804676867283,0.0
1786718725.1332471,8.880000810999945,70,1430,2.1558804676867283,0.0
1786718725.154962,8.900000846000012,70,1430,2.1558804676867283,0.0
1786718725.1748998,8.920001344999946,70,1430,2.1558804676867283,0.0
1786718725.1932635,8.94000095399997,70,1430,2.1558804676867283,0.0
1786718725.2160997,8.960000951999973,70,1430,2.1561057051454497,0.0
1786718725.233239,8.98000080199995,70,1430,2.1561057051454497,0.0
1786718725.2548897,9.000001004999945,70,1430,2.1558804676867283,0.0
1786718725.2748654,9.020000761999995,70,1430,2.1558804676867283,0.0
1786718725.2932608,9.040000667999948,70,1430,2.1558804676867283,0.0
1786718725.3159935,9.060000943999967,70,1430,2.1558804676867283,0.0
1786718725.3332703,9.080001145999972,70,1430,2.1558804676867283,0.0
1786718725.3548265,9.100000978000025,70,1430,2.156091592847531,0.0
1786718725.3745718,9.120001271999968,70,1430,2.156091592847531,0.0
1786718725.3932383,9.140001030000008,70,1430,2.156091592847531,0.0
1786718725.4160094,9.160000916999934,70,1430,2.156091592847531,0.0
1786718725.4332383,9.180000971000027,70,1430,2.156091592847531,0.0
1786718725.454829,9.200001468999972,70,1430,2.156091592847531,0.0
1786718725.474794,9.220001042000035,70,1430,2.156091592847531,0.0
1786718725.4932015,9.240001040000038,70,1430,2.156091592847531,0.0
1786718725.5159266,9.260000797999965,70,1430,2.156091592847531,0.0
1786718725.533106,9.280001239999933,70,1430,2.156091592847531,0.0
1786718725.5546925,9.30000088700001,70,1430,2.156091592847531,0.0
1786718725.5746517,9.320000885000013,70,1430,2.156091592847531,0.0
1786718725.5930188,9.340001105999931,70,1430,2.156091592847531,0.0
1786718725.615835,9.360001177999948,70,1430,2.156091592847531,0.0
1786718725.6330426,9.38000143599993,70,1430,2.156091592847531,0.0
1786718725.6546555,9.400001396999983,70,1430,2.1558804676867283,0.0
1786718725.674496,9.420001265999986,70,1430,2.1558804676867283,0.0
1786718725.6929083,9.440000800999996,70,1430,2.1558804676867283,0.0
1786718725.7156508,9.460000891999925,70,1430,2.1558804676867283,0.0
1786718725.732811,9.480000742000016,70,1430,2.1558804676867283,0.0
1786718725.7543864,9.500000832999945,70,1430,2.156091592847531,0.0
1786718725.7744036,9.520001053999977,70,1430,2.156091592847531,0.0
1786718725.792817,9.540000941000017,70,1430,2.156091592847531,0.0
1786718725.815487,9.560000661000004,70,1430,2.156091592847531,0.0
1786718725.8328102,9.580001215000038,70,1430,2.156091592847531,0.0
1786718725.8542523,9.600001305999967,70,1430,2.156091592847531,0.0
1786718725.8742275,9.620000822999941,70,1430,2.156091592847531,0.0
1786718725.8928244,9.640001117999986,70,1430,2.156091592847531,0.0
1786718725.9153345,9.660000672000024,70,1430,2.156091592847531,0.0
1786718725.9328153,9.680001095999955,70,1430,2.156091592847531,0.0
1786718725.9540677,9.700001019999945,70,1430,2.156091592847531,0.0
1786718725.9740605,9.72000109299995,70,1430,2.156091592847531,-0.001953125
1786718725.9928281,9.740000960999964,70,1430,2.156091592847531,-0.001953125
1786718726.015219,9.760001201000023,70,1430,2.1559178363318665,0.0
1786718726.032821,9.780001070000026,70,1430,2.1559178363318665,0.0
1786718726.0545871,9.800000772999965,70,1430,2.1559178363318665,0.0
1786718726.0744107,9.820000809000021,70,1430,2.1559178363318665,0.0
1786718726.0928035,9.840001011000027,70,1430,2.1559178363318665,0.0
1786718726.115653,9.860000842999966,70,1430,2.1556930790839886,0.001953125
1786718726.1328385,9.880001157000038,70,1430,2.1556930790839886,0.001953125
1786718726.154475,9.900000989999967,70,1430,2.1559178363318665,0.001953125
1786718726.1744952,9.920001210999999,70,1430,2.1559178363318665,-0.001953125
1786718726.1928055,9.940000765000036,70,1430,2.1559178363318665,-0.001953125
1786718726.215796,9.960000985999955,70,1430,2.1559178363318665,0.0
1786718726.2327986,9.98000089300001,70,1430,2.1559178363318665,0.0
1786718726.2545285,10.000000892000003,90,1410,2.156091592847531,0.0
1786718726.2744524,10.020001039000022,90,1410,2.156091592847531,0.0
1786718726.2928038,10.040001018999988,90,1410,2.156091592847531,0.0
1786718726.31555,10.060000684999977,90,1410,2.1556930790839886,0.001953125
1786718726.3328364,10.080001258000038,90,1410,2.1556930790839886,0.001953125
1786718726.3543396,10.100001183000018,90,1410,2.1605493155888666,0.001953125
1786718726.3743641,10.120001126000034,90,1410,2.1605493155888666,0.005859375
1786718726.392794,10.140001161999976,90,1410,2.1605493155888666,0.005859375
1786718726.4153917,10.160001142999931,90,1410,2.170820435155207,0.001953125
1786718726.4328027,10.180001178999987,90,1410,2.170820435155207,0.001953125
1786718726.4541578,10.20000117799998,90,1410,2.190578960776861,0.001953125
1786718726.4741044,10.22000097299997,90,1410,2.190578960776861,0.00390625
1786718726.4928486,10.240001156999938,90,1410,2.190578960776861,0.00390625
1786718726.5152516,10.260000711999965,90,1410,2.2153796727133397,0.009765625
1786718726.5327947,10.280000895999933,90,1410,2.2153796727133397,0.009765625
1786718726.554033,10.300001006000002,90,1410,2.2455355805624038,0.009765625
1786718726.5741675,10.320001300999934,90,1410,2.2455355805624038,0.00390625
1786718726.5928051,10.340001096000037,90,1410,2.2455355805624038,0.00390625
1786718726.615208,10.360000835999926,90,1410,2.265306456205053,0.0078125
1786718726.6329653,10.380001428000014,90,1410,2.265306456205053,0.0078125
1786718726.6554077,10.400001518999943,90,1410,2.2802643369962254,0.00390625
1786718726.6728222,10.420001221999996,90,1410,2.2802643369962254,0.00390625
1786718726.692806,10.440001091,90,1410,2.2802643369962254,0.00390625
1786718726.7152243,10.460000960999992,90,1410,2.30003549926019,0.0078125
1786718726.7327976,10.480001088999984,90,1410,2.30003549926019,0.0078125
1786718726.7567735,10.500001531999942,90,1410,2.31494890744915,-0.001953125
1786718726.7728195,10.520001401999934,90,1410,2.31494890744915,-0.001953125
1786718726.7928083,10.540001049000011,90,1410,2.31494890744915,-0.001953125
1786718726.8158643,10.560000954999964,90,1410,2.314762462330606,0.001953125
1786718726.8327925,10.580001157999959,90,1410,2.314762462330606,0.001953125
1786718726.855259,10.600001324000004,90,1410,2.3197899653039826,0.0
1786718726.8728006,10.620000860000005,90,1410,2.3197899653039826,0.0
1786718726.8929074,10.640001266000013,90,1410,2.3197899653039826,0.0
1786718726.9165397,10.660001006000016,90,1410,2.31494890744915,-0.001953125
1786718726.9327953,10.680000689999929,90,1410,2.31494890744915,-0.001953125
1786718726.9565573,10.700001004,90,1410,2.31494890744915,-0.00390625
1786718726.9728494,10.720000779999964,90,1410,2.31494890744915,-0.00390625
1786718726.9928544,10.740000890000033,90,1410,2.31494890744915,-0.00390625
1786718727.0165515,10.760000926999965,90,1410,2.3050634833666663,0.001953125
1786718727.0328426,10.780001018999997,90,1410,2.3050634833666663,0.001953125
1786718727.0567007,10.800001444000031,90,1410,2.3098579809448836,0.0
1786718727.072828,10.820000887999981,90,1410,2.3098579809448836,0.0
1786718727.0940623,10.840001091999966,90,1410,2.3098579809448836,0.0
1786718727.1140025,10.860000905999982,90,1410,2.3099046071672547,0.0
1786718727.1328204,10.880001423999943,90,1410,2.3099046071672547,0.0
1786718727.1558561,10.900000793999993,90,1410,2.314932110140603,-0.001953125
1786718727.1727993,10.920000757000025,90,1410,2.314932110140603,-0.001953125
1786718727.1927996,10.940000756000018,90,1410,2.314932110140603,-0.001953125
1786718727.217267,10.960000922999939,90,1410,2.3146987054747967,0.0
1786718727.2328093,10.980000754999992,90,1410,2.3146987054747967,0.0
1786718727.258058,11.00000106999994,90,1410,2.319773656790119,0.0
1786718727.2728405,11.020000735999929,90,1410,2.319773656790119,0.0
1786718727.2940779,11.040000753999948,90,1410,2.319773656790119,0.0
1786718727.3146133,11.06000084599998,90,1410,2.3149153905369246,0.00390625
1786718727.3328564,11.080001068000001,90,1410,2.3149153905369246,0.00390625
1786718727.3579528,11.100000845999944,90,1410,2.3100742182366787,-0.001953125
1786718727.372801,11.120001086000002,90,1410,2.3100742182366787,-0.001953125
1786718727.3940299,11.140000751999992,90,1410,2.3100742182366787,-0.001953125
1786718727.4152894,11.1600009,90,1410,2.314932110140603,0.0
1786718727.4327893,11.180001048000008,90,1410,2.314932110140603,0.0
1786718727.458663,11.200001287999953,90,1410,2.3151016802457605,-0.001953125
1786718727.4728107,11.220001083999932,90,1410,2.3151016802457605,-0.001953125
1786718727.4941344,11.240000990999988,90,1410,2.3151016802457605,-0.001953125
1786718727.515299,11.260000805000004,90,1410,2.3151016802457605,0.0
1786718727.5327933,11.280001083000002,90,1410,2.3151016802457605,0.0
1786718727.5586572,11.30000104499993,90,1410,2.3199768096824016,0.00390625
1786718727.5729141,11.320001747999981,90,1410,2.3199768096824016,0.00390625
1786718727.5940626,11.340000989000032,90,1410,2.320147189989484,0.00390625
1786718727.6153054,11.36000082199996,90,1410,2.320147189989484,-0.001953125
1786718727.6329641,11.380001450999998,90,1410,2.320147189989484,-0.001953125
1786718727.658796,11.40000141400003,90,1410,2.320165356556089,0.0
1786718727.6728313,11.420001283000033,90,1410,2.320165356556089,0.0
1786718727.694063,11.440000894000036,90,1410,2.320165356556089,0.0
1786718727.7155013,11.460000726999965,90,1410,2.320165356556089,0.001953125
1786718727.7327993,11.480000838000024,90,1410,2.320165356556089,0.001953125
1786718727.7593694,11.500000763000003,90,1410,2.320165356556089,0.0
1786718727.7735112,11.520000856000024,90,1410,2.320165356556089,0.0
1786718727.7947218,11.540000910999993,90,1410,2.315119328808237,0.0
1786718727.8152893,11.560001020999948,90,1410,2.315119328808237,0.001953125
1786718727.833449,11.580000687999927,90,1410,2.315119328808237,0.001953125
1786718727.8594923,11.600001242999952,90,1410,2.315119328808237,-0.001953125
1786718727.872806,11.620000704999939,90,1410,2.315119328808237,-0.001953125
1786718727.895367,11.640000871999973,90,1410,2.3151370550845343,-0.001953125
1786718727.9192615,11.660000834000016,90,1410,2.3151370550845343,-0.001953125
1786718727.933519,11.680000908000011,90,1410,2.3151370550845343,-0.001953125
1786718727.9594576,11.70000096299998,90,1410,2.320165356556089,0.001953125
1786718727.9740174,11.720000925000022,90,1410,2.320165356556089,0.001953125
1786718727.9953704,11.740001183999993,90,1410,2.320147189989484,0.001953125
1786718728.017247,11.760000794999996,90,1410,2.320147189989484,0.001953125
1786718728.0339818,11.780000758000028,90,1410,2.320147189989484,0.001953125
1786718728.05926,11.800000998999963,90,1410,2.325175010041761,0.005859375
1786718728.0739121,11.820001295999987,90,1410,2.325175010041761,0.005859375
1786718728.0953224,11.84000112900003,90,1410,2.3302027888881867,0.005859375
1786718728.1170762,11.860000832999958,90,1410,2.3302027888881867,0.001953125
1786718728.1341069,11.880000870999993,90,1410,2.3302027888881867,0.001953125
1786718728.1587095,11.900001129999964,90,1410,2.325156481063317,-0.001953125
1786718728.1740172,11.920001501000002,90,1410,2.325156481063317,-0.001953125
1786718728.1961794,11.940001370999994,90,1410,2.325156481063317,-0.001953125
1786718728.2164633,11.960001075000037,90,1410,2.325156481063317,-0.001953125
1786718728.233853,11.980001149000032,90,1410,2.325156481063317,-0.001953125
1786718728.2592168,12.000001000999987,90,1410,2.3150553463858046,0.0
1786718728.2738583,12.020001094000008,90,1410,2.3150553463858046,0.0
1786718728.2960715,12.040001205999943,90,1410,2.315459938377387,0.0
1786718728.3170922,12.060000854000009,90,1410,2.315459938377387,0.0
1786718728.3338606,12.080000835999954,90,1410,2.315459938377387,0.0
1786718728.3591897,12.100000891000036,90,1410,2.3203174925057795,-0.001953125
1786718728.3738368,12.120000688000005,90,1410,2.3203174925057795,-0.001953125
1786718728.3972747,12.140001040000016,90,1410,2.3203174925057795,-0.001953125
1786718728.41713,12.160000781000008,90,1410,2.3203174925057795,0.0
1786718728.4330068,12.180000800000016,90,1410,2.3203174925057795,0.0
1786718728.4592032,12.200001133,90,1410,2.325175010041761,0.0
1786718728.473915,12.220000910999943,90,1410,2.325175010041761,0.0
1786718728.4972708,12.240000744999975,90,1410,2.3201291012136096,0.0
1786718728.517112,12.260000708000007,90,1410,2.3201291012136096,0.0
1786718728.5338361,12.280000707999989,90,1410,2.3201291012136096,0.0
1786718728.5584602,12.300000633999957,90,1410,2.324986993117534,0.0
1786718728.5739331,12.32000118999997,90,1410,2.324986993117534,0.0
1786718728.5974393,12.340000635000024,90,1410,2.324986993117534,0.0
1786718728.6170816,12.360000783000032,90,1410,2.324986993117534,0.0
1786718728.633941,12.380001598000035,90,1410,2.324986993117534,0.0
1786718728.6592674,12.400000986999999,90,1410,2.3300143729672413,0.0
1786718728.6738563,12.42000108000002,90,1410,2.3300143729672413,0.0
1786718728.6972022,12.440001154000015,90,1410,2.3300143729672413,0.0
1786718728.7164073,12.46000087699997,90,1410,2.3300143729672413,0.0
1786718728.7338622,12.480001061999928,90,1410,2.3300143729672413,0.0
1786718728.7591763,12.500001043999987,90,1410,2.3300143729672413,0.0
1786718728.7738278,12.520000858999992,90,1410,2.3300143729672413,0.0
1786718728.797139,12.540000858999974,90,1410,2.325156481063317,0.0
1786718728.8171015,12.56000093299997,90,1410,2.325156481063317,0.0
1786718728.8338253,12.580001007999954,90,1410,2.325156481063317,0.0
1786718728.859197,12.60000091500001,90,1410,2.335041711621926,-0.001953125
1786718728.8738356,12.620000711999978,90,1410,2.335041711621926,-0.001953125
1786718728.8971152,12.640000767999936,90,1410,2.3300143729672413,-0.001953125
1786718728.9171042,12.660000841999931,90,1410,2.3300143729672413,0.0
1786718728.9328048,12.680001027000003,90,1410,2.3300143729672413,0.0
1786718728.9584339,12.700000675999945,90,1410,2.3300143729672413,0.0
1786718728.973839,12.720000823999953,90,1410,2.3300143729672413,0.0
1786718728.9965518,12.740001045999975,90,1410,2.335041711621926,0.0
1786718729.0171294,12.760000601999991,90,1410,2.335041711621926,0.00390625
1786718729.03384,12.780000825000002,90,1410,2.335041711621926,0.00390625
1786718729.05912,12.80000101099995,90,1410,2.335041711621926,0.0
1786718729.0738473,12.82000084599997,90,1410,2.335041711621926,0.0
1786718729.0971484,12.840000920999955,90,1410,2.3400690090046794,0.0
1786718729.117104,12.860000958,90,1410,2.3400690090046794,0.0
1786718729.1338425,12.880001069999935,90,1410,2.3400690090046794,0.0
1786718729.1584718,12.900001033999956,90,1410,2.3398995667853058,0.0
1786718729.1739051,12.920001571999933,90,1410,2.3398995667853058,0.0
1786718729.197209,12.940000980000036,90,1410,2.3400690090046794,0.0
1786718729.21572,12.960001129000034,90,1410,2.3400690090046794,-0.001953125
1786718729.233858,12.980000926000002,90,1410,2.3400690090046794,-0.001953125
1786718729.2585258,13.000001167999926,90,1410,2.3400690090046794,0.001953125
1786718729.2738342,13.020001131999948,90,1410,2.3400690090046794,0.001953125
1786718729.2971346,13.04000061399995,90,1410,2.3400690090046794,0.001953125
1786718729.3171208,13.060000910999975,90,1410,2.3400690090046794,0.001953125
1786718729.3338382,13.080000837999933,90,1410,2.3400690090046794,0.001953125
1786718729.35846,13.100000839000018,90,1410,2.3400690090046794,0.0
1786718729.3738792,13.120001191000028,90,1410,2.3400690090046794,0.0
1786718729.3972025,13.140000821999934,90,1410,2.335211117100755,0.0
1786718729.4171312,13.160001007999995,90,1410,2.335211117100755,0.0
1786718729.4340832,13.180001119999929,90,1410,2.335211117100755,0.0
1786718729.4585202,13.200000787000022,90,1410,2.335211117100755,0.001953125
1786718729.4738517,13.220000898999956,90,1410,2.335211117100755,0.001953125
1786718729.4964998,13.240000882000004,90,1410,2.340258222655706,0.001953125
1786718729.517107,13.260000937999962,90,1410,2.340258222655706,-0.001953125
1786718729.5338445,13.280000808999944,90,1410,2.340258222655706,-0.001953125
1786718729.5583105,13.300001014000031,90,1410,2.3404744599475293,0.0
1786718729.5739083,13.320001180999952,90,1410,2.3404744599475293,0.0
1786718729.596514,13.340000904000021,90,1410,2.3402383731346674,0.0
1786718729.6164768,13.36000086799993,90,1410,2.3402383731346674,-0.001953125
1786718729.633914,13.380001073000017,90,1410,2.3402383731346674,-0.001953125
1786718729.658239,13.400001184999951,90,1410,2.3404744599475293,-0.001953125
1786718729.6738772,13.420000795999954,90,1410,2.3404744599475293,-0.001953125
1786718729.696695,13.440001131000031,90,1410,2.340258222655706,-0.001953125
1786718729.7157664,13.460001242999965,90,1410,2.340258222655706,0.001953125
1786718729.7338285,13.480000872999994,90,1410,2.340258222655706,0.001953125
1786718729.75817,13.500000763000003,90,1410,2.3404283598869995,0.0
1786718729.7738378,13.520001022999963,90,1410,2.3404283598869995,0.0
1786718729.7965097,13.540000782999982,90,1410,2.3501633151923045,0.0
1786718729.8164887,13.560000727999977,90,1410,2.3501633151923045,0.001953125
1786718729.8338404,13.580000785000038,90,1410,2.3501633151923045,0.001953125
1786718729.8582785,13.600000860000023,90,1410,2.3501633151923045,0.0
1786718729.8738494,13.620001230999947,90,1410,2.3501633151923045,0.0
1786718729.8965144,13.640001138999992,90,1410,2.3501633151923045,0.0
1786718729.9164667,13.660000731999958,90,1410,2.3501633151923045,0.0
1786718729.9338393,13.680000844000006,90,1410,2.3501633151923045,0.0
1786718729.9581435,13.700000770999964,90,1410,2.3501633151923045,0.0
1786718729.9738166,13.720001197999977,90,1410,2.3501633151923045,0.0
1786718729.9965236,13.740000976000033,90,1410,2.3501633151923045,0.0
1786718730.016473,13.76000099600003,90,1410,2.3501633151923045,0.0
1786718730.03385,13.780000812000026,90,1410,2.3501633151923045,0.0
1786718730.0582676,13.800000962000013,90,1410,2.3501633151923045,0.0
1786718730.0738637,13.82000111100001,90,1410,2.3501633151923045,0.0
1786718730.0965211,13.840000668000016,90,1410,2.3501633151923045,0.0
1786718730.1164773,13.86000100299998,90,1410,2.3501633151923045,0.0
1786718730.133825,13.880000857000027,90,1410,2.3501633151923045,0.0
1786718730.1573732,13.900000635999959,90,1410,2.3501633151923045,0.0
1786718730.17383,13.920000877999996,90,1410,2.3501633151923045,0.0
1786718730.19588,13.940001064999933,90,1410,2.3501633151923045,0.0
1786718730.2154531,13.960000695999952,90,1410,2.3501633151923045,0.0
1786718730.233836,13.98000084499995,90,1410,2.3501633151923045,0.0
1786718730.2573144,14.000001106000013,90,1410,2.3501633151923045,0.0
1786718730.2738888,14.020001143999934,90,1410,2.3501633151923045,0.0
1786718730.2959096,14.040000997999982,90,1410,2.3501633151923045,0.0
1786718730.3158238,14.06000101799998,90,1410,2.3501633151923045,0.0
1786718730.3338482,14.08000137099998,90,1410,2.3501633151923045,0.0
1786718730.3571367,14.100000891000036,90,1410,2.3501633151923045,0.0
1786718730.3738463,14.120000947999984,90,1410,2.3501633151923045,0.0
1786718730.3958812,14.140001022999968,90,1410,2.3501633151923045,0.0
1786718730.415789,14.16000072899999,90,1410,2.3501633151923045,0.0
1786718730.4338398,14.180000971000027,90,1410,2.3501633151923045,0.0
1786718730.4575632,14.200000823999972,90,1410,2.3501633151923045,0.0
1786718730.4738622,14.22000071399998,90,1410,2.3501633151923045,0.0
1786718730.4958894,14.240000957000007,90,1410,2.3501633151923045,0.0
1786718730.5157902,14.260000883999965,90,1410,2.3501633151923045,0.0
1786718730.533821,14.280001107999965,90,1410,2.3501633151923045,0.0
1786718730.5576875,14.300000683000007,90,1410,2.3503799267826366,0.0
1786718730.5739133,14.320001480999963,90,1410,2.3503799267826366,0.0
1786718730.5959141,14.340001056000006,90,1410,2.350143358297146,0.0
1786718730.6158218,14.360000817000014,90,1410,2.350143358297146,0.0
1786718730.6339216,14.380001041000014,90,1410,2.350143358297146,0.0
1786718730.657631,14.400000986999999,90,1410,2.350143358297146,0.0
1786718730.6738424,14.420001172999946,90,1410,2.350143358297146,0.0
1786718730.695883,14.440000859999941,90,1410,2.3503799267826366,0.0
1786718730.7154381,14.460001046999992,90,1410,2.3503799267826366,0.0
1786718730.7338405,14.480001085000026,90,1410,2.3503799267826366,0.0
1786718730.7575483,14.50000141999999,90,1410,2.3503799267826366,0.0
1786718730.77384,14.52000066200003,90,1410,2.3503799267826366,0.0
1786718730.7958694,14.540000718999977,90,1410,2.3503799267826366,0.0
1786718730.815801,14.560001165000017,90,1410,2.3503799267826366,0.0
1786718730.8338094,14.580000906999999,90,1410,2.3503799267826366,0.0
1786718730.8575652,14.60000090799997,90,1410,2.3503799267826366,0.0
1786718730.8738508,14.620000650999941,90,1410,2.3503799267826366,0.0
1786718730.8958669,14.640000688999976,90,1410,2.3503799267826366,0.0
1786718730.9158144,14.66000063499996,90,1410,2.3503799267826366,0.0
1786718730.9338167,14.680001135999987,90,1410,2.3503799267826366,0.0
1786718730.9575205,14.700000916000022,90,1410,2.3503799267826366,0.0
1786718730.9738271,14.72000093600002,90,1410,2.3503799267826366,0.0
1786718730.9951854,14.740001306999943,90,1410,2.3501633151923045,0.0
1786718731.0158124,14.760000697999999,90,1410,2.3501633151923045,0.0
1786718731.0338237,14.780001051999989,90,1410,2.3501633151923045,0.0
1786718731.057639,14.80000105399995,90,1410,2.3501633151923045,0.0
1786718731.0738323,14.820001037999987,90,1410,2.3501633151923045,0.0
1786718731.0958557,14.840000909999958,90,1410,2.3501633151923045,0.0
1786718731.1150937,14.860000818999993,90,1410,2.3501633151923045,0.0
1786718731.1338298,14.880001043999982,90,1410,2.3501633151923045,0.0
1786718731.1567438,14.900001231000033,90,1410,2.3501633151923045,0.0
1786718731.17384,14.920001048000017,90,1410,2.3501633151923045,0.0
1786718731.1951847,14.940000716999975,90,1410,2.3503799267826366,0.0
1786718731.21535,14.960000995999962,90,1410,2.3503799267826366,0.0
1786718731.233844,14.980001164999976,90,1410,2.3503799267826366,0.0
1786718731.2569082,15.000000999999997,90,1410,2.350143358297146,0.0
1786718731.2738686,15.020000965000008,90,1410,2.350143358297146,0.0
1786718731.2956812,15.040000948999932,90,1410,2.350143358297146,0.0
1786718731.315113,15.060000783999953,90,1410,2.350143358297146,0.0
1786718731.3338718,15.08000102699998,90,1410,2.350143358297146,0.0
1786718731.3569303,15.10000125099998,90,1410,2.350143358297146,0.0
1786718731.3738484,15.120000976000028,90,1410,2.350143358297146,0.0
1786718731.3956861,15.140001347999942,90,1410,2.3503600066187005,0.0
1786718731.4151223,15.16000123899994,90,1410,2.3503600066187005,0.0
1786718731.4338863,15.180001259999926,90,1410,2.3503600066187005,0.0
1786718731.4569352,15.200001057999998,90,1410,2.3503600066187005,0.0
1786718731.4738503,15.220000911999932,90,1410,2.3503600066187005,0.0
1786718731.4946032,15.240001209999946,90,1410,2.3503600066187005,0.0
1786718731.5151286,15.260001009000007,90,1410,2.3503600066187005,0.0
1786718731.5338478,15.280000900000005,90,1410,2.3503600066187005,0.0
1786718731.5569036,15.300000994000015,90,1410,2.350143358297146,0.0
1786718731.573951,15.320001293000018,90,1410,2.350143358297146,0.0
1786718731.5956771,15.340001035,90,1410,2.350143358297146,0.0
1786718731.615144,15.360000667000008,90,1410,2.350143358297146,0.0
1786718731.6339884,15.380001853999943,90,1410,2.350143358297146,0.0
1786718731.656954,15.400000948999946,90,1410,2.350143358297146,0.0
1786718731.6738741,15.42000095100002,90,1410,2.350143358297146,0.0
1786718731.695718,15.440000859999941,90,1410,2.350143358297146,0.0
1786718731.7151134,15.460001102999968,90,1410,2.350143358297146,0.0
1786718731.73387,15.480000734999976,90,1410,2.350143358297146,0.0
1786718731.7561965,15.500001347999955,90,1410,2.350143358297146,0.0
1786718731.7732615,15.520001219999926,90,1410,2.350143358297146,0.0
1786718731.7948992,15.540000925999948,90,1410,2.350143358297146,0.0
1786718731.8148499,15.560001038999985,90,1410,2.350143358297146,0.0
1786718731.8332703,15.580000893000033,90,1410,2.350143358297146,0.0
1786718731.8560572,15.600001118000023,90,1410,2.350143358297146,0.0
1786718731.8732762,15.620000989999994,90,1410,2.350143358297146,0.0
1786718731.8948839,15.640001010999981,90,1410,2.350143358297146,0.0
1786718731.9148057,15.660000994000029,90,1410,2.350143358297146,0.0
1786718731.9332323,15.680000662999987,90,1410,2.350143358297146,0.0
1786718731.9560177,15.700000923999937,90,1410,2.350143358297146,0.0
1786718731.9732788,15.720001147999938,90,1410,2.350143358297146,0.0
1786718731.994719,15.740001038999935,90,1410,2.350143358297146,0.0
1786718732.0147972,15.760000837999996,90,1410,2.350143358297146,0.0
1786718732.0332665,15.78000065499998,90,1410,2.350143358297146,0.0
1786718732.0561152,15.800001398999939,90,1410,2.350143358297146,0.0
1786718732.073264,15.820001013000024,90,1410,2.350143358297146,0.0
1786718732.0948076,15.840000978000035,90,1410,2.3503799267826366,0.0
1786718732.1147702,15.860001091999948,90,1410,2.3503799267826366,0.0
1786718732.1332502,15.880000965000022,90,1410,2.3503799267826366,0.0
1786718732.1560116,15.900000931000022,90,1410,2.3503799267826366,0.0
1786718732.1731977,15.920001043999946,90,1410,2.3503799267826366,0.0
1786718732.1947045,15.940000879999957,90,1410,2.3503799267826366,0.0
1786718732.214698,15.960000900999944,90,1410,2.3503799267826366,0.0
1786718732.2330782,15.980000923000034,90,1410,2.3503799267826366,0.0
1786718732.2558882,16.00000098099997,90,1410,2.3602654244044174,0.0
1786718732.2730367,16.020001186999934,90,1410,2.3602654244044174,0.0
1786718732.294578,16.040000985999995,90,1410,2.3602654244044174,0.0
1786718732.3145652,16.060000877999983,90,1410,2.3602654244044174,0.0
1786718732.3329577,16.08000063999998,90,1410,2.3602654244044174,0.0
1786718732.355673,16.100000789999967,90,1410,2.3602654244044174,0.0
1786718732.3728726,16.120001014999957,90,1410,2.3602654244044174,0.0
1786718732.3944345,16.140000685000018,90,1410,2.3602654244044174,0.0
1786718732.4144075,16.160000946999958,90,1410,2.3602654244044174,0.0
1786718732.4328034,16.180000985999982,90,1410,2.3602654244044174,0.0
1786718732.4555683,16.200000821999993,90,1410,2.3602654244044174,0.0
1786718732.47282,16.22000080600003,90,1410,2.3602654244044174,0.0
1786718732.4943788,16.240001215999996,90,1410,2.3602654244044174,0.0
1786718732.5142481,16.26000090399998,90,1410,2.3602654244044174,0.0
1786718732.532805,16.280000814000005,90,1410,2.3602654244044174,0.0
1786718732.5554516,16.30000105800002,90,1410,2.370150843624174,0.0
1786718732.572948,16.320001115999958,90,1410,2.370150843624174,0.0
1786718732.5941496,16.340001081999958,90,1410,2.370150843624174,0.0
1786718732.614076,16.360000972999956,90,1410,2.370150843624174,0.0
1786718732.6329412,16.380001383000035,90,1410,2.370150843624174,0.0
1786718732.655947,16.400001349000036,90,1410,2.3699334101411864,0.0
1786718732.6728673,16.420001221999996,90,1410,2.3699334101411864,0.0
1786718732.6941028,16.440001279999933,90,1410,2.3699334101411864,0.0
1786718732.7141507,16.460000894000018,90,1410,2.3699334101411864,0.0
1786718732.7328305,16.48000113699993,90,1410,2.3699334101411864,0.0
1786718732.7558084,16.500001010000005,90,1410,2.3699334101411864,0.0
1786718732.7728128,16.520001271999945,90,1410,2.3699334101411864,0.0
1786718732.7945075,16.540000867000003,90,1410,2.3699334101411864,0.0
1786718732.8144093,16.560000999999943,90,1410,2.3699334101411864,0.0
1786718732.832819,16.580001057999993,90,1410,2.3699334101411864,0.0
1786718732.8557837,16.600001246000033,90,1410,2.370150843624174,-0.001953125
1786718732.8728192,16.62000091499999,90,1410,2.370150843624174,-0.001953125
1786718732.8957055,16.640000991999955,90,1410,2.3747903696812216,0.001953125
1786718732.9127996,16.660000846000003,90,1410,2.3747903696812216,0.001953125
1786718732.9328458,16.680000886000016,90,1410,2.3747903696812216,0.001953125
1786718732.9556477,16.700001073999942,90,1410,2.3750278602842627,0.0
1786718732.9727976,16.720000817000027,90,1410,2.3750278602842627,0.0
1786718732.9957068,16.74000124600002,90,1410,2.3800562707634754,0.0
1786718733.0128088,16.760001229999943,90,1410,2.3800562707634754,0.0
1786718733.0327985,16.780001233000007,90,1410,2.3800562707634754,0.0
1786718733.0555205,16.80000127400001,90,1410,2.3798183398803303,0.001953125
1786718733.072846,16.820001091999984,90,1410,2.3798183398803303,0.001953125
1786718733.0954127,16.840000798999995,90,1410,2.380036184295591,-0.001953125
1786718733.112804,16.860001153999974,90,1410,2.380036184295591,-0.001953125
1786718733.1327968,16.88000091599997,90,1410,2.380036184295591,-0.001953125
1786718733.1552787,16.90000084600001,90,1410,2.375008214096482,-0.001953125
1786718733.1727934,16.920001052999964,90,1410,2.375008214096482,-0.001953125
1786718733.1940699,16.940001241000004,90,1410,2.3747903696812216,-0.001953125
1786718733.2142015,16.960001336999994,90,1410,2.3747903696812216,-0.001953125
1786718733.2328281,16.98000126599993,90,1410,2.3747903696812216,-0.001953125
1786718733.255348,17.000001398999984,90,1410,2.370150843624174,0.0
1786718733.2730074,17.020001438999998,90,1410,2.370150843624174,0.0
1786718733.2952983,17.04000135000001,90,1410,2.370150843624174,0.0
1786718733.3127882,17.060000704999993,90,1410,2.370150843624174,0.0
1786718733.3328118,17.08000072699997,90,1410,2.370150843624174,0.0
1786718733.35513,17.10000069299997,90,1410,2.370150843624174,0.0
1786718733.372797,17.12000078899996,90,1410,2.370150843624174,0.0
1786718733.3951097,17.140001087999963,90,1410,2.3699334101411864,0.0
1786718733.412809,17.160000776999937,90,1410,2.3699334101411864,0.0
1786718733.432838,17.180000872999926,90,1410,2.3699334101411864,0.0
1786718733.4559135,17.200000894000027,90,1410,2.3650764137404963,0.0
1786718733.472814,17.220001082999943,90,1410,2.3650764137404963,0.0
1786718733.495347,17.240000992999967,90,1410,2.3650764137404963,-0.001953125
1786718733.5128124,17.260000959999957,90,1410,2.3650764137404963,-0.001953125
1786718733.5327964,17.28000086999998,90,1410,2.3650764137404963,-0.001953125
1786718733.5552235,17.30000092900002,90,1410,2.3650764137404963,-0.001953125
1786718733.572906,17.320001265999963,90,1410,2.3650764137404963,-0.001953125
1786718733.5965602,17.340000936000024,90,1410,2.3604568711515697,0.001953125
1786718733.6127973,17.36000121699999,90,1410,2.3604568711515697,0.001953125
1786718733.632962,17.380001127000014,90,1410,2.3604568711515697,0.001953125
1786718733.6567032,17.40000176000001,90,1410,2.3654852816307823,-0.00390625
1786718733.6728148,17.42000133800002,90,1410,2.3654852816307823,-0.00390625
1786718733.6966054,17.440001100000018,90,1410,2.3602402962831377,0.0
1786718733.712819,17.46000101100003,90,1410,2.3602402962831377,0.0
1786718733.7328017,17.48000114399997,90,1410,2.3602402962831377,0.0
1786718733.7565625,17.500001257999998,90,1410,2.3604778285754264,-0.001953125
1786718733.7728212,17.520000927999945,90,1410,2.3604778285754264,-0.001953125
1786718733.7965736,17.540001079000035,90,1410,2.365334450885797,-0.001953125
1786718733.8128178,17.560000748999983,90,1410,2.365334450885797,-0.001953125
1786718733.8327937,17.580001141000025,90,1410,2.365334450885797,-0.001953125
1786718733.8573148,17.600001255999928,90,1410,2.36535507591023,0.001953125
1786718733.872876,17.620000870000013,90,1410,2.36535507591023,0.001953125
1786718733.8972857,17.64000102199998,90,1410,2.36535507591023,-0.001953125
1786718733.9128077,17.660000877000016,90,1410,2.36535507591023,-0.001953125
1786718733.932802,17.680000879999966,90,1410,2.36535507591023,-0.001953125
1786718733.9579525,17.70000088300003,90,1410,2.3655281556823695,0.0
1786718733.972801,17.720000905000006,90,1410,2.3655281556823695,0.0
1786718733.9965916,17.740000926999983,90,1410,2.3651381637146756,-0.001953125
1786718734.0128045,17.76000120799995,90,1410,2.3651381637146756,-0.001953125
1786718734.0340416,17.780001082000013,90,1410,2.3651381637146756,-0.001953125
1786718734.054072,17.800001066999926,90,1410,2.3699939277066733,0.0
1786718734.0727987,17.82000103400003,90,1410,2.3699939277066733,0.0
1786718734.0986345,17.84000068599994,90,1410,2.3699939277066733,0.0
1786718734.1127932,17.860000856999932,90,1410,2.3699939277066733,0.0
1786718734.134028,17.88000113800001,90,1410,2.3699939277066733,0.0
1786718734.1552749,17.900001105,90,1410,2.3699939277066733,0.0
1786718734.1729162,17.92000133099998,90,1410,2.3699939277066733,0.0
1786718734.1986492,17.940000834999978,90,1410,2.370211250635748,0.0
1786718734.2127984,17.960000801999968,90,1410,2.370211250635748,0.0
1786718734.234029,17.98000074999993,90,1410,2.3699939277066733,0.0
1786718734.2560945,18.000000883999974,90,1410,2.3699939277066733,0.0
1786718734.272808,18.020000943000014,90,1410,2.3699939277066733,0.0
1786718734.2986763,18.040000761999977,90,1410,2.3699939277066733,0.0
1786718734.3135474,18.06000067299999,90,1410,2.3699939277066733,0.0
1786718734.3348079,18.080001066000023,90,1410,2.370211250635748,0.0
1786718734.3559916,18.100000903000023,90,1410,2.370211250635748,0.0
1786718734.3735142,18.12000096199995,90,1410,2.370211250635748,0.0
1786718734.3994777,18.14000098500003,90,1410,2.3699939277066733,0.0
1786718734.4134326,18.16000109999993,90,1410,2.3699939277066733,0.0
1786718734.4353664,18.180000863000032,90,1410,2.3649645947251656,0.0
1786718734.457447,18.20000108900001,90,1410,2.3649645947251656,0.0
1786718734.4734294,18.220000871000025,90,1410,2.3649645947251656,0.0
1786718734.4987063,18.24000079999996,90,1410,2.3649645947251656,0.0
1786718734.5140762,18.260001267000007,90,1410,2.3649645947251656,0.0
1786718734.535281,18.280000845000018,90,1410,2.360108830733168,0.0
1786718734.5558825,18.300000774999944,90,1410,2.360108830733168,0.0
1786718734.574065,18.320001316000003,90,1410,2.360108830733168,0.0
1786718734.5993254,18.340000800999974,90,1410,2.3649645947251656,0.0
1786718734.613934,18.360000990000003,90,1410,2.3649645947251656,0.0
1786718734.6354668,18.380001179000033,90,1410,2.3699939277066733,0.0
1786718734.657237,18.40000131299996,90,1410,2.3699939277066733,0.0
1786718734.6738784,18.420000797999933,90,1410,2.3699939277066733,0.0
1786718734.6991842,18.440001319999965,90,1410,2.370211250635748,0.0
1786718734.7141197,18.46000121299994,90,1410,2.370211250635748,0.0
1786718734.735327,18.48000092099994,90,1410,2.370211250635748,0.0
1786718734.7570877,18.500000886999942,90,1410,2.370211250635748,0.0
1786718734.7741446,18.520001020999985,90,1410,2.370211250635748,0.0
1786718734.7992103,18.540000894999935,90,1410,2.370211250635748,0.0
1786718734.8138247,18.560001047000014,90,1410,2.370211250635748,0.0
1786718734.8347735,18.580001014000004,90,1410,2.370211250635748,0.0
1786718734.8571024,18.60000129499997,90,1410,2.370211250635748,0.0
1786718734.8738217,18.620000854999944,90,1410,2.370211250635748,0.0
1786718734.8991451,18.640001302999963,90,1410,2.369973676643184,0.0
1786718734.913831,18.660001103000013,90,1410,2.369973676643184,0.0
1786718734.9372685,18.68000099599999,90,1410,2.369973676643184,0.0
1786718734.957099,18.700001147999956,90,1410,2.369973676643184,0.0
1786718734.9738293,18.72000105899997,90,1410,2.369973676643184,0.0
1786718734.9992096,18.740001452,90,1410,2.374829814526805,0.0
1786718735.0138402,18.76000099299995,90,1410,2.374829814526805,0.0
1786718735.037396,18.78000075700004,90,1410,2.3701910364142122,0.0
1786718735.0557766,18.800001242999997,90,1410,2.3701910364142122,0.0
1786718735.073875,18.820000950999997,90,1410,2.3701910364142122,0.0
1786718735.0991578,18.840001141000016,90,1410,2.3701910364142122,0.0
1786718735.1138444,18.86000070099999,90,1410,2.3701910364142122,0.0
1786718735.1372902,18.880000908999932,90,1410,2.3701910364142122,0.0
1786718735.157084,18.900001006000025,90,1410,2.3701910364142122,0.0
1786718735.173848,18.92000102899999,90,1410,2.3701910364142122,0.0
1786718735.1991713,18.94000077399994,90,1410,2.3701910364142122,0.0
1786718735.2138565,18.96000109299996,90,1410,2.3701910364142122,0.0
1786718735.2372684,18.980001208999965,90,1410,2.364944784106683,0.0
1786718735.2571347,19.00000095400003,90,1410,2.364944784106683,0.0
1786718735.2734592,19.02000095799997,90,1410,2.364944784106683,0.0
1786718735.2991965,19.04000096300001,90,1410,2.360088609381137,0.0
1786718735.31383,19.060001208000017,90,1410,2.360088609381137,0.0
1786718735.3364744,19.080001082999956,90,1410,2.360325742928751,0.0
1786718735.357098,19.10000082800002,90,1410,2.360325742928751,0.0
1786718735.3738246,19.120001035999962,90,1410,2.360325742928751,0.0
1786718735.3984425,19.14000089199999,90,1410,2.360325742928751,0.0
1786718735.413833,19.16000109999993,90,1410,2.360325742928751,0.0
1786718735.437144,19.180000938000035,90,1410,2.360325742928751,0.0
1786718735.4571152,19.200001239000017,90,1410,2.360325742928751,0.0
1786718735.4738343,19.220000873000004,90,1410,2.360325742928751,0.0
1786718735.499176,19.240001506999988,90,1410,2.360088609381137,0.0
1786718735.513845,19.260000771000023,90,1410,2.360088609381137,0.0
1786718735.5371234,19.280001052999978,90,1410,2.355232397883043,0.0
1786718735.5557072,19.300001149999957,90,1410,2.355232397883043,-0.00390625
1786718735.5738995,19.320001303000026,90,1410,2.355232397883043,-0.00390625
1786718735.598467,19.340000843999974,90,1410,2.3502034637232327,0.0
1786718735.6138494,19.360000978000016,90,1410,2.3502034637232327,0.0
1786718735.6372907,19.380001333999985,90,1410,2.355276624189486,0.0
1786718735.6571393,19.400001245999988,90,1410,2.355276624189486,-0.001953125
1786718735.673852,19.420001139999954,90,1410,2.355276624189486,-0.001953125
1786718735.698577,19.44000112599997,90,1410,2.3502476484833608,0.001953125
1786718735.7138608,19.46000105600001,90,1410,2.3502476484833608,0.001953125
1786718735.7371445,19.48000093099995,90,1410,2.35003069951523,0.001953125
1786718735.75715,19.50000089799994,90,1410,2.35003069951523,0.001953125
1786718735.7738268,19.520000809999942,90,1410,2.35003069951523,0.001953125
1786718735.798496,19.540000850999945,90,1410,2.3502476484833608,-0.001953125
1786718735.813833,19.560000874000025,90,1410,2.3502476484833608,-0.001953125
1786718735.8364427,19.580000952999967,90,1410,2.3452186313079153,-0.001953125
1786718735.857138,19.60000064299993,90,1410,2.3452186313079153,0.0
1786718735.873882,19.620000999000013,90,1410,2.3452186313079153,0.0
1786718735.8978038,19.64000113299994,90,1410,2.350011437327936,0.0
1786718735.9138427,19.66000095200002,90,1410,2.350011437327936,0.0
1786718735.9371924,19.68000066000002,90,1410,2.3550854194786837,0.0
1786718735.9571295,19.700001016999977,90,1410,2.3550854194786837,0.0
1786718735.9738357,19.720000853999977,90,1410,2.3550854194786837,0.0
1786718735.998557,19.740001396000025,90,1410,2.3598773447849624,0.00390625
1786718736.0132322,19.760000975000025,90,1410,2.3598773447849624,0.00390625
1786718736.037154,19.78000099799999,90,1410,2.3649521487402296,0.00390625
1786718736.0554507,19.800001133000023,90,1410,2.3649521487402296,0.001953125
1786718736.0738485,19.82000115599999,90,1410,2.3649521487402296,0.001953125
1786718736.0984786,19.840000697999926,90,1410,2.3699802022190397,-0.001953125
1786718736.113824,19.860000813999932,90,1410,2.3699802022190397,-0.001953125
1786718736.137153,19.880001207999953,90,1410,2.369743193508498,-0.001953125
1786718736.157111,19.900001212999996,90,1410,2.369743193508498,-0.00390625
1786718736.1738987,19.920000792999986,90,1410,2.369743193508498,-0.00390625
1786718736.1982727,19.940000853000015,90,1410,2.3699802022190397,0.0
1786718736.2138329,19.96000139499995,90,1410,2.3699802022190397,0.0
1786718736.237182,19.980000808,90,1410,2.3699802022190397,0.0
1786718736.2571378,20.000000978999992,105,1395,2.3699802022190397,0.0
1786718736.273916,20.020001373000014,105,1395,2.3699802022190397,0.0
1786718736.2981653,20.040000840999937,105,1395,2.364715580254739,0.00390625
1786718736.3138394,20.060001049999983,105,1395,2.364715580254739,0.00390625
1786718736.3366387,20.080000722000023,105,1395,2.3695729137876356,0.00390625
1786718736.3564785,20.100000670999975,105,1395,2.3695729137876356,0.005859375
1786718736.3738437,20.120000971999957,105,1395,2.3695729137876356,0.005859375
1786718736.3982723,20.14000134799994,105,1395,2.384893517828459,0.00390625
1786718736.413847,20.16000111200003,105,1395,2.384893517828459,0.00390625
1786718736.4365115,20.180001264999987,105,1395,2.404663888853918,0.00390625
1786718736.4564836,20.200001251999993,105,1395,2.404663888853918,0.009765625
1786718736.4738452,20.220001034999996,105,1395,2.404663888853918,0.009765625
1786718736.4981954,20.240001335999978,105,1395,2.439175962540361,0.01171875
1786718736.5138578,20.260000970999954,105,1395,2.439175962540361,0.01171875
1786718736.536521,20.280001012999946,105,1395,2.4789370515493374,0.01171875
1786718736.5560439,20.300001092000002,105,1395,2.4789370515493374,0.01953125
1786718736.5739176,20.32000102300003,105,1395,2.4789370515493374,0.01953125
1786718736.5981863,20.34000112000001,105,1395,2.533387996291765,0.021484375
1786718736.6138313,20.360001328999942,105,1395,2.533387996291765,0.021484375
1786718736.636617,20.380001612,105,1395,2.5927506046326982,0.021484375
1786718736.6565745,20.400001282999938,105,1395,2.5927506046326982,0.025390625
1786718736.6738634,20.42000078800004,105,1395,2.5927506046326982,0.025390625
1786718736.6981585,20.440001107999933,105,1395,2.6672164489185946,0.02734375
1786718736.7138371,20.46000131699998,105,1395,2.6672164489185946,0.02734375
1786718736.7365427,20.480001080999955,105,1395,2.7462875746409736,0.02734375
1786718736.756495,20.50000093799997,105,1395,2.7462875746409736,0.033203125
1786718736.7738326,20.520000979999963,105,1395,2.7462875746409736,0.033203125
1786718736.7981458,20.540000669999927,105,1395,2.835493928613971,0.033203125
1786718736.8139415,20.560001175000025,105,1395,2.835493928613971,0.033203125
1786718736.835807,20.58000069900004,105,1395,2.9246805063826855,0.033203125
1786718736.8558998,20.600000888999944,105,1395,2.9246805063826855,0.03515625
1786718736.8738508,20.620000913000013,105,1395,2.9246805063826855,0.03515625
1786718736.8975306,20.640001509999934,105,1395,3.028775910101956,0.037109375
1786718736.9138525,20.660000700999944,105,1395,3.028775910101956,0.037109375
1786718736.9358928,20.680001057000027,105,1395,3.127696072920287,0.037109375
1786718736.955809,20.70000100699997,105,1395,3.127696072920287,0.0390625
1786718736.9738524,20.72000080800001,105,1395,3.127696072920287,0.0390625
1786718736.997246,20.740000960999964,105,1395,3.236645812926781,0.04296875
1786718737.0138574,20.760001374000012,105,1395,3.236645812926781,0.04296875
1786718737.0360415,20.78000124999994,105,1395,3.3455935651238633,0.04296875
1786718737.0561945,20.80000127400001,105,1395,3.3455935651238633,0.041015625
1786718737.073859,20.820001038999976,105,1395,3.3455935651238633,0.041015625
1786718737.0976255,20.84000072999993,105,1395,3.46453564768035,0.044921875
1786718737.1138294,20.860000938999974,105,1395,3.46453564768035,0.044921875
1786718737.135849,20.88000070399994,105,1395,3.588387423056929,0.044921875
1786718737.155845,20.900000673000022,105,1395,3.588387423056929,0.04296875
1786718737.17383,20.92000089999999,105,1395,3.588387423056929,0.04296875
1786718737.1974835,20.940001053999936,105,1395,3.707210402479461,0.044921875
1786718737.213839,20.960001059999968,105,1395,3.707210402479461,0.044921875
1786718737.235875,20.980000768999957,105,1395,3.8410862521595845,0.044921875
1786718737.2558298,21.00000129299997,105,1395,3.8410862521595845,0.046875
1786718737.2738442,21.020001447000027,105,1395,3.8410862521595845,0.046875
1786718737.2975168,21.040000693000025,105,1395,3.9700902704728946,0.05078125
1786718737.313844,21.06000075399993,105,1395,3.9700902704728946,0.05078125
1786718737.3352656,21.080001056000015,105,1395,4.103662471836941,0.05078125
1786718737.3558345,21.10000104300002,105,1395,4.103662471836941,0.046875
1786718737.373847,21.120000733999973,105,1395,4.103662471836941,0.046875
1786718737.397655,21.14000066599999,105,1395,4.237523876044037,0.05078125
1786718737.4138212,21.160001078999926,105,1395,4.237523876044037,0.05078125
1786718737.435869,21.18000082499998,105,1395,4.376411535090057,0.05078125
1786718737.4558272,21.20000099699996,105,1395,4.376411535090057,0.048828125
1786718737.4738646,21.220000854999967,105,1395,4.376411535090057,0.048828125
1786718737.4975858,21.240000841999972,105,1395,4.514993558574446,0.046875
1786718737.5138288,21.26000080999995,105,1395,4.514993558574446,0.046875
1786718737.5358624,21.280000760999997,105,1395,4.6490280655224865,0.046875
1786718737.5558221,21.300000969999928,105,1395,4.6490280655224865,0.048828125
1786718737.573835,21.32000080900002,105,1395,4.6490280655224865,0.048828125
1786718737.5964084,21.34000103699998,105,1395,4.787916931266722,0.046875
1786718737.6138558,21.360000893999995,105,1395,4.787916931266722,0.046875
1786718737.6360948,21.38000101099999,105,1395,4.931683380909192,0.046875
1786718737.6559358,21.40000107200001,105,1395,4.931683380909192,0.044921875
1786718737.673886,21.42000128099994,105,1395,4.931683380909192,0.044921875
1786718737.6975892,21.440001324000036,105,1395,5.06555367092551,0.046875
1786718737.713847,21.460000959000013,105,1395,5.06555367092551,0.046875
1786718737.7358909,21.48000089100003,105,1395,5.194575017235735,0.046875
1786718737.7558208,21.500000951999937,105,1395,5.194575017235735,0.044921875
1786718737.7738078,21.520000846000016,105,1395,5.194575017235735,0.044921875
1786718737.7975228,21.540001167000014,105,1395,5.328105731964342,0.04296875
1786718737.8138216,21.560000746000014,105,1395,5.328105731964342,0.04296875
1786718737.8349266,21.580001177999975,105,1395,5.457124585645801,0.04296875
1786718737.8551593,21.600000776,105,1395,5.457124585645801,0.044921875
1786718737.8739052,21.620001336999962,105,1395,5.457124585645801,0.044921875
1786718737.8968425,21.640000916999952,105,1395,5.581295659620679,0.044921875
1786718737.913847,21.660001219000037,105,1395,5.581295659620679,0.044921875
1786718737.9356809,21.68000129899997,105,1395,5.705655823543054,0.044921875
1786718737.9551167,21.700001174000022,105,1395,5.705655823543054,0.044921875
1786718737.9738479,21.720001105999927,105,1395,5.705655823543054,0.044921875
1786718737.9969401,21.740001408000012,105,1395,5.834319745838144,0.044921875
1786718738.0138645,21.760000839999975,105,1395,5.834319745838144,0.044921875
1786718738.0356607,21.780000937999944,105,1395,5.9583236981843015,0.044921875
1786718738.0551527,21.800000963000002,105,1395,5.9583236981843015,0.041015625
1786718738.0739143,21.82000089500002,105,1395,5.9583236981843015,0.041015625
1786718738.0969138,21.840000974999953,105,1395,6.077507948972226,0.0390625
1786718738.1138625,21.860001444999966,105,1395,6.077507948972226,0.0390625
1786718738.1356719,21.88000100599993,105,1395,6.196260720669898,0.0390625
1786718738.1551054,21.900000826999985,105,1395,6.196260720669898,0.0390625
1786718738.1738598,21.920001018999983,105,1395,6.196260720669898,0.0390625
1786718738.196861,21.94000098799995,105,1395,6.301088193625247,0.03515625
1786718738.213835,21.960000734999994,105,1395,6.301088193625247,0.03515625
1786718738.2358134,21.980001741000024,105,1395,6.405397406299244,0.03515625
1786718738.2551684,22.00000098800001,105,1395,6.405397406299244,0.037109375
1786718738.2739089,22.020000882999966,105,1395,6.405397406299244,0.037109375
1786718738.2969406,22.040000814999985,105,1395,6.504443895544142,0.03515625
1786718738.3138642,22.060000747000004,105,1395,6.504443895544142,0.03515625
1786718738.3340898,22.08000077199995,105,1395,6.593595032213756,0.03515625
1786718738.3550572,22.10000087100002,105,1395,6.593595032213756,0.02734375
1786718738.373871,22.120000765999976,105,1395,6.593595032213756,0.02734375
1786718738.3967693,22.14000084600002,105,1395,6.673308643937929,0.025390625
1786718738.413853,22.160000685,105,1395,6.673308643937929,0.025390625
1786718738.4349365,22.180000672999995,105,1395,6.757611457106805,0.025390625
1786718738.4548774,22.200000735000003,105,1395,6.757611457106805,0.0234375
1786718738.4732802,22.220000741000035,105,1395,6.757611457106805,0.0234375
1786718738.4961052,22.240001209999946,105,1395,6.831880673490446,0.025390625
1786718738.513288,22.260001309000017,105,1395,6.831880673490446,0.025390625
1786718738.5348299,22.280001167000023,105,1395,6.906585718502811,0.025390625
1786718738.5548098,22.30000083999994,105,1395,6.906585718502811,0.0234375
1786718738.573255,22.320000901999947,105,1395,6.906585718502811,0.0234375
1786718738.5960827,22.340001296999958,105,1395,6.971165593729921,0.0234375
1786718738.6132624,22.360001006999937,105,1395,6.971165593729921,0.0234375
1786718738.634929,22.380001160999996,105,1395,7.0307600255332545,0.0234375
1786718738.654871,22.400001129999964,105,1395,7.0307600255332545,0.01953125
1786718738.6733305,22.420001043999946,105,1395,7.0307600255332545,0.01953125
1786718738.6960788,22.44000116099994,105,1395,7.085510553735247,0.013671875
1786718738.7132668,22.460000888999957,105,1395,7.085510553735247,0.013671875
1786718738.7348201,22.48000126599993,105,1395,7.12995591973754,0.013671875
1786718738.7548442,22.50000077200002,105,1395,7.12995591973754,0.015625
1786718738.7732592,22.52000099999998,105,1395,7.12995591973754,0.015625
1786718738.7960634,22.540001155000027,105,1395,7.169834491225458,0.013671875
1786718738.813253,22.56000119800001,105,1395,7.169834491225458,0.013671875
1786718738.8344033,22.580000852000012,105,1395,7.209682957554662,0.013671875
1786718738.8547723,22.600001118000023,105,1395,7.209682957554662,0.01171875
1786718738.8732057,22.620001530999957,105,1395,7.209682957554662,0.01171875
1786718738.8959792,22.640000981999947,105,1395,7.239675323632326,0.01171875
1786718738.9131262,22.660000803000003,105,1395,7.239675323632326,0.01171875
1786718738.9346485,22.680000939000024,105,1395,7.269245933266404,0.01171875
1786718738.9546242,22.700000814999953,105,1395,7.269245933266404,0.005859375
1786718738.973002,22.720000691999985,105,1395,7.269245933266404,0.005859375
1786718738.9957738,22.740001049999933,105,1395,7.288958918397583,0.005859375
1786718739.0129616,22.760001353000007,105,1395,7.288958918397583,0.005859375
1786718739.034508,22.780001099999936,105,1395,7.299270704188984,0.005859375
1786718739.054447,22.80000082899994,105,1395,7.299270704188984,0.001953125
1786718739.0728827,22.820000964999963,105,1395,7.299270704188984,0.001953125
1786718739.0956137,22.840000842999984,105,1395,7.309127253538634,0.0
1786718739.1128066,22.86000079400003,105,1395,7.309127253538634,0.0
1786718739.134363,22.88000109699999,105,1395,7.313970400655364,0.0
1786718739.1542947,22.900000974000022,105,1395,7.313970400655364,0.001953125
1786718739.1729467,22.92000142500001,105,1395,7.313970400655364,0.001953125
1786718739.195499,22.940001080000002,105,1395,7.3187828697626856,0.0
1786718739.212819,22.960000901999933,105,1395,7.3187828697626856,0.0
1786718739.2342198,22.980000926999992,105,1395,7.3139393882259185,0.0
1786718739.254231,23.000000934000013,105,1395,7.3139393882259185,0.0
1786718739.2729223,23.020001459000014,105,1395,7.3139393882259185,0.0
1786718739.2953024,23.040001076999943,105,1395,7.323795685454229,0.0
1786718739.3128257,23.06000067599996,105,1395,7.323795685454229,0.0
1786718739.3346088,23.080001145999972,105,1395,7.323795685454229,0.0
1786718739.354053,23.10000133799997,105,1395,7.323795685454229,-0.001953125
1786718739.3728411,23.120001159000026,105,1395,7.323795685454229,-0.001953125
1786718739.3952549,23.140000869999994,105,1395,7.329233842076661,0.00390625
1786718739.412856,23.16000102499993,105,1395,7.329233842076661,0.00390625
1786718739.4345746,23.18000129099994,105,1395,7.33909031391056,0.00390625
1786718739.4544554,23.20000079700003,105,1395,7.33909031391056,0.001953125
1786718739.4728684,23.220001378000006,105,1395,7.33909031391056,0.001953125
1786718739.495657,23.240000699999996,105,1395,7.3439340578261465,0.001953125
1786718739.5128176,23.26000085499993,105,1395,7.3439340578261465,0.001953125
1786718739.5345767,23.28000087999999,105,1395,7.348777729669223,0.001953125
1786718739.5544896,23.300000904999933,105,1395,7.348777729669223,0.0
1786718739.572793,23.320000985999968,105,1395,7.348777729669223,0.0
1786718739.5957181,23.34000102999994,105,1395,7.353790305581413,-0.001953125
1786718739.6128135,23.36000092500001,105,1395,7.353790305581413,-0.001953125
1786718739.634507,23.380001784,105,1395,7.348777729669223,-0.001953125
1786718739.6544585,23.400001254000017,105,1395,7.348777729669223,-0.001953125
1786718739.6728625,23.420001242000012,105,1395,7.348777729669223,-0.001953125
1786718739.6955159,23.440000897000004,105,1395,7.353363665945494,0.0
1786718739.7128046,23.46000118099994,105,1395,7.353363665945494,0.0
1786718739.7343192,23.48000079899998,105,1395,7.353363665945494,0.0
1786718739.7542677,23.50000076899994,105,1395,7.353363665945494,0.001953125
1786718739.7727933,23.520000813000024,105,1395,7.353363665945494,0.001953125
1786718739.7953684,23.54000109699996,105,1395,7.358376161781592,-0.001953125
1786718739.8128037,23.560000993000017,105,1395,7.358376161781592,-0.001953125
1786718739.8342314,23.580000981000012,105,1395,7.3682317709217955,-0.001953125
1786718739.8540735,23.600001024999983,105,1395,7.3682317709217955,0.0
1786718739.8729062,23.620001068999954,105,1395,7.3682317709217955,0.0
1786718739.8952746,23.640000815999997,105,1395,7.378546227093437,0.001953125
1786718739.9128048,23.660000803999992,105,1395,7.378546227093437,0.001953125
1786718739.9340806,23.680001199999992,105,1395,7.378514679760485,0.001953125
1786718739.953995,23.70000091099996,105,1395,7.378514679760485,-0.001953125
1786718739.972809,23.72000093600002,105,1395,7.378514679760485,-0.001953125
1786718739.9952672,23.74000114599994,105,1395,7.378514679760485,0.0
1786718740.0128036,23.760001246,105,1395,7.378514679760485,0.0
1786718740.0352178,23.780001309,105,1395,7.383495105405785,0.0
1786718740.0528097,23.80000096399999,105,1395,7.383495105405785,0.0
1786718740.0728965,23.82000137900002,105,1395,7.383495105405785,0.0
1786718740.0959435,23.84000133099994,105,1395,7.388338966904797,0.001953125
1786718740.1128,23.860000912000032,105,1395,7.388338966904797,0.001953125
1786718740.1359158,23.880001067999956,105,1395,7.388338966904797,0.0
1786718740.1528037,23.900000611999985,105,1395,7.388338966904797,0.0
1786718740.172796,23.920001063999962,105,1395,7.388338966904797,0.0
1786718740.1967652,23.940001329999973,105,1395,7.398194496090781,-0.001953125
1786718740.212841,23.96000122600003,105,1395,7.398194496090781,-0.001953125
1786718740.2366076,23.980000862999987,105,1395,7.398622905448434,-0.001953125
1786718740.2528236,24.000001204,105,1395,7.398622905448434,-0.001953125
1786718740.27286,24.02000124799997,105,1395,7.398622905448434,-0.001953125
1786718740.2965744,24.040000996000003,105,1395,7.403206155709995,0.0
1786718740.3128116,24.060000670000022,105,1395,7.403206155709995,0.0
1786718740.3360014,24.080000973999972,105,1395,7.403206155709995,-0.001953125
1786718740.3528063,24.10000100000002,105,1395,7.403206155709995,-0.001953125
1786718740.3728054,24.120000859000015,105,1395,7.403206155709995,-0.001953125
1786718740.3952477,24.140000866000037,105,1395,7.408217734825456,0.0
1786718740.4127967,24.160000947999947,105,1395,7.408217734825456,0.0
1786718740.4365158,24.180001102999995,105,1395,7.403666379062713,0.0
1786718740.4527934,24.200001332999932,105,1395,7.403666379062713,0.0
1786718740.4728477,24.220001080999964,105,1395,7.403666379062713,0.0
1786718740.4966257,24.24000068099997,105,1395,7.408510095771618,0.00390625
1786718740.5128438,24.260001373000023,105,1395,7.408510095771618,0.00390625
1786718740.5373292,24.280001046999928,105,1395,7.408510095771618,0.0
1786718740.5527985,24.300001092000002,105,1395,7.408510095771618,0.0
1786718740.5728347,24.320001042999934,105,1395,7.408510095771618,0.0
1786718740.5980697,24.340001309999934,105,1395,7.408049872418928,0.0
1786718740.612838,24.36000113199998,105,1395,7.408049872418928,0.0
1786718740.6387975,24.38000139899998,105,1395,7.408478688086603,0.0
1786718740.6528528,24.400000998999985,105,1395,7.408478688086603,0.0
1786718740.672869,24.42000098699998,105,1395,7.408478688086603,0.0
1786718740.698643,24.44000121700003,105,1395,7.408478688086603,0.0
1786718740.7127993,24.46000118699999,105,1395,7.408478688086603,0.0
1786718740.7381048,24.480001379999976,105,1395,7.403467028467389,0.001953125
1786718740.752794,24.500001090999945,105,1395,7.403467028467389,0.001953125
1786718740.774033,24.520000783,105,1395,7.403007320258155,0.001953125
1786718740.7952576,24.540001030999974,105,1395,7.403007320258155,0.0
1786718740.8127975,24.56000085300002,105,1395,7.403007320258155,0.0
1786718740.8379247,24.58000089799998,105,1395,7.403007320258155,0.001953125
1786718740.8527946,24.60000094199995,105,1395,7.403007320258155,0.001953125
1786718740.8740728,24.620000968,105,1395,7.40844743342015,0.001953125
1786718740.895355,24.640000956999984,105,1395,7.40844743342015,0.0
1786718740.9127903,24.660000741999966,105,1395,7.40844743342015,0.0
1786718740.9386632,24.680001101000016,105,1395,7.4029765806393755,0.0
1786718740.9527986,24.70000062700001,105,1395,7.4029765806393755,0.0
1786718740.9740212,24.72000076400002,105,1395,7.39796570983799,0.0
1786718740.9952881,24.74000080799999,105,1395,7.39796570983799,0.0
1786718741.0128074,24.760001019000015,105,1395,7.39796570983799,0.0
1786718741.0386357,24.780000823000023,105,1395,7.403405541355028,-0.001953125
1786718741.052796,24.80000075700002,105,1395,7.403405541355028,-0.001953125
1786718741.074805,24.820000821000008,105,1395,7.4029765806393755,-0.001953125
1786718741.0960052,24.840000661999966,105,1395,7.4029765806393755,0.0
1786718741.1127925,24.860000688000014,105,1395,7.4029765806393755,0.0
1786718741.1393626,24.880000881,105,1395,7.403436208440667,0.0
1786718741.1534455,24.900001019,105,1395,7.403436208440667,0.0
1786718741.174668,24.920000842000036,105,1395,7.403436208440667,0.0
1786718741.1952794,24.940000905000034,105,1395,7.403436208440667,0.0
1786718741.2134118,24.960001153999997,105,1395,7.403436208440667,0.0
1786718741.239432,24.980001198999958,105,1395,7.40785137076233,-0.001953125
1786718741.2534277,25.000000798999963,105,1395,7.40785137076233,-0.001953125
1786718741.2753994,25.020001176999926,105,1395,7.413322738590779,-0.001953125
1786718741.2973692,25.040001111000038,105,1395,7.413322738590779,-0.001953125
1786718741.3141153,25.06000113799996,105,1395,7.413322738590779,-0.001953125
1786718741.3394148,25.08000107099997,105,1395,7.408311078971565,0.0
1786718741.3540146,25.100000782999928,105,1395,7.408311078971565,0.0
1786718741.3753393,25.12000071700004,105,1395,7.40785137076233,0.0
1786718741.3957841,25.140000891,105,1395,7.40785137076233,0.0
1786718741.4139464,25.16000089900001,105,1395,7.40785137076233,0.0
1786718741.4393091,25.180000869999958,105,1395,7.40785137076233,0.0
1786718741.4528093,25.200000988999932,105,1395,7.40785137076233,0.0
1786718741.4753854,25.22000101499998,105,1395,7.412862595741814,0.0
1786718741.4971209,25.240000948999977,105,1395,7.412862595741814,0.0
1786718741.5138383,25.260000846000025,105,1395,7.412862595741814,0.0
1786718741.5391908,25.280000723999933,105,1395,7.413322738590779,0.0
1786718741.553809,25.30000087999997,105,1395,7.413322738590779,0.0
1786718741.5761244,25.320001202999947,105,1395,7.413322738590779,0.0
1786718741.597191,25.340001265999945,105,1395,7.413322738590779,0.0
1786718741.6139688,25.36000134799997,105,1395,7.413322738590779,0.0
1786718741.6394002,25.38000139299993,105,1395,7.408311078971565,0.0
1786718741.653858,25.400001345999954,105,1395,7.408311078971565,0.0
1786718741.676842,25.420001316000025,105,1395,7.407881857012171,0.0
1786718741.6972363,25.440001380000012,105,1395,7.407881857012171,0.0
1786718741.713459,25.460000942999955,105,1395,7.407881857012171,0.0
1786718741.7384732,25.480000636,105,1395,7.408341645650381,0.0
1786718741.7538273,25.500001236999992,105,1395,7.408341645650381,0.0
1786718741.7772734,25.520001410999953,105,1395,7.408341645650381,0.0
1786718741.7971315,25.54000117800001,105,1395,7.408341645650381,0.0
1786718741.8138628,25.560001057000022,105,1395,7.408341645650381,0.0
1786718741.8391898,25.58000115699997,105,1395,7.408341645650381,0.001953125
1786718741.853833,25.600001016999954,105,1395,7.408341645650381,0.001953125
1786718741.8771791,25.620001357999968,105,1395,7.407881857012171,0.001953125
1786718741.8955388,25.64000123599999,105,1395,7.407881857012171,0.0
1786718741.9138324,25.660001189000013,105,1395,7.407881857012171,0.0
1786718741.939245,25.680001067000035,105,1395,7.408341645650381,-0.001953125
1786718741.9538434,25.700000853000006,105,1395,7.408341645650381,-0.001953125
1786718741.9773202,25.720001156999956,105,1395,7.403329470866652,-0.001953125
1786718741.9971292,25.74000133100003,105,1395,7.403329470866652,0.0
1786718742.0138433,25.760001321000004,105,1395,7.403329470866652,0.0
1786718742.039242,25.780000884999936,105,1395,7.398026472751496,-0.001953125
1786718742.0538447,25.800000949000037,105,1395,7.398026472751496,-0.001953125
1786718742.0772212,25.820000827999934,105,1395,7.402870116963953,-0.001953125
1786718742.0970867,25.840001002999998,105,1395,7.402870116963953,0.0
1786718742.1138442,25.86000095600002,105,1395,7.402870116963953,0.0
1786718742.139162,25.880000908999932,105,1395,7.403329470866652,0.001953125
1786718742.153821,25.900000750000004,105,1395,7.403329470866652,0.001953125
1786718742.17646,25.920001313999933,105,1395,7.408173042515045,0.001953125
1786718742.1970904,25.94000117500002,105,1395,7.408173042515045,0.0
1786718742.2138174,25.96000099799994,105,1395,7.408173042515045,0.0
1786718742.2378585,25.98000113599994,105,1395,7.408173042515045,-0.001953125
1786718742.253869,26.000001181000016,105,1395,7.408173042515045,-0.001953125
1786718742.2772563,26.020001004999926,105,1395,7.408173042515045,-0.001953125
1786718742.2971027,26.040001160999964,105,1395,7.408173042515045,0.001953125
1786718742.3138268,26.06000096599996,105,1395,7.408173042515045,0.001953125
1786718742.3384705,26.080001067000012,105,1395,7.407743486913972,0.0
1786718742.3538842,26.10000087200001,105,1395,7.407743486913972,0.0
1786718742.3771322,26.120000825000034,105,1395,7.403190231201563,0.0
1786718742.3953042,26.14000114800001,105,1395,7.403190231201563,0.0
1786718742.4139225,26.160001360000024,105,1395,7.403190231201563,0.0
1786718742.4384966,26.180001016999995,105,1395,7.407574324584317,0.0
1786718742.4538841,26.200001209999982,105,1395,7.407574324584317,0.0
1786718742.4772148,26.22000101499998,105,1395,7.408033324030924,0.0
1786718742.4971917,26.240001208999956,105,1395,7.408033324030924,-0.001953125
1786718742.5138445,26.260000753999975,105,1395,7.408033324030924,-0.001953125
1786718742.5384793,26.28000080000004,105,1395,7.398177460889684,0.0
1786718742.5538504,26.30000071500001,105,1395,7.398177460889684,0.0
1786718742.577246,26.320001038999976,105,1395,7.398177460889684,0.0
1786718742.5971453,26.340000713999984,105,1395,7.398177460889684,0.0
1786718742.6138499,26.36000068499993,105,1395,7.398177460889684,0.0
1786718742.63862,26.380000989999985,105,1395,7.398177460889684,-0.001953125
1786718742.653864,26.400001164999935,105,1395,7.398177460889684,-0.001953125
1786718742.675839,26.42000095100002,105,1395,7.3977188962954585,-0.001953125
1786718742.697152,26.440001478,105,1395,7.3977188962954585,0.0
1786718742.7138586,26.460000894000018,105,1395,7.3977188962954585,0.0
1786718742.7370737,26.480000661999952,105,1395,7.397747977901872,-0.001953125
1786718742.7538333,26.500000928999953,105,1395,7.397747977901872,-0.001953125
1786718742.7771332,26.520000937999953,105,1395,7.402760748213751,-0.001953125
1786718742.7971241,26.54000109399999,105,1395,7.402760748213751,0.0
1786718742.8138306,26.560001028999977,105,1395,7.402760748213751,0.0
1786718742.8384595,26.580000833999975,105,1395,7.408033324030924,0.0
1786718742.8538394,26.600001064000026,105,1395,7.408033324030924,0.0
1786718742.877198,26.620001109999976,105,1395,7.407603434923317,0.0
1786718742.8968294,26.64000109999995,105,1395,7.407603434923317,0.0
1786718742.9138384,26.66000081200002,105,1395,7.407603434923317,0.0
1786718742.9382224,26.68000100500001,105,1395,7.41304601402129,0.0
1786718742.953845,26.700000735999993,105,1395,7.41304601402129,0.0
1786718742.9765337,26.72000089300002,105,1395,7.412616124913683,0.0
1786718742.9964883,26.74000080799999,105,1395,7.412616124913683,0.001953125
1786718743.0138535,26.760001261999946,105,1395,7.412616124913683,0.001953125
1786718743.038145,26.78000073399994,105,1395,7.407603434923317,0.0
1786718743.0538604,26.800001149999957,105,1395,7.407603434923317,0.0
1786718743.0765262,26.820000918000005,105,1395,7.408033324030924,0.0
1786718743.0965433,26.84000100100002,105,1395,7.408033324030924,-0.001953125
1786718743.1139472,26.86000104699997,105,1395,7.408033324030924,-0.001953125
1786718743.1382747,26.880001259999972,105,1395,7.408033324030924,-0.001953125
1786718743.15392,26.90000119499996,105,1395,7.408033324030924,-0.001953125
1786718743.1758823,26.92000179599995,105,1395,7.412876344179438,-0.001953125
1786718743.1965678,26.940001027999983,105,1395,7.412876344179438,0.0
1786718743.2139146,26.960001000000034,105,1395,7.412876344179438,0.0
1786718743.237725,26.980001508999976,105,1395,7.412876344179438,0.001953125
1786718743.2539814,27.000001610000027,105,1395,7.412876344179438,0.001953125
1786718743.2765856,27.020001471,105,1395,7.412446048970395,0.001953125
1786718743.2965055,27.040000868999982,105,1395,7.412446048970395,0.0
1786718743.3139677,27.060001599999964,105,1395,7.412446048970395,0.0
1786718743.3382263,27.080001090999986,105,1395,7.412446048970395,0.0
1786718743.3538535,27.100001451000026,105,1395,7.412446048970395,0.0
1786718743.3766928,27.12000121999995,105,1395,7.412446048970395,0.0
1786718743.396596,27.140000820999944,105,1395,7.412446048970395,0.0
1786718743.4139364,27.16000123799995,105,1395,7.412446048970395,0.0
1786718743.4382887,27.180001024000035,105,1395,7.417889034169832,0.0
1786718743.453893,27.20000088500001,105,1395,7.417889034169832,0.0
1786718743.476077,27.220001578999927,105,1395,7.42273198156991,0.0
1786718743.496123,27.24000240299995,105,1395,7.42273198156991,0.0
1786718743.5139647,27.26000154199994,105,1395,7.42273198156991,0.0
1786718743.5373428,27.280001828999957,105,1395,7.42273198156991,0.0
1786718743.5538301,27.300000597000007,105,1395,7.42273198156991,0.0
1786718743.5757344,27.320000994999987,105,1395,7.42273198156991,0.0
1786718743.5956697,27.340000873999998,105,1395,7.42273198156991,0.0
1786718743.613829,27.360000716999934,105,1395,7.42273198156991,0.0
1786718743.6373587,27.380000891999998,105,1395,7.42273198156991,0.0
1786718743.6538494,27.400000772,105,1395,7.42273198156991,0.0
1786718743.6755204,27.420000872999935,105,1395,7.42273198156991,0.0
1786718743.695671,27.440000640999983,105,1395,7.42273198156991,0.0
1786718743.713834,27.46000057599997,105,1395,7.42273198156991,0.0
1786718743.7360528,27.480000603999997,105,1395,7.42273198156991,0.0
1786718743.7538412,27.500000667999984,105,1395,7.42273198156991,0.0
1786718743.7757273,27.520000713999934,105,1395,7.42273198156991,0.0
1786718743.7956033,27.540000759999998,105,1395,7.42273198156991,0.0
1786718743.8138428,27.56000064,105,1395,7.42273198156991,0.0
1786718743.8360279,27.580000611999935,105,1395,7.4277445911639575,0.0
1786718743.8538187,27.60000069499995,105,1395,7.4277445911639575,0.0
1786718743.8756826,27.620000667,105,1395,7.4277445911639575,0.0
1786718743.895653,27.640000620000023,105,1395,7.4277445911639575,0.0
1786718743.9137626,27.66000029600002,105,1395,7.4277445911639575,0.0
1786718743.9353006,27.68000056400001,105,1395,7.4277445911639575,0.0
1786718743.9538434,27.700000703,105,1395,7.4277445911639575,0.0
1786718743.9757273,27.72000074899995,105,1395,7.432587465748071,0.0
1786718743.9956627,27.74000062799996,105,1395,7.432587465748071,0.0
1786718744.0138552,27.760000951999928,105,1395,7.432587465748071,0.0
1786718744.0365198,27.78000086899999,105,1395,7.432587465748071,0.0
1786718744.053831,27.800000564000015,105,1395,7.432587465748071,0.0
1786718744.074973,27.82000068399998,105,1395,7.432587465748071,0.0
1786718744.0949023,27.840000637999992,105,1395,7.432587465748071,0.0
1786718744.1138325,27.86000057399997,105,1395,7.432587465748071,0.0
1786718744.1363525,27.88000054600002,105,1395,7.432616307950752,0.0
1786718744.1538405,27.900000500000033,105,1395,7.432616307950752,0.0
1786718744.1752784,27.920000640000012,105,1395,7.432616307950752,0.0
1786718744.194954,27.94000061199995,105,1395,7.432616307950752,0.0
1786718744.2138422,27.960001066000018,105,1395,7.432616307950752,0.0
1786718744.2363849,27.980000872000005,105,1395,7.432616307950752,0.0
1786718744.2538548,28.000000881000005,105,1395,7.432616307950752,0.0
1786718744.275012,28.020000761000006,105,1395,7.432616307950752,0.0
1786718744.2948368,28.04000027099994,105,1395,7.432616307950752,0.0
1786718744.3138447,28.060000835999972,105,1395,7.432616307950752,0.0
1786718744.3365943,28.080000883000025,105,1395,7.432616307950752,0.0
1786718744.3538237,28.100000744,105,1395,7.432616307950752,0.0
1786718744.375019,28.120000698000013,105,1395,7.432616307950752,0.0
1786718744.3949609,28.140000725999926,105,1395,7.432616307950752,0.0
1786718744.413819,28.160000661000026,105,1395,7.432616307950752,0.0
1786718744.4367452,28.180000614999926,105,1395,7.4326453035106965,0.0
1786718744.4537992,28.200000477000003,105,1395,7.4326453035106965,0.0
1786718744.4749928,28.220000652999943,105,1395,7.4326453035106965,0.0
1786718744.4951105,28.240000736999946,105,1395,7.4326453035106965,0.0
1786718744.513789,28.260000708999996,105,1395,7.4326453035106965,0.0
1786718744.5366302,28.280000644999973,105,1395,7.4326453035106965,0.0
1786718744.5537524,28.300000524999973,105,1395,7.4326453035106965,0.0
1786718744.5750244,28.32000071899995,105,1395,7.4326453035106965,0.0
1786718744.594973,28.340000562,105,1395,7.4326453035106965,0.0
1786718744.613812,28.36000057199999,105,1395,7.4326453035106965,0.0
1786718744.6365678,28.380000914999982,105,1395,7.4326453035106965,0.0
1786718744.6538684,28.400000701999943,105,1395,7.4326453035106965,0.0
1786718744.674618,28.420001100000036,105,1395,7.433105414075499,0.0
1786718744.6949792,28.440000647000033,105,1395,7.433105414075499,0.0
1786718744.7138362,28.460000656000034,105,1395,7.433105414075499,0.0
1786718744.736613,28.480000683999947,105,1395,7.42766053795674,0.0
1786718744.7538407,28.500000620000037,105,1395,7.42766053795674,0.0
1786718744.775026,28.520000500000037,105,1395,7.42766053795674,0.0
1786718744.794971,28.540000601999964,105,1395,7.42766053795674,0.0
1786718744.8138745,28.56000066699994,105,1395,7.42766053795674,0.0
1786718744.8364854,28.580000694999967,105,1395,7.4228188813639235,0.0
1786718744.8538473,28.60000061200003,105,1395,7.4228188813639235,0.0
1786718744.8750257,28.620000732999983,105,1395,7.4228188813639235,0.0
1786718744.8949583,28.640000576000034,105,1395,7.4228188813639235,0.0
1786718744.913848,28.660000695999997,105,1395,7.4228188813639235,0.0
1786718744.9365003,28.680000575999998,105,1395,7.4228188813639235,0.0
1786718744.9532087,28.700000808000027,105,1395,7.4228188813639235,0.0
1786718744.9750483,28.72000083599994,105,1395,7.4228188813639235,0.0
1786718744.9949903,28.74000067899999,105,1395,7.4228188813639235,0.0
1786718745.013864,28.76000065200003,105,1395,7.4228188813639235,0.0
1786718745.0364397,28.780000550999944,105,1395,7.417804886430588,0.0
1786718745.0538096,28.800000504999957,105,1395,7.417804886430588,0.0
1786718745.0750916,28.820000756000013,105,1395,7.417804886430588,0.0
1786718745.0941386,28.840000581000027,105,1395,7.417804886430588,0.0
1786718745.1138608,28.860000775999993,105,1395,7.417804886430588,0.0
1786718745.1359546,28.880000563999943,105,1395,7.4228188813639235,0.0
1786718745.1538672,28.900000610999996,105,1395,7.4228188813639235,0.0
1786718745.1749125,28.920000676999962,105,1395,7.422789761549211,0.0
1786718745.19474,28.940000556999962,105,1395,7.422789761549211,0.0
1786718745.2130866,28.960000511999965,105,1395,7.422789761549211,0.0
1786718745.2358193,28.98000070699993,105,1395,7.422789761549211,0.0
1786718745.2531922,29.000001012999974,105,1395,7.422789761549211,0.0
1786718745.2747576,29.020001116000003,105,1395,7.422789761549211,0.0
1786718745.2946517,29.040000421999935,105,1395,7.422789761549211,0.0
1786718745.313247,29.06000083999993,105,1395,7.422789761549211,0.0
1786718745.3357232,29.080000627999993,105,1395,7.422789761549211,0.0
1786718745.3530755,29.100000601000033,105,1395,7.422789761549211,0.0
1786718745.374683,29.120000517999983,105,1395,7.417776201671728,0.0
1786718745.394654,29.140000398999973,105,1395,7.417776201671728,0.0
1786718745.4130723,29.160000298,105,1395,7.417776201671728,0.0
1786718745.435679,29.180000382000003,105,1395,7.4129340663701555,0.0
1786718745.4530876,29.200000298999953,105,1395,7.4129340663701555,0.0
1786718745.474742,29.220000902000038,105,1395,7.4129340663701555,0.0
1786718745.4946668,29.240000431,105,1395,7.4129340663701555,0.0
1786718745.5131483,29.26000094099993,105,1395,7.4129340663701555,0.0
1786718745.5357008,29.28000054300003,105,1395,7.4129340663701555,0.0
1786718745.5530584,29.300000367999928,105,1395,7.4129340663701555,0.0
1786718745.5746012,29.320000434000008,105,1395,7.4129340663701555,0.0
1786718745.5946,29.34000090699999,105,1395,7.4129340663701555,0.0
1786718745.6129746,29.360000583999977,105,1395,7.4129340663701555,0.0
1786718745.635776,29.38000122400001,105,1395,7.41247490625949,0.0
1786718745.6529362,29.40000054799998,105,1395,7.41247490625949,0.0
1786718745.6745932,29.420000576999996,105,1395,7.41247490625949,0.0
1786718745.6944232,29.440000346000033,105,1395,7.41247490625949,0.0
1786718745.712824,29.460000522999962,105,1395,7.41247490625949,0.0
1786718745.7354455,29.48000032999994,105,1395,7.422760794952097,0.0
1786718745.7528267,29.500000728000032,105,1395,7.422760794952097,0.0
1786718745.7739344,29.52000044199997,105,1395,7.422760794952097,0.0
1786718745.7942562,29.54000041500001,105,1395,7.422760794952097,0.0
1786718745.8126824,29.560000314000035,105,1395,7.422760794952097,0.0
1786718745.8352466,29.580000584000004,105,1395,7.422760794952097,0.0
1786718745.8526912,29.600000279000028,105,1395,7.422760794952097,0.0
1786718745.8741963,29.620000900000036,105,1395,7.422760794952097,0.0
1786718745.8941495,29.640000687999986,105,1395,7.422760794952097,0.0
1786718745.9127965,29.660000697999976,105,1395,7.422760794952097,0.0
1786718745.9351177,29.680000671000016,105,1395,7.422760794952097,0.0
1786718745.9527912,29.700000681000006,105,1395,7.422760794952097,0.0
1786718745.9740257,29.720000931999948,105,1395,7.422760794952097,0.0
1786718745.9939764,29.740000646,105,1395,7.422760794952097,0.0
1786718746.0127995,29.760000970999954,105,1395,7.422760794952097,0.0
1786718746.0349839,29.780000685000005,105,1395,7.412905128738515,0.0
1786718746.052793,29.800000695999984,105,1395,7.412905128738515,0.0
1786718746.073923,29.820000909999976,105,1395,7.412905128738515,0.0
1786718746.0943534,29.840000568999926,105,1395,7.412905128738515,0.0
1786718746.1127803,29.860000801999945,105,1395,7.412905128738515,0.0
1786718746.1354532,29.88000079400001,105,1395,7.412905128738515,0.0
1786718746.1527102,29.90000054500001,105,1395,7.412905128738515,0.0
1786718746.1740708,29.92000064900003,105,1395,7.412905128738515,0.0
1786718746.1942825,29.94000078900001,105,1395,7.412905128738515,0.0
1786718746.2126849,29.960000688000036,105,1395,7.412905128738515,0.0
1786718746.2352118,29.98000045799995,105,1395,7.412905128738515,0.0
1786718746.2527742,30.00000076499998,120,1380,7.412905128738515,0.0
1786718746.2742908,30.020000923999987,120,1380,7.417918253635037,0.0
1786718746.2942438,30.04000100899998,120,1380,7.417918253635037,0.0
1786718746.3127708,30.060000519000027,120,1380,7.417918253635037,0.0
1786718746.3352332,30.080000937000023,120,1380,7.422760794952097,0.0
1786718746.352771,30.100000633000036,120,1380,7.422760794952097,0.0
1786718746.374159,30.12000071800003,120,1380,7.422760794952097,0.0
1786718746.3940713,30.14000074699993,120,1380,7.422760794952097,0.005859375
1786718746.4127746,30.16000084999996,120,1380,7.422760794952097,0.005859375
1786718746.4350445,30.180000713000027,120,1380,7.448116292940796,0.015625
1786718746.4527762,30.200000630999966,120,1380,7.448116292940796,0.015625
1786718746.473997,30.220000529999993,120,1380,7.507368710072143,0.015625
1786718746.4939308,30.240000669999972,120,1380,7.507368710072143,0.03125
1786718746.5128236,30.260000718000015,120,1380,7.507368710072143,0.03125
1786718746.5349822,30.280000673000018,120,1380,7.586499802845765,0.03515625
1786718746.5526772,30.30000053599997,120,1380,7.586499802845765,0.03515625
1786718746.5738895,30.32000067599995,120,1380,7.686120215519082,0.03515625
1786718746.5939887,30.34000074200003,120,1380,7.686120215519082,0.048828125
1786718746.6126888,30.36000052999998,120,1380,7.686120215519082,0.048828125
1786718746.6349099,30.380000986000027,120,1380,7.815127922852554,0.056640625
1786718746.6527789,30.400000718,120,1380,7.815127922852554,0.056640625
1786718746.6738446,30.420000896000033,120,1380,7.980146687746128,0.056640625
1786718746.693775,30.440000683999983,120,1380,7.980146687746128,0.056640625
1786718746.7127695,30.460000638999986,120,1380,7.980146687746128,0.056640625
1786718746.7348335,30.48000072399998,120,1380,8.163903631229516,0.06640625
1786718746.7527957,30.50000067899998,120,1380,8.163903631229516,0.06640625
1786718746.7738583,30.520000597000035,120,1380,8.36678612771101,0.06640625
1786718746.793768,30.540000625999937,120,1380,8.36678612771101,0.08203125
1786718746.8127718,30.56000089600002,120,1380,8.36678612771101,0.08203125
1786718746.834792,30.58000068399997,120,1380,8.595393420027108,0.09765625
1786718746.8527563,30.60000075100004,120,1380,8.595393420027108,0.09765625
1786718746.8748498,30.620000668999978,120,1380,8.854231333468107,0.10546875
1786718746.8927834,30.64000066099993,120,1380,8.854231333468107,0.10546875
1786718746.912774,30.660000652999997,120,1380,8.854231333468107,0.10546875
1786718746.9348285,30.68000099699998,120,1380,9.142397656615799,0.115234375
1786718746.9527628,30.700001025999995,120,1380,9.142397656615799,0.115234375
1786718746.9748042,30.720000702999982,120,1380,9.445577967069283,0.12109375
1786718746.9927619,30.740000603,120,1380,9.445577967069283,0.12109375
1786718747.0127788,30.76000094699998,120,1380,9.445577967069283,0.12109375
1786718747.0356383,30.78000053200003,120,1380,9.785032910672044,0.119140625
1786718747.0527716,30.800000747000013,120,1380,9.785032910672044,0.119140625
1786718747.0755546,30.820000942999968,120,1380,10.14782326599692,0.134765625
1786718747.0927887,30.84000073200002,120,1380,10.14782326599692,0.134765625
1786718747.112663,30.860000558000024,120,1380,10.14782326599692,0.134765625
1786718747.1354077,30.880000550999966,120,1380,10.526336531653612,0.138671875
1786718747.1527636,30.900000618000036,120,1380,10.526336531653612,0.138671875
1786718747.175526,30.920000703000028,120,1380,10.929324954033177,0.15234375
1786718747.192776,30.94000091800001,120,1380,10.929324954033177,0.15234375
1786718747.2127671,30.96000070699995,120,1380,10.929324954033177,0.15234375
1786718747.2355537,30.980000735999965,120,1380,11.347803904350314,0.1640625
1786718747.2527795,31.00000067299993,120,1380,11.347803904350314,0.1640625
1786718747.275538,31.020000944000003,120,1380,11.808052215001254,0.154296875
1786718747.2928064,31.040000954999982,120,1380,11.808052215001254,0.154296875
1786718747.3127794,31.06000083699996,120,1380,11.808052215001254,0.154296875
1786718747.3355322,31.08000119999997,120,1380,12.255616402386806,0.171875
1786718747.3527749,31.100000840000007,120,1380,12.255616402386806,0.171875
1786718747.3755724,31.120000481000034,120,1380,12.729831112292175,0.16796875
1786718747.392666,31.140000602999976,120,1380,12.729831112292175,0.16796875
1786718747.4138105,31.16000066999993,120,1380,12.729831112292175,0.16796875
1786718747.435228,31.180000440999947,120,1380,13.224636285369769,0.173828125
1786718747.4527242,31.200000599999953,120,1380,13.224636285369769,0.173828125
1786718747.4755192,31.220000667000022,120,1380,13.714003855412471,0.1875
1786718747.4927614,31.240000658999975,120,1380,13.714003855412471,0.1875
1786718747.513832,31.260001003999946,120,1380,14.24522625626463,0.1875
1786718747.5351772,31.28000069999996,120,1380,14.24522625626463,0.1796875
1786718747.552756,31.30000071099994,120,1380,14.24522625626463,0.1796875
1786718747.575492,31.320000778000008,120,1380,14.753691028051037,0.19140625
1786718747.5927973,31.340001047999976,120,1380,14.753691028051037,0.19140625
1786718747.6138163,31.36000052299994,120,1380,15.291158392843386,0.19140625
1786718747.6353142,31.380000940999935,120,1380,15.291158392843386,0.1796875
1786718747.6527834,31.400000785999964,120,1380,15.291158392843386,0.1796875
1786718747.6755335,31.420000704000017,120,1380,15.836765529987304,0.185546875
1786718747.693522,31.44000043799997,120,1380,15.836765529987304,0.185546875
1786718747.713834,31.46000057799995,120,1380,16.367923301655935,0.185546875
1786718747.734461,31.48000066399993,120,1380,16.367923301655935,0.201171875
1786718747.752662,31.500000416000034,120,1380,16.367923301655935,0.201171875
1786718747.7753968,31.520000333999974,120,1380,16.55308047356084,0.197265625
1786718747.7927616,31.54000075299996,120,1380,16.55308047356084,0.197265625
1786718747.8138201,31.560001041999953,120,1380,16.850054525313396,0.197265625
1786718747.8352332,31.58000068199999,120,1380,16.850054525313396,0.185546875
1786718747.852757,31.600000601000033,120,1380,16.850054525313396,0.185546875
1786718747.8769221,31.620000945000015,120,1380,17.30204779305339,0.193359375
1786718747.8939831,31.64000065999994,120,1380,17.30204779305339,0.193359375
1786718747.9152195,31.660000708999974,120,1380,17.834387983139237,0.193359375
1786718747.9349759,31.680000423000024,120,1380,17.834387983139237,0.197265625
1786718747.9527748,31.700000657000032,120,1380,17.834387983139237,0.197265625
1786718747.976805,31.720000648999985,120,1380,18.383565690003422,0.197265625
1786718747.993907,31.740000604999977,120,1380,18.383565690003422,0.197265625
1786718748.0140944,31.760000598000033,120,1380,18.922138404934003,0.197265625
1786718748.0355852,31.780000460999986,120,1380,18.922138404934003,0.197265625
1786718748.0538507,31.80000062099998,120,1380,18.922138404934003,0.197265625
1786718748.0766761,31.820000391999997,120,1380,19.457157044912975,0.19140625
1786718748.093852,31.840000884999995,120,1380,19.457157044912975,0.19140625
1786718748.1152637,31.860000489999948,120,1380,19.992517732222666,0.19140625
1786718748.1355178,31.880000593999966,120,1380,19.992517732222666,0.177734375
1786718748.1537602,31.900000401999932,120,1380,19.992517732222666,0.177734375
1786718748.176043,31.92000059899999,120,1380,20.507488615875076,0.1796875
1786718748.1937354,31.94000035099998,120,1380,20.507488615875076,0.1796875
1786718748.2151935,31.96000058499999,120,1380,20.87060958968968,0.1796875
1786718748.234721,31.98000063400002,120,1380,20.87060958968968,0.185546875
1786718748.2537725,32.00000072,120,1380,20.87060958968968,0.185546875
1786718748.2760384,32.020001287000014,120,1380,21.27562226382554,0.173828125
1786718748.2938666,32.04000122499997,120,1380,21.27562226382554,0.173828125
1786718748.3152797,32.06000092099998,120,1380,21.746121596478304,0.173828125
1786718748.335532,32.080000877999964,120,1380,21.746121596478304,0.162109375
1786718748.3537147,32.100000593000004,120,1380,21.746121596478304,0.162109375
1786718748.3758082,32.120001086,120,1380,22.18645067798556,0.166015625
1786718748.3937535,32.140000301999976,120,1380,22.18645067798556,0.166015625
1786718748.4151442,32.160000442999944,120,1380,22.66426166847637,0.166015625
1786718748.4347334,32.18000032500004,120,1380,22.66426166847637,0.15234375
1786718748.453752,32.20000041100002,120,1380,22.66426166847637,0.15234375
1786718748.4758236,32.22000055199999,120,1380,23.089959293593097,0.15234375
1786718748.4937592,32.24000052700001,120,1380,23.089959293593097,0.15234375
1786718748.5165088,32.260000574999935,120,1380,23.52685091505373,0.15234375
1786718748.5355127,32.280000419999965,120,1380,23.52685091505373,0.138671875
1786718748.553841,32.300001006,120,1380,23.52685091505373,0.138671875
1786718748.578459,32.320000998999944,120,1380,23.93241006515663,0.146484375
1786718748.5939455,32.34000147400002,120,1380,23.93241006515663,0.146484375
1786718748.6174455,32.36000139299995,120,1380,24.32984682708647,0.146484375
1786718748.6372747,32.38000157199997,120,1380,24.32984682708647,0.13671875
1786718748.6538627,32.400001508999935,120,1380,24.32984682708647,0.13671875
1786718748.6792228,32.42000102099996,120,1380,24.70668150231333,0.126953125
1786718748.6938741,32.440000810000015,120,1380,24.70668150231333,0.126953125
1786718748.7172236,32.460000896,120,1380,25.079419414629484,0.126953125
1786718748.7360613,32.48000114900003,120,1380,25.079419414629484,0.111328125
1786718748.7538247,32.50000073399997,120,1380,25.079419414629484,0.111328125
1786718748.7791908,32.52000107899994,120,1380,25.395163244929847,0.119140625
1786718748.793833,32.540000720999956,120,1380,25.395163244929847,0.119140625
1786718748.8171456,32.560001047000014,120,1380,25.706277118153707,0.119140625
1786718748.8371038,32.58000120700001,120,1380,25.706277118153707,0.107421875
1786718748.8538291,32.600000719000036,120,1380,25.706277118153707,0.107421875
1786718748.8792195,32.620001026999944,120,1380,26.01380677582074,0.09375
1786718748.8938386,32.64000090900004,120,1380,26.01380677582074,0.09375
1786718748.917121,32.66000110599998,120,1380,26.320128766148486,0.09375
1786718748.9370797,32.68000072799998,120,1380,26.320128766148486,0.08203125
1786718748.9538386,32.70000098100002,120,1380,26.320128766148486,0.08203125
1786718748.9784555,32.720001067,120,1380,26.60657420307831,0.08984375
1786718748.9938138,32.740000967000014,120,1380,26.60657420307831,0.08984375
1786718749.0158272,32.76000094200003,120,1380,26.882534545012447,0.08984375
1786718749.037091,32.78000121399998,120,1380,26.882534545012447,0.078125
1786718749.0538454,32.800000688999944,120,1380,26.882534545012447,0.078125
1786718749.077797,32.82000110799993,120,1380,27.160675167981537,0.064453125
1786718749.0938249,32.84000099100001,120,1380,27.160675167981537,0.064453125
1786718749.117149,32.86000096600003,120,1380,27.39485660906564,0.064453125
1786718749.137109,32.88000095999996,120,1380,27.39485660906564,0.0703125
1786718749.1538215,32.90000093499998,120,1380,27.39485660906564,0.0703125
1786718749.1785293,32.92000098400001,120,1380,27.62548397800944,0.048828125
1786718749.1938336,32.94000132999997,120,1380,27.62548397800944,0.048828125
1786718749.2171342,32.96000087899995,120,1380,27.8888682249127,0.048828125
1786718749.2374065,32.980000743000005,120,1380,27.8888682249127,0.046875
1786718749.2538629,33.000001088999966,120,1380,27.8888682249127,0.046875
1786718749.2784734,33.02000117499995,120,1380,28.060967353578178,0.046875
1786718749.2938066,33.04000107599995,120,1380,28.060967353578178,0.046875
1786718749.3172045,33.06000094000001,120,1380,28.19611922650958,0.046875
1786718749.3371372,33.08000099000003,120,1380,28.19611922650958,0.02734375
1786718749.353837,33.100001020000036,120,1380,28.19611922650958,0.02734375
1786718749.3784618,33.12000112499993,120,1380,28.307582993869204,0.015625
1786718749.3938441,33.14000087800002,120,1380,28.307582993869204,0.015625
1786718749.4171515,33.160001130999945,120,1380,28.385676343065228,0.015625
1786718749.4371417,33.180001328,120,1380,28.385676343065228,0.009765625
1786718749.453844,33.20000110000001,120,1380,28.385676343065228,0.009765625
1786718749.4785135,33.22000081600004,120,1380,28.442911616939654,0.009765625
1786718749.4938493,33.24000123600001,120,1380,28.442911616939654,0.009765625
1786718749.5158327,33.26000095099994,120,1380,28.487003379517574,0.009765625
1786718749.5371454,33.280001055999946,120,1380,28.487003379517574,0.00390625
1786718749.553847,33.30000121699993,120,1380,28.487003379517574,0.00390625
1786718749.5777938,33.32000082100001,120,1380,28.529333312144104,0.001953125
1786718749.5939183,33.34000133400002,120,1380,28.529333312144104,0.001953125
1786718749.61718,33.360000845999934,120,1380,28.56042357146859,0.001953125
1786718749.6367536,33.38000132100001,120,1380,28.56042357146859,-0.0078125
1786718749.6538815,33.400001258999964,120,1380,28.56042357146859,-0.0078125
1786718749.6781943,33.42000110499998,120,1380,28.60674522996294,-0.0078125
1786718749.6938775,33.44000078399995,120,1380,28.60674522996294,-0.0078125
1786718749.716533,33.46000101799996,120,1380,28.63697673876456,-0.0078125
1786718749.736521,33.480000900999926,120,1380,28.63697673876456,0.00390625
1786718749.7538335,33.500001043,120,1380,28.63697673876456,0.00390625
1786718749.7781324,33.520001054999966,120,1380,28.689196170005573,-0.0078125
1786718749.7938573,33.540001437,120,1380,28.689196170005573,-0.0078125
1786718749.81651,33.56000131999997,120,1380,28.739238329065103,-0.0078125
1786718749.8364646,33.58000090600001,120,1380,28.739238329065103,0.001953125
1786718749.853841,33.60000110399994,120,1380,28.739238329065103,0.001953125
1786718749.8781655,33.62000080099995,120,1380,28.78089794612515,0.01171875
1786718749.893852,33.640001257999984,120,1380,28.78089794612515,0.01171875
1786718749.9165137,33.660001084999976,120,1380,28.8331937837728,0.01171875
1786718749.9364731,33.68000098599998,120,1380,28.8331937837728,-0.001953125
1786718749.9538445,33.70000142399999,120,1380,28.8331937837728,-0.001953125
1786718749.9781466,33.72000071399998,120,1380,28.88497951185974,0.0
1786718749.9938242,33.74000102299999,120,1380,28.88497951185974,0.0
1786718750.0156233,33.76000138699999,120,1380,28.919262944291603,0.0
1786718750.0364838,33.780001399999946,120,1380,28.919262944291603,0.00390625
1786718750.0538225,33.800001079000026,120,1380,28.919262944291603,0.00390625
1786718750.0782137,33.82000098100002,120,1380,28.95572222751713,-0.001953125
1786718750.093837,33.840000938,120,1380,28.95572222751713,-0.001953125
1786718750.116527,33.860000931999934,120,1380,28.998153236395552,-0.001953125
1786718750.136486,33.88000077799995,120,1380,28.998153236395552,0.001953125
1786718750.153829,33.90000099500003,120,1380,28.998153236395552,0.001953125
1786718750.1781476,33.920000877999996,120,1380,29.01825085626183,0.009765625
1786718750.193843,33.94000079800003,120,1380,29.01825085626183,0.009765625
1786718750.216545,33.96000114399999,120,1380,29.054280733376487,0.009765625
1786718750.2364943,33.98000074899994,120,1380,29.054280733376487,0.001953125
1786718750.2538822,34.000001354999995,120,1380,29.054280733376487,0.001953125
1786718750.2773957,34.02000105299999,120,1380,29.085874808946613,0.0
1786718750.2938666,34.040000935999956,120,1380,29.085874808946613,0.0
1786718750.3159158,34.060001004000014,120,1380,29.10622597435207,0.0
1786718750.3359442,34.08000153499995,120,1380,29.10622597435207,-0.00390625
1786718750.3538465,34.100001195999994,120,1380,29.10622597435207,-0.00390625
1786718750.377232,34.120000968,120,1380,29.131576745361798,0.0
1786718750.393826,34.14000111099995,120,1380,29.131576745361798,0.0
1786718750.4158795,34.16000103099998,120,1380,29.161921027909756,0.0
1786718750.4358077,34.180000877,120,1380,29.161921027909756,-0.0078125
1786718750.453827,34.200001018999956,120,1380,29.161921027909756,-0.0078125
1786718750.4776216,34.22000079099996,120,1380,29.188671373562386,-0.005859375
1786718750.4938316,34.240001119,120,1380,29.188671373562386,-0.005859375
1786718750.5155342,34.26000087199998,120,1380,29.20543262067457,-0.005859375
1786718750.5358212,34.280000884999936,120,1380,29.20543262067457,0.0078125
1786718750.553829,34.30000123100001,120,1380,29.20543262067457,0.0078125
1786718750.5774786,34.320000873000026,120,1380,29.224208809814314,0.0
1786718750.593894,34.34000105300004,120,1380,29.224208809814314,0.0
1786718750.6159415,34.360001288000035,120,1380,29.256274369463483,0.0
1786718750.6360717,34.38000142999999,120,1380,29.256274369463483,0.0
1786718750.6538832,34.40000079499998,120,1380,29.256274369463483,0.0
1786718750.6775815,34.42000115899998,120,1380,29.255313415369812,0.001953125
1786718750.6938193,34.440000765000036,120,1380,29.255313415369812,0.001953125
1786718750.7158759,34.46000072200002,120,1380,29.281219282906193,0.001953125
1786718750.7358074,34.480001012,120,1380,29.281219282906193,-0.0078125
1786718750.753848,34.50000119200001,120,1380,29.281219282906193,-0.0078125
1786718750.777559,34.52000096400002,120,1380,29.28722502269588,-0.009765625
1786718750.7936254,34.54000094000003,120,1380,29.28722502269588,-0.009765625
1786718750.8158774,34.56000139699995,120,1380,29.298222762078126,-0.009765625
1786718750.8358078,34.58000098399998,120,1380,29.298222762078126,-0.0078125
1786718750.8538494,34.600001163,120,1380,29.298222762078126,-0.0078125
1786718750.8775244,34.620000954000034,120,1380,29.31224680461554,-0.005859375
1786718750.8938284,34.64000102199998,120,1380,29.31224680461554,-0.005859375
1786718750.9158816,34.660001016000024,120,1380,29.327761331864963,-0.005859375
1786718750.9358082,34.68000089899999,120,1380,29.327761331864963,-0.001953125
1786718750.9538255,34.70000104199994,120,1380,29.327761331864963,-0.001953125
1786718750.977524,34.720000905999996,120,1380,29.332435493069454,0.0
1786718750.9938295,34.74000086299998,120,1380,29.332435493069454,0.0
1786718751.015596,34.760001321000004,120,1380,29.343355669912313,0.0
1786718751.035818,34.78000100099996,120,1380,29.343355669912313,0.0
1786718751.0538347,34.800000866000005,120,1380,29.343355669912313,0.0
1786718751.0774887,34.820000860999926,120,1380,29.357694430797608,0.0
1786718751.0938427,34.84000124399995,120,1380,29.357694430797608,0.0
1786718751.1158698,34.86000103499998,120,1380,29.368375213672238,0.0
1786718751.135846,34.88000106699997,120,1380,29.368375213672238,0.0078125
1786718751.1538384,34.90000095100004,120,1380,29.368375213672238,0.0078125
1786718751.1767774,34.920001057000036,120,1380,29.374379660088067,0.005859375
1786718751.1938179,34.94000082899993,120,1380,29.374379660088067,0.005859375
1786718751.2151475,34.96000119400003,120,1380,29.393795170403394,0.005859375
1786718751.2351046,34.980001096000024,120,1380,29.393795170403394,-0.00390625
1786718751.253872,35.00000088699994,120,1380,29.393795170403394,-0.00390625
1786718751.2769313,35.02000141899998,120,1380,29.4062133098644,-0.001953125
1786718751.293236,35.040000951000025,120,1380,29.4062133098644,-0.001953125
1786718751.3156934,35.060000779000006,120,1380,29.414991629057084,-0.001953125
1786718751.3351822,35.08000116300002,120,1380,29.414991629057084,0.005859375
1786718751.3538442,35.100001101999965,120,1380,29.414991629057084,0.005859375
1786718751.3769717,35.12000092999995,120,1380,29.414991629057084,0.00390625
1786718751.3938518,35.140001127999994,120,1380,29.414991629057084,0.00390625
1786718751.415674,35.16000119699993,120,1380,29.4363823618325,0.00390625
1786718751.435131,35.18000082200001,120,1380,29.4363823618325,-0.009765625
1786718751.4538627,35.20000103899997,120,1380,29.4363823618325,-0.009765625
1786718751.4768841,35.22000068199998,120,1380,29.435824674379518,0.0078125
1786718751.4938645,35.240000823999935,120,1380,29.435824674379518,0.0078125
1786718751.5157883,35.26000102299997,120,1380,29.440657263109557,0.0078125
1786718751.5351536,35.28000142500002,120,1380,29.440657263109557,-0.001953125
1786718751.5538611,35.300001030999965,120,1380,29.440657263109557,-0.001953125
1786718751.5769231,35.32000093299996,120,1380,29.456885287773986,-0.0078125
1786718751.59396,35.34000164999998,120,1380,29.456885287773986,-0.0078125
1786718751.6157088,35.36000116299999,120,1380,29.45084596232641,-0.0078125
1786718751.6353047,35.380001842999945,120,1380,29.45084596232641,0.0078125
1786718751.653957,35.40000109699997,120,1380,29.45084596232641,0.0078125
1786718751.6769493,35.420001221999996,120,1380,29.46116341899858,-0.00390625
1786718751.6938865,35.44000086400001,120,1380,29.46116341899858,-0.00390625
1786718751.715689,35.46000108099997,120,1380,29.472086735162463,-0.00390625
1786718751.7351267,35.480001001999995,120,1380,29.472086735162463,-0.005859375
1786718751.7539675,35.500001664000024,120,1380,29.472086735162463,-0.005859375
1786718751.7768915,35.52000073199997,120,1380,29.471683181209954,0.0
1786718751.7932014,35.540001022999945,120,1380,29.471683181209954,0.0
1786718751.8149047,35.56000105499993,120,1380,29.476516036227792,0.0
1786718751.8348715,35.58000125399997,120,1380,29.476516036227792,0.00390625
1786718751.8538501,35.600001229999975,120,1380,29.476516036227792,0.00390625
1786718751.876147,35.62000128,120,1380,29.477773004847904,0.0078125
1786718751.893368,35.640001127000005,120,1380,29.477773004847904,0.0078125
1786718751.9148474,35.66000132499994,120,1380,29.487439220359164,0.0078125
1786718751.9348085,35.68000124599996,120,1380,29.487439220359164,0.0078125
1786718751.9532568,35.70000107399994,120,1380,29.487439220359164,0.0078125
1786718751.9760134,35.720000994999964,120,1380,29.487439220359164,0.005859375
1786718751.9932504,35.740001008000036,120,1380,29.487439220359164,0.005859375
1786718752.0148616,35.76000107699997,120,1380,29.498282581197287,0.005859375
1786718752.0350146,35.78000090599994,120,1380,29.498282581197287,0.0
1786718752.0533135,35.800001049,120,1380,29.498282581197287,0.0
1786718752.0762246,35.820000970000024,120,1380,29.503195787652714,-0.005859375
1786718752.0932722,35.84000126199999,120,1380,29.503195787652714,-0.005859375
1786718752.1148298,35.860001108999995,120,1380,29.514199325810864,-0.005859375
1786718752.1348279,35.88000117799993,120,1380,29.514199325810864,0.0
1786718752.1532626,35.90000134000002,120,1380,29.514199325810864,0.0
1786718752.1760213,35.92000120599994,120,1380,29.497630307550253,0.005859375
1786718752.1932447,35.940001016,120,1380,29.497630307550253,0.005859375
1786718752.2147772,35.96000082599994,120,1380,29.51293689280513,0.005859375
1786718752.2347991,35.980000914000016,120,1380,29.51293689280513,-0.0078125
1786718752.2532017,36.00000087199999,120,1380,29.51293689280513,-0.0078125
1786718752.2759259,36.02000095999995,120,1380,29.50696907401408,0.0078125
1786718752.2929318,36.04000088099997,120,1380,29.50696907401408,0.0078125
1786718752.3146386,36.06000098699997,120,1380,29.507219252461255,0.0078125
1786718752.334646,36.08000113100002,120,1380,29.507219252461255,0.0
1786718752.3530164,36.100001144999965,120,1380,29.507219252461255,0.0
1786718752.3757622,36.12000088100001,120,1380,29.512617829887887,-0.0078125
1786718752.3929577,36.140001006000034,120,1380,29.512617829887887,-0.0078125
1786718752.4144998,36.16000092699994,120,1380,29.51355604464274,-0.0078125
1786718752.4344387,36.18000088500003,120,1380,29.51355604464274,0.005859375
1786718752.4528625,36.20000119500003,120,1380,29.51355604464274,0.005859375
1786718752.4756205,36.220001024,120,1380,29.507626086382714,0.00390625
1786718752.4928463,36.24000094500002,120,1380,29.507626086382714,0.00390625
1786718752.5143895,36.26000136599998,120,1380,29.52274707006083,0.00390625
1786718752.534325,36.280001158000005,120,1380,29.52274707006083,-0.0078125
1786718752.5528266,36.30000083799996,120,1380,29.52274707006083,-0.0078125
1786718752.575601,36.32000111100001,120,1380,29.518470188873323,0.00390625
1786718752.5929372,36.340001179999945,120,1380,29.518470188873323,0.00390625
1786718752.61425,36.36000099099999,120,1380,29.512135798110847,0.00390625
1786718752.6342225,36.38000157800002,120,1380,29.512135798110847,0.005859375
1786718752.652943,36.40000164799994,120,1380,29.512135798110847,0.005859375
1786718752.675384,36.42000084699998,120,1380,29.508967467617623,0.0078125
1786718752.692935,36.440001231,120,1380,29.508967467617623,0.0078125
1786718752.7140968,36.46000129999993,120,1380,29.51221828507451,0.0078125
1786718752.7340891,36.48000092500001,120,1380,29.51221828507451,0.001953125
1786718752.7528477,36.50000110600001,120,1380,29.51221828507451,0.001953125
1786718752.7752123,36.52000074900002,120,1380,29.508806900173028,0.001953125
1786718752.792818,36.540000985000006,120,1380,29.508806900173028,0.001953125
1786718752.8145537,36.56000099899995,120,1380,29.512296933684496,0.001953125
1786718752.8344138,36.580001049999964,120,1380,29.512296933684496,0.0
1786718752.8528063,36.60000067399994,120,1380,29.512296933684496,0.0
1786718752.8756459,36.62000087299998,120,1380,29.512296933684496,-0.001953125
1786718752.8928518,36.640000905999955,120,1380,29.512296933684496,-0.001953125
1786718752.9145782,36.66000103099998,120,1380,29.512457610944892,-0.001953125
1786718752.9345026,36.68000078499995,120,1380,29.512457610944892,-0.009765625
1786718752.952808,36.70000079900001,120,1380,29.512457610944892,-0.009765625
1786718752.9756541,36.72000070199999,120,1380,29.518549449281124,-0.001953125
1786718752.992791,36.740000882000004,120,1380,29.518549449281124,-0.001953125
1786718753.014112,36.76000095199993,120,1380,29.508147461500187,-0.001953125
1786718753.0343933,36.78000104,120,1380,29.508147461500187,0.0078125
1786718753.052851,36.800001238999926,120,1380,29.508147461500187,0.0078125
1786718753.0756009,36.82000103099995,120,1380,29.511725862139855,-0.0078125
1786718753.0928297,36.84000099000002,120,1380,29.511725862139855,-0.0078125
1786718753.114318,36.860000764000006,120,1380,29.511562171754605,-0.0078125
1786718753.1342204,36.880000945000006,120,1380,29.511562171754605,0.0
1786718753.1528215,36.90000097799998,120,1380,29.511562171754605,0.0
1786718753.175371,36.92000132499993,120,1380,29.50614123436617,0.00390625
1786718753.1928027,36.94000082100001,120,1380,29.50614123436617,0.00390625
1786718753.214155,36.96000090899997,120,1380,29.5183096422154,0.00390625
1786718753.2341053,36.98000101599996,120,1380,29.5183096422154,-0.0078125
1786718753.2528198,37.00000103100001,120,1380,29.5183096422154,-0.0078125
1786718753.275267,37.02000137799996,120,1380,29.511398023070683,0.005859375
1786718753.293117,37.04000167000004,120,1380,29.511398023070683,0.005859375
1786718753.315461,37.060001202999956,120,1380,29.516066989250504,0.0078125
1786718753.3328862,37.08000127299999,120,1380,29.516066989250504,0.0078125
1786718753.3528345,37.10000088000004,120,1380,29.516066989250504,0.0078125
1786718753.375234,37.12000091300001,120,1380,29.5274894985871,-0.001953125
1786718753.3928251,37.14000103800004,120,1380,29.5274894985871,-0.001953125
1786718753.4151995,37.160000997,120,1380,29.543727445239142,-0.001953125
1786718753.4327936,37.18000080699994,120,1380,29.543727445239142,-0.001953125
1786718753.4528112,37.200000896000006,120,1380,29.543727445239142,-0.001953125
1786718753.4759219,37.220000873000004,120,1380,29.533417354653636,0.00390625
1786718753.4928308,37.24000118399999,120,1380,29.533417354653636,0.00390625
1786718753.516635,37.260001105000015,120,1380,29.55511886656899,-0.001953125
1786718753.5328403,37.28000073099997,120,1380,29.55511886656899,-0.001953125
1786718753.5528054,37.30000091199997,120,1380,29.55511886656899,-0.001953125
1786718753.5752184,37.320000703999995,120,1380,29.538897251425027,0.001953125
1786718753.592928,37.340001143999984,120,1380,29.538897251425027,0.001953125
1786718753.615868,37.36000117699996,120,1380,29.553776959682324,0.0
1786718753.6329365,37.38000104299999,120,1380,29.553776959682324,0.0
1786718753.6529024,37.40000111300003,120,1380,29.553776959682324,0.0
1786718753.6766014,37.420001311999954,120,1380,29.543487793643322,0.0078125
1786718753.6929324,37.44000121499994,120,1380,29.543487793643322,0.0078125
1786718753.7165794,37.460000692999984,120,1380,29.54925975797056,-0.0078125
1786718753.7328057,37.48000105899996,120,1380,29.54925975797056,-0.0078125
1786718753.7527986,37.500000924999995,120,1380,29.54925975797056,-0.0078125
1786718753.776508,37.520001142999945,120,1380,29.548948336822775,-0.001953125
1786718753.7927954,37.54000086099995,120,1380,29.548948336822775,-0.001953125
1786718753.8165185,37.56000096799994,120,1380,29.538897251425027,0.005859375
1786718753.8327942,37.580000982,120,1380,29.538897251425027,0.005859375
1786718753.8528044,37.600001014999975,120,1380,29.538897251425027,0.005859375
1786718753.8765476,37.62000073299998,120,1380,29.5445035054029,-0.0078125
1786718753.8928668,37.640001283999936,120,1380,29.5445035054029,-0.0078125
1786718753.9165745,37.66000079899993,120,1380,29.539055768515283,0.009765625
1786718753.9328144,37.680000683,120,1380,29.539055768515283,0.009765625
1786718753.9528036,37.70000101200003,120,1380,29.539055768515283,0.009765625
1786718753.97725,37.72000058200001,120,1380,29.544275653922796,-0.00390625
1786718753.992792,37.74000085599994,120,1380,29.544275653922796,-0.00390625
1786718754.0173101,37.76000098099996,120,1380,29.544275653922796,-0.00390625
1786718754.0328074,37.78000077399997,120,1380,29.544275653922796,-0.00390625
1786718754.0540743,37.80000071500001,120,1380,29.544275653922796,-0.00390625
1786718754.0740259,37.82000069200001,120,1380,29.53311934091957,0.005859375
1786718754.092853,37.84000137399994,120,1380,29.53311934091957,0.005859375
1786718754.1179473,37.860000851999985,120,1380,29.525039425170178,0.001953125
1786718754.1327934,37.880000940999935,120,1380,29.525039425170178,0.001953125
1786718754.1540487,37.900000732999956,120,1380,29.525039425170178,0.001953125
1786718754.1753898,37.920001359000025,120,1380,29.52898773929337,-0.001953125
1786718754.192801,37.940000891999944,120,1380,29.52898773929337,-0.001953125
1786718754.2186232,37.960000943999944,120,1380,29.523931027369144,0.00390625
1786718754.232798,37.98000094099996,120,1380,29.523931027369144,0.00390625
1786718754.2540517,38.00000095500002,120,1380,29.517917967421084,0.00390625
1786718754.275299,38.02000069199994,120,1380,29.517917967421084,0.00390625
1786718754.2928362,38.04000096599998,120,1380,29.517917967421084,0.00390625
1786718754.318661,38.06000085200003,120,1380,29.513245109222964,0.0
1786718754.3328016,38.08000071799995,120,1380,29.513245109222964,0.0
1786718754.354122,38.100001102999954,120,1380,29.51956936884403,0.0
1786718754.376001,38.12000096999998,120,1380,29.51956936884403,-0.00390625
1786718754.3927958,38.14000057700002,120,1380,29.51956936884403,-0.00390625
1786718754.4186332,38.160000906999926,120,1380,29.51972434662312,-0.005859375
1786718754.4335046,38.18000088500003,120,1380,29.51972434662312,-0.005859375
1786718754.454678,38.20000101099993,120,1380,29.51972434662312,-0.005859375
1786718754.4767234,38.220000691999985,120,1380,29.51972434662312,-0.001953125
1786718754.4934464,38.240001002999975,120,1380,29.51972434662312,-0.001953125
1786718754.518684,38.260001184999965,120,1380,29.517917967421084,0.001953125
1786718754.534144,38.28000099600001,120,1380,29.517917967421084,0.001953125
1786718754.555353,38.300001251000026,120,1380,29.523856057191892,0.001953125
1786718754.57528,38.32000119199995,120,1380,29.523856057191892,0.005859375
1786718754.594111,38.34000116999994,120,1380,29.523856057191892,0.005859375
1786718754.619395,38.36000103699996,120,1380,29.517843434458854,0.00390625
1786718754.634029,38.380001069999935,120,1380,29.517843434458854,0.00390625
1786718754.655441,38.40000119599995,120,1380,29.52409613187652,0.00390625
1786718754.677412,38.420001006999996,120,1380,29.52409613187652,0.001953125
1786718754.694098,38.440001095999946,120,1380,29.52409613187652,0.001953125
1786718754.7193382,38.46000096199998,120,1380,29.52425368804421,-0.00390625
1786718754.7338262,38.48000075499999,120,1380,29.52425368804421,-0.00390625
1786718754.755337,38.50000102900003,120,1380,29.529083294168146,-0.00390625
1786718754.7771885,38.520000933000006,120,1380,29.529083294168146,-0.0078125
1786718754.7928028,38.54000087399993,120,1380,29.529083294168146,-0.0078125
1786718754.8192382,38.56000105499993,120,1380,29.52425368804421,-0.00390625
1786718754.8338604,38.58000069900004,120,1380,29.52425368804421,-0.00390625
1786718754.8546731,38.60000095499993,120,1380,29.51815782464095,-0.00390625
1786718754.8771124,38.62000104399999,120,1380,29.51815782464095,-0.00390625
1786718754.893838,38.64000126199994,120,1380,29.51815782464095,-0.00390625
1786718754.9190862,38.66000107399998,120,1380,29.513254122403566,0.001953125
1786718754.9338396,38.68000079199999,120,1380,29.513254122403566,0.001953125
1786718754.9553263,38.700000714,120,1380,29.503434365492666,0.001953125
1786718754.9770792,38.72000115499998,120,1380,29.503434365492666,0.009765625
1786718754.9938378,38.740000966000025,120,1380,29.503434365492666,0.009765625
1786718755.0192802,38.760000759000036,120,1380,29.503434365492666,0.00390625
1786718755.0338483,38.780000941000026,120,1380,29.503434365492666,0.00390625
1786718755.0560315,38.80000091900001,120,1380,29.503516336150085,0.00390625
1786718755.0772195,38.82000074899997,120,1380,29.503516336150085,0.0078125
1786718755.0938563,38.840000875999976,120,1380,29.503516336150085,0.0078125
1786718755.1191785,38.86000090899995,120,1380,29.503434365492666,0.009765625
1786718755.1338227,38.88000072099999,120,1380,29.503434365492666,0.009765625
1786718755.156736,38.90000101399994,120,1380,29.503434365492666,0.009765625
1786718755.1771011,38.920000844000015,120,1380,29.503434365492666,0.0078125
1786718755.1938279,38.94000085999994,120,1380,29.503434365492666,0.0078125
1786718755.2191908,38.96000102300002,120,1380,29.503434365492666,0.009765625
1786718755.2338336,38.98000114900003,120,1380,29.503434365492666,0.009765625
1786718755.2573106,39.000000924000005,120,1380,29.503516336150085,0.009765625
1786718755.2771134,39.02000103199998,120,1380,29.503516336150085,0.005859375
1786718755.2938693,39.04000110300001,120,1380,29.503516336150085,0.005859375
1786718755.3193085,39.06000104399993,120,1380,29.51309573677122,0.0
1786718755.3338654,39.08000102200003,120,1380,29.51309573677122,0.0
1786718755.3559113,39.10000083399996,120,1380,29.519581179596713,0.0
1786718755.3771136,39.120000997000034,120,1380,29.519581179596713,-0.0078125
1786718755.3938384,39.140001031,120,1380,29.519581179596713,-0.0078125
1786718755.41836,39.16000112099994,120,1380,29.518314332155683,-0.005859375
1786718755.4338467,39.18000091399995,120,1380,29.518314332155683,-0.005859375
1786718755.4571261,39.200000983999985,120,1380,29.524410785720676,-0.005859375
1786718755.4770947,39.220000943999935,120,1380,29.524410785720676,-0.001953125
1786718755.4938965,39.240000959999975,120,1380,29.524410785720676,-0.001953125
1786718755.5192258,39.26000080799997,120,1380,29.51942384193771,0.005859375
1786718755.5338573,39.28000117499994,120,1380,29.51942384193771,0.005859375
1786718755.5571358,39.300001023999926,120,1380,29.51934891395095,0.005859375
1786718755.5772495,39.32000089099995,120,1380,29.51934891395095,0.005859375
1786718755.5938742,39.34000149899998,120,1380,29.51934891395095,0.005859375
1786718755.6184673,39.360001033,120,1380,29.51934891395095,0.005859375
1786718755.633979,39.38000121499999,120,1380,29.51934891395095,0.005859375
1786718755.6572726,39.40000141500002,120,1380,29.51451821610425,0.005859375
1786718755.677119,39.420000931000004,120,1380,29.51451821610425,0.009765625
1786718755.6939096,39.44000103899998,120,1380,29.51451821610425,0.009765625
1786718755.7184997,39.46000079499993,120,1380,29.517849823690568,0.0078125
1786718755.7338376,39.480000994999955,120,1380,29.517849823690568,0.0078125
1786718755.7570887,39.50000119599997,120,1380,29.524103612737605,0.0078125
1786718755.7771242,39.520001099999945,120,1380,29.524103612737605,0.009765625
1786718755.7938342,39.54000117099997,120,1380,29.524103612737605,0.009765625
1786718755.8184683,39.56000096399998,120,1380,29.528934442563582,0.0078125
1786718755.833851,39.58000068299998,120,1380,29.528934442563582,0.0078125
1786718755.855784,39.60000084599994,120,1380,29.533924009785295,0.0078125
1786718755.8772557,39.62000113900001,120,1380,29.533924009785295,0.00390625
1786718755.8938947,39.640000950999934,120,1380,29.533924009785295,0.00390625
1786718755.918499,39.66000131800001,120,1380,29.528934442563582,0.0078125
1786718755.933821,39.680001111000024,120,1380,29.528934442563582,0.0078125
1786718755.9571989,39.700000848999935,120,1380,29.528934442563582,0.0078125
1786718755.9771082,39.720001252999964,120,1380,29.528934442563582,0.00390625
1786718755.9938474,39.74000084199997,120,1380,29.528934442563582,0.00390625
1786718756.0185115,39.760001061000025,120,1380,29.52900958977372,0.009765625
1786718756.0338278,39.78000120699994,120,1380,29.52900958977372,0.009765625
1786718756.0571775,39.80000124100002,120,1380,29.52885109364118,0.009765625
1786718756.0771244,39.82000107199997,120,1380,29.52885109364118,0.005859375
1786718756.0938644,39.84000093999998,120,1380,29.52885109364118,0.005859375
1786718756.118491,39.86000102899993,120,1380,29.52892597798302,0.00390625
1786718756.133859,39.880001248999974,120,1380,29.52892597798302,0.00390625
1786718756.1572146,39.900000876000036,120,1380,29.52409613187652,0.00390625
1786718756.177123,39.92000113200004,120,1380,29.52409613187652,0.0
1786718756.1938355,39.940001018999965,120,1380,29.52409613187652,0.0
1786718756.2185464,39.960000831,120,1380,29.518084208441877,0.0
1786718756.2338417,39.980000864999965,120,1380,29.518084208441877,0.0
1786718756.2571998,40.00000102900003,135,1365,29.50858196365988,0.0
1786718756.2771418,40.02000121100002,135,1365,29.50858196365988,0.001953125
1786718756.293847,40.040001061,135,1365,29.50858196365988,0.001953125
1786718756.3182416,40.06000074299993,135,1365,29.503909586506296,-0.001953125
1786718756.333852,40.080000702999996,135,1365,29.503909586506296,-0.001953125
1786718756.355458,40.10000107099995,135,1365,29.514908452687365,-0.001953125
1786718756.3765035,40.12000084600004,135,1365,29.514908452687365,0.013671875
1786718756.393852,40.140001213999994,135,1365,29.514908452687365,0.013671875
1786718756.418153,40.16000095200002,135,1365,29.538898163689794,0.01171875
1786718756.433822,40.180001153000035,135,1365,29.538898163689794,0.01171875
1786718756.4565485,40.200001076000035,135,1365,29.576422100966766,0.01171875
1786718756.476495,40.22000111,135,1365,29.576422100966766,0.017578125
1786718756.4938617,40.240000829999985,135,1365,29.576422100966766,0.017578125
1786718756.5182014,40.260001270999965,135,1365,29.627964473072495,0.0234375
1786718756.5338714,40.280001064999965,135,1365,29.627964473072495,0.0234375
1786718756.556531,40.300000858999965,135,1365,29.695491475712515,0.0234375
1786718756.5764856,40.320000745000016,135,1365,29.695491475712515,0.025390625
1786718756.5939167,40.34000148300004,135,1365,29.695491475712515,0.025390625
1786718756.6181648,40.36000086900003,135,1365,29.77837741367125,0.02734375
1786718756.6339583,40.380001514000014,135,1365,29.77837741367125,0.02734375
1786718756.6565914,40.40000115999999,135,1365,29.875428597225323,0.02734375
1786718756.676499,40.420000713000036,135,1365,29.875428597225323,0.03515625
1786718756.6938937,40.440000931999975,135,1365,29.875428597225323,0.03515625
1786718756.7181916,40.460001207000005,135,1365,29.983565215776622,0.04296875
1786718756.7338493,40.480001296999944,135,1365,29.983565215776622,0.04296875
1786718756.7565615,40.500000831999955,135,1365,30.111882483072236,0.04296875
1786718756.7765102,40.52000112500002,135,1365,30.111882483072236,0.044921875
1786718756.7938457,40.54000114099995,135,1365,30.111882483072236,0.044921875
1786718756.818143,40.56000106399995,135,1365,30.246402401249384,0.052734375
1786718756.8338196,40.580001098000025,135,1365,30.246402401249384,0.052734375
1786718756.8560567,40.60000085499996,135,1365,30.40157220120207,0.052734375
1786718756.876476,40.62000077799996,135,1365,30.40157220120207,0.0546875
1786718756.8939426,40.64000118299998,135,1365,30.40157220120207,0.0546875
1786718756.917401,40.660000921000005,135,1365,30.56124793832194,0.056640625
1786718756.9338305,40.68000076999999,135,1365,30.56124793832194,0.056640625
1786718756.9558942,40.70000091600002,135,1365,30.72696475381096,0.056640625
1786718756.9758143,40.720000913000035,135,1365,30.72696475381096,0.06640625
1786718756.9938288,40.74000150300003,135,1365,30.72696475381096,0.06640625
1786718757.017316,40.76000099999999,135,1365,30.91317250675033,0.0625
1786718757.0338519,40.78000099799999,135,1365,30.91317250675033,0.0625
1786718757.0559623,40.800001161999944,135,1365,31.10412410486009,0.0625
1786718757.075826,40.820001142000024,135,1365,31.10412410486009,0.072265625
1786718757.093846,40.84000095399995,135,1365,31.10412410486009,0.072265625
1786718757.1171482,40.860000915,135,1365,31.31233706021203,0.080078125
1786718757.1332426,40.88000102399997,135,1365,31.31233706021203,0.080078125
1786718757.1558638,40.90000102199997,135,1365,31.534729805854965,0.080078125
1786718757.1758003,40.920001093999986,135,1365,31.534729805854965,0.076171875
1786718757.193842,40.940000980000036,135,1365,31.534729805854965,0.076171875
1786718757.2175598,40.96000105199994,135,1365,31.75838890193819,0.087890625
1786718757.233821,40.98000104999994,135,1365,31.75838890193819,0.087890625
1786718757.2541046,41.00000097399993,135,1365,31.996297987370355,0.087890625
1786718757.275849,41.020001286000024,135,1365,31.996297987370355,0.083984375
1786718757.2938967,41.04000117299995,135,1365,31.996297987370355,0.083984375
1786718757.317436,41.06000096699995,135,1365,32.23558271475457,0.087890625
1786718757.3338284,41.08000077999998,135,1365,32.23558271475457,0.087890625
1786718757.3561528,41.10000068499994,135,1365,32.48909644738313,0.087890625
1786718757.3758247,41.120000811999944,135,1365,32.48909644738313,0.09375
1786718757.3938243,41.140001125000026,135,1365,32.48909644738313,0.09375
1786718757.4166722,41.160000992999926,135,1365,32.748853520163664,0.09375
1786718757.4338317,41.18000073099995,135,1365,32.748853520163664,0.09375
1786718757.4558637,41.20000076600002,135,1365,33.01323793869199,0.09375
1786718757.4758217,41.220000948999996,135,1365,33.01323793869199,0.087890625
1786718757.493844,41.240000909999935,135,1365,33.01323793869199,0.087890625
1786718757.5175955,41.260000945,135,1365,33.27919519027955,0.09765625
1786718757.533847,41.280001072000005,135,1365,33.27919519027955,0.09765625
1786718757.5559275,41.30000084799997,135,1365,33.55471550182682,0.09765625
1786718757.5758367,41.320001123,135,1365,33.55471550182682,0.095703125
1786718757.5939252,41.340001454,135,1365,33.55471550182682,0.095703125
1786718757.6175222,41.36000117499998,135,1365,33.83635471695527,0.099609375
1786718757.6334012,41.380001542999935,135,1365,33.83635471695527,0.099609375
1786718757.6559913,41.40000122599997,135,1365,34.11799536081702,0.099609375
1786718757.6758454,41.420001168,135,1365,34.11799536081702,0.09765625
1786718757.6938975,41.440001535999954,135,1365,34.11799536081702,0.09765625
1786718757.7175736,41.46000105199994,135,1365,34.4057223229955,0.10546875
1786718757.7338252,41.48000114299998,135,1365,34.4057223229955,0.10546875
1786718757.755934,41.50000080699999,135,1365,34.70149310195569,0.10546875
1786718757.7758143,41.520001027000035,135,1365,34.70149310195569,0.1015625
1786718757.7938235,41.540001117999964,135,1365,34.70149310195569,0.1015625
1786718757.8175259,41.56000111499998,135,1365,35.005045662096904,0.107421875
1786718757.8338337,41.58000116899996,135,1365,35.005045662096904,0.107421875
1786718757.855866,41.600001184999996,135,1365,35.31027030910877,0.107421875
1786718757.875101,41.620001201000036,135,1365,35.31027030910877,0.103515625
1786718757.8939142,41.640001384000016,135,1365,35.31027030910877,0.103515625
1786718757.916787,41.66000140099993,135,1365,35.61832796978774,0.111328125
1786718757.9338386,41.680000972000016,135,1365,35.61832796978774,0.111328125
1786718757.9551847,41.700000803999956,135,1365,35.92831950024714,0.111328125
1786718757.9751086,41.72000124600004,135,1365,35.92831950024714,0.10546875
1786718757.9938595,41.740001095000025,135,1365,35.92831950024714,0.10546875
1786718758.016901,41.760000760000025,135,1365,36.242647828623035,0.107421875
1786718758.0338764,41.78000105499996,135,1365,36.242647828623035,0.107421875
1786718758.0556939,41.80000110799995,135,1365,36.55884124599709,0.107421875
1786718758.0751374,41.82000094,135,1365,36.55884124599709,0.107421875
1786718758.0938728,41.84000134600001,135,1365,36.55884124599709,0.107421875
1786718758.116881,41.86000114000001,135,1365,36.86853577280377,0.109375
1786718758.1329582,41.88000128700003,135,1365,36.86853577280377,0.109375
1786718758.1556714,41.90000095200003,135,1365,37.1831442272256,0.109375
1786718758.1751144,41.92000081999993,135,1365,37.1831442272256,0.10546875
1786718758.1938484,41.94000067000002,135,1365,37.1831442272256,0.10546875
1786718758.2168827,41.960001242999965,135,1365,37.4836777631547,0.109375
1786718758.2338443,41.98000105599999,135,1365,37.4836777631547,0.109375
1786718758.255695,42.00000107300002,135,1365,37.79515863488547,0.109375
1786718758.275133,42.020001256,135,1365,37.79515863488547,0.103515625
1786718758.2938888,42.04000138399999,135,1365,37.79515863488547,0.103515625
1786718758.3174307,42.06000086400002,135,1365,38.10029672049325,0.1015625
1786718758.3339872,42.08000141799994,135,1365,38.10029672049325,0.1015625
1786718758.3557017,42.10000099000001,135,1365,38.39795627169093,0.1015625
1786718758.3751419,42.120000988000015,135,1365,38.39795627169093,0.10546875
1786718758.3938591,42.140001041999994,135,1365,38.39795627169093,0.10546875
1786718758.4170122,42.160000800000034,135,1365,38.58252053050933,0.107421875
1786718758.4338663,42.180000909,135,1365,38.58252053050933,0.107421875
1786718758.4556692,42.20000116699998,135,1365,38.78918191916222,0.107421875
1786718758.4751456,42.22000086899993,135,1365,38.78918191916222,0.099609375
1786718758.4939048,42.24000138500003,135,1365,38.78918191916222,0.099609375
1786718758.5161803,42.26000121699997,135,1365,39.03343770691447,0.1015625
1786718758.5333176,42.280001492999986,135,1365,39.03343770691447,0.1015625
1786718758.554905,42.300000917000034,135,1365,39.27601442073595,0.1015625
1786718758.5748343,42.32000100799996,135,1365,39.27601442073595,0.1015625
1786718758.5933764,42.34000150600002,135,1365,39.27601442073595,0.1015625
1786718758.6160266,42.36000100499996,135,1365,39.52964524696196,0.09375
1786718758.6336749,42.38000152099994,135,1365,39.52964524696196,0.09375
1786718758.6548984,42.40000081599999,135,1365,39.78497155001469,0.09375
1786718758.6748073,42.42000105499994,135,1365,39.78497155001469,0.09375
1786718758.6933486,42.44000107199997,135,1365,39.78497155001469,0.09375
1786718758.71603,42.460001069999976,135,1365,40.04516454227587,0.0859375
1786718758.7332883,42.48000106799998,135,1365,40.04516454227587,0.0859375
1786718758.7548306,42.50000112199996,135,1365,40.30693565359141,0.0859375
1786718758.7748246,42.52000095400001,135,1365,40.30693565359141,0.0859375
1786718758.7932496,42.540001082,135,1365,40.30693565359141,0.0859375
1786718758.816031,42.56000119099997,135,1365,40.562418740001476,0.0859375
1786718758.8332446,42.58000081900002,135,1365,40.562418740001476,0.0859375
1786718758.8547988,42.600000873,135,1365,40.817932073698245,0.0859375
1786718758.8748078,42.620001075000005,135,1365,40.817932073698245,0.080078125
1786718758.893069,42.640001128999984,135,1365,40.817932073698245,0.080078125
1786718758.9161184,42.660001293999926,135,1365,41.062291546986046,0.08203125
1786718758.9331977,42.68000125499998,135,1365,41.062291546986046,0.08203125
1786718758.9547136,42.70000077199995,135,1365,41.30396526102646,0.08203125
1786718758.9746985,42.720000862999996,135,1365,41.30396526102646,0.072265625
1786718758.993081,42.740000915999985,135,1365,41.30396526102646,0.072265625
1786718759.0158257,42.76000087800003,135,1365,41.532718876557226,0.07421875
1786718759.0330539,42.780001080000034,135,1365,41.532718876557226,0.07421875
1786718759.0545676,42.80000096799995,135,1365,41.75233822349273,0.07421875
1786718759.0745587,42.82000072599999,135,1365,41.75233822349273,0.06640625
1786718759.0929675,42.840001132,135,1365,41.75233822349273,0.06640625
1786718759.115673,42.86000118599998,135,1365,41.95619492599246,0.064453125
1786718759.1328042,42.88000096299993,135,1365,41.95619492599246,0.064453125
1786718759.1544182,42.90000072099997,135,1365,42.15374670001941,0.064453125
1786718759.174412,42.920001608999996,135,1365,42.15374670001941,0.056640625
1786718759.1928213,42.940000977999944,135,1365,42.15374670001941,0.056640625
1786718759.2155519,42.96000092099996,135,1365,42.33569998140945,0.056640625
1786718759.2328136,42.980000734999976,135,1365,42.33569998140945,0.056640625
1786718759.2543077,43.00000082600002,135,1365,42.50835607380566,0.056640625
1786718759.2742882,43.02000119499996,135,1365,42.50835607380566,0.05078125
1786718759.292875,43.04000121199999,135,1365,42.50835607380566,0.05078125
1786718759.3154166,43.060001174000035,135,1365,42.66822829655473,0.044921875
1786718759.332806,43.080000821,135,1365,42.66822829655473,0.044921875
1786718759.354166,43.100000635000015,135,1365,42.818811439969295,0.044921875
1786718759.3740816,43.12000126299995,135,1365,42.818811439969295,0.041015625
1786718759.3928084,43.140000891,135,1365,42.818811439969295,0.041015625
1786718759.4153144,43.16000118599993,135,1365,42.95207911352989,0.04296875
1786718759.4328346,43.18000103700001,135,1365,42.95207911352989,0.04296875
1786718759.4546504,43.200001036,135,1365,43.07174524345109,0.04296875
1786718759.4745314,43.22000092400003,135,1365,43.07174524345109,0.033203125
1786718759.4928656,43.24000125600003,135,1365,43.07174524345109,0.033203125
1786718759.5156877,43.26000116199998,135,1365,43.17816204387327,0.03125
1786718759.5328634,43.28000092000002,135,1365,43.17816204387327,0.03125
1786718759.5544841,43.30000082599997,135,1365,43.27549388010823,0.03125
1786718759.5743678,43.32000089899998,135,1365,43.27549388010823,0.025390625
1786718759.5929449,43.34000128599996,135,1365,43.27549388010823,0.025390625
1786718759.615761,43.36000104499999,135,1365,43.36009297711587,0.01953125
1786718759.6329696,43.380001376999985,135,1365,43.36009297711587,0.01953125
1786718759.6546023,43.40000161599994,135,1365,43.42635557345454,0.01953125
1786718759.674444,43.42000081899994,135,1365,43.42635557345454,0.01953125
1786718759.6929133,43.440001353999946,135,1365,43.42635557345454,0.01953125
1786718759.715601,43.460001241999976,135,1365,43.4731423594848,0.0078125
1786718759.732787,43.48000109299994,135,1365,43.4731423594848,0.0078125
1786718759.75433,43.50000090599997,135,1365,43.49971024676768,0.0078125
1786718759.774224,43.520000683000035,135,1365,43.49971024676768,0.0078125
1786718759.7928143,43.54000134800003,135,1365,43.49971024676768,0.0078125
1786718759.8154757,43.56000094000001,135,1365,43.532901563705536,0.0
1786718759.8327973,43.580001012000025,135,1365,43.532901563705536,0.0
1786718759.8542874,43.600001066999994,135,1365,43.539272935193736,0.0
1786718759.8741763,43.62000104699996,135,1365,43.539272935193736,-0.001953125
1786718759.892915,43.64000128700002,135,1365,43.539272935193736,-0.001953125
1786718759.9153636,43.660000914999955,135,1365,43.539272935193736,-0.00390625
1786718759.9328148,43.68000104299995,135,1365,43.539272935193736,-0.00390625
1786718759.9540784,43.700000875,135,1365,43.548385420529826,-0.00390625
1786718759.9739945,43.720001282,135,1365,43.548385420529826,-0.001953125
1786718759.992795,43.740000947,135,1365,43.548385420529826,-0.001953125
1786718760.0152423,43.76000126099996,135,1365,43.55487407094273,-0.001953125
1786718760.0328555,43.780001112000036,135,1365,43.55487407094273,-0.001953125
1786718760.0552363,43.800001073999965,135,1365,43.570591245368234,0.00390625
1786718760.072833,43.82000103600001,135,1365,43.570591245368234,0.00390625
1786718760.092852,43.84000125800003,135,1365,43.570591245368234,0.00390625
1786718760.1152706,43.86000086799993,135,1365,43.588085367028924,0.0
1786718760.1328146,43.88000114499994,135,1365,43.588085367028924,0.0
1786718760.1552143,43.900000922000004,135,1365,43.608280446830776,-0.00390625
1786718760.1727917,43.92000075499993,135,1365,43.608280446830776,-0.00390625
1786718760.1928046,43.940000939000015,135,1365,43.608280446830776,-0.00390625
1786718760.2158701,43.96000082699993,135,1365,43.621144613447825,-0.001953125
1786718760.232793,43.980000992999976,135,1365,43.621144613447825,-0.001953125
1786718760.255872,44.00000073299998,135,1365,43.62575768158385,0.001953125
1786718760.2728071,44.020000955,135,1365,43.62575768158385,0.001953125
1786718760.2928817,44.040000934999966,135,1365,43.62575768158385,0.001953125
1786718760.3165817,44.06000065699993,135,1365,43.639460628118684,0.0
1786718760.3328378,44.08000115599998,135,1365,43.639460628118684,0.0
1786718760.3574064,44.10000130399999,135,1365,43.65693837108137,0.00390625
1786718760.3728147,44.12000109899998,135,1365,43.65693837108137,0.00390625
1786718760.3928165,44.14000122799996,135,1365,43.65693837108137,0.00390625
1786718760.4152505,44.16000087500004,135,1365,43.67253696555565,-0.001953125
1786718760.4328074,44.18000102299993,135,1365,43.67253696555565,-0.001953125
1786718760.4565315,44.2000008,135,1365,43.6833894756642,0.001953125
1786718760.47281,44.22000094700002,135,1365,43.6833894756642,0.001953125
1786718760.4928386,44.24000129800004,135,1365,43.6833894756642,0.001953125
1786718760.5165997,44.26000113099997,135,1365,43.69451075967959,-0.001953125
1786718760.5328424,44.28000120399997,135,1365,43.69451075967959,-0.001953125
1786718760.5565395,44.30000086999996,135,1365,43.698987911038046,0.0
1786718760.5728078,44.32000077700002,135,1365,43.698987911038046,0.0
1786718760.5929415,44.34000138700003,135,1365,43.698987911038046,0.0
1786718760.6169376,44.36000103499998,135,1365,43.71010848126511,-0.00390625
1786718760.632972,44.38000136699998,135,1365,43.71010848126511,-0.00390625
1786718760.6573992,44.400001478000036,135,1365,43.71458562267574,0.00390625
1786718760.6728292,44.42000090299996,135,1365,43.71458562267574,0.00390625
1786718760.6928637,44.44000141999993,135,1365,43.71458562267574,0.00390625
1786718760.7180033,44.46000082699993,135,1365,43.727722165018776,-0.001953125
1786718760.7328284,44.480000992999976,135,1365,43.727722165018776,-0.001953125
1786718760.7580326,44.50000097399993,135,1365,43.727722165018776,-0.001953125
1786718760.7728095,44.52000125099994,135,1365,43.727722165018776,-0.001953125
1786718760.794046,44.54000084300003,135,1365,43.727722165018776,-0.001953125
1786718760.8146274,44.56000139699995,135,1365,43.725705478961004,0.001953125
1786718760.8327978,44.580000767,135,1365,43.725705478961004,0.001953125
1786718760.8586655,44.60000095199996,135,1365,43.73884162002918,-0.001953125
1786718760.8727937,44.62000120999994,135,1365,43.73884162002918,-0.001953125
1786718760.8940897,44.640000912999994,135,1365,43.73884162002918,-0.001953125
1786718760.913987,44.660001078999926,135,1365,43.743202562476654,-0.001953125
1786718760.9327962,44.68000091099998,135,1365,43.743202562476654,-0.001953125
1786718760.9586453,44.70000100300001,135,1365,43.75228879824638,0.001953125
1786718760.972793,44.72000081700003,135,1365,43.75228879824638,0.001953125
1786718760.994036,44.740001038999935,135,1365,43.75432100073425,0.001953125
1786718761.0152845,44.760001020000004,135,1365,43.75432100073425,-0.001953125
1786718761.0328848,44.780001019999986,135,1365,43.75432100073425,-0.001953125
1786718761.0586836,44.800000944999965,135,1365,43.76530856533577,-0.001953125
1786718761.0727987,44.820000999999934,135,1365,43.76530856533577,-0.001953125
1786718761.0940928,44.84000098199999,135,1365,43.76530856533577,-0.001953125
1786718761.1152916,44.86000109299994,135,1365,43.76530856533577,0.00390625
1786718761.1327941,44.88000094400002,135,1365,43.76530856533577,0.00390625
1786718761.1586258,44.90000098099995,135,1365,43.776296378992754,0.0
1786718761.1727924,44.92000085099994,135,1365,43.776296378992754,0.0
1786718761.1947246,44.94000068399998,135,1365,43.780903908496896,0.0
1786718761.215994,44.960000683999965,135,1365,43.780903908496896,0.0
1786718761.233513,44.980000608999944,135,1365,43.780903908496896,0.0
1786718761.2579815,45.00000097999998,135,1365,43.780903908496896,-0.00390625
1786718761.2734363,45.020000978999974,135,1365,43.780903908496896,-0.00390625
1786718761.2954426,45.040000978999956,135,1365,43.77888544956966,-0.00390625
1786718761.31674,45.060000774999935,135,1365,43.77888544956966,0.001953125
1786718761.3334363,45.08000070100002,135,1365,43.77888544956966,0.001953125
1786718761.3593984,45.100000885999975,135,1365,43.78078802213642,0.00390625
1786718761.3741112,45.12000116299998,135,1365,43.78078802213642,0.00390625
1786718761.3953187,45.14000073700004,135,1365,43.78539492766379,0.00390625
1786718761.4159796,45.16000088499993,135,1365,43.78539492766379,0.001953125
1786718761.434045,45.18000088500003,135,1365,43.78539492766379,0.001953125
1786718761.4593399,45.20000082900003,135,1365,43.79190437858108,-0.001953125
1786718761.4739645,45.22000090300003,135,1365,43.79190437858108,-0.001953125
1786718761.495405,45.240001180000036,135,1365,43.796498526632945,-0.001953125
1786718761.51712,45.26000147599996,135,1365,43.796498526632945,0.0
1786718761.533918,45.28000125400001,135,1365,43.796498526632945,0.0
1786718761.559208,45.300001030999965,135,1365,43.800976189718426,-0.001953125
1786718761.5740628,45.32000084599997,135,1365,43.800976189718426,-0.001953125
1786718761.5954528,45.34000115999993,135,1365,43.79636930953893,-0.001953125
1786718761.6170933,45.36000127099999,135,1365,43.79636930953893,0.001953125
1786718761.634183,45.380001325999956,135,1365,43.79636930953893,0.001953125
1786718761.6592631,45.40000128899999,135,1365,43.80287963322789,-0.001953125
1786718761.673834,45.420001103999994,135,1365,43.80287963322789,-0.001953125
1786718761.695456,45.44000095499996,135,1365,43.80735728549902,-0.001953125
1786718761.717112,45.46000084399998,135,1365,43.80735728549902,0.001953125
1786718761.7338636,45.48000104699997,135,1365,43.80735728549902,0.001953125
1786718761.7591872,45.50000099099998,135,1365,43.81196384097825,0.0
1786718761.7738383,45.52000095400001,135,1365,43.81196384097825,0.0
1786718761.7967536,45.540000805999966,135,1365,43.818460877097834,0.0
1786718761.8171136,45.56000119399994,135,1365,43.818460877097834,0.001953125
1786718761.8338428,45.58000106399993,135,1365,43.818460877097834,0.001953125
1786718761.8591676,45.60000121199994,135,1365,43.81398352239222,0.001953125
1786718761.873849,45.620000730000015,135,1365,43.81398352239222,0.001953125
1786718761.8972926,45.64000165599998,135,1365,43.81409979843488,0.001953125
1786718761.9171202,45.660001007999995,135,1365,43.81409979843488,0.001953125
1786718761.9338434,45.680000803999974,135,1365,43.81409979843488,0.001953125
1786718761.9591722,45.700001062999945,135,1365,43.81398352239222,0.0
1786718761.9738834,45.72000098800004,135,1365,43.81398352239222,0.0
1786718761.99723,45.74000113599993,135,1365,43.818460877097834,0.0
1786718762.0170987,45.760001062000015,135,1365,43.818460877097834,-0.001953125
1786718762.0339627,45.78000065499998,135,1365,43.818460877097834,-0.001953125
1786718762.059225,45.80000110000003,135,1365,43.818460877097834,0.00390625
1786718762.0738347,45.82000095199999,135,1365,43.818460877097834,0.00390625
1786718762.0971742,45.84000137800001,135,1365,43.81834551003956,0.00390625
1786718762.1171029,45.860000711,135,1365,43.81834551003956,-0.001953125
1786718762.1338315,45.88000106300001,135,1365,43.81834551003956,-0.001953125
1786718762.1591918,45.900001044999954,135,1365,43.816441195683865,0.0
1786718762.173803,45.92000069300002,135,1365,43.816441195683865,0.0
1786718762.195475,45.940000674999965,135,1365,43.818460877097834,0.0
1786718762.2171066,45.96000091600001,135,1365,43.818460877097834,0.0
1786718762.2338333,45.980000823999944,135,1365,43.818460877097834,0.0
1786718762.2592242,46.000000786999976,135,1365,43.818460877097834,0.0
1786718762.273846,46.02000075000001,135,1365,43.818460877097834,0.0
1786718762.2971888,46.04000104700003,135,1365,43.81833107952798,0.0
1786718762.3171296,46.06000087999996,135,1365,43.81833107952798,0.0
1786718762.3338435,46.08000093600003,135,1365,43.81833107952798,0.0
1786718762.3585014,46.10000078799999,135,1365,43.823053637130954,0.001953125
1786718762.3738508,46.12000097299995,135,1365,43.823053637130954,0.001953125
1786718762.397131,46.14000065899995,135,1365,43.8184464832151,0.001953125
1786718762.4170895,46.16000106599995,135,1365,43.8184464832151,0.0
1786718762.433848,46.180000844000006,135,1365,43.8184464832151,0.0
1786718762.458473,46.20000095599994,135,1365,43.823053637130954,-0.001953125
1786718762.4738536,46.22000078899998,135,1365,43.823053637130954,-0.001953125
1786718762.497172,46.24000093699999,135,1365,43.82753011016649,-0.001953125
1786718762.5171058,46.260001011999975,135,1365,43.82753011016649,-0.001953125
1786718762.5338683,46.28000125300002,135,1365,43.82753011016649,-0.001953125
1786718762.558487,46.30000121599994,135,1365,43.82941916353991,0.001953125
1786718762.5738337,46.320001012000034,135,1365,43.82941916353991,0.001953125
1786718762.5972662,46.340001142000006,135,1365,43.829550441251314,0.001953125
1786718762.6171246,46.36000073499997,135,1365,43.829550441251314,-0.00390625
1786718762.6339579,46.380001419999985,135,1365,43.829550441251314,-0.00390625
1786718762.658554,46.40000106899993,135,1365,43.822922956250665,0.0
1786718762.6738434,46.42000134700004,135,1365,43.822922956250665,0.0
1786718762.696065,46.44000082799994,135,1365,43.822922956250665,0.0
1786718762.7171454,46.460001218,135,1365,43.822922956250665,-0.001953125
1786718762.733838,46.48000079199994,135,1365,43.822922956250665,-0.001953125
1786718762.7584727,46.50000081099995,135,1365,43.813839004452404,0.0
1786718762.7738476,46.520001200000024,135,1365,43.813839004452404,0.0
1786718762.7971737,46.54000084799998,135,1365,43.811819596774825,0.0
1786718762.8163853,46.56000119999999,135,1365,43.811819596774825,0.0
1786718762.8338447,46.58000096000001,135,1365,43.811819596774825,0.0
1786718762.8585024,46.60000068199997,135,1365,43.81168856560362,0.001953125
1786718762.8774905,46.62000112700002,135,1365,43.81168856560362,0.001953125
1786718762.8974228,46.64000184899999,135,1365,43.81629606981039,0.001953125
1786718762.9197185,46.66000133099999,135,1365,43.81629606981039,0.0
1786718762.9340563,46.680001479,135,1365,43.81629606981039,0.0
1786718762.9617844,46.70000118299993,135,1365,43.818200659569015,-0.00390625
1786718762.9735794,46.72000127599995,135,1365,43.818200659569015,-0.00390625
1786718762.9995375,46.740001294999956,135,1365,43.818069617221255,-0.00390625
1786718763.0167224,46.76000123899996,135,1365,43.818069617221255,0.001953125
1786718763.0340953,46.780001313999946,135,1365,43.818069617221255,0.001953125
1786718763.0607386,46.80000111100003,135,1365,43.818200659569015,-0.001953125
1786718763.0740864,46.82000109299997,135,1365,43.818200659569015,-0.001953125
1786718763.099361,46.840002167999955,135,1365,43.82280783902749,-0.001953125
1786718763.1167736,46.860001538999995,135,1365,43.82280783902749,-0.001953125
1786718763.1376934,46.88000126199995,135,1365,43.82280783902749,-0.001953125
1786718763.1583734,46.90000089199998,135,1365,43.822677121428,0.001953125
1786718763.1769009,46.92000115199994,135,1365,43.822677121428,0.001953125
1786718763.1992416,46.940001005,135,1365,43.82717009250075,0.001953125
1786718763.2171328,46.960001635000026,135,1365,43.82717009250075,-0.001953125
1786718763.2381096,46.98000195099996,135,1365,43.82717009250075,-0.001953125
1786718763.2579293,47.00000104399999,135,1365,43.829075564054364,0.001953125
1786718763.2752972,47.02082373899998,135,1365,43.829075564054364,0.001953125
1786718763.297905,47.041020645,135,1365,43.83368211953359,0.001953125
1786718763.3225815,47.06000173099994,135,1365,43.83368211953359,0.001953125
1786718763.334452,47.080001564999975,135,1365,43.83368211953359,0.001953125
1786718763.3705168,47.10329902900003,135,1365,43.838158856467686,0.001953125
1786718763.374361,47.12000136300003,135,1365,43.838158856467686,0.001953125
1786718763.39687,47.14000160399996,135,1365,43.83993508220104,0.001953125
1786718763.416531,47.16000158600002,135,1365,43.83993508220104,0.00390625
1786718763.433864,47.180000939000024,135,1365,43.83993508220104,0.00390625
1786718763.4559572,47.20000053199999,135,1365,43.844541637680265,-0.00390625
1786718763.4730873,47.22000036600002,135,1365,43.844541637680265,-0.00390625
1786718763.4955704,47.24000034799997,135,1365,43.849131118260175,-0.00390625
1786718763.51552,47.26000042299995,135,1365,43.849131118260175,0.0
1786718763.5337937,47.280000460999986,135,1365,43.849131118260175,0.0
1786718763.5558696,47.30000033199997,135,1365,43.849131118260175,-0.001953125
1786718763.5737584,47.320000499,135,1365,43.849131118260175,-0.001953125
1786718763.5957158,47.34000072200001,135,1365,43.8446376400519,-0.001953125
1786718763.6147463,47.36000038899999,135,1365,43.8446376400519,0.005859375
1786718763.633845,47.380000852999956,135,1365,43.8446376400519,0.005859375
1786718763.656031,47.400000761,135,1365,43.85115112447292,-0.001953125
1786718763.6737692,47.42000037299999,135,1365,43.85115112447292,-0.001953125
1786718763.6955914,47.44000048499993,135,1365,43.849113197260465,-0.001953125
1786718763.7155316,47.460000430000036,135,1365,43.849113197260465,-0.001953125
1786718763.733763,47.48000059699996,135,1365,43.849113197260465,-0.001953125
1786718763.755877,47.50000028299996,135,1365,43.8446191321365,-0.00390625
1786718763.7737415,47.52000045099999,135,1365,43.8446191321365,-0.00390625
1786718763.7947948,47.54000030299994,135,1365,43.8446191321365,-0.00390625
1786718763.8147254,47.56000058199993,135,1365,43.8446191321365,0.0
1786718763.8337393,47.580000618999975,135,1365,43.8446191321365,0.0
1786718763.8558426,47.60000043499997,135,1365,43.8446191321365,0.0
1786718763.87375,47.620000398,135,1365,43.8446191321365,0.0
1786718763.895297,47.640000602999976,135,1365,43.83812412858984,0.0
1786718763.9155145,47.660000269999955,135,1365,43.83812412858984,0.0
1786718763.9337473,47.680000456000016,135,1365,43.83812412858984,0.0
1786718763.9551017,47.70000040100001,135,1365,43.83351632500552,0.0
1786718763.972865,47.72000043899993,135,1365,43.83351632500552,0.0
1786718763.9947937,47.74000034699998,135,1365,43.83351632500552,0.0
1786718764.01472,47.76000053300004,135,1365,43.83351632500552,0.0
1786718764.033793,47.78000051599997,135,1365,43.83351632500552,0.0
1786718764.0551348,47.80000055400001,135,1365,43.83351632500552,0.0
1786718764.0737617,47.820000444000016,135,1365,43.83351632500552,0.0
1786718764.0948887,47.840000463000024,135,1365,43.83351632500552,0.0
1786718764.1151333,47.860000539,135,1365,43.83351632500552,0.0
1786718764.133758,47.88000050300002,135,1365,43.83351632500552,0.0
1786718764.1551664,47.90000039300003,135,1365,43.83351632500552,0.0
1786718764.1738183,47.920000708999964,135,1365,43.83351632500552,0.0
1786718764.1948843,47.94000056200002,135,1365,43.83351632500552,0.0
1786718764.2147715,47.960000433000005,135,1365,43.83351632500552,0.0
1786718764.233735,47.98000050899998,135,1365,43.83351632500552,0.0
1786718764.255243,48.000000324999974,135,1365,43.83351632500552,0.0
1786718764.2737813,48.020000511000035,135,1365,43.83351632500552,0.0
1786718764.29492,48.04000043799999,135,1365,43.83351632500552,0.0
1786718764.3148205,48.06000049499994,135,1365,43.83351632500552,0.0
1786718764.3337421,48.080000366000036,135,1365,43.83351632500552,0.0
1786718764.3552258,48.10000044100002,135,1365,43.83351632500552,0.0
1786718764.3737524,48.12000049799997,135,1365,43.83351632500552,0.0
1786718764.394795,48.14000033299999,135,1365,43.83351632500552,0.0
1786718764.4147553,48.16000046299996,135,1365,43.83351632500552,0.0
1786718764.4337487,48.180000278999955,135,1365,43.83351632500552,0.0
1786718764.4552069,48.20000039199999,135,1365,43.83351632500552,0.0
1786718764.4726813,48.22000037399994,135,1365,43.83351632500552,0.0
1786718764.4949846,48.240000709000014,135,1365,43.835422357704886,0.0
1786718764.5148387,48.26000039500002,135,1365,43.835422357704886,0.0
1786718764.5337996,48.28000052599998,135,1365,43.835422357704886,0.0
1786718764.555161,48.30000039699996,135,1365,43.83340324940485,0.0
1786718764.5737364,48.32000028699997,135,1365,43.83340324940485,0.0
1786718764.5949638,48.34000027000002,135,1365,43.835422357704886,0.0
1786718764.6140797,48.36000052999998,135,1365,43.835422357704886,0.0
1786718764.6338727,48.38000086499994,135,1365,43.835422357704886,0.0
1786718764.656508,48.40000075499995,135,1365,43.835422357704886,0.0
1786718764.6737666,48.42000060800001,135,1365,43.835422357704886,0.0
1786718764.6941917,48.440000460999954,135,1365,43.83351632500552,0.0
1786718764.7141523,48.46000073999994,135,1365,43.83351632500552,0.0
1786718764.733744,48.480000389,135,1365,43.83351632500552,0.0
1786718764.755562,48.50000035300002,135,1365,43.83351632500552,0.0
1786718764.7737696,48.52000046599994,135,1365,43.83351632500552,0.0
1786718764.7941535,48.540000299999974,135,1365,43.83351632500552,0.0
1786718764.8141048,48.56000057899996,135,1365,43.83351632500552,0.0
1786718764.8337696,48.58000024699993,135,1365,43.83351632500552,0.0
1786718764.8554745,48.60000034099994,135,1365,43.83553575810191,0.0
1786718764.8737743,48.620000342000026,135,1365,43.83553575810191,0.0
1786718764.8941526,48.640000361000034,135,1365,43.83363002314283,0.0
1786718764.91417,48.660000528999944,135,1365,43.83363002314283,0.0
1786718764.9337769,48.680000382,135,1365,43.83363002314283,0.0
1786718764.95575,48.700000476000014,135,1365,43.83363002314283,0.0
1786718764.972659,48.72000032899996,135,1365,43.83363002314283,0.0
1786718764.9941704,48.74000040399994,135,1365,43.83363002314283,0.0
1786718765.0141165,48.760000331000015,135,1365,43.83363002314283,0.0
1786718765.0337923,48.780000685000005,135,1365,43.83363002314283,0.0
1786718765.0557523,48.800000501,135,1365,43.83363002314283,0.0
1786718765.0738015,48.820000392,135,1365,43.83363002314283,0.0
1786718765.0941923,48.84000035600002,135,1365,43.83363002314283,0.0
1786718765.1141915,48.86000052500003,135,1365,43.83363002314283,0.0
1786718765.1337612,48.88000037799998,135,1365,43.83363002314283,0.0
1786718765.155686,48.90000037999994,135,1365,43.838105008054015,0.0
1786718765.1737645,48.92000034399996,135,1365,43.838105008054015,0.0
1786718765.19418,48.94000038299998,135,1365,43.838105008054015,0.0
1786718765.214083,48.96000042200001,135,1365,43.838105008054015,0.0
1786718765.2337658,48.980000312000016,135,1365,43.838105008054015,0.0
1786718765.2557511,49.00000038799999,135,1365,43.838105008054015,0.0
1786718765.2731001,49.02000051899995,135,1365,43.838105008054015,0.0
1786718765.294723,49.040000427999985,135,1365,43.838105008054015,0.0
1786718765.3146763,49.060000521999996,135,1365,43.838105008054015,0.0
1786718765.333088,49.080000283000004,135,1365,43.838105008054015,0.0
1786718765.3557143,49.10000052600003,135,1365,43.838105008054015,0.0
1786718765.3730936,49.12000036099994,135,1365,43.838105008054015,0.0
1786718765.3947403,49.140000566000026,135,1365,43.838105008054015,0.0
1786718765.41467,49.16000030800001,135,1365,43.838105008054015,0.0
1786718765.4330978,49.18000030999997,135,1365,43.838105008054015,0.0
1786718765.4556844,49.20000031099994,135,1365,43.838105008054015,0.0
1786718765.4731045,49.22000038700003,135,1365,43.838105008054015,0.0
1786718765.494665,49.240000314999975,135,1365,43.84001102914934,0.0
1786718765.5146854,49.260000687,135,1365,43.84001102914934,0.0
1786718765.5331166,49.280000392000034,135,1365,43.84001102914934,0.0
1786718765.5556862,49.30000037499997,135,1365,43.8446191321365,0.0
1786718765.5730808,49.320000394999965,135,1365,43.8446191321365,0.0
1786718765.594695,49.340000488999976,135,1365,43.83812412858984,0.0
1786718765.6146605,49.36000050999996,135,1365,43.83812412858984,0.0
1786718765.633104,49.38000114099998,135,1365,43.83812412858984,0.0
1786718765.6556396,49.40000093899994,135,1365,43.83812412858984,0.0
1786718765.6729946,49.42000049599994,135,1365,43.83812412858984,0.0
1786718765.6945567,49.44000083100002,135,1365,43.83351632500552,0.0
1786718765.7145736,49.460000424999976,135,1365,43.83351632500552,0.0
1786718765.7329018,49.48000051899999,135,1365,43.83351632500552,0.0
1786718765.755574,49.500000279999995,135,1365,43.83351632500552,0.0
1786718765.7728386,49.52000029999999,135,1365,43.83351632500552,0.0
1786718765.794393,49.540000265,135,1365,43.83340324940485,0.0
1786718765.8143518,49.560000359000014,135,1365,43.83340324940485,0.0
1786718765.8327494,49.58000041599996,135,1365,43.83340324940485,0.0
1786718765.855301,49.600000324999996,135,1365,43.82892739439046,0.0
1786718765.872701,49.62000032699996,135,1365,43.82892739439046,0.0
1786718765.8942761,49.64000055099996,135,1365,43.82892739439046,0.0
1786718765.9142432,49.66000064499997,135,1365,43.82892739439046,0.0
1786718765.9326613,49.68000035,135,1365,43.82892739439046,0.0
1786718765.9551487,49.70000046300004,135,1365,43.82892739439046,0.0
1786718765.9727004,49.72000066800001,135,1365,43.82892739439046,0.0
1786718765.9941165,49.74000037400003,135,1365,43.82892739439046,0.0
1786718766.0140474,49.76000032000002,135,1365,43.82892739439046,0.0
1786718766.03271,49.78000052599998,135,1365,43.82892739439046,0.0
1786718766.0550337,49.80000039799995,135,1365,43.82690861081349,0.0
1786718766.0726662,49.82000067799993,135,1365,43.82690861081349,0.0
1786718766.093933,49.840000327999974,135,1365,43.82690861081349,0.0
1786718766.1139302,49.860000422999974,135,1365,43.82690861081349,0.0
1786718766.132671,49.880000481000025,135,1365,43.82690861081349,0.0
1786718766.1549006,49.900000389999946,135,1365,43.82690861081349,0.0
1786718766.1726644,49.92000028099994,135,1365,43.82690861081349,0.0
1786718766.1938226,49.94000043099993,135,1365,43.82892739439046,0.0
1786718766.214249,49.96000041499997,135,1365,43.82892739439046,0.0
1786718766.2326725,49.98000034300003,135,1365,43.82892739439046,0.0
1786718766.2548296,50.000000270999976,120,1380,43.82892739439046,0.0
1786718766.2726817,50.02000032800004,120,1380,43.82892739439046,0.0
1786718766.2942123,50.04000042300004,120,1380,43.82892739439046,0.0
1786718766.3142529,50.06000040699996,120,1380,43.82892739439046,0.0
1786718766.332652,50.08000037199997,120,1380,43.82892739439046,0.0
1786718766.3552473,50.10000028100001,120,1380,43.82892739439046,0.0
1786718766.3726587,50.12000035699998,120,1380,43.82892739439046,0.0
1786718766.3942094,50.14000028499993,120,1380,43.82892739439046,0.0
1786718766.4141238,50.16000045399994,120,1380,43.82892739439046,0.0
1786718766.4326465,50.18000028999995,120,1380,43.82892739439046,0.0
1786718766.4550977,50.20000040299999,120,1380,43.83340324940485,0.0
1786718766.4726608,50.22000064600002,120,1380,43.83340324940485,0.0
1786718766.4940324,50.24000042499995,120,1380,43.83351632500552,0.0
1786718766.5139804,50.26000072399995,120,1380,43.83351632500552,0.0
1786718766.532704,50.280000540999936,120,1380,43.83351632500552,0.0
1786718766.5549552,50.300000469,120,1380,43.83340324940485,0.0
1786718766.57265,50.320000396999944,120,1380,43.83340324940485,0.0
1786718766.5938926,50.34000030599998,120,1380,43.828795420475075,0.0
1786718766.6138537,50.36000077099993,120,1380,43.828795420475075,0.00390625
1786718766.632775,50.38000069899999,120,1380,43.828795420475075,0.00390625
1786718766.65481,50.400000904999956,120,1380,43.82243245801817,0.00390625
1786718766.6726856,50.420000240000036,120,1380,43.82243245801817,0.00390625
1786718766.6937506,50.440000335000036,120,1380,43.82228123414819,0.00390625
1786718766.7137265,50.46000037399995,120,1380,43.82228123414819,0.009765625
1786718766.732661,50.48000030200001,120,1380,43.82228123414819,0.009765625
1786718766.7547815,50.500000656,120,1380,43.829075564054364,0.001953125
1786718766.7727852,50.52000073199997,120,1380,43.829075564054364,0.001953125
1786718766.793736,50.54000036399998,120,1380,43.829075564054364,0.001953125
1786718766.8136494,50.56000049599993,120,1380,43.829075564054364,-0.00390625
1786718766.832655,50.58000051599993,120,1380,43.829075564054364,-0.00390625
1786718766.8546808,50.60000042599995,120,1380,43.82905874580189,-0.00390625
1786718766.8726468,50.62000039099996,120,1380,43.82905874580189,-0.00390625
1786718766.8947787,50.64000074499995,120,1380,43.822563212321285,-0.005859375
1786718766.912699,50.66000052499999,120,1380,43.822563212321285,-0.005859375
1786718766.932691,50.680000379000035,120,1380,43.822563212321285,-0.005859375
1786718766.9546869,50.70000030699998,120,1380,43.82718572811433,-0.00390625
1786718766.972652,50.72000036399993,120,1380,43.82718572811433,-0.00390625
1786718766.9946482,50.740000366000004,120,1380,43.82243245801817,0.001953125
1786718767.0126479,50.760000257,120,1380,43.82243245801817,0.001953125
1786718767.0327191,50.780000592999954,120,1380,43.82243245801817,0.001953125
1786718767.0547998,50.80000063299997,120,1380,43.81131161420504,0.005859375
1786718767.072663,50.820000394999965,120,1380,43.81131161420504,0.005859375
1786718767.094691,50.84000028599996,120,1380,43.81159065979614,0.00390625
1786718767.1126952,50.86000028900003,120,1380,43.81159065979614,0.00390625
1786718767.1326604,50.88000025400004,120,1380,43.81159065979614,0.00390625
1786718767.154686,50.900000405000014,120,1380,43.8162117333265,-0.00390625
1786718767.1726625,50.92000038899994,120,1380,43.8162117333265,-0.00390625
1786718767.1946907,50.94000042799996,120,1380,43.813624509064084,-0.005859375
1786718767.2126539,50.96000048600001,120,1380,43.813624509064084,-0.005859375
1786718767.2326813,50.98000035899997,120,1380,43.813624509064084,-0.005859375
1786718767.2547061,51.000000288000024,120,1380,43.80711331612656,-0.005859375
1786718767.2726955,51.020000439,120,1380,43.80711331612656,-0.005859375
1786718767.2954097,51.04000031099997,120,1380,43.80698375426874,-0.0078125
1786718767.3127017,51.060000480999975,120,1380,43.80698375426874,-0.0078125
1786718767.3326561,51.080000391,120,1380,43.80698375426874,-0.0078125
1786718767.3554132,51.10000030100002,120,1380,43.80698375426874,-0.0078125
1786718767.3726652,51.12000071099999,120,1380,43.80698375426874,-0.0078125
1786718767.3953857,51.14000041700001,120,1380,43.79586436859978,-0.001953125
1786718767.4126601,51.16000028999997,120,1380,43.79586436859978,-0.001953125
1786718767.4326625,51.180000422000035,120,1380,43.79586436859978,-0.001953125
1786718767.4553826,51.20000044300002,120,1380,43.793696630939195,0.005859375
1786718767.47265,51.22000031599998,120,1380,43.793696630939195,0.005859375
1786718767.495397,51.240000578000036,120,1380,43.79099297893984,0.001953125
1786718767.5126984,51.26000041299994,120,1380,43.79099297893984,0.001953125
1786718767.532744,51.280000546,120,1380,43.79099297893984,0.001953125
1786718767.5554237,51.30000051100001,120,1380,43.78463134932687,-0.005859375
1786718767.57266,51.320000273000005,120,1380,43.78463134932687,-0.005859375
1786718767.594742,51.34000042399998,120,1380,43.784762196298175,-0.005859375
1786718767.6127622,51.36000064799998,120,1380,43.784762196298175,-0.005859375
1786718767.633857,51.380000910000035,120,1380,43.775546063723596,-0.005859375
1786718767.6551712,51.400000819999946,120,1380,43.775546063723596,-0.0078125
1786718767.6726692,51.42000043400003,120,1380,43.775546063723596,-0.0078125
1786718767.6954143,51.440000381000004,120,1380,43.775546063723596,-0.00390625
1786718767.712717,51.46000049399993,120,1380,43.775546063723596,-0.00390625
1786718767.73371,51.48000075599998,120,1380,43.775546063723596,-0.00390625
1786718767.7536476,51.50000042499994,120,1380,43.76901341890516,0.009765625
1786718767.7726688,51.52000024300003,120,1380,43.76901341890516,0.009765625
1786718767.8084705,51.54000041199993,120,1380,43.76901341890516,0.00390625
1786718767.8126678,51.560000822000006,120,1380,43.76901341890516,0.00390625
1786718767.833699,51.58000038,120,1380,43.76250020921535,0.00390625
1786718767.8543434,51.60000064199994,120,1380,43.76250020921535,0.005859375
1786718767.8726585,51.620000441,120,1380,43.76250020921535,0.005859375
1786718767.89546,51.64000046199999,120,1380,43.76899217106987,0.001953125
1786718767.913439,51.66000053799996,120,1380,43.76899217106987,0.001953125
1786718767.9336965,51.680000393,120,1380,43.762478348049626,0.001953125
1786718767.9543824,51.700000303000024,120,1380,43.762478348049626,0.0078125
1786718767.9726524,51.72000036099996,120,1380,43.762478348049626,0.0078125
1786718767.9953654,51.74000045599996,120,1380,43.76708847383961,0.0078125
1786718768.0141578,51.76000131000001,120,1380,43.76708847383961,0.0078125
1786718768.0341258,51.78000083199993,120,1380,43.76912607223042,0.0078125
1786718768.0574121,51.80000092800003,120,1380,43.76912607223042,0.001953125
1786718768.074102,51.820000616000016,120,1380,43.76912607223042,0.001953125
1786718768.099442,51.84000104500001,120,1380,43.762633513043454,0.0
1786718768.1140492,51.86000112199997,120,1380,43.762633513043454,0.0
1786718768.1353135,51.88000099499993,120,1380,43.758157018048024,0.0
1786718768.157312,51.90000083099994,120,1380,43.758157018048024,-0.009765625
1786718768.1740296,51.920001130999935,120,1380,43.758157018048024,-0.009765625
1786718768.1991746,51.94000111499997,120,1380,43.758157018048024,-0.0078125
1786718768.2139277,51.96000097000001,120,1380,43.758157018048024,-0.0078125
1786718768.235353,51.98000076899996,120,1380,43.7535475166184,-0.0078125
1786718768.2560086,52.00000108699999,120,1380,43.7535475166184,-0.00390625
1786718768.2738452,52.02000103499995,120,1380,43.7535475166184,-0.00390625
1786718768.2992084,52.040000908000025,120,1380,43.75339228404468,0.005859375
1786718768.3132663,52.06000083699996,120,1380,43.75339228404468,0.005859375
1786718768.3360293,52.08000072899995,120,1380,43.7535475166184,0.005859375
1786718768.357124,52.100000991,120,1380,43.7535475166184,0.0
1786718768.3738418,52.120000957,120,1380,43.7535475166184,0.0
1786718768.39933,52.14000140400003,120,1380,43.7535475166184,0.0
1786718768.4138684,52.16000116700002,120,1380,43.7535475166184,0.0
1786718768.4367406,52.18000100300003,120,1380,43.7535475166184,0.0
1786718768.4571326,52.200001060999966,120,1380,43.7535475166184,0.0
1786718768.4738755,52.22000086100002,120,1380,43.7535475166184,0.0
1786718768.4991846,52.24000067899999,120,1380,43.758157018048024,0.0
1786718768.5128577,52.26000081099994,120,1380,43.758157018048024,0.0
1786718768.5374699,52.28000101800001,120,1380,43.758157018048024,0.0
1786718768.557143,52.30000085400002,120,1380,43.758157018048024,0.0
1786718768.5738657,52.320001004999995,120,1380,43.758157018048024,0.0
1786718768.598647,52.340001007999945,120,1380,43.758157018048024,0.0
1786718768.6138406,52.360001030000035,120,1380,43.758157018048024,0.0
1786718768.6372905,52.380001385000014,120,1380,43.76006015328366,0.0
1786718768.65653,52.400000868999996,120,1380,43.76006015328366,0.0
1786718768.673839,52.420001093999986,120,1380,43.76006015328366,0.0
1786718768.699226,52.440001005,120,1380,43.75804411609721,0.0
1786718768.7138863,52.46000086000004,120,1380,43.75804411609721,0.0
1786718768.7371256,52.48000097399995,120,1380,43.75804411609721,0.0
1786718768.7570846,52.500000754999974,120,1380,43.75804411609721,0.0
1786718768.7738383,52.52000110899996,120,1380,43.75804411609721,0.0
1786718768.7991765,52.54000085300004,120,1380,43.75804411609721,0.0
1786718768.8130152,52.56000089299994,120,1380,43.75804411609721,0.0
1786718768.837242,52.58000111799993,120,1380,43.762652993313054,0.0
1786718768.8570883,52.600000713999975,120,1380,43.762652993313054,0.0
1786718768.873816,52.620000902000015,120,1380,43.762652993313054,0.0
1786718768.8991702,52.64000083099995,120,1380,43.762652993313054,0.0
1786718768.9138653,52.66000098199993,120,1380,43.762652993313054,0.0
1786718768.9372141,52.680001355999934,120,1380,43.762652993313054,0.0
1786718768.957151,52.70000078399994,120,1380,43.762652993313054,0.0
1786718768.9738255,52.720001157999945,120,1380,43.762652993313054,0.0
1786718768.9991603,52.74000114199998,120,1380,43.762652993313054,0.0
1786718769.013832,52.76000120100002,120,1380,43.762652993313054,0.0
1786718769.0353708,52.78000087099997,120,1380,43.762652993313054,0.0
1786718769.0571077,52.800001114999986,120,1380,43.762652993313054,0.0
1786718769.0738328,52.82000097100001,120,1380,43.762652993313054,0.0
1786718769.0984917,52.840000863,120,1380,43.76455642598316,0.0
1786718769.11385,52.86000105200003,120,1380,43.76455642598316,0.0
1786718769.1371424,52.88000094400002,120,1380,43.76455642598316,0.0
1786718769.1564596,52.900000743999954,120,1380,43.76455642598316,0.0
1786718769.1739292,52.92000083999994,120,1380,43.76455642598316,0.0
1786718769.1985247,52.94000099100003,120,1380,43.76455642598316,0.0
1786718769.2138522,52.96000092099996,120,1380,43.76455642598316,0.0
1786718769.2372088,52.980000942999936,120,1380,43.76455642598316,0.0
1786718769.2571046,53.00000081600001,120,1380,43.76455642598316,0.0
1786718769.2738209,53.020001116,120,1380,43.76455642598316,0.0
1786718769.298479,53.04000084199993,120,1380,43.762540413333056,0.0
1786718769.312849,53.060001123000006,120,1380,43.762540413333056,0.0
1786718769.3372104,53.08000118199993,120,1380,43.762540413333056,0.0
1786718769.3572,53.100001185999986,120,1380,43.762540413333056,0.0
1786718769.3738225,53.12000079999996,120,1380,43.762540413333056,0.0
1786718769.398473,53.140001192,120,1380,43.75345447029605,0.0
1786718769.4138281,53.16000091800004,120,1380,43.75345447029605,0.0
1786718769.4371963,53.18000110699995,120,1380,43.75345447029605,0.0
1786718769.457122,53.20000098100002,120,1380,43.75345447029605,0.0
1786718769.4739203,53.22000129899993,120,1380,43.75345447029605,0.0
1786718769.4984965,53.24000102399998,120,1380,43.75155132426153,0.0
1786718769.5138855,53.26000124999996,120,1380,43.75155132426153,0.0
1786718769.5372562,53.28000105000001,120,1380,43.75155132426153,0.0
1786718769.5571322,53.30000097899995,120,1380,43.75155132426153,0.0
1786718769.5738382,53.320001131000026,120,1380,43.75155132426153,0.0
1786718769.5979142,53.34000102300001,120,1380,43.75155132426153,0.0
1786718769.6138453,53.360001100999966,120,1380,43.75155132426153,0.0
1786718769.637289,53.38000143700003,120,1380,43.75356703712225,0.0
1786718769.6558359,53.40000108899994,120,1380,43.75356703712225,0.0
1786718769.6738474,53.42000096300001,120,1380,43.75356703712225,0.0
1786718769.6982467,53.44000091099997,120,1380,43.74895783558068,0.0
1786718769.713871,53.46000126599995,120,1380,43.74895783558068,0.0
1786718769.7365136,53.480000694999944,120,1380,43.74895783558068,0.0
1786718769.7564702,53.500000883999974,120,1380,43.74895783558068,0.0
1786718769.773852,53.52000103599994,120,1380,43.74895783558068,0.0
1786718769.7981584,53.540001020999966,120,1380,43.75356703712225,0.0
1786718769.8140707,53.56000102400003,120,1380,43.75356703712225,0.0
1786718769.8357337,53.580000842000004,120,1380,43.75804411609721,0.0
1786718769.8564837,53.60000116100002,120,1380,43.75804411609721,0.0
1786718769.8738284,53.62000084900001,120,1380,43.75804411609721,0.0
1786718769.8981576,53.64000112999997,120,1380,43.756140980861574,0.0
1786718769.9138784,53.660000966999974,120,1380,43.756140980861574,0.0
1786718769.9365277,53.680000673999984,120,1380,43.756140980861574,0.0
1786718769.9564884,53.70000104799999,120,1380,43.756140980861574,0.0
1786718769.9738328,53.72000079199995,120,1380,43.756140980861574,0.0
1786718769.9981284,53.74000118499998,120,1380,43.758157018048024,0.0
1786718770.013843,53.76000092899994,120,1380,43.758157018048024,0.0
1786718770.0365694,53.780000765999944,120,1380,43.758157018048024,0.0
1786718770.0565002,53.80000104800001,120,1380,43.758157018048024,0.0
1786718770.073854,53.820001032999926,120,1380,43.758157018048024,0.0
1786718770.0970929,53.84000116699997,120,1380,43.75804411609721,0.0
1786718770.1138318,53.86000117100002,120,1380,43.75804411609721,0.0
1786718770.1365159,53.88000078599998,120,1380,43.75804411609721,0.0
1786718770.1564379,53.90000080799996,120,1380,43.75804411609721,0.0
1786718770.173818,53.920000756000036,120,1380,43.75804411609721,0.0
1786718770.1981564,53.94000103799999,120,1380,43.75804411609721,0.0
1786718770.213824,53.96000115300001,120,1380,43.75804411609721,0.0
1786718770.2365203,53.980000915999995,120,1380,43.75804411609721,0.0
1786718770.2564793,54.00000105000004,120,1380,43.75804411609721,0.0
1786718770.273864,54.02000097999996,120,1380,43.75804411609721,0.0
1786718770.2973578,54.04000089099998,120,1380,43.75804411609721,0.0
1786718770.3138716,54.06000093199998,120,1380,43.75804411609721,0.0
1786718770.3359427,54.08000076899998,120,1380,43.75804411609721,0.0
1786718770.3558679,54.100000791999946,120,1380,43.75804411609721,0.0
1786718770.3738525,54.12000079500001,120,1380,43.75804411609721,0.0
1786718770.3972843,54.14000070700001,120,1380,43.76006015328366,0.0
1786718770.4138398,54.160000784999966,120,1380,43.76006015328366,0.0
1786718770.4359646,54.180001232999984,120,1380,43.76006015328366,0.0
1786718770.4558256,54.200001328999974,120,1380,43.76006015328366,0.0
1786718770.473836,54.22000070399997,120,1380,43.76006015328366,0.0
1786718770.497226,54.240000893,120,1380,43.76453693482415,0.0
1786718770.5138981,54.26000137799997,120,1380,43.76453693482415,0.0
1786718770.5359354,54.28000095599998,120,1380,43.76914611185475,0.0
1786718770.5558672,54.30000090499993,120,1380,43.76914611185475,0.0
1786718770.5738494,54.32000085300001,120,1380,43.76914611185475,0.0
1786718770.5967069,54.34000105999996,120,1380,43.76914611185475,0.0
1786718770.61391,54.36000111999999,120,1380,43.76914611185475,0.0
1786718770.6362226,54.38000160499996,120,1380,43.76914611185475,0.0
1786718770.6559844,54.40000066499999,120,1380,43.76914611185475,0.0
1786718770.6738632,54.420000964999986,120,1380,43.76914611185475,0.0
1786718770.697643,54.440001060999975,120,1380,43.775658683701124,0.0
1786718770.7138839,54.46000106500003,120,1380,43.775658683701124,0.0
1786718770.7359602,54.48000145799995,120,1380,43.77364204695843,0.0
1786718770.755908,54.500001129,120,1380,43.77364204695843,0.0
1786718770.7738364,54.520000798999945,120,1380,43.77364204695843,0.0
1786718770.7975583,54.540000728999985,120,1380,43.77364204695843,0.0
1786718770.8138437,54.56000102899998,120,1380,43.77364204695843,0.0
1786718770.8358696,54.58000127399998,120,1380,43.77364204695843,0.0
1786718770.855837,54.60000100000002,120,1380,43.77364204695843,0.0
1786718770.8738637,54.62000085599993,120,1380,43.77364204695843,0.0
1786718770.8975196,54.640001025999936,120,1380,43.77364204695843,0.0
1786718770.9138944,54.660001049000016,120,1380,43.77364204695843,0.0
1786718770.935933,54.68000086699999,120,1380,43.78720579887187,0.0
1786718770.955801,54.70000109299997,120,1380,43.78720579887187,-0.001953125
1786718770.973845,54.72000078299993,120,1380,43.78720579887187,-0.001953125
1786718770.9975743,54.740001045999975,120,1380,43.77364204695843,-0.001953125
1786718771.0138216,54.760000882999975,120,1380,43.77364204695843,-0.001953125
1786718771.035891,54.780001201999994,120,1380,43.77852656387762,-0.001953125
1786718771.055876,54.80000089199996,120,1380,43.77852656387762,-0.0078125
1786718771.0738556,54.820000784999934,120,1380,43.77852656387762,-0.0078125
1786718771.096264,54.84000093700001,120,1380,43.75990614509735,0.00390625
1786718771.1138773,54.86000099699993,120,1380,43.75990614509735,0.00390625
1786718771.1359115,54.880000687000006,120,1380,43.75789038341213,0.00390625
1786718771.155855,54.90000089499995,120,1380,43.75789038341213,0.009765625
1786718771.1738298,54.920000880999964,120,1380,43.75789038341213,0.009765625
1786718771.1975298,54.940000717999965,120,1380,43.78068559066071,-0.0078125
1786718771.2138393,54.96000074099993,120,1380,43.78068559066071,-0.0078125
1786718771.235866,54.980001042000026,120,1380,43.75789038341213,-0.0078125
1786718771.2551174,55.00000089799994,120,1380,43.75789038341213,0.005859375
1786718771.2738414,55.02000108799996,120,1380,43.75789038341213,0.005859375
1786718771.2967262,55.040000850999945,120,1380,43.77416295705683,-0.001953125
1786718771.3139064,55.060001133000014,120,1380,43.77416295705683,-0.001953125
1786718771.3352141,55.08000115599998,120,1380,43.758024011613855,-0.001953125
1786718771.3551483,55.10000112399996,120,1380,43.758024011613855,-0.00390625
1786718771.373247,55.12000070199997,120,1380,43.758024011613855,-0.00390625
1786718771.396871,55.140001040000016,120,1380,43.76291531930673,-0.005859375
1786718771.4138727,55.16000093299999,120,1380,43.76291531930673,-0.005859375
1786718771.43574,55.18000099300002,120,1380,43.758157018048024,-0.005859375
1786718771.4551232,55.200001070999974,120,1380,43.758157018048024,0.009765625
1786718771.4738348,55.220000927,120,1380,43.758157018048024,0.009765625
1786718771.4968693,55.240000839000004,120,1380,43.7536607404237,0.0
1786718771.5138934,55.260001176999936,120,1380,43.7536607404237,0.0
1786718771.5356815,55.28000121799994,120,1380,43.765062785630164,0.0
1786718771.5551822,55.30000131500003,120,1380,43.765062785630164,-0.00390625
1786718771.573854,55.32000105999998,120,1380,43.765062785630164,-0.00390625
1786718771.5969443,55.34000113900004,120,1380,43.74887021754043,0.0078125
1786718771.6139445,55.360001272999966,120,1380,43.74887021754043,0.0078125
1786718771.635789,55.380001628999935,120,1380,43.76992920997941,0.0078125
1786718771.655819,55.40000118900002,120,1380,43.76992920997941,0.001953125
1786718771.6738944,55.420000785999946,120,1380,43.76992920997941,0.001953125
1786718771.697102,55.44000104899999,120,1380,43.76533422173088,-0.005859375
1786718771.713903,55.46000140499996,120,1380,43.76533422173088,-0.005859375
1786718771.7351584,55.48000081700002,120,1380,43.77006795956959,-0.005859375
1786718771.7550747,55.500000580999995,120,1380,43.77006795956959,-0.0078125
1786718771.7739465,55.52000128899999,120,1380,43.77006795956959,-0.0078125
1786718771.7966743,55.54000114500002,120,1380,43.76316051042269,0.009765625
1786718771.8138611,55.56000074199994,120,1380,43.76316051042269,0.009765625
1786718771.835683,55.58000069100001,120,1380,43.76357010383364,0.009765625
1786718771.8551147,55.600000972999965,120,1380,43.76357010383364,-0.0078125
1786718771.8731537,55.620000939999954,120,1380,43.76357010383364,-0.0078125
1786718771.8961816,55.64000125899997,120,1380,43.77005754973547,-0.001953125
1786718771.9138956,55.66000104099999,120,1380,43.77005754973547,-0.001953125
1786718771.934935,55.68000115699999,120,1380,43.76529397809543,-0.001953125
1786718771.9548821,55.700000975999956,120,1380,43.76529397809543,0.0078125
1786718771.9732473,55.72000098000001,120,1380,43.76529397809543,0.0078125
1786718771.996034,55.740000650999946,120,1380,43.76342027834784,-0.001953125
1786718772.013235,55.760001321999994,120,1380,43.76342027834784,-0.001953125
1786718772.0349128,55.78000125300002,120,1380,43.77656584253481,-0.001953125
1786718772.0548983,55.80000131299994,120,1380,43.77656584253481,-0.001953125
1786718772.0732768,55.82000118899998,120,1380,43.77656584253481,-0.001953125
1786718772.0960217,55.84000086000003,120,1380,43.76342027834784,-0.00390625
1786718772.1133084,55.860000845999934,120,1380,43.76342027834784,-0.00390625
1786718772.1348484,55.88000125799999,120,1380,43.75820692170072,-0.00390625
1786718772.1549435,55.900001207999935,120,1380,43.75820692170072,0.0078125
1786718772.1732535,55.92000073099996,120,1380,43.75820692170072,0.0078125
1786718772.195992,55.94000112499998,120,1380,43.76529397809543,-0.0078125
1786718772.2132552,55.96000096299997,120,1380,43.76529397809543,-0.0078125
1786718772.2348092,55.98000100499996,120,1380,43.76499242527234,-0.0078125
1786718772.2547824,56.000001045999966,120,1380,43.76499242527234,0.00390625
1786718772.2732584,56.02000099600002,120,1380,43.76499242527234,0.00390625
1786718772.2960377,56.04000063000001,120,1380,43.75370919784467,0.0078125
1786718772.3132434,56.06000076399994,120,1380,43.75370919784467,0.0078125
1786718772.334765,56.08000099100002,120,1380,43.74272050456909,0.0078125
1786718772.354732,56.10000086699995,120,1380,43.74272050456909,0.009765625
1786718772.3728456,56.12000102000002,120,1380,43.74272050456909,0.009765625
1786718772.395869,56.14000085800001,120,1380,43.742743504364796,0.0
1786718772.4130251,56.16000104800003,120,1380,43.742743504364796,0.0
1786718772.4346268,56.18000079299998,120,1380,43.742743504364796,0.0
1786718772.4545815,56.20000113100002,120,1380,43.742743504364796,0.0
1786718772.4729426,56.22000087699996,120,1380,43.742743504364796,0.0
1786718772.495705,56.24000123299993,120,1380,43.742743504364796,0.0
1786718772.5129278,56.26000120100002,120,1380,43.742743504364796,0.0
1786718772.534483,56.280000890999986,120,1380,43.742743504364796,0.0
1786718772.5544243,56.30000126599998,120,1380,43.742743504364796,0.0
1786718772.5728102,56.320000918999995,120,1380,43.742743504364796,0.0
1786718772.5955813,56.34000107199995,120,1380,43.744645439830435,0.0
1786718772.6129289,56.36000137299993,120,1380,43.744645439830435,0.0
1786718772.634344,56.380001247999985,120,1380,43.74724067995794,0.0
1786718772.6543865,56.40000140099994,120,1380,43.74724067995794,0.0
1786718772.6728287,56.42000097999994,120,1380,43.74724067995794,0.0
1786718772.695438,56.44000083699996,120,1380,43.74724067995794,0.0
1786718772.7129009,56.46000139699993,120,1380,43.74724067995794,0.0
1786718772.7341769,56.480000771999926,120,1380,43.74724067995794,0.0
1786718772.7541418,56.50000098099997,120,1380,43.74724067995794,0.0
1786718772.7728198,56.52000106000003,120,1380,43.74724067995794,0.0
1786718772.7952707,56.54000089800002,120,1380,43.74724067995794,0.0
1786718772.812815,56.56000082799994,120,1380,43.74724067995794,0.0
1786718772.834061,56.58000125900003,120,1380,43.74724067995794,0.0
1786718772.8545678,56.600001152999994,120,1380,43.74724067995794,0.0
1786718772.8728046,56.62000088000002,120,1380,43.74724067995794,0.0
1786718772.8956797,56.64000068099995,120,1380,43.74724067995794,0.0
1786718772.9128714,56.660001093000005,120,1380,43.74724067995794,0.0
1786718772.934513,56.68000076399994,120,1380,43.74724067995794,0.0
1786718772.9543886,56.70000100999994,120,1380,43.74724067995794,0.0
1786718772.9728024,56.72000121799999,120,1380,43.74724067995794,0.0
1786718772.9957328,56.740001037999946,120,1380,43.74724067995794,0.0
1786718773.01279,56.76000085800001,120,1380,43.74724067995794,0.0
1786718773.0357158,56.78000110400001,120,1380,43.74724067995794,0.0
1786718773.0528736,56.80000112699997,120,1380,43.74724067995794,0.0
1786718773.072852,56.820001428999944,120,1380,43.74724067995794,0.0
1786718773.0956933,56.84000073100003,120,1380,43.74914291255567,0.0
1786718773.1128397,56.860001272999966,120,1380,43.74914291255567,0.0
1786718773.1355982,56.88000096299993,120,1380,43.74265116655482,0.0
1786718773.1528254,56.90000072800001,120,1380,43.74265116655482,0.0
1786718773.1727986,56.920000880999964,120,1380,43.74265116655482,0.0
1786718773.195491,56.94000070100003,120,1380,43.74265116655482,0.0
1786718773.2127903,56.96000061400002,120,1380,43.74265116655482,0.0
1786718773.2354095,56.98000076699998,120,1380,43.74253762385902,0.0
1786718773.2527947,57.00000093899996,120,1380,43.74253762385902,0.0
1786718773.272822,57.02000085199995,120,1380,43.74253762385902,0.0
1786718773.2953408,57.040000856999995,120,1380,43.74253762385902,0.0
1786718773.312849,57.06000087999996,120,1380,43.74253762385902,0.0
1786718773.3352668,57.08000108900001,120,1380,43.74714807407045,0.0
1786718773.3528202,57.10000094600002,120,1380,43.74714807407045,0.0
1786718773.372801,57.12000100699993,120,1380,43.74714807407045,0.0
1786718773.3951898,57.14000075299998,120,1380,43.74905061463369,0.0
1786718773.4130123,57.16000133199998,120,1380,43.74905061463369,0.0
1786718773.4352598,57.180001059999995,120,1380,43.7470348529485,0.0
1786718773.4527874,57.200000732000035,120,1380,43.7470348529485,0.0
1786718773.4727778,57.22000077400003,120,1380,43.7470348529485,0.0
1786718773.4958367,57.240000871999996,120,1380,43.7470348529485,0.0
1786718773.5128195,57.26000056199996,120,1380,43.7470348529485,0.0
1786718773.5367336,57.280001105,120,1380,43.75164467875169,0.0
1786718773.5528793,57.300000979999936,120,1380,43.75164467875169,0.0
1786718773.5728257,57.32000131899997,120,1380,43.75164467875169,0.0
1786718773.5965466,57.34000082399996,120,1380,43.7535475166184,0.0
1786718773.6129105,57.36000134799997,120,1380,43.7535475166184,0.0
1786718773.636837,57.380001593999964,120,1380,43.7535475166184,0.0
1786718773.6528811,57.400000877000025,120,1380,43.7535475166184,0.0
1786718773.6728187,57.420001307999996,120,1380,43.7535475166184,0.0
1786718773.696657,57.44000077600003,120,1380,43.7535475166184,0.0
1786718773.7128637,57.46000083699994,120,1380,43.7535475166184,0.0
1786718773.7365954,57.48000061999994,120,1380,43.751531779319976,0.0
1786718773.7528176,57.50000101399996,120,1380,43.751531779319976,0.0
1786718773.7728207,57.52000116700003,120,1380,43.751531779319976,0.0
1786718773.7965286,57.540000857999985,120,1380,43.75804411609721,0.0
1786718773.8128083,57.560001048000004,120,1380,43.75804411609721,0.0
1786718773.836539,57.58000116400001,120,1380,43.75804411609721,0.0
1786718773.8528087,57.60000100299999,120,1380,43.75804411609721,0.0
1786718773.8728018,57.62000106400001,120,1380,43.75804411609721,0.0
1786718773.8973114,57.640001290999976,120,1380,43.75804411609721,0.0
1786718773.9128647,57.660000704000026,120,1380,43.75804411609721,0.0
1786718773.9365447,57.680000708999955,120,1380,43.75804411609721,0.0
1786718773.952801,57.70000113999993,120,1380,43.75804411609721,0.0
1786718773.9728029,57.720000941999956,120,1380,43.75804411609721,0.0
1786718773.9966183,57.740001076,120,1380,43.75804411609721,0.0
1786718774.0127954,57.76000085999999,120,1380,43.75804411609721,0.0
1786718774.0379927,57.78000118,120,1380,43.759947548767286,0.0
1786718774.05285,57.80000112999994,120,1380,43.759947548767286,0.0
1786718774.0740595,57.82000141399999,120,1380,43.759947548767286,0.0
1786718774.0945923,57.84000112299998,120,1380,43.76903349409372,0.0
1786718774.1128428,57.86000144299999,120,1380,43.76903349409372,0.0
1786718774.138665,57.88000085600004,120,1380,43.767129774853544,0.0
1786718774.1527922,57.90000126899997,120,1380,43.767129774853544,0.0
1786718774.1741414,57.92000097899995,120,1380,43.76914611185475,0.0
1786718774.195306,57.940001020999944,120,1380,43.76914611185475,0.0
1786718774.212792,57.96000097199999,120,1380,43.76914611185475,0.0
1786718774.2386405,57.98000123600002,120,1380,43.77362259593579,0.0
1786718774.2527914,58.000001075,120,1380,43.77362259593579,0.0
1786718774.274102,58.02000091399998,120,1380,43.77563925736143,0.0
1786718774.2953198,58.04000093900004,120,1380,43.77563925736143,0.0
1786718774.3128452,58.06000118500003,120,1380,43.77563925736143,0.0
1786718774.3386512,58.080001004999986,120,1380,43.77563925736143,0.0
1786718774.352838,58.100000807000015,120,1380,43.77563925736143,0.0
1786718774.37406,58.120001332000015,120,1380,43.77563925736143,0.0
1786718774.395293,58.14000092999993,120,1380,43.77563925736143,0.0
1786718774.412794,58.160001287,120,1380,43.77563925736143,0.0
1786718774.437263,58.18000079299998,120,1380,43.78011544395798,0.0
1786718774.4527981,58.20000103899997,120,1380,43.78011544395798,0.0
1786718774.4756749,58.220001674999935,120,1380,43.78011544395798,0.0
1786718774.4961705,58.24000153199995,120,1380,43.78011544395798,0.0
1786718774.513532,58.26000103799993,120,1380,43.78011544395798,0.0
1786718774.539464,58.280001543000026,120,1380,43.77373554910122,0.0
1786718774.553439,58.30000088199995,120,1380,43.77373554910122,0.0
1786718774.5746815,58.32000101799997,120,1380,43.77373554910122,0.0
1786718774.5959644,58.34000069000001,120,1380,43.77373554910122,0.0
1786718774.6142433,58.360001195999985,120,1380,43.77373554910122,0.0
1786718774.6396513,58.38000131199999,120,1380,43.77373554910122,0.0
1786718774.652832,58.40000113299993,120,1380,43.77373554910122,0.0
1786718774.675355,58.42000093499996,120,1380,43.77373554910122,0.0
1786718774.6973011,58.44000077399994,120,1380,43.77373554910122,0.0
1786718774.7140634,58.46000090899997,120,1380,43.77373554910122,0.0
1786718774.7393372,58.48000111900001,120,1380,43.77373554910122,0.0
1786718774.7539372,58.50000086499995,120,1380,43.77373554910122,0.0
1786718774.7753,58.52000075900003,120,1380,43.77373554910122,0.0
1786718774.7971463,58.540000894999935,120,1380,43.77373554910122,0.0
1786718774.8138466,58.560001123000006,120,1380,43.77373554910122,0.0
1786718774.839206,58.580001090999986,120,1380,43.77373554910122,0.0
1786718774.8538222,58.600000800999965,120,1380,43.77373554910122,0.0
1786718774.8753943,58.620000731999994,120,1380,43.77373554910122,0.0
1786718774.8970914,58.640000940999926,120,1380,43.77373554910122,0.0
1786718774.913861,58.66000098400002,120,1380,43.77373554910122,0.0
1786718774.9391134,58.680000915999926,120,1380,43.76912607223042,0.0
1786718774.9538307,58.70000090299993,120,1380,43.76912607223042,0.0
1786718774.9760437,58.720000778999975,120,1380,43.76912607223042,0.0
1786718774.9953022,58.740001043999996,120,1380,43.76912607223042,0.0
1786718775.0138268,58.76000086399995,120,1380,43.76912607223042,0.0
1786718775.0391743,58.78000092599996,120,1380,43.76912607223042,0.0
1786718775.053881,58.80000117299994,120,1380,43.76912607223042,0.0
1786718775.077468,58.820000994,120,1380,43.77373554910122,0.0
1786718775.097138,58.840000962999966,120,1380,43.77373554910122,0.0
1786718775.1138785,58.860000987000035,120,1380,43.77373554910122,0.0
1786718775.1391535,58.880000697000014,120,1380,43.77373554910122,0.0
1786718775.153843,58.90000101800001,120,1380,43.77373554910122,0.0
1786718775.177435,58.92000095000003,120,1380,43.77821144928376,0.0
1786718775.1970842,58.94000069699996,120,1380,43.77821144928376,0.0
1786718775.2138393,58.96000088799997,120,1380,43.77821144928376,0.0
1786718775.239175,58.98000078300004,120,1380,43.77821144928376,0.0
1786718775.2541492,59.00000093699998,120,1380,43.77821144928376,0.0
1786718775.277282,59.020000720999974,120,1380,43.78011544395798,0.0
1786718775.2971284,59.040000986999985,120,1380,43.78011544395798,0.0
1786718775.3138547,59.060000789000014,120,1380,43.78011544395798,0.0
1786718775.339192,59.08000094299996,120,1380,43.784724596331046,0.0
1786718775.353866,59.10000070900003,120,1380,43.784724596331046,0.0
1786718775.37675,59.12000078899996,120,1380,43.784724596331046,0.0
1786718775.3971016,59.14000079499999,120,1380,43.784724596331046,0.0
1786718775.4138625,59.16000100500003,120,1380,43.784724596331046,0.0
1786718775.4384797,59.18000069599998,120,1380,43.784724596331046,0.0
1786718775.4538388,59.20000086899995,120,1380,43.784724596331046,0.0
1786718775.4771447,59.22000105999996,120,1380,43.780135454286665,0.0
1786718775.4957929,59.240000936,120,1380,43.780135454286665,0.0
1786718775.5138724,59.26000077599997,120,1380,43.780135454286665,0.0
1786718775.539281,59.280001410999944,120,1380,43.780135454286665,0.0
1786718775.5538878,59.300000899,120,1380,43.780135454286665,0.0
1786718775.577187,59.32000103500002,120,1380,43.77552660168044,0.0
1786718775.5971508,59.34000098499996,120,1380,43.77552660168044,0.0
1786718775.613929,59.36000115799993,120,1380,43.77552660168044,0.0
1786718775.6386416,59.38000166400002,120,1380,43.77552660168044,0.0
1786718775.6538622,59.40000105900003,120,1380,43.77552660168044,0.0
1786718775.6771376,59.42000104700003,120,1380,43.77552660168044,0.0
1786718775.6970975,59.44000099699997,120,1380,43.77552660168044,0.0
1786718775.7139194,59.46000154000001,120,1380,43.77552660168044,0.0
1786718775.7384677,59.48000089799996,120,1380,43.77811881754397,0.0
1786718775.7538304,59.50000099700003,120,1380,43.77811881754397,0.0
1786718775.7768345,59.52000078100002,120,1380,43.77811881754397,0.0
1786718775.7970972,59.54000097200003,120,1380,43.77811881754397,0.0
1786718775.8132439,59.560000996999975,120,1380,43.77811881754397,0.0
1786718775.838603,59.58000111399997,120,1380,43.77811881754397,0.0
1786718775.853843,59.600000787,120,1380,43.77811881754397,0.0
1786718775.8772283,59.620001032999994,120,1380,43.77811881754397,0.0
1786718775.8971477,59.640001464999955,120,1380,43.77811881754397,0.0
1786718775.9138522,59.66000111999995,120,1380,43.77811881754397,0.0
1786718775.9375722,59.68000069999994,120,1380,43.78002312083865,0.0
1786718775.9538407,59.700000947000035,120,1380,43.78002312083865,0.0
1786718775.9771957,59.72000100799994,120,1380,43.78002312083865,0.0
1786718775.9971845,59.740001162,120,1380,43.78002312083865,0.0
1786718776.0138385,59.76000120599997,120,1380,43.78002312083865,0.0
1786718776.038502,59.78000100899999,120,1380,43.78463134932687,0.0
1786718776.053854,59.80000068200002,120,1380,43.78463134932687,0.0
1786718776.0772023,59.82000115099993,120,1380,43.78463134932687,0.0
1786718776.0971909,59.84000125,120,1380,43.78463134932687,0.0
1786718776.11385,59.86000121999996,120,1380,43.78463134932687,0.0
1786718776.1384685,59.88000105999993,120,1380,43.78451933822808,0.0
1786718776.1538208,59.900000954999996,120,1380,43.78451933822808,0.0
1786718776.1771781,59.92000096100003,120,1380,43.78004199455853,0.0
1786718776.197113,59.94000091199996,120,1380,43.78004199455853,0.0
1786718776.213839,59.960001197,120,1380,43.78004199455853,0.0
1786718776.2384796,59.980000666000024,120,1380,43.773529751357415,0.0
1786718776.253831,60.00000111700001,105,1395,43.773529751357415,0.0
1786718776.2765825,60.02000099399993,105,1395,43.773529751357415,0.0
1786718776.297119,60.040001038000014,105,1395,43.773529751357415,0.0
1786718776.3138697,60.060000858999956,105,1395,43.773529751357415,0.0
1786718776.3377707,60.08000099499998,105,1395,43.773529751357415,0.0
1786718776.353879,60.10000064999997,105,1395,43.773529751357415,0.0
1786718776.377149,60.120000860000005,105,1395,43.773529751357415,0.0
1786718776.397125,60.14000062599996,105,1395,43.773529751357415,0.0
1786718776.4138334,60.160001188000024,105,1395,43.773529751357415,0.0
1786718776.4373684,60.18000106499994,105,1395,43.773529751357415,0.0
1786718776.453843,60.20000083000002,105,1395,43.773529751357415,0.0
1786718776.4765015,60.22000102200002,105,1395,43.773529751357415,0.0
1786718776.4964788,60.240001010000015,105,1395,43.773529751357415,0.0
1786718776.5138524,60.26000083099996,105,1395,43.773529751357415,0.0
1786718776.5381835,60.28000070799999,105,1395,43.773529751357415,0.0
1786718776.55386,60.30000088099996,105,1395,43.773529751357415,0.0
1786718776.5765212,60.32000094399996,105,1395,43.75334252519721,0.0
1786718776.5964751,60.34000093199995,105,1395,43.75334252519721,-0.0234375
1786718776.6139417,60.360001290000014,105,1395,43.75334252519721,-0.0234375
1786718776.6383967,60.380001721999975,105,1395,43.68272207329599,-0.025390625
1786718776.6538734,60.40000124699998,105,1395,43.68272207329599,-0.025390625
1786718776.676572,60.42000097599998,105,1395,43.60736316483681,-0.025390625
1786718776.6965284,60.440001575,105,1395,43.60736316483681,-0.0234375
1786718776.7138958,60.46000084100001,105,1395,43.60736316483681,-0.0234375
1786718776.738165,60.48000101399998,105,1395,43.53849251527319,-0.021484375
1786718776.7539341,60.50000172399996,105,1395,43.53849251527319,-0.021484375
1786718776.7765815,60.520001100999934,105,1395,43.46774496582967,-0.021484375
1786718776.796466,60.54000094100002,105,1395,43.46774496582967,-0.01953125
1786718776.81384,60.56000115099994,105,1395,43.46774496582967,-0.01953125
1786718776.8381703,60.58000076899998,105,1395,43.41258288812992,-0.015625
1786718776.8538425,60.60000099799993,105,1395,43.41258288812992,-0.015625
1786718776.8765085,60.62000076300001,105,1395,43.3657955030377,-0.015625
1786718776.8965611,60.64000119599996,105,1395,43.3657955030377,-0.01171875
1786718776.9138575,60.66000129500003,105,1395,43.3657955030377,-0.01171875
1786718776.9377854,60.680001135,105,1395,43.32812505724087,-0.0078125
1786718776.9538531,60.700001233999956,105,1395,43.32812505724087,-0.0078125
1786718776.9765213,60.72000073999993,105,1395,43.30615130483062,-0.0078125
1786718776.9965048,60.74000119100003,105,1395,43.30615130483062,-0.00390625
1786718777.013854,60.76000108699998,105,1395,43.30615130483062,-0.00390625
1786718777.0374196,60.78000081599998,105,1395,43.28855053374639,0.001953125
1786718777.0538778,60.80000104499993,105,1395,43.28855053374639,0.001953125
1786718777.0759118,60.820001089000016,105,1395,43.28606284333395,0.001953125
1786718777.0958178,60.840000928999984,105,1395,43.28606284333395,0.001953125
1786718777.11388,60.86000147300001,105,1395,43.28606284333395,0.001953125
1786718777.137229,60.88000081400003,105,1395,43.290547783470856,0.001953125
1786718777.1538353,60.90000083899997,105,1395,43.290547783470856,0.001953125
1786718777.1758604,60.92000086500002,105,1395,43.290547783470856,0.001953125
1786718777.195829,60.940000853000015,105,1395,43.290547783470856,0.0
1786718777.213234,60.96000113799994,105,1395,43.290547783470856,0.0
1786718777.2370791,60.980000958999995,105,1395,43.284178576589426,0.0
1786718777.2538407,61.00000098499993,105,1395,43.284178576589426,0.0
1786718777.2759204,61.02000110300003,105,1395,43.27507627947483,0.0
1786718777.2958207,61.04000092499996,105,1395,43.27507627947483,-0.00390625
1786718777.3138828,61.06000106099998,105,1395,43.27507627947483,-0.00390625
1786718777.3375068,61.080000919999975,105,1395,43.26857492380887,-0.001953125
1786718777.3538532,61.10000063099994,105,1395,43.26857492380887,-0.001953125
1786718777.3758984,61.12000091499999,105,1395,43.26408997202472,-0.001953125
1786718777.3958383,61.14000127399993,105,1395,43.26408997202472,0.0
1786718777.4138525,61.16000094799995,105,1395,43.26408997202472,0.0
1786718777.4377358,61.18000095499997,105,1395,43.262093327308946,0.0
1786718777.453951,61.20000112799994,105,1395,43.262093327308946,0.0
1786718777.4759083,61.22000100599996,105,1395,43.2574756350661,0.0
1786718777.4951122,61.24000086399997,105,1395,43.2574756350661,0.0
1786718777.513864,61.26000087099999,105,1395,43.2574756350661,0.0
1786718777.5375044,61.280000840999946,105,1395,43.252857621051874,-0.001953125
1786718777.5538614,61.300001125999984,105,1395,43.252857621051874,-0.001953125
1786718777.5758612,61.320000910999966,105,1395,43.24175862373153,-0.001953125
1786718777.5957973,61.340000992,105,1395,43.24175862373153,0.0
1786718777.6139157,61.36000099900002,105,1395,43.24175862373153,0.0
1786718777.6377697,61.38000102399997,105,1395,43.235277989002014,-0.001953125
1786718777.6538959,61.400001179000014,105,1395,43.235277989002014,-0.001953125
1786718777.6759303,61.420001297,105,1395,43.22617410088367,-0.001953125
1786718777.6960688,61.440002100000015,105,1395,43.22617410088367,0.0
1786718777.7132282,61.460001033000026,105,1395,43.22617410088367,0.0
1786718777.7375956,61.48000105899996,105,1395,43.224291870047665,0.0
1786718777.7538557,61.50000102900003,105,1395,43.224291870047665,0.0
1786718777.7759004,61.520000943000014,105,1395,43.21980602846622,0.0
1786718777.7958086,61.540001061,105,1395,43.21980602846622,0.0
1786718777.813856,61.56000090099997,105,1395,43.21980602846622,0.0
1786718777.8375945,61.580001092999964,105,1395,43.213306008270735,0.001953125
1786718777.8538601,61.600001007999936,105,1395,43.213306008270735,0.001953125
1786718777.8759043,61.62000092200003,105,1395,43.20882016146473,0.001953125
1786718777.8958364,61.64000087299996,105,1395,43.20882016146473,0.0
1786718777.9138336,61.660000750999984,105,1395,43.20882016146473,0.0
1786718777.9375532,61.68000064699993,105,1395,43.20433402007865,-0.001953125
1786718777.9538295,61.70000070899994,105,1395,43.20433402007865,-0.001953125
1786718777.9751728,61.72000071599996,105,1395,43.19334840548652,-0.001953125
1786718777.995106,61.740000907999956,105,1395,43.19334840548652,-0.001953125
1786718778.0138285,61.760000934000004,105,1395,43.19334840548652,-0.001953125
1786718778.0367234,61.78000092299999,105,1395,43.19334840548652,0.0
1786718778.0538886,61.80000096699996,105,1395,43.19334840548652,0.0
1786718778.0757053,61.820001047999995,105,1395,43.19334840548652,0.0
1786718778.0951338,61.840001092999955,105,1395,43.19334840548652,0.0
1786718778.1138523,61.860000989000014,105,1395,43.19334840548652,0.0
1786718778.1370203,61.880000978,105,1395,43.188729389035046,-0.001953125
1786718778.1538773,61.90000102199997,105,1395,43.188729389035046,-0.001953125
1786718778.175678,61.920000974000004,105,1395,43.17774371062339,-0.001953125
1786718778.1951034,61.94000107399995,105,1395,43.17774371062339,0.0
1786718778.2128248,61.96000104400002,105,1395,43.17774371062339,0.0
1786718778.2368824,61.980001163,105,1395,43.17774371062339,0.0
1786718778.2538486,62.00000081799999,105,1395,43.17774371062339,0.0
1786718778.2758403,62.02000091799994,105,1395,43.17774371062339,0.0
1786718778.2951727,62.04000083300002,105,1395,43.17774371062339,0.0
1786718778.313895,62.06000122900002,105,1395,43.17774371062339,0.0
1786718778.3369203,62.08000103300003,105,1395,43.1712444459952,0.0
1786718778.3538845,62.10000116999993,105,1395,43.1712444459952,0.0
1786718778.375691,62.120001029000036,105,1395,43.1712444459952,0.0
1786718778.3951366,62.14000096199993,105,1395,43.1712444459952,0.001953125
1786718778.4138489,62.160000654999976,105,1395,43.1712444459952,0.001953125
1786718778.437143,62.180001087999926,105,1395,43.17323772151323,0.001953125
1786718778.453985,62.20000178099997,105,1395,43.17323772151323,0.001953125
1786718778.4757059,62.22000110299996,105,1395,43.171358410550624,0.001953125
1786718778.495305,62.24000114699993,105,1395,43.171358410550624,0.001953125
1786718778.5138767,62.26000089499996,105,1395,43.171358410550624,0.001953125
1786718778.537038,62.28000082899996,105,1395,43.166872544148816,0.0
1786718778.5538962,62.30000092900002,105,1395,43.166872544148816,0.0
1786718778.574922,62.320000917000016,105,1395,43.166987414009725,0.0
1786718778.5950656,62.34000081399995,105,1395,43.166987414009725,-0.001953125
1786718778.613349,62.36000145100002,105,1395,43.166987414009725,-0.001953125
1786718778.6363726,62.380001031999996,105,1395,43.166987414009725,-0.001953125
1786718778.6533318,62.40000114999998,105,1395,43.166987414009725,-0.001953125
1786718778.6748445,62.420000786999935,105,1395,43.16037353301448,-0.001953125
1786718778.694888,62.44000086899996,105,1395,43.16037353301448,0.0
1786718778.7135518,62.46000091299993,105,1395,43.16037353301448,0.0
1786718778.7360406,62.480000754,105,1395,43.155887662039106,0.0
1786718778.7532408,62.50000096500003,105,1395,43.155887662039106,0.0
1786718778.7748854,62.52000108300001,105,1395,43.155887662039106,0.0
1786718778.794977,62.540000979999945,105,1395,43.155887662039106,-0.001953125
1786718778.8132615,62.56000093199998,105,1395,43.155887662039106,-0.001953125
1786718778.8360388,62.58000071699996,105,1395,43.14927438757826,0.0
1786718778.8532329,62.60000085399997,105,1395,43.14927438757826,0.0
1786718778.8748264,62.62000115699993,105,1395,43.14465376405707,0.0
1786718778.8947935,62.640000739000016,105,1395,43.14465376405707,0.0
1786718778.913251,62.66000083899996,105,1395,43.14465376405707,0.0
1786718778.936029,62.680000939000024,105,1395,43.14016759895728,0.0
1786718778.9532487,62.700001112999985,105,1395,43.14016759895728,0.0
1786718778.9747977,62.72000123099997,105,1395,43.14016759895728,0.0
1786718778.9948602,62.740000960999964,105,1395,43.14016759895728,0.001953125
1786718779.0132174,62.760000931000036,105,1395,43.14016759895728,0.001953125
1786718779.0359604,62.780000808999944,105,1395,43.138175554644704,0.001953125
1786718779.0531435,62.80000131700001,105,1395,43.138175554644704,0.001953125
1786718779.0746808,62.82000076899999,105,1395,43.13355491319891,0.001953125
1786718779.0946372,62.84000070299999,105,1395,43.13355491319891,0.0
1786718779.1130736,62.86000087699995,105,1395,43.13355491319891,0.0
1786718779.1357918,62.880000940999935,105,1395,43.135566953469265,0.001953125
1786718779.152964,62.900001040999996,105,1395,43.135566953469265,0.001953125
1786718779.1745548,62.92000093799993,105,1395,43.135566953469265,0.001953125
1786718779.1945353,62.94000092700003,105,1395,43.135566953469265,0.00390625
1786718779.2127974,62.96000074999995,105,1395,43.135566953469265,0.00390625
1786718779.2356458,62.98000099800004,105,1395,43.14005370243956,0.0
1786718779.2528145,63.000000616999955,105,1395,43.14005370243956,0.0
1786718779.2744715,63.020001272999934,105,1395,43.135566953469265,0.0
1786718779.294545,63.04000122499997,105,1395,43.135566953469265,0.001953125
1786718779.3128486,63.060000954999964,105,1395,43.135566953469265,0.001953125
1786718779.3355293,63.080000907,105,1395,43.1356811397591,0.0
1786718779.3528514,63.10000069299997,105,1395,43.1356811397591,0.0
1786718779.3742454,63.12000107099993,105,1395,43.131060194903654,0.0
1786718779.3942175,63.14000080099993,105,1395,43.131060194903654,0.001953125
1786718779.412814,63.160000790000026,105,1395,43.131060194903654,0.001953125
1786718779.4353642,63.18000083499999,105,1395,43.12906845400073,-0.001953125
1786718779.4528096,63.200000897999985,105,1395,43.12906845400073,-0.001953125
1786718779.4741094,63.22000075799997,105,1395,43.131060194903654,-0.001953125
1786718779.4941783,63.24000083999999,105,1395,43.131060194903654,0.0
1786718779.512851,63.260000884999954,105,1395,43.131060194903654,0.0
1786718779.535818,63.280001021999965,105,1395,43.12906845400073,0.0
1786718779.5528648,63.300000993000026,105,1395,43.12906845400073,0.0
1786718779.574588,63.32000077800001,105,1395,43.12444749132018,0.0
1786718779.594482,63.340000748999955,105,1395,43.12444749132018,-0.001953125
1786718779.6129575,63.36000134899996,105,1395,43.12444749132018,-0.001953125
1786718779.6359513,63.38000174599995,105,1395,43.12444749132018,0.001953125
1786718779.6528895,63.400001216999954,105,1395,43.12444749132018,0.001953125
1786718779.674588,63.420001039,105,1395,43.12906845400073,0.001953125
1786718779.6945283,63.44000104700001,105,1395,43.12906845400073,0.0
1786718779.7128074,63.46000105500002,105,1395,43.12906845400073,0.0
1786718779.7356322,63.48000085900003,105,1395,43.11996073804977,0.001953125
1786718779.7528098,63.50000084800001,105,1395,43.11996073804977,0.001953125
1786718779.77454,63.52000096699999,105,1395,43.12444749132018,0.001953125
1786718779.794386,63.540000864000035,105,1395,43.12444749132018,0.0
1786718779.812797,63.56000105700002,105,1395,43.12444749132018,0.0
1786718779.8355422,63.580000842000004,105,1395,43.12444749132018,-0.001953125
1786718779.8527923,63.60000066500004,105,1395,43.12444749132018,-0.001953125
1786718779.8754883,63.62000117299999,105,1395,43.122456375108015,0.0
1786718779.8927963,63.64000108799996,105,1395,43.122456375108015,0.0
1786718779.9128451,63.66000115099996,105,1395,43.122456375108015,0.0
1786718779.9354453,63.680001362999974,105,1395,43.122456375108015,0.0
1786718779.9527998,63.70000107399994,105,1395,43.122456375108015,0.0
1786718779.9753344,63.72000108199995,105,1395,43.122456375108015,0.0
1786718779.9928,63.740000923000025,105,1395,43.122456375108015,0.0
1786718780.0128117,63.76000165300002,105,1395,43.122456375108015,0.0
1786718780.0352693,63.78000093899993,105,1395,43.122456375108015,0.0
1786718780.0530288,63.80000155799996,105,1395,43.122456375108015,0.0
1786718780.0761569,63.820001456,105,1395,43.122456375108015,0.0
1786718780.0928252,63.84000088999994,105,1395,43.122456375108015,0.0
1786718780.1128013,63.86000067600003,105,1395,43.122456375108015,0.0
1786718780.1359532,63.88000096199994,105,1395,43.124334233130725,0.0
1786718780.1528137,63.90000108100003,105,1395,43.124334233130725,0.0
1786718780.1752322,63.9200012,105,1395,43.128954892355296,0.0
1786718780.1927986,63.94000107900001,105,1395,43.128954892355296,0.0
1786718780.212821,63.96000104999996,105,1395,43.128954892355296,0.0
1786718780.235893,63.98000076200003,105,1395,43.128954892355296,0.0
1786718780.252802,64.00000082600002,105,1395,43.128954892355296,0.0
1786718780.2752733,64.02000129700002,105,1395,43.128954892355296,0.0
1786718780.2928002,64.04000117499993,105,1395,43.128954892355296,0.0
1786718780.312799,64.06000103500003,105,1395,43.128954892355296,0.0
1786718780.3365684,64.080001025,105,1395,43.128954892355296,0.0
1786718780.3528454,64.10000103300001,105,1395,43.128954892355296,0.0
1786718780.376559,64.12000107799997,105,1395,43.128954892355296,0.0
1786718780.3928008,64.14000106799995,105,1395,43.128954892355296,0.0
1786718780.4127936,64.16000091000001,105,1395,43.128954892355296,0.0
1786718780.4379506,64.18000093599994,105,1395,43.12696379384903,0.0
1786718780.4528418,64.20000107399994,105,1395,43.12696379384903,0.0
1786718780.4764924,64.22000067499994,105,1395,43.12696379384903,0.0
1786718780.4927905,64.24000092400001,105,1395,43.12696379384903,0.0
1786718780.512797,64.26000065400001,105,1395,43.12696379384903,0.0
1786718780.5374722,64.28000129199995,105,1395,43.12696379384903,0.0
1786718780.5528724,64.30000096699996,105,1395,43.12696379384903,0.0
1786718780.5765967,64.32000121600004,105,1395,43.12696379384903,0.0
1786718780.5928116,64.340000928,105,1395,43.12696379384903,0.0
1786718780.6129115,64.36000110199996,105,1395,43.12696379384903,0.0
1786718780.6381211,64.38000144399996,105,1395,43.124334233130725,0.0
1786718780.652842,64.40000119299998,105,1395,43.124334233130725,0.0
1786718780.6772912,64.42000110899994,105,1395,43.124334233130725,0.0
1786718780.6928103,64.44000089400004,105,1395,43.124334233130725,0.0
1786718780.7128031,64.46000073599998,105,1395,43.124334233130725,0.0
1786718780.7380145,64.48000083700003,105,1395,43.124334233130725,0.0
1786718780.7528071,64.50000078899996,105,1395,43.124334233130725,0.0
1786718780.7765467,64.52000072399994,105,1395,43.128954892355296,0.001953125
1786718780.7928004,64.54000104700003,105,1395,43.128954892355296,0.001953125
1786718780.814039,64.56000079499995,105,1395,43.128954892355296,0.001953125
1786718780.8345895,64.58000097000001,105,1395,43.12906845400073,0.0
1786718780.852795,64.60000118200003,105,1395,43.12906845400073,0.0
1786718780.8786283,64.62000094999996,105,1395,43.13355491319891,-0.001953125
1786718780.8927894,64.64000069899998,105,1395,43.13355491319891,-0.001953125
1786718780.914038,64.66000074399994,105,1395,43.14005370243956,-0.001953125
1786718780.936009,64.68000099300002,105,1395,43.14005370243956,-0.001953125
1786718780.952803,64.70000075999997,105,1395,43.14005370243956,-0.001953125
1786718780.9785724,64.72000073100003,105,1395,43.14005370243956,0.001953125
1786718780.9927924,64.74000103599997,105,1395,43.14005370243956,0.001953125
1786718781.0140183,64.76000096999996,105,1395,43.14005370243956,0.001953125
1786718781.0352757,64.78000092299999,105,1395,43.14005370243956,0.0
1786718781.0528305,64.80000117199995,105,1395,43.14005370243956,0.0
1786718781.0786455,64.82000068100001,105,1395,43.146666370273294,0.0
1786718781.0927994,64.840000949,105,1395,43.146666370273294,0.0
1786718781.114031,64.86000079099995,105,1395,43.15378047632737,0.0
1786718781.1360524,64.88000083600002,105,1395,43.15378047632737,0.0
1786718781.1528015,64.900001438,105,1395,43.15378047632737,0.0
1786718781.1793716,64.92000105700004,105,1395,43.15577312724051,0.001953125
1786718781.192797,64.94000078800002,105,1395,43.15577312724051,0.001953125
1786718781.2140522,64.96000087100003,105,1395,43.15577312724051,0.001953125
1786718781.2366927,64.980000916,105,1395,43.15577312724051,0.0
1786718781.253477,65.00000064699998,105,1395,43.15577312724051,0.0
1786718781.2786896,65.02000082300003,105,1395,43.15577312724051,-0.001953125
1786718781.2934346,65.04000096100003,105,1395,43.15577312724051,-0.001953125
1786718781.3154097,65.06000063599993,105,1395,43.15577312724051,-0.001953125
1786718781.336737,65.080001015,105,1395,43.15577312724051,-0.001953125
1786718781.3541625,65.100001024,105,1395,43.15577312724051,-0.001953125
1786718781.3794463,65.120000903,105,1395,43.15577312724051,0.0
1786718781.394044,65.14000072599993,105,1395,43.15577312724051,0.0
1786718781.4153135,65.16000066000004,105,1395,43.16039310801338,0.0
1786718781.4373517,65.18000078,105,1395,43.16039310801338,-0.001953125
1786718781.4540143,65.20000095499995,105,1395,43.16039310801338,-0.001953125
1786718781.479284,65.22000087100002,105,1395,43.1559066532065,0.001953125
1786718781.4934645,65.24000084299996,105,1395,43.1559066532065,0.001953125
1786718781.5153549,65.260001074,105,1395,43.15789992872453,0.001953125
1786718781.5371509,65.28000111899996,105,1395,43.15789992872453,0.0
1786718781.5539017,65.300000684,105,1395,43.15789992872453,0.0
1786718781.5791514,65.32000087699998,105,1395,43.1512866724336,0.001953125
1786718781.5938478,65.34000066399994,105,1395,43.1512866724336,0.001953125
1786718781.6161895,65.36000139499993,105,1395,43.15577312724051,0.001953125
1786718781.63723,65.38000182899998,105,1395,43.15577312724051,0.0
1786718781.6538973,65.40000093000003,105,1395,43.15577312724051,0.0
1786718781.679206,65.42000106900002,105,1395,43.1512866724336,-0.001953125
1786718781.6938634,65.44000079900002,105,1395,43.1512866724336,-0.001953125
1786718781.7153738,65.46000080800002,105,1395,43.1512866724336,-0.001953125
1786718781.7371354,65.48000096499993,105,1395,43.1512866724336,0.0
1786718781.7539513,65.50000173299998,105,1395,43.1512866724336,0.0
1786718781.778962,65.52000131499994,105,1395,43.151401496939314,0.0
1786718781.793831,65.54000084199993,105,1395,43.151401496939314,0.0
1786718781.8167174,65.56000094399997,105,1395,43.151401496939314,0.0
1786718781.8371315,65.58000111900003,105,1395,43.151401496939314,-0.001953125
1786718781.8538296,65.60000096099998,105,1395,43.151401496939314,-0.001953125
1786718781.8791842,65.620000914,105,1395,43.14490303779212,0.0
1786718781.8939312,65.64000101499994,105,1395,43.14490303779212,0.0
1786718781.917496,65.66000093100001,105,1395,43.14689602823614,0.0
1786718781.9371204,65.68000114300003,105,1395,43.14689602823614,0.001953125
1786718781.95384,65.70000098499997,105,1395,43.14689602823614,0.001953125
1786718781.9791956,65.72000077199993,105,1395,43.14689602823614,0.0
1786718781.993844,65.74000109500003,105,1395,43.14689602823614,0.0
1786718782.0172358,65.76000123300003,105,1395,43.14501846857294,0.0
1786718782.0372076,65.78000083500001,105,1395,43.14501846857294,0.0
1786718782.053906,65.80000078800003,105,1395,43.14501846857294,0.0
1786718782.0791776,65.82000072300002,105,1395,43.14701178052371,0.0
1786718782.0938215,65.84000086200001,105,1395,43.14701178052371,0.0
1786718782.1165206,65.86000094500002,105,1395,43.140532588840784,0.0
1786718782.1371317,65.88000106499999,105,1395,43.140532588840784,0.0
1786718782.1538525,65.90000098199994,105,1395,43.140532588840784,0.0
1786718782.1791897,65.92000084200004,105,1395,43.140532588840784,0.0
1786718782.1938272,65.940000833,105,1395,43.140532588840784,0.0
1786718782.2174199,65.96000100899994,105,1395,43.140532588840784,0.0
1786718782.237097,65.98000083199997,105,1395,43.140532588840784,0.0
1786718782.2538273,66.00000069299995,105,1395,43.140532588840784,0.0
1786718782.2780929,66.02000096199993,105,1395,43.140532588840784,0.0
1786718782.293834,66.04000063699993,105,1395,43.140532588840784,0.0
1786718782.3171442,66.06000064599993,105,1395,43.140532588840784,0.0
1786718782.3371427,66.08000082199999,105,1395,43.140532588840784,0.0
1786718782.3538709,66.10000092300004,105,1395,43.140532588840784,0.0
1786718782.3791683,66.12000095099995,105,1395,43.140532588840784,0.0
1786718782.3938396,66.14000084899999,105,1395,43.140532588840784,0.0
1786718782.4171216,66.16000080200001,105,1395,43.15151693700375,0.0
1786718782.43708,66.18000097799995,105,1395,43.15151693700375,0.0
1786718782.4538398,66.20000082000001,105,1395,43.15151693700375,0.0
1786718782.478445,66.22000070000001,105,1395,43.15151693700375,0.0
1786718782.4938493,66.24000081999998,105,1395,43.15151693700375,0.0
1786718782.517128,66.26000099499993,105,1395,43.15151693700375,0.0
1786718782.5371473,66.28000093000003,105,1395,43.15151693700375,0.0
1786718782.5538795,66.30000084699998,105,1395,43.15151693700375,0.0
1786718782.5784755,66.32000096699994,105,1395,43.15151693700375,0.0
1786718782.593822,66.340000809,105,1395,43.15151693700375,0.0
1786718782.6166034,66.36000109600002,105,1395,43.15801537793459,0.0
1786718782.637253,66.38000108699998,105,1395,43.15801537793459,0.0
1786718782.65386,66.40000092899993,105,1395,43.15801537793459,0.0
1786718782.6785023,66.42000099300003,105,1395,43.15602178092965,0.0
1786718782.6938715,66.440000854,105,1395,43.15602178092965,0.0
1786718782.7171898,66.46000088200003,105,1395,43.15602178092965,0.0
1786718782.7372355,66.48000115000002,105,1395,43.15602178092965,0.0
1786718782.7538676,66.50000106699997,105,1395,43.15602178092965,0.0
1786718782.7780776,66.52000103800003,105,1395,43.15789992872453,0.0
1786718782.7937808,66.540001029,105,1395,43.15789992872453,0.0
1786718782.817143,66.56000094499996,105,1395,43.16251989122796,0.0
1786718782.8371286,66.58000067699993,105,1395,43.16251989122796,0.0
1786718782.8538413,66.60000066700002,105,1395,43.16251989122796,0.0
1786718782.8784702,66.62000067600002,105,1395,43.1559066532065,0.0
1786718782.893846,66.64000075900003,105,1395,43.1559066532065,0.0
1786718782.917193,66.66000097200003,105,1395,43.1559066532065,0.0
1786718782.9371436,66.68000083300001,105,1395,43.1559066532065,0.0
1786718782.9538443,66.70000097100001,105,1395,43.1559066532065,0.0
1786718782.978467,66.72000072100002,105,1395,43.15141990423618,0.0
1786718782.9938254,66.74000069299996,105,1395,43.15141990423618,0.0
1786718783.017204,66.76000101700004,105,1395,43.15141990423618,0.0
1786718783.037112,66.78000091499996,105,1395,43.15141990423618,0.0
1786718783.0532374,66.80000072099995,105,1395,43.15141990423618,0.0
1786718783.0782647,66.82000078600004,105,1395,43.14954204621347,0.0
1786718783.0938354,66.84000107299994,105,1395,43.14954204621347,0.0
1786718783.1166108,66.86000100900003,105,1395,43.14954204621347,0.0
1786718783.1364908,66.88000087,105,1395,43.14954204621347,0.0
1786718783.15383,66.90000073099998,105,1395,43.14954204621347,0.0
1786718783.1782272,66.92000107399997,105,1395,43.14954204621347,0.0
1786718783.1938381,66.94000073099994,105,1395,43.14954204621347,0.0
1786718783.2165034,66.96000081499994,105,1395,43.14954204621347,0.0
1786718783.2364812,66.980000787,105,1395,43.14954204621347,0.0
1786718783.2538373,67.00000079699998,105,1395,43.14954204621347,0.0
1786718783.2783568,67.02000113899999,105,1395,43.14954204621347,0.0
1786718783.2938416,67.04000081499998,105,1395,43.14954204621347,0.0
1786718783.316508,67.06000106599993,105,1395,43.14492206544057,0.0
1786718783.3364394,67.08000072300001,105,1395,43.14492206544057,0.0
1786718783.3538504,67.10000076999995,105,1395,43.14492206544057,0.0
1786718783.3781445,67.12000076000004,105,1395,43.14492206544057,0.0
1786718783.3938222,67.14000069600002,105,1395,43.14492206544057,0.0
1786718783.416517,67.16000076099999,105,1395,43.14492206544057,0.0
1786718783.4364839,67.180000844,105,1395,43.14492206544057,0.0
1786718783.4538217,67.20000122399995,105,1395,43.14492206544057,0.0
1786718783.478509,67.22016774999997,105,1395,43.140435312170155,0.0
1786718783.4939737,67.24000135400001,105,1395,43.140435312170155,0.0
1786718783.5165355,67.260000956,105,1395,43.140435312170155,0.0
1786718783.5365312,67.28000146499994,105,1395,43.140435312170155,0.0
1786718783.55315,67.30000062299996,105,1395,43.140435312170155,0.0
1786718783.5781837,67.32000124299998,105,1395,43.140435312170155,0.0
1786718783.593831,67.34000095700003,105,1395,43.140435312170155,0.0
1786718783.6166224,67.36000133599998,105,1395,43.13581501000985,0.0
1786718783.636666,67.38000123500001,105,1395,43.13581501000985,0.0
1786718783.6538682,67.40000066999994,105,1395,43.13581501000985,0.0
1786718783.6774592,67.42000080899993,105,1395,43.13581501000985,0.0
1786718783.6939588,67.44000150399995,105,1395,43.13581501000985,0.0
1786718783.7159407,67.46000136499993,105,1395,43.13581501000985,0.0
1786718783.7358992,67.480001689,105,1395,43.13581501000985,0.0
1786718783.753849,67.50000097600002,105,1395,43.13581501000985,0.0
1786718783.7773447,67.52000087499994,105,1395,43.13581501000985,0.0
1786718783.7938538,67.54000106900003,105,1395,43.13581501000985,0.0
1786718783.8158689,67.56000076399994,105,1395,43.13581501000985,0.0
1786718783.8357716,67.58000097699994,105,1395,43.13581501000985,0.0
1786718783.853853,67.60000087499998,105,1395,43.13581501000985,0.0
1786718783.8771536,67.62000105100003,105,1395,43.13581501000985,0.0
1786718783.893826,67.64000109799997,105,1395,43.13581501000985,0.0
1786718783.9159453,67.66000105199998,105,1395,43.140435312170155,0.0
1786718783.9358938,67.68000102400003,105,1395,43.140435312170155,-0.001953125
1786718783.9538314,67.70000071899995,105,1395,43.140435312170155,-0.001953125
1786718783.9775841,67.72000093199995,105,1395,43.13581501000985,0.0
1786718783.9938347,67.74000071900002,105,1395,43.13581501000985,0.0
1786718784.01585,67.76000093200003,105,1395,43.142428284470725,0.0
1786718784.0358381,67.78000075700004,105,1395,43.142428284470725,0.0
1786718784.0528264,67.80000080399998,105,1395,43.142428284470725,0.0
1786718784.0776217,67.82000090600002,105,1395,43.14691503774117,0.0
1786718784.0939288,67.84000104500001,105,1395,43.14691503774117,0.0
1786718784.115915,67.86000112900001,105,1395,43.14691503774117,0.0
1786718784.1358516,67.88000104699995,105,1395,43.14691503774117,0.0
1786718784.1538439,67.90000100099996,105,1395,43.14691503774117,0.0
1786718784.1776342,67.92000132499993,105,1395,43.14030176328026,0.0
1786718784.193852,67.94000124299998,105,1395,43.14030176328026,0.0
1786718784.2158906,67.960000993,105,1395,43.14030176328026,0.0
1786718784.23585,67.98000111399995,105,1395,43.14030176328026,0.001953125
1786718784.2538486,68.000001161,105,1395,43.14030176328026,0.001953125
1786718784.277551,68.02000096699999,105,1395,43.14030176328026,0.0
1786718784.2938294,68.04000119900002,105,1395,43.14030176328026,0.0
1786718784.3158922,68.06000135700003,105,1395,43.1356811397591,0.0
1786718784.3351572,68.08000119999997,105,1395,43.1356811397591,0.0
1786718784.3539011,68.10000084,105,1395,43.1356811397591,0.0
1786718784.3775547,68.120001183,105,1395,43.1356811397591,0.0
1786718784.3938024,68.14000100700002,105,1395,43.1356811397591,0.0
1786718784.4158626,68.16000090599994,105,1395,43.13368909544653,0.0
1786718784.4358208,68.18000097100003,105,1395,43.13368909544653,0.0
1786718784.4538314,68.20000094399995,105,1395,43.13368909544653,0.0
1786718784.477531,68.220000991,105,1395,43.13368909544653,0.001953125
1786718784.4938433,68.24000116799994,105,1395,43.13368909544653,0.001953125
1786718784.5159254,68.26000117699994,105,1395,43.12906845400073,0.001953125
1786718784.5358713,68.28000118700004,105,1395,43.12906845400073,0.001953125
1786718784.553443,68.30000091900001,105,1395,43.12906845400073,0.001953125
1786718784.5775657,68.32000128100003,105,1395,43.13355491319891,0.0
1786718784.593851,68.34000103099993,105,1395,43.13355491319891,0.0
1786718784.6153076,68.36000117100002,105,1395,43.12906845400073,0.0
1786718784.6352441,68.38000105100002,105,1395,43.12906845400073,0.0
1786718784.6539373,68.40000156099995,105,1395,43.12906845400073,0.0
1786718784.6768012,68.42000084799997,105,1395,43.12444749132018,0.0
1786718784.6938233,68.44000080299998,105,1395,43.12444749132018,0.0
1786718784.7151845,68.460001294,105,1395,43.122456375108015,0.0
1786718784.7351716,68.48000089599998,105,1395,43.122456375108015,-0.001953125
1786718784.7538376,68.50000097999998,105,1395,43.122456375108015,-0.001953125
1786718784.7769287,68.52000074900002,105,1395,43.122456375108015,0.001953125
1786718784.7938406,68.54000092599995,105,1395,43.122456375108015,0.001953125
1786718784.815706,68.56000102799999,105,1395,43.122456375108015,0.001953125
1786718784.8344455,68.58000081599994,105,1395,43.122456375108015,0.0
1786718784.85385,68.60000097399995,105,1395,43.122456375108015,0.0
1786718784.8768854,68.62000103899993,105,1395,43.124334233130725,0.0
1786718784.893855,68.64000090100001,105,1395,43.124334233130725,0.0
1786718784.9156554,68.660000707,105,1395,43.124334233130725,0.0
1786718784.9351575,68.68000084599998,105,1395,43.124334233130725,0.0
1786718784.9538682,68.70000091199995,105,1395,43.124334233130725,0.0
1786718784.9768703,68.72000127299998,105,1395,43.124334233130725,-0.001953125
1786718784.9938626,68.740000968,105,1395,43.124334233130725,-0.001953125
1786718785.0151713,68.76000070099997,105,1395,43.12882098210105,-0.001953125
1786718785.0351129,68.78000083999996,105,1395,43.12882098210105,0.001953125
1786718785.0539865,68.80000096200001,105,1395,43.12882098210105,0.001953125
1786718785.076923,68.82000104600002,105,1395,43.1242000017412,-0.001953125
1786718785.0938783,68.840001186,105,1395,43.1242000017412,-0.001953125
1786718785.1157494,68.86000076999994,105,1395,43.122321853946346,-0.001953125
1786718785.1351688,68.88000120599997,105,1395,43.122321853946346,0.0
1786718785.1538744,68.90000105000001,105,1395,43.122321853946346,0.0
1786718785.176914,68.92000100400003,105,1395,43.11783539474817,0.0
1786718785.193852,68.94000097799994,105,1395,43.11783539474817,0.0
1786718785.2156806,68.96000111699993,105,1395,43.11321409327971,0.0
1786718785.2351196,68.98000112800003,105,1395,43.11321409327971,0.0
1786718785.2538166,69.00000093400001,105,1395,43.11321409327971,0.0
1786718785.276971,69.020001278,105,1395,43.11321409327971,0.0
1786718785.2938654,69.04000100999997,105,1395,43.11321409327971,0.0
1786718785.3152704,69.060000909,105,1395,43.11321409327971,0.0
1786718785.3348706,69.08000114200001,105,1395,43.11321409327971,0.0
1786718785.3532853,69.100001281,105,1395,43.11321409327971,0.0
1786718785.376054,69.12000088399998,105,1395,43.11321409327971,0.0
1786718785.3932412,69.14000094999994,105,1395,43.11321409327971,0.0
1786718785.4147975,69.16000110799996,105,1395,43.11321409327971,0.0
1786718785.434815,69.18000069300001,105,1395,43.11321409327971,0.001953125
1786718785.453248,69.200000907,105,1395,43.11321409327971,0.001953125
1786718785.4760075,69.22000086100002,105,1395,43.11971325277088,0.0
1786718785.493262,69.24000114900002,105,1395,43.11971325277088,0.0
1786718785.5149024,69.26000114099998,105,1395,43.11772276119615,0.0
1786718785.5348196,69.28000087299995,105,1395,43.11772276119615,0.001953125
1786718785.5532658,69.30000110599997,105,1395,43.11772276119615,0.001953125
1786718785.576052,69.32000093099998,105,1395,43.11957870027274,0.0
1786718785.5932615,69.34000092299993,105,1395,43.11957870027274,0.0
1786718785.6150534,69.36000145100002,105,1395,43.1242000017412,0.0
1786718785.6348789,69.38000122099993,105,1395,43.1242000017412,-0.001953125
1786718785.653331,69.40000124899996,105,1395,43.1242000017412,-0.001953125
1786718785.67603,69.42000127799997,105,1395,43.1242000017412,0.0
1786718785.6932898,69.44000102899997,105,1395,43.1242000017412,0.0
1786718785.714762,69.46000076199994,105,1395,43.1242000017412,0.0
1786718785.7347662,69.48000125299995,105,1395,43.1242000017412,0.0
1786718785.7531288,69.50000081899998,105,1395,43.1242000017412,0.0
1786718785.7758734,69.52000107000003,105,1395,43.12882098210105,-0.001953125
1786718785.7930708,69.54000067300001,105,1395,43.12882098210105,-0.001953125
1786718785.8146272,69.56000096100001,105,1395,43.1242000017412,-0.001953125
1786718785.8345058,69.58000082299998,105,1395,43.1242000017412,0.0
1786718785.8529866,69.60000068499994,105,1395,43.1242000017412,0.0
1786718785.8757324,69.62000125099996,105,1395,43.1242000017412,-0.001953125
1786718785.892928,69.64000103900003,105,1395,43.1242000017412,-0.001953125
1786718785.9144776,69.66000141899997,105,1395,43.12868645654808,-0.001953125
1786718785.9344356,69.68000103999998,105,1395,43.12868645654808,0.0
1786718785.952835,69.70000103199993,105,1395,43.12868645654808,0.0
1786718785.9755774,69.72000072799995,105,1395,43.12857469666483,0.001953125
1786718785.9928114,69.74000086699994,105,1395,43.12857469666483,0.001953125
1786718786.0143366,69.76000102599994,105,1395,43.12857469666483,0.001953125
1786718786.0342925,69.78000088800002,105,1395,43.12857469666483,0.0
1786718786.0528345,69.80000082499998,105,1395,43.12857469666483,0.0
1786718786.075487,69.82000141000003,105,1395,43.12857469666483,0.0
1786718786.0928292,69.84000073499999,105,1395,43.12857469666483,0.0
1786718786.1142833,69.86000104200002,105,1395,43.128708628982395,0.0
1786718786.134133,69.88000129299996,105,1395,43.128708628982395,0.0
1786718786.1528199,69.90000078499997,105,1395,43.128708628982395,0.0
1786718786.1752756,69.92000085099994,105,1395,43.13332898477765,-0.001953125
1786718786.1928034,69.94000095499996,105,1395,43.13332898477765,-0.001953125
1786718786.2140567,69.96000089099994,105,1395,43.128708628982395,-0.001953125
1786718786.234014,69.98000101299999,105,1395,43.128708628982395,-0.001953125
1786718786.2528083,70.00000081999997,90,1410,43.128708628982395,-0.001953125
1786718786.2757428,70.020000923,90,1410,43.128708628982395,0.001953125
1786718786.2928069,70.04000102600003,90,1410,43.128708628982395,0.001953125
1786718786.314473,70.06000094399997,90,1410,43.12236383562083,0.001953125
1786718786.334532,70.08000100999993,90,1410,43.12236383562083,-0.00390625
1786718786.3528502,70.100000873,90,1410,43.12236383562083,-0.00390625
1786718786.3756068,70.12000108699999,90,1410,43.11338828717621,-0.0078125
1786718786.3928144,70.140000913,90,1410,43.11338828717621,-0.0078125
1786718786.4156976,70.16000083099993,90,1410,43.0911724132647,-0.009765625
1786718786.4328115,70.18000089700001,90,1410,43.0911724132647,-0.009765625
1786718786.4527931,70.200000907,90,1410,43.0911724132647,-0.009765625
1786718786.4756446,70.22000093600002,90,1410,43.059867467714696,-0.01171875
1786718786.4928055,70.24000107699999,90,1410,43.059867467714696,-0.01171875
1786718786.5155795,70.26000097600001,90,1410,43.01583320036926,-0.01953125
1786718786.532829,70.28000083899997,90,1410,43.01583320036926,-0.01953125
1786718786.5528104,70.30000090499993,90,1410,43.01583320036926,-0.01953125
1786718786.5755012,70.32000102699999,90,1410,42.967047336428664,-0.01953125
1786718786.5928016,70.34000083299998,90,1410,42.967047336428664,-0.01953125
1786718786.6155312,70.36000117699996,90,1410,42.90465591820828,-0.025390625
1786718786.6329365,70.38000137300003,90,1410,42.90465591820828,-0.025390625
1786718786.6529171,70.40000099500003,90,1410,42.90465591820828,-0.025390625
1786718786.6753972,70.42000095000003,90,1410,42.82282406933999,-0.03515625
1786718786.692814,70.44000066399997,90,1410,42.82282406933999,-0.03515625
1786718786.7152977,70.46000084100001,90,1410,42.72722921645607,-0.037109375
1786718786.7328439,70.48000107400003,90,1410,42.72722921645607,-0.037109375
1786718786.752984,70.500001344,90,1410,42.72722921645607,-0.037109375
1786718786.7760086,70.52000109599999,90,1410,42.60784619087886,-0.05078125
1786718786.792833,70.54000067999993,90,1410,42.60784619087886,-0.05078125
1786718786.8152678,70.560000876,90,1410,42.46811609222277,-0.056640625
1786718786.8328104,70.58000094199997,90,1410,42.46811609222277,-0.056640625
1786718786.8528032,70.600000916,90,1410,42.46811609222277,-0.056640625
1786718786.8759084,70.62000109299993,90,1410,42.29265599887643,-0.068359375
1786718786.8929358,70.64000130700003,90,1410,42.29265599887643,-0.068359375
1786718786.9158943,70.66000105900002,90,1410,42.088683120526014,-0.083984375
1786718786.932862,70.68000117999998,90,1410,42.088683120526014,-0.083984375
1786718786.9528117,70.70000078399994,90,1410,42.088683120526014,-0.083984375
1786718786.9758582,70.72000094199996,90,1410,41.84238677887575,-0.095703125
1786718786.992804,70.74000084199997,90,1410,41.84238677887575,-0.095703125
1786718787.0158336,70.760001353,90,1410,41.55853833618676,-0.10546875
1786718787.0327947,70.78000093799994,90,1410,41.55853833618676,-0.10546875
1786718787.0529394,70.80000165199999,90,1410,41.55853833618676,-0.10546875
1786718787.076677,70.82000110799993,90,1410,41.24347016105446,-0.123046875
1786718787.0928392,70.84000091500002,90,1410,41.24347016105446,-0.123046875
1786718787.1152558,70.86000101900004,90,1410,40.881540021763186,-0.130859375
1786718787.1328468,70.88000115900002,90,1410,40.881540021763186,-0.130859375
1786718787.1528049,70.90000079999993,90,1410,40.881540021763186,-0.130859375
1786718787.175919,70.92000105199998,90,1410,40.49113965973663,-0.14453125
1786718787.1927993,70.94000106299995,90,1410,40.49113965973663,-0.14453125
1786718787.2165174,70.960000907,90,1410,40.07592588917868,-0.154296875
1786718787.2327971,70.98000075100003,90,1410,40.07592588917868,-0.154296875
1786718787.2527933,71.00000113299996,90,1410,40.07592588917868,-0.154296875
1786718787.2765837,71.02000105100001,90,1410,39.62949901934758,-0.1640625
1786718787.2928047,71.04000117299995,90,1410,39.62949901934758,-0.1640625
1786718787.316605,71.06000077700003,90,1410,39.15365455806938,-0.173828125
1786718787.3328466,71.08000099100002,90,1410,39.15365455806938,-0.173828125
1786718787.3528469,71.10000076200004,90,1410,39.15365455806938,-0.173828125
1786718787.376557,71.12000099499994,90,1410,38.64927249626402,-0.185546875
1786718787.392803,71.14000087599993,90,1410,38.64927249626402,-0.185546875
1786718787.416532,71.160000943,90,1410,38.132747917162106,-0.19140625
1786718787.4327934,71.18000086099994,90,1410,38.132747917162106,-0.19140625
1786718787.452795,71.20000092800001,90,1410,38.132747917162106,-0.19140625
1786718787.4772902,71.22000090200004,90,1410,37.58786570268333,-0.19921875
1786718787.4928133,71.24000106099993,90,1410,37.58786570268333,-0.19921875
1786718787.5172527,71.26000088699993,90,1410,37.01807148664565,-0.203125
1786718787.5328398,71.28000095300001,90,1410,37.01807148664565,-0.203125
1786718787.5528166,71.30000088999998,90,1410,37.01807148664565,-0.203125
1786718787.5787122,71.32000088300003,90,1410,36.44061186257221,-0.2109375
1786718787.592797,71.34000082,90,1410,36.44061186257221,-0.2109375
1786718787.6166544,71.36000120099993,90,1410,35.83658829372021,-0.216796875
1786718787.632968,71.38000148999993,90,1410,35.83658829372021,-0.216796875
1786718787.6541955,71.400001223,90,1410,35.213985850524296,-0.216796875
1786718787.6753185,71.42000119700003,90,1410,35.213985850524296,-0.21875
1786718787.6928046,71.440001134,90,1410,35.213985850524296,-0.21875
1786718787.718632,71.46000105199994,90,1410,34.580274557448774,-0.224609375
1786718787.7328496,71.48000160000004,90,1410,34.580274557448774,-0.224609375
1786718787.7540975,71.50000074100001,90,1410,33.92793308363369,-0.224609375
1786718787.7752714,71.52000130700003,90,1410,33.92793308363369,-0.232421875
1786718787.7928033,71.54000083699998,90,1410,33.92793308363369,-0.232421875
1786718787.818638,71.56000092199997,90,1410,33.2662063946637,-0.234375
1786718787.8327923,71.58000115499999,90,1410,33.2662063946637,-0.234375
1786718787.8540418,71.60000103699997,90,1410,32.59176465331464,-0.234375
1786718787.8760107,71.62000110299994,90,1410,32.59176465331464,-0.240234375
1786718787.8928084,71.64000085499993,90,1410,32.59176465331464,-0.240234375
1786718787.9194045,71.66000108799994,90,1410,31.91111674060332,-0.240234375
1786718787.933455,71.68000091399995,90,1410,31.91111674060332,-0.240234375
1786718787.954748,71.70000096199999,90,1410,31.227361793493145,-0.240234375
1786718787.9760175,71.72000102899995,90,1410,31.227361793493145,-0.2421875
1786718787.9927998,71.740000743,90,1410,31.227361793493145,-0.2421875
1786718788.0187263,71.76000080999995,90,1410,31.07891429329291,-0.244140625
1786718788.0334845,71.78000093200001,90,1410,31.07891429329291,-0.244140625
1786718788.054037,71.80000114699999,90,1410,30.68151060011155,-0.244140625
1786718788.0767386,71.82000130699998,90,1410,30.68151060011155,-0.2421875
1786718788.0934238,71.84000089200003,90,1410,30.68151060011155,-0.2421875
1786718788.1186283,71.86000082999999,90,1410,30.112025705889806,-0.248046875
1786718788.1341696,71.88000089699995,90,1410,30.112025705889806,-0.248046875
1786718788.1553733,71.90000096400001,90,1410,29.457582798105648,-0.248046875
1786718788.1773894,71.92000090099998,90,1410,29.457582798105648,-0.2421875
1786718788.194076,71.94000098599997,90,1410,29.457582798105648,-0.2421875
1786718788.219404,71.96000096099999,90,1410,28.771890820442792,-0.244140625
1786718788.2340207,71.98000100900003,90,1410,28.771890820442792,-0.244140625
1786718788.25535,72.00000100199998,90,1410,28.073407594983053,-0.244140625
1786718788.277272,72.02000103199998,90,1410,28.073407594983053,-0.2421875
1786718788.293987,72.04000087700001,90,1410,28.073407594983053,-0.2421875
1786718788.319273,72.06000070300001,90,1410,27.37134421079449,-0.240234375
1786718788.3342695,72.08000186200002,90,1410,27.37134421079449,-0.240234375
1786718788.3553967,72.10000109600003,90,1410,26.658409246569562,-0.240234375
1786718788.3771133,72.12000097800001,90,1410,26.658409246569562,-0.236328125
1786718788.3938603,72.140001063,90,1410,26.658409246569562,-0.236328125
1786718788.4191782,72.16000118599993,90,1410,25.949293252839993,-0.232421875
1786718788.433849,72.18000102999997,90,1410,25.949293252839993,-0.232421875
1786718788.455398,72.20000093099998,90,1410,25.24508521496361,-0.232421875
1786718788.4770956,72.22000112699993,90,1410,25.24508521496361,-0.224609375
1786718788.4938514,72.24000102799994,90,1410,25.24508521496361,-0.224609375
1786718788.5193055,72.260001687,90,1410,24.551649150847027,-0.224609375
1786718788.5339136,72.28000086500003,90,1410,24.551649150847027,-0.224609375
1786718788.555414,72.30000102500003,90,1410,23.870024130205707,-0.224609375
1786718788.5771942,72.32000111000002,90,1410,23.870024130205707,-0.21875
1786718788.593903,72.34000106600001,90,1410,23.870024130205707,-0.21875
1786718788.6192217,72.36000122600001,90,1410,23.204021416221963,-0.212890625
1786718788.6339133,72.38000179200003,90,1410,23.204021416221963,-0.212890625
1786718788.6574929,72.40000117399995,90,1410,22.554636915147967,-0.212890625
1786718788.6771438,72.42000111200002,90,1410,22.554636915147967,-0.205078125
1786718788.6938384,72.44000115999995,90,1410,22.554636915147967,-0.205078125
1786718788.719197,72.46000130100003,90,1410,21.925837450218438,-0.19921875
1786718788.7338834,72.48000108999997,90,1410,21.925837450218438,-0.19921875
1786718788.757249,72.50000076799995,90,1410,21.318347435761012,-0.19921875
1786718788.7770898,72.52000094599998,90,1410,21.318347435761012,-0.193359375
1786718788.7938397,72.54000086500002,90,1410,21.318347435761012,-0.193359375
1786718788.8191614,72.56000117299993,90,1410,20.731220369125168,-0.185546875
1786718788.8338473,72.58000133199994,90,1410,20.731220369125168,-0.185546875
1786718788.8572152,72.60000101000003,90,1410,20.16072840224342,-0.185546875
1786718788.877088,72.62000105899995,90,1410,20.16072840224342,-0.17578125
1786718788.8932476,72.64000108899995,90,1410,20.16072840224342,-0.17578125
1786718788.919175,72.66000089599993,90,1410,19.621345461843987,-0.169921875
1786718788.933831,72.68000066699994,90,1410,19.621345461843987,-0.169921875
1786718788.9565556,72.70000112299999,90,1410,19.102287513702066,-0.169921875
1786718788.9770942,72.72000072699996,90,1410,19.102287513702066,-0.162109375
1786718788.9938207,72.74000073799994,90,1410,19.102287513702066,-0.162109375
1786718789.019197,72.76000115700003,90,1410,18.608347146164732,-0.15234375
1786718789.0338306,72.78000120599995,90,1410,18.608347146164732,-0.15234375
1786718789.0571926,72.80000088399993,90,1410,18.134815357712625,-0.15234375
1786718789.077142,72.82000089600001,90,1410,18.134815357712625,-0.14453125
1786718789.0938292,72.84000100000003,90,1410,18.134815357712625,-0.14453125
1786718789.1186087,72.86000119699997,90,1410,17.696312900765264,-0.130859375
1786718789.133885,72.88000130199998,90,1410,17.696312900765264,-0.130859375
1786718789.1571517,72.90000123899995,90,1410,17.28476109130972,-0.130859375
1786718789.1764889,72.92000164000001,90,1410,17.28476109130972,-0.123046875
1786718789.1938396,72.94000109599995,90,1410,17.28476109130972,-0.123046875
1786718789.2184446,72.96000088599999,90,1410,16.908264296423795,-0.109375
1786718789.233844,72.98000069399995,90,1410,16.908264296423795,-0.109375
1786718789.2571373,73.00000103899993,90,1410,16.556875229808213,-0.109375
1786718789.2771335,73.02000127299993,90,1410,16.556875229808213,-0.1015625
1786718789.293844,73.04000098899996,90,1410,16.556875229808213,-0.1015625
1786718789.3184695,73.06000094499996,90,1410,16.24040914537821,-0.087890625
1786718789.3338695,73.08000134500003,90,1410,16.24040914537821,-0.087890625
1786718789.357195,73.10000106099994,90,1410,15.954177520797913,-0.087890625
1786718789.377142,73.12000107300003,90,1410,15.954177520797913,-0.076171875
1786718789.3931105,73.14000082500002,90,1410,15.954177520797913,-0.076171875
1786718789.4184773,73.16000105900002,90,1410,15.703655691765363,-0.0703125
1786718789.4338262,73.18000092299997,90,1410,15.703655691765363,-0.0703125
1786718789.4571772,73.20000104600001,90,1410,15.478287909947085,-0.0703125
1786718789.4770868,73.22000089099993,90,1410,15.478287909947085,-0.060546875
1786718789.4938645,73.24000086499996,90,1410,15.478287909947085,-0.060546875
1786718789.5185113,73.26000093300001,90,1410,15.287947565070539,-0.046875
1786718789.5338824,73.28000099999997,90,1410,15.287947565070539,-0.046875
1786718789.5572228,73.30000088199995,90,1410,15.132693747377914,-0.046875
1786718789.5771425,73.32000093099998,90,1410,15.132693747377914,-0.037109375
1786718789.5938356,73.34000098000001,90,1410,15.132693747377914,-0.037109375
1786718789.618558,73.36000141800002,90,1410,15.01236917328356,-0.02734375
1786718789.6339045,73.38000157800002,90,1410,15.01236917328356,-0.02734375
1786718789.6572554,73.40000134900004,90,1410,14.912337670039761,-0.02734375
1786718789.6764126,73.42000084200004,90,1410,14.912337670039761,-0.013671875
1786718789.6939902,73.44000170499999,90,1410,14.912337670039761,-0.013671875
1786718789.7184963,73.46000149500003,90,1410,14.856957051930777,-0.001953125
1786718789.7338986,73.48000119200003,90,1410,14.856957051930777,-0.001953125
1786718789.757184,73.500001,90,1410,14.827515910766834,-0.001953125
1786718789.7771146,73.52000091899993,90,1410,14.827515910766834,0.00390625
1786718789.7938516,73.54000113500001,90,1410,14.827515910766834,0.00390625
1786718789.818207,73.56000083200001,90,1410,14.821809291791226,0.009765625
1786718789.8338237,73.58000097299998,90,1410,14.821809291791226,0.009765625
1786718789.856509,73.60000105899996,90,1410,14.826616211983207,0.009765625
1786718789.8765101,73.620001108,90,1410,14.826616211983207,0.01171875
1786718789.8928223,73.64000091599996,90,1410,14.826616211983207,0.01171875
1786718789.9182103,73.66000118700003,90,1410,14.836444689461644,0.013671875
1786718789.9338837,73.68000123599995,90,1410,14.836444689461644,0.013671875
1786718789.9565673,73.70000117300003,90,1410,14.851765477947595,0.013671875
1786718789.9764931,73.72000074100004,90,1410,14.851765477947595,0.009765625
1786718789.9938312,73.740001141,90,1410,14.851765477947595,0.009765625
1786718790.018246,73.76000094899996,90,1410,14.862331794712134,0.009765625
1786718790.0338385,73.78000088800002,90,1410,14.862331794712134,0.009765625
1786718790.056512,73.80000102899999,90,1410,14.856622763748817,0.009765625
1786718790.0765061,73.82000120800001,90,1410,14.856622763748817,0.005859375
1786718790.093891,73.84000114599996,90,1410,14.856622763748817,0.005859375
1786718790.1181612,73.86000101000002,90,1410,14.836165870207964,0.0
1786718790.1338937,73.880001171,90,1410,14.836165870207964,0.0
1786718790.1565127,73.90000081200003,90,1410,14.8166114645542,0.0
1786718790.1757407,73.92000087999998,90,1410,14.8166114645542,0.001953125
1786718790.193842,73.94000109599995,90,1410,14.8166114645542,0.001953125
1786718790.2181425,73.96000079299995,90,1410,14.781570253221929,-0.00390625
1786718790.2338235,73.98000087899993,90,1410,14.781570253221929,-0.00390625
1786718790.2565193,74.00000096600002,90,1410,14.751500773965233,-0.00390625
1786718790.2765145,74.02000086700002,90,1410,14.751500773965233,-0.001953125
1786718790.2938507,74.04000091599994,90,1410,14.751500773965233,-0.001953125
1786718790.3181503,74.06000129799997,90,1410,14.721431446502436,0.0
1786718790.3338776,74.08000103300003,90,1410,14.721431446502436,0.0
1786718790.35657,74.10000106300004,90,1410,14.696900202882375,0.0
1786718790.3765564,74.12000127900001,90,1410,14.696900202882375,0.001953125
1786718790.3934329,74.14000080999995,90,1410,14.696900202882375,0.001953125
1786718790.4173698,74.16000111799997,90,1410,14.676560157475791,0.001953125
1786718790.4338388,74.18000107499995,90,1410,14.676560157475791,0.001953125
1786718790.4558692,74.20000162400004,90,1410,14.666049567823592,0.001953125
1786718790.475809,74.22000104400001,90,1410,14.666049567823592,0.0
1786718790.4938323,74.24000137099995,90,1410,14.666049567823592,0.0
1786718790.517335,74.26000099399994,90,1410,14.65627007143516,0.001953125
1786718790.533895,74.28000108000003,90,1410,14.65627007143516,0.001953125
1786718790.5560064,74.30000122199999,90,1410,14.64168391469022,0.001953125
1786718790.5758717,74.32000101200003,90,1410,14.64168391469022,-0.001953125
1786718790.5938506,74.34000104300003,90,1410,14.64168391469022,-0.001953125
1786718790.6171832,74.36000070299997,90,1410,14.626200775736635,0.0
1786718790.633921,74.38000145599995,90,1410,14.626200775736635,0.0
1786718790.6559799,74.40000117199997,90,1410,14.611446627132466,0.0
1786718790.6757426,74.42000112799997,90,1410,14.611446627132466,-0.00390625
1786718790.6938546,74.44000078900001,90,1410,14.611446627132466,-0.00390625
1786718790.7175221,74.46000104199993,90,1410,14.600937751964096,-0.001953125
1786718790.7338817,74.48000081299995,90,1410,14.600937751964096,-0.001953125
1786718790.7558575,74.50000138099995,90,1410,14.595963466766449,-0.001953125
1786718790.7758162,74.52000113399993,90,1410,14.595963466766449,0.0
1786718790.7938263,74.54000090499994,90,1410,14.595963466766449,0.0
1786718790.8175242,74.56000136199998,90,1410,14.586182942829709,0.00390625
1786718790.8338351,74.58000137399995,90,1410,14.586182942829709,0.00390625
1786718790.855854,74.600000701,90,1410,14.581256634739702,0.00390625
1786718790.8758295,74.620000861,90,1410,14.581256634739702,0.0
1786718790.8939862,74.64000115099998,90,1410,14.581256634739702,0.0
1786718790.9175131,74.66000084799998,90,1410,14.57070003286077,0.0
1786718790.9339755,74.68000152699994,90,1410,14.57070003286077,0.0
1786718790.9552965,74.70000141000003,90,1410,14.565894078767428,0.0
1786718790.9758344,74.72000103300002,90,1410,14.565894078767428,0.0
1786718790.9938426,74.74000158199999,90,1410,14.565894078767428,0.0
1786718791.0175486,74.76000111299993,90,1410,14.56108800271403,-0.001953125
1786718791.0338185,74.78000095899995,90,1410,14.56108800271403,-0.001953125
1786718791.0558922,74.80000132299995,90,1410,14.55611317836798,-0.001953125
1786718791.0758777,74.82000090999998,90,1410,14.55611317836798,-0.001953125
1786718791.093854,74.84000116300001,90,1410,14.55611317836798,-0.001953125
1786718791.1175373,74.86000078699999,90,1410,14.5519130350811,0.001953125
1786718791.1339538,74.88000107699997,90,1410,14.5519130350811,0.001953125
1786718791.1559987,74.90000110799997,90,1410,14.54135692795515,0.001953125
1786718791.1751125,74.92000117600003,90,1410,14.54135692795515,0.001953125
1786718791.193827,74.94000068899993,90,1410,14.54135692795515,0.001953125
1786718791.2175298,74.96000092299994,90,1410,14.546380701398732,0.0
1786718791.2338402,74.98000104699997,90,1410,14.546380701398732,0.0
1786718791.2558613,75.00000107799997,90,1410,14.546380701398732,0.0
1786718791.2758336,75.02000081300002,90,1410,14.546380701398732,0.001953125
1786718791.2938366,75.04000106599995,90,1410,14.546380701398732,0.001953125
1786718791.3175063,75.06000109699994,90,1410,14.536599260503351,0.001953125
1786718791.3339,75.080001036,90,1410,14.536599260503351,0.001953125
1786718791.3553069,75.10000086299999,90,1410,14.536599260503351,0.001953125
1786718791.3751526,75.12000120899995,90,1410,14.536599260503351,0.001953125
1786718791.3938456,75.14000092499998,90,1410,14.536599260503351,0.001953125
1786718791.4167726,75.16000095599998,90,1410,14.535873640464843,0.0
1786718791.4338682,75.18000106099998,90,1410,14.535873640464843,0.0
1786718791.455747,75.20000079599993,90,1410,14.53106798681253,0.0
1786718791.4751024,75.22000091999996,90,1410,14.53106798681253,0.0
1786718791.493849,75.24000119100003,90,1410,14.53106798681253,0.0
1786718791.5168936,75.26000098199995,90,1410,14.526092337240044,0.0
1786718791.5338871,75.28000116099997,90,1410,14.526092337240044,0.0
1786718791.5557005,75.30000122900003,90,1410,14.521286561940457,0.0
1786718791.5751748,75.32000075999997,90,1410,14.521286561940457,0.0
1786718791.5938818,75.34000086499998,90,1410,14.521286561940457,0.0
1786718791.6169262,75.36000119300002,90,1410,14.516310777928652,0.0
1786718791.6339445,75.38000163100003,90,1410,14.516310777928652,0.0
1786718791.6557395,75.40000142099996,90,1410,14.511504881044829,0.0
1786718791.6741123,75.42000106399996,90,1410,14.511504881044829,0.0
1786718791.6938572,75.44000089099995,90,1410,14.511504881044829,0.0
1786718791.716889,75.460000885,90,1410,14.50652896266331,0.0
1786718791.7339036,75.48000073100002,90,1410,14.50652896266331,0.0
1786718791.7557485,75.50000118799994,90,1410,14.501722944258233,0.0
1786718791.7751493,75.52000107100002,90,1410,14.501722944258233,0.0
1786718791.793868,75.54000113899997,90,1410,14.501722944258233,0.0
1786718791.816704,75.56000111399999,90,1410,14.501722944258233,0.0
1786718791.8338747,75.58000109,90,1410,14.501722944258233,0.0
1786718791.8556755,75.60000110199996,90,1410,14.501722944258233,0.0
1786718791.8751118,75.62000085599993,90,1410,14.501722944258233,0.0
1786718791.893926,75.640001127,90,1410,14.501722944258233,0.0
1786718791.9169714,75.66000080699996,90,1410,14.496022968859165,0.0
1786718791.9338887,75.68000107800003,90,1410,14.496022968859165,0.0
1786718791.9552097,75.70000068299998,90,1410,14.496022968859165,0.0
1786718791.974931,75.72000093700001,90,1410,14.496022968859165,0.0
1786718791.9938817,75.74000070900001,90,1410,14.496022968859165,0.0
1786718792.0160997,75.76000077699996,90,1410,14.491217222974427,0.0
1786718792.0338492,75.78000110400001,90,1410,14.491217222974427,0.0
1786718792.0549119,75.80000126599998,90,1410,14.491217222974427,0.0
1786718792.0748467,75.82000109299997,90,1410,14.491217222974427,0.0
1786718792.0932603,75.840001014,90,1410,14.491217222974427,0.0
1786718792.1160045,75.86000115599995,90,1410,14.491217222974427,0.0
1786718792.1332955,75.88000085399995,90,1410,14.491217222974427,0.0
1786718792.154821,75.90000068199993,90,1410,14.486241036062381,0.0
1786718792.1740248,75.92000065799994,90,1410,14.486241036062381,0.0
1786718792.1932523,75.94000068899993,90,1410,14.486241036062381,0.0
1786718792.2159963,75.960001035,90,1410,14.486241036062381,0.0
1786718792.233251,75.98000121500002,90,1410,14.486241036062381,0.0
1786718792.2547987,76.00000119100002,90,1410,14.486241036062381,0.0
1786718792.2747815,76.02000085199995,90,1410,14.486241036062381,0.0
1786718792.2932534,76.04000105,90,1410,14.486241036062381,0.0
1786718792.3160038,76.06000111899993,90,1410,14.486241036062381,0.0
1786718792.3332734,76.08000114999993,90,1410,14.486241036062381,0.0
1786718792.3548217,76.10000099599995,90,1410,14.481435168812766,0.0
1786718792.3748002,76.12000123099995,90,1410,14.481435168812766,0.0
1786718792.393226,76.14000120699995,90,1410,14.481435168812766,0.0
1786718792.4160051,76.16000105299997,90,1410,14.481435168812766,0.0
1786718792.4331484,76.18000113999994,90,1410,14.481435168812766,0.0
1786718792.4547827,76.20000091299994,90,1410,14.476458847739934,0.0
1786718792.4746685,76.22000105500001,90,1410,14.476458847739934,0.0
1786718792.4930577,76.24000078999995,90,1410,14.476458847739934,0.0
1786718792.5158377,76.26000096999996,90,1410,14.481435168812766,0.0
1786718792.5330281,76.28000114899999,90,1410,14.481435168812766,0.0
1786718792.5545623,76.30000103299994,90,1410,14.476507832422271,0.0
1786718792.5745444,76.32000117500002,90,1410,14.476507832422271,-0.001953125
1786718792.5929182,76.34000087300001,90,1410,14.476507832422271,-0.001953125
1786718792.6157885,76.36000073799994,90,1410,14.475735834311706,0.001953125
1786718792.632947,76.38000123300003,90,1410,14.475735834311706,0.001953125
1786718792.6544557,76.40000093100002,90,1410,14.481484575333553,0.001953125
1786718792.6745842,76.420001018,90,1410,14.481484575333553,-0.001953125
1786718792.6928146,76.44000075299994,90,1410,14.481484575333553,-0.001953125
1786718792.715515,76.46000095099998,90,1410,14.476507832422271,0.0
1786718792.732821,76.48000074200002,90,1410,14.476507832422271,0.0
1786718792.754305,76.50000093999995,90,1410,14.481484575333553,0.0
1786718792.7742426,76.52000097099994,90,1410,14.481484575333553,-0.00390625
1786718792.7928388,76.54000076199998,90,1410,14.481484575333553,-0.00390625
1786718792.8153985,76.56000108900002,90,1410,14.476458847739934,0.0
1786718792.8328104,76.58000115799996,90,1410,14.476458847739934,0.0
1786718792.8541374,76.60000146699997,90,1410,14.476507832422271,0.0
1786718792.8740737,76.62000081299993,90,1410,14.476507832422271,0.0
1786718792.8928125,76.64000101099998,90,1410,14.476507832422271,0.0
1786718792.9152386,76.66000087600003,90,1410,14.481484575333553,0.0
1786718792.9328265,76.68000103700001,90,1410,14.481484575333553,0.0
1786718792.9546928,76.70000082799993,90,1410,14.481313305726047,0.0
1786718792.9744906,76.72000078500002,90,1410,14.481313305726047,0.0
1786718792.9928074,76.74000070599993,90,1410,14.481313305726047,0.0
1786718793.0156617,76.76000103399997,90,1410,14.481313305726047,0.0
1786718793.032803,76.78000086199995,90,1410,14.481313305726047,0.0
1786718793.0544496,76.80000104199996,90,1410,14.481313305726047,0.0
1786718793.0745702,76.82000114699997,90,1410,14.481313305726047,0.0
1786718793.0928266,76.84000125299997,90,1410,14.481313305726047,0.0
1786718793.1157334,76.86000096999999,90,1410,14.476507832422271,0.0
1786718793.13283,76.88000131699994,90,1410,14.476507832422271,0.0
1786718793.1545227,76.90000121899993,90,1410,14.476507832422271,0.0
1786718793.1744938,76.92000108399998,90,1410,14.476507832422271,0.0
1786718793.192846,76.94000094900002,90,1410,14.476507832422271,0.0
1786718793.215616,76.96000101799996,90,1410,14.481484575333553,-0.001953125
1786718793.232797,76.98000064299993,90,1410,14.481484575333553,-0.001953125
1786718793.2543924,77.00000117399998,90,1410,14.481534237321398,-0.001953125
1786718793.2742815,77.02000092799994,90,1410,14.481534237321398,0.0
1786718793.2928216,77.04000097899996,90,1410,14.481534237321398,0.0
1786718793.3154657,77.06000093599994,90,1410,14.481534237321398,0.0
1786718793.3328023,77.08000113499997,90,1410,14.481534237321398,0.0
1786718793.3542104,77.10000129599996,90,1410,14.481584154780705,0.0
1786718793.3741298,77.12000119899994,90,1410,14.481584154780705,0.0
1786718793.3928053,77.14000078599997,90,1410,14.481584154780705,0.0
1786718793.4153006,77.16000092900003,90,1410,14.476606567983453,-0.001953125
1786718793.4327993,77.18000084999994,90,1410,14.476606567983453,-0.001953125
1786718793.4541726,77.20000075199994,90,1410,14.476656318871107,-0.001953125
1786718793.4739747,77.22000098699993,90,1410,14.476656318871107,0.001953125
1786718793.492799,77.24000072299998,90,1410,14.476656318871107,0.001953125
1786718793.5152209,77.26000069899999,90,1410,14.476606567983453,0.0
1786718793.5328076,77.28000089700004,90,1410,14.476606567983453,0.0
1786718793.557048,77.30000122599995,90,1410,14.476656318871107,-0.001953125
1786718793.5729723,77.32000140599996,90,1410,14.476656318871107,-0.001953125
1786718793.5928886,77.34000077099995,90,1410,14.476656318871107,-0.001953125
1786718793.6160452,77.36000065400003,90,1410,14.476656318871107,0.0
1786718793.6329772,77.38000155600002,90,1410,14.476656318871107,0.0
1786718793.6560295,77.400001051,90,1410,14.476656318871107,0.001953125
1786718793.67284,77.42000098999995,90,1410,14.476656318871107,0.001953125
1786718793.6928942,77.44000116999996,90,1410,14.476656318871107,0.001953125
1786718793.7165895,77.46000114699996,90,1410,14.476656318871107,0.0
1786718793.7328057,77.48000108600002,90,1410,14.476656318871107,0.0
1786718793.756573,77.50000128399995,90,1410,14.476606567983453,0.0
1786718793.7728171,77.52000090900003,90,1410,14.476606567983453,0.0
1786718793.792868,77.54000086600001,90,1410,14.476606567983453,0.0
1786718793.8165617,77.56000091700002,90,1410,14.476606567983453,0.0
1786718793.832803,77.58000092999998,90,1410,14.476606567983453,0.0
1786718793.856574,77.60000094299994,90,1410,14.476606567983453,0.0
1786718793.8728194,77.62000110500003,90,1410,14.476606567983453,0.0
1786718793.8928158,77.64000089599995,90,1410,14.476606567983453,0.0
1786718793.9166048,77.66000111300002,90,1410,14.476606567983453,0.0
1786718793.9328034,77.68000110799994,90,1410,14.476606567983453,0.0
1786718793.9559417,77.70000130599999,90,1410,14.476606567983453,0.0
1786718793.97281,77.72000089300002,90,1410,14.476606567983453,0.0
1786718793.992808,77.74000103599997,90,1410,14.476606567983453,0.0
1786718794.0173068,77.76000110500001,90,1410,14.47583430158656,0.0
1786718794.0328033,77.780000675,90,1410,14.47583430158656,0.0
1786718794.0572977,77.80000094699994,90,1410,14.471579773522024,0.0
1786718794.0728626,77.82000105399993,90,1410,14.471579773522024,0.0
1786718794.0928228,77.840001067,90,1410,14.471579773522024,0.0
1786718794.1179857,77.86000109999998,90,1410,14.471579773522024,0.0
1786718794.1328049,77.88000079799997,90,1410,14.471579773522024,0.0
1786718794.1587713,77.90000077499997,90,1410,14.466774572859777,0.0
1786718794.1729321,77.92000121499996,90,1410,14.466774572859777,0.0
1786718794.1941075,77.94000089500003,90,1410,14.466774572859777,0.0
1786718794.215368,77.96000114899994,90,1410,14.466774572859777,0.0
1786718794.2328055,77.98000132999994,90,1410,14.466774572859777,0.0
1786718794.2586107,78.00000114,90,1410,14.466774572859777,0.0
1786718794.2727985,78.02000085700001,90,1410,14.466774572859777,0.0
1786718794.2940614,78.04000072199995,90,1410,14.466774572859777,0.0
1786718794.3152812,78.06000069899994,90,1410,14.466774572859777,0.0
1786718794.3327916,78.08000110199998,90,1410,14.466774572859777,0.0
1786718794.3587174,78.10000126299997,90,1410,14.4660028625662,0.0
1786718794.3728194,78.12000123999997,90,1410,14.4660028625662,0.0
1786718794.394045,78.14000118000001,90,1410,14.4660028625662,0.0
1786718794.4152882,78.16000067499999,90,1410,14.4660028625662,0.0
1786718794.4327962,78.18000078099999,90,1410,14.4660028625662,0.0
1786718794.4579566,78.20000114599998,90,1410,14.4660028625662,0.0
1786718794.4728036,78.22000119699999,90,1410,14.4660028625662,0.0
1786718794.4940295,78.24000106300002,90,1410,14.4660028625662,0.0
1786718794.5148094,78.260000762,90,1410,14.4660028625662,0.0
1786718794.5328372,78.28000116399994,90,1410,14.4660028625662,0.0
1786718794.5594625,78.30000108499996,90,1410,14.4660028625662,0.0
1786718794.5735104,78.32000076500003,90,1410,14.4660028625662,0.0
1786718794.5947685,78.340000798,90,1410,14.46672536080979,0.0
1786718794.616736,78.36000105200003,90,1410,14.46672536080979,0.0
1786718794.6335342,78.38000158399996,90,1410,14.46672536080979,0.0
1786718794.6595075,78.40000126500001,90,1410,14.46672536080979,0.0
1786718794.6728086,78.42000105599993,90,1410,14.46672536080979,0.0
1786718794.695054,78.44000110699994,90,1410,14.46672536080979,0.0
1786718794.7174551,78.460000917,90,1410,14.46672536080979,0.0
1786718794.7334611,78.480001227,90,1410,14.46672536080979,0.0
1786718794.7594924,78.50000099900001,90,1410,14.46672536080979,0.0
1786718794.7740612,78.52000129099997,90,1410,14.46672536080979,0.0
1786718794.7953758,78.54000098999995,90,1410,14.46672536080979,0.0
1786718794.8173053,78.56000096599996,90,1410,14.46672536080979,0.0
1786718794.8340282,78.58000090600001,90,1410,14.46672536080979,0.0
1786718794.8593354,78.600000883,90,1410,14.46672536080979,0.0
1786718794.873912,78.62000084099998,90,1410,14.46672536080979,0.0
1786718794.8953009,78.64000107699997,90,1410,14.46672536080979,0.0
1786718794.9171255,78.66000116399994,90,1410,14.46672536080979,0.0
1786718794.9338799,78.68000106700003,90,1410,14.46672536080979,0.0
1786718794.95914,78.700001025,90,1410,14.46672536080979,0.0
1786718794.9738326,78.72000111299997,90,1410,14.46672536080979,0.0
1786718794.9953465,78.74000075599997,90,1410,14.46672536080979,0.0
1786718795.0163977,78.76000110300004,90,1410,14.46672536080979,0.0
1786718795.0338326,78.78000070999997,90,1410,14.46672536080979,0.0
1786718795.0591877,78.800000909,90,1410,14.46672536080979,0.0
1786718795.0738482,78.820001219,90,1410,14.46672536080979,0.0
1786718795.096058,78.840001067,90,1410,14.46672536080979,0.0
1786718795.1171377,78.86000106200004,90,1410,14.46672536080979,0.0
1786718795.1338315,78.880001021,90,1410,14.46672536080979,0.0
1786718795.1591938,78.900000998,90,1410,14.46672536080979,0.0
1786718795.173874,78.92000088199995,90,1410,14.46672536080979,0.0
1786718795.1967351,78.94000084000004,90,1410,14.46595378457235,0.0
1786718795.2170823,78.96000161400002,90,1410,14.46595378457235,0.0
1786718795.2332137,78.98000083099998,90,1410,14.46595378457235,0.0
1786718795.2591727,79.00000121599999,90,1410,14.46595378457235,0.0
1786718795.273819,79.02000108200002,90,1410,14.46595378457235,0.0
1786718795.2974477,79.04000100299993,90,1410,14.466676404024469,0.0
1786718795.317088,79.06000111000003,90,1410,14.466676404024469,0.0
1786718795.333816,79.08000099399999,90,1410,14.466676404024469,0.0
1786718795.3584995,79.10000163799998,90,1410,14.466676404024469,0.0
1786718795.3738291,79.120000893,90,1410,14.466676404024469,0.0
1786718795.3967435,79.14000077699995,90,1410,14.47088099516904,0.0
1786718795.4170997,79.16000123499998,90,1410,14.47088099516904,0.0
1786718795.4338264,79.18000097200002,90,1410,14.47088099516904,0.0
1786718795.4591856,79.200000875,90,1410,14.47088099516904,0.0
1786718795.473838,79.22000088899995,90,1410,14.47088099516904,0.0
1786718795.4971478,79.24000080999997,90,1410,14.471652859188453,0.0
1786718795.5164018,79.260000676,90,1410,14.471652859188453,0.0
1786718795.5338314,79.28000083799998,90,1410,14.471652859188453,0.0
1786718795.559246,79.30000107399997,90,1410,14.466676404024469,0.0
1786718795.573864,79.32000077399994,90,1410,14.466676404024469,0.0
1786718795.5971274,79.340000713,90,1410,14.466676404024469,0.0
1786718795.617115,79.36000078300003,90,1410,14.466676404024469,0.0
1786718795.6339781,79.38000203799993,90,1410,14.466676404024469,0.0
1786718795.6592886,79.400001385,90,1410,14.466676404024469,0.0
1786718795.6738565,79.42000108399998,90,1410,14.466676404024469,0.0
1786718795.697281,79.44000596900003,90,1410,14.466676404024469,0.0
1786718795.7171254,79.46000113100001,90,1410,14.466676404024469,0.0
1786718795.7329001,79.48000084900002,90,1410,14.466676404024469,0.0
1786718795.7592201,79.50000138099995,90,1410,14.461870294234188,0.0
1786718795.773827,79.52000100600003,90,1410,14.461870294234188,0.0
1786718795.7972047,79.54000085400003,90,1410,14.461870294234188,0.0
1786718795.8171322,79.56000086799997,90,1410,14.461870294234188,0.0
1786718795.8338664,79.58000125199999,90,1410,14.461870294234188,0.0
1786718795.8584783,79.60000111800002,90,1410,14.461870294234188,0.0
1786718795.8738332,79.62000146499997,90,1410,14.461870294234188,0.0
1786718795.8972237,79.64000101599993,90,1410,14.461870294234188,0.0
1786718795.9171467,79.66000119699993,90,1410,14.461870294234188,0.0
1786718795.9338346,79.68000104399994,90,1410,14.461870294234188,0.0
1786718795.9585097,79.70000139199999,90,1410,14.461870294234188,0.0
1786718795.9738388,79.72000118400001,90,1410,14.461870294234188,0.0
1786718795.997124,79.74000106799997,90,1410,14.456893705048714,0.0
1786718796.0163803,79.76000080400001,90,1410,14.456893705048714,0.0
1786718796.033838,79.780001245,90,1410,14.456893705048714,0.0
1786718796.058503,79.80000063,90,1410,14.456893705048714,0.0
1786718796.0738828,79.82000086599999,90,1410,14.456893705048714,0.0
1786718796.097221,79.84000119500001,90,1410,14.456893705048714,0.0
1786718796.1171052,79.86000091300002,90,1410,14.456893705048714,0.0
1786718796.1338465,79.88000098299995,90,1410,14.456893705048714,0.0
1786718796.158515,79.90000094200002,90,1410,14.456893705048714,0.0
1786718796.1738539,79.920000975,90,1410,14.456893705048714,0.0
1786718796.1971745,79.94000080399996,90,1410,14.456893705048714,0.0
1786718796.2171147,79.96000078199995,90,1410,14.456893705048714,0.0
1786718796.2328186,79.980000926,90,1410,14.456893705048714,0.0
1786718796.2584817,80.00000097700001,70,1430,14.452087474082703,0.0
1786718796.273824,80.02000069500002,70,1430,14.452087474082703,0.0
1786718796.297227,80.04000098699998,70,1430,14.452087474082703,0.0
1786718796.3171325,80.06000120499993,70,1430,14.452087474082703,0.0
1786718796.3338273,80.08000103500001,70,1430,14.452087474082703,0.0
1786718796.3591251,80.10000106799998,70,1430,14.452087474082703,0.0
1786718796.3738415,80.120001323,70,1430,14.452087474082703,0.0
1786718796.3971386,80.14000068899998,70,1430,14.452087474082703,0.0
1786718796.417095,80.160001222,70,1430,14.452087474082703,0.0
1786718796.4338355,80.18000097699996,70,1430,14.452087474082703,0.0
1786718796.4582853,80.20000110199999,70,1430,14.452087474082703,0.0
1786718796.4738448,80.22000076500001,70,1430,14.452087474082703,0.0
1786718796.4971452,80.24000115000001,70,1430,14.452087474082703,0.0
1786718796.5157464,80.260000849,70,1430,14.452087474082703,0.0
1786718796.5338411,80.28000082699998,70,1430,14.452087474082703,0.0
1786718796.5581856,80.30000085999995,70,1430,14.452087474082703,0.0
1786718796.5738518,80.320001133,70,1430,14.452087474082703,0.0
1786718796.5965571,80.34000123999999,70,1430,14.452087474082703,0.0
1786718796.6164608,80.36000080999997,70,1430,14.452087474082703,0.0
1786718796.6339505,80.380001602,70,1430,14.452087474082703,0.0
1786718796.6582372,80.40000122799995,70,1430,14.452087474082703,0.0
1786718796.673836,80.420000835,70,1430,14.452087474082703,0.0
1786718796.696531,80.44000070100003,70,1430,14.452087474082703,0.0
1786718796.716487,80.46000104899997,70,1430,14.452087474082703,0.0
1786718796.73343,80.48000086000002,70,1430,14.452087474082703,0.0
1786718796.7582211,80.500000763,70,1430,14.446388919536332,0.0
1786718796.7738414,80.52000112899998,70,1430,14.446388919536332,0.0
1786718796.7964993,80.54000123599997,70,1430,14.440812363019376,0.0
1786718796.8164926,80.56000106499994,70,1430,14.440812363019376,0.0
1786718796.833831,80.58000093099997,70,1430,14.440812363019376,0.0
1786718796.8582377,80.60000077899997,70,1430,14.435835927907306,0.0
1786718796.8738132,80.62000083099997,70,1430,14.435835927907306,0.0
1786718796.8966181,80.64000143800001,70,1430,14.435835927907306,0.0
1786718796.9165053,80.66000108200001,70,1430,14.435835927907306,0.0
1786718796.933842,80.68000089199995,70,1430,14.435835927907306,0.0
1786718796.958184,80.700000907,70,1430,14.435835927907306,0.0
1786718796.9738486,80.72000106899998,70,1430,14.435835927907306,0.0
1786718796.996517,80.74000069499994,70,1430,14.43102984887608,0.0
1786718797.015765,80.76000133899993,70,1430,14.43102984887608,0.0
1786718797.0338469,80.78000105699994,70,1430,14.43102984887608,0.0
1786718797.0574763,80.80000162800002,70,1430,14.426053279986178,0.0
1786718797.0738573,80.82000108700004,70,1430,14.426053279986178,0.0
1786718797.0959334,80.84000093500003,70,1430,14.426053279986178,0.0
1786718797.1164865,80.86000096800001,70,1430,14.426053279986178,0.0
1786718797.1338232,80.88000100099998,70,1430,14.426053279986178,0.0
1786718797.157379,80.90000164599996,70,1430,14.426053279986178,0.0
1786718797.1738365,80.920000716,70,1430,14.426053279986178,0.0
1786718797.1957977,80.94000074899998,70,1430,14.426053279986178,0.0
1786718797.2158158,80.96000105999997,70,1430,14.426053279986178,0.0
1786718797.2338305,80.98000081600003,70,1430,14.426053279986178,0.0
1786718797.2572017,81.00000114599993,70,1430,14.426053279986178,0.0
1786718797.2738373,81.02000103099999,70,1430,14.426053279986178,0.0
1786718797.2958708,81.04000121199999,70,1430,14.426053279986178,0.0
1786718797.315834,81.06000091199996,70,1430,14.426053279986178,0.0
1786718797.3338387,81.08000113000003,70,1430,14.426053279986178,0.0
1786718797.3577979,81.10000108999998,70,1430,14.426053279986178,0.0
1786718797.373856,81.12000090100003,70,1430,14.426053279986178,0.0
1786718797.3958683,81.14000111899998,70,1430,14.426053279986178,0.0
1786718797.4158087,81.16000104099999,70,1430,14.426053279986178,0.0
1786718797.4338467,81.18000098200002,70,1430,14.426053279986178,0.0
1786718797.4574907,81.200001015,70,1430,14.426053279986178,0.0
1786718797.4738216,81.22000084499996,70,1430,14.426053279986178,0.0
1786718797.495889,81.24000074799994,70,1430,14.426053279986178,0.0
1786718797.515542,81.26000102199998,70,1430,14.426053279986178,0.0
1786718797.5338187,81.28000090800003,70,1430,14.426053279986178,0.0
1786718797.5575795,81.30000094100001,70,1430,14.426053279986178,0.0
1786718797.5738325,81.32000086300002,70,1430,14.426053279986178,0.0
1786718797.595925,81.34000076699999,70,1430,14.426053279986178,0.0
1786718797.6158206,81.36000091099993,70,1430,14.426053279986178,0.0
1786718797.6339588,81.38000138899997,70,1430,14.426053279986178,0.0
1786718797.6576653,81.40000132900002,70,1430,14.426053279986178,0.0
1786718797.6738434,81.42000093699994,70,1430,14.426053279986178,0.0
1786718797.6959605,81.44000110000002,70,1430,14.426053279986178,0.0
1786718797.715838,81.46000085499998,70,1430,14.426053279986178,0.0
1786718797.733839,81.48000066600002,70,1430,14.426053279986178,0.0
1786718797.757615,81.50000134799996,70,1430,14.426053279986178,0.0
1786718797.7738585,81.52000084400004,70,1430,14.426053279986178,0.0
1786718797.7952232,81.54000098799997,70,1430,14.426053279986178,0.0
1786718797.8158472,81.56000090999999,70,1430,14.426053279986178,0.0
1786718797.833844,81.58000075899997,70,1430,14.426053279986178,0.0
1786718797.8575964,81.60000077300003,70,1430,14.43102984887608,0.0
1786718797.8738573,81.62000110299994,70,1430,14.43102984887608,0.0
1786718797.895897,81.64000100600003,70,1430,14.43102984887608,0.0
1786718797.915876,81.66000092900003,70,1430,14.43102984887608,0.0
1786718797.9338605,81.68000081399998,70,1430,14.43102984887608,0.0
1786718797.9575527,81.70000082900003,70,1430,14.435835927907306,0.0
1786718797.9738326,81.72000087999993,70,1430,14.435835927907306,0.0
1786718797.9959118,81.74000082099997,70,1430,14.43102984887608,0.0
1786718798.0146856,81.76000107699997,70,1430,14.43102984887608,0.0
1786718798.0338295,81.78000085099995,70,1430,14.43102984887608,0.0
1786718798.0567875,81.80000094000002,70,1430,14.435835927907306,0.0
1786718798.0738466,81.820001585,70,1430,14.435835927907306,0.0
1786718798.0952466,81.84000093299994,70,1430,14.435835927907306,0.0
1786718798.1151264,81.86000094799999,70,1430,14.435835927907306,0.0
1786718798.1338437,81.88000064899995,70,1430,14.435835927907306,0.0
1786718798.1567495,81.90000127500002,70,1430,14.435835927907306,0.0
1786718798.1732404,81.92000075299995,70,1430,14.435835927907306,0.0
1786718798.195674,81.94000106399994,70,1430,14.435835927907306,0.0
1786718798.2151518,81.96000078299994,70,1430,14.435835927907306,0.0
1786718798.2338603,81.98000081700002,70,1430,14.435835927907306,0.0
1786718798.2568643,82.00000097999998,70,1430,14.435835927907306,0.0
1786718798.273879,82.020000977,70,1430,14.435835927907306,0.0
1786718798.2945824,82.04000108399998,70,1430,14.435835927907306,0.0
1786718798.3151457,82.06000104399993,70,1430,14.435835927907306,0.0
1786718798.3338683,82.08000089199993,70,1430,14.435835927907306,0.0
1786718798.3569257,82.100000926,70,1430,14.435835927907306,0.0
1786718798.3738856,82.12000105200002,70,1430,14.435835927907306,0.0
1786718798.3956811,82.14000067899997,70,1430,14.440812363019376,0.0
1786718798.4151247,82.160000879,70,1430,14.440812363019376,0.0
1786718798.4338439,82.18000098699997,70,1430,14.440812363019376,0.0
1786718798.456895,82.20000101999995,70,1430,14.440812363019376,0.0
1786718798.473854,82.22000086899993,70,1430,14.440812363019376,0.0
1786718798.4956932,82.24000079099994,70,1430,14.440812363019376,0.0
1786718798.514739,82.26000082500002,70,1430,14.440812363019376,0.0
1786718798.5338902,82.28000102499993,70,1430,14.440812363019376,0.0
1786718798.5569324,82.30000116999997,70,1430,14.435835927907306,0.0
1786718798.5739021,82.32000124000001,70,1430,14.435835927907306,0.0
1786718798.5957558,82.34000134799999,70,1430,14.435835927907306,0.0
1786718798.615235,82.36000099299997,70,1430,14.435835927907306,0.0
1786718798.634,82.38000186,70,1430,14.435835927907306,0.0
1786718798.6569788,82.40000109699997,70,1430,14.435835927907306,0.0
1786718798.6738758,82.42000068599998,70,1430,14.435835927907306,0.0
1786718798.6948977,82.44000070200002,70,1430,14.435835927907306,0.0
1786718798.7149117,82.46000145699998,70,1430,14.435835927907306,0.0
1786718798.7332652,82.48000097199997,70,1430,14.435835927907306,0.0
1786718798.7560794,82.50000106200002,70,1430,14.435835927907306,0.0
1786718798.7732332,82.520001095,70,1430,14.435835927907306,0.0
1786718798.7948928,82.540001018,70,1430,14.435835927907306,0.0
1786718798.8148115,82.56000108900002,70,1430,14.435835927907306,0.0
1786718798.8332443,82.58000089999996,70,1430,14.435835927907306,0.0
1786718798.8560455,82.600001045,70,1430,14.435835927907306,0.0
1786718798.87324,82.62000092999995,70,1430,14.435835927907306,0.0
1786718798.8947904,82.64000092699996,70,1430,14.435835927907306,0.0
1786718798.9147909,82.66000107100001,70,1430,14.435835927907306,0.0
1786718798.9332461,82.68000084599998,70,1430,14.435835927907306,0.0
1786718798.9560292,82.70000084200001,70,1430,14.435835927907306,0.0
1786718798.973247,82.72000107999997,70,1430,14.435835927907306,0.0
1786718798.994793,82.74000102100001,70,1430,14.43102984887608,0.0
1786718799.0148978,82.76000070299995,70,1430,14.43102984887608,0.0
1786718799.0332434,82.78000103299996,70,1430,14.43102984887608,0.0
1786718799.056057,82.80000095599996,70,1430,14.43102984887608,0.0
1786718799.0732503,82.82000087899996,70,1430,14.43102984887608,0.0
1786718799.0948067,82.84000137600003,70,1430,14.43102984887608,0.0
1786718799.114753,82.86000077999995,70,1430,14.43102984887608,0.0
1786718799.1331966,82.88000068400004,70,1430,14.43102984887608,0.0
1786718799.155938,82.90000090399997,70,1430,14.426053279986178,0.0
1786718799.1731415,82.92000119700003,70,1430,14.426053279986178,0.0
1786718799.1946652,82.940000972,70,1430,14.426053279986178,0.0
1786718799.2146022,82.96000091299993,70,1430,14.426053279986178,0.0
1786718799.2331104,82.98000157699994,70,1430,14.426053279986178,0.0
1786718799.2557993,83.00000105499998,70,1430,14.426053279986178,0.0
1786718799.2729547,83.02000082999996,70,1430,14.426053279986178,0.0
1786718799.2945952,83.04000099300004,70,1430,14.421247079998636,0.0
1786718799.3144941,83.06000106399995,70,1430,14.421247079998636,0.0
1786718799.3328545,83.08000083900004,70,1430,14.421247079998636,0.0
1786718799.3556387,83.10000096600004,70,1430,14.416270377400593,0.0
1786718799.3728743,83.120001333,70,1430,14.416270377400593,0.0
1786718799.3944354,83.14000166300002,70,1430,14.416270377400593,0.0
1786718799.4143403,83.16000101199995,70,1430,14.416270377400593,0.0
1786718799.432839,83.18000095299999,70,1430,14.416270377400593,0.0
1786718799.4555087,83.200001284,70,1430,14.421247079998636,0.0
1786718799.472821,83.22000068800003,70,1430,14.421247079998636,0.0
1786718799.4942398,83.24000094400003,70,1430,14.421247079998636,0.0
1786718799.5145469,83.26000086700003,70,1430,14.421247079998636,0.0
1786718799.532863,83.28000095699997,70,1430,14.421247079998636,0.0
1786718799.5554614,83.30000132399994,70,1430,14.416270377400593,0.0
1786718799.5728412,83.32000100599998,70,1430,14.416270377400593,0.0
1786718799.5941262,83.34000126199999,70,1430,14.416270377400593,0.0
1786718799.6140385,83.36000079600001,70,1430,14.416270377400593,0.0
1786718799.6329765,83.380001516,70,1430,14.416270377400593,0.0
1786718799.6558104,83.400001309,70,1430,14.416270377400593,0.0
1786718799.6728482,83.42000087999998,70,1430,14.416270377400593,0.0
1786718799.6945689,83.44000096900004,70,1430,14.416270377400593,0.0
1786718799.7144654,83.46000070699995,70,1430,14.416270377400593,0.0
1786718799.7329845,83.48000161100003,70,1430,14.416270377400593,0.0
1786718799.7556636,83.50000136799997,70,1430,14.416270377400593,0.0
1786718799.7728662,83.52000125400002,70,1430,14.416270377400593,0.0
1786718799.7959807,83.54000143600001,70,1430,14.416270377400593,0.0
1786718799.8130283,83.56000143300002,70,1430,14.416270377400593,0.0
1786718799.8330684,83.58000159599999,70,1430,14.416270377400593,0.0
1786718799.8557725,83.60000118599999,70,1430,14.416270377400593,0.0
1786718799.8729715,83.62000133100003,70,1430,14.416270377400593,0.0
1786718799.8956964,83.64000129099998,70,1430,14.416270377400593,0.0
1786718799.9130127,83.66000156500002,70,1430,14.416270377400593,0.0
1786718799.9329453,83.68000172899997,70,1430,14.416270377400593,0.0
1786718799.9554746,83.700001133,70,1430,14.416270377400593,0.0
1786718799.9728243,83.72000066700002,70,1430,14.416270377400593,0.0
1786718799.995404,83.74000081299994,70,1430,14.416270377400593,0.0
1786718800.0127764,83.76000073599994,70,1430,14.416270377400593,0.0
1786718800.0328162,83.78000078799994,70,1430,14.416270377400593,0.0
1786718800.0554316,83.80000117500003,70,1430,14.421247079998636,0.0
1786718800.072799,83.82000106099997,70,1430,14.421247079998636,0.0
1786718800.0953698,83.84000120600001,70,1430,14.426053279986178,0.0
1786718800.1128092,83.86000116699995,70,1430,14.426053279986178,0.0
1786718800.1328073,83.88000120100003,70,1430,14.426053279986178,0.0
1786718800.1552763,83.90000106899993,70,1430,14.426053279986178,0.0
1786718800.1728034,83.92000093599995,70,1430,14.426053279986178,0.0
1786718800.1951997,83.94000091499993,70,1430,14.426053279986178,0.0
1786718800.2130044,83.96000209700003,70,1430,14.426053279986178,0.0
1786718800.2328417,83.98000152099996,70,1430,14.426053279986178,0.0
1786718800.255924,84.00000116599995,70,1430,14.426053279986178,0.0
1786718800.2728071,84.02000097799998,70,1430,14.426053279986178,0.0
1786718800.295264,84.04000079000002,70,1430,14.43102984887608,0.0
1786718800.3128057,84.06000082499997,70,1430,14.43102984887608,0.0
1786718800.3328097,84.08000097000001,70,1430,14.43102984887608,0.0
1786718800.3553114,84.10000098599994,70,1430,14.43102984887608,0.0
1786718800.372839,84.12000087199999,70,1430,14.43102984887608,0.0
1786718800.395849,84.14000081400002,70,1430,14.435835927907306,0.0
1786718800.4127948,84.16000116299995,70,1430,14.435835927907306,0.0
1786718800.4328415,84.18000092,70,1430,14.435835927907306,0.0
1786718800.4565163,84.200001047,70,1430,14.435835927907306,0.0
1786718800.4727962,84.22000087699996,70,1430,14.435835927907306,0.0
1786718800.4964943,84.24000085599994,70,1430,14.435835927907306,0.0
1786718800.5127938,84.26000103900003,70,1430,14.435835927907306,0.0
1786718800.5327952,84.28000103599993,70,1430,14.435835927907306,0.0
1786718800.5565932,84.30000108900003,70,1430,14.435835927907306,0.0
1786718800.5730703,84.32000151199998,70,1430,14.435835927907306,0.0
1786718800.5966377,84.34000128699995,70,1430,14.435835927907306,0.0
1786718800.6128151,84.36000126599993,70,1430,14.435835927907306,0.0
1786718800.632954,84.38000124500002,70,1430,14.435835927907306,0.0
1786718800.6573808,84.40000094599998,70,1430,14.435835927907306,0.0
1786718800.6728168,84.42000096100003,70,1430,14.435835927907306,0.0
1786718800.697348,84.44000107,70,1430,14.426053279986178,0.0
1786718800.7128174,84.460000993,70,1430,14.426053279986178,0.0
1786718800.7327998,84.48000106400002,70,1430,14.426053279986178,0.0
1786718800.7572837,84.50000130199999,70,1430,14.426053279986178,0.0
1786718800.7728112,84.52000092899993,70,1430,14.426053279986178,0.0
1786718800.7965512,84.54000100099995,70,1430,14.426053279986178,0.0
1786718800.8128102,84.56000094299998,70,1430,14.426053279986178,0.0
1786718800.8328052,84.58000108800002,70,1430,14.426053279986178,0.0
1786718800.8572593,84.600001196,70,1430,14.426053279986178,0.0
1786718800.8727958,84.62000121200003,70,1430,14.426053279986178,0.0
1786718800.897929,84.64000104299998,70,1430,14.426053279986178,0.0
1786718800.9127905,84.66000087399993,70,1430,14.426053279986178,0.0
1786718800.9341094,84.68000098200002,70,1430,14.426053279986178,0.0
1786718800.9553065,84.70000109,70,1430,14.426053279986178,0.0
1786718800.9728131,84.72000080999999,70,1430,14.426053279986178,0.0
1786718800.9986358,84.74000095500003,70,1430,14.426053279986178,0.0
1786718801.012793,84.76000121200002,70,1430,14.426053279986178,0.0
1786718801.034031,84.780000987,70,1430,14.43102984887608,0.0
1786718801.0552788,84.800000985,70,1430,14.43102984887608,0.0
1786718801.0728207,84.82000096399997,70,1430,14.43102984887608,0.0
1786718801.098712,84.84000111,70,1430,14.43102984887608,0.0
1786718801.1128056,84.86000107099994,70,1430,14.43102984887608,0.0
1786718801.134031,84.88000123500001,70,1430,14.43102984887608,0.0
1786718801.1553245,84.90000145499994,70,1430,14.43102984887608,0.0
1786718801.1728039,84.92000106399996,70,1430,14.43102984887608,0.0
1786718801.1980422,84.94000111699995,70,1430,14.43102984887608,0.0
1786718801.2128031,84.96000079999999,70,1430,14.43102984887608,0.0
1786718801.2354279,84.98000094500003,70,1430,14.43102984887608,0.0
1786718801.2560227,85.00000075799994,70,1430,14.43102984887608,0.0
1786718801.272802,85.02000095899996,70,1430,14.43102984887608,0.0
1786718801.298662,85.04000114199994,70,1430,14.43102984887608,0.0
1786718801.3134973,85.06000091800001,70,1430,14.43102984887608,0.0
1786718801.3346968,85.08000113699995,70,1430,14.43102984887608,0.0
1786718801.35677,85.10000107999997,70,1430,14.43102984887608,0.0
1786718801.3734682,85.12000113299996,70,1430,14.43102984887608,0.0
1786718801.3994548,85.14000103800004,70,1430,14.43102984887608,0.0
1786718801.4134395,85.16000101700001,70,1430,14.43102984887608,0.0
1786718801.434674,85.18000084799996,70,1430,14.42682303464207,0.0
1786718801.4573526,85.20000115999994,70,1430,14.42682303464207,0.0
1786718801.474135,85.22000097299997,70,1430,14.42682303464207,0.0
1786718801.4994228,85.24000069299996,70,1430,14.42682303464207,0.0
1786718801.5134747,85.26000083899999,70,1430,14.42682303464207,0.0
1786718801.53532,85.28000076199999,70,1430,14.426102112353362,0.0
1786718801.557263,85.30000111200002,70,1430,14.426102112353362,0.0
1786718801.5733852,85.32000103500002,70,1430,14.426102112353362,0.0
1786718801.5993109,85.34000092199994,70,1430,14.426102112353362,0.0
1786718801.6138506,85.36000110500004,70,1430,14.426102112353362,0.0
1786718801.6354966,85.38000117599995,70,1430,14.426872000751956,0.0
1786718801.657193,85.40000109999994,70,1430,14.426872000751956,0.0
1786718801.6738508,85.42000068999994,70,1430,14.426872000751956,0.0
1786718801.6993368,85.44000176199995,70,1430,14.426872000751956,0.0
1786718801.7138705,85.46000107399993,70,1430,14.426872000751956,0.0
1786718801.7353435,85.48000083099998,70,1430,14.42615119938938,0.0
1786718801.7571485,85.50000136599999,70,1430,14.42615119938938,0.0
1786718801.7739525,85.52000134499997,70,1430,14.42615119938938,0.0
1786718801.7993069,85.54000091699993,70,1430,14.42615119938938,0.0
1786718801.8138697,85.56000126599997,70,1430,14.42615119938938,0.0
1786718801.836048,85.58000076400003,70,1430,14.426872000751956,0.0
1786718801.8563998,85.60000077999996,70,1430,14.426872000751956,0.0
1786718801.8738353,85.620001,70,1430,14.426872000751956,0.0
1786718801.8992743,85.64000138699998,70,1430,14.431677685749122,0.0
1786718801.9138916,85.660000921,70,1430,14.431677685749122,0.0
1786718801.937463,85.68000097499998,70,1430,14.426872000751956,0.0
1786718801.9571846,85.70000106500004,70,1430,14.426872000751956,0.0
1786718801.9738379,85.72000089599999,70,1430,14.426872000751956,0.0
1786718801.999148,85.74000083800001,70,1430,14.431677685749122,0.0
1786718802.013849,85.76000094699998,70,1430,14.431677685749122,0.0
1786718802.0367491,85.78000096300002,70,1430,14.436655098592553,0.0
1786718802.057235,85.80000142400002,70,1430,14.436655098592553,0.0
1786718802.0728278,85.82000099599998,70,1430,14.436655098592553,0.0
1786718802.0992212,85.84000097599994,70,1430,14.436655098592553,0.0
1786718802.1138253,85.86000128900002,70,1430,14.436655098592553,0.0
1786718802.1372228,85.88000134200001,70,1430,14.435884788182335,0.0
1786718802.1571379,85.90000109899995,70,1430,14.435884788182335,0.0
1786718802.1738532,85.92000078299998,70,1430,14.435884788182335,0.0
1786718802.1985717,85.94000090999998,70,1430,14.435884788182335,0.0
1786718802.2138364,85.96000122299995,70,1430,14.435884788182335,0.0
1786718802.2371476,85.98000083199997,70,1430,14.426102112353362,0.0
1786718802.2571025,86.00000107099993,70,1430,14.426102112353362,0.0
1786718802.2738292,86.02000075399997,70,1430,14.426102112353362,0.0
1786718802.299192,86.04000095599997,70,1430,14.426102112353362,0.0
1786718802.3138454,86.06000104600002,70,1430,14.426102112353362,0.0
1786718802.33712,86.08000106299994,70,1430,14.426102112353362,0.0
1786718802.3558168,86.10000081999999,70,1430,14.426102112353362,0.0
1786718802.373848,86.120001022,70,1430,14.426102112353362,0.0
1786718802.3991725,86.14000085299995,70,1430,14.426102112353362,0.0
1786718802.4138625,86.16000123999993,70,1430,14.426102112353362,0.0
1786718802.437134,86.18000077499994,70,1430,14.426102112353362,0.0
1786718802.45712,86.20000090299993,70,1430,14.426102112353362,0.0
1786718802.4738445,86.22000097499995,70,1430,14.426102112353362,0.0
1786718802.498462,86.24000114,70,1430,14.426102112353362,0.0
1786718802.51383,86.260001064,70,1430,14.426102112353362,0.0
1786718802.537134,86.28000108000003,70,1430,14.426102112353362,0.0
1786718802.5571365,86.30000087400003,70,1430,14.426102112353362,0.0
1786718802.5741556,86.320001058,70,1430,14.426102112353362,0.0
1786718802.598538,86.340001056,70,1430,14.426102112353362,0.0
1786718802.61383,86.36000072000002,70,1430,14.426102112353362,0.0
1786718802.6366985,86.38000171800002,70,1430,14.426102112353362,0.0
1786718802.6572337,86.40000088299996,70,1430,14.426102112353362,0.0
1786718802.6738608,86.42000106599994,70,1430,14.426102112353362,0.0
1786718802.69911,86.440001027,70,1430,14.42682303464207,0.0
1786718802.7138484,86.46000076600001,70,1430,14.42682303464207,0.0
1786718802.737221,86.48000087499997,70,1430,14.42682303464207,0.0
1786718802.757201,86.50000104000003,70,1430,14.42682303464207,0.0
1786718802.7738743,86.52000077799994,70,1430,14.42682303464207,0.0
1786718802.7985036,86.54000097999995,70,1430,14.42682303464207,0.0
1786718802.8138516,86.56000084799996,70,1430,14.42682303464207,0.0
1786718802.837145,86.58000117999995,70,1430,14.42682303464207,0.0
1786718802.85571,86.60000086299999,70,1430,14.42682303464207,0.0
1786718802.8738406,86.620001065,70,1430,14.42682303464207,0.0
1786718802.8984718,86.64000091499997,70,1430,14.431800025473876,0.0
1786718802.9138184,86.66000107899993,70,1430,14.431800025473876,0.0
1786718802.937177,86.68000091099998,70,1430,14.436606104505131,0.0
1786718802.957152,86.70000092700002,70,1430,14.436606104505131,0.0
1786718802.9738514,86.720001314,70,1430,14.436606104505131,0.0
1786718802.9984798,86.74000082999999,70,1430,14.436606104505131,0.0
1786718803.0138288,86.76000121699997,70,1430,14.436606104505131,0.0
1786718803.0371792,86.78000088299996,70,1430,14.436606104505131,0.0
1786718803.057118,86.80000100999996,70,1430,14.436606104505131,0.0
1786718803.0739248,86.820001176,70,1430,14.436606104505131,0.0
1786718803.0984938,86.84000115499998,70,1430,14.436606104505131,0.0
1786718803.1138368,86.86000119100004,70,1430,14.436606104505131,0.0
1786718803.136493,86.88000091100002,70,1430,14.436606104505131,0.0
1786718803.1571991,86.90000114999998,70,1430,14.436606104505131,0.0
1786718803.1738346,86.92000094499997,70,1430,14.436606104505131,0.0
1786718803.198217,86.94000118400004,70,1430,14.431800025473876,0.0
1786718803.2138488,86.96000118199993,70,1430,14.431800025473876,0.0
1786718803.2365072,86.98000084800003,70,1430,14.431800025473876,0.0
1786718803.2571003,87.00000125299994,70,1430,14.431800025473876,0.0
1786718803.273839,87.02000088099999,70,1430,14.431800025473876,0.0
1786718803.2981822,87.04000091699993,70,1430,14.431800025473876,0.0
1786718803.3138494,87.06000093299997,70,1430,14.431800025473876,0.0
1786718803.3365417,87.08000100599997,70,1430,14.426053279986178,0.0
1786718803.355573,87.10000096700003,70,1430,14.426053279986178,0.0
1786718803.3738596,87.12000072499995,70,1430,14.426053279986178,0.0
1786718803.3981557,87.14000087099998,70,1430,14.426053279986178,0.0
1786718803.4138258,87.16000098099994,70,1430,14.426053279986178,0.0
1786718803.4365823,87.18000094199999,70,1430,14.426053279986178,0.0
1786718803.456483,87.20000099599997,70,1430,14.426053279986178,0.0
1786718803.473858,87.220001013,70,1430,14.426053279986178,0.0
1786718803.4981554,87.240000678,70,1430,14.426053279986178,0.0
1786718803.513827,87.26000101,70,1430,14.426053279986178,0.0
1786718803.5365324,87.28000102600004,70,1430,14.426053279986178,0.0
1786718803.556529,87.30000095100002,70,1430,14.426053279986178,0.0
1786718803.5738504,87.32000105999998,70,1430,14.426053279986178,0.0
1786718803.5972033,87.34000135500003,70,1430,14.421247079998636,0.0
1786718803.6138432,87.36000138999998,70,1430,14.421247079998636,0.0
1786718803.6360211,87.38000164799996,70,1430,14.416270377400593,0.0
1786718803.6565688,87.40000122000004,70,1430,14.416270377400593,0.0
1786718803.6738422,87.42000095899994,70,1430,14.416270377400593,0.0
1786718803.6983309,87.44000140200001,70,1430,14.416270377400593,0.0
1786718803.7139406,87.46000145599999,70,1430,14.416270377400593,0.0
1786718803.7365184,87.48000130599996,70,1430,14.416270377400593,0.0
1786718803.7565656,87.50000137899997,70,1430,14.416270377400593,0.0
1786718803.7738469,87.52000083999997,70,1430,14.416270377400593,0.0
1786718803.797384,87.54000063499996,70,1430,14.416270377400593,0.0
1786718803.8138566,87.56000092900001,70,1430,14.416270377400593,0.0
1786718803.8358774,87.58000089099994,70,1430,14.406487220283339,0.0
1786718803.8553362,87.60000114799993,70,1430,14.406487220283339,0.0
1786718803.8738208,87.620001054,70,1430,14.406487220283339,0.0
1786718803.8973434,87.64000084899999,70,1430,14.406487220283339,0.0
1786718803.9138744,87.660001051,70,1430,14.406487220283339,0.0
1786718803.9358788,87.68000099300002,70,1430,14.401680778572313,0.0
1786718803.9558682,87.70000117699999,70,1430,14.401680778572313,0.0
1786718803.9738297,87.720001046,70,1430,14.401680778572313,0.0
1786718803.9971502,87.74000102599996,70,1430,14.401680778572313,0.0
1786718804.0138354,87.76000094999995,70,1430,14.401680778572313,0.0
1786718804.0358744,87.78000122599997,70,1430,14.401680778572313,0.0
1786718804.0558426,87.80000079900003,70,1430,14.401680778572313,0.0
1786718804.073836,87.82000105700001,70,1430,14.401680778572313,0.0
1786718804.0975382,87.840000852,70,1430,14.401680778572313,0.0
1786718804.1138468,87.86000109199995,70,1430,14.401680778572313,0.0
1786718804.1357718,87.88000116399996,70,1430,14.401680778572313,0.0
1786718804.1558943,87.90000071899999,70,1430,14.401680778572313,0.0
1786718804.1739337,87.92000110599997,70,1430,14.401680778572313,0.0
1786718804.1976917,87.94000084599998,70,1430,14.406487220283339,0.0
1786718804.2138526,87.96000097399997,70,1430,14.406487220283339,0.0
1786718804.2358747,87.98000115799994,70,1430,14.406487220283339,0.0
1786718804.2558153,88.00000100800003,70,1430,14.406487220283339,0.0
1786718804.2738519,88.02000067400002,70,1430,14.406487220283339,0.0
1786718804.2975416,88.04000117199996,70,1430,14.406487220283339,0.0
1786718804.3138278,88.06000118999998,70,1430,14.406487220283339,0.0
1786718804.3359115,88.080001133,70,1430,14.406487220283339,0.0
1786718804.3561902,88.10000118699998,70,1430,14.406487220283339,0.0
1786718804.373869,88.12000111199995,70,1430,14.406487220283339,0.0
1786718804.3975375,88.14000075799993,70,1430,14.406487220283339,0.0
1786718804.4138362,88.16000068300002,70,1430,14.406487220283339,0.0
1786718804.4358525,88.18000075600003,70,1430,14.406487220283339,0.0
1786718804.455824,88.20000095800003,70,1430,14.406487220283339,0.0
1786718804.4738336,88.22000088300001,70,1430,14.406487220283339,0.0
1786718804.4975164,88.24000097399994,70,1430,14.406487220283339,0.0
1786718804.5138385,88.26000078799996,70,1430,14.406487220283339,0.0
1786718804.5359483,88.28000119399996,70,1430,14.406487220283339,0.0
1786718804.5559127,88.30000126699997,70,1430,14.406487220283339,0.0
1786718804.573836,88.32000072799997,70,1430,14.406487220283339,0.0
1786718804.5975628,88.34000102300001,70,1430,14.406487220283339,0.0
1786718804.6138527,88.360000818,70,1430,14.406487220283339,0.0
1786718804.6352954,88.38000153899998,70,1430,14.406487220283339,0.0
1786718804.6559436,88.40000081599999,70,1430,14.406487220283339,0.0
1786718804.6738508,88.42000118499993,70,1430,14.406487220283339,0.0
1786718804.6976805,88.44000120199996,70,1430,14.411464056519776,0.0
1786718804.7138257,88.460000756,70,1430,14.411464056519776,0.0
1786718804.7358944,88.48000088399999,70,1430,14.411464056519776,0.0
1786718804.755163,88.50000127199996,70,1430,14.411464056519776,0.0
1786718804.7738261,88.52000093699996,70,1430,14.411464056519776,0.0
1786718804.7967775,88.54000100999997,70,1430,14.411464056519776,0.0
1786718804.8138366,88.56000104600002,70,1430,14.411464056519776,0.0
1786718804.8351617,88.580000896,70,1430,14.411464056519776,0.0
1786718804.8551137,88.60000069099999,70,1430,14.411464056519776,0.0
1786718804.873844,88.62000093099994,70,1430,14.411464056519776,0.0
1786718804.8966708,88.64000085499993,70,1430,14.411464056519776,0.0
1786718804.91387,88.66000087299994,70,1430,14.411464056519776,0.0
1786718804.935666,88.68000075999998,70,1430,14.411464056519776,0.0
1786718804.9551654,88.70000105500003,70,1430,14.411464056519776,0.0
1786718804.973858,88.720000702,70,1430,14.411464056519776,0.0
1786718804.9968991,88.74000073799994,70,1430,14.411464056519776,0.0
1786718805.0138664,88.76000071800001,70,1430,14.411464056519776,0.0
1786718805.0356793,88.78000099500002,70,1430,14.416270377400593,0.0
1786718805.0544226,88.80000090099998,70,1430,14.416270377400593,0.0
1786718805.0738661,88.82000095599994,70,1430,14.416270377400593,0.0
1786718805.0969214,88.84000093600002,70,1430,14.416270377400593,0.0
1786718805.1138752,88.86000104699997,70,1430,14.416270377400593,0.0
1786718805.1343415,88.88000065699998,70,1430,14.416319181855556,0.0
1786718805.1552062,88.90000087800001,70,1430,14.416319181855556,0.0
1786718805.173875,88.920000803,70,1430,14.416319181855556,0.0
1786718805.1969411,88.94000089500003,70,1430,14.416319181855556,0.0
1786718805.2138565,88.96000072699997,70,1430,14.416319181855556,0.0
1786718805.235681,88.98000078199993,70,1430,14.426102112353362,0.0
1786718805.255123,89.00000111399993,70,1430,14.426102112353362,0.0
1786718805.2738485,89.02000094599998,70,1430,14.426102112353362,0.0
1786718805.2968976,89.04000072299993,70,1430,14.426102112353362,0.0
1786718805.3138645,89.060000963,70,1430,14.426102112353362,0.0
1786718805.335665,89.08000077700001,70,1430,14.42682303464207,0.0
1786718805.354495,89.10000072000003,70,1430,14.42682303464207,0.0
1786718805.373866,89.12000094099994,70,1430,14.42682303464207,0.0
1786718805.3961535,89.14000143999999,70,1430,14.42682303464207,0.0
1786718805.4138348,89.160000921,70,1430,14.42682303464207,0.0
1786718805.434937,89.18000093900002,70,1430,14.42682303464207,0.0
1786718805.454867,89.20000114100003,70,1430,14.42682303464207,0.0
1786718805.4732296,89.22000102899995,70,1430,14.42682303464207,0.0
1786718805.4960532,89.24000076899995,70,1430,14.42682303464207,0.0
1786718805.513253,89.26000097199994,70,1430,14.42682303464207,0.0
1786718805.5348017,89.28000087800001,70,1430,14.42682303464207,0.0
1786718805.5548267,89.30000083999994,70,1430,14.42682303464207,0.0
1786718805.5732625,89.32000098699996,70,1430,14.42682303464207,0.0
1786718805.5960581,89.34000098599995,70,1430,14.42682303464207,0.0
1786718805.6132507,89.36000130000002,70,1430,14.42682303464207,0.0
1786718805.6345646,89.38000144699993,70,1430,14.422016834654528,0.0
1786718805.654933,89.40000131700003,70,1430,14.422016834654528,0.0
1786718805.6732607,89.42000101999997,70,1430,14.422016834654528,0.0
1786718805.696088,89.44000081499996,70,1430,14.422016834654528,0.0
1786718805.713269,89.46000112900003,70,1430,14.422016834654528,0.0
1786718805.734866,89.48000101699995,70,1430,14.416270377400593,0.0
1786718805.7548566,89.50000129299997,70,1430,14.416270377400593,0.0
1786718805.77326,89.52000097799998,70,1430,14.416270377400593,0.0
1786718805.7960188,89.54000081000004,70,1430,14.416270377400593,0.0
1786718805.8132372,89.56000095699994,70,1430,14.416270377400593,0.0
1786718805.8347645,89.58000106700001,70,1430,14.416270377400593,0.0
1786718805.8547232,89.60000086299999,70,1430,14.416270377400593,0.0
1786718805.8731048,89.62000101000001,70,1430,14.416270377400593,0.0
1786718805.8958573,89.640000676,70,1430,14.421247079998636,0.0
1786718805.9130592,89.66000098899997,70,1430,14.421247079998636,0.0
1786718805.93461,89.68000098799996,70,1430,14.426053279986178,0.0
1786718805.9545841,89.70000104299993,70,1430,14.426053279986178,0.0
1786718805.9729853,89.72000122700001,70,1430,14.426053279986178,0.0
1786718805.9957235,89.74000107799998,70,1430,14.426053279986178,0.0
1786718806.0129147,89.76000120699996,70,1430,14.426053279986178,0.0
1786718806.0344489,89.78000087299995,70,1430,14.426053279986178,0.0
1786718806.0544024,89.80000089099997,70,1430,14.426053279986178,0.0
1786718806.0728247,89.820000983,70,1430,14.426053279986178,0.0
1786718806.0955906,89.840001056,70,1430,14.426053279986178,0.0
1786718806.112827,89.86000109299994,70,1430,14.426053279986178,0.0
1786718806.134056,89.88000085099998,70,1430,14.426053279986178,0.0
1786718806.1543398,89.90000088800002,70,1430,14.426053279986178,0.0
1786718806.1728199,89.920000813,70,1430,14.426053279986178,0.0
1786718806.1955004,89.94000097899993,70,1430,14.426053279986178,0.0
1786718806.2128088,89.96000094099998,70,1430,14.426053279986178,0.0
1786718806.234189,89.98000099599994,70,1430,14.426053279986178,0.0
